seed,experiment_id,budget,timesteps,checkpoint_kind,scenario,diversity,deterministic_contraction,teacher_regret,stochastic_regret,preservation_loss,stochastic_preservation_loss,agreement,stochastic_agreement,entropy,stochastic_contraction,kl_initial,kl_previous,action_flip
101,ImitationInit,262144,0,initial,baseline,0.3869952805453592,0.6130047194546407,3.454259335062736,5.124124817164204,0.0,0.0,0.8169900367068694,0.7527069,0.44306442,0.6072723,0.0,0.0,0.0
101,ImitationInit,262144,0,initial,severe_stress,0.2209705372616984,0.7790294627383015,2.313733082186874,3.638343744847472,0.0,0.0,0.8682842287694974,0.8340939,0.27474907,0.773807,0.0,0.0,0.0
101,ImitationInit,262144,512,post_update,baseline,0.393812270582066,0.606187729417934,3.348248023382792,5.146937542639089,-0.1060113116799441,0.0228127254748831,0.8175144205558469,0.75266486,0.44279632,0.6019058,0.0036115875,0.0036115875,0.0220241216570529
101,ImitationInit,262144,512,post_update,severe_stress,0.2261698440207972,0.7738301559792028,2.294828941601616,3.6673311862284663,-0.0189041405852571,0.0289874413809949,0.8639514731369151,0.8331554,0.27504095,0.7658633,0.0031097601,0.0031097601,0.0129982668977469
101,ImitationInit,262144,1024,post_update,baseline,0.4037755637126377,0.5962244362873623,3.3492267631567008,5.118787750582676,-0.1050325719060348,-0.0053370665815282,0.8122705820660724,0.75265896,0.43514395,0.5922776,0.0115267085,0.0062458115,0.0409019402202412
101,ImitationInit,262144,1024,post_update,severe_stress,0.2409012131715771,0.7590987868284229,2.713251558820589,3.799430648263432,0.3995184766337156,0.1610869034159603,0.8552859618717504,0.8275172,0.28214943,0.74816763,0.015491705,0.009271941,0.0268630849220103
101,ImitationInit,262144,2048,post_update,baseline,0.4037755637126377,0.5962244362873623,3.483130251477122,5.252028643140655,0.0288709164143859,0.1279038259764508,0.8117461982170949,0.7462292,0.4402621,0.5930594,0.024086617,0.014987048,0.059255374934452
101,ImitationInit,262144,2048,post_update,severe_stress,0.2417677642980935,0.7582322357019065,2.5756689264535257,3.888529856633979,0.2619358442666524,0.250186111786508,0.8587521663778163,0.82776505,0.28104678,0.74576324,0.01976588,0.009481756,0.0337954939341421
101,ImitationInit,262144,4096,post_update,baseline,0.4042999475616151,0.5957000524383849,3.610642007733107,5.154315954201098,0.1563826726703709,0.0301911370368932,0.7970634504457262,0.7364227,0.43433654,0.59367496,0.07459762,0.027486768,0.0996329313057157
101,ImitationInit,262144,4096,post_update,severe_stress,0.2512998266897747,0.7487001733102253,2.8895924126275023,3.929402611899632,0.5758593304406293,0.2910588670521594,0.8466204506065858,0.8238295,0.26571888,0.73875964,0.05030408,0.014316262,0.0667244367417677
101,ImitationInit,262144,8192,post_update,baseline,0.3838489774514945,0.6161510225485055,4.557204089774497,5.315768836314047,1.1029447547117606,0.1916440191498424,0.7598321971683272,0.7198605,0.42642206,0.61938757,0.16591331,0.048731115,0.1704247509176717
101,ImitationInit,262144,8192,post_update,severe_stress,0.2495667244367417,0.7504332755632582,3.19492505478258,4.01104439074754,0.8811919725957058,0.3727006459000685,0.8362218370883883,0.8207296,0.24791433,0.75151724,0.08835499,0.022798736,0.0979202772963604
101,ImitationInit,262144,16384,post_update,baseline,0.4478238070267436,0.5521761929732564,4.695433711117161,5.87197033842266,1.2411743760544247,0.7478455212584548,0.7493445201887782,0.7128452,0.38739353,0.5544133,0.19643363,0.09690757,0.1856318825380178
101,ImitationInit,262144,16384,post_update,severe_stress,0.2859618717504333,0.7140381282495667,3.59167174365657,4.450626266707128,1.277938661469696,0.812282521859656,0.8110918544194108,0.8016426,0.229005,0.7139174,0.16710998,0.055382676,0.1282495667244367
101,ImitationInit,262144,32768,post_update,baseline,0.3308862087047719,0.6691137912952281,5.385508465812693,5.851584837128471,1.9312491307499569,0.7274600199642671,0.7304667016255899,0.704659,0.3473326,0.65918434,0.3191484,0.19166276,0.2097535395909806
101,ImitationInit,262144,32768,post_update,severe_stress,0.2530329289428076,0.7469670710571924,3.661912123052169,4.309972347037546,1.3481790408652956,0.6716286021900745,0.8154246100519931,0.8045465,0.20202829,0.741475,0.1935657,0.07241894,0.121317157712305
101,ImitationInit,262144,65536,post_update,baseline,0.3633980073413738,0.6366019926586262,6.318704478362792,6.778299740759941,2.864445143300056,1.6541749235957366,0.7105401153644467,0.6960786,0.28064317,0.6277798,0.43084958,0.17925589,0.2475091767173571
101,ImitationInit,262144,65536,post_update,severe_stress,0.266897746967071,0.733102253032929,4.827761453104627,5.312761341610419,2.514028370917754,1.674417596762947,0.8136915077989602,0.8007235,0.19882369,0.72997034,0.271208,0.2005885,0.1481802426343154
101,ImitationInit,262144,131072,post_update,baseline,0.2931305715783954,0.7068694284216046,5.977465548675337,6.482128621575493,2.523206213612601,1.3580038044112877,0.6974305191400105,0.6795279,0.376668,0.68796194,0.45426568,0.24753024,0.2821185107498689
101,ImitationInit,262144,131072,post_update,severe_stress,0.2062391681109185,0.7937608318890814,4.530906748891775,5.0927611748249415,2.217173666704902,1.45441742997747,0.8093587521663779,0.7906666,0.21229132,0.7875146,0.33374128,0.20076686,0.1767764298093587
101,ImitationInit,262144,262144,post_update,baseline,0.2952281069743052,0.7047718930256948,5.04316067217865,6.215921207370183,1.5889013371159153,1.091796390205978,0.6921866806502359,0.65642405,0.48956817,0.6677662,0.46244076,0.43646193,0.2863135815416885
101,ImitationInit,262144,262144,post_update,severe_stress,0.1447140381282495,0.8552859618717504,3.756995280025541,4.415259490792297,1.4432621978386675,0.7769157459448248,0.8050259965337955,0.79141444,0.20392692,0.8346712,0.29738924,0.30849856,0.1715771230502599
101,ImitationInit,262144,221184,validation_selected,baseline,0.4090194022024122,0.5909805977975878,6.912226518941783,8.759299554190779,3.457967183879048,3.635174737026573,0.6313581541688515,0.60963535,0.5458196,0.5659267,0.63009083,0.28192294,0.3555322496067121
101,ImitationInit,262144,221184,validation_selected,severe_stress,0.2279029462738301,0.7720970537261699,5.342782127460075,6.304101869504205,3.0290490452732013,2.665758124656733,0.7582322357019065,0.7496157,0.26502344,0.7631671,0.36930355,0.18146932,0.2079722703639514
101,ImitationInit,262144,262144,final,baseline,0.2952281069743052,0.7047718930256948,5.04316067217865,6.215921207370183,1.5889013371159153,1.091796390205978,0.6921866806502359,0.65642405,0.48956817,0.6677662,0.46244076,0.0,0.2863135815416885
101,ImitationInit,262144,262144,final,severe_stress,0.1447140381282495,0.8552859618717504,3.756995280025541,4.415259490792297,1.4432621978386675,0.7769157459448248,0.8050259965337955,0.79141444,0.20392692,0.8346712,0.29738924,0.0,0.1715771230502599
202,ImitationInit,262144,0,initial,baseline,0.3959098059779758,0.6040901940220241,3.182917164581545,4.717577343316335,0.0,0.0,0.8280020975353959,0.7688326,0.39329773,0.59961504,0.0,0.0,0.0
202,ImitationInit,262144,0,initial,severe_stress,0.2175043327556326,0.7824956672443674,2.498584531729065,3.354905162114149,0.0,0.0,0.8726169844020797,0.8460816,0.23942553,0.77465975,0.0,0.0,0.0
202,ImitationInit,262144,512,post_update,baseline,0.4137388568432092,0.5862611431567908,3.348943644934112,4.877712758808533,0.1660264803525669,0.1601354154921982,0.8248557944415312,0.7643725,0.3994655,0.5810157,0.009080315,0.009080315,0.02674357629785
202,ImitationInit,262144,512,post_update,severe_stress,0.2348353552859619,0.7651646447140381,2.4435103565045666,3.4713737746803024,-0.055074175224498,0.1164686125661538,0.8726169844020797,0.84251475,0.24286868,0.7605505,0.009050559,0.009050559,0.0277296360485268
202,ImitationInit,262144,1024,post_update,baseline,0.4200314630309386,0.5799685369690614,3.52378672754708,5.035574595283024,0.3408695629655348,0.3179972519666898,0.8133193497640273,0.7556883,0.41069108,0.57911235,0.022795387,0.0077121267,0.0492920818038804
202,ImitationInit,262144,1024,post_update,severe_stress,0.2322357019064125,0.7677642980935875,2.612603996525213,3.669563954405573,0.114019464796148,0.3146587922914238,0.8674176776429809,0.8403163,0.24022093,0.7630883,0.01688567,0.0064410046,0.0320623916811091
202,ImitationInit,262144,2048,post_update,baseline,0.415836392239119,0.5841636077608809,3.646960613111188,5.076388266834018,0.4640434485296426,0.3588109235176828,0.8117461982170949,0.756735,0.39635316,0.5815442,0.039808523,0.01504978,0.063974829575249
202,ImitationInit,262144,2048,post_update,severe_stress,0.2339688041594454,0.7660311958405546,3.1256081239731763,3.8823747284195247,0.6270235922441117,0.5274695663053759,0.8561525129982669,0.83808315,0.23400371,0.761988,0.03761615,0.014307735,0.0615251299826689
202,ImitationInit,262144,4096,post_update,baseline,0.3691662296801258,0.6308337703198742,3.271467628914265,4.739754298341398,0.088550464332719,0.022176955025063,0.8117461982170949,0.7547636,0.40861645,0.62008154,0.05191415,0.029991262,0.0844257996853696
202,ImitationInit,262144,4096,post_update,severe_stress,0.2209705372616984,0.7790294627383015,2.846994072238859,3.760361877978443,0.3484095405097939,0.4054567158642945,0.8604852686308492,0.83712196,0.23362179,0.7748234,0.043729182,0.01305142,0.0545927209705372
202,ImitationInit,262144,8192,post_update,baseline,0.4063974829575248,0.5936025170424751,4.093670017225469,5.319164263882189,0.9107528526439248,0.6015869205658536,0.7949659150498165,0.75104094,0.3843897,0.5933844,0.093859844,0.047951624,0.1190351337178814
202,ImitationInit,262144,8192,post_update,severe_stress,0.2512998266897747,0.7487001733102253,3.0460830851626977,3.9538944194025145,0.5474985534336325,0.5989892572883653,0.8552859618717504,0.8356278,0.22938916,0.7485447,0.07029265,0.022098634,0.0719237435008665
202,ImitationInit,262144,16384,post_update,baseline,0.3723125327739905,0.6276874672260094,4.001381095315723,5.475205880499133,0.8184639307341772,0.7576285371827981,0.7850026219192449,0.7474732,0.38084427,0.61762625,0.1415443,0.10290059,0.1447299423177766
202,ImitationInit,262144,16384,post_update,severe_stress,0.2383015597920277,0.7616984402079723,2.751879405637318,3.6884115192916624,0.2532948739082531,0.3335063571775137,0.8535528596187175,0.83651525,0.20844279,0.7555751,0.0859522,0.04934128,0.0788561525129982
202,ImitationInit,262144,32768,post_update,baseline,0.3712637650760356,0.6287362349239644,5.017591271140788,6.078885119245341,1.8346741065592436,1.3613077759290066,0.7488201363398007,0.71741706,0.3680176,0.6169348,0.302426,0.16971563,0.21604614577871
202,ImitationInit,262144,32768,post_update,severe_stress,0.2634315424610052,0.7365684575389948,4.198981300281301,4.812977707012792,1.700396768552236,1.4580725448986438,0.8206239168110918,0.8127839,0.18598692,0.730423,0.22671022,0.107647374,0.1299826689774696
202,ImitationInit,262144,65536,post_update,baseline,0.3675930781331935,0.6324069218668065,5.783130953089423,7.374136547258312,2.6002137885078773,2.6565592039419768,0.713162034609334,0.68227994,0.43756762,0.6086641,0.40704778,0.319711,0.2496067121132669
202,ImitationInit,262144,65536,post_update,severe_stress,0.2530329289428076,0.7469670710571924,4.070746271513118,5.613085927702177,1.5721617397840535,2.2581807655880284,0.8076256499133448,0.79115623,0.26494253,0.7330776,0.28796747,0.25217065,0.1490467937608318
202,ImitationInit,262144,131072,post_update,baseline,0.2999475616151023,0.7000524383848977,6.034443919771444,6.7015799135957685,2.8515267551898984,1.9840025702794344,0.6722600943890928,0.6444109,0.3803558,0.6831485,0.8695427,0.5428952,0.3067645516518091
202,ImitationInit,262144,131072,post_update,severe_stress,0.2105719237435008,0.7894280762564991,5.898445086603416,6.156988804210921,3.39986055487435,2.802083642096773,0.7920277296360485,0.7849989,0.20394643,0.78379774,0.51040906,0.31913537,0.1767764298093587
202,ImitationInit,262144,262144,post_update,baseline,0.3308862087047719,0.6691137912952281,8.986479548396863,10.135757263397128,5.803562383815319,5.418179920080791,0.6423702149973781,0.6227958,0.39738414,0.6384053,1.1366395,0.4769409,0.3314105925537493
202,ImitationInit,262144,262144,post_update,severe_stress,0.1715771230502599,0.82842287694974,7.3326371570282305,8.031021087847002,4.834052625299167,4.676115925732852,0.7868284228769498,0.77856976,0.23718677,0.813845,0.5705799,0.40440014,0.1932409012131715
202,ImitationInit,262144,114688,validation_selected,baseline,0.3282642894598846,0.6717357105401154,6.328263162293808,7.92810421080148,3.145345997712262,3.210526867485144,0.6617724174095437,0.6349284,0.4263813,0.64280176,0.9237261,0.2954946,0.3114840062926062
202,ImitationInit,262144,114688,validation_selected,severe_stress,0.2331022530329289,0.766897746967071,5.749404352657468,7.465860850499408,3.250819820928402,4.11095568838526,0.8076256499133448,0.773873,0.29583937,0.74397063,0.4878456,0.45521885,0.1637781629116118
202,ImitationInit,262144,262144,final,baseline,0.3308862087047719,0.6691137912952281,8.986479548396863,10.135757263397128,5.803562383815319,5.418179920080791,0.6423702149973781,0.6227958,0.39738414,0.6384053,1.1366395,0.0,0.3314105925537493
202,ImitationInit,262144,262144,final,severe_stress,0.1715771230502599,0.82842287694974,7.3326371570282305,8.031021087847002,4.834052625299167,4.676115925732852,0.7868284228769498,0.77856976,0.23718677,0.813845,0.5705799,0.0,0.1932409012131715
303,ImitationInit,262144,0,initial,baseline,0.3817514420555846,0.6182485579444154,3.197216048375561,5.234618827440461,0.0,0.0,0.8222338751966439,0.74987507,0.456906,0.6094914,0.0,0.0,0.0
303,ImitationInit,262144,0,initial,severe_stress,0.2088388214904679,0.791161178509532,2.3095985318476675,3.620287875687191,0.0,0.0,0.8752166377816292,0.83239967,0.2832552,0.77448004,0.0,0.0,0.0
303,ImitationInit,262144,512,post_update,baseline,0.3691662296801258,0.6308337703198742,3.2718166786299685,5.1371105879589685,0.0746006302544077,-0.0975082394814917,0.8180388044048243,0.74912333,0.4535094,0.62253284,0.0048935153,0.0048935153,0.0277923439958049
303,ImitationInit,262144,512,post_update,severe_stress,0.2010398613518197,0.7989601386481803,2.3019332002806467,3.4551046449761382,-0.0076653315670204,-0.1651832307110531,0.8700173310225303,0.8330863,0.2809579,0.7861988,0.003750001,0.003750001,0.0190641247833622
303,ImitationInit,262144,1024,post_update,baseline,0.3791295228106974,0.6208704771893025,3.3241964299159164,5.250298921746197,0.1269803815403559,0.0156800943057348,0.8159412690089145,0.7430867,0.4679793,0.61397135,0.012877428,0.008426392,0.0403775563712637
303,ImitationInit,262144,1024,post_update,severe_stress,0.2209705372616984,0.7790294627383015,2.3828166444629795,3.5952539804039105,0.0732181126153122,-0.0250338952832806,0.8674176776429809,0.8287971,0.29162577,0.76933396,0.0075751566,0.0068075825,0.0311958405545927
303,ImitationInit,262144,2048,post_update,baseline,0.3927635028841112,0.6072364971158888,3.9079200963578287,5.762227597717634,0.7107040479822683,0.527608770277173,0.8007341373885685,0.7343132,0.4737816,0.5995329,0.026335146,0.012459197,0.0728893550078657
303,ImitationInit,262144,2048,post_update,severe_stress,0.2097053726169844,0.7902946273830156,2.461195256429493,3.837435437257065,0.1515967245818255,0.2171475615698735,0.8630849220103987,0.8239593,0.2961826,0.76993215,0.0141259795,0.00634399,0.0372616984402079
303,ImitationInit,262144,4096,post_update,baseline,0.4305191400104876,0.5694808599895124,4.56089537724443,6.593357705405494,1.363679328868869,1.358738877965033,0.7829050865233351,0.722103,0.47376886,0.560741,0.06240049,0.035219308,0.096486628211851
303,ImitationInit,262144,4096,post_update,severe_stress,0.2452339688041594,0.7547660311958405,3.05109746057341,4.3920644668335225,0.7414989287257422,0.7717765911463315,0.8483535528596187,0.81957006,0.28599223,0.74592364,0.04848317,0.031807486,0.0753899480069324
303,ImitationInit,262144,8192,post_update,baseline,0.3660199265862611,0.6339800734137389,4.162202432665988,5.643722511710445,0.9649863842904276,0.4091036842699839,0.7876245411641322,0.73157257,0.4419227,0.6239729,0.08035878,0.07425104,0.1331934976402727
303,ImitationInit,262144,8192,post_update,severe_stress,0.2521663778162911,0.7478336221837089,3.3088013067153024,4.187613486584907,0.9992027748676352,0.5673256108977165,0.841421143847487,0.82476425,0.24985243,0.7478122,0.081794985,0.026681574,0.097053726169844
303,ImitationInit,262144,16384,post_update,baseline,0.3387519664394336,0.6612480335605664,4.708343648153527,5.591151962199258,1.5111275997779654,0.3565331347587971,0.7540639748295752,0.72788,0.36713314,0.6511732,0.20340502,0.060213532,0.2034609334032512
303,ImitationInit,262144,16384,post_update,severe_stress,0.2417677642980935,0.7582322357019065,4.1050638692750665,4.817238649144124,1.7954653374273986,1.196950773456933,0.8370883882149047,0.8207505,0.20340173,0.7522242,0.19095758,0.050353613,0.1377816291161178
303,ImitationInit,262144,32768,post_update,baseline,0.3649711588883062,0.6350288411116938,4.982279674104172,5.995901896676608,1.785063625728611,0.7612830692361461,0.7425275301520713,0.72104895,0.33656484,0.62884754,0.27499622,0.08500053,0.2155217619297325
303,ImitationInit,262144,32768,post_update,severe_stress,0.2651646447140381,0.7348353552859619,4.927823844716276,5.475455096212844,2.618225312868608,1.8551672205256529,0.8258232235701907,0.8172898,0.18032609,0.7351381,0.24574266,0.07681504,0.1507798960138648
303,ImitationInit,262144,65536,post_update,baseline,0.3885684320922915,0.6114315679077085,4.381313339891034,7.357801657867578,1.1840972915154733,2.123182830427116,0.7477713686418458,0.689664,0.48104435,0.5902891,0.23917238,0.24699832,0.1934976402726796
303,ImitationInit,262144,65536,post_update,severe_stress,0.2270363951473136,0.7729636048526863,3.843746085660027,6.329440743432382,1.5341475538123592,2.709152867745192,0.8353552859618717,0.80150795,0.25622046,0.7509,0.22263953,0.1347557,0.1317157712305026
303,ImitationInit,262144,131072,post_update,baseline,0.4493969585736759,0.5506030414263241,8.999198861694508,10.45081628382904,5.801982813318948,5.21619745638858,0.6481384373361301,0.62958777,0.4260977,0.53159124,0.6279809,0.48682028,0.3398007341373886
303,ImitationInit,262144,131072,post_update,severe_stress,0.2487001733102253,0.7512998266897747,6.089340286737354,7.832039947952432,3.779741754889687,4.2117520722652415,0.7954939341421143,0.7765421,0.26115915,0.7316453,0.32834736,0.28435576,0.1819757365684575
303,ImitationInit,262144,262144,post_update,baseline,0.368117461982171,0.631882538017829,8.342650126816203,10.139430288404917,5.1454340784406405,4.904811460964454,0.6691137912952281,0.64363444,0.4695819,0.596852,0.56522447,0.27094203,0.3167278447823807
303,ImitationInit,262144,262144,post_update,severe_stress,0.1733102253032928,0.8266897746967071,5.715857083821152,6.802388002631847,3.406258551973485,3.1821001269446563,0.8093587521663779,0.7917912,0.22203399,0.81484854,0.26051846,0.23673384,0.1516464471403812
303,ImitationInit,262144,262144,validation_selected,baseline,0.3848977451494494,0.6151022548505506,8.96994001284215,10.67042555854063,5.772723964466591,5.435806731100171,0.6565285789197692,0.6389393,0.47534683,0.58627677,0.5895206,0.0041490016,0.3308862087047718
303,ImitationInit,262144,262144,validation_selected,severe_stress,0.1681109185441941,0.8318890814558059,6.115954509226849,6.985201040962934,3.806355977379181,3.364913165275743,0.8050259965337955,0.7909322,0.2137366,0.81784534,0.27953315,0.001987029,0.15684575389948
303,ImitationInit,262144,262144,final,baseline,0.368117461982171,0.631882538017829,8.342650126816203,10.139430288404917,5.1454340784406405,4.904811460964454,0.6691137912952281,0.64363444,0.4695819,0.596852,0.56522447,0.0,0.3167278447823807
303,ImitationInit,262144,262144,final,severe_stress,0.1733102253032928,0.8266897746967071,5.715857083821152,6.802388002631847,3.406258551973485,3.1821001269446563,0.8093587521663779,0.7917912,0.22203399,0.81484854,0.26051846,0.0,0.1516464471403812
404,ImitationInit,262144,0,initial,baseline,0.377556371263765,0.6224436287362349,3.326741287990225,4.951707143088221,0.0,0.0,0.8238070267435763,0.7635857,0.41441566,0.6124903,0.0,0.0,0.0
404,ImitationInit,262144,0,initial,severe_stress,0.2157712305025996,0.7842287694974004,2.7422042453893254,3.672339392808032,0.0,0.0,0.8674176776429809,0.8387764,0.24135762,0.7766452,0.0,0.0,0.0
404,ImitationInit,262144,512,post_update,baseline,0.3885684320922915,0.6114315679077085,3.4579191012045123,5.040116594756882,0.1311778132142874,0.0884094516686603,0.8217094913476665,0.7613211,0.41770697,0.60102654,0.0035634076,0.0035634076,0.0194022024121657
404,ImitationInit,262144,512,post_update,severe_stress,0.2244367417677643,0.7755632582322357,2.9231151269394813,3.837576591089253,0.1809108815501566,0.1652371982812216,0.8604852686308492,0.83621097,0.24378909,0.7656143,0.0034872515,0.0034872515,0.0147313691507798
404,ImitationInit,262144,1024,post_update,baseline,0.3807026743576298,0.6192973256423702,3.5475174657776023,4.979881276427557,0.2207761777873774,0.0281741333393358,0.8206607236497115,0.76431376,0.40348104,0.61097324,0.0097519,0.0062031383,0.0325117986366019
404,ImitationInit,262144,1024,post_update,severe_stress,0.2175043327556326,0.7824956672443674,2.976443233856477,3.809220277038887,0.2342389884671528,0.1368808842308561,0.8578856152512998,0.8383961,0.22936937,0.7724866,0.009674935,0.005989504,0.0199306759098786
404,ImitationInit,262144,2048,post_update,baseline,0.3654955427372837,0.6345044572627163,3.3666517796829805,4.994518900336101,0.0399104916927553,0.0428117572478798,0.8217094913476665,0.7615188,0.40852255,0.61996406,0.013128048,0.008387689,0.0424750917671735
404,ImitationInit,262144,2048,post_update,severe_stress,0.216637781629116,0.7833622183708839,3.089749456661913,3.9460921045828017,0.3475452112725887,0.2737527117747705,0.8561525129982669,0.8375599,0.21719295,0.7762,0.02264001,0.009172874,0.035528596187175
404,ImitationInit,262144,4096,post_update,baseline,0.3544834819087572,0.6455165180912428,3.530191916520597,4.944435597165607,0.2034506285303718,-0.0072715459226137,0.8101730466701625,0.7581312,0.3937537,0.62682235,0.036707595,0.018768314,0.0818038804404824
404,ImitationInit,262144,4096,post_update,severe_stress,0.2218370883882149,0.7781629116117851,3.0675125430117256,3.894164810729035,0.3253082976224009,0.2218254179210033,0.8578856152512998,0.83877015,0.22038786,0.77371854,0.02649242,0.006655469,0.0363951473136915
404,ImitationInit,262144,8192,post_update,baseline,0.3340325117986366,0.6659674882013634,3.917795737529108,4.768800916485066,0.591054449538883,-0.1829062266031541,0.7871001573151547,0.7443584,0.40746903,0.65140855,0.09220537,0.04692355,0.124278972207656
404,ImitationInit,262144,8192,post_update,severe_stress,0.2105719237435008,0.7894280762564991,2.8041973870572026,3.551984622693261,0.0619931416678776,-0.1203547701147704,0.8552859618717504,0.84123814,0.20199125,0.781632,0.066008575,0.02672071,0.0736568457538994
404,ImitationInit,262144,16384,post_update,baseline,0.3560566334556896,0.6439433665443104,3.736555277318829,4.859711182697077,0.4098139893286031,-0.091995960391145,0.7771368641845832,0.7395611,0.3894195,0.6359451,0.13784382,0.07931864,0.1573151546932354
404,ImitationInit,262144,16384,post_update,severe_stress,0.207105719237435,0.792894280762565,2.701548001185225,3.484802465526796,-0.0406562442040994,-0.1875369272812348,0.8613518197573656,0.8442204,0.18910402,0.7869517,0.08526365,0.028563263,0.0875216637781629
404,ImitationInit,262144,32768,post_update,baseline,0.324069218668065,0.675930781331935,5.1415661621292665,5.522578774795482,1.8148248741390411,0.5708716317072614,0.7357105401153644,0.72158635,0.30732748,0.66772217,0.29915023,0.12690052,0.2081803880440482
404,ImitationInit,262144,32768,post_update,severe_stress,0.1906412478336221,0.8093587521663779,2.77436949405036,3.4013211002907617,0.0321652486610345,-0.2710182925172694,0.8526863084922011,0.8388459,0.16418442,0.81010437,0.14896965,0.046313737,0.1031195840554592
404,ImitationInit,262144,65536,post_update,baseline,0.2973256423702149,0.702674357629785,5.519123728037427,5.89043666716254,2.1923824400472025,0.9387295240743182,0.7267960146827478,0.7092505,0.32293147,0.6888673,0.34899896,0.103008285,0.210277923439958
404,ImitationInit,262144,65536,post_update,severe_stress,0.1230502599653379,0.8769497400346621,3.0812451538260484,3.5816918649975,0.3390409084367235,-0.090647527810531,0.8292894280762565,0.82210106,0.17202352,0.8615426,0.24768025,0.13385803,0.1282495667244367
404,ImitationInit,262144,131072,post_update,baseline,0.276350288411117,0.723649711588883,7.117988686605774,8.12651123569198,3.791247398615549,3.1748040926037597,0.6895647614053487,0.67825633,0.3741643,0.68795514,0.496692,0.3820697,0.2684845306764551
404,ImitationInit,262144,131072,post_update,severe_stress,0.1143847487001733,0.8856152512998267,3.7835497913910903,4.711460356026346,1.0413455460017669,1.0391209632183145,0.8067590987868284,0.7963628,0.16474903,0.8673076,0.3889731,0.19225891,0.1629116117850953
404,ImitationInit,262144,262144,post_update,baseline,0.4777136864184583,0.5222863135815417,11.463976527534482,12.839694328266209,8.137235239544259,7.887987185177987,0.5794441531200839,0.56857264,0.48138562,0.5232103,1.0270349,0.84830177,0.4048243314105925
404,ImitationInit,262144,262144,post_update,severe_stress,0.1776429809358752,0.8223570190641247,7.287151469396016,8.822688334411556,4.544947224006693,5.150348941603523,0.74263431542461,0.73746103,0.23486994,0.8031137,0.5903304,0.431781,0.2261698440207972
404,ImitationInit,262144,237568,validation_selected,baseline,0.4399580492920818,0.5600419507079182,12.241479322294206,13.255234519258014,8.91473803430398,8.303527376169791,0.6502359727320398,0.6278688,0.44434118,0.54796374,0.7742753,0.37285563,0.3104352385946513
404,ImitationInit,262144,237568,validation_selected,severe_stress,0.1594454072790294,0.8405545927209706,7.290348189959615,8.643755744252708,4.548143944570291,4.971416351444675,0.7720970537261699,0.7632096,0.20428517,0.8268012,0.55802333,0.15374169,0.2019064124783362
404,ImitationInit,262144,262144,final,baseline,0.4777136864184583,0.5222863135815417,11.463976527534482,12.839694328266209,8.137235239544259,7.887987185177987,0.5794441531200839,0.56857264,0.48138562,0.5232103,1.0270349,0.0,0.4048243314105925
404,ImitationInit,262144,262144,final,severe_stress,0.1776429809358752,0.8223570190641247,7.287151469396016,8.822688334411556,4.544947224006693,5.150348941603523,0.74263431542461,0.73746103,0.23486994,0.8031137,0.5903304,0.0,0.2261698440207972
505,ImitationInit,262144,0,initial,baseline,0.3807026743576298,0.6192973256423702,3.408266879540607,5.474726889079933,0.0,0.0,0.8201363398007341,0.748988,0.4532932,0.6109038,0.0,0.0,0.0
505,ImitationInit,262144,0,initial,severe_stress,0.2079722703639515,0.7920277296360485,2.404205367526879,3.9574317345355534,0.0,0.0,0.8717504332755632,0.8326769,0.27917778,0.77956575,0.0,0.0,0.0
505,ImitationInit,262144,512,post_update,baseline,0.3843733613004719,0.615626638699528,3.3183605255909425,5.499366544679032,-0.0899063539496645,0.0246396555990987,0.8190875721027793,0.74888057,0.45539165,0.6087821,0.0023290378,0.0023290378,0.0214997378080755
505,ImitationInit,262144,512,post_update,severe_stress,0.2175043327556326,0.7824956672443674,2.3346567423418056,4.051124568269043,-0.0695486251850727,0.0936928337334887,0.8743500866551126,0.8314412,0.28512785,0.76938283,0.0026772746,0.0026772746,0.0164644714038128
505,ImitationInit,262144,1024,post_update,baseline,0.3801782905086524,0.6198217094913476,3.3546063458020123,5.578482869517314,-0.0536605337385945,0.1037559804373803,0.8175144205558469,0.7449853,0.4672924,0.613922,0.006901263,0.004055304,0.0319874147876245
505,ImitationInit,262144,1024,post_update,severe_stress,0.2097053726169844,0.7902946273830156,2.2783554362804934,3.940887341558768,-0.125849931246385,-0.0165443929767871,0.8743500866551126,0.8297777,0.28977463,0.77801734,0.0056360746,0.0054903287,0.0268630849220103
505,ImitationInit,262144,2048,post_update,baseline,0.3911903513371788,0.6088096486628212,3.799570751235191,5.957021531436202,0.3913038716945834,0.4822946423562685,0.8112218143681175,0.74250066,0.4587005,0.5989142,0.012486221,0.009130935,0.0450970110120608
505,ImitationInit,262144,2048,post_update,severe_stress,0.2157712305025996,0.7842287694974004,3.028028478473296,4.414546015002764,0.6238231109464171,0.4571142804672095,0.8526863084922011,0.8228805,0.27913007,0.7751487,0.021490742,0.017187549,0.0519930675909878
505,ImitationInit,262144,4096,post_update,baseline,0.3770319874147876,0.6229680125852124,3.283363160725201,5.310769810357924,-0.1249037188154051,-0.1639570787220097,0.8185631882538018,0.7525519,0.43283802,0.6209785,0.017598558,0.018706635,0.0540115364446775
505,ImitationInit,262144,4096,post_update,severe_stress,0.2123050259965337,0.7876949740034662,2.863304077457188,4.310401327702016,0.4590987099303096,0.3529695931664606,0.8596187175043327,0.8265557,0.25510624,0.77884346,0.04176259,0.011226701,0.0649913344887348
505,ImitationInit,262144,8192,post_update,baseline,0.3518615626638699,0.6481384373361301,3.548766774551011,5.253496816145839,0.1404998950104044,-0.2212300729340932,0.8070267435762979,0.7505205,0.41646594,0.64096683,0.049333323,0.03644551,0.0922915574200314
505,ImitationInit,262144,8192,post_update,severe_stress,0.2183708838821491,0.7816291161178509,3.0275317073569763,4.365609351238295,0.623326339830098,0.4081776167027401,0.8483535528596187,0.8223933,0.2570547,0.77364045,0.056965984,0.021307673,0.0831889081455806
505,ImitationInit,262144,16384,post_update,baseline,0.3377031987414788,0.6622968012585212,3.198579383913656,5.455988504643965,-0.2096874956269511,-0.0187383844359674,0.7876245411641322,0.7341719,0.44191462,0.6427986,0.09296073,0.050469782,0.124278972207656
505,ImitationInit,262144,16384,post_update,severe_stress,0.2530329289428076,0.7469670710571924,3.81758547441464,5.258445065699703,1.4133801068877616,1.301013331164148,0.8379549393414212,0.8136724,0.27032387,0.73645645,0.08458068,0.08543569,0.0927209705372617
505,ImitationInit,262144,32768,post_update,baseline,0.2260094389092816,0.7739905610907184,3.812326662696609,4.995808088639873,0.4040597831560017,-0.4789188004400606,0.7482957524908233,0.72035515,0.4170589,0.72352564,0.2241984,0.14720584,0.2071316203460933
505,ImitationInit,262144,32768,post_update,severe_stress,0.15684575389948,0.8431542461005199,3.214817844875697,3.995425924834064,0.8106124773488183,0.0379941902985084,0.8431542461005199,0.8305709,0.22079465,0.8242576,0.11945631,0.1433395,0.1169844020797227
505,ImitationInit,262144,65536,post_update,baseline,0.3282642894598846,0.6717357105401154,4.096572816857974,6.25223947669249,0.6883059373173673,0.7775125876125568,0.7378080755112743,0.69679445,0.4923305,0.62737185,0.22267133,0.23177776,0.2118510749868904
505,ImitationInit,262144,65536,post_update,severe_stress,0.1741767764298093,0.8258232235701907,2.7405335211241013,4.092062652551348,0.3363281535972229,0.1346309180157939,0.841421143847487,0.8132454,0.28308454,0.7966901,0.108966544,0.1699345,0.1161178509532062
505,ImitationInit,262144,131072,post_update,baseline,0.448348190875721,0.551651809124279,8.428757106411412,10.506643645007436,5.020490226870805,5.031916755927503,0.6858940744625066,0.653669,0.46529886,0.5413169,0.55216527,0.5283267,0.2522286313581541
505,ImitationInit,262144,131072,post_update,severe_stress,0.2521663778162911,0.7478336221837089,6.3654385810139615,8.262455177682762,3.961233213487082,4.305023443147207,0.8145580589254766,0.7859349,0.29993927,0.72926235,0.32334685,0.31726697,0.1499133448873483
505,ImitationInit,262144,262144,post_update,baseline,0.3120083901415836,0.6879916098584163,12.698085029503105,14.69354691635145,9.289818149962498,9.218820027271518,0.5820660723649712,0.5715934,0.47932118,0.66620064,0.9636611,0.7683756,0.3953854221289984
505,ImitationInit,262144,262144,post_update,severe_stress,0.1837088388214904,0.8162911611785095,11.04555502685437,13.05766157261771,8.641349659327492,9.100229838082152,0.74263431542461,0.72433454,0.26314488,0.79425967,0.70677656,0.53463894,0.231369150779896
505,ImitationInit,262144,188416,validation_selected,baseline,0.3592029365495542,0.6407970634504457,11.396370930315504,12.88744309421684,7.988104050774895,7.412716205136906,0.6512847404299947,0.6289276,0.470545,0.6184334,0.70132834,0.3607549,0.3114840062926062
505,ImitationInit,262144,188416,validation_selected,severe_stress,0.2755632582322357,0.7244367417677643,11.387356548798511,13.349807893147176,8.983151181271634,9.39237615861162,0.7512998266897747,0.72962457,0.32229206,0.70929694,0.69257766,0.41908088,0.2287694974003466
505,ImitationInit,262144,262144,final,baseline,0.3120083901415836,0.6879916098584163,12.698085029503105,14.69354691635145,9.289818149962498,9.218820027271518,0.5820660723649712,0.5715934,0.47932118,0.66620064,0.9636611,0.0,0.3953854221289984
505,ImitationInit,262144,262144,final,severe_stress,0.1837088388214904,0.8162911611785095,11.04555502685437,13.05766157261771,8.641349659327492,9.100229838082152,0.74263431542461,0.72433454,0.26314488,0.79425967,0.70677656,0.0,0.231369150779896
101,RandomInit,262144,0,initial,baseline,0.4006292606187729,0.0450970110120608,214.01057441020063,127.8917539139849,0.0,0.0,0.1001573151546932,0.19998817,1.6094353,0.19996865,0.0,0.0,0.0
101,RandomInit,262144,0,initial,severe_stress,0.0641247833622183,0.0164644714038128,330.07806867915457,183.22103488969657,0.0,0.0,0.0450606585788561,0.19989055,1.6094342,0.19986317,0.0,0.0,0.0
101,RandomInit,262144,512,post_update,baseline,0.1132669113791294,0.8867330886208705,17.8059505778844,124.98779551590228,-196.20462383231623,-2.903958398082591,0.5469323544834819,0.20708108,1.608309,0.21179943,0.0011015136,0.0011015136,0.9549029889879392
101,RandomInit,262144,512,post_update,severe_stress,0.1984402079722703,0.8015597920277296,19.85043660574964,179.2131396711735,-310.227632073405,-4.0078952185230845,0.6741767764298093,0.20784222,1.6084543,0.20919214,0.000965607,0.000965607,0.9835355285961872
101,RandomInit,262144,1024,post_update,baseline,0.0,1.0,8.489740878490139,120.32933150263476,-205.5208335317105,-7.56242241135012,0.6182485579444154,0.21809103,1.6039068,0.23075888,0.0055113765,0.0018339012,0.9549029889879392
101,RandomInit,262144,1024,post_update,severe_stress,0.1464471403812824,0.8535528596187175,20.337624059848604,172.76761355336998,-309.74044461930595,-10.45342133632659,0.744367417677643,0.22060798,1.6047951,0.22398506,0.004660155,0.0015650559,0.9835355285961872
101,RandomInit,262144,2048,post_update,baseline,0.0,1.0,8.489740878490139,103.20602680999228,-205.5208335317105,-24.6857271039926,0.6182485579444154,0.2606341,1.5555459,0.30889776,0.053957567,0.02852331,0.9549029889879392
101,RandomInit,262144,2048,post_update,severe_stress,0.0,1.0,4.995617123182767,148.31268981894394,-325.0824515559718,-34.90834507075262,0.7772963604852686,0.2779076,1.5632845,0.29963633,0.046325665,0.025581544,0.9835355285961872
101,RandomInit,262144,4096,post_update,baseline,0.0,1.0,8.489740878490139,70.48202162766282,-205.5208335317105,-57.40973228632207,0.6182485579444154,0.35053656,1.3329971,0.47467628,0.27663597,0.08827149,0.9549029889879392
101,RandomInit,262144,4096,post_update,severe_stress,0.0,1.0,4.995617123182767,98.8861995513498,-325.0824515559718,-84.33483533834679,0.7772963604852686,0.4043099,1.3441541,0.47298786,0.26581433,0.093426526,0.9835355285961872
101,RandomInit,262144,8192,post_update,baseline,0.0,1.0,8.489740878490139,28.261385864334613,-205.5208335317105,-99.63036804965029,0.6182485579444154,0.5355274,0.6680865,0.83126694,0.94148517,0.2789863,0.9549029889879392
101,RandomInit,262144,8192,post_update,severe_stress,0.0,1.0,4.995617123182767,35.41775013021892,-325.0824515559718,-147.80328475947766,0.7772963604852686,0.65822697,0.67935675,0.8279217,0.93068343,0.2753325,0.9835355285961872
101,RandomInit,262144,16384,post_update,baseline,0.0,1.0,8.489740878490139,12.118874593503696,-205.5208335317105,-115.7728793204812,0.6182485579444154,0.6037909,0.16295269,0.97198063,1.4466624,0.10771713,0.9549029889879392
101,RandomInit,262144,16384,post_update,severe_stress,0.0,1.0,4.995617123182767,10.485950624288131,-325.0824515559718,-172.73508426540846,0.7772963604852686,0.757317,0.16331248,0.9719177,1.4468213,0.11097649,0.9835355285961872
101,RandomInit,262144,32768,post_update,baseline,0.0,1.0,8.489740878490139,10.144714543172482,-205.5208335317105,-117.7470393708124,0.6182485579444154,0.6113833,0.087835506,0.98655707,1.521769,0.0048944172,0.9549029889879392
101,RandomInit,262144,32768,post_update,severe_stress,0.0,1.0,4.995617123182767,7.527771596737319,-325.0824515559718,-175.69326329295927,0.7772963604852686,0.7676375,0.089674816,0.9862289,1.5204545,0.0046935785,0.9835355285961872
101,RandomInit,262144,65536,post_update,baseline,0.0,1.0,8.489740878490139,8.92075151012452,-205.5208335317105,-118.97100240386035,0.6182485579444154,0.61653626,0.026919154,0.99663913,1.5826768,0.005801003,0.9549029889879392
101,RandomInit,262144,65536,post_update,severe_stress,0.0,1.0,4.995617123182767,5.657871229444736,-325.0824515559718,-177.56316366025186,0.7772963604852686,0.77486765,0.02766532,0.99653274,1.5824567,0.005911695,0.9835355285961872
101,RandomInit,262144,131072,post_update,baseline,0.0,1.0,8.489740878490139,9.571761126784322,-205.5208335317105,-118.31999278720056,0.6182485579444154,0.6125414,0.20949176,0.95420593,1.4001145,0.11177079,0.9549029889879392
101,RandomInit,262144,131072,post_update,severe_stress,0.0,1.0,4.995617123182767,6.256821603406311,-325.0824515559718,-176.96421328629026,0.7772963604852686,0.7713312,0.08489342,0.9850833,1.5252377,0.021453487,0.9835355285961872
101,RandomInit,262144,262144,post_update,baseline,0.4278972207656004,0.5721027792343996,8.953569752071934,12.428845735133278,-205.05700465812876,-115.4629081788516,0.5500786575773466,0.53517455,0.4646513,0.56199664,1.144784,1.2175162,0.9475616151022548
101,RandomInit,262144,262144,post_update,severe_stress,0.231369150779896,0.7686308492201039,5.912052591462738,10.357820539207838,-324.16601608769184,-172.86321435048873,0.7218370883882149,0.70102495,0.36699477,0.75140613,1.2432449,0.85392874,0.9904679376083187
101,RandomInit,262144,262144,validation_selected,baseline,0.4278972207656004,0.5721027792343996,8.953569752071934,12.428845735133278,-205.05700465812876,-115.4629081788516,0.5500786575773466,0.53517455,0.4646513,0.56199664,1.144784,0.0,0.9475616151022548
101,RandomInit,262144,262144,validation_selected,severe_stress,0.231369150779896,0.7686308492201039,5.912052591462738,10.357820539207838,-324.16601608769184,-172.86321435048873,0.7218370883882149,0.70102495,0.36699477,0.75140613,1.2432449,0.0,0.9904679376083187
101,RandomInit,262144,262144,final,baseline,0.4278972207656004,0.5721027792343996,8.953569752071934,12.428845735133278,-205.05700465812876,-115.4629081788516,0.5500786575773466,0.53517455,0.4646513,0.56199664,1.144784,0.0,0.9475616151022548
101,RandomInit,262144,262144,final,severe_stress,0.231369150779896,0.7686308492201039,5.912052591462738,10.357820539207838,-324.16601608769184,-172.86321435048873,0.7218370883882149,0.70102495,0.36699477,0.75140613,1.2432449,0.0,0.9904679376083187
202,RandomInit,262144,0,initial,baseline,0.1929732564237021,0.0,225.19527925729912,128.00368741550443,0.0,0.0,0.0723649711588883,0.19994715,1.6094282,0.20006713,0.0,0.0,0.0
202,RandomInit,262144,0,initial,severe_stress,0.0875216637781629,0.0,332.9795393355765,183.41718456576228,0.0,0.0,0.0216637781629116,0.19977428,1.6094252,0.19979826,0.0,0.0,0.0
202,RandomInit,262144,512,post_update,baseline,0.0,0.0,74.162657521247,126.72837419233105,-151.03262173605214,-1.2753132231733872,0.1195595175668589,0.20095532,1.6090381,0.2023337,0.00044882417,0.00044882417,1.0
202,RandomInit,262144,512,post_update,severe_stress,0.048526863084922,0.048526863084922,103.91759810325352,181.7442157767143,-229.0619412323229,-1.672968789048021,0.095320623916811,0.20122452,1.6091299,0.20162083,0.0003339158,0.0003339158,1.0
202,RandomInit,262144,1024,post_update,baseline,0.4247509176717357,0.5752490823282643,61.239560118537135,122.65587343520862,-163.95571913876202,-5.347813980295834,0.312532773990561,0.20954236,1.6072593,0.21578434,0.002383318,0.0013865522,1.0
202,RandomInit,262144,1024,post_update,severe_stress,0.2998266897746967,0.2998266897746967,87.91516876166754,176.20864556556387,-245.0643705739089,-7.208539000198422,0.2694974003466204,0.21046372,1.6077979,0.21256879,0.001820318,0.0010379127,1.0
202,RandomInit,262144,2048,post_update,baseline,0.0,1.0,8.489740878490139,112.88699397055515,-216.705538378809,-15.1166934449493,0.6182485579444154,0.23933645,1.5865083,0.2697545,0.023275789,0.015237262,1.0
202,RandomInit,262144,2048,post_update,severe_stress,0.0,1.0,4.995617123182767,162.21730359332156,-327.9839222123937,-21.19988097244076,0.7772963604852686,0.24673066,1.5916224,0.2593408,0.018283295,0.012406526,1.0
202,RandomInit,262144,4096,post_update,baseline,0.0,1.0,8.489740878490139,73.55595477392286,-216.705538378809,-54.44773264158159,0.6182485579444154,0.36304048,1.3648516,0.49648577,0.24521434,0.12995517,1.0
202,RandomInit,262144,4096,post_update,severe_stress,0.0,1.0,4.995617123182767,104.57802913010384,-327.9839222123937,-78.83915543565845,0.7772963604852686,0.4119374,1.3894836,0.47983035,0.22105193,0.124096915,1.0
202,RandomInit,262144,8192,post_update,baseline,0.0,1.0,8.489740878490139,37.46795549152296,-216.705538378809,-90.53573192398149,0.6182485579444154,0.48663148,0.8879142,0.7306316,0.72215617,0.13621664,1.0
202,RandomInit,262144,8192,post_update,severe_stress,0.0,1.0,4.995617123182767,49.30327246054188,-327.9839222123937,-134.11391210522044,0.7772963604852686,0.58611625,0.9116226,0.72093105,0.6993913,0.14389499,1.0
202,RandomInit,262144,16384,post_update,baseline,0.0,1.0,8.489740878490139,14.060774086031715,-216.705538378809,-113.94291332947272,0.6182485579444154,0.58805203,0.29450506,0.93613154,1.3149025,0.14458343,1.0
202,RandomInit,262144,16384,post_update,severe_stress,0.0,1.0,4.995617123182767,14.182124218129848,-327.9839222123937,-169.23506034763244,0.7772963604852686,0.7299418,0.33315927,0.92541283,1.2774956,0.13809994,1.0
202,RandomInit,262144,32768,post_update,baseline,0.0,1.0,8.489740878490139,12.148993729286364,-216.705538378809,-115.85469368621808,0.6182485579444154,0.5976877,0.21691193,0.95600396,1.3923938,0.0067188,1.0
202,RandomInit,262144,32768,post_update,severe_stress,0.0,1.0,4.995617123182767,10.913098004162888,-327.9839222123937,-172.50408656159942,0.7772963604852686,0.7463874,0.23454629,0.9516113,1.3760154,0.008907298,1.0
202,RandomInit,262144,65536,post_update,baseline,0.0,1.0,8.489740878490139,8.9688315079156,-216.705538378809,-119.03485590758883,0.6182485579444154,0.615298,0.04503825,0.99328506,1.5640969,0.025678178,1.0
202,RandomInit,262144,65536,post_update,severe_stress,0.0,1.0,4.995617123182767,5.7690496276328735,-327.9839222123937,-177.64813493812946,0.7772963604852686,0.77295494,0.0483113,0.99268466,1.5621551,0.028542103,1.0
202,RandomInit,262144,131072,post_update,baseline,0.0702674357629784,0.9297325642370216,8.23344791898537,10.392006033862351,-216.9618313383138,-117.61168138164209,0.6177241740954379,0.5931582,0.49359775,0.8152528,1.1159257,0.6961314,1.0
202,RandomInit,262144,131072,post_update,severe_stress,0.0121317157712305,0.9878682842287696,5.102193570756611,6.825178785966036,-327.8773457648199,-176.59200577979627,0.7755632582322357,0.7625735,0.22887956,0.93219554,1.3816421,0.1708278,1.0
202,RandomInit,262144,262144,post_update,baseline,0.1442055584687991,0.8557944415312009,8.352547993662682,9.781634410053222,-216.84273126363644,-118.22205300545124,0.5951756685894074,0.59229517,0.37930098,0.81228286,1.2303765,0.107886255,1.0
202,RandomInit,262144,262144,post_update,severe_stress,0.0164644714038127,0.9835355285961872,4.743714147071892,5.3785077887864245,-328.2358251885046,-178.0386767769759,0.7790294627383015,0.77358294,0.10269342,0.9624258,1.5078045,0.04111215,1.0
202,RandomInit,262144,196608,validation_selected,baseline,0.4179339276350288,0.5820660723649712,9.84975761898172,15.900159610242792,-215.34552163831745,-112.10352780526163,0.5464079706345044,0.5315544,0.66614884,0.5586334,0.94518936,0.65489095,1.0
202,RandomInit,262144,196608,validation_selected,severe_stress,0.095320623916811,0.9046793760831888,5.524096574619002,10.074554187692222,-327.45544276095745,-173.34263037807008,0.755632582322357,0.7277754,0.33164683,0.852487,1.2794232,0.2808024,1.0
202,RandomInit,262144,262144,final,baseline,0.1442055584687991,0.8557944415312009,8.352547993662682,9.781634410053222,-216.84273126363644,-118.22205300545124,0.5951756685894074,0.59229517,0.37930098,0.81228286,1.2303765,0.0,1.0
202,RandomInit,262144,262144,final,severe_stress,0.0164644714038127,0.9835355285961872,4.743714147071892,5.3785077887864245,-328.2358251885046,-178.0386767769759,0.7790294627383015,0.77358294,0.10269342,0.9624258,1.5078045,0.0,1.0
303,RandomInit,262144,0,initial,baseline,0.4179339276350288,0.3324593602517042,98.856626456874,127.70566723015868,0.0,0.0,0.3083377031987415,0.20026255,1.6094346,0.20039643,0.0,0.0,0.0
303,RandomInit,262144,0,initial,severe_stress,0.3214904679376082,0.1776429809358752,142.14434507413,182.88423487086845,0.0,0.0,0.2668977469670711,0.20029955,1.6094339,0.20031069,0.0,0.0,0.0
303,RandomInit,262144,512,post_update,baseline,0.0,1.0,8.489740878490139,121.8216126399604,-90.36688557838389,-5.884054590198258,0.6182485579444154,0.21548928,1.6056014,0.22909342,0.003789321,0.003789321,0.6675406397482958
303,RandomInit,262144,512,post_update,severe_stress,0.0,1.0,4.995617123182767,175.00652474051577,-137.14872795094723,-7.877710130352667,0.7772963604852686,0.21912861,1.6064789,0.22457701,0.002919878,0.002919878,0.8223570190641247
303,RandomInit,262144,1024,post_update,baseline,0.0,1.0,8.489740878490139,118.22992449010913,-90.36688557838389,-9.47574274004954,0.6182485579444154,0.22462508,1.6000769,0.24700445,0.009266687,0.0015483276,0.6675406397482958
303,RandomInit,262144,1024,post_update,severe_stress,0.0,1.0,4.995617123182767,170.07916845776592,-137.14872795094723,-12.805066413102493,0.7772963604852686,0.23100175,1.6022354,0.24035215,0.007120802,0.0012350184,0.8223570190641247
303,RandomInit,262144,2048,post_update,baseline,0.0015731515469323,0.9984268484530676,8.489740878490139,102.71619312681942,-90.36688557838389,-24.98947410333926,0.6182485579444154,0.24838786,1.5536901,0.28583506,0.05535546,0.02448753,0.6675406397482958
303,RandomInit,262144,2048,post_update,severe_stress,0.0346620450606586,0.9653379549393414,5.297251180592668,147.99012179247853,-136.84709389353733,-34.89411307838993,0.7642980935875217,0.261276,1.5639757,0.27775612,0.04505503,0.020332746,0.8223570190641247
303,RandomInit,262144,4096,post_update,baseline,0.275301520713162,0.724698479286838,9.176383143042486,70.28471934524366,-89.68024331383153,-57.42094788491501,0.5852123754588359,0.31051034,1.2928252,0.3947939,0.31579635,0.115840144,0.7598321971683272
303,RandomInit,262144,4096,post_update,severe_stress,0.3682842287694974,0.6317157712305026,22.033498794581188,100.85680212560273,-120.11084627954878,-82.02743274526573,0.6005199306759099,0.34205267,1.3329965,0.38032097,0.2755724,0.105341576,0.8024263431542461
303,RandomInit,262144,8192,post_update,baseline,0.0,1.0,8.489740878490139,31.84739512561444,-90.36688557838389,-95.85827210454424,0.6182485579444154,0.4959757,0.78154355,0.758298,0.8263627,0.2757764,0.6675406397482958
303,RandomInit,262144,8192,post_update,severe_stress,0.0,1.0,4.995617123182767,41.44432966613058,-137.14872795094723,-141.43990520473787,0.7772963604852686,0.60070115,0.81602734,0.74391735,0.79210067,0.27759105,0.8223570190641247
303,RandomInit,262144,16384,post_update,baseline,0.0,1.0,8.489740878490139,17.326704146673155,-90.36688557838389,-110.37896308348552,0.6182485579444154,0.57487744,0.3862615,0.9137402,1.2213624,0.08269283,0.6675406397482958
303,RandomInit,262144,16384,post_update,severe_stress,0.0,1.0,4.995617123182767,19.048130823626977,-137.14872795094723,-163.83610404724146,0.7772963604852686,0.7129251,0.41623688,0.90503734,1.191749,0.08454018,0.8223570190641247
303,RandomInit,262144,32768,post_update,baseline,0.0,1.0,8.489740878490139,9.344885811510355,-90.36688557838389,-118.36078141864832,0.6182485579444154,0.61362356,0.06158456,0.9906305,1.5458909,0.059580248,0.6675406397482958
303,RandomInit,262144,32768,post_update,severe_stress,0.0,1.0,4.995617123182767,6.34402107282772,-137.14872795094723,-176.54021379804072,0.7772963604852686,0.77042246,0.06628562,0.9897849,1.54161,0.066268444,0.8223570190641247
303,RandomInit,262144,65536,post_update,baseline,0.0,1.0,8.489740878490139,9.380708565793787,-90.36688557838389,-118.32495866436489,0.6182485579444154,0.6125105,0.07729888,0.9870498,1.5301853,0.0012713271,0.6675406397482958
303,RandomInit,262144,65536,post_update,severe_stress,0.0,1.0,4.995617123182767,6.531744832149808,-137.14872795094723,-176.35249003871863,0.7772963604852686,0.76768696,0.090159595,0.9843432,1.5177425,0.0023205802,0.8223570190641247
303,RandomInit,262144,131072,post_update,baseline,0.0,1.0,8.489740878490139,8.64381825781302,-90.36688557838389,-119.06184897234564,0.6182485579444154,0.6172315,0.028335111,0.9959725,1.5791357,0.0057736733,0.6675406397482958
303,RandomInit,262144,131072,post_update,severe_stress,0.0,1.0,4.995617123182767,5.273336113248453,-137.14872795094723,-177.61089875761994,0.7772963604852686,0.77545464,0.026070425,0.9962677,1.5818237,0.007923812,0.8223570190641247
303,RandomInit,262144,262144,post_update,baseline,0.2113266911379129,0.7886733088620871,8.483366811662533,11.138467861398258,-90.37325964521148,-116.5671993687604,0.578395385422129,0.56744206,0.49451274,0.74532694,1.1136556,1.0487778,0.7425275301520713
303,RandomInit,262144,262144,post_update,severe_stress,0.1126516464471404,0.8873483535528596,5.2287519721331455,11.23377657131504,-136.91559310199685,-171.6504582995534,0.7582322357019065,0.71503735,0.43065315,0.81093574,1.1774331,0.8242984,0.8223570190641247
303,RandomInit,262144,237568,validation_selected,baseline,0.0907184058730991,0.9092815941269008,8.430581200409902,10.229684040860375,-90.4260452564641,-117.47598318929828,0.6077608809648662,0.5913015,0.421091,0.8216637,1.1867949,0.10754581,0.6754063974829575
303,RandomInit,262144,237568,validation_selected,severe_stress,0.0493934142114385,0.9506065857885616,5.262656670104441,7.8347210616553715,-136.88168840402557,-175.04951380921307,0.7720970537261699,0.753786,0.26512793,0.8970864,1.342811,0.075272344,0.8223570190641247
303,RandomInit,262144,262144,final,baseline,0.2113266911379129,0.7886733088620871,8.483366811662533,11.138467861398258,-90.37325964521148,-116.5671993687604,0.578395385422129,0.56744206,0.49451274,0.74532694,1.1136556,0.0,0.7425275301520713
303,RandomInit,262144,262144,final,severe_stress,0.1126516464471404,0.8873483535528596,5.2287519721331455,11.23377657131504,-136.91559310199685,-171.6504582995534,0.7582322357019065,0.71503735,0.43065315,0.81093574,1.1774331,0.0,0.8223570190641247
404,RandomInit,262144,0,initial,baseline,0.4819087572102779,0.0,117.7743659062734,127.94905306937127,0.0,0.0,0.108023072889355,0.1995021,1.6094341,0.19899839,0.0,0.0,0.0
404,RandomInit,262144,0,initial,severe_stress,0.5753899480069324,0.0,174.93316756655162,183.25675138647065,0.0,0.0,0.0398613518197573,0.19939612,1.6094352,0.19920227,0.0,0.0,0.0
404,RandomInit,262144,512,post_update,baseline,0.0,1.0,8.489740878490139,123.73966758718116,-109.28462502778324,-4.20938548219013,0.6182485579444154,0.20980202,1.6081005,0.21682239,0.0014313876,0.0014313876,1.0
404,RandomInit,262144,512,post_update,severe_stress,0.0,1.0,4.995617123182767,177.21710505747993,-169.93755044336888,-6.039646328990721,0.7772963604852686,0.21203624,1.6082542,0.21487996,0.0012603939,0.0012603939,1.0
404,RandomInit,262144,1024,post_update,baseline,0.0,1.0,8.489740878490139,120.85145888670314,-109.28462502778324,-7.097594182668139,0.6182485579444154,0.21825197,1.6050949,0.2343621,0.00455041,0.0010629746,1.0
404,RandomInit,262144,1024,post_update,severe_stress,0.0,1.0,4.995617123182767,172.96085536900546,-169.93755044336888,-10.295896017465171,0.7772963604852686,0.22299314,1.6055247,0.22932476,0.0040698736,0.0009811808,1.0
404,RandomInit,262144,2048,post_update,baseline,0.0,1.0,8.489740878490139,111.61213235799237,-109.28462502778324,-16.336920711378934,0.6182485579444154,0.2548756,1.577505,0.30624577,0.032608338,0.014074199,1.0
404,RandomInit,262144,2048,post_update,severe_stress,0.0,1.0,4.995617123182767,159.956294847688,-169.93755044336888,-23.300456538782672,0.7772963604852686,0.27028358,1.583808,0.29316822,0.026116068,0.011327775,1.0
404,RandomInit,262144,4096,post_update,baseline,0.0,1.0,8.489740878490139,62.24121065418769,-109.28462502778324,-65.70784241518359,0.6182485579444154,0.4176563,1.1979569,0.6118985,0.41403446,0.20565736,1.0
404,RandomInit,262144,4096,post_update,severe_stress,0.0,1.0,4.995617123182767,87.58858312626455,-169.93755044336888,-95.66816826020607,0.7772963604852686,0.48939416,1.2327864,0.591684,0.37864318,0.19844547,1.0
404,RandomInit,262144,8192,post_update,baseline,0.0,1.0,8.489740878490139,24.47046186888819,-109.28462502778324,-103.47859120048308,0.6182485579444154,0.548288,0.5811387,0.8582088,1.0323871,0.16340216,1.0
404,RandomInit,262144,8192,post_update,severe_stress,0.0,1.0,4.995617123182767,30.035737071189143,-169.93755044336888,-153.2210143152815,0.7772963604852686,0.673579,0.6144571,0.8469043,0.9982132,0.16999729,1.0
404,RandomInit,262144,16384,post_update,baseline,0.0,1.0,8.489740878490139,14.384290111835792,-109.28462502778324,-113.56476295753548,0.6182485579444154,0.5928644,0.26947448,0.94794744,1.3446418,0.042367615,1.0
404,RandomInit,262144,16384,post_update,severe_stress,0.0,1.0,4.995617123182767,13.9534814620425,-169.93755044336888,-169.30326992442815,0.7772963604852686,0.74109924,0.2739634,0.9468169,1.339205,0.04971462,1.0
404,RandomInit,262144,32768,post_update,baseline,0.0,1.0,8.489740878490139,10.808158187652804,-109.28462502778324,-117.14089488171848,0.6182485579444154,0.60627514,0.14937428,0.9735299,1.4649097,0.010181069,1.0
404,RandomInit,262144,32768,post_update,severe_stress,0.0,1.0,4.995617123182767,8.880294264047086,-169.93755044336888,-174.37645712242357,0.7772963604852686,0.758383,0.16934659,0.96900564,1.4439392,0.0086022895,1.0
404,RandomInit,262144,65536,post_update,baseline,0.0,1.0,8.489740878490139,9.348336554950654,-109.28462502778324,-118.60071651442064,0.6182485579444154,0.6143475,0.059092186,0.99154544,1.5553125,0.009521371,1.0
404,RandomInit,262144,65536,post_update,severe_stress,0.0,1.0,4.995617123182767,6.4038499644115845,-169.93755044336888,-176.85290142205903,0.7772963604852686,0.77127844,0.06539159,0.99044317,1.5479989,0.011488989,1.0
404,RandomInit,262144,131072,post_update,baseline,0.0991085474567383,0.9008914525432616,8.488174084949025,10.62639361932512,-109.28619182132438,-117.32265945004616,0.5983219716832722,0.5824806,0.47191763,0.8143074,1.141284,0.5835943,0.982695332983744
404,RandomInit,262144,131072,post_update,severe_stress,0.1013864818024263,0.8986135181975736,5.1209904477965065,9.746993904348562,-169.81217711875513,-173.50975748212207,0.7599653379549394,0.7337465,0.40185982,0.8425561,1.2109227,0.4603944,0.9948006932409011
404,RandomInit,262144,262144,post_update,baseline,0.2066072364971158,0.7933927635028841,8.492407675025197,9.515222804767824,-109.2819582312482,-118.43383026460346,0.5789197692711064,0.5820462,0.44500107,0.76941764,1.1678686,0.05247185,0.94441531200839
404,RandomInit,262144,262144,post_update,severe_stress,0.0493934142114385,0.9506065857885616,4.744970273805561,6.238548688108497,-170.18819729274605,-177.01820269836216,0.770363951473137,0.7585135,0.24950776,0.9027056,1.3635172,0.042732332,0.9965337954939342
404,RandomInit,262144,180224,validation_selected,baseline,0.319349764027268,0.680650235972732,8.973832562311408,12.616922575852003,-108.800533343962,-115.33213049351929,0.5568956476140535,0.55412924,0.6156977,0.65792453,0.9964608,0.10884574,0.9181961195595176
404,RandomInit,262144,180224,validation_selected,severe_stress,0.1065857885615251,0.8934142114384749,5.12894078149646,9.510489654233222,-169.80422678505516,-173.7462617322374,0.7582322357019065,0.72957563,0.38240063,0.83711475,1.2303283,0.051462267,0.9948006932409011
404,RandomInit,262144,262144,final,baseline,0.2066072364971158,0.7933927635028841,8.492407675025197,9.515222804767824,-109.2819582312482,-118.43383026460346,0.5789197692711064,0.5820462,0.44500107,0.76941764,1.1678686,0.0,0.94441531200839
404,RandomInit,262144,262144,final,severe_stress,0.0493934142114385,0.9506065857885616,4.744970273805561,6.238548688108497,-170.18819729274605,-177.01820269836216,0.770363951473137,0.7585135,0.24950776,0.9027056,1.3635172,0.0,0.9965337954939342
505,RandomInit,262144,0,initial,baseline,0.1048767697954903,0.0,136.621433287536,127.82227079872295,0.0,0.0,0.1473518615626638,0.1996801,1.6094288,0.19928706,0.0,0.0,0.0
505,RandomInit,262144,0,initial,severe_stress,0.169844020797227,0.0,188.5816084514541,182.9973622578292,0.0,0.0,0.0701906412478336,0.19977349,1.6094273,0.19961858,0.0,0.0,0.0
505,RandomInit,262144,512,post_update,baseline,0.0,1.0,8.489740878490139,123.0923394543634,-128.13169240904583,-4.729931344359575,0.6182485579444154,0.2116487,1.60691,0.21785806,0.0024813227,0.0024813227,1.0
505,RandomInit,262144,512,post_update,severe_stress,0.4896013864818024,0.5103986135181976,59.36909738835835,176.48891462755475,-129.21251106309575,-6.508447630274462,0.5597920277296361,0.21287085,1.6073067,0.21481426,0.0020170007,0.0020170007,0.6637781629116117
505,RandomInit,262144,1024,post_update,baseline,0.0,1.0,8.489740878490139,116.63797834260568,-128.13169240904583,-11.184292456117284,0.6182485579444154,0.22398116,1.5978496,0.23711921,0.011454184,0.0036953145,1.0
505,RandomInit,262144,1024,post_update,severe_stress,0.0,1.0,4.995617123182767,167.09287858996393,-183.5859913282713,-15.90448366786528,0.7772963604852686,0.22765553,1.5994103,0.23256883,0.0097351335,0.003411814,1.0
505,RandomInit,262144,2048,post_update,baseline,0.0,1.0,8.489740878490139,93.52356014124128,-128.13169240904583,-34.298710657481706,0.6182485579444154,0.283451,1.5120658,0.34016997,0.097443104,0.044388402,1.0
505,RandomInit,262144,2048,post_update,severe_stress,0.0,1.0,4.995617123182767,133.64138232895164,-183.5859913282713,-49.35597992887756,0.7772963604852686,0.30165333,1.5236675,0.3268382,0.08534953,0.04010707,1.0
505,RandomInit,262144,4096,post_update,baseline,0.0,1.0,8.489740878490139,79.0332010824303,-128.13169240904583,-48.78906971629267,0.6182485579444154,0.34366113,1.404751,0.45501506,0.20517257,0.0326219,1.0
505,RandomInit,262144,4096,post_update,severe_stress,0.0,1.0,4.995617123182767,112.68823564640934,-183.5859913282713,-70.30912661141984,0.7772963604852686,0.37915453,1.4331497,0.42983145,0.17605937,0.027287861,1.0
505,RandomInit,262144,8192,post_update,baseline,0.0,1.0,8.489740878490139,32.77157646542067,-128.13169240904583,-95.0506943333023,0.6182485579444154,0.5137113,0.7757087,0.78696287,0.83605385,0.23866512,1.0
505,RandomInit,262144,8192,post_update,severe_stress,0.0,1.0,4.995617123182767,44.024478744272,-183.5859913282713,-138.97288351355718,0.7772963604852686,0.6154026,0.8458563,0.75717646,0.7645014,0.23120022,1.0
505,RandomInit,262144,16384,post_update,baseline,0.0,1.0,8.489740878490139,20.600671442594415,-128.13169240904583,-107.22159935612856,0.6182485579444154,0.54837984,0.52239984,0.85524637,1.0897244,0.04325635,1.0
505,RandomInit,262144,16384,post_update,severe_stress,0.0,1.0,4.995617123182767,23.992105745630745,-183.5859913282713,-159.00525651219843,0.7772963604852686,0.67309654,0.55439746,0.84230757,1.0561706,0.051628042,1.0
505,RandomInit,262144,32768,post_update,baseline,0.0,1.0,8.489740878490139,18.49862250591424,-128.13169240904583,-109.32364829280873,0.6182485579444154,0.5633375,0.4803041,0.87899446,1.1319512,0.008270409,1.0
505,RandomInit,262144,32768,post_update,severe_stress,0.0,1.0,4.995617123182767,20.69882301972829,-183.5859913282713,-162.29853923810091,0.7772963604852686,0.6957687,0.49564773,0.8728809,1.1150842,0.008927582,1.0
505,RandomInit,262144,65536,post_update,baseline,0.0,1.0,8.489740878490139,10.50649106374846,-128.13169240904583,-117.31577973497453,0.6182485579444154,0.60943216,0.1402916,0.9758059,1.472565,0.068428494,1.0
505,RandomInit,262144,65536,post_update,severe_stress,0.0,1.0,4.995617123182767,7.952680760237488,-183.5859913282713,-175.04468149759168,0.7772963604852686,0.76498014,0.12273593,0.9794135,1.4885118,0.07968741,1.0
505,RandomInit,262144,131072,post_update,baseline,0.3392763502884111,0.6607236497115889,8.681089415962296,14.114640421143822,-127.9403438715737,-113.70763037757914,0.5610907184058731,0.54195184,0.6017566,0.6470222,1.0092968,1.040917,0.9229155742003148
505,RandomInit,262144,131072,post_update,severe_stress,0.3084922010398613,0.6915077989601387,9.567721717749336,19.785183600209187,-179.01388673370474,-163.21217865761997,0.682842287694974,0.64470524,0.5446933,0.6677373,1.0651962,1.0486243,0.8665511265164645
505,RandomInit,262144,262144,post_update,baseline,0.1966439433665443,0.8033560566334557,8.787800517869192,11.236989643766435,-127.8336327696668,-116.58528115495652,0.5794441531200839,0.58243066,0.5721069,0.7375227,1.0394635,0.21772872,0.9590980597797588
505,RandomInit,262144,262144,post_update,severe_stress,0.0216637781629116,0.9783362218370883,5.121447251993826,6.052739164057037,-183.46016119946023,-176.94462309377215,0.7729636048526863,0.7680941,0.19955415,0.9355029,1.4114784,0.39961335,0.9913344887348352
505,RandomInit,262144,131072,validation_selected,baseline,0.3602517042475092,0.6397482957524908,8.919083551953092,15.297138041872543,-127.70234973558291,-112.52513275685044,0.5589931830099633,0.5357583,0.6467796,0.6257004,0.96418285,0.26449323,0.91976927110645
505,RandomInit,262144,131072,validation_selected,severe_stress,0.3379549393414212,0.6620450606585788,12.28446732902032,22.272900713138178,-176.29714112243377,-160.724461544691,0.6646447140381283,0.6315757,0.58608186,0.6454536,1.0237657,0.7829646,0.8552859618717504
505,RandomInit,262144,262144,final,baseline,0.1966439433665443,0.8033560566334557,8.787800517869192,11.236989643766435,-127.8336327696668,-116.58528115495652,0.5794441531200839,0.58243066,0.5721069,0.7375227,1.0394635,0.0,0.9590980597797588
505,RandomInit,262144,262144,final,severe_stress,0.0216637781629116,0.9783362218370883,5.121447251993826,6.052739164057037,-183.46016119946023,-176.94462309377215,0.7729636048526863,0.7680941,0.19955415,0.9355029,1.4114784,0.0,0.9913344887348352
101,ImitationInit,32768,0,initial,baseline,0.3869952805453592,0.6130047194546407,3.454259335062736,5.124124817164204,0.0,0.0,0.8169900367068694,0.7527069,0.44306442,0.6072723,0.0,0.0,0.0
101,ImitationInit,32768,0,initial,severe_stress,0.2209705372616984,0.7790294627383015,2.313733082186874,3.638343744847472,0.0,0.0,0.8682842287694974,0.8340939,0.27474907,0.773807,0.0,0.0,0.0
101,ImitationInit,32768,512,post_update,baseline,0.393812270582066,0.606187729417934,3.348248023382792,5.146937542639089,-0.1060113116799441,0.0228127254748831,0.8175144205558469,0.75266486,0.44279632,0.6019058,0.0036115875,0.0036115875,0.0220241216570529
101,ImitationInit,32768,512,post_update,severe_stress,0.2261698440207972,0.7738301559792028,2.294828941601616,3.6673311862284663,-0.0189041405852571,0.0289874413809949,0.8639514731369151,0.8331554,0.27504095,0.7658633,0.0031097601,0.0031097601,0.0129982668977469
101,ImitationInit,32768,1024,post_update,baseline,0.4037755637126377,0.5962244362873623,3.3492267631567008,5.118787750582676,-0.1050325719060348,-0.0053370665815282,0.8122705820660724,0.75265896,0.43514395,0.5922776,0.0115267085,0.0062458115,0.0409019402202412
101,ImitationInit,32768,1024,post_update,severe_stress,0.2409012131715771,0.7590987868284229,2.713251558820589,3.799430648263432,0.3995184766337156,0.1610869034159603,0.8552859618717504,0.8275172,0.28214943,0.74816763,0.015491705,0.009271941,0.0268630849220103
101,ImitationInit,32768,2048,post_update,baseline,0.4037755637126377,0.5962244362873623,3.483130251477122,5.252028643140655,0.0288709164143859,0.1279038259764508,0.8117461982170949,0.7462292,0.4402621,0.5930594,0.024086617,0.014987048,0.059255374934452
101,ImitationInit,32768,2048,post_update,severe_stress,0.2417677642980935,0.7582322357019065,2.5756689264535257,3.888529856633979,0.2619358442666524,0.250186111786508,0.8587521663778163,0.82776505,0.28104678,0.74576324,0.01976588,0.009481756,0.0337954939341421
101,ImitationInit,32768,4096,post_update,baseline,0.4042999475616151,0.5957000524383849,3.610642007733107,5.154315954201098,0.1563826726703709,0.0301911370368932,0.7970634504457262,0.7364227,0.43433654,0.59367496,0.07459762,0.027486768,0.0996329313057157
101,ImitationInit,32768,4096,post_update,severe_stress,0.2512998266897747,0.7487001733102253,2.8895924126275023,3.929402611899632,0.5758593304406293,0.2910588670521594,0.8466204506065858,0.8238295,0.26571888,0.73875964,0.05030408,0.014316262,0.0667244367417677
101,ImitationInit,32768,8192,post_update,baseline,0.3838489774514945,0.6161510225485055,4.557204089774497,5.315768836314047,1.1029447547117606,0.1916440191498424,0.7598321971683272,0.7198605,0.42642206,0.61938757,0.16591331,0.048731115,0.1704247509176717
101,ImitationInit,32768,8192,post_update,severe_stress,0.2495667244367417,0.7504332755632582,3.19492505478258,4.01104439074754,0.8811919725957058,0.3727006459000685,0.8362218370883883,0.8207296,0.24791433,0.75151724,0.08835499,0.022798736,0.0979202772963604
101,ImitationInit,32768,16384,post_update,baseline,0.4478238070267436,0.5521761929732564,4.695433711117161,5.87197033842266,1.2411743760544247,0.7478455212584548,0.7493445201887782,0.7128452,0.38739353,0.5544133,0.19643363,0.09690757,0.1856318825380178
101,ImitationInit,32768,16384,post_update,severe_stress,0.2859618717504333,0.7140381282495667,3.59167174365657,4.450626266707128,1.277938661469696,0.812282521859656,0.8110918544194108,0.8016426,0.229005,0.7139174,0.16710998,0.055382676,0.1282495667244367
101,ImitationInit,32768,32768,post_update,baseline,0.3308862087047719,0.6691137912952281,5.385508465812693,5.851584837128471,1.9312491307499569,0.7274600199642671,0.7304667016255899,0.704659,0.3473326,0.65918434,0.3191484,0.19166276,0.2097535395909806
101,ImitationInit,32768,32768,post_update,severe_stress,0.2530329289428076,0.7469670710571924,3.661912123052169,4.309972347037546,1.3481790408652956,0.6716286021900745,0.8154246100519931,0.8045465,0.20202829,0.741475,0.1935657,0.07241894,0.121317157712305
101,ImitationInit,32768,8192,validation_selected,baseline,0.3911903513371788,0.6088096486628212,4.43463960292228,5.29100305953947,0.980380267859544,0.1668782423752659,0.772417409543786,0.72766197,0.41686955,0.6106007,0.14133424,0.14879712,0.151022548505506
101,ImitationInit,32768,8192,validation_selected,severe_stress,0.2461005199306759,0.7538994800693241,3.150868356656113,3.960073099950869,0.8371352744692402,0.3217293551033977,0.8388214904679376,0.82240355,0.24769247,0.75078356,0.07945696,0.10253382,0.0892547660311958
101,ImitationInit,32768,32768,final,baseline,0.3308862087047719,0.6691137912952281,5.385508465812693,5.851584837128471,1.9312491307499569,0.7274600199642671,0.7304667016255899,0.704659,0.3473326,0.65918434,0.3191484,0.0,0.2097535395909806
101,ImitationInit,32768,32768,final,severe_stress,0.2530329289428076,0.7469670710571924,3.661912123052169,4.309972347037546,1.3481790408652956,0.6716286021900745,0.8154246100519931,0.8045465,0.20202829,0.741475,0.1935657,0.0,0.121317157712305
202,ImitationInit,32768,0,initial,baseline,0.3959098059779758,0.6040901940220241,3.182917164581545,4.717577343316335,0.0,0.0,0.8280020975353959,0.7688326,0.39329773,0.59961504,0.0,0.0,0.0
202,ImitationInit,32768,0,initial,severe_stress,0.2175043327556326,0.7824956672443674,2.498584531729065,3.354905162114149,0.0,0.0,0.8726169844020797,0.8460816,0.23942553,0.77465975,0.0,0.0,0.0
202,ImitationInit,32768,512,post_update,baseline,0.4137388568432092,0.5862611431567908,3.348943644934112,4.877712758808533,0.1660264803525669,0.1601354154921982,0.8248557944415312,0.7643725,0.3994655,0.5810157,0.009080315,0.009080315,0.02674357629785
202,ImitationInit,32768,512,post_update,severe_stress,0.2348353552859619,0.7651646447140381,2.4435103565045666,3.4713737746803024,-0.055074175224498,0.1164686125661538,0.8726169844020797,0.84251475,0.24286868,0.7605505,0.009050559,0.009050559,0.0277296360485268
202,ImitationInit,32768,1024,post_update,baseline,0.4200314630309386,0.5799685369690614,3.52378672754708,5.035574595283024,0.3408695629655348,0.3179972519666898,0.8133193497640273,0.7556883,0.41069108,0.57911235,0.022795387,0.0077121267,0.0492920818038804
202,ImitationInit,32768,1024,post_update,severe_stress,0.2322357019064125,0.7677642980935875,2.612603996525213,3.669563954405573,0.114019464796148,0.3146587922914238,0.8674176776429809,0.8403163,0.24022093,0.7630883,0.01688567,0.0064410046,0.0320623916811091
202,ImitationInit,32768,2048,post_update,baseline,0.415836392239119,0.5841636077608809,3.646960613111188,5.076388266834018,0.4640434485296426,0.3588109235176828,0.8117461982170949,0.756735,0.39635316,0.5815442,0.039808523,0.01504978,0.063974829575249
202,ImitationInit,32768,2048,post_update,severe_stress,0.2339688041594454,0.7660311958405546,3.1256081239731763,3.8823747284195247,0.6270235922441117,0.5274695663053759,0.8561525129982669,0.83808315,0.23400371,0.761988,0.03761615,0.014307735,0.0615251299826689
202,ImitationInit,32768,4096,post_update,baseline,0.3691662296801258,0.6308337703198742,3.271467628914265,4.739754298341398,0.088550464332719,0.022176955025063,0.8117461982170949,0.7547636,0.40861645,0.62008154,0.05191415,0.029991262,0.0844257996853696
202,ImitationInit,32768,4096,post_update,severe_stress,0.2209705372616984,0.7790294627383015,2.846994072238859,3.760361877978443,0.3484095405097939,0.4054567158642945,0.8604852686308492,0.83712196,0.23362179,0.7748234,0.043729182,0.01305142,0.0545927209705372
202,ImitationInit,32768,8192,post_update,baseline,0.4063974829575248,0.5936025170424751,4.093670017225469,5.319164263882189,0.9107528526439248,0.6015869205658536,0.7949659150498165,0.75104094,0.3843897,0.5933844,0.093859844,0.047951624,0.1190351337178814
202,ImitationInit,32768,8192,post_update,severe_stress,0.2512998266897747,0.7487001733102253,3.0460830851626977,3.9538944194025145,0.5474985534336325,0.5989892572883653,0.8552859618717504,0.8356278,0.22938916,0.7485447,0.07029265,0.022098634,0.0719237435008665
202,ImitationInit,32768,16384,post_update,baseline,0.3723125327739905,0.6276874672260094,4.001381095315723,5.475205880499133,0.8184639307341772,0.7576285371827981,0.7850026219192449,0.7474732,0.38084427,0.61762625,0.1415443,0.10290059,0.1447299423177766
202,ImitationInit,32768,16384,post_update,severe_stress,0.2383015597920277,0.7616984402079723,2.751879405637318,3.6884115192916624,0.2532948739082531,0.3335063571775137,0.8535528596187175,0.83651525,0.20844279,0.7555751,0.0859522,0.04934128,0.0788561525129982
202,ImitationInit,32768,32768,post_update,baseline,0.3712637650760356,0.6287362349239644,5.017591271140788,6.078885119245341,1.8346741065592436,1.3613077759290066,0.7488201363398007,0.71741706,0.3680176,0.6169348,0.302426,0.16971563,0.21604614577871
202,ImitationInit,32768,32768,post_update,severe_stress,0.2634315424610052,0.7365684575389948,4.198981300281301,4.812977707012792,1.700396768552236,1.4580725448986438,0.8206239168110918,0.8127839,0.18598692,0.730423,0.22671022,0.107647374,0.1299826689774696
202,ImitationInit,32768,8192,validation_selected,baseline,0.4079706345044572,0.5920293654955427,3.981128729389153,5.3555375644518,0.7982115648076074,0.6379602211354652,0.7923439958049292,0.74494225,0.39929757,0.5883625,0.10272663,0.1887253,0.1258521237545883
202,ImitationInit,32768,8192,validation_selected,severe_stress,0.25736568457539,0.74263431542461,3.1068940969079115,4.008955525093038,0.6083095651788465,0.6540503629788884,0.8526863084922011,0.832274,0.2308991,0.7420327,0.084514044,0.17681709,0.0805892547660312
202,ImitationInit,32768,32768,final,baseline,0.3712637650760356,0.6287362349239644,5.017591271140788,6.078885119245341,1.8346741065592436,1.3613077759290066,0.7488201363398007,0.71741706,0.3680176,0.6169348,0.302426,0.0,0.21604614577871
202,ImitationInit,32768,32768,final,severe_stress,0.2634315424610052,0.7365684575389948,4.198981300281301,4.812977707012792,1.700396768552236,1.4580725448986438,0.8206239168110918,0.8127839,0.18598692,0.730423,0.22671022,0.0,0.1299826689774696
303,ImitationInit,32768,0,initial,baseline,0.3817514420555846,0.6182485579444154,3.197216048375561,5.234618827440461,0.0,0.0,0.8222338751966439,0.74987507,0.456906,0.6094914,0.0,0.0,0.0
303,ImitationInit,32768,0,initial,severe_stress,0.2088388214904679,0.791161178509532,2.3095985318476675,3.620287875687191,0.0,0.0,0.8752166377816292,0.83239967,0.2832552,0.77448004,0.0,0.0,0.0
303,ImitationInit,32768,512,post_update,baseline,0.3691662296801258,0.6308337703198742,3.2718166786299685,5.1371105879589685,0.0746006302544077,-0.0975082394814917,0.8180388044048243,0.74912333,0.4535094,0.62253284,0.0048935153,0.0048935153,0.0277923439958049
303,ImitationInit,32768,512,post_update,severe_stress,0.2010398613518197,0.7989601386481803,2.3019332002806467,3.4551046449761382,-0.0076653315670204,-0.1651832307110531,0.8700173310225303,0.8330863,0.2809579,0.7861988,0.003750001,0.003750001,0.0190641247833622
303,ImitationInit,32768,1024,post_update,baseline,0.3791295228106974,0.6208704771893025,3.3241964299159164,5.250298921746197,0.1269803815403559,0.0156800943057348,0.8159412690089145,0.7430867,0.4679793,0.61397135,0.012877428,0.008426392,0.0403775563712637
303,ImitationInit,32768,1024,post_update,severe_stress,0.2209705372616984,0.7790294627383015,2.3828166444629795,3.5952539804039105,0.0732181126153122,-0.0250338952832806,0.8674176776429809,0.8287971,0.29162577,0.76933396,0.0075751566,0.0068075825,0.0311958405545927
303,ImitationInit,32768,2048,post_update,baseline,0.3927635028841112,0.6072364971158888,3.9079200963578287,5.762227597717634,0.7107040479822683,0.527608770277173,0.8007341373885685,0.7343132,0.4737816,0.5995329,0.026335146,0.012459197,0.0728893550078657
303,ImitationInit,32768,2048,post_update,severe_stress,0.2097053726169844,0.7902946273830156,2.461195256429493,3.837435437257065,0.1515967245818255,0.2171475615698735,0.8630849220103987,0.8239593,0.2961826,0.76993215,0.0141259795,0.00634399,0.0372616984402079
303,ImitationInit,32768,4096,post_update,baseline,0.4305191400104876,0.5694808599895124,4.56089537724443,6.593357705405494,1.363679328868869,1.358738877965033,0.7829050865233351,0.722103,0.47376886,0.560741,0.06240049,0.035219308,0.096486628211851
303,ImitationInit,32768,4096,post_update,severe_stress,0.2452339688041594,0.7547660311958405,3.05109746057341,4.3920644668335225,0.7414989287257422,0.7717765911463315,0.8483535528596187,0.81957006,0.28599223,0.74592364,0.04848317,0.031807486,0.0753899480069324
303,ImitationInit,32768,8192,post_update,baseline,0.3660199265862611,0.6339800734137389,4.162202432665988,5.643722511710445,0.9649863842904276,0.4091036842699839,0.7876245411641322,0.73157257,0.4419227,0.6239729,0.08035878,0.07425104,0.1331934976402727
303,ImitationInit,32768,8192,post_update,severe_stress,0.2521663778162911,0.7478336221837089,3.3088013067153024,4.187613486584907,0.9992027748676352,0.5673256108977165,0.841421143847487,0.82476425,0.24985243,0.7478122,0.081794985,0.026681574,0.097053726169844
303,ImitationInit,32768,16384,post_update,baseline,0.3387519664394336,0.6612480335605664,4.708343648153527,5.591151962199258,1.5111275997779654,0.3565331347587971,0.7540639748295752,0.72788,0.36713314,0.6511732,0.20340502,0.060213532,0.2034609334032512
303,ImitationInit,32768,16384,post_update,severe_stress,0.2417677642980935,0.7582322357019065,4.1050638692750665,4.817238649144124,1.7954653374273986,1.196950773456933,0.8370883882149047,0.8207505,0.20340173,0.7522242,0.19095758,0.050353613,0.1377816291161178
303,ImitationInit,32768,32768,post_update,baseline,0.3649711588883062,0.6350288411116938,4.982279674104172,5.995901896676608,1.785063625728611,0.7612830692361461,0.7425275301520713,0.72104895,0.33656484,0.62884754,0.27499622,0.08500053,0.2155217619297325
303,ImitationInit,32768,32768,post_update,severe_stress,0.2651646447140381,0.7348353552859619,4.927823844716276,5.475455096212844,2.618225312868608,1.8551672205256529,0.8258232235701907,0.8172898,0.18032609,0.7351381,0.24574266,0.07681504,0.1507798960138648
303,ImitationInit,32768,32768,validation_selected,baseline,0.3649711588883062,0.6350288411116938,4.982279674104172,5.995901896676608,1.785063625728611,0.7612830692361461,0.7425275301520713,0.72104895,0.33656484,0.62884754,0.27499622,0.0,0.2155217619297325
303,ImitationInit,32768,32768,validation_selected,severe_stress,0.2651646447140381,0.7348353552859619,4.927823844716276,5.475455096212844,2.618225312868608,1.8551672205256529,0.8258232235701907,0.8172898,0.18032609,0.7351381,0.24574266,0.0,0.1507798960138648
303,ImitationInit,32768,32768,final,baseline,0.3649711588883062,0.6350288411116938,4.982279674104172,5.995901896676608,1.785063625728611,0.7612830692361461,0.7425275301520713,0.72104895,0.33656484,0.62884754,0.27499622,0.0,0.2155217619297325
303,ImitationInit,32768,32768,final,severe_stress,0.2651646447140381,0.7348353552859619,4.927823844716276,5.475455096212844,2.618225312868608,1.8551672205256529,0.8258232235701907,0.8172898,0.18032609,0.7351381,0.24574266,0.0,0.1507798960138648
404,ImitationInit,32768,0,initial,baseline,0.377556371263765,0.6224436287362349,3.326741287990225,4.951707143088221,0.0,0.0,0.8238070267435763,0.7635857,0.41441566,0.6124903,0.0,0.0,0.0
404,ImitationInit,32768,0,initial,severe_stress,0.2157712305025996,0.7842287694974004,2.7422042453893254,3.672339392808032,0.0,0.0,0.8674176776429809,0.8387764,0.24135762,0.7766452,0.0,0.0,0.0
404,ImitationInit,32768,512,post_update,baseline,0.3885684320922915,0.6114315679077085,3.4579191012045123,5.040116594756882,0.1311778132142874,0.0884094516686603,0.8217094913476665,0.7613211,0.41770697,0.60102654,0.0035634076,0.0035634076,0.0194022024121657
404,ImitationInit,32768,512,post_update,severe_stress,0.2244367417677643,0.7755632582322357,2.9231151269394813,3.837576591089253,0.1809108815501566,0.1652371982812216,0.8604852686308492,0.83621097,0.24378909,0.7656143,0.0034872515,0.0034872515,0.0147313691507798
404,ImitationInit,32768,1024,post_update,baseline,0.3807026743576298,0.6192973256423702,3.5475174657776023,4.979881276427557,0.2207761777873774,0.0281741333393358,0.8206607236497115,0.76431376,0.40348104,0.61097324,0.0097519,0.0062031383,0.0325117986366019
404,ImitationInit,32768,1024,post_update,severe_stress,0.2175043327556326,0.7824956672443674,2.976443233856477,3.809220277038887,0.2342389884671528,0.1368808842308561,0.8578856152512998,0.8383961,0.22936937,0.7724866,0.009674935,0.005989504,0.0199306759098786
404,ImitationInit,32768,2048,post_update,baseline,0.3654955427372837,0.6345044572627163,3.3666517796829805,4.994518900336101,0.0399104916927553,0.0428117572478798,0.8217094913476665,0.7615188,0.40852255,0.61996406,0.013128048,0.008387689,0.0424750917671735
404,ImitationInit,32768,2048,post_update,severe_stress,0.216637781629116,0.7833622183708839,3.089749456661913,3.9460921045828017,0.3475452112725887,0.2737527117747705,0.8561525129982669,0.8375599,0.21719295,0.7762,0.02264001,0.009172874,0.035528596187175
404,ImitationInit,32768,4096,post_update,baseline,0.3544834819087572,0.6455165180912428,3.530191916520597,4.944435597165607,0.2034506285303718,-0.0072715459226137,0.8101730466701625,0.7581312,0.3937537,0.62682235,0.036707595,0.018768314,0.0818038804404824
404,ImitationInit,32768,4096,post_update,severe_stress,0.2218370883882149,0.7781629116117851,3.0675125430117256,3.894164810729035,0.3253082976224009,0.2218254179210033,0.8578856152512998,0.83877015,0.22038786,0.77371854,0.02649242,0.006655469,0.0363951473136915
404,ImitationInit,32768,8192,post_update,baseline,0.3340325117986366,0.6659674882013634,3.917795737529108,4.768800916485066,0.591054449538883,-0.1829062266031541,0.7871001573151547,0.7443584,0.40746903,0.65140855,0.09220537,0.04692355,0.124278972207656
404,ImitationInit,32768,8192,post_update,severe_stress,0.2105719237435008,0.7894280762564991,2.8041973870572026,3.551984622693261,0.0619931416678776,-0.1203547701147704,0.8552859618717504,0.84123814,0.20199125,0.781632,0.066008575,0.02672071,0.0736568457538994
404,ImitationInit,32768,16384,post_update,baseline,0.3560566334556896,0.6439433665443104,3.736555277318829,4.859711182697077,0.4098139893286031,-0.091995960391145,0.7771368641845832,0.7395611,0.3894195,0.6359451,0.13784382,0.07931864,0.1573151546932354
404,ImitationInit,32768,16384,post_update,severe_stress,0.207105719237435,0.792894280762565,2.701548001185225,3.484802465526796,-0.0406562442040994,-0.1875369272812348,0.8613518197573656,0.8442204,0.18910402,0.7869517,0.08526365,0.028563263,0.0875216637781629
404,ImitationInit,32768,32768,post_update,baseline,0.324069218668065,0.675930781331935,5.1415661621292665,5.522578774795482,1.8148248741390411,0.5708716317072614,0.7357105401153644,0.72158635,0.30732748,0.66772217,0.29915023,0.12690052,0.2081803880440482
404,ImitationInit,32768,32768,post_update,severe_stress,0.1906412478336221,0.8093587521663779,2.77436949405036,3.4013211002907617,0.0321652486610345,-0.2710182925172694,0.8526863084922011,0.8388459,0.16418442,0.81010437,0.14896965,0.046313737,0.1031195840554592
404,ImitationInit,32768,8192,validation_selected,baseline,0.3392763502884111,0.6607236497115889,3.724324644191187,4.78826114035565,0.3975833562009622,-0.1634460027325718,0.800209753539591,0.74844724,0.40406415,0.64764506,0.07821804,0.19089611,0.1095962244362873
404,ImitationInit,32768,8192,validation_selected,severe_stress,0.2175043327556326,0.7824956672443674,2.912606309807679,3.692902211917059,0.1704020644183539,0.020562819109028,0.8561525129982669,0.83928895,0.2050837,0.7734082,0.06476402,0.08877459,0.0658578856152513
404,ImitationInit,32768,32768,final,baseline,0.324069218668065,0.675930781331935,5.1415661621292665,5.522578774795482,1.8148248741390411,0.5708716317072614,0.7357105401153644,0.72158635,0.30732748,0.66772217,0.29915023,0.0,0.2081803880440482
404,ImitationInit,32768,32768,final,severe_stress,0.1906412478336221,0.8093587521663779,2.77436949405036,3.4013211002907617,0.0321652486610345,-0.2710182925172694,0.8526863084922011,0.8388459,0.16418442,0.81010437,0.14896965,0.0,0.1031195840554592
505,ImitationInit,32768,0,initial,baseline,0.3807026743576298,0.6192973256423702,3.408266879540607,5.474726889079933,0.0,0.0,0.8201363398007341,0.748988,0.4532932,0.6109038,0.0,0.0,0.0
505,ImitationInit,32768,0,initial,severe_stress,0.2079722703639515,0.7920277296360485,2.404205367526879,3.9574317345355534,0.0,0.0,0.8717504332755632,0.8326769,0.27917778,0.77956575,0.0,0.0,0.0
505,ImitationInit,32768,512,post_update,baseline,0.3843733613004719,0.615626638699528,3.3183605255909425,5.499366544679032,-0.0899063539496645,0.0246396555990987,0.8190875721027793,0.74888057,0.45539165,0.6087821,0.0023290378,0.0023290378,0.0214997378080755
505,ImitationInit,32768,512,post_update,severe_stress,0.2175043327556326,0.7824956672443674,2.3346567423418056,4.051124568269043,-0.0695486251850727,0.0936928337334887,0.8743500866551126,0.8314412,0.28512785,0.76938283,0.0026772746,0.0026772746,0.0164644714038128
505,ImitationInit,32768,1024,post_update,baseline,0.3801782905086524,0.6198217094913476,3.3546063458020123,5.578482869517314,-0.0536605337385945,0.1037559804373803,0.8175144205558469,0.7449853,0.4672924,0.613922,0.006901263,0.004055304,0.0319874147876245
505,ImitationInit,32768,1024,post_update,severe_stress,0.2097053726169844,0.7902946273830156,2.2783554362804934,3.940887341558768,-0.125849931246385,-0.0165443929767871,0.8743500866551126,0.8297777,0.28977463,0.77801734,0.0056360746,0.0054903287,0.0268630849220103
505,ImitationInit,32768,2048,post_update,baseline,0.3911903513371788,0.6088096486628212,3.799570751235191,5.957021531436202,0.3913038716945834,0.4822946423562685,0.8112218143681175,0.74250066,0.4587005,0.5989142,0.012486221,0.009130935,0.0450970110120608
505,ImitationInit,32768,2048,post_update,severe_stress,0.2157712305025996,0.7842287694974004,3.028028478473296,4.414546015002764,0.6238231109464171,0.4571142804672095,0.8526863084922011,0.8228805,0.27913007,0.7751487,0.021490742,0.017187549,0.0519930675909878
505,ImitationInit,32768,4096,post_update,baseline,0.3770319874147876,0.6229680125852124,3.283363160725201,5.310769810357924,-0.1249037188154051,-0.1639570787220097,0.8185631882538018,0.7525519,0.43283802,0.6209785,0.017598558,0.018706635,0.0540115364446775
505,ImitationInit,32768,4096,post_update,severe_stress,0.2123050259965337,0.7876949740034662,2.863304077457188,4.310401327702016,0.4590987099303096,0.3529695931664606,0.8596187175043327,0.8265557,0.25510624,0.77884346,0.04176259,0.011226701,0.0649913344887348
505,ImitationInit,32768,8192,post_update,baseline,0.3518615626638699,0.6481384373361301,3.548766774551011,5.253496816145839,0.1404998950104044,-0.2212300729340932,0.8070267435762979,0.7505205,0.41646594,0.64096683,0.049333323,0.03644551,0.0922915574200314
505,ImitationInit,32768,8192,post_update,severe_stress,0.2183708838821491,0.7816291161178509,3.0275317073569763,4.365609351238295,0.623326339830098,0.4081776167027401,0.8483535528596187,0.8223933,0.2570547,0.77364045,0.056965984,0.021307673,0.0831889081455806
505,ImitationInit,32768,16384,post_update,baseline,0.3377031987414788,0.6622968012585212,3.198579383913656,5.455988504643965,-0.2096874956269511,-0.0187383844359674,0.7876245411641322,0.7341719,0.44191462,0.6427986,0.09296073,0.050469782,0.124278972207656
505,ImitationInit,32768,16384,post_update,severe_stress,0.2530329289428076,0.7469670710571924,3.81758547441464,5.258445065699703,1.4133801068877616,1.301013331164148,0.8379549393414212,0.8136724,0.27032387,0.73645645,0.08458068,0.08543569,0.0927209705372617
505,ImitationInit,32768,32768,post_update,baseline,0.2260094389092816,0.7739905610907184,3.812326662696609,4.995808088639873,0.4040597831560017,-0.4789188004400606,0.7482957524908233,0.72035515,0.4170589,0.72352564,0.2241984,0.14720584,0.2071316203460933
505,ImitationInit,32768,32768,post_update,severe_stress,0.15684575389948,0.8431542461005199,3.214817844875697,3.995425924834064,0.8106124773488183,0.0379941902985084,0.8431542461005199,0.8305709,0.22079465,0.8242576,0.11945631,0.1433395,0.1169844020797227
505,ImitationInit,32768,8192,validation_selected,baseline,0.3576297850026219,0.6423702149973781,3.5684455742892696,5.422730855678953,0.1601786947486624,-0.0519960334009801,0.8080755112742527,0.75001454,0.41786346,0.6380871,0.043674663,0.20240477,0.0823282642894598
505,ImitationInit,32768,8192,validation_selected,severe_stress,0.2183708838821491,0.7816291161178509,3.12418410940859,4.407071413512823,0.719978741881711,0.4496396789772682,0.8509532062391681,0.82444715,0.25651458,0.77305484,0.047387533,0.17003892,0.0814558058925476
505,ImitationInit,32768,32768,final,baseline,0.2260094389092816,0.7739905610907184,3.812326662696609,4.995808088639873,0.4040597831560017,-0.4789188004400606,0.7482957524908233,0.72035515,0.4170589,0.72352564,0.2241984,0.0,0.2071316203460933
505,ImitationInit,32768,32768,final,severe_stress,0.15684575389948,0.8431542461005199,3.214817844875697,3.995425924834064,0.8106124773488183,0.0379941902985084,0.8431542461005199,0.8305709,0.22079465,0.8242576,0.11945631,0.0,0.1169844020797227
101,RandomInit,32768,0,initial,baseline,0.4006292606187729,0.0450970110120608,214.01057441020063,127.8917539139849,0.0,0.0,0.1001573151546932,0.19998817,1.6094353,0.19996865,0.0,0.0,0.0
101,RandomInit,32768,0,initial,severe_stress,0.0641247833622183,0.0164644714038128,330.07806867915457,183.22103488969657,0.0,0.0,0.0450606585788561,0.19989055,1.6094342,0.19986317,0.0,0.0,0.0
101,RandomInit,32768,512,post_update,baseline,0.1132669113791294,0.8867330886208705,17.8059505778844,124.98779551590228,-196.20462383231623,-2.903958398082591,0.5469323544834819,0.20708108,1.608309,0.21179943,0.0011015136,0.0011015136,0.9549029889879392
101,RandomInit,32768,512,post_update,severe_stress,0.1984402079722703,0.8015597920277296,19.85043660574964,179.2131396711735,-310.227632073405,-4.0078952185230845,0.6741767764298093,0.20784222,1.6084543,0.20919214,0.000965607,0.000965607,0.9835355285961872
101,RandomInit,32768,1024,post_update,baseline,0.0,1.0,8.489740878490139,120.32933150263476,-205.5208335317105,-7.56242241135012,0.6182485579444154,0.21809103,1.6039068,0.23075888,0.0055113765,0.0018339012,0.9549029889879392
101,RandomInit,32768,1024,post_update,severe_stress,0.1464471403812824,0.8535528596187175,20.337624059848604,172.76761355336998,-309.74044461930595,-10.45342133632659,0.744367417677643,0.22060798,1.6047951,0.22398506,0.004660155,0.0015650559,0.9835355285961872
101,RandomInit,32768,2048,post_update,baseline,0.0,1.0,8.489740878490139,103.20602680999228,-205.5208335317105,-24.6857271039926,0.6182485579444154,0.2606341,1.5555459,0.30889776,0.053957567,0.02852331,0.9549029889879392
101,RandomInit,32768,2048,post_update,severe_stress,0.0,1.0,4.995617123182767,148.31268981894394,-325.0824515559718,-34.90834507075262,0.7772963604852686,0.2779076,1.5632845,0.29963633,0.046325665,0.025581544,0.9835355285961872
101,RandomInit,32768,4096,post_update,baseline,0.0,1.0,8.489740878490139,70.48202162766282,-205.5208335317105,-57.40973228632207,0.6182485579444154,0.35053656,1.3329971,0.47467628,0.27663597,0.08827149,0.9549029889879392
101,RandomInit,32768,4096,post_update,severe_stress,0.0,1.0,4.995617123182767,98.8861995513498,-325.0824515559718,-84.33483533834679,0.7772963604852686,0.4043099,1.3441541,0.47298786,0.26581433,0.093426526,0.9835355285961872
101,RandomInit,32768,8192,post_update,baseline,0.0,1.0,8.489740878490139,28.261385864334613,-205.5208335317105,-99.63036804965029,0.6182485579444154,0.5355274,0.6680865,0.83126694,0.94148517,0.2789863,0.9549029889879392
101,RandomInit,32768,8192,post_update,severe_stress,0.0,1.0,4.995617123182767,35.41775013021892,-325.0824515559718,-147.80328475947766,0.7772963604852686,0.65822697,0.67935675,0.8279217,0.93068343,0.2753325,0.9835355285961872
101,RandomInit,32768,16384,post_update,baseline,0.0,1.0,8.489740878490139,12.118874593503696,-205.5208335317105,-115.7728793204812,0.6182485579444154,0.6037909,0.16295269,0.97198063,1.4466624,0.10771713,0.9549029889879392
101,RandomInit,32768,16384,post_update,severe_stress,0.0,1.0,4.995617123182767,10.485950624288131,-325.0824515559718,-172.73508426540846,0.7772963604852686,0.757317,0.16331248,0.9719177,1.4468213,0.11097649,0.9835355285961872
101,RandomInit,32768,32768,post_update,baseline,0.0,1.0,8.489740878490139,10.144714543172482,-205.5208335317105,-117.7470393708124,0.6182485579444154,0.6113833,0.087835506,0.98655707,1.521769,0.0048944172,0.9549029889879392
101,RandomInit,32768,32768,post_update,severe_stress,0.0,1.0,4.995617123182767,7.527771596737319,-325.0824515559718,-175.69326329295927,0.7772963604852686,0.7676375,0.089674816,0.9862289,1.5204545,0.0046935785,0.9835355285961872
101,RandomInit,32768,8192,validation_selected,baseline,0.0,1.0,8.489740878490139,34.50449048582638,-205.5208335317105,-93.3872634281585,0.6182485579444154,0.5095225,0.8109104,0.77781796,0.798647,0.47470272,0.9549029889879392
101,RandomInit,32768,8192,validation_selected,severe_stress,0.0,1.0,4.995617123182767,44.743292840493375,-325.0824515559718,-138.4777420492032,0.7772963604852686,0.62163955,0.81912196,0.7753458,0.7908913,0.47800916,0.9835355285961872
101,RandomInit,32768,32768,final,baseline,0.0,1.0,8.489740878490139,10.144714543172482,-205.5208335317105,-117.7470393708124,0.6182485579444154,0.6113833,0.087835506,0.98655707,1.521769,0.0,0.9549029889879392
101,RandomInit,32768,32768,final,severe_stress,0.0,1.0,4.995617123182767,7.527771596737319,-325.0824515559718,-175.69326329295927,0.7772963604852686,0.7676375,0.089674816,0.9862289,1.5204545,0.0,0.9835355285961872
202,RandomInit,32768,0,initial,baseline,0.1929732564237021,0.0,225.19527925729912,128.00368741550443,0.0,0.0,0.0723649711588883,0.19994715,1.6094282,0.20006713,0.0,0.0,0.0
202,RandomInit,32768,0,initial,severe_stress,0.0875216637781629,0.0,332.9795393355765,183.41718456576228,0.0,0.0,0.0216637781629116,0.19977428,1.6094252,0.19979826,0.0,0.0,0.0
202,RandomInit,32768,512,post_update,baseline,0.0,0.0,74.162657521247,126.72837419233105,-151.03262173605214,-1.2753132231733872,0.1195595175668589,0.20095532,1.6090381,0.2023337,0.00044882417,0.00044882417,1.0
202,RandomInit,32768,512,post_update,severe_stress,0.048526863084922,0.048526863084922,103.91759810325352,181.7442157767143,-229.0619412323229,-1.672968789048021,0.095320623916811,0.20122452,1.6091299,0.20162083,0.0003339158,0.0003339158,1.0
202,RandomInit,32768,1024,post_update,baseline,0.4247509176717357,0.5752490823282643,61.239560118537135,122.65587343520862,-163.95571913876202,-5.347813980295834,0.312532773990561,0.20954236,1.6072593,0.21578434,0.002383318,0.0013865522,1.0
202,RandomInit,32768,1024,post_update,severe_stress,0.2998266897746967,0.2998266897746967,87.91516876166754,176.20864556556387,-245.0643705739089,-7.208539000198422,0.2694974003466204,0.21046372,1.6077979,0.21256879,0.001820318,0.0010379127,1.0
202,RandomInit,32768,2048,post_update,baseline,0.0,1.0,8.489740878490139,112.88699397055515,-216.705538378809,-15.1166934449493,0.6182485579444154,0.23933645,1.5865083,0.2697545,0.023275789,0.015237262,1.0
202,RandomInit,32768,2048,post_update,severe_stress,0.0,1.0,4.995617123182767,162.21730359332156,-327.9839222123937,-21.19988097244076,0.7772963604852686,0.24673066,1.5916224,0.2593408,0.018283295,0.012406526,1.0
202,RandomInit,32768,4096,post_update,baseline,0.0,1.0,8.489740878490139,73.55595477392286,-216.705538378809,-54.44773264158159,0.6182485579444154,0.36304048,1.3648516,0.49648577,0.24521434,0.12995517,1.0
202,RandomInit,32768,4096,post_update,severe_stress,0.0,1.0,4.995617123182767,104.57802913010384,-327.9839222123937,-78.83915543565845,0.7772963604852686,0.4119374,1.3894836,0.47983035,0.22105193,0.124096915,1.0
202,RandomInit,32768,8192,post_update,baseline,0.0,1.0,8.489740878490139,37.46795549152296,-216.705538378809,-90.53573192398149,0.6182485579444154,0.48663148,0.8879142,0.7306316,0.72215617,0.13621664,1.0
202,RandomInit,32768,8192,post_update,severe_stress,0.0,1.0,4.995617123182767,49.30327246054188,-327.9839222123937,-134.11391210522044,0.7772963604852686,0.58611625,0.9116226,0.72093105,0.6993913,0.14389499,1.0
202,RandomInit,32768,16384,post_update,baseline,0.0,1.0,8.489740878490139,14.060774086031715,-216.705538378809,-113.94291332947272,0.6182485579444154,0.58805203,0.29450506,0.93613154,1.3149025,0.14458343,1.0
202,RandomInit,32768,16384,post_update,severe_stress,0.0,1.0,4.995617123182767,14.182124218129848,-327.9839222123937,-169.23506034763244,0.7772963604852686,0.7299418,0.33315927,0.92541283,1.2774956,0.13809994,1.0
202,RandomInit,32768,32768,post_update,baseline,0.0,1.0,8.489740878490139,12.148993729286364,-216.705538378809,-115.85469368621808,0.6182485579444154,0.5976877,0.21691193,0.95600396,1.3923938,0.0067188,1.0
202,RandomInit,32768,32768,post_update,severe_stress,0.0,1.0,4.995617123182767,10.913098004162888,-327.9839222123937,-172.50408656159942,0.7772963604852686,0.7463874,0.23454629,0.9516113,1.3760154,0.008907298,1.0
202,RandomInit,32768,8192,validation_selected,baseline,0.0,1.0,8.489740878490139,45.55976501891098,-216.705538378809,-82.44392239659346,0.6182485579444154,0.45514736,1.0211971,0.6676476,0.5890273,0.5223879,1.0
202,RandomInit,32768,8192,validation_selected,severe_stress,0.0,1.0,4.995617123182767,61.50371817773679,-327.9839222123937,-121.91346638802553,0.7772963604852686,0.5407537,1.046897,0.6561087,0.5641848,0.5217964,1.0
202,RandomInit,32768,32768,final,baseline,0.0,1.0,8.489740878490139,12.148993729286364,-216.705538378809,-115.85469368621808,0.6182485579444154,0.5976877,0.21691193,0.95600396,1.3923938,0.0,1.0
202,RandomInit,32768,32768,final,severe_stress,0.0,1.0,4.995617123182767,10.913098004162888,-327.9839222123937,-172.50408656159942,0.7772963604852686,0.7463874,0.23454629,0.9516113,1.3760154,0.0,1.0
303,RandomInit,32768,0,initial,baseline,0.4179339276350288,0.3324593602517042,98.856626456874,127.70566723015868,0.0,0.0,0.3083377031987415,0.20026255,1.6094346,0.20039643,0.0,0.0,0.0
303,RandomInit,32768,0,initial,severe_stress,0.3214904679376082,0.1776429809358752,142.14434507413,182.88423487086845,0.0,0.0,0.2668977469670711,0.20029955,1.6094339,0.20031069,0.0,0.0,0.0
303,RandomInit,32768,512,post_update,baseline,0.0,1.0,8.489740878490139,121.8216126399604,-90.36688557838389,-5.884054590198258,0.6182485579444154,0.21548928,1.6056014,0.22909342,0.003789321,0.003789321,0.6675406397482958
303,RandomInit,32768,512,post_update,severe_stress,0.0,1.0,4.995617123182767,175.00652474051577,-137.14872795094723,-7.877710130352667,0.7772963604852686,0.21912861,1.6064789,0.22457701,0.002919878,0.002919878,0.8223570190641247
303,RandomInit,32768,1024,post_update,baseline,0.0,1.0,8.489740878490139,118.22992449010913,-90.36688557838389,-9.47574274004954,0.6182485579444154,0.22462508,1.6000769,0.24700445,0.009266687,0.0015483276,0.6675406397482958
303,RandomInit,32768,1024,post_update,severe_stress,0.0,1.0,4.995617123182767,170.07916845776592,-137.14872795094723,-12.805066413102493,0.7772963604852686,0.23100175,1.6022354,0.24035215,0.007120802,0.0012350184,0.8223570190641247
303,RandomInit,32768,2048,post_update,baseline,0.0015731515469323,0.9984268484530676,8.489740878490139,102.71619312681942,-90.36688557838389,-24.98947410333926,0.6182485579444154,0.24838786,1.5536901,0.28583506,0.05535546,0.02448753,0.6675406397482958
303,RandomInit,32768,2048,post_update,severe_stress,0.0346620450606586,0.9653379549393414,5.297251180592668,147.99012179247853,-136.84709389353733,-34.89411307838993,0.7642980935875217,0.261276,1.5639757,0.27775612,0.04505503,0.020332746,0.8223570190641247
303,RandomInit,32768,4096,post_update,baseline,0.275301520713162,0.724698479286838,9.176383143042486,70.28471934524366,-89.68024331383153,-57.42094788491501,0.5852123754588359,0.31051034,1.2928252,0.3947939,0.31579635,0.115840144,0.7598321971683272
303,RandomInit,32768,4096,post_update,severe_stress,0.3682842287694974,0.6317157712305026,22.033498794581188,100.85680212560273,-120.11084627954878,-82.02743274526573,0.6005199306759099,0.34205267,1.3329965,0.38032097,0.2755724,0.105341576,0.8024263431542461
303,RandomInit,32768,8192,post_update,baseline,0.0,1.0,8.489740878490139,31.84739512561444,-90.36688557838389,-95.85827210454424,0.6182485579444154,0.4959757,0.78154355,0.758298,0.8263627,0.2757764,0.6675406397482958
303,RandomInit,32768,8192,post_update,severe_stress,0.0,1.0,4.995617123182767,41.44432966613058,-137.14872795094723,-141.43990520473787,0.7772963604852686,0.60070115,0.81602734,0.74391735,0.79210067,0.27759105,0.8223570190641247
303,RandomInit,32768,16384,post_update,baseline,0.0,1.0,8.489740878490139,17.326704146673155,-90.36688557838389,-110.37896308348552,0.6182485579444154,0.57487744,0.3862615,0.9137402,1.2213624,0.08269283,0.6675406397482958
303,RandomInit,32768,16384,post_update,severe_stress,0.0,1.0,4.995617123182767,19.048130823626977,-137.14872795094723,-163.83610404724146,0.7772963604852686,0.7129251,0.41623688,0.90503734,1.191749,0.08454018,0.8223570190641247
303,RandomInit,32768,32768,post_update,baseline,0.0,1.0,8.489740878490139,9.344885811510355,-90.36688557838389,-118.36078141864832,0.6182485579444154,0.61362356,0.06158456,0.9906305,1.5458909,0.059580248,0.6675406397482958
303,RandomInit,32768,32768,post_update,severe_stress,0.0,1.0,4.995617123182767,6.34402107282772,-137.14872795094723,-176.54021379804072,0.7772963604852686,0.77042246,0.06628562,0.9897849,1.54161,0.066268444,0.8223570190641247
303,RandomInit,32768,8192,validation_selected,baseline,0.0,1.0,8.489740878490139,32.529121543224605,-90.36688557838389,-95.17654568693403,0.6182485579444154,0.48803252,0.79640573,0.7423493,0.8115289,0.6449478,0.6675406397482958
303,RandomInit,32768,8192,validation_selected,severe_stress,0.0,1.0,4.995617123182767,42.4927403676494,-137.14872795094723,-140.39149450321904,0.7772963604852686,0.5896956,0.83022314,0.72784615,0.77791286,0.67562,0.8223570190641247
303,RandomInit,32768,32768,final,baseline,0.0,1.0,8.489740878490139,9.344885811510355,-90.36688557838389,-118.36078141864832,0.6182485579444154,0.61362356,0.06158456,0.9906305,1.5458909,0.0,0.6675406397482958
303,RandomInit,32768,32768,final,severe_stress,0.0,1.0,4.995617123182767,6.34402107282772,-137.14872795094723,-176.54021379804072,0.7772963604852686,0.77042246,0.06628562,0.9897849,1.54161,0.0,0.8223570190641247
404,RandomInit,32768,0,initial,baseline,0.4819087572102779,0.0,117.7743659062734,127.94905306937127,0.0,0.0,0.108023072889355,0.1995021,1.6094341,0.19899839,0.0,0.0,0.0
404,RandomInit,32768,0,initial,severe_stress,0.5753899480069324,0.0,174.93316756655162,183.25675138647065,0.0,0.0,0.0398613518197573,0.19939612,1.6094352,0.19920227,0.0,0.0,0.0
404,RandomInit,32768,512,post_update,baseline,0.0,1.0,8.489740878490139,123.73966758718116,-109.28462502778324,-4.20938548219013,0.6182485579444154,0.20980202,1.6081005,0.21682239,0.0014313876,0.0014313876,1.0
404,RandomInit,32768,512,post_update,severe_stress,0.0,1.0,4.995617123182767,177.21710505747993,-169.93755044336888,-6.039646328990721,0.7772963604852686,0.21203624,1.6082542,0.21487996,0.0012603939,0.0012603939,1.0
404,RandomInit,32768,1024,post_update,baseline,0.0,1.0,8.489740878490139,120.85145888670314,-109.28462502778324,-7.097594182668139,0.6182485579444154,0.21825197,1.6050949,0.2343621,0.00455041,0.0010629746,1.0
404,RandomInit,32768,1024,post_update,severe_stress,0.0,1.0,4.995617123182767,172.96085536900546,-169.93755044336888,-10.295896017465171,0.7772963604852686,0.22299314,1.6055247,0.22932476,0.0040698736,0.0009811808,1.0
404,RandomInit,32768,2048,post_update,baseline,0.0,1.0,8.489740878490139,111.61213235799237,-109.28462502778324,-16.336920711378934,0.6182485579444154,0.2548756,1.577505,0.30624577,0.032608338,0.014074199,1.0
404,RandomInit,32768,2048,post_update,severe_stress,0.0,1.0,4.995617123182767,159.956294847688,-169.93755044336888,-23.300456538782672,0.7772963604852686,0.27028358,1.583808,0.29316822,0.026116068,0.011327775,1.0
404,RandomInit,32768,4096,post_update,baseline,0.0,1.0,8.489740878490139,62.24121065418769,-109.28462502778324,-65.70784241518359,0.6182485579444154,0.4176563,1.1979569,0.6118985,0.41403446,0.20565736,1.0
404,RandomInit,32768,4096,post_update,severe_stress,0.0,1.0,4.995617123182767,87.58858312626455,-169.93755044336888,-95.66816826020607,0.7772963604852686,0.48939416,1.2327864,0.591684,0.37864318,0.19844547,1.0
404,RandomInit,32768,8192,post_update,baseline,0.0,1.0,8.489740878490139,24.47046186888819,-109.28462502778324,-103.47859120048308,0.6182485579444154,0.548288,0.5811387,0.8582088,1.0323871,0.16340216,1.0
404,RandomInit,32768,8192,post_update,severe_stress,0.0,1.0,4.995617123182767,30.035737071189143,-169.93755044336888,-153.2210143152815,0.7772963604852686,0.673579,0.6144571,0.8469043,0.9982132,0.16999729,1.0
404,RandomInit,32768,16384,post_update,baseline,0.0,1.0,8.489740878490139,14.384290111835792,-109.28462502778324,-113.56476295753548,0.6182485579444154,0.5928644,0.26947448,0.94794744,1.3446418,0.042367615,1.0
404,RandomInit,32768,16384,post_update,severe_stress,0.0,1.0,4.995617123182767,13.9534814620425,-169.93755044336888,-169.30326992442815,0.7772963604852686,0.74109924,0.2739634,0.9468169,1.339205,0.04971462,1.0
404,RandomInit,32768,32768,post_update,baseline,0.0,1.0,8.489740878490139,10.808158187652804,-109.28462502778324,-117.14089488171848,0.6182485579444154,0.60627514,0.14937428,0.9735299,1.4649097,0.010181069,1.0
404,RandomInit,32768,32768,post_update,severe_stress,0.0,1.0,4.995617123182767,8.880294264047086,-169.93755044336888,-174.37645712242357,0.7772963604852686,0.758383,0.16934659,0.96900564,1.4439392,0.0086022895,1.0
404,RandomInit,32768,8192,validation_selected,baseline,0.0,1.0,8.489740878490139,24.156880123921937,-109.28462502778324,-103.79217294544934,0.6182485579444154,0.5494058,0.57264507,0.86112,1.0409064,0.13124402,1.0
404,RandomInit,32768,8192,validation_selected,severe_stress,0.0,1.0,4.995617123182767,29.64452477489174,-169.93755044336888,-153.6122266115789,0.7772963604852686,0.675358,0.60702634,0.8495524,1.005657,0.13451326,1.0
404,RandomInit,32768,32768,final,baseline,0.0,1.0,8.489740878490139,10.808158187652804,-109.28462502778324,-117.14089488171848,0.6182485579444154,0.60627514,0.14937428,0.9735299,1.4649097,0.0,1.0
404,RandomInit,32768,32768,final,severe_stress,0.0,1.0,4.995617123182767,8.880294264047086,-169.93755044336888,-174.37645712242357,0.7772963604852686,0.758383,0.16934659,0.96900564,1.4439392,0.0,1.0
505,RandomInit,32768,0,initial,baseline,0.1048767697954903,0.0,136.621433287536,127.82227079872295,0.0,0.0,0.1473518615626638,0.1996801,1.6094288,0.19928706,0.0,0.0,0.0
505,RandomInit,32768,0,initial,severe_stress,0.169844020797227,0.0,188.5816084514541,182.9973622578292,0.0,0.0,0.0701906412478336,0.19977349,1.6094273,0.19961858,0.0,0.0,0.0
505,RandomInit,32768,512,post_update,baseline,0.0,1.0,8.489740878490139,123.0923394543634,-128.13169240904583,-4.729931344359575,0.6182485579444154,0.2116487,1.60691,0.21785806,0.0024813227,0.0024813227,1.0
505,RandomInit,32768,512,post_update,severe_stress,0.4896013864818024,0.5103986135181976,59.36909738835835,176.48891462755475,-129.21251106309575,-6.508447630274462,0.5597920277296361,0.21287085,1.6073067,0.21481426,0.0020170007,0.0020170007,0.6637781629116117
505,RandomInit,32768,1024,post_update,baseline,0.0,1.0,8.489740878490139,116.63797834260568,-128.13169240904583,-11.184292456117284,0.6182485579444154,0.22398116,1.5978496,0.23711921,0.011454184,0.0036953145,1.0
505,RandomInit,32768,1024,post_update,severe_stress,0.0,1.0,4.995617123182767,167.09287858996393,-183.5859913282713,-15.90448366786528,0.7772963604852686,0.22765553,1.5994103,0.23256883,0.0097351335,0.003411814,1.0
505,RandomInit,32768,2048,post_update,baseline,0.0,1.0,8.489740878490139,93.52356014124128,-128.13169240904583,-34.298710657481706,0.6182485579444154,0.283451,1.5120658,0.34016997,0.097443104,0.044388402,1.0
505,RandomInit,32768,2048,post_update,severe_stress,0.0,1.0,4.995617123182767,133.64138232895164,-183.5859913282713,-49.35597992887756,0.7772963604852686,0.30165333,1.5236675,0.3268382,0.08534953,0.04010707,1.0
505,RandomInit,32768,4096,post_update,baseline,0.0,1.0,8.489740878490139,79.0332010824303,-128.13169240904583,-48.78906971629267,0.6182485579444154,0.34366113,1.404751,0.45501506,0.20517257,0.0326219,1.0
505,RandomInit,32768,4096,post_update,severe_stress,0.0,1.0,4.995617123182767,112.68823564640934,-183.5859913282713,-70.30912661141984,0.7772963604852686,0.37915453,1.4331497,0.42983145,0.17605937,0.027287861,1.0
505,RandomInit,32768,8192,post_update,baseline,0.0,1.0,8.489740878490139,32.77157646542067,-128.13169240904583,-95.0506943333023,0.6182485579444154,0.5137113,0.7757087,0.78696287,0.83605385,0.23866512,1.0
505,RandomInit,32768,8192,post_update,severe_stress,0.0,1.0,4.995617123182767,44.024478744272,-183.5859913282713,-138.97288351355718,0.7772963604852686,0.6154026,0.8458563,0.75717646,0.7645014,0.23120022,1.0
505,RandomInit,32768,16384,post_update,baseline,0.0,1.0,8.489740878490139,20.600671442594415,-128.13169240904583,-107.22159935612856,0.6182485579444154,0.54837984,0.52239984,0.85524637,1.0897244,0.04325635,1.0
505,RandomInit,32768,16384,post_update,severe_stress,0.0,1.0,4.995617123182767,23.992105745630745,-183.5859913282713,-159.00525651219843,0.7772963604852686,0.67309654,0.55439746,0.84230757,1.0561706,0.051628042,1.0
505,RandomInit,32768,32768,post_update,baseline,0.0,1.0,8.489740878490139,18.49862250591424,-128.13169240904583,-109.32364829280873,0.6182485579444154,0.5633375,0.4803041,0.87899446,1.1319512,0.008270409,1.0
505,RandomInit,32768,32768,post_update,severe_stress,0.0,1.0,4.995617123182767,20.69882301972829,-183.5859913282713,-162.29853923810091,0.7772963604852686,0.6957687,0.49564773,0.8728809,1.1150842,0.008927582,1.0
505,RandomInit,32768,8192,validation_selected,baseline,0.0,1.0,8.489740878490139,28.821061631016715,-128.13169240904583,-99.00120916770626,0.6182485579444154,0.5307041,0.6850995,0.8210729,0.92683494,0.038533606,1.0
505,RandomInit,32768,8192,validation_selected,severe_stress,0.0,1.0,4.995617123182767,37.31252347770467,-183.5859913282713,-145.68483878012452,0.7772963604852686,0.6431158,0.7409522,0.7994976,0.86954254,0.04853259,1.0
505,RandomInit,32768,32768,final,baseline,0.0,1.0,8.489740878490139,18.49862250591424,-128.13169240904583,-109.32364829280873,0.6182485579444154,0.5633375,0.4803041,0.87899446,1.1319512,0.0,1.0
505,RandomInit,32768,32768,final,severe_stress,0.0,1.0,4.995617123182767,20.69882301972829,-183.5859913282713,-162.29853923810091,0.7772963604852686,0.6957687,0.49564773,0.8728809,1.1150842,0.0,1.0
