seed,timesteps,action,count,mean,std,p05,median,p95,negative_fraction,positive_fraction,units
101,512,0,111,-2.2430532837027024,2.3341030426706313,-6.63060615,-1.267153,0.027917161499999996,0.9459459459459459,0.05405405405405406,scaled raw GAE before minibatch normalization
101,512,1,99,-2.3494536898727274,2.223172657388055,-6.60558585,-2.0065155,0.003682047439999585,0.9494949494949495,0.050505050505050504,scaled raw GAE before minibatch normalization
101,512,2,84,-2.483415122178571,2.490664673654089,-7.3317944299999995,-2.2594639499999998,0.18615893899999994,0.8809523809523809,0.11904761904761904,scaled raw GAE before minibatch normalization
101,512,3,118,-2.7458807691762708,2.3892625851931837,-7.035321525,-2.63131285,0.0033922355699998836,0.940677966101695,0.059322033898305086,scaled raw GAE before minibatch normalization
101,512,4,100,-2.4873193901099997,2.3874886542677722,-6.548305965,-2.0352513500000002,0.17375829899999995,0.88,0.12,scaled raw GAE before minibatch normalization
101,1024,0,106,-1.3069474595396224,2.3079055887601854,-6.265094775000001,-0.41280569,0.4978497425,0.5849056603773585,0.41509433962264153,scaled raw GAE before minibatch normalization
101,1024,1,105,-1.529068655342857,2.4500345216515274,-6.4991386,-0.41546842,0.6305662799999999,0.6571428571428571,0.34285714285714286,scaled raw GAE before minibatch normalization
101,1024,2,89,-1.4885501178876401,2.3989418714413433,-6.3681144,-0.4158969,0.9008972359999994,0.6179775280898876,0.38202247191011235,scaled raw GAE before minibatch normalization
101,1024,3,89,-1.8728740253404494,2.7599483370343902,-7.76119518,-0.61521435,0.6363381999999993,0.6404494382022472,0.3595505617977528,scaled raw GAE before minibatch normalization
101,1024,4,123,-1.855058346308943,2.62498728849632,-7.185713399999999,-0.9364734,0.6000891199999996,0.6666666666666666,0.3333333333333333,scaled raw GAE before minibatch normalization
101,1536,0,115,-0.6568582368173914,1.8651990459995962,-5.12509498,-0.21115632,1.2875006299999998,0.5652173913043478,0.43478260869565216,scaled raw GAE before minibatch normalization
101,1536,1,108,-0.8181901027314815,2.1551089660746943,-5.5414269,-0.07911513,1.2781321149999993,0.5277777777777778,0.4722222222222222,scaled raw GAE before minibatch normalization
101,1536,2,106,-1.1827000049150942,2.327475056541895,-5.6067524749999995,-0.59459812,1.180409875,0.6320754716981132,0.36792452830188677,scaled raw GAE before minibatch normalization
101,1536,3,85,-1.3173915180941174,2.4683449602050684,-5.89771992,-0.7972648,1.39429088,0.6470588235294118,0.35294117647058826,scaled raw GAE before minibatch normalization
101,1536,4,98,-1.1146570953704082,2.275532944552947,-5.275558905,-0.59413445,1.32735195,0.6020408163265306,0.3979591836734694,scaled raw GAE before minibatch normalization
101,2048,0,127,-0.12515493114960632,2.081061054232683,-4.616634179999999,0.33286715,1.9934595199999996,0.3779527559055118,0.6220472440944882,scaled raw GAE before minibatch normalization
101,2048,1,115,-0.18635249725678257,2.1138878286657428,-4.40990458,0.41218042,1.88973052,0.3652173913043478,0.6347826086956522,scaled raw GAE before minibatch normalization
101,2048,2,94,-0.5902063621702127,2.496218247571958,-5.02152495,0.28780834499999997,1.8926963499999998,0.44680851063829785,0.5531914893617021,scaled raw GAE before minibatch normalization
101,2048,3,85,-0.21189271471764703,2.1907581929370443,-4.77124244,0.61774445,1.86048496,0.38823529411764707,0.611764705882353,scaled raw GAE before minibatch normalization
101,2048,4,91,-0.19608628207252746,2.1349819220291377,-4.69376135,0.38791293,1.9373051000000001,0.4065934065934066,0.5934065934065934,scaled raw GAE before minibatch normalization
101,2560,0,156,0.7896319695512821,1.2964928128036026,-2.045806225,1.1810220500000002,2.187003025,0.1987179487179487,0.8012820512820513,scaled raw GAE before minibatch normalization
101,2560,1,139,0.5054705753525179,1.6921643892306262,-3.17134797,1.0920669,2.02537778,0.23741007194244604,0.762589928057554,scaled raw GAE before minibatch normalization
101,2560,2,77,0.24246816848051947,1.8542553377143018,-3.8120046,1.0998929,1.97697848,0.2987012987012987,0.7012987012987013,scaled raw GAE before minibatch normalization
101,2560,3,59,0.5705431952203392,1.7055412048134704,-2.85524264,1.3254386,1.9563855899999993,0.2033898305084746,0.7966101694915254,scaled raw GAE before minibatch normalization
101,2560,4,81,0.20095864098765429,1.9860684507068245,-3.093103,1.1381557,2.1091747,0.35802469135802467,0.6419753086419753,scaled raw GAE before minibatch normalization
101,3072,0,195,0.19347865951282053,1.2635764897112134,-2.16950517,0.7070704,1.4956170499999997,0.3282051282051282,0.6717948717948717,scaled raw GAE before minibatch normalization
101,3072,1,135,0.15350933983777776,1.2569556502153394,-1.88521297,0.7347409,1.458023,0.37777777777777777,0.6222222222222222,scaled raw GAE before minibatch normalization
101,3072,2,47,0.0641877164042553,1.1328298095337357,-2.21148642,0.33816242,1.1809302799999999,0.3617021276595745,0.6382978723404256,scaled raw GAE before minibatch normalization
101,3072,3,60,-0.49658100783333325,1.640253735565158,-2.7935122999999997,-0.21212480999999997,1.310109045,0.5166666666666667,0.48333333333333334,scaled raw GAE before minibatch normalization
101,3072,4,75,0.23129331093333336,1.1317934118197208,-1.92596354,0.6117538,1.6305195,0.3466666666666667,0.6533333333333333,scaled raw GAE before minibatch normalization
101,3584,0,197,-0.05761637021522844,1.2797748400665931,-2.47479152,0.35548759,1.5130158799999995,0.3553299492385787,0.6446700507614214,scaled raw GAE before minibatch normalization
101,3584,1,129,-0.3095430961643411,1.4466221528259833,-2.6109631600000003,0.103486694,1.5797135799999988,0.4496124031007752,0.5503875968992248,scaled raw GAE before minibatch normalization
101,3584,2,66,-0.36120201945454555,1.4098679273416705,-2.82856545,0.065769737,1.2646985000000002,0.4696969696969697,0.5303030303030303,scaled raw GAE before minibatch normalization
101,3584,3,49,-0.6846127431632651,1.416015378216453,-2.9198774399999996,-0.5023697,0.8569527399999999,0.5510204081632653,0.4489795918367347,scaled raw GAE before minibatch normalization
101,3584,4,71,-0.9306160561549297,1.6512783978685617,-3.82935935,-0.7406718,1.00055885,0.5774647887323944,0.4225352112676056,scaled raw GAE before minibatch normalization
101,4096,0,277,0.5932581305469316,1.0026379368123592,-1.3783156399999998,0.77575517,1.7841972799999994,0.1588447653429603,0.8411552346570397,scaled raw GAE before minibatch normalization
101,4096,1,127,0.5864520367559055,1.192723258805061,-1.71946222,0.77620625,1.8165259099999995,0.15748031496062992,0.84251968503937,scaled raw GAE before minibatch normalization
101,4096,2,32,0.444111702259375,1.3437359958373516,-2.19273737,0.7867612500000001,1.45638875,0.1875,0.8125,scaled raw GAE before minibatch normalization
101,4096,3,30,0.728844246,1.060346706768205,-0.6021783329999997,0.960837565,1.6443002149999992,0.06666666666666667,0.9333333333333333,scaled raw GAE before minibatch normalization
101,4096,4,46,0.5050854821086956,1.231280572701661,-2.1312415500000004,0.70573642,1.928675225,0.1956521739130435,0.8043478260869565,scaled raw GAE before minibatch normalization
101,4608,0,251,0.18418332201952192,0.9439528730034475,-1.8750122,0.32690674,1.3425654,0.3187250996015936,0.6812749003984063,scaled raw GAE before minibatch normalization
101,4608,1,138,-0.0021746027246376757,1.0188804825616087,-1.977013265,0.157042485,1.1323057600000004,0.36231884057971014,0.6376811594202898,scaled raw GAE before minibatch normalization
101,4608,2,41,0.042633264975609785,1.4923486285279486,-3.2077084,0.3282752,1.8554837,0.43902439024390244,0.5609756097560976,scaled raw GAE before minibatch normalization
101,4608,3,30,-0.27622570700000004,1.2207481997913479,-2.22132198,-0.142140335,1.3919539099999996,0.5333333333333333,0.4666666666666667,scaled raw GAE before minibatch normalization
101,4608,4,52,-0.028297583403846156,1.1270987143396387,-2.06852143,0.279278175,1.2381314849999987,0.34615384615384615,0.6538461538461539,scaled raw GAE before minibatch normalization
101,5120,0,287,0.061367971386759576,0.9718396297550838,-1.9283470199999997,0.17281441,1.2514741299999996,0.4181184668989547,0.5818815331010453,scaled raw GAE before minibatch normalization
101,5120,1,115,0.026672683686956522,0.782192385694288,-1.53935809,0.13749951,1.09692809,0.43478260869565216,0.5652173913043478,scaled raw GAE before minibatch normalization
101,5120,2,45,0.22234988226666666,0.8575833798153975,-1.156135168,0.32304192,1.3926672199999997,0.35555555555555557,0.6444444444444445,scaled raw GAE before minibatch normalization
101,5120,3,23,0.15266075165217388,0.7708185161040373,-0.946964755,-0.054831266,1.3780610999999998,0.5217391304347826,0.4782608695652174,scaled raw GAE before minibatch normalization
101,5120,4,42,-0.1957339980952381,0.8660451930857884,-1.857459435,-0.08928681,0.730500475,0.5476190476190477,0.4523809523809524,scaled raw GAE before minibatch normalization
101,5632,0,306,0.0290798858251634,1.0377578004332086,-1.916687475,0.095051945,1.596166575,0.4477124183006536,0.5522875816993464,scaled raw GAE before minibatch normalization
101,5632,1,89,-0.08104543613483145,0.9920349097120167,-1.9297249199999997,0.08270792,1.2460692199999996,0.449438202247191,0.550561797752809,scaled raw GAE before minibatch normalization
101,5632,2,63,0.06734395414285715,0.8485752001518088,-1.32583994,0.10559166,1.6132595899999993,0.47619047619047616,0.5238095238095238,scaled raw GAE before minibatch normalization
101,5632,3,27,-0.23179561540740745,1.1746280930037774,-2.52544926,0.029286444,1.1170076249999998,0.48148148148148145,0.5185185185185185,scaled raw GAE before minibatch normalization
101,5632,4,27,0.2711285992592592,0.9561167332623975,-1.25678821,0.45264184,1.6367697499999996,0.3333333333333333,0.6666666666666666,scaled raw GAE before minibatch normalization
101,6144,0,315,-0.18790104897015872,1.0073479812841437,-1.5975689699999998,-0.0596914,1.0748741300000002,0.5365079365079365,0.4634920634920635,scaled raw GAE before minibatch normalization
101,6144,1,88,-0.31906525218181814,0.9670145747172357,-2.01302331,-0.09829591300000001,0.836085279999999,0.5681818181818182,0.4318181818181818,scaled raw GAE before minibatch normalization
101,6144,2,42,-0.21951160365000005,0.8864656575728412,-1.7997121499999997,-0.078484012,0.7821409519999999,0.5714285714285714,0.42857142857142855,scaled raw GAE before minibatch normalization
101,6144,3,27,-0.21851556674074074,0.8520773987754846,-1.79157078,-0.029205024,0.8584649399999998,0.5185185185185185,0.48148148148148145,scaled raw GAE before minibatch normalization
101,6144,4,40,-0.42429544237499994,1.561656995359644,-3.4965542949999997,-0.016729291500000004,1.1566339549999998,0.5,0.5,scaled raw GAE before minibatch normalization
101,6656,0,347,0.2492556559365994,0.8322799417341066,-0.965123912,0.23471618,1.7225951299999993,0.4034582132564842,0.5965417867435159,scaled raw GAE before minibatch normalization
101,6656,1,70,0.14616250067571432,0.7541266001836227,-0.833641055,0.18496911,1.3187113549999998,0.44285714285714284,0.5571428571428572,scaled raw GAE before minibatch normalization
101,6656,2,50,0.26207993100000004,0.7078434596669984,-0.786016638,0.231771125,1.2641556249999992,0.34,0.66,scaled raw GAE before minibatch normalization
101,6656,3,17,0.08537987152941175,0.6510470678759612,-0.7926938480000001,0.113318026,1.1085851,0.4117647058823529,0.5882352941176471,scaled raw GAE before minibatch normalization
101,6656,4,28,0.15090212923214283,0.8432089846647595,-0.9046968405,0.215360045,1.469255045,0.39285714285714285,0.6071428571428571,scaled raw GAE before minibatch normalization
101,7168,0,348,-0.017564888889655177,0.8562848071483131,-1.329300215,0.0584440305,1.063421275,0.47701149425287354,0.5229885057471264,scaled raw GAE before minibatch normalization
101,7168,1,66,-0.049790091939393925,0.7305436230106483,-1.5221227,-0.046050050999999995,0.9452627,0.5151515151515151,0.48484848484848486,scaled raw GAE before minibatch normalization
101,7168,2,57,-0.2032986129298246,0.777366704493648,-1.55376538,-0.23559628,0.9980615959999996,0.6140350877192983,0.38596491228070173,scaled raw GAE before minibatch normalization
101,7168,3,17,-0.168006074117647,0.5969551784258951,-1.18889862,-0.06472446,0.461411396,0.5294117647058824,0.47058823529411764,scaled raw GAE before minibatch normalization
101,7168,4,24,-0.20949149604166664,0.7423632322373525,-1.5919673,0.0181006875,0.6319832514999998,0.4583333333333333,0.5416666666666666,scaled raw GAE before minibatch normalization
101,7680,0,384,0.12724142753947917,0.7061088704904694,-0.9519927965,0.14316349,1.2921512899999974,0.4270833333333333,0.5729166666666666,scaled raw GAE before minibatch normalization
101,7680,1,53,0.09821273715094339,0.6782179457636967,-0.772675452,-0.009188056,1.1910928399999998,0.5094339622641509,0.49056603773584906,scaled raw GAE before minibatch normalization
101,7680,2,38,-0.02868708114068423,0.787791032085681,-1.02136874,-0.14164369500000001,1.2092568899999998,0.6052631578947368,0.39473684210526316,scaled raw GAE before minibatch normalization
101,7680,3,17,0.01931501911764705,0.6004983223257069,-0.771096624,-0.04260108,0.9212781399999997,0.5294117647058824,0.47058823529411764,scaled raw GAE before minibatch normalization
101,7680,4,20,0.124786430715,0.7429369393197496,-0.8304519119999999,0.151180505,1.2889175750000004,0.45,0.55,scaled raw GAE before minibatch normalization
101,8192,0,394,-0.08050971548223351,0.8433626268783968,-1.31486265,0.055941215,0.9720400809999998,0.47715736040609136,0.5228426395939086,scaled raw GAE before minibatch normalization
101,8192,1,50,-0.25780640872000005,1.1093522061547938,-2.5099217649999996,-0.15382520500000002,0.9586949824999995,0.58,0.42,scaled raw GAE before minibatch normalization
101,8192,2,31,-0.5264235847096775,1.227017743904084,-3.16513405,-0.18093401,0.92824083,0.6451612903225806,0.3548387096774194,scaled raw GAE before minibatch normalization
101,8192,3,16,-0.17750120900000005,1.3862498603796363,-1.730596205,0.264847465,0.613996075,0.4375,0.5625,scaled raw GAE before minibatch normalization
101,8192,4,21,-0.18952702366666674,0.5946281674991204,-1.0848442,-0.18956733,0.5966024,0.6666666666666666,0.3333333333333333,scaled raw GAE before minibatch normalization
101,8704,0,415,0.027303489472289156,0.8045655794595657,-1.49409006,0.07267181,1.224379699999998,0.44096385542168676,0.5590361445783133,scaled raw GAE before minibatch normalization
101,8704,1,39,-0.027047263171794882,0.8154240983152246,-1.032958064,-0.1247094,1.1354399000000006,0.6153846153846154,0.38461538461538464,scaled raw GAE before minibatch normalization
101,8704,2,29,0.02275625293448278,0.5041906343529853,-0.5893981899999999,-0.052956775,0.9273204799999999,0.5517241379310345,0.4482758620689655,scaled raw GAE before minibatch normalization
101,8704,3,17,0.21651709382352938,0.6795980280506982,-0.811136324,0.28893995,1.1656606200000001,0.35294117647058826,0.6470588235294118,scaled raw GAE before minibatch normalization
101,8704,4,12,0.16845924725000003,0.39663936112436005,-0.418553424,0.22470655,0.7197790784999999,0.3333333333333333,0.6666666666666666,scaled raw GAE before minibatch normalization
101,9216,0,405,0.06053524778296297,0.8310231115960868,-1.33821076,0.068262875,1.2278423199999997,0.4567901234567901,0.5432098765432098,scaled raw GAE before minibatch normalization
101,9216,1,43,0.051097567674418594,0.9041494982613376,-0.995696335,0.14464706,1.32859798,0.4186046511627907,0.5813953488372093,scaled raw GAE before minibatch normalization
101,9216,2,26,-0.3789337666153846,1.073601853198727,-2.3086867,-0.26714532999999996,0.79877879,0.5769230769230769,0.4230769230769231,scaled raw GAE before minibatch normalization
101,9216,3,12,-0.0014472440000000235,0.9349771006719828,-1.4669260100000001,-0.00013689900000000282,1.2816851299999994,0.5,0.5,scaled raw GAE before minibatch normalization
101,9216,4,26,-0.2917345781923077,1.2342099136262015,-2.81787925,-0.035275038,1.110636625,0.5384615384615384,0.46153846153846156,scaled raw GAE before minibatch normalization
101,9728,0,412,-0.027393101268203872,0.8788021488383542,-1.507236895,0.0065432265,1.0252652449999995,0.4975728155339806,0.5024271844660194,scaled raw GAE before minibatch normalization
101,9728,1,52,-0.18893699344230772,0.936585258304624,-1.58565023,-0.16648208,1.0584316549999997,0.6153846153846154,0.38461538461538464,scaled raw GAE before minibatch normalization
101,9728,2,24,0.1303617045833333,0.7983718775001545,-0.7403128975,0.19918205,1.258013584999999,0.4166666666666667,0.5833333333333334,scaled raw GAE before minibatch normalization
101,9728,3,10,-0.0674936347,1.4656395897984622,-2.3721439835,0.23067855650000002,1.4090907099999999,0.5,0.5,scaled raw GAE before minibatch normalization
101,9728,4,14,-0.29044124571428576,0.8335277235422006,-1.056469074,-0.46129022500000005,0.8899077934999993,0.7857142857142857,0.21428571428571427,scaled raw GAE before minibatch normalization
101,10240,0,452,0.038044704743141596,0.640046880192238,-0.9752448315,0.0182469915,1.08640546,0.48451327433628316,0.5154867256637168,scaled raw GAE before minibatch normalization
101,10240,1,26,0.028725119269230766,0.7188691155694288,-1.1399055375,0.19766794999999998,0.9530738075,0.4230769230769231,0.5769230769230769,scaled raw GAE before minibatch normalization
101,10240,2,13,-0.09147626907692308,0.44294687801449145,-0.5987196,-0.139043,0.5814901919999995,0.6153846153846154,0.38461538461538464,scaled raw GAE before minibatch normalization
101,10240,3,12,-0.09838556524999997,0.6720776955327786,-1.2495299,-0.0472674445,0.7254232749999996,0.5833333333333334,0.4166666666666667,scaled raw GAE before minibatch normalization
101,10240,4,9,-0.04073999616666665,0.5492940472749763,-0.8897959,0.043223754,0.5491124839999999,0.4444444444444444,0.5555555555555556,scaled raw GAE before minibatch normalization
101,10752,0,451,0.11122691398991132,0.635565454260577,-0.7198657,0.028475136,1.3398614,0.48558758314855877,0.5144124168514412,scaled raw GAE before minibatch normalization
101,10752,1,20,-0.0770295072,0.5600061592141289,-0.72030756,-0.16757814999999998,1.0774290100000001,0.7,0.3,scaled raw GAE before minibatch normalization
101,10752,2,15,-0.025046548666666665,0.4663436107963574,-0.583708322,-0.26054975,0.7238840409999999,0.6,0.4,scaled raw GAE before minibatch normalization
101,10752,3,14,0.23430156307142855,0.867730219800815,-0.8068244755,0.14357044,1.4517199049999998,0.42857142857142855,0.5714285714285714,scaled raw GAE before minibatch normalization
101,10752,4,12,-0.36571862150000006,0.3767990962054223,-0.9047501174999999,-0.37067853,0.13555472459999968,0.9166666666666666,0.08333333333333333,scaled raw GAE before minibatch normalization
101,11264,0,460,0.0015004284926086867,0.8645051124459052,-1.3492631649999998,0.0254602395,1.3071116349999996,0.4782608695652174,0.5217391304347826,scaled raw GAE before minibatch normalization
101,11264,1,17,-0.07010021035294116,0.7510318055888192,-0.8706795599999999,-0.18238857,0.7057201159999986,0.5882352941176471,0.4117647058823529,scaled raw GAE before minibatch normalization
101,11264,2,20,0.009337806699999989,1.0052674979231961,-1.61416222,0.054545266999999995,1.5107501050000007,0.45,0.55,scaled raw GAE before minibatch normalization
101,11264,3,8,0.556146367,0.7497183512903024,-0.21220309589999997,0.461750965,1.6540238689999995,0.25,0.75,scaled raw GAE before minibatch normalization
101,11264,4,7,-0.8601142114285716,2.133267309314415,-3.6584065000000003,-0.6575542,1.7593253099999995,0.7142857142857143,0.2857142857142857,scaled raw GAE before minibatch normalization
101,11776,0,460,-0.028376428699347825,0.7187095052729987,-1.3144909649999998,-0.009994518,1.0892036349999994,0.5043478260869565,0.4956521739130435,scaled raw GAE before minibatch normalization
101,11776,1,27,-0.0711592724074074,0.5515780780811212,-0.989255015,-0.058972776,0.4035297419999999,0.5925925925925926,0.4074074074074074,scaled raw GAE before minibatch normalization
101,11776,2,10,-0.7383927066000001,0.6304456889494243,-1.703355502,-0.6804429999999999,-0.04973508830000016,0.9,0.1,scaled raw GAE before minibatch normalization
101,11776,3,15,-0.40908362800000003,0.8372957868962448,-1.18029467,-0.72007567,0.9468698799999986,0.8,0.2,scaled raw GAE before minibatch normalization
101,11776,4,0,,,,,,,,scaled raw GAE before minibatch normalization
101,12288,0,477,-0.026976057606918236,0.8871505036071313,-1.4988728599999999,-0.028833896,1.1682993399999997,0.5220125786163522,0.4779874213836478,scaled raw GAE before minibatch normalization
101,12288,1,11,-0.4338276578181818,1.4627898206346814,-2.5367156499999997,-0.20822048,0.884077935,0.8181818181818182,0.18181818181818182,scaled raw GAE before minibatch normalization
101,12288,2,9,0.008280286888888886,0.2824153701805363,-0.379011524,-0.018516682,0.37319019999999997,0.5555555555555556,0.4444444444444444,scaled raw GAE before minibatch normalization
101,12288,3,9,-0.82907303,1.6915018512663778,-3.67807508,-0.22746299,0.37408365999999976,0.8888888888888888,0.1111111111111111,scaled raw GAE before minibatch normalization
101,12288,4,6,-0.7082276910000002,2.1997151869687057,-3.8483641800000004,-0.158903815,1.128057101,0.6666666666666666,0.3333333333333333,scaled raw GAE before minibatch normalization
101,12800,0,487,-0.03482179281786447,0.7541754752875645,-1.4588845099999999,-0.033439636,1.1270249599999997,0.5277207392197125,0.4722792607802875,scaled raw GAE before minibatch normalization
101,12800,1,14,-0.4728227337857143,1.2078896884228427,-3.0049651,-0.0885965365,0.7749861399999999,0.5,0.5,scaled raw GAE before minibatch normalization
101,12800,2,5,-0.28859843139999997,0.20172645093965705,-0.5023022260000001,-0.24676107,-0.06898434360000003,1.0,0.0,scaled raw GAE before minibatch normalization
101,12800,3,4,0.4674109925,0.5921652676325968,-0.25222578799999995,0.68923595,0.8764928325,0.25,0.75,scaled raw GAE before minibatch normalization
101,12800,4,2,-0.21668687500000003,0.6275855030768337,-0.6160798435,-0.216686875,0.18270609349999994,0.5,0.5,scaled raw GAE before minibatch normalization
101,13312,0,482,0.07775535708091286,0.673338117260719,-0.980803018,0.061697796,1.141546115,0.46680497925311204,0.533195020746888,scaled raw GAE before minibatch normalization
101,13312,1,10,-0.022202544500000032,0.5410011149295866,-0.8195769580000001,0.008644342499999999,0.5971134679999999,0.5,0.5,scaled raw GAE before minibatch normalization
101,13312,2,8,0.15243001,0.3408338331198625,-0.280417958,0.28396064,0.5305590354999999,0.375,0.625,scaled raw GAE before minibatch normalization
101,13312,3,8,0.06352541999999999,1.003479192006574,-1.320198534,0.11382401999999997,1.2690198309999998,0.5,0.5,scaled raw GAE before minibatch normalization
101,13312,4,4,-0.25029007875,0.4928999587188881,-0.7528913265,-0.2735000525,0.2848051322499998,0.75,0.25,scaled raw GAE before minibatch normalization
101,13824,0,495,0.04569154914141414,0.649030421497517,-1.05716034,0.0009537712,1.1901564799999993,0.494949494949495,0.5050505050505051,scaled raw GAE before minibatch normalization
101,13824,1,0,,,,,,,,scaled raw GAE before minibatch normalization
101,13824,2,6,-0.12205880516666667,0.7240890349125565,-1.1721769850000001,0.0719083695,0.5473959675,0.3333333333333333,0.6666666666666666,scaled raw GAE before minibatch normalization
101,13824,3,9,0.15546416477777775,1.0448503173173733,-1.44716386,0.27011725,1.3082652799999999,0.3333333333333333,0.6666666666666666,scaled raw GAE before minibatch normalization
101,13824,4,2,-0.30172427,0.012755767926400976,-0.309841991,-0.30172427,-0.293606549,1.0,0.0,scaled raw GAE before minibatch normalization
101,14336,0,489,0.020891069706319015,0.6239404870144325,-0.582902662,-0.05473095,0.905504384,0.5501022494887525,0.4498977505112474,scaled raw GAE before minibatch normalization
101,14336,1,10,-0.164215082,0.1879526894552742,-0.379614312,-0.156503395,0.13913437649999977,0.8,0.2,scaled raw GAE before minibatch normalization
101,14336,2,7,0.05338409671428572,0.23198273481661133,-0.19370431899999999,-0.016791768,0.39558737899999985,0.5714285714285714,0.42857142857142855,scaled raw GAE before minibatch normalization
101,14336,3,2,-0.13675225,0.12188413729448144,-0.21431884,-0.13675225,-0.05918566000000001,1.0,0.0,scaled raw GAE before minibatch normalization
101,14336,4,4,0.4269169625,0.9521757043628839,-0.2539721615,0.09359747499999999,1.5744533689999995,0.5,0.5,scaled raw GAE before minibatch normalization
101,14848,0,485,-0.1033172346577732,0.6585443658325989,-1.4101871999999998,-0.013085702,0.7697637539999996,0.5051546391752577,0.4948453608247423,scaled raw GAE before minibatch normalization
101,14848,1,12,-0.06617682833333334,0.5491232485960279,-0.9164724275,0.12038531499999999,0.49375387599999987,0.4166666666666667,0.5833333333333334,scaled raw GAE before minibatch normalization
101,14848,2,5,-0.092944822,0.6432487783659158,-0.9585979120000001,0.31121895,0.36010085999999997,0.4,0.6,scaled raw GAE before minibatch normalization
101,14848,3,6,-0.19405610183333333,0.6435225681115543,-1.149834325,0.0735382375,0.1775896485,0.3333333333333333,0.6666666666666666,scaled raw GAE before minibatch normalization
101,14848,4,4,-1.6235601025,1.4508359783754032,-2.888147825,-1.89019075,0.014310526499999476,0.75,0.25,scaled raw GAE before minibatch normalization
101,15360,0,489,0.10458383301789367,0.5893737841871814,-0.7637867399999999,0.022188932,1.0220639799999995,0.47648261758691207,0.523517382413088,scaled raw GAE before minibatch normalization
101,15360,1,7,-0.24785168771428576,1.0879907014355905,-1.808597282,-0.10215628,0.9895720659999994,0.7142857142857143,0.2857142857142857,scaled raw GAE before minibatch normalization
101,15360,2,9,-0.17598243000000002,0.6209526355177513,-1.2060845599999999,-0.11361176,0.38689666599999994,0.5555555555555556,0.4444444444444444,scaled raw GAE before minibatch normalization
101,15360,3,4,0.07526262375,0.5230107598534535,-0.4112460935,-0.006393472499999997,0.6760898757499998,0.5,0.5,scaled raw GAE before minibatch normalization
101,15360,4,3,0.04326613666666664,0.7678184200333441,-0.45084106,-0.33288598,0.8006798149999999,0.6666666666666666,0.3333333333333333,scaled raw GAE before minibatch normalization
101,15872,0,500,-0.010162034115599992,0.6011048362392829,-0.88606427,-0.0412022045,0.9057124599999999,0.534,0.466,scaled raw GAE before minibatch normalization
101,15872,1,2,0.32714339,0.01089388506085868,0.320210564,0.32714339,0.334076216,0.0,1.0,scaled raw GAE before minibatch normalization
101,15872,2,4,-0.351867061,0.8691452313528043,-1.4081533111,0.046499658,0.1467057825,0.5,0.5,scaled raw GAE before minibatch normalization
101,15872,3,3,0.026526835666666665,0.1233074082230915,-0.08789432009999999,0.037272513,0.13342601729999998,0.3333333333333333,0.6666666666666666,scaled raw GAE before minibatch normalization
101,15872,4,3,-0.47413382333333326,1.047865424204087,-1.4641185429999999,-0.31742173,0.4061524309999999,0.6666666666666666,0.3333333333333333,scaled raw GAE before minibatch normalization
101,16384,0,496,0.032945908212096774,0.6345707354344271,-1.163617725,0.005074523399999999,1.11426355,0.4959677419354839,0.5040322580645161,scaled raw GAE before minibatch normalization
101,16384,1,3,0.44851626333333333,0.6880057718775607,-0.128327129,0.3431206,1.09913662,0.3333333333333333,0.6666666666666666,scaled raw GAE before minibatch normalization
101,16384,2,3,-0.27360601333333334,0.12409849270124773,-0.395021247,-0.23221077,-0.18116745,1.0,0.0,scaled raw GAE before minibatch normalization
101,16384,3,10,0.12115201119999999,0.5882442886195778,-0.41849228650000003,0.0443961415,0.9961253179999984,0.4,0.6,scaled raw GAE before minibatch normalization
101,16384,4,0,,,,,,,,scaled raw GAE before minibatch normalization
101,16896,0,501,-0.009835678407584833,0.618007971916377,-0.9321246,0.003709495,0.97800124,0.49700598802395207,0.5029940119760479,scaled raw GAE before minibatch normalization
101,16896,1,1,0.6948285,,0.6948285,0.6948285,0.6948285,0.0,1.0,scaled raw GAE before minibatch normalization
101,16896,2,2,0.16887235,1.6697050309980277,-0.893721425,0.16887235,1.2314661249999999,0.5,0.5,scaled raw GAE before minibatch normalization
101,16896,3,8,0.34441433912499997,0.49952641150365396,-0.10695543734999999,0.182845275,1.1534072774999997,0.25,0.75,scaled raw GAE before minibatch normalization
101,16896,4,0,,,,,,,,scaled raw GAE before minibatch normalization
101,17408,0,494,-0.03644722882194333,0.638137291588751,-1.03503976,-0.03600894,0.943726539999998,0.5587044534412956,0.44129554655870445,scaled raw GAE before minibatch normalization
101,17408,1,7,0.19782992057142854,0.3386355935838422,-0.23064626700000002,0.27300957,0.543497948,0.2857142857142857,0.7142857142857143,scaled raw GAE before minibatch normalization
101,17408,2,1,-0.22999248,,-0.22999248,-0.22999248,-0.22999248,1.0,0.0,scaled raw GAE before minibatch normalization
101,17408,3,6,-0.14986878,0.6696737211294467,-0.7964853375,-0.274559615,0.7499359,0.5,0.5,scaled raw GAE before minibatch normalization
101,17408,4,4,0.176270177,0.4131988732398736,-0.20094044879999998,0.10480097399999999,0.6535376869999998,0.25,0.75,scaled raw GAE before minibatch normalization
101,17920,0,494,-0.1225453556813765,0.6858769599129196,-1.176122315,-0.090106875,0.7477927689999986,0.582995951417004,0.41700404858299595,scaled raw GAE before minibatch normalization
101,17920,1,5,-0.158437518,0.7907041893829266,-0.676541852,-0.39092943,0.9180854599999997,0.8,0.2,scaled raw GAE before minibatch normalization
101,17920,2,4,-0.21735692500000003,0.4803699856361654,-0.733555573,-0.139713525,0.190140963,0.5,0.5,scaled raw GAE before minibatch normalization
101,17920,3,7,-0.7625065914285715,1.365677024218857,-2.90327054,-0.45971522,0.273217873,0.7142857142857143,0.2857142857142857,scaled raw GAE before minibatch normalization
101,17920,4,2,-0.26853404999999997,0.12271279573135394,-0.34662799499999997,-0.26853404999999997,-0.19044010500000003,1.0,0.0,scaled raw GAE before minibatch normalization
101,18432,0,490,0.044869028970448976,0.5578319619740844,-0.8116266274999999,0.04482425,0.8153224069999999,0.46530612244897956,0.5346938775510204,scaled raw GAE before minibatch normalization
101,18432,1,8,0.100357816,0.49565645224876564,-0.4878656,0.10420547899999999,0.7655871449999999,0.5,0.5,scaled raw GAE before minibatch normalization
101,18432,2,5,0.027619264099999995,0.1267017483250254,-0.1302732913,0.013386607,0.15362684799999998,0.2,0.8,scaled raw GAE before minibatch normalization
101,18432,3,7,-0.36055544485714286,0.5801777465033328,-1.245119969,-0.21226847,0.2055754705999998,0.7142857142857143,0.2857142857142857,scaled raw GAE before minibatch normalization
101,18432,4,2,-0.855858665,1.713727073818443,-1.9464678965,-0.8558586650000001,0.23475056649999992,0.5,0.5,scaled raw GAE before minibatch normalization
101,18944,0,490,0.10491468817326528,0.5064955715673257,-0.651024455,0.038780209,0.9782372079999999,0.45102040816326533,0.5489795918367347,scaled raw GAE before minibatch normalization
101,18944,1,8,-0.1406225875,0.37095692783272843,-0.734834703,-0.040483703499999996,0.1843225674499999,0.75,0.25,scaled raw GAE before minibatch normalization
101,18944,2,2,-0.13350682500000005,1.1675601860508737,-0.8765375775,-0.133506825,0.6095239274999998,0.5,0.5,scaled raw GAE before minibatch normalization
101,18944,3,11,-0.16820779272727274,0.4936892262709349,-0.84431945,0.04623537,0.35761822,0.45454545454545453,0.5454545454545454,scaled raw GAE before minibatch normalization
101,18944,4,1,-0.02689952,,-0.02689952,-0.02689952,-0.02689952,1.0,0.0,scaled raw GAE before minibatch normalization
101,19456,0,504,0.05566317056944444,0.5953377499572542,-0.7821288829999999,0.00362737965,1.152416315,0.498015873015873,0.501984126984127,scaled raw GAE before minibatch normalization
101,19456,1,5,-0.368459938,0.7413150811872773,-1.37987935,-0.13468306,0.10452859399999999,0.6,0.4,scaled raw GAE before minibatch normalization
101,19456,2,1,0.9532981,,0.9532981,0.9532981,0.9532981,0.0,1.0,scaled raw GAE before minibatch normalization
101,19456,3,2,-0.26264245,1.0875971924770886,-0.954785065,-0.2626424500000001,0.429500165,0.5,0.5,scaled raw GAE before minibatch normalization
101,19456,4,0,,,,,,,,scaled raw GAE before minibatch normalization
101,19968,0,503,0.051122525546779325,0.5589477144192826,-0.726937845,0.008236811,1.0034260399999992,0.4870775347912525,0.5129224652087475,scaled raw GAE before minibatch normalization
101,19968,1,2,-0.24413248999999998,0.18893829553694244,-0.364372085,-0.24413249,-0.123892895,1.0,0.0,scaled raw GAE before minibatch normalization
101,19968,2,2,0.40894253,0.14198798918534553,0.318581927,0.40894253,0.499303133,0.0,1.0,scaled raw GAE before minibatch normalization
101,19968,3,3,0.43359903666666666,0.4491797108213418,0.102339878,0.27813002,0.873686507,0.0,1.0,scaled raw GAE before minibatch normalization
101,19968,4,2,0.078322875,0.24886080812959369,-0.0800511735,0.07832287500000001,0.2366969235,0.5,0.5,scaled raw GAE before minibatch normalization
101,20480,0,502,-0.11467961763187251,0.6378537430832804,-1.218827005,-0.0544293805,0.7418176974999996,0.599601593625498,0.40039840637450197,scaled raw GAE before minibatch normalization
101,20480,1,4,0.09814373075000002,0.19075441173941352,-0.07694658404999999,0.0660825165,0.31811974549999994,0.25,0.75,scaled raw GAE before minibatch normalization
101,20480,2,4,-0.199079575,0.5242653009465573,-0.832141999,-0.028234259999999997,0.19479940799999995,0.5,0.5,scaled raw GAE before minibatch normalization
101,20480,3,2,-0.816546297,1.1189971925771334,-1.5286717497,-0.816546297,-0.10442084430000007,1.0,0.0,scaled raw GAE before minibatch normalization
101,20480,4,0,,,,,,,,scaled raw GAE before minibatch normalization
101,20992,0,504,-0.05761894875873016,0.6214590269741703,-1.13314826,-0.0559816535,0.8285906789999994,0.5476190476190477,0.4523809523809524,scaled raw GAE before minibatch normalization
101,20992,1,2,-0.105152567,0.013783571674486189,-0.1139243783,-0.105152567,-0.0963807557,1.0,0.0,scaled raw GAE before minibatch normalization
101,20992,2,2,-0.09112258100000001,0.09107784101848354,-0.1490841641,-0.09112258100000001,-0.03316099790000001,1.0,0.0,scaled raw GAE before minibatch normalization
101,20992,3,4,-0.32077137185,0.9015837938534003,-1.312696865,-0.25867721369999996,0.5842222998899997,0.75,0.25,scaled raw GAE before minibatch normalization
101,20992,4,0,,,,,,,,scaled raw GAE before minibatch normalization
101,21504,0,495,0.07388910100636364,0.5249245988662077,-0.5628445400000001,-0.02486321,0.9727241549999999,0.5292929292929293,0.4707070707070707,scaled raw GAE before minibatch normalization
101,21504,1,7,0.23020441142857143,0.6900692910936326,-0.309143176,0.04059203,1.309215049999999,0.42857142857142855,0.5714285714285714,scaled raw GAE before minibatch normalization
101,21504,2,3,0.05956127533333333,0.1352557572837099,-0.07289516360000001,0.10579975,0.159650782,0.3333333333333333,0.6666666666666666,scaled raw GAE before minibatch normalization
101,21504,3,7,-0.048922438571428584,0.4097080886634152,-0.443995244,-0.17099485,0.5745124219999995,0.7142857142857143,0.2857142857142857,scaled raw GAE before minibatch normalization
101,21504,4,0,,,,,,,,scaled raw GAE before minibatch normalization
101,22016,0,497,-0.17752344923171026,0.7348411512112601,-1.6546762799999999,-0.100682475,0.8512601959999997,0.607645875251509,0.39235412474849096,scaled raw GAE before minibatch normalization
101,22016,1,7,-0.6630183257142857,1.1158137107450177,-2.22404908,-0.20674308,0.39150235699999997,0.5714285714285714,0.42857142857142855,scaled raw GAE before minibatch normalization
101,22016,2,2,-0.012532605000000002,0.3148831702990829,-0.2129230275,-0.012532605000000002,0.1878578175,0.5,0.5,scaled raw GAE before minibatch normalization
101,22016,3,6,-0.26689713899999995,0.5090450375673011,-1.00790375,-0.132999087,0.139066105,0.6666666666666666,0.3333333333333333,scaled raw GAE before minibatch normalization
101,22016,4,0,,,,,,,,scaled raw GAE before minibatch normalization
101,22528,0,505,0.12563102209445545,0.7197713318002701,-1.0868678799999998,0.074109755,1.0941969999999994,0.42178217821782177,0.5782178217821782,scaled raw GAE before minibatch normalization
101,22528,1,1,0.1486781,,0.1486781,0.1486781,0.1486781,0.0,1.0,scaled raw GAE before minibatch normalization
101,22528,2,2,-0.6429213149999999,0.5593241297111241,-0.9988730115,-0.6429213149999999,-0.2869696185,1.0,0.0,scaled raw GAE before minibatch normalization
101,22528,3,3,-0.6472945333333333,1.4712053963167457,-2.093491536,-0.08572506,0.405803838,0.6666666666666666,0.3333333333333333,scaled raw GAE before minibatch normalization
101,22528,4,1,-0.10868081,,-0.10868081,-0.10868081,-0.10868081,1.0,0.0,scaled raw GAE before minibatch normalization
101,23040,0,507,0.02371075246923077,0.47461795873593954,-0.735699871,-0.008329336,0.7362126799999996,0.5226824457593688,0.47731755424063116,scaled raw GAE before minibatch normalization
101,23040,1,1,-0.3180067,,-0.3180067,-0.3180067,-0.3180067,1.0,0.0,scaled raw GAE before minibatch normalization
101,23040,2,0,,,,,,,,scaled raw GAE before minibatch normalization
101,23040,3,4,0.22471730225000003,0.39986186375001725,-0.06514551915,0.087984922,0.7060054559999999,0.5,0.5,scaled raw GAE before minibatch normalization
101,23040,4,0,,,,,,,,scaled raw GAE before minibatch normalization
101,23552,0,501,-0.14475903352423153,0.6346148449832498,-1.3767337,-0.07740632,0.82501495,0.5868263473053892,0.41317365269461076,scaled raw GAE before minibatch normalization
101,23552,1,6,0.5148575973333334,1.155333613200971,-0.3402347375,0.058390467,2.2418725,0.5,0.5,scaled raw GAE before minibatch normalization
101,23552,2,3,-0.8000443466666667,0.865709659050967,-1.651053207,-0.31465137,-0.28881057000000004,1.0,0.0,scaled raw GAE before minibatch normalization
101,23552,3,1,0.05164326,,0.05164326,0.05164326,0.05164326,0.0,1.0,scaled raw GAE before minibatch normalization
101,23552,4,1,-0.86381805,,-0.86381805,-0.86381805,-0.86381805,1.0,0.0,scaled raw GAE before minibatch normalization
101,24064,0,498,0.06088205289196787,0.6273953692616633,-0.7324137749999999,0.015454549500000001,0.9988766649999993,0.4839357429718876,0.5160642570281124,scaled raw GAE before minibatch normalization
101,24064,1,9,0.029437758399999982,0.357032089497722,-0.415243016,-0.0075336844,0.55182753,0.5555555555555556,0.4444444444444444,scaled raw GAE before minibatch normalization
101,24064,2,3,0.11813492923333334,0.31379594235127345,-0.10512903623,-0.0038056523,0.42675730176999993,0.6666666666666666,0.3333333333333333,scaled raw GAE before minibatch normalization
101,24064,3,2,0.010139768,0.1199246991489795,-0.0661798432,0.010139768000000007,0.08645937919999999,0.5,0.5,scaled raw GAE before minibatch normalization
101,24064,4,0,,,,,,,,scaled raw GAE before minibatch normalization
101,24576,0,504,0.15011927529623015,0.579689471662914,-0.638188547,0.09527299,1.1072509999999995,0.3888888888888889,0.6111111111111112,scaled raw GAE before minibatch normalization
101,24576,1,4,0.07075394650000001,0.1613286330304462,-0.0713007106,0.04335831800000001,0.2511624835,0.5,0.5,scaled raw GAE before minibatch normalization
101,24576,2,2,0.20554328,0.16019317451591,0.103596968,0.20554328,0.307489592,0.0,1.0,scaled raw GAE before minibatch normalization
101,24576,3,2,0.25410851,0.129253816300042,0.171851885,0.25410851,0.33636513500000004,0.0,1.0,scaled raw GAE before minibatch normalization
101,24576,4,0,,,,,,,,scaled raw GAE before minibatch normalization
101,25088,0,503,0.002763381329920477,0.6217558212510521,-1.01807132,0.020681232,0.865173837,0.46520874751491054,0.5347912524850894,scaled raw GAE before minibatch normalization
101,25088,1,5,-0.24191284259999998,0.2578043305546761,-0.52179984,-0.12870996,-0.016038530400000004,1.0,0.0,scaled raw GAE before minibatch normalization
101,25088,2,0,,,,,,,,scaled raw GAE before minibatch normalization
101,25088,3,4,0.0791719045,0.10717130523358631,-0.0380108487,0.0871236775,0.18522217549999997,0.25,0.75,scaled raw GAE before minibatch normalization
101,25088,4,0,,,,,,,,scaled raw GAE before minibatch normalization
101,25600,0,504,-0.0756759461234127,0.5720604110986689,-1.04552675,-0.050715871499999995,0.7759883599999979,0.5535714285714286,0.44642857142857145,scaled raw GAE before minibatch normalization
101,25600,1,6,-0.27491805166666666,0.48159098993845584,-0.8070622574999999,-0.31299714,0.333210035,0.6666666666666666,0.3333333333333333,scaled raw GAE before minibatch normalization
101,25600,2,1,0.030829668,,0.030829668,0.030829668,0.030829668,0.0,1.0,scaled raw GAE before minibatch normalization
101,25600,3,1,-0.37392363,,-0.37392363,-0.37392363,-0.37392363,1.0,0.0,scaled raw GAE before minibatch normalization
101,25600,4,0,,,,,,,,scaled raw GAE before minibatch normalization
101,26112,0,506,0.023767847647598622,0.5293003040020253,-0.7433027050000001,-0.015377508500000001,0.90892504,0.5296442687747036,0.47035573122529645,scaled raw GAE before minibatch normalization
101,26112,1,4,0.07751242749999998,1.00037603538788,-0.7233002165,-0.20558010999999998,1.2746546239999994,0.75,0.25,scaled raw GAE before minibatch normalization
101,26112,2,1,0.17218943,,0.17218943,0.17218943,0.17218943,0.0,1.0,scaled raw GAE before minibatch normalization
101,26112,3,1,-0.05533769,,-0.05533769,-0.05533769,-0.05533769,1.0,0.0,scaled raw GAE before minibatch normalization
101,26112,4,0,,,,,,,,scaled raw GAE before minibatch normalization
101,26624,0,506,0.006397313470158106,0.7229061164383109,-1.1531194,0.031228922,1.0194045875,0.44861660079051385,0.5513833992094862,scaled raw GAE before minibatch normalization
101,26624,1,1,0.11303821,,0.11303821,0.11303821,0.11303821,0.0,1.0,scaled raw GAE before minibatch normalization
101,26624,2,3,-0.015508518666666674,0.219882219680126,-0.1669999606,-0.108659446,0.2011885724,0.6666666666666666,0.3333333333333333,scaled raw GAE before minibatch normalization
101,26624,3,2,0.195887295,0.07995648819139849,0.14500329750000002,0.195887295,0.24677129249999996,0.0,1.0,scaled raw GAE before minibatch normalization
101,26624,4,0,,,,,,,,scaled raw GAE before minibatch normalization
101,27136,0,506,-0.11562759303942688,0.6493767002220899,-1.3405285999999998,-0.08287307499999999,0.739956375,0.5909090909090909,0.4090909090909091,scaled raw GAE before minibatch normalization
101,27136,1,3,-0.7051966433333333,1.0146441799085673,-1.6732569149999998,-0.51307875,0.12838110299999994,0.6666666666666666,0.3333333333333333,scaled raw GAE before minibatch normalization
101,27136,2,2,-0.31060645,0.28008110694069493,-0.48884897499999996,-0.31060645,-0.13236392500000002,1.0,0.0,scaled raw GAE before minibatch normalization
101,27136,3,0,,,,,,,,scaled raw GAE before minibatch normalization
101,27136,4,1,-0.1916308,,-0.1916308,-0.1916308,-0.1916308,1.0,0.0,scaled raw GAE before minibatch normalization
101,27648,0,500,0.052536480557600004,0.6337752456917016,-0.715073655,-0.043988567,1.0913066099999997,0.552,0.448,scaled raw GAE before minibatch normalization
101,27648,1,7,0.02572579457142857,0.38183423946890915,-0.41927958099999996,-0.04529898,0.5476828429999999,0.7142857142857143,0.2857142857142857,scaled raw GAE before minibatch normalization
101,27648,2,2,0.078681605,0.30308226522786064,-0.11419876749999999,0.07868160499999999,0.2715619775,0.5,0.5,scaled raw GAE before minibatch normalization
101,27648,3,3,-0.5100980933333333,1.195170384372094,-1.6730847039999999,-0.16009474,0.40788616999999994,0.6666666666666666,0.3333333333333333,scaled raw GAE before minibatch normalization
101,27648,4,0,,,,,,,,scaled raw GAE before minibatch normalization
101,28160,0,506,0.037692498709110664,0.6126578475148555,-0.9086740475,0.03069121,0.88877934,0.45454545454545453,0.5454545454545454,scaled raw GAE before minibatch normalization
101,28160,1,3,0.08198544433333334,0.1284080330748399,0.0060026053,0.010184368,0.2082290368,0.0,1.0,scaled raw GAE before minibatch normalization
101,28160,2,0,,,,,,,,scaled raw GAE before minibatch normalization
101,28160,3,2,0.1798330462,0.2616837212188799,0.01329854578,0.1798330462,0.34636754662,0.5,0.5,scaled raw GAE before minibatch normalization
101,28160,4,1,0.34429416,,0.34429416,0.34429416,0.34429416,0.0,1.0,scaled raw GAE before minibatch normalization
101,28672,0,507,-0.048294591897889545,0.7062860293961474,-1.24103922,-0.013732542,1.03869612,0.52465483234714,0.47534516765285995,scaled raw GAE before minibatch normalization
101,28672,1,1,-0.5076877,,-0.5076877,-0.5076877,-0.5076877,1.0,0.0,scaled raw GAE before minibatch normalization
101,28672,2,2,-0.029572578999999998,0.012396622735382085,-0.0374617414,-0.029572578999999998,-0.021683416599999998,1.0,0.0,scaled raw GAE before minibatch normalization
101,28672,3,2,0.3022843235,0.3696063359220577,0.06706829165,0.3022843235,0.53750035535,0.0,1.0,scaled raw GAE before minibatch normalization
101,28672,4,0,,,,,,,,scaled raw GAE before minibatch normalization
101,29184,0,511,-0.07698773124090018,0.6632930475243928,-1.3642649,-0.024868123,0.75559245,0.5342465753424658,0.4657534246575342,scaled raw GAE before minibatch normalization
101,29184,1,0,,,,,,,,scaled raw GAE before minibatch normalization
101,29184,2,0,,,,,,,,scaled raw GAE before minibatch normalization
101,29184,3,0,,,,,,,,scaled raw GAE before minibatch normalization
101,29184,4,1,-0.92991215,,-0.92991215,-0.92991215,-0.92991215,1.0,0.0,scaled raw GAE before minibatch normalization
101,29696,0,508,-0.006809052230590546,0.5341915086695416,-0.8535024999999999,-0.037425317,0.8635839189999999,0.5610236220472441,0.4389763779527559,scaled raw GAE before minibatch normalization
101,29696,1,1,-0.04229454,,-0.04229454,-0.04229454,-0.04229454,1.0,0.0,scaled raw GAE before minibatch normalization
101,29696,2,0,,,,,,,,scaled raw GAE before minibatch normalization
101,29696,3,1,-0.14706205,,-0.14706205,-0.14706205,-0.14706205,1.0,0.0,scaled raw GAE before minibatch normalization
101,29696,4,2,-0.07670658999999999,0.060843002987196484,-0.11542684,-0.07670658999999999,-0.03798634000000001,1.0,0.0,scaled raw GAE before minibatch normalization
101,30208,0,505,-0.09838457193398019,0.6541208967534613,-1.4264109999999999,-0.002119068,0.7900212999999998,0.502970297029703,0.497029702970297,scaled raw GAE before minibatch normalization
101,30208,1,1,0.31472653,,0.31472653,0.31472653,0.31472653,0.0,1.0,scaled raw GAE before minibatch normalization
101,30208,2,2,-0.0660128485,0.00966931965852017,-0.07216636585000001,-0.0660128485,-0.05985933115,1.0,0.0,scaled raw GAE before minibatch normalization
101,30208,3,2,0.80803753,1.6457675148401472,-0.23932250299999996,0.80803753,1.855397563,0.5,0.5,scaled raw GAE before minibatch normalization
101,30208,4,2,-1.262079095,1.9719359820877467,-2.5170114695,-1.2620790949999998,-0.00714672050000012,0.5,0.5,scaled raw GAE before minibatch normalization
101,30720,0,508,0.07458560432094488,0.5496426119334742,-0.8306558209999999,0.01701237,0.9827661099999998,0.4744094488188976,0.5255905511811023,scaled raw GAE before minibatch normalization
101,30720,1,2,-0.38799898499999996,0.8235906237849545,-0.9121288485,-0.387998985,0.13613087849999994,0.5,0.5,scaled raw GAE before minibatch normalization
101,30720,2,1,-0.1507411,,-0.1507411,-0.1507411,-0.1507411,1.0,0.0,scaled raw GAE before minibatch normalization
101,30720,3,0,,,,,,,,scaled raw GAE before minibatch normalization
101,30720,4,1,-0.25906911,,-0.25906911,-0.25906911,-0.25906911,1.0,0.0,scaled raw GAE before minibatch normalization
101,31232,0,508,-0.029206675235098442,0.5769823921836412,-0.8314955,-0.042324705000000004,0.9863261399999999,0.5551181102362205,0.4448818897637795,scaled raw GAE before minibatch normalization
101,31232,1,0,,,,,,,,scaled raw GAE before minibatch normalization
101,31232,2,2,0.28767593799999996,0.38264611399422893,0.0441614422,0.28767593799999996,0.5311904338,0.0,1.0,scaled raw GAE before minibatch normalization
101,31232,3,2,0.123231085,0.34186154260091384,-0.09432826849999999,0.12323108500000002,0.34079043849999996,0.5,0.5,scaled raw GAE before minibatch normalization
101,31232,4,0,,,,,,,,scaled raw GAE before minibatch normalization
101,31744,0,508,0.04298190085133858,0.6436034862445995,-0.94921682,0.037238995,1.0134018699999994,0.4409448818897638,0.5590551181102362,scaled raw GAE before minibatch normalization
101,31744,1,1,-0.05444839,,-0.05444839,-0.05444839,-0.05444839,1.0,0.0,scaled raw GAE before minibatch normalization
101,31744,2,1,-0.6204117,,-0.6204117,-0.6204117,-0.6204117,1.0,0.0,scaled raw GAE before minibatch normalization
101,31744,3,1,0.07633297,,0.07633297,0.07633297,0.07633297,0.0,1.0,scaled raw GAE before minibatch normalization
101,31744,4,1,0.12235809,,0.12235809,0.12235809,0.12235809,0.0,1.0,scaled raw GAE before minibatch normalization
101,32256,0,505,0.08911115011097029,0.5995084231344556,-0.5723670999999999,0.025119584,0.9816639539999993,0.4693069306930693,0.5306930693069307,scaled raw GAE before minibatch normalization
101,32256,1,2,0.254022502,0.37081796551294116,0.0180353938,0.254022502,0.49000961019999995,0.5,0.5,scaled raw GAE before minibatch normalization
101,32256,2,2,-0.27084401,0.47450554700801567,-0.572817491,-0.27084401,0.03112947099999997,0.5,0.5,scaled raw GAE before minibatch normalization
101,32256,3,2,-0.073114709,0.12554012118373506,-0.15300795290000002,-0.07311470900000001,0.006778534899999992,0.5,0.5,scaled raw GAE before minibatch normalization
101,32256,4,1,0.27121612,,0.27121612,0.27121612,0.27121612,0.0,1.0,scaled raw GAE before minibatch normalization
101,32768,0,508,-0.08174672979161418,0.6282231546790183,-1.4719888749999999,0.00060465558,0.795091735,0.49803149606299213,0.5019685039370079,scaled raw GAE before minibatch normalization
101,32768,1,2,1.2461581000000002,2.0688479292267763,-0.07044866,1.2461581000000002,2.56276486,0.5,0.5,scaled raw GAE before minibatch normalization
101,32768,2,1,-0.9431334,,-0.9431334,-0.9431334,-0.9431334,1.0,0.0,scaled raw GAE before minibatch normalization
101,32768,3,1,-0.4264865,,-0.4264865,-0.4264865,-0.4264865,1.0,0.0,scaled raw GAE before minibatch normalization
101,32768,4,0,,,,,,,,scaled raw GAE before minibatch normalization
202,512,0,105,-2.457640201018219,2.671854461632235,-8.8320714,-1.7854573,0.24800272199999995,0.8476190476190476,0.1523809523809524,scaled raw GAE before minibatch normalization
202,512,1,101,-2.2582602576732675,2.3555156406248776,-8.2169,-1.715931,-0.0457321,0.9603960396039604,0.039603960396039604,scaled raw GAE before minibatch normalization
202,512,2,99,-2.6018812979212114,2.6831954556216195,-8.6904965,-2.0248926,0.14937317199999964,0.898989898989899,0.10101010101010101,scaled raw GAE before minibatch normalization
202,512,3,97,-2.56334555556701,2.6637511315660745,-8.400762199999999,-2.0915263,0.1521457639999999,0.865979381443299,0.13402061855670103,scaled raw GAE before minibatch normalization
202,512,4,110,-2.401957669836364,2.565147126233954,-8.58899615,-1.65715545,0.05287739514999999,0.9181818181818182,0.08181818181818182,scaled raw GAE before minibatch normalization
202,1024,0,92,-1.218406381347826,2.059639476247992,-5.672358335,-0.73234048,0.7312747725000001,0.6195652173913043,0.3804347826086957,scaled raw GAE before minibatch normalization
202,1024,1,111,-1.535006816891892,2.107206123772532,-5.9578871499999995,-0.9832268,0.722657235,0.6756756756756757,0.32432432432432434,scaled raw GAE before minibatch normalization
202,1024,2,121,-1.3594187207603303,1.9896078209438781,-5.287289,-0.7965444,0.6806338,0.6859504132231405,0.3140495867768595,scaled raw GAE before minibatch normalization
202,1024,3,80,-1.6689713442999998,2.3676796460999694,-7.0673382149999995,-0.88985357,0.6890399420000001,0.7,0.3,scaled raw GAE before minibatch normalization
202,1024,4,108,-1.8784232337907403,2.4502602464180017,-7.04656706,-0.9257302999999999,0.62427661,0.6851851851851852,0.3148148148148148,scaled raw GAE before minibatch normalization
202,1536,0,120,-1.0343140979583334,2.3233521741581757,-5.737091169999999,-0.5352466149999999,1.3676702049999998,0.5416666666666666,0.4583333333333333,scaled raw GAE before minibatch normalization
202,1536,1,94,-1.320429295925532,2.27892013640427,-5.5610259,-1.25988035,1.33864313,0.6382978723404256,0.3617021276595745,scaled raw GAE before minibatch normalization
202,1536,2,103,-1.1923038762621359,2.2922818345043066,-5.8091782599999995,-0.9174907,1.36628788,0.6116504854368932,0.3883495145631068,scaled raw GAE before minibatch normalization
202,1536,3,111,-0.8571921752252251,2.4490628402154515,-6.1515537,0.26690462,1.37016035,0.4954954954954955,0.5045045045045045,scaled raw GAE before minibatch normalization
202,1536,4,84,-1.3799926048809523,2.700312442445358,-6.85824035,-0.697881025,1.424114375,0.5595238095238095,0.44047619047619047,scaled raw GAE before minibatch normalization
202,2048,0,107,0.3903644538411215,1.4742087811824458,-2.3511863699999997,0.8443916,2.144352229999999,0.32710280373831774,0.6728971962616822,scaled raw GAE before minibatch normalization
202,2048,1,118,0.11276828283898314,1.6043185415674026,-3.147943135,0.35204279,2.02517579,0.4491525423728814,0.5508474576271186,scaled raw GAE before minibatch normalization
202,2048,2,103,0.2708695681067961,1.419864918017697,-2.68355123,0.39821637,2.1371396799999998,0.36893203883495146,0.6310679611650486,scaled raw GAE before minibatch normalization
202,2048,3,94,0.1412207688191489,1.6142303519928276,-2.92440607,0.56036975,2.0987303649999993,0.3829787234042553,0.6170212765957447,scaled raw GAE before minibatch normalization
202,2048,4,90,0.04247419486666667,1.6770043750588999,-3.11228557,0.278961065,2.09946261,0.4666666666666667,0.5333333333333333,scaled raw GAE before minibatch normalization
202,2560,0,142,0.10971743711267606,1.7552980271752743,-3.2493697299999997,0.8883449750000001,1.8069079749999999,0.36619718309859156,0.6338028169014085,scaled raw GAE before minibatch normalization
202,2560,1,88,0.12299314874999996,1.7109227605728596,-4.05901439,0.9404572,1.6729164699999999,0.42045454545454547,0.5795454545454546,scaled raw GAE before minibatch normalization
202,2560,2,106,-0.16321682962264153,1.8105328179801374,-3.5245757500000003,0.39259767,1.6610781499999998,0.49056603773584906,0.5094339622641509,scaled raw GAE before minibatch normalization
202,2560,3,96,-0.2857849011145833,2.2558105778588375,-4.5680484,0.5127854700000001,1.70069935,0.4270833333333333,0.5729166666666666,scaled raw GAE before minibatch normalization
202,2560,4,80,0.02381666147499999,1.7729116378071095,-3.3803408399999997,0.803290545,1.746968555,0.4125,0.5875,scaled raw GAE before minibatch normalization
202,3072,0,147,0.4250185817959184,1.476579644084411,-3.04447321,0.9482515,1.739496949999999,0.25170068027210885,0.7482993197278912,scaled raw GAE before minibatch normalization
202,3072,1,103,0.010763981873786419,2.1839877242241212,-4.6829664,0.9242718,1.914800019999999,0.3106796116504854,0.6893203883495146,scaled raw GAE before minibatch normalization
202,3072,2,122,0.20005003639344268,1.7792003277003634,-3.810297065,0.884643015,1.8154161899999992,0.26229508196721313,0.7377049180327869,scaled raw GAE before minibatch normalization
202,3072,3,86,-0.2789384495348837,2.4378098415942406,-5.464691475,0.8854980299999999,1.740499825,0.37209302325581395,0.627906976744186,scaled raw GAE before minibatch normalization
202,3072,4,54,0.3838984011111112,2.0510348389946564,-4.097595795,1.1244234,1.8174794149999998,0.2222222222222222,0.7777777777777778,scaled raw GAE before minibatch normalization
202,3584,0,215,0.2704987754293023,1.0042732382195112,-1.73442074,0.44864893,1.5072532699999999,0.27906976744186046,0.7209302325581395,scaled raw GAE before minibatch normalization
202,3584,1,78,0.2612813877307693,1.031804295381072,-1.628246305,0.35306203,1.7527777149999988,0.3717948717948718,0.6282051282051282,scaled raw GAE before minibatch normalization
202,3584,2,88,0.3476786596409091,0.985607171628651,-1.854804615,0.66238465,1.6376612599999996,0.23863636363636365,0.7613636363636364,scaled raw GAE before minibatch normalization
202,3584,3,65,0.27314908912307695,1.0220417409578617,-1.93316324,0.5551926,1.6001337999999998,0.2923076923076923,0.7076923076923077,scaled raw GAE before minibatch normalization
202,3584,4,66,-0.11965618296363634,1.1059429767323015,-2.013680275,0.09508957,1.3549911,0.4090909090909091,0.5909090909090909,scaled raw GAE before minibatch normalization
202,4096,0,218,0.23748272595871558,1.0085305012892083,-1.7188098449999998,0.4000372,1.5351462399999993,0.3256880733944954,0.6743119266055045,scaled raw GAE before minibatch normalization
202,4096,1,89,0.13207351241573034,1.2796729388068036,-2.2659025599999993,0.23866476,1.4812979799999997,0.34831460674157305,0.651685393258427,scaled raw GAE before minibatch normalization
202,4096,2,104,-0.04058920808653844,1.145332104450614,-1.7454317649999997,0.1202523825,1.2627566049999994,0.4519230769230769,0.5480769230769231,scaled raw GAE before minibatch normalization
202,4096,3,53,0.05114521849056605,1.1523844469252886,-1.8614845,0.35416508,1.2812042199999998,0.4339622641509434,0.5660377358490566,scaled raw GAE before minibatch normalization
202,4096,4,48,0.20804523354166662,1.066818977966104,-1.294113335,0.22582099,1.367330185,0.3333333333333333,0.6666666666666666,scaled raw GAE before minibatch normalization
202,4608,0,228,0.13566694763640352,0.8861123551023611,-1.20606895,0.27002343500000003,1.3820965299999994,0.39473684210526316,0.6052631578947368,scaled raw GAE before minibatch normalization
202,4608,1,92,0.10182481088239133,0.9904108104065464,-1.5995637600000001,0.189946315,1.3605873250000002,0.41304347826086957,0.5869565217391305,scaled raw GAE before minibatch normalization
202,4608,2,85,-0.04678438784705885,1.0190306944936085,-1.53464694,0.08695415,1.13485444,0.43529411764705883,0.5647058823529412,scaled raw GAE before minibatch normalization
202,4608,3,55,0.1138284108909091,0.6894678476448188,-1.08026822,0.09903899,1.1930456099999995,0.4,0.6,scaled raw GAE before minibatch normalization
202,4608,4,52,-0.06821904140384613,1.006898553871356,-1.6469123049999999,0.0334085295,1.3448361449999995,0.46153846153846156,0.5384615384615384,scaled raw GAE before minibatch normalization
202,5120,0,279,-0.15226172121469536,1.2180500461429766,-2.85002013,0.066531956,1.3055137799999998,0.45878136200716846,0.5412186379928315,scaled raw GAE before minibatch normalization
202,5120,1,97,-0.14518097035051547,1.3850756830298347,-3.6012290399999998,0.20002416,1.4838801399999988,0.3917525773195876,0.6082474226804123,scaled raw GAE before minibatch normalization
202,5120,2,57,-0.26226481175438593,1.11041922603652,-2.73489216,-0.11474049,1.0389756599999997,0.5263157894736842,0.47368421052631576,scaled raw GAE before minibatch normalization
202,5120,3,45,-0.14024410886666666,0.8202651209453301,-1.3272349399999999,-0.006304145,0.6913872219999997,0.5111111111111111,0.4888888888888889,scaled raw GAE before minibatch normalization
202,5120,4,34,-0.4547875897058824,1.3078256992431354,-2.575762245,-0.254169435,1.0195228749999985,0.6176470588235294,0.38235294117647056,scaled raw GAE before minibatch normalization
202,5632,0,283,0.14295430735795053,0.9047959007365394,-1.37556142,0.118974276,1.5125507599999992,0.4452296819787986,0.5547703180212014,scaled raw GAE before minibatch normalization
202,5632,1,87,0.11742920609195404,0.9237102321029755,-1.44203635,0.2055415,1.3947154700000002,0.4367816091954023,0.5632183908045977,scaled raw GAE before minibatch normalization
202,5632,2,67,0.285213291,0.9352627611373644,-1.19379401,0.18184878,1.646083039999999,0.3582089552238806,0.6417910447761194,scaled raw GAE before minibatch normalization
202,5632,3,47,-0.2324546081914893,0.8110082900115951,-1.30475393,-0.217186,1.02446563,0.5957446808510638,0.40425531914893614,scaled raw GAE before minibatch normalization
202,5632,4,28,-0.0034957342142857115,0.7823703300953615,-1.129945996,-0.008578656000000004,1.17977669,0.5,0.5,scaled raw GAE before minibatch normalization
202,6144,0,304,0.13649465414638157,0.7441929448202266,-1.165768685,0.148973295,1.2265465199999996,0.41776315789473684,0.5822368421052632,scaled raw GAE before minibatch normalization
202,6144,1,81,0.1720293994814815,0.7005346277012432,-0.89849794,0.08355814,1.1854584,0.4567901234567901,0.5432098765432098,scaled raw GAE before minibatch normalization
202,6144,2,73,-0.08531046513698631,0.9038397710896239,-1.76785228,-0.04081881,1.244791739999999,0.5068493150684932,0.4931506849315068,scaled raw GAE before minibatch normalization
202,6144,3,26,-0.05063070149999999,0.8101449196822542,-1.079645375,-0.11555442,1.25431986,0.5769230769230769,0.4230769230769231,scaled raw GAE before minibatch normalization
202,6144,4,28,0.16551411964285712,1.15820232745198,-1.8230906449999997,0.102091875,1.8419497399999998,0.4642857142857143,0.5357142857142857,scaled raw GAE before minibatch normalization
202,6656,0,333,0.05447008014414415,1.0797331852238485,-2.0357900399999997,0.30619225,1.3019238999999998,0.3933933933933934,0.6066066066066066,scaled raw GAE before minibatch normalization
202,6656,1,77,0.08031142555844155,0.921055745913858,-1.05945702,0.16842183,1.40691388,0.38961038961038963,0.6103896103896104,scaled raw GAE before minibatch normalization
202,6656,2,44,0.20893987128863636,0.7736624038719864,-0.4300503785,0.33049598,1.0559753900000002,0.29545454545454547,0.7045454545454546,scaled raw GAE before minibatch normalization
202,6656,3,30,-0.19793309940000003,1.3609699731239897,-3.284837035,-0.005815956000000001,1.534803454999998,0.5,0.5,scaled raw GAE before minibatch normalization
202,6656,4,28,0.049120857142857154,0.7503201564914254,-1.076677855,0.12588577,0.982914145,0.4642857142857143,0.5357142857142857,scaled raw GAE before minibatch normalization
202,7168,0,339,-0.016880904249557533,0.9782561145808087,-1.69675309,0.061690256,1.2530705699999998,0.46607669616519176,0.5339233038348082,scaled raw GAE before minibatch normalization
202,7168,1,78,0.005700180448717955,0.9092373664845911,-1.36285653,0.07626487700000001,1.2889592349999999,0.47435897435897434,0.5256410256410257,scaled raw GAE before minibatch normalization
202,7168,2,47,0.12140533672340426,0.8322263133648868,-1.44967472,0.16042642,1.1248233799999998,0.3617021276595745,0.6382978723404256,scaled raw GAE before minibatch normalization
202,7168,3,24,-0.017936883958333327,0.665796559238039,-0.8151489775,0.103938115,0.7997850454999996,0.4583333333333333,0.5416666666666666,scaled raw GAE before minibatch normalization
202,7168,4,24,-0.4381915854583333,1.2498947502616284,-3.09269443,-0.20578201200000001,0.8968517139999995,0.6666666666666666,0.3333333333333333,scaled raw GAE before minibatch normalization
202,7680,0,320,0.038765810688750006,0.8949530109746865,-1.3593757199999998,0.07588001999999999,1.4786254750000003,0.4625,0.5375,scaled raw GAE before minibatch normalization
202,7680,1,82,-0.037577600939024396,0.928361112990332,-1.754009715,0.044191774,1.324671095,0.4634146341463415,0.5365853658536586,scaled raw GAE before minibatch normalization
202,7680,2,75,-0.006743880280933337,0.7954318749959046,-1.4003301099999999,0.06471239,1.25793869,0.44,0.56,scaled raw GAE before minibatch normalization
202,7680,3,15,-0.1064589038666667,1.2497758865648174,-2.1933635899999997,-0.058536828,1.6339084499999998,0.5333333333333333,0.4666666666666667,scaled raw GAE before minibatch normalization
202,7680,4,20,-0.207709601,0.9511219964983921,-1.659992035,-0.152557255,1.0579750100000003,0.6,0.4,scaled raw GAE before minibatch normalization
202,8192,0,326,-0.027910145559815955,0.7000314138266599,-1.098079375,0.012659222000000001,1.0484877000000001,0.4938650306748466,0.5061349693251533,scaled raw GAE before minibatch normalization
202,8192,1,79,-0.03507703977215191,0.8160008758951314,-1.1908315999999999,-0.018262602,0.884807844999999,0.5063291139240507,0.4936708860759494,scaled raw GAE before minibatch normalization
202,8192,2,72,-0.24463751452777777,0.9133641734026763,-1.930176345,-0.13287495,0.9115532175000002,0.5833333333333334,0.4166666666666667,scaled raw GAE before minibatch normalization
202,8192,3,16,-0.28251809624999996,0.9630054463752441,-1.709197675,-0.137096225,0.830485275,0.5,0.5,scaled raw GAE before minibatch normalization
202,8192,4,19,-0.3133644203684211,0.8489190098866553,-1.47135299,-0.11194228,0.8122940549999994,0.5789473684210527,0.42105263157894735,scaled raw GAE before minibatch normalization
202,8704,0,368,0.1127575572741848,0.8323217777314151,-1.2809282,0.11455404999999999,1.4918585649999994,0.4320652173913043,0.5679347826086957,scaled raw GAE before minibatch normalization
202,8704,1,61,0.010753539737704917,0.9687759319607301,-1.3237163,0.031793892,1.422871,0.4918032786885246,0.5081967213114754,scaled raw GAE before minibatch normalization
202,8704,2,55,-0.05293161645454546,1.0254609994929067,-2.1846837,0.15181324,1.26897472,0.43636363636363634,0.5636363636363636,scaled raw GAE before minibatch normalization
202,8704,3,15,-0.2085165126666667,1.1426361422717648,-1.9926282999999998,-0.210717,1.33426208,0.6,0.4,scaled raw GAE before minibatch normalization
202,8704,4,13,-0.17184553907692304,1.7260068562188877,-2.7155603999999993,-0.057029538,1.4078066799999986,0.5384615384615384,0.46153846153846156,scaled raw GAE before minibatch normalization
202,9216,0,379,-0.07912314166226914,0.8124946382783841,-1.3425557899999998,-0.06540197,1.18557652,0.5382585751978892,0.46174142480211083,scaled raw GAE before minibatch normalization
202,9216,1,53,-0.06738315126415098,0.6947487633800016,-0.807338802,-0.16442944,1.19097036,0.6226415094339622,0.37735849056603776,scaled raw GAE before minibatch normalization
202,9216,2,60,-0.17798822806666667,0.8477193174167647,-1.3495996000000001,-0.1271303,0.9782595149999997,0.55,0.45,scaled raw GAE before minibatch normalization
202,9216,3,10,-0.5591809296,0.4897961026987376,-1.13567075,-0.62066698,0.17396732179999957,0.9,0.1,scaled raw GAE before minibatch normalization
202,9216,4,10,-0.22388408300000004,0.5918343586088517,-1.03816372,-0.20478699,0.6871876199999994,0.8,0.2,scaled raw GAE before minibatch normalization
202,9728,0,419,0.10081388244176612,0.6324379191420525,-0.779740903,0.025603496,1.2242532799999997,0.477326968973747,0.522673031026253,scaled raw GAE before minibatch normalization
202,9728,1,43,0.01596132351162792,0.5570914272542458,-0.7427035529999999,-0.027725533,0.774076014,0.5813953488372093,0.4186046511627907,scaled raw GAE before minibatch normalization
202,9728,2,33,0.15709236727272724,0.640057829391962,-0.58645086,0.07761839,1.1781727799999997,0.48484848484848486,0.5151515151515151,scaled raw GAE before minibatch normalization
202,9728,3,9,-0.03089783455555556,0.37408998815841626,-0.28618974199999997,-0.17044172,0.5648000451999997,0.6666666666666666,0.3333333333333333,scaled raw GAE before minibatch normalization
202,9728,4,8,0.23737621750000004,0.8174064307825578,-0.7322384449999999,0.19457334999999998,1.3275316249999998,0.5,0.5,scaled raw GAE before minibatch normalization
202,10240,0,408,0.11299930361691178,0.6090400486562408,-0.751624977,0.045157701,1.1319330599999988,0.4681372549019608,0.5318627450980392,scaled raw GAE before minibatch normalization
202,10240,1,46,0.020084861080434772,0.4478417586165758,-0.7571058875,0.033019438,0.61888065,0.45652173913043476,0.5434782608695652,scaled raw GAE before minibatch normalization
202,10240,2,42,-0.02860213986904762,0.6298955903471378,-0.878605597,0.01966300975,0.8128563579999998,0.5,0.5,scaled raw GAE before minibatch normalization
202,10240,3,13,0.0022893369230769277,0.47914253787057687,-0.820628744,0.07779695,0.6136655399999998,0.46153846153846156,0.5384615384615384,scaled raw GAE before minibatch normalization
202,10240,4,3,0.16807766333333332,0.46033770805008106,-0.267552875,0.23985142,0.553466572,0.3333333333333333,0.6666666666666666,scaled raw GAE before minibatch normalization
202,10752,0,431,0.019175518128352664,0.6004641261091807,-1.02132575,0.0646514,0.9274207,0.45707656612529,0.54292343387471,scaled raw GAE before minibatch normalization
202,10752,1,34,0.0019449971588235383,0.45555235321603843,-0.6094516999999999,-0.0064798519,0.6072562499999998,0.5294117647058824,0.47058823529411764,scaled raw GAE before minibatch normalization
202,10752,2,38,0.008873200410526317,0.6209312333755921,-1.069229265,0.049094631,0.8413254499999996,0.47368421052631576,0.5263157894736842,scaled raw GAE before minibatch normalization
202,10752,3,4,-0.6997471125,0.8199181923787899,-1.6931718889999998,-0.33620485499999997,-0.21528149650000006,1.0,0.0,scaled raw GAE before minibatch normalization
202,10752,4,5,-0.114964223,0.02466165119948216,-0.13795322399999999,-0.11605719,-0.08306208500000001,1.0,0.0,scaled raw GAE before minibatch normalization
202,11264,0,450,-0.031047561680444445,0.5759407930711795,-0.8698001949999999,-0.077415825,0.9380359834999997,0.5511111111111111,0.4488888888888889,scaled raw GAE before minibatch normalization
202,11264,1,29,-0.06362409824137934,0.6363514262875481,-1.063979012,0.014269784,0.9547584039999999,0.4827586206896552,0.5172413793103449,scaled raw GAE before minibatch normalization
202,11264,2,21,-0.2018138714285714,0.6991616235056187,-1.3960494,-0.29115868,0.6485066,0.5238095238095238,0.47619047619047616,scaled raw GAE before minibatch normalization
202,11264,3,4,0.31215995075,0.4576561798950137,-0.13837955905,0.3072052315,0.7696360674999999,0.25,0.75,scaled raw GAE before minibatch normalization
202,11264,4,8,-0.19117081875,0.7448680888384933,-1.299603884,-0.205501455,0.482696173,0.625,0.375,scaled raw GAE before minibatch normalization
202,11776,0,459,-0.18277949780217867,0.7840766819316395,-1.2385902199999999,-0.1420429,0.8485555739999994,0.6100217864923747,0.3899782135076253,scaled raw GAE before minibatch normalization
202,11776,1,30,-0.09787746530000001,0.5561403027250323,-0.8779801035,0.0353615405,0.8593744749999991,0.4666666666666667,0.5333333333333333,scaled raw GAE before minibatch normalization
202,11776,2,22,-0.1370034825909091,0.9016901076936712,-0.5798672665,-0.201586245,1.04069073,0.6818181818181818,0.3181818181818182,scaled raw GAE before minibatch normalization
202,11776,3,0,,,,,,,,scaled raw GAE before minibatch normalization
202,11776,4,1,-0.2044101,,-0.2044101,-0.2044101,-0.2044101,1.0,0.0,scaled raw GAE before minibatch normalization
202,12288,0,433,0.046189858050346415,0.6071161218011334,-1.0843205599999999,0.049407437,0.9597760959999999,0.47113163972286376,0.5288683602771362,scaled raw GAE before minibatch normalization
202,12288,1,41,0.1336860486195122,0.546968640493612,-0.6579256,0.14032811,0.9785004,0.3902439024390244,0.6097560975609756,scaled raw GAE before minibatch normalization
202,12288,2,25,0.13309619635999997,0.5617132137847419,-0.754239472,0.07120502,0.8788343299999997,0.4,0.6,scaled raw GAE before minibatch normalization
202,12288,3,5,0.13185357066,0.20970698845699787,-0.09621179533999999,0.07964766,0.352261316,0.2,0.8,scaled raw GAE before minibatch normalization
202,12288,4,8,-0.3244636475,0.8115942582646049,-1.37370375,-0.33106595,0.8151668639999994,0.75,0.25,scaled raw GAE before minibatch normalization
202,12800,0,433,0.01736954526884526,0.7536845099121082,-1.2181050199999994,0.017486885,1.0162288039999987,0.48729792147806006,0.5127020785219399,scaled raw GAE before minibatch normalization
202,12800,1,35,-0.021924019517142845,0.7575431874954982,-0.8418546599999999,-0.04424963,0.813176039999999,0.5142857142857142,0.4857142857142857,scaled raw GAE before minibatch normalization
202,12800,2,29,0.2972690037827586,0.6650951096971122,-0.452212632,0.24721467,1.5074458599999994,0.3793103448275862,0.6206896551724138,scaled raw GAE before minibatch normalization
202,12800,3,5,-0.0025968291999999616,1.7361113727836062,-2.0310920759999997,0.004656434,2.0011380399999994,0.4,0.6,scaled raw GAE before minibatch normalization
202,12800,4,10,-0.3706787583,1.1009727439849257,-2.23555851,-0.024999393,0.5809734495,0.6,0.4,scaled raw GAE before minibatch normalization
202,13312,0,423,0.09707181501565011,0.5382636271304246,-0.69186976,0.10932547,0.9142345229999993,0.40425531914893614,0.5957446808510638,scaled raw GAE before minibatch normalization
202,13312,1,39,-0.05714781315384615,0.5447411838628531,-1.0778199899999998,0.06027011,0.6770929910000001,0.41025641025641024,0.5897435897435898,scaled raw GAE before minibatch normalization
202,13312,2,44,-0.05013247036363635,0.5735294618810082,-1.047004465,-0.0775424875,0.8681740000000003,0.5454545454545454,0.45454545454545453,scaled raw GAE before minibatch normalization
202,13312,3,3,-0.1294594783333333,0.4126336991847073,-0.5361569785,0.046335455,0.1541815685,0.3333333333333333,0.6666666666666666,scaled raw GAE before minibatch normalization
202,13312,4,3,0.1506122466666667,0.5652985159236866,-0.387590474,0.25254142,0.617464546,0.3333333333333333,0.6666666666666666,scaled raw GAE before minibatch normalization
202,13824,0,443,0.019444368296388258,0.6413214761929771,-0.9423288209999999,-0.008709497,0.9570101999999995,0.5146726862302483,0.4853273137697517,scaled raw GAE before minibatch normalization
202,13824,1,28,0.14388478792857143,0.5375181420925427,-0.509096525,0.156178485,0.9171480039999994,0.32142857142857145,0.6785714285714286,scaled raw GAE before minibatch normalization
202,13824,2,32,-0.02657540174062499,0.5391709723097182,-0.78706731,-0.030330378999999998,0.8323479425,0.5625,0.4375,scaled raw GAE before minibatch normalization
202,13824,3,2,0.279615435,0.0584999127438533,0.2423863185,0.279615435,0.3168445515,0.0,1.0,scaled raw GAE before minibatch normalization
202,13824,4,7,-0.14484278685714286,0.5022772855057265,-0.9484583789999999,0.07491949,0.19403768999999996,0.42857142857142855,0.5714285714285714,scaled raw GAE before minibatch normalization
202,14336,0,442,-0.1266657467934389,0.6573106786169086,-1.2958000449999998,-0.132093175,0.9339849329999999,0.6447963800904978,0.3552036199095023,scaled raw GAE before minibatch normalization
202,14336,1,26,-0.0976384448846154,0.6022593160269059,-0.782912295,-0.125977243,0.6790518875,0.6153846153846154,0.38461538461538464,scaled raw GAE before minibatch normalization
202,14336,2,30,-0.28720460245,0.7840635052696147,-1.8758792599999996,-0.120945392,0.5018550329999997,0.6333333333333333,0.36666666666666664,scaled raw GAE before minibatch normalization
202,14336,3,9,-0.5056993607777778,1.0893732385268171,-2.27825026,-0.28293607,0.5584447119999999,0.7777777777777778,0.2222222222222222,scaled raw GAE before minibatch normalization
202,14336,4,5,-0.17424497920000004,0.3209695056665127,-0.527132586,-0.27154297,0.19752356679999997,0.6,0.4,scaled raw GAE before minibatch normalization
202,14848,0,456,0.2164554845598684,0.6592434817740732,-0.5403895375000001,0.08483342299999999,1.504417225,0.3925438596491228,0.6074561403508771,scaled raw GAE before minibatch normalization
202,14848,1,32,0.16206364753125,0.3447583763606975,-0.389338655,0.1330029425,0.7762889614999999,0.28125,0.71875,scaled raw GAE before minibatch normalization
202,14848,2,22,0.011982810772727281,0.39089155362013134,-0.4370779875,-0.031665084999999996,0.5960166039999999,0.5454545454545454,0.45454545454545453,scaled raw GAE before minibatch normalization
202,14848,3,0,,,,,,,,scaled raw GAE before minibatch normalization
202,14848,4,2,0.07709836,0.21309502893912657,-0.058514486,0.07709836,0.21271120599999999,0.5,0.5,scaled raw GAE before minibatch normalization
202,15360,0,461,-0.07323124203318872,0.6986028738285086,-1.2525321,-0.0234458,0.8366499,0.5249457700650759,0.4750542299349241,scaled raw GAE before minibatch normalization
202,15360,1,33,-0.03509938654545455,0.6792808673504368,-0.81818346,-0.11253241,0.8249073599999995,0.6666666666666666,0.3333333333333333,scaled raw GAE before minibatch normalization
202,15360,2,15,-0.4106892505333333,1.0460993914919197,-1.8831505099999997,-0.11200984,0.43652379199999947,0.7333333333333333,0.26666666666666666,scaled raw GAE before minibatch normalization
202,15360,3,1,-0.34265018,,-0.34265018,-0.34265018,-0.34265018,1.0,0.0,scaled raw GAE before minibatch normalization
202,15360,4,2,-0.35463544999999996,1.2441700085575944,-1.1464203949999998,-0.35463544999999996,0.4371494949999999,0.5,0.5,scaled raw GAE before minibatch normalization
202,15872,0,466,-0.08269995864098714,0.7447107926035438,-1.333543425,-0.0821086325,0.924013325,0.5879828326180258,0.41201716738197425,scaled raw GAE before minibatch normalization
202,15872,1,26,-0.16614951307692308,0.7708322119424569,-1.6399447249999999,-0.075108765,0.931408625,0.5769230769230769,0.4230769230769231,scaled raw GAE before minibatch normalization
202,15872,2,17,-0.25725266858823526,0.6161660512250713,-1.29500396,-0.19285041,0.503401186,0.6470588235294118,0.35294117647058826,scaled raw GAE before minibatch normalization
202,15872,3,2,-2.7724964500000002,0.6688141912688496,-3.198127195,-2.7724964500000002,-2.346865705,1.0,0.0,scaled raw GAE before minibatch normalization
202,15872,4,1,-0.2136611,,-0.2136611,-0.2136611,-0.2136611,1.0,0.0,scaled raw GAE before minibatch normalization
202,16384,0,469,-0.05869940862714925,0.6639064267297432,-1.18201548,-0.03719163,1.00948942,0.5266524520255863,0.47334754797441364,scaled raw GAE before minibatch normalization
202,16384,1,31,-0.08589584958064515,0.6390343001175741,-1.009411375,-0.06077856,0.7354667699999999,0.5806451612903226,0.41935483870967744,scaled raw GAE before minibatch normalization
202,16384,2,8,-0.05351946962500001,0.592927402625009,-0.82529074,0.011910011499999998,0.6525901209999998,0.5,0.5,scaled raw GAE before minibatch normalization
202,16384,3,3,-0.325484542,0.3716965716935913,-0.667419725,-0.30300635,0.0007159065999999756,0.6666666666666666,0.3333333333333333,scaled raw GAE before minibatch normalization
202,16384,4,1,0.16679077,,0.16679077,0.16679077,0.16679077,0.0,1.0,scaled raw GAE before minibatch normalization
202,16896,0,483,-0.02020662495838386,0.5501280111013973,-1.03337579,-0.048699565,0.8179878499999998,0.5362318840579711,0.463768115942029,scaled raw GAE before minibatch normalization
202,16896,1,21,0.01828920290476192,0.435269021701371,-0.622448,-0.049562708,0.7985316,0.5238095238095238,0.47619047619047616,scaled raw GAE before minibatch normalization
202,16896,2,7,-0.12020725885714287,0.36692371258777284,-0.439233777,-0.23637442,0.4334963935999995,0.8571428571428571,0.14285714285714285,scaled raw GAE before minibatch normalization
202,16896,3,1,0.16208169,,0.16208169,0.16208169,0.16208169,0.0,1.0,scaled raw GAE before minibatch normalization
202,16896,4,0,,,,,,,,scaled raw GAE before minibatch normalization
202,17408,0,474,0.10491659603795357,0.6275116198258957,-0.916416075,0.0256207745,1.1771346649999985,0.47257383966244726,0.5274261603375527,scaled raw GAE before minibatch normalization
202,17408,1,27,0.07677956833333334,0.4419203802596313,-0.535839614,0.060384274,0.687555862,0.4444444444444444,0.5555555555555556,scaled raw GAE before minibatch normalization
202,17408,2,8,0.08994846937500003,0.5059567127438477,-0.55640356,0.12655216749999998,0.7048826259999998,0.375,0.625,scaled raw GAE before minibatch normalization
202,17408,3,2,-0.130728135,0.026215142455421628,-0.14741134949999998,-0.130728135,-0.11404492050000001,1.0,0.0,scaled raw GAE before minibatch normalization
202,17408,4,1,1.1217678,,1.1217678,1.1217678,1.1217678,0.0,1.0,scaled raw GAE before minibatch normalization
202,17920,0,466,0.07168851537339056,0.7339074922276061,-1.1340038,0.123811383,1.067434375,0.3648068669527897,0.6351931330472103,scaled raw GAE before minibatch normalization
202,17920,1,32,0.1677562027,0.44164856319415985,-0.3526575945,0.18569413499999998,0.8101551604999998,0.28125,0.71875,scaled raw GAE before minibatch normalization
202,17920,2,9,0.021875087777777785,0.4342883681845747,-0.559531252,-0.14400491,0.5229795159999999,0.5555555555555556,0.4444444444444444,scaled raw GAE before minibatch normalization
202,17920,3,1,-2.9168513,,-2.9168513,-2.9168513,-2.9168513,1.0,0.0,scaled raw GAE before minibatch normalization
202,17920,4,4,-0.08084284374999999,0.37411449443674566,-0.35722590249999997,-0.2048402125,0.3691365312499998,0.75,0.25,scaled raw GAE before minibatch normalization
202,18432,0,470,-0.0011258056893617056,0.5539391669370146,-0.834085764,-0.0611076425,1.0054265799999993,0.5255319148936171,0.474468085106383,scaled raw GAE before minibatch normalization
202,18432,1,24,-0.09951605940000001,0.49803859615456825,-0.879398346,-0.132698455,0.7494212089999995,0.5833333333333334,0.4166666666666667,scaled raw GAE before minibatch normalization
202,18432,2,11,-0.027610848818181818,0.3878768440692937,-0.47595464,-0.094014876,0.576619385,0.6363636363636364,0.36363636363636365,scaled raw GAE before minibatch normalization
202,18432,3,3,0.09285992566666666,0.07324873159487627,0.0300417723,0.08483598,0.161294841,0.0,1.0,scaled raw GAE before minibatch normalization
202,18432,4,4,0.21310273600000001,1.1707671829350863,-0.554579075,-0.255828178,1.6372878265999993,0.5,0.5,scaled raw GAE before minibatch normalization
202,18944,0,463,-0.08603279164421165,0.7869586210805785,-1.2122375599999997,-0.05930053,0.9933260199999993,0.5485961123110151,0.4514038876889849,scaled raw GAE before minibatch normalization
202,18944,1,32,0.0038003902812499893,0.556609959978386,-0.507610181,-0.0437585115,0.9469752979999995,0.5625,0.4375,scaled raw GAE before minibatch normalization
202,18944,2,12,-0.27722404333333334,0.7692958133011738,-1.68911596,0.042722993,0.2953564284999999,0.4166666666666667,0.5833333333333334,scaled raw GAE before minibatch normalization
202,18944,3,2,-0.024259934999999996,0.2743447243915225,-0.19885184849999998,-0.024259934999999982,0.1503319785,0.5,0.5,scaled raw GAE before minibatch normalization
202,18944,4,3,0.007474859666666666,0.12510695023378318,-0.10987863490000001,0.022908095,0.1140250895,0.3333333333333333,0.6666666666666666,scaled raw GAE before minibatch normalization
202,19456,0,463,-0.10065529249831534,0.5540824413864007,-1.06594287,-0.065149374,0.6486744149999993,0.5809935205183585,0.4190064794816415,scaled raw GAE before minibatch normalization
202,19456,1,30,-0.2161114904,0.5009502419123828,-1.160666515,-0.090601838,0.3880998914999998,0.5666666666666667,0.43333333333333335,scaled raw GAE before minibatch normalization
202,19456,2,15,0.060550588866666664,0.4964171381856279,-0.5734731279999999,0.016223088,0.8997762299999996,0.4666666666666667,0.5333333333333333,scaled raw GAE before minibatch normalization
202,19456,3,2,0.028300175999999996,0.07970725992108794,-0.0224252136,0.028300175999999996,0.07902556559999999,0.5,0.5,scaled raw GAE before minibatch normalization
202,19456,4,2,-0.313034328,0.605381087254865,-0.6982964928,-0.313034328,0.07222783679999996,0.5,0.5,scaled raw GAE before minibatch normalization
202,19968,0,475,0.045540260342869475,0.7514159840956475,-0.990984545,0.059189186,1.15024785,0.4378947368421053,0.5621052631578948,scaled raw GAE before minibatch normalization
202,19968,1,20,-0.43313395595,1.3272788383663727,-3.6077167899999996,-0.0628524425,0.4054938640000003,0.55,0.45,scaled raw GAE before minibatch normalization
202,19968,2,13,-0.1754381573076923,0.5913090796014597,-1.125067596,-0.06911578,0.49301105599999984,0.6923076923076923,0.3076923076923077,scaled raw GAE before minibatch normalization
202,19968,3,4,0.28057499750000003,0.4330354908069734,-0.10256236149999999,0.19356347499999998,0.7855284879999999,0.25,0.75,scaled raw GAE before minibatch normalization
202,19968,4,0,,,,,,,,scaled raw GAE before minibatch normalization
202,20480,0,480,0.11844728634567916,0.5425319034188179,-0.7870620599999999,0.08791365300000001,1.0605379199999998,0.3958333333333333,0.6041666666666666,scaled raw GAE before minibatch normalization
202,20480,1,25,0.20721498720000003,0.4029389865901693,-0.292911912,0.07785457,0.86419756,0.36,0.64,scaled raw GAE before minibatch normalization
202,20480,2,4,0.1223441015,0.20384944326463883,-0.0920962681,0.12100672300000001,0.3386568009999999,0.25,0.75,scaled raw GAE before minibatch normalization
202,20480,3,0,,,,,,,,scaled raw GAE before minibatch normalization
202,20480,4,3,0.035537004000000004,0.2407822619821846,-0.1889140588,0.060090482,0.2428006322,0.3333333333333333,0.6666666666666666,scaled raw GAE before minibatch normalization
202,20992,0,479,-0.06210935570438414,0.7044820459132825,-1.1276275299999998,-0.0130742015,0.7316636359999995,0.5156576200417536,0.48434237995824636,scaled raw GAE before minibatch normalization
202,20992,1,22,-0.2190155916818182,0.6923618916752301,-0.723480623,-0.06631086,0.3181651809999999,0.5909090909090909,0.4090909090909091,scaled raw GAE before minibatch normalization
202,20992,2,5,-0.4563803192,0.9410483537487284,-1.750753756,-0.07191707,0.21652517279999997,0.6,0.4,scaled raw GAE before minibatch normalization
202,20992,3,3,-0.8336802733333332,0.5846229773567578,-1.2744057500000001,-1.0196261,-0.26279271800000004,1.0,0.0,scaled raw GAE before minibatch normalization
202,20992,4,3,-0.100220439,0.1078021558871481,-0.20448191,-0.07265252,-0.015256511300000004,1.0,0.0,scaled raw GAE before minibatch normalization
202,21504,0,482,-0.046783612825103744,0.5589570103902799,-1.083062675,0.00246224005,0.7688178185,0.5,0.5,scaled raw GAE before minibatch normalization
202,21504,1,19,-0.05085065999999998,0.6960421069779827,-1.10256319,-0.07870072,0.7151991699999983,0.5789473684210527,0.42105263157894735,scaled raw GAE before minibatch normalization
202,21504,2,8,-0.48946283125,0.6862545901256064,-1.21093818,-0.595554395,0.5388716969999999,0.75,0.25,scaled raw GAE before minibatch normalization
202,21504,3,0,,,,,,,,scaled raw GAE before minibatch normalization
202,21504,4,3,-0.383831716,0.4377838946577381,-0.802679766,-0.29555556,-0.026776975200000025,0.6666666666666666,0.3333333333333333,scaled raw GAE before minibatch normalization
202,22016,0,490,0.013262271320142852,0.5826302637493282,-0.7700507759999999,-0.0056372778,0.8006388449999992,0.5040816326530613,0.4959183673469388,scaled raw GAE before minibatch normalization
202,22016,1,12,-0.11108261675000002,0.5269648046246425,-1.0805612265,0.053261328,0.31829218299999995,0.25,0.75,scaled raw GAE before minibatch normalization
202,22016,2,8,-0.11302321100000001,0.8710331458577373,-1.463172242,0.057273716,0.544707045,0.5,0.5,scaled raw GAE before minibatch normalization
202,22016,3,2,0.27318218,0.14368087353018424,0.181744232,0.27318218,0.364620128,0.0,1.0,scaled raw GAE before minibatch normalization
202,22016,4,0,,,,,,,,scaled raw GAE before minibatch normalization
202,22528,0,489,0.03798265814304704,0.5926076149194061,-0.90591218,-0.013564765,1.0851895599999994,0.5255623721881391,0.47443762781186094,scaled raw GAE before minibatch normalization
202,22528,1,11,-0.10646353736363637,0.44765436960387095,-0.78039685,0.07607619,0.35759736999999997,0.36363636363636365,0.6363636363636364,scaled raw GAE before minibatch normalization
202,22528,2,8,0.13204908907500001,0.3628090510370789,-0.20270669400000002,0.021115731300000003,0.7184435849999998,0.375,0.625,scaled raw GAE before minibatch normalization
202,22528,3,2,0.14033109,0.4089459862268131,-0.11992054200000002,0.14033109,0.40058272199999995,0.5,0.5,scaled raw GAE before minibatch normalization
202,22528,4,2,-0.40380578999999994,0.277967989035797,-0.5807035349999999,-0.40380578999999994,-0.226908045,1.0,0.0,scaled raw GAE before minibatch normalization
202,23040,0,492,0.06988550484552847,0.5401523426300749,-0.626877785,-0.01446642,1.05952652,0.5142276422764228,0.48577235772357724,scaled raw GAE before minibatch normalization
202,23040,1,9,-0.12022549155555555,0.15981493246174258,-0.258178996,-0.13849407,0.12105537599999988,0.8888888888888888,0.1111111111111111,scaled raw GAE before minibatch normalization
202,23040,2,9,0.19786264555555555,0.4189929649631484,-0.26229653399999997,0.13290496,0.8363760699999999,0.3333333333333333,0.6666666666666666,scaled raw GAE before minibatch normalization
202,23040,3,0,,,,,,,,scaled raw GAE before minibatch normalization
202,23040,4,2,-0.130788625,0.04191967293859113,-0.1574661415,-0.130788625,-0.10411110850000001,1.0,0.0,scaled raw GAE before minibatch normalization
202,23552,0,487,0.08721629504777617,0.5828876737290548,-0.738415977,0.038148418,1.16600361,0.4455852156057495,0.5544147843942505,scaled raw GAE before minibatch normalization
202,23552,1,14,-0.014078537500000004,0.3586491119177839,-0.42143856299999993,-0.0735133175,0.6001550209999998,0.6428571428571429,0.35714285714285715,scaled raw GAE before minibatch normalization
202,23552,2,7,-0.059953939399999996,0.18664694118359998,-0.34101752599999996,-0.0014141188,0.10650781399999998,0.5714285714285714,0.42857142857142855,scaled raw GAE before minibatch normalization
202,23552,3,1,-0.072472826,,-0.072472826,-0.072472826,-0.072472826,1.0,0.0,scaled raw GAE before minibatch normalization
202,23552,4,3,0.8854936066666667,1.2848696441140988,-0.11741769199999999,0.5385895,2.13123778,0.3333333333333333,0.6666666666666666,scaled raw GAE before minibatch normalization
202,24064,0,492,-0.17454553186199187,0.676856623296539,-1.4490390800000001,-0.07795097,0.6338160234999998,0.5914634146341463,0.40853658536585363,scaled raw GAE before minibatch normalization
202,24064,1,10,-0.009155582000000006,0.39560461496205507,-0.6186584675,0.082060525,0.498596692,0.4,0.6,scaled raw GAE before minibatch normalization
202,24064,2,7,-0.002315234285714269,0.5409230892198692,-0.672372552,0.11767785,0.6659075609999996,0.42857142857142855,0.5714285714285714,scaled raw GAE before minibatch normalization
202,24064,3,0,,,,,,,,scaled raw GAE before minibatch normalization
202,24064,4,3,0.2969779483333333,0.7287505889049422,-0.17702304149999998,-0.052951485,1.0159295414999998,0.6666666666666666,0.3333333333333333,scaled raw GAE before minibatch normalization
202,24576,0,485,0.06069505273348454,0.6128687032667339,-0.6929188519999999,0.02469358,1.0205806599999998,0.46804123711340206,0.5319587628865979,scaled raw GAE before minibatch normalization
202,24576,1,15,0.2537463776,0.4323569708534449,-0.35835057800000003,0.27006158,0.9519931849999997,0.3333333333333333,0.6666666666666666,scaled raw GAE before minibatch normalization
202,24576,2,8,-0.08543733999999999,0.3102963295807026,-0.38255658,-0.157709675,0.4053917979999997,0.75,0.25,scaled raw GAE before minibatch normalization
202,24576,3,3,0.015666395666666666,0.3079222818027582,-0.25137715130000005,-0.010933343,0.3013297597,0.6666666666666666,0.3333333333333333,scaled raw GAE before minibatch normalization
202,24576,4,1,-0.04591375,,-0.04591375,-0.04591375,-0.04591375,1.0,0.0,scaled raw GAE before minibatch normalization
202,25088,0,489,-0.10330338777337422,0.6652400513031637,-1.1089128000000001,-0.08258349,0.9622930799999996,0.588957055214724,0.4110429447852761,scaled raw GAE before minibatch normalization
202,25088,1,16,0.178088343125,0.7392569842316575,-0.576694005,0.026286006,1.520532475,0.375,0.625,scaled raw GAE before minibatch normalization
202,25088,2,5,-0.671386928,1.3410582426870605,-2.3070464,-0.12565392,0.6948186599999999,0.8,0.2,scaled raw GAE before minibatch normalization
202,25088,3,1,-0.71814615,,-0.71814615,-0.71814615,-0.71814615,1.0,0.0,scaled raw GAE before minibatch normalization
202,25088,4,1,1.2298105,,1.2298105,1.2298105,1.2298105,0.0,1.0,scaled raw GAE before minibatch normalization
202,25600,0,482,-0.01179732296315353,0.619599726899474,-1.0688611749999999,-0.009828603,0.9265723819999996,0.5145228215767634,0.4854771784232365,scaled raw GAE before minibatch normalization
202,25600,1,16,-0.28267959403750004,0.8437897095328927,-1.529055325,-0.06356513250000001,0.44289343000000003,0.5625,0.4375,scaled raw GAE before minibatch normalization
202,25600,2,9,-0.15097644888888886,0.691339641492415,-1.022757584,-0.38182092,0.8364040599999999,0.6666666666666666,0.3333333333333333,scaled raw GAE before minibatch normalization
202,25600,3,3,0.5728162966666667,0.32289678095998053,0.255302125,0.69747937,0.803066317,0.0,1.0,scaled raw GAE before minibatch normalization
202,25600,4,2,0.04350763500000002,0.5960723418501684,-0.3358304805,0.043507635000000044,0.42284575049999995,0.5,0.5,scaled raw GAE before minibatch normalization
202,26112,0,478,0.08113106025230127,0.5575711592512766,-0.888013145,0.050526016,0.9811626099999997,0.4100418410041841,0.5899581589958159,scaled raw GAE before minibatch normalization
202,26112,1,25,0.24588588395600003,0.5686028305554984,-0.6719778199999998,0.28856623,1.1689455599999998,0.32,0.68,scaled raw GAE before minibatch normalization
202,26112,2,6,0.1857566804,0.6014939358477331,-0.5472125625,0.2056030012,0.9194022824999999,0.3333333333333333,0.6666666666666666,scaled raw GAE before minibatch normalization
202,26112,3,0,,,,,,,,scaled raw GAE before minibatch normalization
202,26112,4,3,0.0007355133333333449,0.33297696425792606,-0.24818657800000002,-0.10880248,0.32633419999999996,0.6666666666666666,0.3333333333333333,scaled raw GAE before minibatch normalization
202,26624,0,462,-0.07260281914430736,0.532575483082924,-1.06782231,-0.05203528,0.7771408519999999,0.564935064935065,0.43506493506493504,scaled raw GAE before minibatch normalization
202,26624,1,30,-0.024197419270000017,0.5903350073386352,-0.898874347,-0.063233815,0.8885265264999993,0.6,0.4,scaled raw GAE before minibatch normalization
202,26624,2,9,-0.008703117333333319,0.31394658798894787,-0.44848365599999995,0.052579664,0.35679419599999995,0.4444444444444444,0.5555555555555556,scaled raw GAE before minibatch normalization
202,26624,3,2,-0.0348780025,0.097229936594063,-0.09675475525,-0.03487800249999999,0.02699875025,0.5,0.5,scaled raw GAE before minibatch normalization
202,26624,4,9,-0.03348822366666667,0.3875252998568572,-0.58112382,-0.06768693,0.47304742199999983,0.5555555555555556,0.4444444444444444,scaled raw GAE before minibatch normalization
202,27136,0,463,0.0729356702638877,0.5508104005193557,-0.7870847630000001,0.02427715,0.9410404839999998,0.46652267818574517,0.5334773218142549,scaled raw GAE before minibatch normalization
202,27136,1,26,0.04195660803846153,0.5133953296097291,-0.581145625,-0.041411210000000004,1.0230863749999999,0.5384615384615384,0.46153846153846156,scaled raw GAE before minibatch normalization
202,27136,2,14,0.028093340499999998,0.5622062857821086,-0.6830640244999999,-0.08333959,0.9200936649999998,0.5714285714285714,0.42857142857142855,scaled raw GAE before minibatch normalization
202,27136,3,4,-0.3629123195,0.5465664241425755,-0.9629504245,-0.294938604,0.14196258379999993,0.75,0.25,scaled raw GAE before minibatch normalization
202,27136,4,5,0.266231278,0.20732757863840987,0.094765878,0.24002758,0.54259748,0.0,1.0,scaled raw GAE before minibatch normalization
202,27648,0,477,-0.1099646801297694,0.66644227062862,-1.28320092,-0.034235343,0.8795101199999998,0.5450733752620545,0.4549266247379455,scaled raw GAE before minibatch normalization
202,27648,1,18,-0.11529067105555556,0.7527318482392399,-1.487087785,0.0441408785,0.653833399999999,0.4444444444444444,0.5555555555555556,scaled raw GAE before minibatch normalization
202,27648,2,7,-0.8879006257142857,1.2613326363472066,-2.78850404,-0.4525058,0.22856456199999986,0.7142857142857143,0.2857142857142857,scaled raw GAE before minibatch normalization
202,27648,3,5,0.16879517000000002,0.4884649461976235,-0.21531400280000002,0.08504548,0.8236645507999998,0.4,0.6,scaled raw GAE before minibatch normalization
202,27648,4,5,-0.259885917,0.4870105022659167,-0.912278484,-0.12667882,0.13659078499999994,0.8,0.2,scaled raw GAE before minibatch normalization
202,28160,0,480,0.11193640868464998,0.6271471050990445,-0.8224403565,0.0466490865,1.1681097999999996,0.4479166666666667,0.5520833333333334,scaled raw GAE before minibatch normalization
202,28160,1,19,0.12431012631578944,0.9089944955093531,-1.61849867,0.104223326,1.6674423099999998,0.2631578947368421,0.7368421052631579,scaled raw GAE before minibatch normalization
202,28160,2,8,0.03660122862499999,0.400235927014536,-0.272554746,-0.067622842,0.6629714208999995,0.625,0.375,scaled raw GAE before minibatch normalization
202,28160,3,2,0.0033514000000000044,0.6846994158188833,-0.43238864,0.0033514000000000044,0.43909144,0.5,0.5,scaled raw GAE before minibatch normalization
202,28160,4,3,0.7929367566666666,0.822694962628597,-0.013650897000000009,1.0830039,1.39647741,0.3333333333333333,0.6666666666666666,scaled raw GAE before minibatch normalization
202,28672,0,474,-0.08119627450822786,0.5685881206321073,-1.0381115699999999,-0.068147258,0.7336643769999998,0.5780590717299579,0.4219409282700422,scaled raw GAE before minibatch normalization
202,28672,1,31,-0.020307735874193548,0.5431906293382098,-0.732500085,-0.033322953,0.93778974,0.6451612903225806,0.3548387096774194,scaled raw GAE before minibatch normalization
202,28672,2,2,-0.09023472499999999,0.517511166256882,-0.4195768145,-0.09023472500000002,0.23910736449999997,0.5,0.5,scaled raw GAE before minibatch normalization
202,28672,3,4,-0.2140747925,0.983383159601959,-1.402275242,0.213993325,0.37483029249999994,0.25,0.75,scaled raw GAE before minibatch normalization
202,28672,4,1,-0.81121516,,-0.81121516,-0.81121516,-0.81121516,1.0,0.0,scaled raw GAE before minibatch normalization
202,29184,0,464,0.08563116827887932,0.5572295303030436,-0.8471957295,0.1027137625,1.036992559999998,0.35129310344827586,0.6487068965517241,scaled raw GAE before minibatch normalization
202,29184,1,31,0.05589775633870968,0.45386998793111644,-0.6334894,0.122029275,0.72891587,0.2903225806451613,0.7096774193548387,scaled raw GAE before minibatch normalization
202,29184,2,9,-0.4946251374444445,1.0482185405938413,-2.3044092800000002,-0.033597782,0.3371471119999999,0.6666666666666666,0.3333333333333333,scaled raw GAE before minibatch normalization
202,29184,3,3,0.29462752059999997,0.6252939470803303,-0.11727785381999999,0.0017862618,0.9115217761799999,0.3333333333333333,0.6666666666666666,scaled raw GAE before minibatch normalization
202,29184,4,5,0.153754681,0.24789992646506961,-0.12458560900000001,0.1820481,0.44860511,0.2,0.8,scaled raw GAE before minibatch normalization
202,29696,0,467,-0.007969365082655255,0.6080279537709262,-1.2006754,-0.0030547082,0.9181262199999998,0.5053533190578159,0.49464668094218417,scaled raw GAE before minibatch normalization
202,29696,1,33,-0.1079267776060606,0.6991805560820785,-1.28155482,-0.032678872,0.7871450039999998,0.5454545454545454,0.45454545454545453,scaled raw GAE before minibatch normalization
202,29696,2,6,-0.008756318833333325,0.3495611816414174,-0.48616159999999997,-0.004316881500000001,0.3430719275,0.5,0.5,scaled raw GAE before minibatch normalization
202,29696,3,3,-0.056780977333333336,0.07366758587623841,-0.127951607,-0.03838403,0.001511789199999996,0.6666666666666666,0.3333333333333333,scaled raw GAE before minibatch normalization
202,29696,4,3,-0.4568834033333333,0.7619300300489011,-1.164755057,-0.38754797,0.20245344699999995,0.6666666666666666,0.3333333333333333,scaled raw GAE before minibatch normalization
202,30208,0,486,-0.006210843343065847,0.6368205886645991,-0.99855985,-0.0380889475,0.9638355025,0.5493827160493827,0.4506172839506173,scaled raw GAE before minibatch normalization
202,30208,1,15,-0.1079955966,0.4105090809218719,-0.788792921,0.07469669,0.3701152599999999,0.4,0.6,scaled raw GAE before minibatch normalization
202,30208,2,4,-0.22416448,0.36196218645540373,-0.49162471199999996,-0.34552018500000004,0.21319373899999977,0.75,0.25,scaled raw GAE before minibatch normalization
202,30208,3,3,0.13495977499999998,0.6098141497398857,-0.36173236649999996,0.010625295,0.7186860524999998,0.3333333333333333,0.6666666666666666,scaled raw GAE before minibatch normalization
202,30208,4,4,-0.238579015,0.11122961865330432,-0.3316162985,-0.265558815,-0.10777001150000005,1.0,0.0,scaled raw GAE before minibatch normalization
202,30720,0,482,-0.01023389826085062,0.48007820513442884,-0.905220395,-0.0064647478,0.629167775,0.5124481327800829,0.487551867219917,scaled raw GAE before minibatch normalization
202,30720,1,23,0.09175396760869564,0.43799724859764305,-0.567934662,0.111785434,0.588150636,0.4782608695652174,0.5217391304347826,scaled raw GAE before minibatch normalization
202,30720,2,3,0.03269229333333334,0.2616636839368714,-0.137482004,-0.09298028,0.290837392,0.6666666666666666,0.3333333333333333,scaled raw GAE before minibatch normalization
202,30720,3,1,0.048137017,,0.048137017,0.048137017,0.048137017,0.0,1.0,scaled raw GAE before minibatch normalization
202,30720,4,3,-0.06255290333333334,0.15021467569565308,-0.202373057,-0.04796444,0.06705532599999998,0.6666666666666666,0.3333333333333333,scaled raw GAE before minibatch normalization
202,31232,0,485,0.023008789734226796,0.629694961302293,-1.04626532,0.052377798,0.9702497199999995,0.42061855670103093,0.5793814432989691,scaled raw GAE before minibatch normalization
202,31232,1,20,-0.08825406797500004,0.885802041592711,-0.9949435035,-0.0056976167500000004,0.5640757290000018,0.5,0.5,scaled raw GAE before minibatch normalization
202,31232,2,4,-0.07532910749999999,0.1897477760973764,-0.27299921899999996,-0.055997015,0.09527607449999999,0.5,0.5,scaled raw GAE before minibatch normalization
202,31232,3,2,-1.74558328,2.2238345916599958,-3.160822948,-1.7455832799999997,-0.3303436120000001,1.0,0.0,scaled raw GAE before minibatch normalization
202,31232,4,1,0.17707586,,0.17707586,0.17707586,0.17707586,0.0,1.0,scaled raw GAE before minibatch normalization
202,31744,0,487,0.031030443551786437,0.6939157875644021,-0.966700723,-0.0024089292,1.1055796299999996,0.5030800821355236,0.49691991786447637,scaled raw GAE before minibatch normalization
202,31744,1,15,0.14501625160000003,0.4575731221231364,-0.20275226,-0.022244833,1.22334898,0.5333333333333333,0.4666666666666667,scaled raw GAE before minibatch normalization
202,31744,2,6,-0.20210558116666666,0.5627762635816228,-0.8634399125000001,-0.10620346350000001,0.4519181475,0.5,0.5,scaled raw GAE before minibatch normalization
202,31744,3,3,-2.2233778666666666,1.6086747057941122,-3.77434938,-1.839171,-0.9413511600000001,1.0,0.0,scaled raw GAE before minibatch normalization
202,31744,4,1,-0.22283624,,-0.22283624,-0.22283624,-0.22283624,1.0,0.0,scaled raw GAE before minibatch normalization
202,32256,0,493,-0.03258446276377283,0.6186508791556219,-1.16072542,-0.015653767,0.7714302399999998,0.5111561866125761,0.48884381338742394,scaled raw GAE before minibatch normalization
202,32256,1,11,0.10194917371818181,0.3647877057065225,-0.4116924,0.019077279,0.57442915,0.45454545454545453,0.5454545454545454,scaled raw GAE before minibatch normalization
202,32256,2,3,0.19625689999999998,1.1475855041134975,-0.9357912700000001,0.7205051,0.96133133,0.3333333333333333,0.6666666666666666,scaled raw GAE before minibatch normalization
202,32256,3,1,2.057813,,2.057813,2.057813,2.057813,0.0,1.0,scaled raw GAE before minibatch normalization
202,32256,4,4,-0.16969220999999998,0.8195062134451806,-1.0214401185,-0.17806419499999998,0.6937764774999996,0.75,0.25,scaled raw GAE before minibatch normalization
202,32768,0,484,0.11950740728795453,0.49313487814119883,-0.7349988774999999,0.095484397,0.9092098899999991,0.36983471074380164,0.6301652892561983,scaled raw GAE before minibatch normalization
202,32768,1,18,0.044479811981666666,0.43933378428691494,-0.4655928629999999,0.0592452165,0.5503814245,0.3888888888888889,0.6111111111111112,scaled raw GAE before minibatch normalization
202,32768,2,5,0.07011290379999999,0.5197733857037458,-0.30907841,-0.040028676,0.7741912469999999,0.6,0.4,scaled raw GAE before minibatch normalization
202,32768,3,0,,,,,,,,scaled raw GAE before minibatch normalization
202,32768,4,5,0.27324268200000007,0.8565476482580352,-0.47176355999999997,0.07134074,1.4186727739999998,0.4,0.6,scaled raw GAE before minibatch normalization
303,512,0,114,-1.4771498064561404,2.047761996647329,-5.226039159999999,-0.7471783000000001,0.3522535675,0.7894736842105263,0.21052631578947367,scaled raw GAE before minibatch normalization
303,512,1,84,-2.0743076881428575,2.8870666587819818,-8.130607249999999,-0.8319661,0.21557108149999976,0.8809523809523809,0.11904761904761904,scaled raw GAE before minibatch normalization
303,512,2,104,-2.8856799558461543,3.592996532997257,-11.101826399999998,-1.62942885,0.4171831574999996,0.875,0.125,scaled raw GAE before minibatch normalization
303,512,3,105,-2.553203840731048,3.426692861645361,-8.539795400000001,-1.1413128,0.3598990459999997,0.8571428571428571,0.14285714285714285,scaled raw GAE before minibatch normalization
303,512,4,105,-2.4285459854380953,3.269644168370553,-8.0882406,-1.1118798,0.4305999799999998,0.8285714285714286,0.17142857142857143,scaled raw GAE before minibatch normalization
303,1024,0,107,-1.002484450906542,2.2431366102726877,-5.4400822,-0.38844457,1.1773890699999996,0.5887850467289719,0.411214953271028,scaled raw GAE before minibatch normalization
303,1024,1,124,-1.0280390708225806,2.424402977982173,-5.58261911,-0.0762398505,1.0909497949999998,0.5403225806451613,0.4596774193548387,scaled raw GAE before minibatch normalization
303,1024,2,82,-1.0582743660365854,2.197485407410655,-4.360903225,-0.526805205,1.1227182000000002,0.5975609756097561,0.4024390243902439,scaled raw GAE before minibatch normalization
303,1024,3,94,-0.895522283,2.0298523738656935,-3.90465317,-0.32973302000000004,1.16873288,0.6276595744680851,0.3723404255319149,scaled raw GAE before minibatch normalization
303,1024,4,105,-1.2117357675809524,2.7184895479807185,-9.0512652,-0.08179733,1.06010616,0.5238095238095238,0.47619047619047616,scaled raw GAE before minibatch normalization
303,1536,0,130,-0.9066320019846155,2.2263910472410653,-5.08967429,-0.37807389999999996,1.6693449549999995,0.5461538461538461,0.45384615384615384,scaled raw GAE before minibatch normalization
303,1536,1,115,-0.7712965483130435,2.1524009907215333,-5.06789811,0.07713513,1.9439951,0.48695652173913045,0.5130434782608696,scaled raw GAE before minibatch normalization
303,1536,2,74,-0.8114133495135134,2.2701932899654804,-5.423077245,0.124579425,1.75276543,0.47297297297297297,0.527027027027027,scaled raw GAE before minibatch normalization
303,1536,3,90,-0.9856269714333332,2.648105100042323,-6.6925754699999995,-0.0152031725,1.76658565,0.5,0.5,scaled raw GAE before minibatch normalization
303,1536,4,103,-1.5244219888155341,2.525153980710706,-6.0471042299999995,-0.9611453,1.6454701899999993,0.6310679611650486,0.36893203883495146,scaled raw GAE before minibatch normalization
303,2048,0,124,-0.10099026030645161,2.4087492741273504,-4.14534458,0.36786528,2.4661126,0.41935483870967744,0.5806451612903226,scaled raw GAE before minibatch normalization
303,2048,1,125,0.06546548487199998,2.2267978893574947,-3.7430776,0.58853406,2.36483,0.36,0.64,scaled raw GAE before minibatch normalization
303,2048,2,81,-0.287506918725926,2.4828671054366476,-4.49391,0.2530932,2.2568004,0.4444444444444444,0.5555555555555556,scaled raw GAE before minibatch normalization
303,2048,3,101,-0.5022616185514851,2.9043405019381114,-6.576174,0.20944221,2.1866875,0.45544554455445546,0.5445544554455446,scaled raw GAE before minibatch normalization
303,2048,4,81,-0.8993998793950617,3.524246628909963,-10.00396,0.15400057,2.464918,0.4567901234567901,0.5432098765432098,scaled raw GAE before minibatch normalization
303,2560,0,136,0.10454822296323524,1.775950840121967,-2.8843070500000003,0.4474936,2.2315024,0.3897058823529412,0.6102941176470589,scaled raw GAE before minibatch normalization
303,2560,1,145,0.3927121833103448,1.858441658943543,-4.087543,0.75405294,2.468449479999998,0.2896551724137931,0.7103448275862069,scaled raw GAE before minibatch normalization
303,2560,2,94,0.056963542691489365,1.8563855917076302,-3.462535965,0.533062685,2.2182300049999997,0.4148936170212766,0.5851063829787234,scaled raw GAE before minibatch normalization
303,2560,3,73,0.07321183541095888,1.8988593950559396,-3.2429623999999997,0.52658176,2.264762039999998,0.3835616438356164,0.6164383561643836,scaled raw GAE before minibatch normalization
303,2560,4,64,-0.18648713554687504,1.8657064569579749,-4.286492644999999,0.296798355,1.8077770499999999,0.40625,0.59375,scaled raw GAE before minibatch normalization
303,3072,0,147,0.31739103638095234,1.389556876904167,-2.1267288200000003,0.5578052,2.03945123,0.36054421768707484,0.6394557823129252,scaled raw GAE before minibatch normalization
303,3072,1,162,0.39720019777777776,1.4703888729858843,-2.5423243249999996,0.56814448,2.1694511299999997,0.2962962962962963,0.7037037037037037,scaled raw GAE before minibatch normalization
303,3072,2,76,0.0929496457105263,1.4327654521770845,-2.437026125,0.359719375,1.962575625,0.3815789473684211,0.618421052631579,scaled raw GAE before minibatch normalization
303,3072,3,84,0.11318391954047617,1.5001892865022233,-2.7713774,0.497371165,2.1155422899999996,0.34523809523809523,0.6547619047619048,scaled raw GAE before minibatch normalization
303,3072,4,43,0.0489140890697674,1.4947512929520856,-2.5870028400000002,0.32292935,1.9137482299999997,0.3953488372093023,0.6046511627906976,scaled raw GAE before minibatch normalization
303,3584,0,170,0.049245022117647065,1.5985708516305266,-2.982645715,0.460984615,2.0805383799999992,0.38235294117647056,0.6176470588235294,scaled raw GAE before minibatch normalization
303,3584,1,172,0.034050833969186074,1.673604045174772,-3.5214160999999997,0.460511075,2.015914949999999,0.4011627906976744,0.5988372093023255,scaled raw GAE before minibatch normalization
303,3584,2,53,0.14518588279245287,1.533138384424478,-3.05491432,0.43856186,1.9143909599999998,0.3584905660377358,0.6415094339622641,scaled raw GAE before minibatch normalization
303,3584,3,67,-0.36761324417910446,1.9504237073334534,-4.1249245199999995,0.3539987,1.7978266499999997,0.44776119402985076,0.5522388059701493,scaled raw GAE before minibatch normalization
303,3584,4,50,-0.05610755999999999,2.0006328197751713,-3.59923961,0.65103745,2.299536675,0.4,0.6,scaled raw GAE before minibatch normalization
303,4096,0,179,0.6083405755083799,0.7533692689110459,-0.6438568100000001,0.7033387,1.6652563799999995,0.17318435754189945,0.8268156424581006,scaled raw GAE before minibatch normalization
303,4096,1,194,0.5730531011945361,0.9109680482622172,-1.251592715,0.751566285,1.87426805,0.1958762886597938,0.8041237113402062,scaled raw GAE before minibatch normalization
303,4096,2,49,0.37941215197959194,0.8666246339829579,-1.4813152599999997,0.60862696,1.4958926999999993,0.22448979591836735,0.7755102040816326,scaled raw GAE before minibatch normalization
303,4096,3,54,0.5229577538703704,0.7577591812980586,-1.0113518309999998,0.70872035,1.3477461949999998,0.2037037037037037,0.7962962962962963,scaled raw GAE before minibatch normalization
303,4096,4,36,0.18014477861111108,1.3507393836231005,-2.96392535,0.74553263,1.17583035,0.3055555555555556,0.6944444444444444,scaled raw GAE before minibatch normalization
303,4608,0,190,-0.10813426871052631,1.011249007754124,-1.7789349049999996,0.069853917,1.1083848199999997,0.47368421052631576,0.5263157894736842,scaled raw GAE before minibatch normalization
303,4608,1,202,-0.29384431235792074,1.1514458947654538,-2.5909654200000003,-0.00660770765,1.2230879449999987,0.5,0.5,scaled raw GAE before minibatch normalization
303,4608,2,46,-0.34859700047826075,1.3605364881712765,-2.7297358,0.11494006749999999,1.052258325,0.45652173913043476,0.5434782608695652,scaled raw GAE before minibatch normalization
303,4608,3,53,-0.25574782186792455,1.1082399010134303,-2.68184272,-0.1243258,0.8646889599999998,0.5471698113207547,0.4528301886792453,scaled raw GAE before minibatch normalization
303,4608,4,21,-0.3962129878095238,1.0042718491567078,-2.8086283,-0.2138984,0.6215451,0.5714285714285714,0.42857142857142855,scaled raw GAE before minibatch normalization
303,5120,0,218,0.24012086491743115,0.8710797182424711,-1.323313625,0.32632379,1.5368238549999993,0.3394495412844037,0.6605504587155964,scaled raw GAE before minibatch normalization
303,5120,1,179,0.18764374405921788,0.920452242312178,-1.68266873,0.3758464,1.3932086099999998,0.3407821229050279,0.659217877094972,scaled raw GAE before minibatch normalization
303,5120,2,33,0.09288614133333331,1.107225333967813,-1.07730106,0.1805256,1.3389046599999996,0.3939393939393939,0.6060606060606061,scaled raw GAE before minibatch normalization
303,5120,3,57,0.18170887671929822,0.9900865488877362,-1.47702546,0.35583785,1.3283627599999996,0.2631578947368421,0.7368421052631579,scaled raw GAE before minibatch normalization
303,5120,4,25,0.008287504560000044,0.980758390942104,-1.4706067,0.20023796,1.060512,0.36,0.64,scaled raw GAE before minibatch normalization
303,5632,0,252,0.14129668291111108,0.8829377703691846,-1.372325735,0.24416639499999998,1.3152687599999997,0.3888888888888889,0.6111111111111112,scaled raw GAE before minibatch normalization
303,5632,1,163,0.03688812696932516,0.9485320594242916,-1.41175154,0.17055881,1.1305663200000002,0.4049079754601227,0.5950920245398773,scaled raw GAE before minibatch normalization
303,5632,2,32,0.028819799687499995,0.6034503580209758,-0.6529452945,0.078846555,0.9498981784999999,0.4375,0.5625,scaled raw GAE before minibatch normalization
303,5632,3,46,-0.052006003413043476,0.9414075713653159,-1.33139725,0.141712575,0.871905405,0.45652173913043476,0.5434782608695652,scaled raw GAE before minibatch normalization
303,5632,4,19,0.24706445789473686,0.7158577060083122,-0.93914096,0.2624282,1.0418358599999984,0.3684210526315789,0.631578947368421,scaled raw GAE before minibatch normalization
303,6144,0,317,0.13761878830347002,0.6981128733194383,-1.07505508,0.21075562,1.1288478199999996,0.3627760252365931,0.637223974763407,scaled raw GAE before minibatch normalization
303,6144,1,112,0.14563699651249998,0.8497892719169884,-1.3565184549999998,0.23207263499999997,1.135246915,0.42857142857142855,0.5714285714285714,scaled raw GAE before minibatch normalization
303,6144,2,27,0.026247398518518508,0.7802897820361342,-1.1793434299999999,0.08487982,0.9775066999999998,0.4444444444444444,0.5555555555555556,scaled raw GAE before minibatch normalization
303,6144,3,38,0.17880449576315785,0.6643439378683594,-1.19553137,0.217455852,1.103119655,0.39473684210526316,0.6052631578947368,scaled raw GAE before minibatch normalization
303,6144,4,18,-0.2860966920055556,0.5858043011706976,-1.422041535,-0.249858305,0.4131670939999992,0.7222222222222222,0.2777777777777778,scaled raw GAE before minibatch normalization
303,6656,0,346,-0.0033513006988439235,0.752893267291432,-1.0558386,0.025232382,1.1186188000000001,0.48554913294797686,0.5144508670520231,scaled raw GAE before minibatch normalization
303,6656,1,103,-0.02156267831067962,0.7949093465108787,-1.0305477600000001,-0.04168105,1.3095223899999993,0.5436893203883495,0.4563106796116505,scaled raw GAE before minibatch normalization
303,6656,2,25,0.0011291448000000093,0.7376693860825884,-1.3144377,0.19882318,0.9089649639999994,0.4,0.6,scaled raw GAE before minibatch normalization
303,6656,3,25,0.04566764016,0.652051281638416,-0.69134224,-0.17186661,1.267929319999999,0.56,0.44,scaled raw GAE before minibatch normalization
303,6656,4,13,-0.30977158538461536,0.4637220796797429,-0.9235043639999998,-0.3077498,0.40280563599999997,0.7692307692307693,0.23076923076923078,scaled raw GAE before minibatch normalization
303,7168,0,349,-0.09836178229512894,0.7918607530769066,-1.1748987199999998,-0.061324254,0.8997373399999984,0.5444126074498568,0.45558739255014324,scaled raw GAE before minibatch normalization
303,7168,1,100,-0.07037606390000001,0.7761448572485659,-0.9581975850000001,-0.0349806325,1.0214913199999998,0.51,0.49,scaled raw GAE before minibatch normalization
303,7168,2,19,-0.3010706047368421,0.7512698349539066,-1.00109221,-0.18718642,0.43083838799999846,0.7368421052631579,0.2631578947368421,scaled raw GAE before minibatch normalization
303,7168,3,33,-0.335237993030303,0.9078114015922327,-1.84110828,-0.07380259,0.8136985399999997,0.6363636363636364,0.36363636363636365,scaled raw GAE before minibatch normalization
303,7168,4,11,-0.2776921595454546,0.5278708677659918,-1.0409642000000001,-0.23548499,0.47014666,0.7272727272727273,0.2727272727272727,scaled raw GAE before minibatch normalization
303,7680,0,338,-0.020617462488520717,0.67147348255642,-1.017358655,-0.0019909684,0.9982071889999993,0.5059171597633136,0.4940828402366864,scaled raw GAE before minibatch normalization
303,7680,1,109,-0.07313556924972477,0.6411461598387316,-1.14744568,-0.039673146,0.9310829199999981,0.5412844036697247,0.45871559633027525,scaled raw GAE before minibatch normalization
303,7680,2,24,-0.13214031658333333,0.6572946092524881,-0.991007335,-0.180220575,0.9093830024999999,0.625,0.375,scaled raw GAE before minibatch normalization
303,7680,3,26,-0.20955362365384617,0.7378071005615697,-1.39295485,-0.12130864499999999,0.690791415,0.6153846153846154,0.38461538461538464,scaled raw GAE before minibatch normalization
303,7680,4,15,-0.2801583437333333,1.1022908032255831,-2.44139574,-0.08127168,0.8113599899999991,0.5333333333333333,0.4666666666666667,scaled raw GAE before minibatch normalization
303,8192,0,368,0.07078474723315217,0.876775089459091,-1.6993385699999999,0.114116568,1.3591083849999996,0.43478260869565216,0.5652173913043478,scaled raw GAE before minibatch normalization
303,8192,1,102,0.046286885338235315,0.7431240982121684,-1.4953318349999998,0.11762397499999999,1.077996775,0.4019607843137255,0.5980392156862745,scaled raw GAE before minibatch normalization
303,8192,2,15,0.08542167206666666,0.5956506861761975,-0.598579035,-0.010109388,1.1072337099999998,0.5333333333333333,0.4666666666666667,scaled raw GAE before minibatch normalization
303,8192,3,24,-0.03280976492500002,0.7820352780908038,-0.7006549344999999,0.076298004,0.8487793499999995,0.4166666666666667,0.5833333333333334,scaled raw GAE before minibatch normalization
303,8192,4,3,0.33428515666666664,0.7088678176436136,-0.29448455300000004,0.30884752,0.9808612119999999,0.3333333333333333,0.6666666666666666,scaled raw GAE before minibatch normalization
303,8704,0,387,-0.05754657633591732,0.7656686105496151,-1.22178302,-0.07238485,1.1886140899999995,0.5297157622739018,0.4702842377260982,scaled raw GAE before minibatch normalization
303,8704,1,80,-0.0915978344,0.9178883768134485,-1.9502172549999999,0.013956204,1.1467048999999998,0.4875,0.5125,scaled raw GAE before minibatch normalization
303,8704,2,12,0.33292472166666665,0.8319132453163082,-0.530676725,0.03356638000000001,1.7316178450000002,0.5,0.5,scaled raw GAE before minibatch normalization
303,8704,3,25,-0.422112143464,1.0472823824988753,-2.5658209,-0.12968552,0.7786872919999998,0.6,0.4,scaled raw GAE before minibatch normalization
303,8704,4,8,-0.45589957374999995,0.624758238616502,-1.3256501374999998,-0.411541775,0.34479526599999977,0.75,0.25,scaled raw GAE before minibatch normalization
303,9216,0,397,0.034983146169773306,0.7624694270509241,-1.04327624,0.037844747,1.2244974599999996,0.473551637279597,0.5264483627204031,scaled raw GAE before minibatch normalization
303,9216,1,75,-0.19452470132,1.1610490305031405,-2.52222309,-0.1481649,1.2807522099999997,0.6133333333333333,0.38666666666666666,scaled raw GAE before minibatch normalization
303,9216,2,25,-0.16834732992000004,0.40771196347936683,-0.9000786799999999,-0.16025598,0.30781393199999985,0.56,0.44,scaled raw GAE before minibatch normalization
303,9216,3,12,-0.006964384583333316,0.7653149477323563,-1.0732845364999999,-0.0200200825,0.8698325529999996,0.5833333333333334,0.4166666666666667,scaled raw GAE before minibatch normalization
303,9216,4,3,0.3666082033333333,0.17084531917353699,0.218050466,0.35281715,0.524819678,0.0,1.0,scaled raw GAE before minibatch normalization
303,9728,0,418,0.09085686835648324,0.830697045868151,-1.4049204249999998,0.0434281525,1.4530766699999997,0.46411483253588515,0.5358851674641149,scaled raw GAE before minibatch normalization
303,9728,1,70,0.015044203152857153,0.6638858143872636,-0.8908208275,-0.041750687999999994,1.1301918699999995,0.5571428571428572,0.44285714285714284,scaled raw GAE before minibatch normalization
303,9728,2,5,-0.291477856,1.3478533937207675,-1.9890154139999998,-0.09842559,1.0957310959999997,0.6,0.4,scaled raw GAE before minibatch normalization
303,9728,3,13,-0.021827356076923064,0.9198343981811358,-1.75292046,0.17038758,0.80438472,0.23076923076923078,0.7692307692307693,scaled raw GAE before minibatch normalization
303,9728,4,6,0.625537294,0.5510893150554337,-0.042732304,0.72116065,1.277353715,0.16666666666666666,0.8333333333333334,scaled raw GAE before minibatch normalization
303,10240,0,444,0.046439172201576576,0.6642948801514926,-0.8658321449999999,-0.009678645,1.067858335,0.5067567567567568,0.49324324324324326,scaled raw GAE before minibatch normalization
303,10240,1,41,-0.20409157158536587,0.6792782382862853,-1.3268856,-0.14124975,0.8779036,0.6097560975609756,0.3902439024390244,scaled raw GAE before minibatch normalization
303,10240,2,10,-0.37959328579999996,0.44390635963696795,-1.0121907175,-0.30700508,0.17629687774999955,0.9,0.1,scaled raw GAE before minibatch normalization
303,10240,3,11,0.14815621473636362,0.6488658888910409,-0.59735373,0.0034204721,1.183868435,0.45454545454545453,0.5454545454545454,scaled raw GAE before minibatch normalization
303,10240,4,6,-0.10026793549999997,0.7295681163279698,-1.0972123599999999,-0.0681585515,0.6619248824999999,0.5,0.5,scaled raw GAE before minibatch normalization
303,10752,0,462,-0.0033934674059090887,0.6933277455120788,-1.192055005,-0.055088632,1.0280466699999995,0.5367965367965368,0.46320346320346323,scaled raw GAE before minibatch normalization
303,10752,1,25,0.028033923400000015,0.4973175862541738,-0.5823297000000001,-0.14359711,0.9677144999999988,0.6,0.4,scaled raw GAE before minibatch normalization
303,10752,2,6,0.33140554783333337,0.36496417855642804,-0.058656758749999996,0.287819065,0.8102757,0.3333333333333333,0.6666666666666666,scaled raw GAE before minibatch normalization
303,10752,3,15,-0.06841061833333333,0.4514796822395703,-0.69667585,-0.109641165,0.658921038,0.6666666666666666,0.3333333333333333,scaled raw GAE before minibatch normalization
303,10752,4,4,0.014750814999999994,0.21765879108154404,-0.2037054435,0.003512245000000011,0.24894107149999992,0.5,0.5,scaled raw GAE before minibatch normalization
303,11264,0,446,-0.043415452232959645,0.8444291708953638,-1.37836775,0.0201417525,1.091904225,0.48654708520179374,0.5134529147982063,scaled raw GAE before minibatch normalization
303,11264,1,41,-0.09984488475609757,0.696737669757565,-0.83495027,-0.08376156,0.8829753,0.5365853658536586,0.4634146341463415,scaled raw GAE before minibatch normalization
303,11264,2,7,0.07597621057142859,0.6101955579540248,-0.390343489,-0.037020106,0.9972039539999992,0.5714285714285714,0.42857142857142855,scaled raw GAE before minibatch normalization
303,11264,3,12,-0.19273290283333333,0.2800228539679304,-0.449629439,-0.34709175999999997,0.23533284099999996,0.75,0.25,scaled raw GAE before minibatch normalization
303,11264,4,6,-0.1461804416666667,1.1627540750057015,-1.838019825,0.165905285,0.784920385,0.3333333333333333,0.6666666666666666,scaled raw GAE before minibatch normalization
303,11776,0,444,-0.016554669472635137,0.7145964502117929,-1.27223144,-0.0490737625,1.0969535649999989,0.5315315315315315,0.46846846846846846,scaled raw GAE before minibatch normalization
303,11776,1,39,-0.09159831266153844,0.5529881520896484,-0.841686525,-0.055432826,0.65754449,0.5641025641025641,0.4358974358974359,scaled raw GAE before minibatch normalization
303,11776,2,14,0.0978966521428571,0.8470567012234718,-1.0449229249999998,0.059086285,1.032444955,0.42857142857142855,0.5714285714285714,scaled raw GAE before minibatch normalization
303,11776,3,9,-0.3684120306666666,0.8792294573759365,-1.8234069599999998,-0.21124852,0.49008417999999987,0.6666666666666666,0.3333333333333333,scaled raw GAE before minibatch normalization
303,11776,4,6,0.032175225166666675,0.3970853835761588,-0.460109709,0.0590744985,0.5134679225000001,0.3333333333333333,0.6666666666666666,scaled raw GAE before minibatch normalization
303,12288,0,449,0.006003391901193764,0.5803163008726353,-0.747976348,-0.10902095,0.999205159999999,0.5902004454342984,0.40979955456570155,scaled raw GAE before minibatch normalization
303,12288,1,38,0.010787650413157884,0.5823009752879086,-0.8710207074999999,-0.0210878995,0.8178812124999999,0.5263157894736842,0.47368421052631576,scaled raw GAE before minibatch normalization
303,12288,2,12,-0.37279503,0.3511546023798646,-0.856412483,-0.38079824,0.19846557799999992,0.8333333333333334,0.16666666666666666,scaled raw GAE before minibatch normalization
303,12288,3,7,-0.24184743714285714,0.5786485154378593,-1.053670168,-0.19286221,0.43269386199999993,0.7142857142857143,0.2857142857142857,scaled raw GAE before minibatch normalization
303,12288,4,6,-0.17392222000000004,0.6422743722683362,-0.81041841,-0.36673865,0.7383063049999999,0.6666666666666666,0.3333333333333333,scaled raw GAE before minibatch normalization
303,12800,0,468,-0.05022981459651708,0.6862158567203178,-1.252838705,-0.025013867500000002,1.0536313649999989,0.5213675213675214,0.47863247863247865,scaled raw GAE before minibatch normalization
303,12800,1,19,-0.11728786278947369,0.717194440098129,-1.2387452,-0.119894385,0.6320283839999968,0.631578947368421,0.3684210526315789,scaled raw GAE before minibatch normalization
303,12800,2,15,-0.04675440399999997,0.5904998099841654,-0.840234918,-0.1706494,0.9724106499999998,0.6,0.4,scaled raw GAE before minibatch normalization
303,12800,3,7,-0.35483399628571427,0.34672024508036825,-0.90945542,-0.21549392,-0.09765058380000005,1.0,0.0,scaled raw GAE before minibatch normalization
303,12800,4,3,-0.35555438,0.23856671879891292,-0.582371114,-0.31391528,-0.15788501600000002,1.0,0.0,scaled raw GAE before minibatch normalization
303,13312,0,461,0.07377264220986984,0.6061641437320643,-0.77886367,0.0489316,1.0846286,0.45770065075921906,0.5422993492407809,scaled raw GAE before minibatch normalization
303,13312,1,35,-0.04098096420285716,0.8708454271074075,-1.84028088,0.03548579,0.905810299999997,0.4857142857142857,0.5142857142857142,scaled raw GAE before minibatch normalization
303,13312,2,9,0.1839461652222222,0.747359776375247,-0.65028494,0.029652825,1.39238094,0.3333333333333333,0.6666666666666666,scaled raw GAE before minibatch normalization
303,13312,3,6,0.5523516341666667,0.9122479129315331,-0.4160644975,0.5655752675,1.5712153500000001,0.3333333333333333,0.6666666666666666,scaled raw GAE before minibatch normalization
303,13312,4,1,-0.15908547,,-0.15908547,-0.15908547,-0.15908547,1.0,0.0,scaled raw GAE before minibatch normalization
303,13824,0,468,0.07545528904361111,0.68791576286279,-0.7988990435,0.0539805065,1.0826881849999996,0.45726495726495725,0.5427350427350427,scaled raw GAE before minibatch normalization
303,13824,1,29,0.1294764350689655,0.5405492528023939,-0.497660112,0.025327012,0.791092264,0.4827586206896552,0.5172413793103449,scaled raw GAE before minibatch normalization
303,13824,2,9,-0.3280148345555556,1.0980035295017396,-1.9894096,-0.16152704,1.0370297439999994,0.7777777777777778,0.2222222222222222,scaled raw GAE before minibatch normalization
303,13824,3,3,-0.09722053999999998,0.839454960845782,-0.922082616,0.21911004,0.50621013,0.3333333333333333,0.6666666666666666,scaled raw GAE before minibatch normalization
303,13824,4,3,0.4637308033333334,0.6062358012148872,-0.133113517,0.708563,0.889192586,0.3333333333333333,0.6666666666666666,scaled raw GAE before minibatch normalization
303,14336,0,477,0.04139814499014675,0.6175803015582717,-0.72044994,-0.024024755,1.0311712399999995,0.5178197064989518,0.48218029350104824,scaled raw GAE before minibatch normalization
303,14336,1,23,0.06973493004347828,0.42802393464152144,-0.607975734,0.04858838,0.681268915,0.43478260869565216,0.5652173913043478,scaled raw GAE before minibatch normalization
303,14336,2,8,0.03275681624999996,0.48772789587498316,-0.3520643915,-0.1541989,0.8296213259999996,0.625,0.375,scaled raw GAE before minibatch normalization
303,14336,3,3,-0.13491720666666665,0.29859106548762043,-0.38837215799999997,-0.17369433,0.14568173099999995,0.6666666666666666,0.3333333333333333,scaled raw GAE before minibatch normalization
303,14336,4,1,-0.7353742,,-0.7353742,-0.7353742,-0.7353742,1.0,0.0,scaled raw GAE before minibatch normalization
303,14848,0,472,-0.13581834130444917,0.6246715903311512,-1.3576981750000001,-0.049005088,0.7395350929999999,0.5572033898305084,0.4427966101694915,scaled raw GAE before minibatch normalization
303,14848,1,24,-0.06219176458333331,0.4483063402580332,-0.948725335,-0.0411555665,0.6951935974999995,0.5833333333333334,0.4166666666666667,scaled raw GAE before minibatch normalization
303,14848,2,4,-0.28418254075,0.5378937474147092,-0.896387345,-0.20354764649999998,0.21513341154999988,0.75,0.25,scaled raw GAE before minibatch normalization
303,14848,3,10,-0.05718229700000001,0.25619033015255605,-0.4112673105,-0.0290526135,0.28556430099999963,0.7,0.3,scaled raw GAE before minibatch normalization
303,14848,4,2,0.04467434099999999,0.11361563930300546,-0.027630209099999997,0.04467434099999999,0.11697889109999998,0.5,0.5,scaled raw GAE before minibatch normalization
303,15360,0,458,0.04573493267096068,0.6408669016218459,-1.269626545,0.01705786,1.017690889999999,0.4781659388646288,0.5218340611353712,scaled raw GAE before minibatch normalization
303,15360,1,38,0.01605789906578947,0.6599875374903856,-0.7740772549999999,-0.04756688725,1.2733755849999997,0.5,0.5,scaled raw GAE before minibatch normalization
303,15360,2,8,0.30544809950000007,1.0391940784247067,-1.1575484334,0.334833875,1.6250411599999997,0.25,0.75,scaled raw GAE before minibatch normalization
303,15360,3,7,0.19082383285714283,0.24200999493243783,-0.12752384699999997,0.21670888,0.4939900889999998,0.14285714285714285,0.8571428571428571,scaled raw GAE before minibatch normalization
303,15360,4,1,0.60448503,,0.60448503,0.60448503,0.60448503,0.0,1.0,scaled raw GAE before minibatch normalization
303,15872,0,441,-0.13496017643537414,0.7324986521445038,-1.3793991,-0.11892289,0.9259318,0.6009070294784581,0.39909297052154197,scaled raw GAE before minibatch normalization
303,15872,1,48,-0.15583899429166667,0.7473808951917676,-1.770035646,-0.083134575,0.8247997999999995,0.625,0.375,scaled raw GAE before minibatch normalization
303,15872,2,11,-0.23191483263636362,0.40290042442026625,-0.8080757,-0.13301802,0.2775745355,0.9090909090909091,0.09090909090909091,scaled raw GAE before minibatch normalization
303,15872,3,7,-0.04149845428571427,0.44917239567508416,-0.399637309,-0.27872664,0.6582309359999997,0.7142857142857143,0.2857142857142857,scaled raw GAE before minibatch normalization
303,15872,4,5,-0.4243297094,0.6507208142306923,-1.2505328359999999,-0.4389179,0.22356917859999995,0.8,0.2,scaled raw GAE before minibatch normalization
303,16384,0,461,0.11428560974501085,0.613056758870404,-0.69187754,0.02778758,1.2540421,0.47071583514099785,0.5292841648590022,scaled raw GAE before minibatch normalization
303,16384,1,35,0.03656150662857142,0.7085707435054645,-0.756685703,-0.22872886,1.1753351799999994,0.5428571428571428,0.45714285714285713,scaled raw GAE before minibatch normalization
303,16384,2,5,-0.11733032939999999,0.4123836882140199,-0.666357136,0.028666183,0.24230998399999998,0.4,0.6,scaled raw GAE before minibatch normalization
303,16384,3,4,0.021752524999999988,0.743900629950985,-0.7995191229999999,0.09485652,0.7406785799999999,0.5,0.5,scaled raw GAE before minibatch normalization
303,16384,4,7,0.12637240571428573,0.9558213246584609,-0.93027544,-0.2505524,1.36468503,0.5714285714285714,0.42857142857142855,scaled raw GAE before minibatch normalization
303,16896,0,465,-0.038014466149333334,0.6109054606640483,-0.97796334,0.0070443973,0.906516392,0.4924731182795699,0.5075268817204301,scaled raw GAE before minibatch normalization
303,16896,1,29,-0.3580920415517241,0.9075244587761897,-2.28017644,-0.18345562,0.5002481000000001,0.6896551724137931,0.3103448275862069,scaled raw GAE before minibatch normalization
303,16896,2,8,-0.32887102619999997,1.0894451740356161,-2.052641189,-0.0657660015,0.6671599144999998,0.625,0.375,scaled raw GAE before minibatch normalization
303,16896,3,7,0.012469081285714289,0.372761247736097,-0.392456198,-0.093230665,0.5568030399999998,0.5714285714285714,0.42857142857142855,scaled raw GAE before minibatch normalization
303,16896,4,3,-0.3920185333333333,0.8271901384008958,-1.18665068,-0.2095106,0.27485805999999996,0.6666666666666666,0.3333333333333333,scaled raw GAE before minibatch normalization
303,17408,0,484,0.04887470014318182,0.5546281216169735,-0.823843181,0.022459172,0.8439437259999999,0.4772727272727273,0.5227272727272727,scaled raw GAE before minibatch normalization
303,17408,1,15,0.18461551575333332,0.7182307893378308,-0.45864097,-0.12613826,1.523394319999999,0.6,0.4,scaled raw GAE before minibatch normalization
303,17408,2,2,-0.4858139215,0.7529421194442492,-0.96498335215,-0.4858139215,-0.006644490850000052,0.5,0.5,scaled raw GAE before minibatch normalization
303,17408,3,7,-0.16087702142857147,0.43170234966830506,-0.682466104,-0.27148294,0.4334013389999998,0.7142857142857143,0.2857142857142857,scaled raw GAE before minibatch normalization
303,17408,4,4,-0.32253006800000006,0.3296080244546222,-0.656326851,-0.31175083300000006,-0.0038242140000000428,0.75,0.25,scaled raw GAE before minibatch normalization
303,17920,0,485,-0.13301558889078346,0.653707109397996,-1.4192442,-0.08144057,0.8064151999999997,0.5855670103092784,0.4144329896907217,scaled raw GAE before minibatch normalization
303,17920,1,19,-0.3180237032631579,1.0674115443244503,-1.7614915899999999,-0.14895308,1.4906749599999995,0.5789473684210527,0.42105263157894735,scaled raw GAE before minibatch normalization
303,17920,2,1,-1.1015397,,-1.1015397,-1.1015397,-1.1015397,1.0,0.0,scaled raw GAE before minibatch normalization
303,17920,3,6,-0.5763176664999999,0.6919198213281225,-1.6093653425,-0.237609895,-0.06337022925,1.0,0.0,scaled raw GAE before minibatch normalization
303,17920,4,1,-0.8121421,,-0.8121421,-0.8121421,-0.8121421,1.0,0.0,scaled raw GAE before minibatch normalization
303,18432,0,491,0.04961764878849286,0.5234188661623639,-0.6581160699999999,-0.042747855,0.943966655,0.5519348268839104,0.4480651731160896,scaled raw GAE before minibatch normalization
303,18432,1,14,0.015134446400000001,0.42667573201686565,-0.3972360025,-0.047201080000000006,0.7104134549999999,0.5714285714285714,0.42857142857142855,scaled raw GAE before minibatch normalization
303,18432,2,2,0.14475708999999998,0.8031691465990493,-0.366376625,0.14475708999999992,0.6558908049999999,0.5,0.5,scaled raw GAE before minibatch normalization
303,18432,3,4,0.1302670875,0.8708130510430855,-0.9112099575,0.409915575,0.78023625,0.25,0.75,scaled raw GAE before minibatch normalization
303,18432,4,1,-0.21737233,,-0.21737233,-0.21737233,-0.21737233,1.0,0.0,scaled raw GAE before minibatch normalization
303,18944,0,489,-0.011724255047300606,0.6401534829294989,-0.9990650799999999,-0.026554078,1.0013632999999986,0.523517382413088,0.47648261758691207,scaled raw GAE before minibatch normalization
303,18944,1,14,-0.0037568274285714226,0.6290738096027867,-0.8043968850000001,-0.14255374999999998,0.9528248699999997,0.5714285714285714,0.42857142857142855,scaled raw GAE before minibatch normalization
303,18944,2,5,-0.33128200789999995,0.33979443703204104,-0.773200932,-0.3106828,-0.012593091600000024,0.8,0.2,scaled raw GAE before minibatch normalization
303,18944,3,3,-0.6323424233333333,0.8994016761642171,-1.488113226,-0.47245896,0.11150995499999995,0.6666666666666666,0.3333333333333333,scaled raw GAE before minibatch normalization
303,18944,4,1,-0.16088156,,-0.16088156,-0.16088156,-0.16088156,1.0,0.0,scaled raw GAE before minibatch normalization
303,19456,0,483,0.015292050177412012,0.5637932428364331,-0.7725138869999999,-0.052516676,0.8985643749999992,0.5734989648033126,0.42650103519668736,scaled raw GAE before minibatch normalization
303,19456,1,21,-0.25674779633333333,0.9666010934152911,-2.487472,-0.10210504,0.88574064,0.5714285714285714,0.42857142857142855,scaled raw GAE before minibatch normalization
303,19456,2,3,0.21071484333333337,0.85869476891763,-0.376555947,-0.15963387,1.057229733,0.6666666666666666,0.3333333333333333,scaled raw GAE before minibatch normalization
303,19456,3,3,-0.13206369,0.1310413083128969,-0.22490884600000002,-0.18360466,-0.0031398550000000212,0.6666666666666666,0.3333333333333333,scaled raw GAE before minibatch normalization
303,19456,4,2,-0.24883187,0.11645975147037194,-0.32294640199999997,-0.24883187,-0.174717338,1.0,0.0,scaled raw GAE before minibatch normalization
303,19968,0,491,-0.07788763289608962,0.5606238975810319,-1.0077563,-0.10588148,0.85202363,0.6028513238289206,0.3971486761710794,scaled raw GAE before minibatch normalization
303,19968,1,9,0.04239557205555557,0.7137238679818805,-0.7462230799999999,-0.119847156,1.1336667639999998,0.6666666666666666,0.3333333333333333,scaled raw GAE before minibatch normalization
303,19968,2,5,-0.351257014,0.8486628140617906,-1.49778912,-0.16036835,0.322781928,0.6,0.4,scaled raw GAE before minibatch normalization
303,19968,3,6,0.034700608833333334,0.3968118962023867,-0.46843326,0.1335145565,0.425837535,0.5,0.5,scaled raw GAE before minibatch normalization
303,19968,4,1,-0.21265714,,-0.21265714,-0.21265714,-0.21265714,1.0,0.0,scaled raw GAE before minibatch normalization
303,20480,0,496,0.03688041251290323,0.5113517254828774,-0.6645563000000001,-0.049237374,0.95894077,0.5564516129032258,0.4435483870967742,scaled raw GAE before minibatch normalization
303,20480,1,12,-0.16234041675,0.2947207804725776,-0.6255698535,-0.057196871499999996,0.07941825519999995,0.6666666666666666,0.3333333333333333,scaled raw GAE before minibatch normalization
303,20480,2,0,,,,,,,,scaled raw GAE before minibatch normalization
303,20480,3,3,0.23751930999999996,0.7772943059720334,-0.369935777,0.02902408,0.9909210579999999,0.3333333333333333,0.6666666666666666,scaled raw GAE before minibatch normalization
303,20480,4,1,-0.15359437,,-0.15359437,-0.15359437,-0.15359437,1.0,0.0,scaled raw GAE before minibatch normalization
303,20992,0,492,-0.11069506092479674,0.514043154653169,-1.08891079,-0.081741627,0.63373002,0.5914634146341463,0.40853658536585363,scaled raw GAE before minibatch normalization
303,20992,1,10,0.0751636749,0.45442794552184074,-0.313212427,-0.023853786000000002,0.8037201614999989,0.6,0.4,scaled raw GAE before minibatch normalization
303,20992,2,2,-0.0515692065,0.09641879460637404,-0.11292975165000001,-0.05156920649999999,0.009791338649999995,0.5,0.5,scaled raw GAE before minibatch normalization
303,20992,3,8,-0.21162603812500003,0.6725444522166257,-1.330395835,0.0446680475,0.32352353399999995,0.5,0.5,scaled raw GAE before minibatch normalization
303,20992,4,0,,,,,,,,scaled raw GAE before minibatch normalization
303,21504,0,488,0.028380053586372953,0.6704825491939238,-0.9376805774999999,0.0100745043,1.11566272,0.4918032786885246,0.5081967213114754,scaled raw GAE before minibatch normalization
303,21504,1,17,0.08398093423529411,0.42933258229602983,-0.5132091679999999,0.031330794,0.5588662799999993,0.4117647058823529,0.5882352941176471,scaled raw GAE before minibatch normalization
303,21504,2,0,,,,,,,,scaled raw GAE before minibatch normalization
303,21504,3,6,0.024975501666666667,0.5064898105534439,-0.6495103025,0.090490905,0.5698391225,0.3333333333333333,0.6666666666666666,scaled raw GAE before minibatch normalization
303,21504,4,1,0.051059663,,0.051059663,0.051059663,0.051059663,0.0,1.0,scaled raw GAE before minibatch normalization
303,22016,0,492,-0.08781945450406504,0.5594606835373239,-1.09881131,-0.075260285,0.6858277889999996,0.5711382113821138,0.42886178861788615,scaled raw GAE before minibatch normalization
303,22016,1,15,-0.2622834176666667,0.6617958865996996,-1.2711371599999999,-0.15493476,0.21941655999999982,0.6666666666666666,0.3333333333333333,scaled raw GAE before minibatch normalization
303,22016,2,0,,,,,,,,scaled raw GAE before minibatch normalization
303,22016,3,5,-0.08720855320000001,0.17649243023398434,-0.29364436000000005,-0.12845719,0.1004432612,0.6,0.4,scaled raw GAE before minibatch normalization
303,22016,4,0,,,,,,,,scaled raw GAE before minibatch normalization
303,22528,0,489,-0.08312033599468303,0.741960786164676,-1.4685148599999998,-0.0785511,1.0629541799999993,0.5930470347648262,0.4069529652351738,scaled raw GAE before minibatch normalization
303,22528,1,15,-0.07336833426666664,0.823322918808185,-1.0482969,-0.1309255,1.2625755599999988,0.6666666666666666,0.3333333333333333,scaled raw GAE before minibatch normalization
303,22528,2,5,0.006459078200000003,0.2898530043117993,-0.28083198000000004,0.010848641,0.332983402,0.4,0.6,scaled raw GAE before minibatch normalization
303,22528,3,3,-0.14723048533333333,0.1348877271992849,-0.280203573,-0.08909211,-0.0549542604,1.0,0.0,scaled raw GAE before minibatch normalization
303,22528,4,0,,,,,,,,scaled raw GAE before minibatch normalization
303,23040,0,490,-0.04858666788734693,0.7039754653268071,-1.21297886,-0.0464203225,0.9909110799999997,0.5448979591836735,0.45510204081632655,scaled raw GAE before minibatch normalization
303,23040,1,15,-0.07850812580000001,0.4892706381442061,-0.701672038,-0.15560456,0.7594460179999999,0.7333333333333333,0.26666666666666666,scaled raw GAE before minibatch normalization
303,23040,2,2,-1.69491991,3.0697246126781956,-3.648480691,-1.6949199100000003,0.2586408709999998,0.5,0.5,scaled raw GAE before minibatch normalization
303,23040,3,3,-0.28588427,0.22960785474433992,-0.511980733,-0.19236457,-0.12525159700000002,1.0,0.0,scaled raw GAE before minibatch normalization
303,23040,4,2,-0.343927035,0.3675652276504354,-0.5778441135,-0.343927035,-0.11000995650000002,1.0,0.0,scaled raw GAE before minibatch normalization
303,23552,0,495,0.08830102224949496,0.5671293086116611,-0.656553704,-0.031499386,1.0540644699999984,0.5353535353535354,0.46464646464646464,scaled raw GAE before minibatch normalization
303,23552,1,11,-0.10181218090909093,0.5598334564087747,-0.911719425,-0.09819417,0.7690786199999999,0.7272727272727273,0.2727272727272727,scaled raw GAE before minibatch normalization
303,23552,2,1,0.6468002,,0.6468002,0.6468002,0.6468002,0.0,1.0,scaled raw GAE before minibatch normalization
303,23552,3,4,-0.15500116599999997,0.6783726333086327,-0.8887748499999999,-0.113629232,0.5208518103999997,0.75,0.25,scaled raw GAE before minibatch normalization
303,23552,4,1,-0.31011418,,-0.31011418,-0.31011418,-0.31011418,1.0,0.0,scaled raw GAE before minibatch normalization
303,24064,0,499,-0.15652043496761525,0.6881895179055355,-1.5110754800000001,-0.09778589,0.7466139019999998,0.6192384769539078,0.3807615230460922,scaled raw GAE before minibatch normalization
303,24064,1,10,-0.1211597418,0.35559274092767157,-0.5025916324999999,-0.17935826,0.40507726899999963,0.6,0.4,scaled raw GAE before minibatch normalization
303,24064,2,1,0.39693624,,0.39693624,0.39693624,0.39693624,0.0,1.0,scaled raw GAE before minibatch normalization
303,24064,3,1,0.0021125209,,0.0021125209,0.0021125209,0.0021125209,0.0,1.0,scaled raw GAE before minibatch normalization
303,24064,4,1,-0.47722232,,-0.47722232,-0.47722232,-0.47722232,1.0,0.0,scaled raw GAE before minibatch normalization
303,24576,0,502,0.056325053081912345,0.6227642697163762,-0.98756188,0.0269291605,1.080345975,0.4681274900398406,0.5318725099601593,scaled raw GAE before minibatch normalization
303,24576,1,6,0.2786403416666667,0.23770583444873308,-0.0654674175,0.34084448,0.48780545,0.16666666666666666,0.8333333333333334,scaled raw GAE before minibatch normalization
303,24576,2,0,,,,,,,,scaled raw GAE before minibatch normalization
303,24576,3,4,0.3505905275,1.2346929367739656,-0.7312713584999999,0.088841805,1.7989006249999995,0.5,0.5,scaled raw GAE before minibatch normalization
303,24576,4,0,,,,,,,,scaled raw GAE before minibatch normalization
303,25088,0,501,-0.06092664368842316,0.6480234249467004,-1.1312165,-0.0039471965,0.82170796,0.5129740518962076,0.4870259481037924,scaled raw GAE before minibatch normalization
303,25088,1,9,-0.3744056308888889,0.9141697160103585,-1.9111343600000001,0.029153422,0.4115162199999999,0.4444444444444444,0.5555555555555556,scaled raw GAE before minibatch normalization
303,25088,2,0,,,,,,,,scaled raw GAE before minibatch normalization
303,25088,3,1,-1.5695525,,-1.5695525,-1.5695525,-1.5695525,1.0,0.0,scaled raw GAE before minibatch normalization
303,25088,4,1,1.4840295,,1.4840295,1.4840295,1.4840295,0.0,1.0,scaled raw GAE before minibatch normalization
303,25600,0,497,0.05539067397585512,0.6256656757480599,-0.8499652,0.0059745125,0.9728879519999992,0.4949698189134809,0.5050301810865191,scaled raw GAE before minibatch normalization
303,25600,1,10,-0.03520311989999999,0.2801697494001356,-0.34967111100000003,-0.0805522965,0.39665594519999947,0.7,0.3,scaled raw GAE before minibatch normalization
303,25600,2,0,,,,,,,,scaled raw GAE before minibatch normalization
303,25600,3,5,0.09919801280000001,0.32021365891983494,-0.15536752599999998,-0.057443626,0.52011224,0.6,0.4,scaled raw GAE before minibatch normalization
303,25600,4,0,,,,,,,,scaled raw GAE before minibatch normalization
303,26112,0,501,-0.008784260081584816,0.6110166112150524,-1.1758277,0.030106243,0.7748765,0.4590818363273453,0.5409181636726547,scaled raw GAE before minibatch normalization
303,26112,1,8,0.05503357249999999,0.717048246391578,-0.8686105024999999,-0.04383116999999999,1.032633195,0.5,0.5,scaled raw GAE before minibatch normalization
303,26112,2,2,-0.1719935174,0.24251487492772245,-0.32632903873999997,-0.1719935174,-0.017657996060000014,1.0,0.0,scaled raw GAE before minibatch normalization
303,26112,3,1,0.42561704,,0.42561704,0.42561704,0.42561704,0.0,1.0,scaled raw GAE before minibatch normalization
303,26112,4,0,,,,,,,,scaled raw GAE before minibatch normalization
303,26624,0,502,0.23259877503844617,0.7379461179356978,-0.730563195,0.10305364,1.5807575,0.31673306772908366,0.6832669322709163,scaled raw GAE before minibatch normalization
303,26624,1,7,0.06464406199999997,0.48043607030043145,-0.640657566,0.1494962,0.53602166,0.2857142857142857,0.7142857142857143,scaled raw GAE before minibatch normalization
303,26624,2,0,,,,,,,,scaled raw GAE before minibatch normalization
303,26624,3,3,-1.3944136,1.358235159569163,-2.21732046,-2.1290283,-0.05727645000000017,0.6666666666666666,0.3333333333333333,scaled raw GAE before minibatch normalization
303,26624,4,0,,,,,,,,scaled raw GAE before minibatch normalization
303,27136,0,495,-0.167456269655899,0.7083265091455665,-1.37895134,-0.06247384,0.7693104479999998,0.5757575757575758,0.42424242424242425,scaled raw GAE before minibatch normalization
303,27136,1,12,-0.3339256675833333,1.1530802225376298,-2.54765907,-0.0726137945,1.0326019399999995,0.75,0.25,scaled raw GAE before minibatch normalization
303,27136,2,2,-0.049656864999999994,0.3082407223337015,-0.24582005949999997,-0.049656864999999994,0.14650632949999998,0.5,0.5,scaled raw GAE before minibatch normalization
303,27136,3,2,-1.4191106,0.5520931355585577,-1.7704605199999999,-1.4191106,-1.0677606800000001,1.0,0.0,scaled raw GAE before minibatch normalization
303,27136,4,1,0.07445182,,0.07445182,0.07445182,0.07445182,0.0,1.0,scaled raw GAE before minibatch normalization
303,27648,0,501,-0.15991256578982035,0.6473277414807814,-1.3430179,-0.121699624,0.6948869,0.5988023952095808,0.40119760479041916,scaled raw GAE before minibatch normalization
303,27648,1,6,0.2483518065,0.6625531349545796,-0.27704429500000005,-0.0651529805,1.162115775,0.6666666666666666,0.3333333333333333,scaled raw GAE before minibatch normalization
303,27648,2,1,-0.26447004,,-0.26447004,-0.26447004,-0.26447004,1.0,0.0,scaled raw GAE before minibatch normalization
303,27648,3,3,-1.3576727666666668,1.5514877771466662,-2.28268101,-2.2162845,0.16836368999999973,0.6666666666666666,0.3333333333333333,scaled raw GAE before minibatch normalization
303,27648,4,1,-0.20361012,,-0.20361012,-0.20361012,-0.20361012,1.0,0.0,scaled raw GAE before minibatch normalization
303,28160,0,501,0.030465259969660676,0.5497446269668956,-0.7851747,-0.03883201,0.9866228,0.5369261477045908,0.4630738522954092,scaled raw GAE before minibatch normalization
303,28160,1,9,-0.08830720888888888,0.3559347055392102,-0.57055902,-0.09492445,0.43924757599999986,0.7777777777777778,0.2222222222222222,scaled raw GAE before minibatch normalization
303,28160,2,1,-0.93878007,,-0.93878007,-0.93878007,-0.93878007,1.0,0.0,scaled raw GAE before minibatch normalization
303,28160,3,1,0.25585055,,0.25585055,0.25585055,0.25585055,0.0,1.0,scaled raw GAE before minibatch normalization
303,28160,4,0,,,,,,,,scaled raw GAE before minibatch normalization
303,28672,0,504,-0.029446996099396834,0.6562015972221454,-1.32015015,0.0056928005,0.9942489299999993,0.49007936507936506,0.5099206349206349,scaled raw GAE before minibatch normalization
303,28672,1,4,0.13942009724999999,0.18374261045519472,-0.03992360775,0.143029521,0.313710609,0.25,0.75,scaled raw GAE before minibatch normalization
303,28672,2,1,0.59968996,,0.59968996,0.59968996,0.59968996,0.0,1.0,scaled raw GAE before minibatch normalization
303,28672,3,2,-0.18352437500000002,0.12101307366394118,-0.2605366235,-0.18352437500000002,-0.10651212650000001,1.0,0.0,scaled raw GAE before minibatch normalization
303,28672,4,1,-0.015568465,,-0.015568465,-0.015568465,-0.015568465,1.0,0.0,scaled raw GAE before minibatch normalization
303,29184,0,503,0.015977885883379724,0.629743740558361,-0.872651133,-0.03161232,0.9789334739999999,0.5407554671968191,0.4592445328031809,scaled raw GAE before minibatch normalization
303,29184,1,9,-0.2522717013333333,1.0701264056038708,-1.7410251359999998,-0.21328093,1.0548399907999992,0.7777777777777778,0.2222222222222222,scaled raw GAE before minibatch normalization
303,29184,2,0,,,,,,,,scaled raw GAE before minibatch normalization
303,29184,3,0,,,,,,,,scaled raw GAE before minibatch normalization
303,29184,4,0,,,,,,,,scaled raw GAE before minibatch normalization
303,29696,0,498,-9.77369013052241e-05,0.5640044791013686,-1.027853905,0.0262476745,0.8147028475,0.4538152610441767,0.5461847389558233,scaled raw GAE before minibatch normalization
303,29696,1,11,-0.10087821709090909,0.4007160727778988,-0.800371945,-0.023324445,0.337216315,0.5454545454545454,0.45454545454545453,scaled raw GAE before minibatch normalization
303,29696,2,3,0.09463546866666667,0.2850452342001111,-0.1670399454,0.110117346,0.34547356859999995,0.3333333333333333,0.6666666666666666,scaled raw GAE before minibatch normalization
303,29696,3,0,,,,,,,,scaled raw GAE before minibatch normalization
303,29696,4,0,,,,,,,,scaled raw GAE before minibatch normalization
303,30208,0,506,0.02590079262059289,0.5420258479478985,-0.631908875,-0.055757873,0.833535125,0.5830039525691699,0.41699604743083,scaled raw GAE before minibatch normalization
303,30208,1,3,0.25557525666666664,0.44735253260997826,-0.185671727,0.47719,0.54169192,0.3333333333333333,0.6666666666666666,scaled raw GAE before minibatch normalization
303,30208,2,0,,,,,,,,scaled raw GAE before minibatch normalization
303,30208,3,2,-1.82842607,1.2092237731975906,-2.597971367,-1.82842607,-1.058880773,1.0,0.0,scaled raw GAE before minibatch normalization
303,30208,4,1,-1.4435105,,-1.4435105,-1.4435105,-1.4435105,1.0,0.0,scaled raw GAE before minibatch normalization
303,30720,0,508,-0.02875926016159449,0.4670293251863034,-0.8419318659999999,-0.0056543732999999995,0.6662948524999999,0.5039370078740157,0.49606299212598426,scaled raw GAE before minibatch normalization
303,30720,1,4,0.0137029865,0.19725334802228012,-0.2089998751,0.037361513,0.20328391099999996,0.25,0.75,scaled raw GAE before minibatch normalization
303,30720,2,0,,,,,,,,scaled raw GAE before minibatch normalization
303,30720,3,0,,,,,,,,scaled raw GAE before minibatch normalization
303,30720,4,0,,,,,,,,scaled raw GAE before minibatch normalization
303,31232,0,506,0.048041333834822134,0.48362593673178894,-0.7155244000000001,0.036545768500000006,0.9123445575,0.4407114624505929,0.5592885375494071,scaled raw GAE before minibatch normalization
303,31232,1,6,-0.020701981333333334,0.1309649927937154,-0.20611566325,0.004393499500000002,0.10432615649999999,0.5,0.5,scaled raw GAE before minibatch normalization
303,31232,2,0,,,,,,,,scaled raw GAE before minibatch normalization
303,31232,3,0,,,,,,,,scaled raw GAE before minibatch normalization
303,31232,4,0,,,,,,,,scaled raw GAE before minibatch normalization
303,31744,0,501,0.02096502014151697,0.5407350398751091,-0.9509207,-0.001712054,0.87993145,0.5029940119760479,0.49700598802395207,scaled raw GAE before minibatch normalization
303,31744,1,10,-0.3205698057,0.7248165172618062,-1.470638755,-0.09324817499999999,0.4537294134999999,0.7,0.3,scaled raw GAE before minibatch normalization
303,31744,2,1,-0.69348526,,-0.69348526,-0.69348526,-0.69348526,1.0,0.0,scaled raw GAE before minibatch normalization
303,31744,3,0,,,,,,,,scaled raw GAE before minibatch normalization
303,31744,4,0,,,,,,,,scaled raw GAE before minibatch normalization
303,32256,0,504,-0.05329899267837303,0.5742443959590428,-1.0020821055,-0.0027466700500000003,0.7241644664999999,0.501984126984127,0.498015873015873,scaled raw GAE before minibatch normalization
303,32256,1,4,0.017488815249999956,1.0513966605097902,-1.0627740139000001,-0.011107569500000004,1.1377865830499996,0.5,0.5,scaled raw GAE before minibatch normalization
303,32256,2,2,-0.46068197,0.23687303594930725,-0.6114270470000001,-0.46068197,-0.30993689300000005,1.0,0.0,scaled raw GAE before minibatch normalization
303,32256,3,1,0.186757,,0.186757,0.186757,0.186757,0.0,1.0,scaled raw GAE before minibatch normalization
303,32256,4,1,0.343467,,0.343467,0.343467,0.343467,0.0,1.0,scaled raw GAE before minibatch normalization
303,32768,0,508,0.03171225815562205,0.5014411389986959,-0.6504279009999999,0.0119561855,0.7256424939999999,0.484251968503937,0.515748031496063,scaled raw GAE before minibatch normalization
303,32768,1,2,0.158332257,0.07643912410131515,0.1096866963,0.158332257,0.20697781769999998,0.0,1.0,scaled raw GAE before minibatch normalization
303,32768,2,2,-0.033163323999999994,0.086206131268763,-0.08802457,-0.033163324,0.021697921999999994,0.5,0.5,scaled raw GAE before minibatch normalization
303,32768,3,0,,,,,,,,scaled raw GAE before minibatch normalization
303,32768,4,0,,,,,,,,scaled raw GAE before minibatch normalization
