state_id,continuation,horizon,draws,best_full,best_first_half,best_second_half,halves_agree,full_gap,paired_mc_se,resolved,exact_tie
0,AlwaysDecrease20,1,128,2,2,2,True,0.09440170266903711,0.00444096158450094,True,False
0,AlwaysDecrease20,3,128,2,2,2,True,3.044499082400494,1.5801366006940338,False,False
0,AlwaysDecrease20,6,128,2,2,2,True,6.927859084266576,2.7434366558985466,True,False
0,AlwaysDecrease20,12,128,2,2,2,True,6.927859084266576,2.7434366558985466,True,False
0,AlwaysDecrease20,24,128,2,2,2,True,6.927859084266576,2.7434366558985466,True,False
0,MyopicEconomic,1,128,2,2,2,True,0.09440170266903711,0.00444096158450094,True,False
0,MyopicEconomic,3,128,2,2,2,True,0.8092223343532998,0.05512345630101123,True,False
0,MyopicEconomic,6,128,0,0,2,False,0.046368999965479246,0.21593650699142364,False,False
0,MyopicEconomic,12,128,0,0,2,False,0.046368999965479246,0.21593650699142364,False,False
0,MyopicEconomic,24,128,0,0,2,False,0.046368999965479246,0.21593650699142364,False,False
0,PPO_101,1,128,2,2,2,True,0.09440170266903711,0.00444096158450094,True,False
0,PPO_101,3,128,2,2,2,True,3.044499082400494,1.5801366006940338,False,False
0,PPO_101,6,128,2,2,2,True,6.927859084266576,2.7434366558985466,True,False
0,PPO_101,12,128,2,2,2,True,6.927859084266576,2.7434366558985466,True,False
0,PPO_101,24,128,2,2,2,True,6.927859084266576,2.7434366558985466,True,False
0,PPO_202,1,128,2,2,2,True,0.09440170266903711,0.00444096158450094,True,False
0,PPO_202,3,128,2,2,2,True,3.044499082400494,1.5801366006940338,False,False
0,PPO_202,6,128,2,2,2,True,6.927859084266576,2.7434366558985466,True,False
0,PPO_202,12,128,2,2,2,True,6.927859084266576,2.7434366558985466,True,False
0,PPO_202,24,128,2,2,2,True,6.927859084266576,2.7434366558985466,True,False
0,PPO_303,1,128,2,2,2,True,0.09440170266903711,0.00444096158450094,True,False
0,PPO_303,3,128,2,2,2,True,3.044499082400494,1.5801366006940338,False,False
0,PPO_303,6,128,2,2,2,True,6.927859084266576,2.7434366558985466,True,False
0,PPO_303,12,128,2,2,2,True,6.927859084266576,2.7434366558985466,True,False
0,PPO_303,24,128,2,2,2,True,6.927859084266576,2.7434366558985466,True,False
0,Static,1,128,2,2,2,True,0.09440170266903711,0.00444096158450094,True,False
0,Static,3,128,2,2,2,True,1.009464397406719,0.05731848540442824,True,False
0,Static,6,128,2,2,2,True,1.3425326839444194,0.10166332312576556,True,False
0,Static,12,128,2,2,2,True,1.3425326839444194,0.10166332312576556,True,False
0,Static,24,128,2,2,2,True,1.3425326839444194,0.10166332312576556,True,False
1,AlwaysDecrease20,1,128,4,4,4,True,0.34911756104322933,0.00032905581545946674,True,False
1,AlwaysDecrease20,3,128,4,4,4,True,0.6748641869245102,0.01465379615657134,True,False
1,AlwaysDecrease20,6,128,4,4,4,True,0.6030537181383675,0.012098020123432997,True,False
1,AlwaysDecrease20,12,128,4,4,4,True,0.6536711051743356,0.021301793170275328,True,False
1,AlwaysDecrease20,24,128,4,4,4,True,0.6536711051743356,0.021301793170275328,True,False
1,MyopicEconomic,1,128,4,4,4,True,0.34911756104322933,0.00032905581545946674,True,False
1,MyopicEconomic,3,128,4,4,4,True,1.7936115976793026,0.2677014063271337,True,False
1,MyopicEconomic,6,128,4,4,4,True,2.1773504928133622,0.8299930027422043,True,False
1,MyopicEconomic,12,128,4,4,4,True,5.381488970827988,1.4938886114902294,True,False
1,MyopicEconomic,24,128,4,4,4,True,5.381488970827988,1.4938886114902294,True,False
1,PPO_101,1,128,4,4,4,True,0.34911756104322933,0.00032905581545946674,True,False
1,PPO_101,3,128,4,4,4,True,0.6748641869245102,0.01465379615657134,True,False
1,PPO_101,6,128,4,4,4,True,0.6030537181383675,0.012098020123432997,True,False
1,PPO_101,12,128,4,4,4,True,0.6536711051743356,0.021301793170275328,True,False
1,PPO_101,24,128,4,4,4,True,0.6536711051743356,0.021301793170275328,True,False
1,PPO_202,1,128,4,4,4,True,0.34911756104322933,0.00032905581545946674,True,False
1,PPO_202,3,128,4,4,4,True,0.6748641869245102,0.01465379615657134,True,False
1,PPO_202,6,128,4,4,4,True,0.6030537181383675,0.012098020123432997,True,False
1,PPO_202,12,128,4,4,4,True,0.6536711051743356,0.021301793170275328,True,False
1,PPO_202,24,128,4,4,4,True,0.6536711051743356,0.021301793170275328,True,False
1,PPO_303,1,128,4,4,4,True,0.34911756104322933,0.00032905581545946674,True,False
1,PPO_303,3,128,4,4,4,True,0.6748641869245102,0.01465379615657134,True,False
1,PPO_303,6,128,4,4,4,True,0.6030537181383675,0.012098020123432997,True,False
1,PPO_303,12,128,4,4,4,True,0.6536711051743356,0.021301793170275328,True,False
1,PPO_303,24,128,4,4,4,True,0.6536711051743356,0.021301793170275328,True,False
1,Static,1,128,4,4,4,True,0.34911756104322933,0.00032905581545946674,True,False
1,Static,3,128,4,4,4,True,1.5678068921881985,0.22367298268451402,True,False
1,Static,6,128,4,4,4,True,2.3061564684203635,0.47374862037715876,True,False
1,Static,12,128,4,4,4,True,3.6262136219895598,0.5390651246331895,True,False
1,Static,24,128,4,4,4,True,3.6262136219895598,0.5390651246331895,True,False
2,AlwaysDecrease20,1,128,0,0,0,True,0.48101354589136147,0.041853047047423576,True,False
2,AlwaysDecrease20,3,128,3,3,3,True,0.0,0.0,False,True
2,AlwaysDecrease20,6,128,0,1,0,False,11.324763886098594,41.830511509212485,False,False
2,AlwaysDecrease20,12,128,0,0,0,True,91.80696769112228,54.31400475110725,False,False
2,AlwaysDecrease20,24,128,0,0,0,True,126.58716239219287,50.76696689820304,True,False
2,MyopicEconomic,1,128,0,0,0,True,0.48101354589136147,0.041853047047423576,True,False
2,MyopicEconomic,3,128,3,3,3,True,0.0,0.0,False,True
2,MyopicEconomic,6,128,2,2,2,True,0.6851197541565202,0.4962819331310684,False,False
2,MyopicEconomic,12,128,0,3,0,False,1.0994889800351482,33.12350107822404,False,False
2,MyopicEconomic,24,128,3,3,0,False,8.881784197001252e-16,8.881784197001252e-16,False,True
2,PPO_101,1,128,0,0,0,True,0.48101354589136147,0.041853047047423576,True,False
2,PPO_101,3,128,3,3,3,True,0.0,0.0,False,True
2,PPO_101,6,128,0,1,0,False,11.324763886098594,41.830511509212485,False,False
2,PPO_101,12,128,0,0,0,True,91.80696769112228,54.31400475110725,False,False
2,PPO_101,24,128,0,0,0,True,126.58716239219287,50.76696689820304,True,False
2,PPO_202,1,128,0,0,0,True,0.48101354589136147,0.041853047047423576,True,False
2,PPO_202,3,128,3,3,3,True,0.0,0.0,False,True
2,PPO_202,6,128,0,1,0,False,11.324763886098594,41.830511509212485,False,False
2,PPO_202,12,128,0,0,0,True,91.80696769112228,54.31400475110725,False,False
2,PPO_202,24,128,0,0,0,True,126.58716239219287,50.76696689820304,True,False
2,PPO_303,1,128,0,0,0,True,0.48101354589136147,0.041853047047423576,True,False
2,PPO_303,3,128,3,3,3,True,0.0,0.0,False,True
2,PPO_303,6,128,0,1,0,False,11.324763886098594,41.830511509212485,False,False
2,PPO_303,12,128,0,0,0,True,91.80696769112228,54.31400475110725,False,False
2,PPO_303,24,128,0,0,0,True,126.58716239219287,50.76696689820304,True,False
2,Static,1,128,0,0,0,True,0.48101354589136147,0.041853047047423576,True,False
2,Static,3,128,3,3,3,True,0.0,0.0,False,True
2,Static,6,128,3,3,3,True,0.0,0.0,False,True
2,Static,12,128,3,3,3,True,0.0,0.0,False,True
2,Static,24,128,3,3,3,True,-1.4210854715202004e-14,1.4210854715202004e-14,False,True
3,AlwaysDecrease20,1,128,0,0,0,True,2.8338493862606615,0.47988254447797896,True,False
3,AlwaysDecrease20,3,128,0,0,4,False,7.276399399972089,27.3684951398894,False,False
3,AlwaysDecrease20,6,128,0,0,0,True,90.43173555519427,12.95761362841705,True,False
3,AlwaysDecrease20,12,128,0,0,0,True,161.50704739648896,28.861869118096983,True,False
3,AlwaysDecrease20,24,128,0,0,0,True,171.29333793120395,29.48167970302917,True,False
3,MyopicEconomic,1,128,0,0,0,True,2.8338493862606615,0.47988254447797896,True,False
3,MyopicEconomic,3,128,4,4,4,True,7.568917389354636,12.844473344507003,False,False
3,MyopicEconomic,6,128,0,0,0,True,103.07591336025826,26.083760398939408,True,False
3,MyopicEconomic,12,128,0,0,0,True,474.2301680091407,125.15067365156683,True,False
3,MyopicEconomic,24,128,0,0,0,True,635.5930984371618,159.82484873585102,True,False
3,PPO_101,1,128,0,0,0,True,2.8338493862606615,0.47988254447797896,True,False
3,PPO_101,3,128,0,0,4,False,7.276399399972089,27.3684951398894,False,False
3,PPO_101,6,128,0,0,0,True,90.43173555519427,12.95761362841705,True,False
3,PPO_101,12,128,0,0,0,True,161.50704739648896,28.861869118096983,True,False
3,PPO_101,24,128,0,0,0,True,171.29333793120395,29.48167970302917,True,False
3,PPO_202,1,128,0,0,0,True,2.8338493862606615,0.47988254447797896,True,False
3,PPO_202,3,128,0,0,4,False,7.276399399972089,27.3684951398894,False,False
3,PPO_202,6,128,0,0,0,True,90.43173555519427,12.95761362841705,True,False
3,PPO_202,12,128,0,0,0,True,161.50704739648896,28.861869118096983,True,False
3,PPO_202,24,128,0,0,0,True,171.29333793120395,29.48167970302917,True,False
3,PPO_303,1,128,0,0,0,True,2.8338493862606615,0.47988254447797896,True,False
3,PPO_303,3,128,0,0,4,False,7.276399399972089,27.3684951398894,False,False
3,PPO_303,6,128,0,0,0,True,90.43173555519427,12.95761362841705,True,False
3,PPO_303,12,128,0,0,0,True,161.50704739648896,28.861869118096983,True,False
3,PPO_303,24,128,0,0,0,True,171.29333793120395,29.48167970302917,True,False
3,Static,1,128,0,0,0,True,2.8338493862606615,0.47988254447797896,True,False
3,Static,3,128,4,4,4,True,24.997477736341583,1.8650632402710845,True,False
3,Static,6,128,0,0,0,True,210.3715542675917,45.70117124095805,True,False
3,Static,12,128,0,0,0,True,441.1331704307414,60.076385258897545,True,False
3,Static,24,128,0,0,0,True,529.8331616764781,57.965553328455634,True,False
4,AlwaysDecrease20,1,128,0,1,0,False,0.7644130944041239,0.8749201333278607,False,False
4,AlwaysDecrease20,3,128,2,2,0,False,23.06186304427478,35.16431056336173,False,False
4,AlwaysDecrease20,6,128,0,0,0,True,106.23899313842178,35.98145966358165,True,False
4,AlwaysDecrease20,12,128,0,0,0,True,242.8543252747325,65.84392336716044,True,False
4,AlwaysDecrease20,24,128,0,0,0,True,306.9812306536531,62.901231061762545,True,False
4,MyopicEconomic,1,128,0,1,0,False,0.7644130944041239,0.8749201333278607,False,False
4,MyopicEconomic,3,128,2,2,2,True,7.257682198168045,1.395335313539268,True,False
4,MyopicEconomic,6,128,0,0,0,True,34.423616649339834,63.710618505922625,False,False
4,MyopicEconomic,12,128,0,0,0,True,83.0418549331475,85.11354617688963,False,False
4,MyopicEconomic,24,128,0,0,0,True,98.82495934806543,84.03140487468978,False,False
4,PPO_101,1,128,0,1,0,False,0.7644130944041239,0.8749201333278607,False,False
4,PPO_101,3,128,2,2,0,False,23.06186304427478,35.16431056336173,False,False
4,PPO_101,6,128,0,0,0,True,106.23899313842178,35.98145966358165,True,False
4,PPO_101,12,128,0,0,0,True,242.8543252747325,65.84392336716044,True,False
4,PPO_101,24,128,0,0,0,True,306.9812306536531,62.901231061762545,True,False
4,PPO_202,1,128,0,1,0,False,0.7644130944041239,0.8749201333278607,False,False
4,PPO_202,3,128,2,2,0,False,23.06186304427478,35.16431056336173,False,False
4,PPO_202,6,128,0,0,0,True,106.23899313842178,35.98145966358165,True,False
4,PPO_202,12,128,0,0,0,True,242.8543252747325,65.84392336716044,True,False
4,PPO_202,24,128,0,0,0,True,306.9812306536531,62.901231061762545,True,False
4,PPO_303,1,128,0,1,0,False,0.7644130944041239,0.8749201333278607,False,False
4,PPO_303,3,128,2,2,0,False,23.06186304427478,35.16431056336173,False,False
4,PPO_303,6,128,0,0,0,True,106.23899313842178,35.98145966358165,True,False
4,PPO_303,12,128,0,0,0,True,242.8543252747325,65.84392336716044,True,False
4,PPO_303,24,128,0,0,0,True,306.9812306536531,62.901231061762545,True,False
4,Static,1,128,0,1,0,False,0.7644130944041239,0.8749201333278607,False,False
4,Static,3,128,2,2,2,True,103.38076926972217,54.21832809666764,False,False
4,Static,6,128,2,2,2,True,73.27451568836419,50.38294341337377,False,False
4,Static,12,128,0,0,0,True,72.43113706933423,151.97310364174731,False,False
4,Static,24,128,0,0,0,True,151.55698068948934,84.56546520359706,False,False
5,AlwaysDecrease20,1,128,4,4,4,True,0.8261931980993636,0.15312490551471744,True,False
5,AlwaysDecrease20,3,128,4,4,4,True,21.7865225425067,7.169860084984066,True,False
5,AlwaysDecrease20,6,128,4,4,4,True,65.75331627957206,15.761904634768932,True,False
5,AlwaysDecrease20,12,128,4,4,4,True,62.58569559414512,15.213117821392695,True,False
5,AlwaysDecrease20,24,128,4,4,4,True,65.71240296953994,16.2695756180309,True,False
5,MyopicEconomic,1,128,4,4,4,True,0.8261931980993636,0.15312490551471744,True,False
5,MyopicEconomic,3,128,4,4,4,True,10.204987971723419,1.185346747288649,True,False
5,MyopicEconomic,6,128,4,4,4,True,10.382245103220946,2.0580412031182393,True,False
5,MyopicEconomic,12,128,3,3,1,False,5.774346826725539,11.491002190318271,False,False
5,MyopicEconomic,24,128,3,3,3,True,10.15118188830527,15.147800184326707,False,False
5,PPO_101,1,128,4,4,4,True,0.8261931980993636,0.15312490551471744,True,False
5,PPO_101,3,128,4,4,4,True,21.7865225425067,7.169860084984066,True,False
5,PPO_101,6,128,4,4,4,True,65.75331627957206,15.761904634768932,True,False
5,PPO_101,12,128,4,4,4,True,62.58569559414512,15.213117821392695,True,False
5,PPO_101,24,128,4,4,4,True,65.71240296953994,16.2695756180309,True,False
5,PPO_202,1,128,4,4,4,True,0.8261931980993636,0.15312490551471744,True,False
5,PPO_202,3,128,4,4,4,True,21.7865225425067,7.169860084984066,True,False
5,PPO_202,6,128,4,4,4,True,65.75331627957206,15.761904634768932,True,False
5,PPO_202,12,128,4,4,4,True,62.58569559414512,15.213117821392695,True,False
5,PPO_202,24,128,4,4,4,True,65.71240296953994,16.2695756180309,True,False
5,PPO_303,1,128,4,4,4,True,0.8261931980993636,0.15312490551471744,True,False
5,PPO_303,3,128,4,4,4,True,21.7865225425067,7.169860084984066,True,False
5,PPO_303,6,128,4,4,4,True,65.75331627957206,15.761904634768932,True,False
5,PPO_303,12,128,4,4,4,True,62.58569559414512,15.213117821392695,True,False
5,PPO_303,24,128,4,4,4,True,65.71240296953994,16.2695756180309,True,False
5,Static,1,128,4,4,4,True,0.8261931980993636,0.15312490551471744,True,False
5,Static,3,128,4,4,4,True,11.181924814292994,1.2858323199873547,True,False
5,Static,6,128,4,4,4,True,14.557047799164707,1.8496427744868513,True,False
5,Static,12,128,4,4,4,True,5.4237684970139375,1.928446197366588,True,False
5,Static,24,128,4,3,4,False,3.2237714744926453,1.9596124944282745,False,False
6,AlwaysDecrease20,1,128,0,0,0,True,37.45492075004768,24.540221201646435,False,False
6,AlwaysDecrease20,3,128,0,0,0,True,263.90909565262234,35.75136650003559,True,False
6,AlwaysDecrease20,6,128,0,0,0,True,253.39266962859227,11.389147549256815,True,False
6,AlwaysDecrease20,12,128,0,0,0,True,253.39266962859224,11.389147549256815,True,False
6,AlwaysDecrease20,24,128,0,0,0,True,253.39266962859224,11.389147549256815,True,False
6,MyopicEconomic,1,128,0,0,0,True,37.45492075004768,24.540221201646435,False,False
6,MyopicEconomic,3,128,0,0,0,True,206.43241409883854,20.366873448490658,True,False
6,MyopicEconomic,6,128,0,0,0,True,251.8427508998396,16.419250786710702,True,False
6,MyopicEconomic,12,128,0,0,0,True,256.8013423466413,21.85304101276036,True,False
6,MyopicEconomic,24,128,0,0,0,True,256.8013423466413,21.85304101276036,True,False
6,PPO_101,1,128,0,0,0,True,37.45492075004768,24.540221201646435,False,False
6,PPO_101,3,128,0,0,0,True,263.90909565262234,35.75136650003559,True,False
6,PPO_101,6,128,0,0,0,True,253.39266962859227,11.389147549256815,True,False
6,PPO_101,12,128,0,0,0,True,253.39266962859224,11.389147549256815,True,False
6,PPO_101,24,128,0,0,0,True,253.39266962859224,11.389147549256815,True,False
6,PPO_202,1,128,0,0,0,True,37.45492075004768,24.540221201646435,False,False
6,PPO_202,3,128,0,0,0,True,263.90909565262234,35.75136650003559,True,False
6,PPO_202,6,128,0,0,0,True,253.39266962859227,11.389147549256815,True,False
6,PPO_202,12,128,0,0,0,True,253.39266962859224,11.389147549256815,True,False
6,PPO_202,24,128,0,0,0,True,253.39266962859224,11.389147549256815,True,False
6,PPO_303,1,128,0,0,0,True,37.45492075004768,24.540221201646435,False,False
6,PPO_303,3,128,0,0,0,True,263.90909565262234,35.75136650003559,True,False
6,PPO_303,6,128,0,0,0,True,253.39266962859227,11.389147549256815,True,False
6,PPO_303,12,128,0,0,0,True,253.39266962859224,11.389147549256815,True,False
6,PPO_303,24,128,0,0,0,True,253.39266962859224,11.389147549256815,True,False
6,Static,1,128,0,0,0,True,37.45492075004768,24.540221201646435,False,False
6,Static,3,128,0,0,0,True,238.15395880558697,16.159018946575745,True,False
6,Static,6,128,0,0,0,True,274.6879541078571,18.943822676809216,True,False
6,Static,12,128,0,0,0,True,280.2916253083816,18.513284238895494,True,False
6,Static,24,128,0,0,0,True,280.2916253083816,18.513284238895494,True,False
7,AlwaysDecrease20,1,128,4,4,4,True,0.1326273750274703,0.0021629902704493184,True,False
7,AlwaysDecrease20,3,128,4,4,4,True,1.0464355796436178,0.08083163628171933,True,False
7,AlwaysDecrease20,6,128,3,4,3,False,1.3608477013713547,2.9529246553052553,False,False
7,AlwaysDecrease20,12,128,4,0,3,False,0.921732808748267,26.067968292784776,False,False
7,AlwaysDecrease20,24,128,0,0,3,False,6.430032763619937,11.668895052665734,False,False
7,MyopicEconomic,1,128,4,4,4,True,0.1326273750274703,0.0021629902704493184,True,False
7,MyopicEconomic,3,128,4,4,4,True,0.43288294907616465,0.048753694297870694,True,False
7,MyopicEconomic,6,128,1,0,1,False,0.8648323739017929,6.108364305157332,False,False
7,MyopicEconomic,12,128,4,4,4,True,1.99224745483447,0.5792983114775111,True,False
7,MyopicEconomic,24,128,4,4,4,True,2.8078902020636294,0.6713760646370477,True,False
7,PPO_101,1,128,4,4,4,True,0.1326273750274703,0.0021629902704493184,True,False
7,PPO_101,3,128,4,4,4,True,1.0464355796436178,0.08083163628171933,True,False
7,PPO_101,6,128,3,4,3,False,1.3608477013713547,2.9529246553052553,False,False
7,PPO_101,12,128,4,0,3,False,0.921732808748267,26.067968292784776,False,False
7,PPO_101,24,128,0,0,3,False,6.430032763619937,11.668895052665734,False,False
7,PPO_202,1,128,4,4,4,True,0.1326273750274703,0.0021629902704493184,True,False
7,PPO_202,3,128,4,4,4,True,1.0464355796436178,0.08083163628171933,True,False
7,PPO_202,6,128,3,4,3,False,1.3608477013713547,2.9529246553052553,False,False
7,PPO_202,12,128,4,0,3,False,0.921732808748267,26.067968292784776,False,False
7,PPO_202,24,128,0,0,3,False,6.430032763619937,11.668895052665734,False,False
7,PPO_303,1,128,4,4,4,True,0.1326273750274703,0.0021629902704493184,True,False
7,PPO_303,3,128,4,4,4,True,1.0464355796436178,0.08083163628171933,True,False
7,PPO_303,6,128,3,4,3,False,1.3608477013713547,2.9529246553052553,False,False
7,PPO_303,12,128,4,0,3,False,0.921732808748267,26.067968292784776,False,False
7,PPO_303,24,128,0,0,3,False,6.430032763619937,11.668895052665734,False,False
7,Static,1,128,4,4,4,True,0.1326273750274703,0.0021629902704493184,True,False
7,Static,3,128,4,4,4,True,0.6762662440422652,0.051471831904784084,True,False
7,Static,6,128,4,4,1,False,4.597388330736412,7.461601000500919,False,False
7,Static,12,128,2,2,4,False,27.12583666668024,40.297465658569394,False,False
7,Static,24,128,4,4,4,True,21.432553229561567,12.199773886179203,False,False
8,AlwaysDecrease20,1,128,2,2,2,True,0.3327286192927724,0.21482094855856473,False,False
8,AlwaysDecrease20,3,128,2,2,2,True,0.6213830739686834,0.303682670381174,True,False
8,AlwaysDecrease20,6,128,2,3,2,False,0.4947477770266009,0.36478110476968123,False,False
8,AlwaysDecrease20,12,128,2,3,2,False,0.4947477770266009,0.36478110476968123,False,False
8,AlwaysDecrease20,24,128,2,3,2,False,0.4947477770266009,0.36478110476968123,False,False
8,MyopicEconomic,1,128,2,2,2,True,0.3327286192927724,0.21482094855856473,False,False
8,MyopicEconomic,3,128,3,3,2,False,0.20253253303439595,0.8444346078949974,False,False
8,MyopicEconomic,6,128,2,2,2,True,3.7109731285188854,1.7971631258433047,True,False
8,MyopicEconomic,12,128,2,2,2,True,3.7109731285188854,1.7971631258433047,True,False
8,MyopicEconomic,24,128,2,2,2,True,3.7109731285188854,1.7971631258433047,True,False
8,PPO_101,1,128,2,2,2,True,0.3327286192927724,0.21482094855856473,False,False
8,PPO_101,3,128,2,2,2,True,0.6213830739686834,0.303682670381174,True,False
8,PPO_101,6,128,2,3,2,False,0.4947477770266009,0.36478110476968123,False,False
8,PPO_101,12,128,2,3,2,False,0.4947477770266009,0.36478110476968123,False,False
8,PPO_101,24,128,2,3,2,False,0.4947477770266009,0.36478110476968123,False,False
8,PPO_202,1,128,2,2,2,True,0.3327286192927724,0.21482094855856473,False,False
8,PPO_202,3,128,2,2,2,True,0.6213830739686834,0.303682670381174,True,False
8,PPO_202,6,128,2,3,2,False,0.4947477770266009,0.36478110476968123,False,False
8,PPO_202,12,128,2,3,2,False,0.4947477770266009,0.36478110476968123,False,False
8,PPO_202,24,128,2,3,2,False,0.4947477770266009,0.36478110476968123,False,False
8,PPO_303,1,128,2,2,2,True,0.3327286192927724,0.21482094855856473,False,False
8,PPO_303,3,128,2,2,2,True,0.6213830739686834,0.303682670381174,True,False
8,PPO_303,6,128,2,3,2,False,0.4947477770266009,0.36478110476968123,False,False
8,PPO_303,12,128,2,3,2,False,0.4947477770266009,0.36478110476968123,False,False
8,PPO_303,24,128,2,3,2,False,0.4947477770266009,0.36478110476968123,False,False
8,Static,1,128,2,2,2,True,0.3327286192927724,0.21482094855856473,False,False
8,Static,3,128,2,2,2,True,0.7681051845924247,0.4319698588292756,False,False
8,Static,6,128,4,4,4,True,0.8078276895771004,1.0067418793022773,False,False
8,Static,12,128,4,4,4,True,0.8078276895771004,1.0067418793022773,False,False
8,Static,24,128,4,4,4,True,0.8078276895771004,1.0067418793022773,False,False
9,AlwaysDecrease20,1,128,4,4,4,True,22.265237584670153,13.611554471764391,False,False
9,AlwaysDecrease20,3,128,4,4,4,True,158.24963888410352,28.731071960075422,True,False
9,AlwaysDecrease20,6,128,4,4,4,True,202.3635026250118,31.608988388242743,True,False
9,AlwaysDecrease20,12,128,4,4,4,True,178.82548482712275,30.30750226686549,True,False
9,AlwaysDecrease20,24,128,4,4,4,True,178.32677501565163,30.248896264911327,True,False
9,MyopicEconomic,1,128,4,4,4,True,22.265237584670153,13.611554471764391,False,False
9,MyopicEconomic,3,128,4,4,4,True,77.23861049440883,18.74571808809197,True,False
9,MyopicEconomic,6,128,4,4,4,True,99.25374403248274,23.674746637668527,True,False
9,MyopicEconomic,12,128,4,4,4,True,50.02209345842648,22.101165114935046,True,False
9,MyopicEconomic,24,128,4,4,4,True,35.27677829367716,21.27070749001254,False,False
9,PPO_101,1,128,4,4,4,True,22.265237584670153,13.611554471764391,False,False
9,PPO_101,3,128,4,4,4,True,158.24963888410352,28.731071960075422,True,False
9,PPO_101,6,128,4,4,4,True,202.3635026250118,31.608988388242743,True,False
9,PPO_101,12,128,4,4,4,True,178.82548482712275,30.30750226686549,True,False
9,PPO_101,24,128,4,4,4,True,178.32677501565163,30.248896264911327,True,False
9,PPO_202,1,128,4,4,4,True,22.265237584670153,13.611554471764391,False,False
9,PPO_202,3,128,4,4,4,True,158.24963888410352,28.731071960075422,True,False
9,PPO_202,6,128,4,4,4,True,202.3635026250118,31.608988388242743,True,False
9,PPO_202,12,128,4,4,4,True,178.82548482712275,30.30750226686549,True,False
9,PPO_202,24,128,4,4,4,True,178.32677501565163,30.248896264911327,True,False
9,PPO_303,1,128,4,4,4,True,22.265237584670153,13.611554471764391,False,False
9,PPO_303,3,128,4,4,4,True,158.24963888410352,28.731071960075422,True,False
9,PPO_303,6,128,4,4,4,True,202.3635026250118,31.608988388242743,True,False
9,PPO_303,12,128,4,4,4,True,178.82548482712275,30.30750226686549,True,False
9,PPO_303,24,128,4,4,4,True,178.32677501565163,30.248896264911327,True,False
9,Static,1,128,4,4,4,True,22.265237584670153,13.611554471764391,False,False
9,Static,3,128,4,4,4,True,66.02233630771187,12.9108672260161,True,False
9,Static,6,128,4,4,4,True,132.31624579514818,24.405650498419053,True,False
9,Static,12,128,4,4,4,True,100.63216231895606,22.78532610476517,True,False
9,Static,24,128,4,4,4,True,94.07370779500027,21.78472543848683,True,False
10,AlwaysDecrease20,1,128,4,4,4,True,0.030915483162990726,0.0005463075893699758,True,False
10,AlwaysDecrease20,3,128,4,4,4,True,0.3210870282404562,0.03877102829292341,True,False
10,AlwaysDecrease20,6,128,4,4,4,True,1.2210957131011075,0.4497298964873572,True,False
10,AlwaysDecrease20,12,128,4,4,4,True,1.1547865643893467,0.5375952399899097,True,False
10,AlwaysDecrease20,24,128,4,4,4,True,1.1547865643893467,0.5375952399899097,True,False
10,MyopicEconomic,1,128,4,4,4,True,0.030915483162990726,0.0005463075893699758,True,False
10,MyopicEconomic,3,128,4,4,4,True,0.4925695379690152,0.28867181978468476,False,False
10,MyopicEconomic,6,128,4,4,4,True,0.5459142010331658,0.46368601777048796,False,False
10,MyopicEconomic,12,128,4,1,4,False,0.18984874376045502,0.4821536085127033,False,False
10,MyopicEconomic,24,128,4,1,4,False,0.18984874376045502,0.4821536085127033,False,False
10,PPO_101,1,128,4,4,4,True,0.030915483162990726,0.0005463075893699758,True,False
10,PPO_101,3,128,4,4,4,True,0.3210870282404562,0.03877102829292341,True,False
10,PPO_101,6,128,4,4,4,True,1.2210957131011075,0.4497298964873572,True,False
10,PPO_101,12,128,4,4,4,True,1.1547865643893467,0.5375952399899097,True,False
10,PPO_101,24,128,4,4,4,True,1.1547865643893467,0.5375952399899097,True,False
10,PPO_202,1,128,4,4,4,True,0.030915483162990726,0.0005463075893699758,True,False
10,PPO_202,3,128,4,4,4,True,0.3210870282404562,0.03877102829292341,True,False
10,PPO_202,6,128,4,4,4,True,1.2210957131011075,0.4497298964873572,True,False
10,PPO_202,12,128,4,4,4,True,1.1547865643893467,0.5375952399899097,True,False
10,PPO_202,24,128,4,4,4,True,1.1547865643893467,0.5375952399899097,True,False
10,PPO_303,1,128,4,4,4,True,0.030915483162990726,0.0005463075893699758,True,False
10,PPO_303,3,128,4,4,4,True,0.3210870282404562,0.03877102829292341,True,False
10,PPO_303,6,128,4,4,4,True,1.2210957131011075,0.4497298964873572,True,False
10,PPO_303,12,128,4,4,4,True,1.1547865643893467,0.5375952399899097,True,False
10,PPO_303,24,128,4,4,4,True,1.1547865643893467,0.5375952399899097,True,False
10,Static,1,128,4,4,4,True,0.030915483162990726,0.0005463075893699758,True,False
10,Static,3,128,4,4,4,True,0.41980743911670315,0.16676054960477135,True,False
10,Static,6,128,4,4,4,True,1.1317881290789473,0.32135717618934173,True,False
10,Static,12,128,4,4,4,True,1.2451423552100278,0.31195152299257933,True,False
10,Static,24,128,4,4,4,True,1.2451423552100278,0.31195152299257933,True,False
11,AlwaysDecrease20,1,128,3,2,3,False,0.038890888398818824,0.029927029910599017,False,False
11,AlwaysDecrease20,3,128,4,4,4,True,12.394999972134352,0.5013010147374816,True,False
11,AlwaysDecrease20,6,128,4,4,4,True,47.515183491207054,27.909669329144897,False,False
11,AlwaysDecrease20,12,128,4,4,4,True,47.515183491207054,27.909669329144897,False,False
11,AlwaysDecrease20,24,128,4,4,4,True,47.515183491207054,27.909669329144897,False,False
11,MyopicEconomic,1,128,3,2,3,False,0.038890888398818824,0.029927029910599017,False,False
11,MyopicEconomic,3,128,4,4,4,True,8.596899995035404,0.2636168225934189,True,False
11,MyopicEconomic,6,128,4,4,4,True,17.46815597722719,3.994604450353329,True,False
11,MyopicEconomic,12,128,4,4,4,True,17.46815597722719,3.994604450353329,True,False
11,MyopicEconomic,24,128,4,4,4,True,17.46815597722719,3.994604450353329,True,False
11,PPO_101,1,128,3,2,3,False,0.038890888398818824,0.029927029910599017,False,False
11,PPO_101,3,128,4,4,4,True,12.394999972134352,0.5013010147374816,True,False
11,PPO_101,6,128,4,4,4,True,47.515183491207054,27.909669329144897,False,False
11,PPO_101,12,128,4,4,4,True,47.515183491207054,27.909669329144897,False,False
11,PPO_101,24,128,4,4,4,True,47.515183491207054,27.909669329144897,False,False
11,PPO_202,1,128,3,2,3,False,0.038890888398818824,0.029927029910599017,False,False
11,PPO_202,3,128,4,4,4,True,12.394999972134352,0.5013010147374816,True,False
11,PPO_202,6,128,4,4,4,True,47.515183491207054,27.909669329144897,False,False
11,PPO_202,12,128,4,4,4,True,47.515183491207054,27.909669329144897,False,False
11,PPO_202,24,128,4,4,4,True,47.515183491207054,27.909669329144897,False,False
11,PPO_303,1,128,3,2,3,False,0.038890888398818824,0.029927029910599017,False,False
11,PPO_303,3,128,4,4,4,True,12.394999972134352,0.5013010147374816,True,False
11,PPO_303,6,128,4,4,4,True,47.515183491207054,27.909669329144897,False,False
11,PPO_303,12,128,4,4,4,True,47.515183491207054,27.909669329144897,False,False
11,PPO_303,24,128,4,4,4,True,47.515183491207054,27.909669329144897,False,False
11,Static,1,128,3,2,3,False,0.038890888398818824,0.029927029910599017,False,False
11,Static,3,128,4,4,4,True,10.354100859893682,0.299207328264643,True,False
11,Static,6,128,3,4,3,False,3.3703132707236527,37.35560999104294,False,False
11,Static,12,128,3,4,3,False,3.3703132707236527,37.35560999104294,False,False
11,Static,24,128,3,4,3,False,3.3703132707236527,37.35560999104294,False,False
12,AlwaysDecrease20,1,128,0,0,0,True,40.22334186207945,39.89824224960062,False,False
12,AlwaysDecrease20,3,128,0,0,0,True,184.8259876466362,52.57029055777323,True,False
12,AlwaysDecrease20,6,128,0,0,0,True,432.9299902272604,64.19558234188263,True,False
12,AlwaysDecrease20,12,128,0,0,0,True,591.8670553061507,69.65685068465342,True,False
12,AlwaysDecrease20,24,128,0,0,0,True,598.98457024337,57.58094815016465,True,False
12,MyopicEconomic,1,128,0,0,0,True,40.22334186207945,39.89824224960062,False,False
12,MyopicEconomic,3,128,0,0,0,True,275.24236554572917,67.17450269789533,True,False
12,MyopicEconomic,6,128,0,0,0,True,452.62393731958423,79.73062125125507,True,False
12,MyopicEconomic,12,128,0,0,0,True,621.4319671720516,125.6956280770188,True,False
12,MyopicEconomic,24,128,0,0,0,True,487.69223506391796,162.38124323510218,True,False
12,PPO_101,1,128,0,0,0,True,40.22334186207945,39.89824224960062,False,False
12,PPO_101,3,128,0,0,0,True,184.8259876466362,52.57029055777323,True,False
12,PPO_101,6,128,0,0,0,True,432.9299902272604,64.19558234188263,True,False
12,PPO_101,12,128,0,0,0,True,591.8670553061507,69.65685068465342,True,False
12,PPO_101,24,128,0,0,0,True,598.98457024337,57.58094815016465,True,False
12,PPO_202,1,128,0,0,0,True,40.22334186207945,39.89824224960062,False,False
12,PPO_202,3,128,0,0,0,True,184.8259876466362,52.57029055777323,True,False
12,PPO_202,6,128,0,0,0,True,432.9299902272604,64.19558234188263,True,False
12,PPO_202,12,128,0,0,0,True,591.8670553061507,69.65685068465342,True,False
12,PPO_202,24,128,0,0,0,True,598.98457024337,57.58094815016465,True,False
12,PPO_303,1,128,0,0,0,True,40.22334186207945,39.89824224960062,False,False
12,PPO_303,3,128,0,0,0,True,184.8259876466362,52.57029055777323,True,False
12,PPO_303,6,128,0,0,0,True,432.9299902272604,64.19558234188263,True,False
12,PPO_303,12,128,0,0,0,True,591.8670553061507,69.65685068465342,True,False
12,PPO_303,24,128,0,0,0,True,598.98457024337,57.58094815016465,True,False
12,Static,1,128,0,0,0,True,40.22334186207945,39.89824224960062,False,False
12,Static,3,128,0,0,0,True,282.8073823978338,56.23849763649168,True,False
12,Static,6,128,0,0,0,True,596.3869782788165,50.54286548085168,True,False
12,Static,12,128,0,0,0,True,993.7801305657274,72.79672724224837,True,False
12,Static,24,128,0,0,0,True,1147.1658731363239,112.65153385409599,True,False
13,AlwaysDecrease20,1,128,4,4,4,True,0.07412950509982352,0.0013083560996683388,True,False
13,AlwaysDecrease20,3,128,4,4,4,True,1.4357405013202253,0.9434899408292015,False,False
13,AlwaysDecrease20,6,128,4,4,4,True,2.779416107845632,1.9939430024863063,False,False
13,AlwaysDecrease20,12,128,4,4,4,True,12.26536029894081,6.917798535946593,False,False
13,AlwaysDecrease20,24,128,4,4,4,True,12.26536029894081,6.917798535946593,False,False
13,MyopicEconomic,1,128,4,4,4,True,0.07412950509982352,0.0013083560996683388,True,False
13,MyopicEconomic,3,128,4,4,4,True,0.43212466428629503,0.057180062185412356,True,False
13,MyopicEconomic,6,128,4,4,4,True,0.3966493430640214,0.1189167383503469,True,False
13,MyopicEconomic,12,128,4,4,3,False,0.12158170944701532,0.11692677947129508,False,False
13,MyopicEconomic,24,128,4,4,3,False,0.12158170944701532,0.11692677947129508,False,False
13,PPO_101,1,128,4,4,4,True,0.07412950509982352,0.0013083560996683388,True,False
13,PPO_101,3,128,4,4,4,True,1.4357405013202253,0.9434899408292015,False,False
13,PPO_101,6,128,4,4,4,True,2.779416107845632,1.9939430024863063,False,False
13,PPO_101,12,128,4,4,4,True,12.26536029894081,6.917798535946593,False,False
13,PPO_101,24,128,4,4,4,True,12.26536029894081,6.917798535946593,False,False
13,PPO_202,1,128,4,4,4,True,0.07412950509982352,0.0013083560996683388,True,False
13,PPO_202,3,128,4,4,4,True,1.4357405013202253,0.9434899408292015,False,False
13,PPO_202,6,128,4,4,4,True,2.779416107845632,1.9939430024863063,False,False
13,PPO_202,12,128,4,4,4,True,12.26536029894081,6.917798535946593,False,False
13,PPO_202,24,128,4,4,4,True,12.26536029894081,6.917798535946593,False,False
13,PPO_303,1,128,4,4,4,True,0.07412950509982352,0.0013083560996683388,True,False
13,PPO_303,3,128,4,4,4,True,1.4357405013202253,0.9434899408292015,False,False
13,PPO_303,6,128,4,4,4,True,2.779416107845632,1.9939430024863063,False,False
13,PPO_303,12,128,4,4,4,True,12.26536029894081,6.917798535946593,False,False
13,PPO_303,24,128,4,4,4,True,12.26536029894081,6.917798535946593,False,False
13,Static,1,128,4,4,4,True,0.07412950509982352,0.0013083560996683388,True,False
13,Static,3,128,4,4,4,True,0.4768696056413378,0.06975993052034385,True,False
13,Static,6,128,4,4,4,True,1.4886560555062907,0.23454344195952348,True,False
13,Static,12,128,4,4,4,True,5.672317227910014,3.681741247401473,False,False
13,Static,24,128,4,4,4,True,5.672317227910014,3.681741247401473,False,False
14,AlwaysDecrease20,1,128,4,4,4,True,0.31499948592532634,0.017723310448076762,True,False
14,AlwaysDecrease20,3,128,4,4,4,True,1.7699992467552328,0.27404489050518155,True,False
14,AlwaysDecrease20,6,128,4,4,4,True,5.269112231069561,1.6623266493134596,True,False
14,AlwaysDecrease20,12,128,4,4,4,True,11.210239917452492,1.7986571115094594,True,False
14,AlwaysDecrease20,24,128,4,4,4,True,10.620865886507907,1.84167157241546,True,False
14,MyopicEconomic,1,128,4,4,4,True,0.31499948592532634,0.017723310448076762,True,False
14,MyopicEconomic,3,128,4,4,4,True,0.8141513012278475,0.2535156088989111,True,False
14,MyopicEconomic,6,128,4,4,3,False,0.5505514764441144,0.5154030352814059,False,False
14,MyopicEconomic,12,128,3,4,3,False,0.5980257175815362,1.1813888940220538,False,False
14,MyopicEconomic,24,128,3,4,3,False,0.7079943492795198,1.2340383564247406,False,False
14,PPO_101,1,128,4,4,4,True,0.31499948592532634,0.017723310448076762,True,False
14,PPO_101,3,128,4,4,4,True,1.7699992467552328,0.27404489050518155,True,False
14,PPO_101,6,128,4,4,4,True,5.269112231069561,1.6623266493134596,True,False
14,PPO_101,12,128,4,4,4,True,11.210239917452492,1.7986571115094594,True,False
14,PPO_101,24,128,4,4,4,True,10.620865886507907,1.84167157241546,True,False
14,PPO_202,1,128,4,4,4,True,0.31499948592532634,0.017723310448076762,True,False
14,PPO_202,3,128,4,4,4,True,1.7699992467552328,0.27404489050518155,True,False
14,PPO_202,6,128,4,4,4,True,5.269112231069561,1.6623266493134596,True,False
14,PPO_202,12,128,4,4,4,True,11.210239917452492,1.7986571115094594,True,False
14,PPO_202,24,128,4,4,4,True,10.620865886507907,1.84167157241546,True,False
14,PPO_303,1,128,4,4,4,True,0.31499948592532634,0.017723310448076762,True,False
14,PPO_303,3,128,4,4,4,True,1.7699992467552328,0.27404489050518155,True,False
14,PPO_303,6,128,4,4,4,True,5.269112231069561,1.6623266493134596,True,False
14,PPO_303,12,128,4,4,4,True,11.210239917452492,1.7986571115094594,True,False
14,PPO_303,24,128,4,4,4,True,10.620865886507907,1.84167157241546,True,False
14,Static,1,128,4,4,4,True,0.31499948592532634,0.017723310448076762,True,False
14,Static,3,128,4,4,4,True,0.9062385287235868,0.2591663612828401,True,False
14,Static,6,128,4,4,3,False,0.9211508179023571,0.6054196657835533,False,False
14,Static,12,128,4,4,3,False,11.809257243973985,11.824848341194556,False,False
14,Static,24,128,4,4,3,False,12.451995254471091,14.322900122054616,False,False
15,AlwaysDecrease20,1,128,1,3,1,False,0.1366440478287232,0.33966141962527463,False,False
15,AlwaysDecrease20,3,128,4,4,4,True,11.652104580315982,0.486141699906586,True,False
15,AlwaysDecrease20,6,128,3,4,3,False,2.4712656173303507,14.054613326519826,False,False
15,AlwaysDecrease20,12,128,0,0,0,True,16.627508693746197,33.12728775281562,False,False
15,AlwaysDecrease20,24,128,0,0,0,True,41.17755452765807,29.773389152325453,False,False
15,MyopicEconomic,1,128,1,3,1,False,0.1366440478287232,0.33966141962527463,False,False
15,MyopicEconomic,3,128,4,4,4,True,9.425139606248363,0.4249836969931766,True,False
15,MyopicEconomic,6,128,4,4,4,True,15.586092219738585,4.554485888761818,True,False
15,MyopicEconomic,12,128,4,4,4,True,20.808809687948038,8.20160984558588,True,False
15,MyopicEconomic,24,128,4,4,4,True,24.508437111028293,10.381520224625755,True,False
15,PPO_101,1,128,1,3,1,False,0.1366440478287232,0.33966141962527463,False,False
15,PPO_101,3,128,4,4,4,True,11.652104580315982,0.486141699906586,True,False
15,PPO_101,6,128,3,4,3,False,2.4712656173303507,14.054613326519826,False,False
15,PPO_101,12,128,0,0,0,True,16.627508693746197,33.12728775281562,False,False
15,PPO_101,24,128,0,0,0,True,41.17755452765807,29.773389152325453,False,False
15,PPO_202,1,128,1,3,1,False,0.1366440478287232,0.33966141962527463,False,False
15,PPO_202,3,128,4,4,4,True,11.652104580315982,0.486141699906586,True,False
15,PPO_202,6,128,3,4,3,False,2.4712656173303507,14.054613326519826,False,False
15,PPO_202,12,128,0,0,0,True,16.627508693746197,33.12728775281562,False,False
15,PPO_202,24,128,0,0,0,True,41.17755452765807,29.773389152325453,False,False
15,PPO_303,1,128,1,3,1,False,0.1366440478287232,0.33966141962527463,False,False
15,PPO_303,3,128,4,4,4,True,11.652104580315982,0.486141699906586,True,False
15,PPO_303,6,128,3,4,3,False,2.4712656173303507,14.054613326519826,False,False
15,PPO_303,12,128,0,0,0,True,16.627508693746197,33.12728775281562,False,False
15,PPO_303,24,128,0,0,0,True,41.17755452765807,29.773389152325453,False,False
15,Static,1,128,1,3,1,False,0.1366440478287232,0.33966141962527463,False,False
15,Static,3,128,4,4,4,True,10.117271261876262,0.26246512147946166,True,False
15,Static,6,128,4,4,4,True,23.796155214312776,2.056955975277729,True,False
15,Static,12,128,4,4,4,True,75.5315280785051,16.285049112454484,True,False
15,Static,24,128,4,4,4,True,184.18096865701483,63.35367922713111,True,False
16,AlwaysDecrease20,1,128,0,0,0,True,1.1448398144221055,0.5649038602023403,True,False
16,AlwaysDecrease20,3,128,0,0,1,False,0.45590694709063717,0.5814477713164163,False,False
16,AlwaysDecrease20,6,128,0,0,0,True,0.6119226099813037,0.5769718750687527,False,False
16,AlwaysDecrease20,12,128,0,0,0,True,0.5023113003723167,0.5861222512420647,False,False
16,AlwaysDecrease20,24,128,0,0,0,True,0.5016889205557293,0.5861305017147084,False,False
16,MyopicEconomic,1,128,0,0,0,True,1.1448398144221055,0.5649038602023403,True,False
16,MyopicEconomic,3,128,0,3,0,False,0.15746404927343627,0.8770463429869617,False,False
16,MyopicEconomic,6,128,3,4,3,False,0.2855615434989486,1.195510123920217,False,False
16,MyopicEconomic,12,128,4,4,4,True,4.722518459912115,3.654567360309758,False,False
16,MyopicEconomic,24,128,4,4,4,True,4.553233654367346,3.8329126628051,False,False
16,PPO_101,1,128,0,0,0,True,1.1448398144221055,0.5649038602023403,True,False
16,PPO_101,3,128,0,0,1,False,0.45590694709063717,0.5814477713164163,False,False
16,PPO_101,6,128,0,0,0,True,0.6119226099813037,0.5769718750687527,False,False
16,PPO_101,12,128,0,0,0,True,0.5023113003723167,0.5861222512420647,False,False
16,PPO_101,24,128,0,0,0,True,0.5016889205557293,0.5861305017147084,False,False
16,PPO_202,1,128,0,0,0,True,1.1448398144221055,0.5649038602023403,True,False
16,PPO_202,3,128,0,0,1,False,0.45590694709063717,0.5814477713164163,False,False
16,PPO_202,6,128,0,0,0,True,0.6119226099813037,0.5769718750687527,False,False
16,PPO_202,12,128,0,0,0,True,0.5023113003723167,0.5861222512420647,False,False
16,PPO_202,24,128,0,0,0,True,0.5016889205557293,0.5861305017147084,False,False
16,PPO_303,1,128,0,0,0,True,1.1448398144221055,0.5649038602023403,True,False
16,PPO_303,3,128,0,0,1,False,0.45590694709063717,0.5814477713164163,False,False
16,PPO_303,6,128,0,0,0,True,0.6119226099813037,0.5769718750687527,False,False
16,PPO_303,12,128,0,0,0,True,0.5023113003723167,0.5861222512420647,False,False
16,PPO_303,24,128,0,0,0,True,0.5016889205557293,0.5861305017147084,False,False
16,Static,1,128,0,0,0,True,1.1448398144221055,0.5649038602023403,True,False
16,Static,3,128,0,2,0,False,0.25265632379900926,0.8135515520265312,False,False
16,Static,6,128,3,4,1,False,0.15849235343597945,1.0466424055639156,False,False
16,Static,12,128,3,3,1,False,0.5860358474378282,1.2376849054538255,False,False
16,Static,24,128,3,3,0,False,0.6725426850409948,1.288261733460925,False,False
17,AlwaysDecrease20,1,128,4,2,4,False,0.007306230579232589,0.214823984447681,False,False
17,AlwaysDecrease20,3,128,3,2,3,False,0.10861773645755085,0.39379404311567434,False,False
17,AlwaysDecrease20,6,128,3,4,2,False,0.008877413235336029,0.5851326853342539,False,False
17,AlwaysDecrease20,12,128,3,4,2,False,0.008877413235336029,0.5851326853342539,False,False
17,AlwaysDecrease20,24,128,3,4,2,False,0.008877413235336029,0.5851326853342539,False,False
17,MyopicEconomic,1,128,4,2,4,False,0.007306230579232589,0.214823984447681,False,False
17,MyopicEconomic,3,128,4,4,4,True,0.6490347764944709,0.31498867370548717,True,False
17,MyopicEconomic,6,128,4,4,3,False,0.2081728554445781,0.7289353639562812,False,False
17,MyopicEconomic,12,128,4,4,3,False,0.2081728554445781,0.7289353639562812,False,False
17,MyopicEconomic,24,128,4,4,3,False,0.2081728554445781,0.7289353639562812,False,False
17,PPO_101,1,128,4,2,4,False,0.007306230579232589,0.214823984447681,False,False
17,PPO_101,3,128,3,2,3,False,0.10861773645755085,0.39379404311567434,False,False
17,PPO_101,6,128,3,4,2,False,0.008877413235336029,0.5851326853342539,False,False
17,PPO_101,12,128,3,4,2,False,0.008877413235336029,0.5851326853342539,False,False
17,PPO_101,24,128,3,4,2,False,0.008877413235336029,0.5851326853342539,False,False
17,PPO_202,1,128,4,2,4,False,0.007306230579232589,0.214823984447681,False,False
17,PPO_202,3,128,3,2,3,False,0.10861773645755085,0.39379404311567434,False,False
17,PPO_202,6,128,3,4,2,False,0.008877413235336029,0.5851326853342539,False,False
17,PPO_202,12,128,3,4,2,False,0.008877413235336029,0.5851326853342539,False,False
17,PPO_202,24,128,3,4,2,False,0.008877413235336029,0.5851326853342539,False,False
17,PPO_303,1,128,4,2,4,False,0.007306230579232589,0.214823984447681,False,False
17,PPO_303,3,128,3,2,3,False,0.10861773645755085,0.39379404311567434,False,False
17,PPO_303,6,128,3,4,2,False,0.008877413235336029,0.5851326853342539,False,False
17,PPO_303,12,128,3,4,2,False,0.008877413235336029,0.5851326853342539,False,False
17,PPO_303,24,128,3,4,2,False,0.008877413235336029,0.5851326853342539,False,False
17,Static,1,128,4,2,4,False,0.007306230579232589,0.214823984447681,False,False
17,Static,3,128,4,4,4,True,0.6354286919728623,0.3197844050790042,True,False
17,Static,6,128,4,4,4,True,0.7859906187885859,0.538923513855782,False,False
17,Static,12,128,4,4,4,True,0.7859906187885859,0.538923513855782,False,False
17,Static,24,128,4,4,4,True,0.7859906187885859,0.538923513855782,False,False
18,AlwaysDecrease20,1,128,4,0,4,False,0.013844756131123709,0.04152170668924906,False,False
18,AlwaysDecrease20,3,128,4,4,4,True,2.1072663718952414,0.17977410103580746,True,False
18,AlwaysDecrease20,6,128,4,4,4,True,10.461917912025427,5.5733656419318995,False,False
18,AlwaysDecrease20,12,128,0,0,0,True,41.48036021981028,8.059186371321161,True,False
18,AlwaysDecrease20,24,128,0,0,0,True,59.016102649206005,11.200258624682549,True,False
18,MyopicEconomic,1,128,4,0,4,False,0.013844756131123709,0.04152170668924906,False,False
18,MyopicEconomic,3,128,4,4,4,True,1.056706526349963,0.09301720366061943,True,False
18,MyopicEconomic,6,128,4,4,4,True,1.0056556675286943,0.20794862826642446,True,False
18,MyopicEconomic,12,128,4,4,4,True,4.592753358459747,0.5402646102817709,True,False
18,MyopicEconomic,24,128,4,4,4,True,5.141626811572002,0.5826667342007411,True,False
18,PPO_101,1,128,4,0,4,False,0.013844756131123709,0.04152170668924906,False,False
18,PPO_101,3,128,4,4,4,True,2.1072663718952414,0.17977410103580746,True,False
18,PPO_101,6,128,4,4,4,True,10.461917912025427,5.5733656419318995,False,False
18,PPO_101,12,128,0,0,0,True,41.48036021981028,8.059186371321161,True,False
18,PPO_101,24,128,0,0,0,True,59.016102649206005,11.200258624682549,True,False
18,PPO_202,1,128,4,0,4,False,0.013844756131123709,0.04152170668924906,False,False
18,PPO_202,3,128,4,4,4,True,2.1072663718952414,0.17977410103580746,True,False
18,PPO_202,6,128,4,4,4,True,10.461917912025427,5.5733656419318995,False,False
18,PPO_202,12,128,0,0,0,True,41.48036021981028,8.059186371321161,True,False
18,PPO_202,24,128,0,0,0,True,59.016102649206005,11.200258624682549,True,False
18,PPO_303,1,128,4,0,4,False,0.013844756131123709,0.04152170668924906,False,False
18,PPO_303,3,128,4,4,4,True,2.1072663718952414,0.17977410103580746,True,False
18,PPO_303,6,128,4,4,4,True,10.461917912025427,5.5733656419318995,False,False
18,PPO_303,12,128,0,0,0,True,41.48036021981028,8.059186371321161,True,False
18,PPO_303,24,128,0,0,0,True,59.016102649206005,11.200258624682549,True,False
18,Static,1,128,4,0,4,False,0.013844756131123709,0.04152170668924906,False,False
18,Static,3,128,4,4,4,True,1.4653070563501425,0.12484447398589446,True,False
18,Static,6,128,4,4,4,True,5.229779546253722,0.7448304403874042,True,False
18,Static,12,128,4,4,4,True,24.869278100651027,14.422968791308913,False,False
18,Static,24,128,4,4,4,True,37.692188335654826,19.174652195667576,True,False
19,AlwaysDecrease20,1,128,0,0,0,True,0.08810674330618862,0.0030092114586614217,True,False
19,AlwaysDecrease20,3,128,1,0,1,False,0.5104346026530405,0.07625758726180182,True,False
19,AlwaysDecrease20,6,128,2,2,2,True,5.712356281184505,1.2723626218359765,True,False
19,AlwaysDecrease20,12,128,0,0,2,False,19.555557009707933,27.325338422416554,False,False
19,AlwaysDecrease20,24,128,0,0,2,False,19.555557009707933,27.325338422416554,False,False
19,MyopicEconomic,1,128,0,0,0,True,0.08810674330618862,0.0030092114586614217,True,False
19,MyopicEconomic,3,128,0,0,0,True,0.08946973771610442,0.08650406892671612,False,False
19,MyopicEconomic,6,128,0,0,0,True,0.8395048387401499,0.1963782036663258,True,False
19,MyopicEconomic,12,128,2,2,2,True,2.3829729936348567,0.6189847430756154,True,False
19,MyopicEconomic,24,128,2,2,2,True,2.3829729936348567,0.6189847430756154,True,False
19,PPO_101,1,128,0,0,0,True,0.08810674330618862,0.0030092114586614217,True,False
19,PPO_101,3,128,1,0,1,False,0.5104346026530405,0.07625758726180182,True,False
19,PPO_101,6,128,2,2,2,True,5.712356281184505,1.2723626218359765,True,False
19,PPO_101,12,128,0,0,2,False,19.555557009707933,27.325338422416554,False,False
19,PPO_101,24,128,0,0,2,False,19.555557009707933,27.325338422416554,False,False
19,PPO_202,1,128,0,0,0,True,0.08810674330618862,0.0030092114586614217,True,False
19,PPO_202,3,128,1,0,1,False,0.5104346026530405,0.07625758726180182,True,False
19,PPO_202,6,128,2,2,2,True,5.712356281184505,1.2723626218359765,True,False
19,PPO_202,12,128,0,0,2,False,19.555557009707933,27.325338422416554,False,False
19,PPO_202,24,128,0,0,2,False,19.555557009707933,27.325338422416554,False,False
19,PPO_303,1,128,0,0,0,True,0.08810674330618862,0.0030092114586614217,True,False
19,PPO_303,3,128,1,0,1,False,0.5104346026530405,0.07625758726180182,True,False
19,PPO_303,6,128,2,2,2,True,5.712356281184505,1.2723626218359765,True,False
19,PPO_303,12,128,0,0,2,False,19.555557009707933,27.325338422416554,False,False
19,PPO_303,24,128,0,0,2,False,19.555557009707933,27.325338422416554,False,False
19,Static,1,128,0,0,0,True,0.08810674330618862,0.0030092114586614217,True,False
19,Static,3,128,0,0,0,True,1.0546878269607993,0.092461668027209,True,False
19,Static,6,128,0,0,0,True,2.7694118806593053,0.1401836988809021,True,False
19,Static,12,128,2,2,2,True,1.1858208218256892,0.4774226583097032,True,False
19,Static,24,128,2,2,2,True,1.1858208218256892,0.4774226583097032,True,False
20,AlwaysDecrease20,1,128,2,2,0,False,0.017262640150974104,0.029670654999599068,False,False
20,AlwaysDecrease20,3,128,1,1,1,True,0.05255763313856521,0.04029414997695611,False,False
20,AlwaysDecrease20,6,128,2,2,2,True,0.8716673679391385,0.16101519349218663,True,False
20,AlwaysDecrease20,12,128,2,2,2,True,5.027067439569905,1.639777306628393,True,False
20,AlwaysDecrease20,24,128,2,2,2,True,4.536963264723937,1.7154104452993522,True,False
20,MyopicEconomic,1,128,2,2,0,False,0.017262640150974104,0.029670654999599068,False,False
20,MyopicEconomic,3,128,0,0,0,True,0.13416085713499715,0.03814528823726019,True,False
20,MyopicEconomic,6,128,0,0,0,True,0.7327172007511333,0.07160606196969808,True,False
20,MyopicEconomic,12,128,0,0,0,True,0.490316844384984,0.07261061916678246,True,False
20,MyopicEconomic,24,128,0,0,0,True,0.49093543936545236,0.07261720948817169,True,False
20,PPO_101,1,128,2,2,0,False,0.017262640150974104,0.029670654999599068,False,False
20,PPO_101,3,128,1,1,1,True,0.05255763313856521,0.04029414997695611,False,False
20,PPO_101,6,128,2,2,2,True,0.8716673679391385,0.16101519349218663,True,False
20,PPO_101,12,128,2,2,2,True,5.027067439569905,1.639777306628393,True,False
20,PPO_101,24,128,2,2,2,True,4.536963264723937,1.7154104452993522,True,False
20,PPO_202,1,128,2,2,0,False,0.017262640150974104,0.029670654999599068,False,False
20,PPO_202,3,128,1,1,1,True,0.05255763313856521,0.04029414997695611,False,False
20,PPO_202,6,128,2,2,2,True,0.8716673679391385,0.16101519349218663,True,False
20,PPO_202,12,128,2,2,2,True,5.027067439569905,1.639777306628393,True,False
20,PPO_202,24,128,2,2,2,True,4.536963264723937,1.7154104452993522,True,False
20,PPO_303,1,128,2,2,0,False,0.017262640150974104,0.029670654999599068,False,False
20,PPO_303,3,128,1,1,1,True,0.05255763313856521,0.04029414997695611,False,False
20,PPO_303,6,128,2,2,2,True,0.8716673679391385,0.16101519349218663,True,False
20,PPO_303,12,128,2,2,2,True,5.027067439569905,1.639777306628393,True,False
20,PPO_303,24,128,2,2,2,True,4.536963264723937,1.7154104452993522,True,False
20,Static,1,128,2,2,0,False,0.017262640150974104,0.029670654999599068,False,False
20,Static,3,128,0,0,0,True,0.07823056006630191,0.04259989693106733,False,False
20,Static,6,128,0,0,0,True,0.6051274331134422,0.06791866920984845,True,False
20,Static,12,128,0,0,1,False,0.030793338999624165,0.7636265762868247,False,False
20,Static,24,128,1,0,1,False,0.08123746756136668,0.8402454043137604,False,False
21,AlwaysDecrease20,1,128,0,0,0,True,31.198819464694374,4.471075860931194,True,False
21,AlwaysDecrease20,3,128,0,0,0,True,31.678029019575753,28.266635848045894,False,False
21,AlwaysDecrease20,6,128,0,0,0,True,112.18551522199446,24.648553647244558,True,False
21,AlwaysDecrease20,12,128,0,0,0,True,155.98933025669396,16.04545631674123,True,False
21,AlwaysDecrease20,24,128,0,0,0,True,152.84419780330308,15.822595704601412,True,False
21,MyopicEconomic,1,128,0,0,0,True,31.198819464694374,4.471075860931194,True,False
21,MyopicEconomic,3,128,0,0,0,True,79.72020127934395,33.00392136785752,True,False
21,MyopicEconomic,6,128,0,1,0,False,6.854647699387932,43.765180060866506,False,False
21,MyopicEconomic,12,128,1,1,0,False,5.178160384292752,74.17940383237001,False,False
21,MyopicEconomic,24,128,1,1,1,True,150.8789943132137,91.8811753861739,False,False
21,PPO_101,1,128,0,0,0,True,31.198819464694374,4.471075860931194,True,False
21,PPO_101,3,128,0,0,0,True,31.678029019575753,28.266635848045894,False,False
21,PPO_101,6,128,0,0,0,True,112.18551522199446,24.648553647244558,True,False
21,PPO_101,12,128,0,0,0,True,155.98933025669396,16.04545631674123,True,False
21,PPO_101,24,128,0,0,0,True,152.84419780330308,15.822595704601412,True,False
21,PPO_202,1,128,0,0,0,True,31.198819464694374,4.471075860931194,True,False
21,PPO_202,3,128,0,0,0,True,31.678029019575753,28.266635848045894,False,False
21,PPO_202,6,128,0,0,0,True,112.18551522199446,24.648553647244558,True,False
21,PPO_202,12,128,0,0,0,True,155.98933025669396,16.04545631674123,True,False
21,PPO_202,24,128,0,0,0,True,152.84419780330308,15.822595704601412,True,False
21,PPO_303,1,128,0,0,0,True,31.198819464694374,4.471075860931194,True,False
21,PPO_303,3,128,0,0,0,True,31.678029019575753,28.266635848045894,False,False
21,PPO_303,6,128,0,0,0,True,112.18551522199446,24.648553647244558,True,False
21,PPO_303,12,128,0,0,0,True,155.98933025669396,16.04545631674123,True,False
21,PPO_303,24,128,0,0,0,True,152.84419780330308,15.822595704601412,True,False
21,Static,1,128,0,0,0,True,31.198819464694374,4.471075860931194,True,False
21,Static,3,128,0,0,1,False,7.817754118319666,42.98021277972586,False,False
21,Static,6,128,0,0,0,True,211.04447734354363,22.48009442797746,True,False
21,Static,12,128,0,0,0,True,344.0884330760691,22.508233110453958,True,False
21,Static,24,128,0,0,0,True,356.7459639175584,31.247782300624912,True,False
22,AlwaysDecrease20,1,128,0,0,0,True,0.2534166078751594,0.17962239504903266,False,False
22,AlwaysDecrease20,3,128,2,0,2,False,2.2993212498816327,13.849994951035484,False,False
22,AlwaysDecrease20,6,128,2,2,2,True,31.397127938948103,48.55118590383092,False,False
22,AlwaysDecrease20,12,128,2,2,2,True,22.2994037189479,47.820005728035234,False,False
22,AlwaysDecrease20,24,128,2,2,2,True,22.2994037189479,47.820005728035234,False,False
22,MyopicEconomic,1,128,0,0,0,True,0.2534166078751594,0.17962239504903266,False,False
22,MyopicEconomic,3,128,2,0,2,False,3.138914865034148,12.610950324913702,False,False
22,MyopicEconomic,6,128,0,0,2,False,11.050889833696871,12.65763800804538,False,False
22,MyopicEconomic,12,128,0,0,2,False,12.17734116883433,12.71528301901978,False,False
22,MyopicEconomic,24,128,0,0,2,False,12.17734116883433,12.71528301901978,False,False
22,PPO_101,1,128,0,0,0,True,0.2534166078751594,0.17962239504903266,False,False
22,PPO_101,3,128,2,0,2,False,2.2993212498816327,13.849994951035484,False,False
22,PPO_101,6,128,2,2,2,True,31.397127938948103,48.55118590383092,False,False
22,PPO_101,12,128,2,2,2,True,22.2994037189479,47.820005728035234,False,False
22,PPO_101,24,128,2,2,2,True,22.2994037189479,47.820005728035234,False,False
22,PPO_202,1,128,0,0,0,True,0.2534166078751594,0.17962239504903266,False,False
22,PPO_202,3,128,2,0,2,False,2.2993212498816327,13.849994951035484,False,False
22,PPO_202,6,128,2,2,2,True,31.397127938948103,48.55118590383092,False,False
22,PPO_202,12,128,2,2,2,True,22.2994037189479,47.820005728035234,False,False
22,PPO_202,24,128,2,2,2,True,22.2994037189479,47.820005728035234,False,False
22,PPO_303,1,128,0,0,0,True,0.2534166078751594,0.17962239504903266,False,False
22,PPO_303,3,128,2,0,2,False,2.2993212498816327,13.849994951035484,False,False
22,PPO_303,6,128,2,2,2,True,31.397127938948103,48.55118590383092,False,False
22,PPO_303,12,128,2,2,2,True,22.2994037189479,47.820005728035234,False,False
22,PPO_303,24,128,2,2,2,True,22.2994037189479,47.820005728035234,False,False
22,Static,1,128,0,0,0,True,0.2534166078751594,0.17962239504903266,False,False
22,Static,3,128,2,2,2,True,29.35303468611643,19.926685532231655,False,False
22,Static,6,128,2,2,2,True,35.56256835707313,20.77603399630986,False,False
22,Static,12,128,1,1,2,False,21.31312502171616,62.92607751045617,False,False
22,Static,24,128,1,1,2,False,21.31312502171616,62.92607751045617,False,False
23,AlwaysDecrease20,1,128,0,1,0,False,0.2154496753276769,1.070316693088451,False,False
23,AlwaysDecrease20,3,128,2,2,2,True,2.286336634022359,0.3960489933222764,True,False
23,AlwaysDecrease20,6,128,2,2,2,True,2.286336634022359,0.3960489933222764,True,False
23,AlwaysDecrease20,12,128,2,2,2,True,2.286336634022359,0.3960489933222764,True,False
23,AlwaysDecrease20,24,128,2,2,2,True,2.286336634022359,0.3960489933222764,True,False
23,MyopicEconomic,1,128,0,1,0,False,0.2154496753276769,1.070316693088451,False,False
23,MyopicEconomic,3,128,2,2,2,True,2.8737905056160726,0.41361158421104127,True,False
23,MyopicEconomic,6,128,2,2,2,True,2.8737905056160726,0.41361158421104127,True,False
23,MyopicEconomic,12,128,2,2,2,True,2.8737905056160726,0.41361158421104127,True,False
23,MyopicEconomic,24,128,2,2,2,True,2.8737905056160726,0.41361158421104127,True,False
23,PPO_101,1,128,0,1,0,False,0.2154496753276769,1.070316693088451,False,False
23,PPO_101,3,128,2,2,2,True,2.286336634022359,0.3960489933222764,True,False
23,PPO_101,6,128,2,2,2,True,2.286336634022359,0.3960489933222764,True,False
23,PPO_101,12,128,2,2,2,True,2.286336634022359,0.3960489933222764,True,False
23,PPO_101,24,128,2,2,2,True,2.286336634022359,0.3960489933222764,True,False
23,PPO_202,1,128,0,1,0,False,0.2154496753276769,1.070316693088451,False,False
23,PPO_202,3,128,2,2,2,True,2.286336634022359,0.3960489933222764,True,False
23,PPO_202,6,128,2,2,2,True,2.286336634022359,0.3960489933222764,True,False
23,PPO_202,12,128,2,2,2,True,2.286336634022359,0.3960489933222764,True,False
23,PPO_202,24,128,2,2,2,True,2.286336634022359,0.3960489933222764,True,False
23,PPO_303,1,128,0,1,0,False,0.2154496753276769,1.070316693088451,False,False
23,PPO_303,3,128,2,2,2,True,2.286336634022359,0.3960489933222764,True,False
23,PPO_303,6,128,2,2,2,True,2.286336634022359,0.3960489933222764,True,False
23,PPO_303,12,128,2,2,2,True,2.286336634022359,0.3960489933222764,True,False
23,PPO_303,24,128,2,2,2,True,2.286336634022359,0.3960489933222764,True,False
23,Static,1,128,0,1,0,False,0.2154496753276769,1.070316693088451,False,False
23,Static,3,128,2,2,2,True,3.857913012440473,1.353271563217966,True,False
23,Static,6,128,2,2,2,True,3.857913012440473,1.353271563217966,True,False
23,Static,12,128,2,2,2,True,3.857913012440473,1.353271563217966,True,False
23,Static,24,128,2,2,2,True,3.857913012440473,1.353271563217966,True,False
24,AlwaysDecrease20,1,128,3,4,2,False,0.007590300131339073,0.21485806731936558,False,False
24,AlwaysDecrease20,3,128,3,3,2,False,0.8146179391436592,0.7138838676982827,False,False
24,AlwaysDecrease20,6,128,3,3,3,True,3.793820215447585,2.827659821158814,False,False
24,AlwaysDecrease20,12,128,3,4,3,False,1.4553129112992969,3.7050158527651487,False,False
24,AlwaysDecrease20,24,128,3,4,3,False,1.4553129112992969,3.7050158527651487,False,False
24,MyopicEconomic,1,128,3,4,2,False,0.007590300131339073,0.21485806731936558,False,False
24,MyopicEconomic,3,128,3,3,3,True,1.3681554463978163,0.5405832123552898,True,False
24,MyopicEconomic,6,128,3,3,3,True,5.348687910192345,4.549246302827374,False,False
24,MyopicEconomic,12,128,3,3,3,True,5.058887554504896,4.4476491677033545,False,False
24,MyopicEconomic,24,128,3,3,3,True,5.058887554504896,4.4476491677033545,False,False
24,PPO_101,1,128,3,4,2,False,0.007590300131339073,0.21485806731936558,False,False
24,PPO_101,3,128,3,3,2,False,0.8146179391436592,0.7138838676982827,False,False
24,PPO_101,6,128,3,3,3,True,3.793820215447585,2.827659821158814,False,False
24,PPO_101,12,128,3,4,3,False,1.4553129112992969,3.7050158527651487,False,False
24,PPO_101,24,128,3,4,3,False,1.4553129112992969,3.7050158527651487,False,False
24,PPO_202,1,128,3,4,2,False,0.007590300131339073,0.21485806731936558,False,False
24,PPO_202,3,128,3,3,2,False,0.8146179391436592,0.7138838676982827,False,False
24,PPO_202,6,128,3,3,3,True,3.793820215447585,2.827659821158814,False,False
24,PPO_202,12,128,3,4,3,False,1.4553129112992969,3.7050158527651487,False,False
24,PPO_202,24,128,3,4,3,False,1.4553129112992969,3.7050158527651487,False,False
24,PPO_303,1,128,3,4,2,False,0.007590300131339073,0.21485806731936558,False,False
24,PPO_303,3,128,3,3,2,False,0.8146179391436592,0.7138838676982827,False,False
24,PPO_303,6,128,3,3,3,True,3.793820215447585,2.827659821158814,False,False
24,PPO_303,12,128,3,4,3,False,1.4553129112992969,3.7050158527651487,False,False
24,PPO_303,24,128,3,4,3,False,1.4553129112992969,3.7050158527651487,False,False
24,Static,1,128,3,4,2,False,0.007590300131339073,0.21485806731936558,False,False
24,Static,3,128,2,3,2,False,0.4066944887534599,0.8211753635844686,False,False
24,Static,6,128,2,2,2,True,4.664137782388552,2.894970004401197,False,False
24,Static,12,128,2,2,2,True,7.91432413445182,2.7731445311887097,True,False
24,Static,24,128,2,2,2,True,7.91432413445182,2.7731445311887097,True,False
25,AlwaysDecrease20,1,128,1,0,1,False,0.007702879711814825,0.021941361148171093,False,False
25,AlwaysDecrease20,3,128,4,4,4,True,18.532697003314972,5.322985530807847,True,False
25,AlwaysDecrease20,6,128,4,4,4,True,25.904116082643785,11.234872701232112,True,False
25,AlwaysDecrease20,12,128,4,4,2,False,11.845888147619426,38.416020780761464,False,False
25,AlwaysDecrease20,24,128,2,1,3,False,6.516297136118286,28.890334429777795,False,False
25,MyopicEconomic,1,128,1,0,1,False,0.007702879711814825,0.021941361148171093,False,False
25,MyopicEconomic,3,128,4,4,4,True,7.90078909957943,0.25623199028428983,True,False
25,MyopicEconomic,6,128,4,4,4,True,5.901792724866205,0.6271295639078063,True,False
25,MyopicEconomic,12,128,4,4,4,True,6.026097714616047,0.7284947997413558,True,False
25,MyopicEconomic,24,128,4,4,4,True,6.073015117436726,0.7339991290413065,True,False
25,PPO_101,1,128,1,0,1,False,0.007702879711814825,0.021941361148171093,False,False
25,PPO_101,3,128,4,4,4,True,18.532697003314972,5.322985530807847,True,False
25,PPO_101,6,128,4,4,4,True,25.904116082643785,11.234872701232112,True,False
25,PPO_101,12,128,4,4,2,False,11.845888147619426,38.416020780761464,False,False
25,PPO_101,24,128,2,1,3,False,6.516297136118286,28.890334429777795,False,False
25,PPO_202,1,128,1,0,1,False,0.007702879711814825,0.021941361148171093,False,False
25,PPO_202,3,128,4,4,4,True,18.532697003314972,5.322985530807847,True,False
25,PPO_202,6,128,4,4,4,True,25.904116082643785,11.234872701232112,True,False
25,PPO_202,12,128,4,4,2,False,11.845888147619426,38.416020780761464,False,False
25,PPO_202,24,128,2,1,3,False,6.516297136118286,28.890334429777795,False,False
25,PPO_303,1,128,1,0,1,False,0.007702879711814825,0.021941361148171093,False,False
25,PPO_303,3,128,4,4,4,True,18.532697003314972,5.322985530807847,True,False
25,PPO_303,6,128,4,4,4,True,25.904116082643785,11.234872701232112,True,False
25,PPO_303,12,128,4,4,2,False,11.845888147619426,38.416020780761464,False,False
25,PPO_303,24,128,2,1,3,False,6.516297136118286,28.890334429777795,False,False
25,Static,1,128,1,0,1,False,0.007702879711814825,0.021941361148171093,False,False
25,Static,3,128,4,4,4,True,11.352815434099206,0.3464218302736402,True,False
25,Static,6,128,4,4,4,True,47.25546225975209,25.2161863592538,False,False
25,Static,12,128,4,4,4,True,68.0701329207461,27.638997371491545,True,False
25,Static,24,128,4,4,4,True,124.72747568649223,39.93107724415171,True,False
26,AlwaysDecrease20,1,128,4,4,4,True,0.06351176055892449,0.03294462081744535,False,False
26,AlwaysDecrease20,3,128,4,4,4,True,6.5308513944326005,2.425813618203232,True,False
26,AlwaysDecrease20,6,128,4,4,4,True,27.513117027165993,12.220293310767733,True,False
26,AlwaysDecrease20,12,128,4,1,4,False,30.005462809506195,35.79778469924004,False,False
26,AlwaysDecrease20,24,128,4,4,4,True,34.90115916108613,32.43466088155778,False,False
26,MyopicEconomic,1,128,4,4,4,True,0.06351176055892449,0.03294462081744535,False,False
26,MyopicEconomic,3,128,4,4,4,True,2.5183681077811233,0.22797905149209305,True,False
26,MyopicEconomic,6,128,4,4,4,True,2.2619967821375697,0.18390103059818133,True,False
26,MyopicEconomic,12,128,4,4,4,True,2.750313107516397,0.3472528523039065,True,False
26,MyopicEconomic,24,128,4,4,4,True,2.794959920373453,0.3500794641336712,True,False
26,PPO_101,1,128,4,4,4,True,0.06351176055892449,0.03294462081744535,False,False
26,PPO_101,3,128,4,4,4,True,6.5308513944326005,2.425813618203232,True,False
26,PPO_101,6,128,4,4,4,True,27.513117027165993,12.220293310767733,True,False
26,PPO_101,12,128,4,1,4,False,30.005462809506195,35.79778469924004,False,False
26,PPO_101,24,128,4,4,4,True,34.90115916108613,32.43466088155778,False,False
26,PPO_202,1,128,4,4,4,True,0.06351176055892449,0.03294462081744535,False,False
26,PPO_202,3,128,4,4,4,True,6.5308513944326005,2.425813618203232,True,False
26,PPO_202,6,128,4,4,4,True,27.513117027165993,12.220293310767733,True,False
26,PPO_202,12,128,4,1,4,False,30.005462809506195,35.79778469924004,False,False
26,PPO_202,24,128,4,4,4,True,34.90115916108613,32.43466088155778,False,False
26,PPO_303,1,128,4,4,4,True,0.06351176055892449,0.03294462081744535,False,False
26,PPO_303,3,128,4,4,4,True,6.5308513944326005,2.425813618203232,True,False
26,PPO_303,6,128,4,4,4,True,27.513117027165993,12.220293310767733,True,False
26,PPO_303,12,128,4,1,4,False,30.005462809506195,35.79778469924004,False,False
26,PPO_303,24,128,4,4,4,True,34.90115916108613,32.43466088155778,False,False
26,Static,1,128,4,4,4,True,0.06351176055892449,0.03294462081744535,False,False
26,Static,3,128,4,4,4,True,4.97966916653445,1.687683524444257,True,False
26,Static,6,128,4,4,4,True,22.662156338943397,9.34674682463682,True,False
26,Static,12,128,4,4,4,True,50.25853356103744,20.061950407751638,True,False
26,Static,24,128,4,4,4,True,53.58173277947698,20.442456382423703,True,False
27,AlwaysDecrease20,1,128,2,2,2,True,0.043525927804694955,0.0009877661909789932,True,False
27,AlwaysDecrease20,3,128,1,1,1,True,0.03037711025654169,0.03665331437484275,False,False
27,AlwaysDecrease20,6,128,2,2,2,True,0.4701915657351806,0.07732104830786138,True,False
27,AlwaysDecrease20,12,128,2,2,2,True,12.839770833099397,7.546954610685079,False,False
27,AlwaysDecrease20,24,128,2,2,2,True,14.902240164757526,11.070527308847451,False,False
27,MyopicEconomic,1,128,2,2,2,True,0.043525927804694955,0.0009877661909789932,True,False
27,MyopicEconomic,3,128,0,0,2,False,0.016569288854750813,0.01799514383905059,False,False
27,MyopicEconomic,6,128,0,0,0,True,0.2075814284157657,0.034726557222151094,True,False
27,MyopicEconomic,12,128,2,2,2,True,0.447410746349905,0.06394493496176572,True,False
27,MyopicEconomic,24,128,2,2,2,True,0.44674950178166234,0.06630069328049346,True,False
27,PPO_101,1,128,2,2,2,True,0.043525927804694955,0.0009877661909789932,True,False
27,PPO_101,3,128,1,1,1,True,0.03037711025654169,0.03665331437484275,False,False
27,PPO_101,6,128,2,2,2,True,0.4701915657351806,0.07732104830786138,True,False
27,PPO_101,12,128,2,2,2,True,12.839770833099397,7.546954610685079,False,False
27,PPO_101,24,128,2,2,2,True,14.902240164757526,11.070527308847451,False,False
27,PPO_202,1,128,2,2,2,True,0.043525927804694955,0.0009877661909789932,True,False
27,PPO_202,3,128,1,1,1,True,0.03037711025654169,0.03665331437484275,False,False
27,PPO_202,6,128,2,2,2,True,0.4701915657351806,0.07732104830786138,True,False
27,PPO_202,12,128,2,2,2,True,12.839770833099397,7.546954610685079,False,False
27,PPO_202,24,128,2,2,2,True,14.902240164757526,11.070527308847451,False,False
27,PPO_303,1,128,2,2,2,True,0.043525927804694955,0.0009877661909789932,True,False
27,PPO_303,3,128,1,1,1,True,0.03037711025654169,0.03665331437484275,False,False
27,PPO_303,6,128,2,2,2,True,0.4701915657351806,0.07732104830786138,True,False
27,PPO_303,12,128,2,2,2,True,12.839770833099397,7.546954610685079,False,False
27,PPO_303,24,128,2,2,2,True,14.902240164757526,11.070527308847451,False,False
27,Static,1,128,2,2,2,True,0.043525927804694955,0.0009877661909789932,True,False
27,Static,3,128,0,0,0,True,0.034658880639036105,0.040261346370279255,False,False
27,Static,6,128,0,0,0,True,0.818051294070534,0.070356528979329,True,False
27,Static,12,128,0,0,0,True,0.4384686606866296,0.10639187458788876,True,False
27,Static,24,128,1,1,1,True,0.3624347472124599,0.24958830026741113,False,False
28,AlwaysDecrease20,1,128,0,0,0,True,1.9483740337130977,0.4578978997508339,True,False
28,AlwaysDecrease20,3,128,0,0,2,False,3.5570105569218144,22.240781042739417,False,False
28,AlwaysDecrease20,6,128,0,0,0,True,90.77882334261844,45.531090941265425,True,False
28,AlwaysDecrease20,12,128,0,0,0,True,181.1888227648373,15.538914249678736,True,False
28,AlwaysDecrease20,24,128,0,0,0,True,225.6106919077841,17.951124510367293,True,False
28,MyopicEconomic,1,128,0,0,0,True,1.9483740337130977,0.4578978997508339,True,False
28,MyopicEconomic,3,128,4,4,4,True,16.724059225001817,2.855747274054651,True,False
28,MyopicEconomic,6,128,4,4,4,True,27.49444518136639,17.390316210377147,False,False
28,MyopicEconomic,12,128,0,0,0,True,183.2499272262454,60.48888786393483,True,False
28,MyopicEconomic,24,128,0,0,0,True,395.0228655503988,100.60700510889747,True,False
28,PPO_101,1,128,0,0,0,True,1.9483740337130977,0.4578978997508339,True,False
28,PPO_101,3,128,0,0,2,False,3.5570105569218144,22.240781042739417,False,False
28,PPO_101,6,128,0,0,0,True,90.77882334261844,45.531090941265425,True,False
28,PPO_101,12,128,0,0,0,True,181.1888227648373,15.538914249678736,True,False
28,PPO_101,24,128,0,0,0,True,225.6106919077841,17.951124510367293,True,False
28,PPO_202,1,128,0,0,0,True,1.9483740337130977,0.4578978997508339,True,False
28,PPO_202,3,128,0,0,2,False,3.5570105569218144,22.240781042739417,False,False
28,PPO_202,6,128,0,0,0,True,90.77882334261844,45.531090941265425,True,False
28,PPO_202,12,128,0,0,0,True,181.1888227648373,15.538914249678736,True,False
28,PPO_202,24,128,0,0,0,True,225.6106919077841,17.951124510367293,True,False
28,PPO_303,1,128,0,0,0,True,1.9483740337130977,0.4578978997508339,True,False
28,PPO_303,3,128,0,0,2,False,3.5570105569218144,22.240781042739417,False,False
28,PPO_303,6,128,0,0,0,True,90.77882334261844,45.531090941265425,True,False
28,PPO_303,12,128,0,0,0,True,181.1888227648373,15.538914249678736,True,False
28,PPO_303,24,128,0,0,0,True,225.6106919077841,17.951124510367293,True,False
28,Static,1,128,0,0,0,True,1.9483740337130977,0.4578978997508339,True,False
28,Static,3,128,4,4,0,False,1.517085973255245,36.63106680203572,False,False
28,Static,6,128,4,4,0,False,9.439890459380578,77.4507862027362,False,False
28,Static,12,128,0,4,0,False,126.92482575460585,117.91532819257891,False,False
28,Static,24,128,0,0,0,True,534.6339644117829,52.076775434578714,True,False
29,AlwaysDecrease20,1,128,0,0,0,True,0.6754184649624689,0.07402718704133356,True,False
29,AlwaysDecrease20,3,128,4,0,2,False,0.4243500297254805,1.774206316317321,False,False
29,AlwaysDecrease20,6,128,0,0,0,True,34.3792853785356,6.768386470227446,True,False
29,AlwaysDecrease20,12,128,0,0,0,True,74.22396231752039,10.707321242710302,True,False
29,AlwaysDecrease20,24,128,0,0,0,True,73.24566165571139,8.052198275844164,True,False
29,MyopicEconomic,1,128,0,0,0,True,0.6754184649624689,0.07402718704133356,True,False
29,MyopicEconomic,3,128,4,4,4,True,1.0931000608542807,0.28651464581568475,True,False
29,MyopicEconomic,6,128,4,4,3,False,4.857338619425742,4.448074184297524,False,False
29,MyopicEconomic,12,128,4,4,4,True,14.366457163493802,9.856729434471227,False,False
29,MyopicEconomic,24,128,4,4,2,False,5.223273965862976,27.943902798854783,False,False
29,PPO_101,1,128,0,0,0,True,0.6754184649624689,0.07402718704133356,True,False
29,PPO_101,3,128,4,0,2,False,0.4243500297254805,1.774206316317321,False,False
29,PPO_101,6,128,0,0,0,True,34.3792853785356,6.768386470227446,True,False
29,PPO_101,12,128,0,0,0,True,74.22396231752039,10.707321242710302,True,False
29,PPO_101,24,128,0,0,0,True,73.24566165571139,8.052198275844164,True,False
29,PPO_202,1,128,0,0,0,True,0.6754184649624689,0.07402718704133356,True,False
29,PPO_202,3,128,4,0,2,False,0.4243500297254805,1.774206316317321,False,False
29,PPO_202,6,128,0,0,0,True,34.3792853785356,6.768386470227446,True,False
29,PPO_202,12,128,0,0,0,True,74.22396231752039,10.707321242710302,True,False
29,PPO_202,24,128,0,0,0,True,73.24566165571139,8.052198275844164,True,False
29,PPO_303,1,128,0,0,0,True,0.6754184649624689,0.07402718704133356,True,False
29,PPO_303,3,128,4,0,2,False,0.4243500297254805,1.774206316317321,False,False
29,PPO_303,6,128,0,0,0,True,34.3792853785356,6.768386470227446,True,False
29,PPO_303,12,128,0,0,0,True,74.22396231752039,10.707321242710302,True,False
29,PPO_303,24,128,0,0,0,True,73.24566165571139,8.052198275844164,True,False
29,Static,1,128,0,0,0,True,0.6754184649624689,0.07402718704133356,True,False
29,Static,3,128,4,4,4,True,1.2949243108847153,0.14796682184317034,True,False
29,Static,6,128,4,4,0,False,8.024773772534699,3.4345366122321686,True,False
29,Static,12,128,0,0,0,True,76.93524505865113,13.392639787383704,True,False
29,Static,24,128,0,0,0,True,258.9975259079072,28.870364863824282,True,False
30,AlwaysDecrease20,1,128,4,4,4,True,0.05512321691223641,0.008410255722819827,True,False
30,AlwaysDecrease20,3,128,4,4,4,True,0.19262325608973643,0.024303877482104237,True,False
30,AlwaysDecrease20,6,128,3,4,3,False,0.11387423558586662,0.2545857913392951,False,False
30,AlwaysDecrease20,12,128,3,4,3,False,0.13250137982815283,0.2752695465828365,False,False
30,AlwaysDecrease20,24,128,3,4,3,False,0.13250137982815283,0.2752695465828365,False,False
30,MyopicEconomic,1,128,4,4,4,True,0.05512321691223641,0.008410255722819827,True,False
30,MyopicEconomic,3,128,4,4,4,True,0.3533345344765233,0.038009127325802236,True,False
30,MyopicEconomic,6,128,4,4,4,True,0.5833538489671273,0.091937581972301,True,False
30,MyopicEconomic,12,128,4,4,4,True,0.5181035295925045,0.09975106523801303,True,False
30,MyopicEconomic,24,128,4,4,4,True,0.5181035295925045,0.09975106523801303,True,False
30,PPO_101,1,128,4,4,4,True,0.05512321691223641,0.008410255722819827,True,False
30,PPO_101,3,128,4,4,4,True,0.19262325608973643,0.024303877482104237,True,False
30,PPO_101,6,128,3,4,3,False,0.11387423558586662,0.2545857913392951,False,False
30,PPO_101,12,128,3,4,3,False,0.13250137982815283,0.2752695465828365,False,False
30,PPO_101,24,128,3,4,3,False,0.13250137982815283,0.2752695465828365,False,False
30,PPO_202,1,128,4,4,4,True,0.05512321691223641,0.008410255722819827,True,False
30,PPO_202,3,128,4,4,4,True,0.19262325608973643,0.024303877482104237,True,False
30,PPO_202,6,128,3,4,3,False,0.11387423558586662,0.2545857913392951,False,False
30,PPO_202,12,128,3,4,3,False,0.13250137982815283,0.2752695465828365,False,False
30,PPO_202,24,128,3,4,3,False,0.13250137982815283,0.2752695465828365,False,False
30,PPO_303,1,128,4,4,4,True,0.05512321691223641,0.008410255722819827,True,False
30,PPO_303,3,128,4,4,4,True,0.19262325608973643,0.024303877482104237,True,False
30,PPO_303,6,128,3,4,3,False,0.11387423558586662,0.2545857913392951,False,False
30,PPO_303,12,128,3,4,3,False,0.13250137982815283,0.2752695465828365,False,False
30,PPO_303,24,128,3,4,3,False,0.13250137982815283,0.2752695465828365,False,False
30,Static,1,128,4,4,4,True,0.05512321691223641,0.008410255722819827,True,False
30,Static,3,128,4,4,4,True,0.6304644248177576,0.04640845878125597,True,False
30,Static,6,128,4,4,4,True,1.3361284948266836,0.30862736465195406,True,False
30,Static,12,128,4,4,4,True,1.6758049331659528,0.3181256457131943,True,False
30,Static,24,128,4,4,4,True,1.6758049331659528,0.3181256457131943,True,False
31,AlwaysDecrease20,1,128,4,4,4,True,0.035037099785833026,0.0007604096075742257,True,False
31,AlwaysDecrease20,3,128,4,4,4,True,0.1450202644388554,0.014915182481142089,True,False
31,AlwaysDecrease20,6,128,4,4,4,True,0.3115526885946233,0.051993378934655096,True,False
31,AlwaysDecrease20,12,128,4,4,4,True,0.3115526885946233,0.051993378934655096,True,False
31,AlwaysDecrease20,24,128,4,4,4,True,0.3115526885946233,0.051993378934655096,True,False
31,MyopicEconomic,1,128,4,4,4,True,0.035037099785833026,0.0007604096075742257,True,False
31,MyopicEconomic,3,128,4,4,4,True,0.12277176664835826,0.007641595739004761,True,False
31,MyopicEconomic,6,128,4,4,4,True,0.07548402635014567,0.009551135093609752,True,False
31,MyopicEconomic,12,128,4,4,4,True,0.07548402635014567,0.009551135093609752,True,False
31,MyopicEconomic,24,128,4,4,4,True,0.07548402635014567,0.009551135093609752,True,False
31,PPO_101,1,128,4,4,4,True,0.035037099785833026,0.0007604096075742257,True,False
31,PPO_101,3,128,4,4,4,True,0.1450202644388554,0.014915182481142089,True,False
31,PPO_101,6,128,4,4,4,True,0.3115526885946233,0.051993378934655096,True,False
31,PPO_101,12,128,4,4,4,True,0.3115526885946233,0.051993378934655096,True,False
31,PPO_101,24,128,4,4,4,True,0.3115526885946233,0.051993378934655096,True,False
31,PPO_202,1,128,4,4,4,True,0.035037099785833026,0.0007604096075742257,True,False
31,PPO_202,3,128,4,4,4,True,0.1450202644388554,0.014915182481142089,True,False
31,PPO_202,6,128,4,4,4,True,0.3115526885946233,0.051993378934655096,True,False
31,PPO_202,12,128,4,4,4,True,0.3115526885946233,0.051993378934655096,True,False
31,PPO_202,24,128,4,4,4,True,0.3115526885946233,0.051993378934655096,True,False
31,PPO_303,1,128,4,4,4,True,0.035037099785833026,0.0007604096075742257,True,False
31,PPO_303,3,128,4,4,4,True,0.1450202644388554,0.014915182481142089,True,False
31,PPO_303,6,128,4,4,4,True,0.3115526885946233,0.051993378934655096,True,False
31,PPO_303,12,128,4,4,4,True,0.3115526885946233,0.051993378934655096,True,False
31,PPO_303,24,128,4,4,4,True,0.3115526885946233,0.051993378934655096,True,False
31,Static,1,128,4,4,4,True,0.035037099785833026,0.0007604096075742257,True,False
31,Static,3,128,4,4,4,True,0.1323123482432209,0.010576697896956441,True,False
31,Static,6,128,4,4,4,True,0.17256788964353964,0.01980771414864791,True,False
31,Static,12,128,4,4,4,True,0.17256788964353964,0.01980771414864791,True,False
31,Static,24,128,4,4,4,True,0.17256788964353964,0.01980771414864791,True,False
32,AlwaysDecrease20,1,128,2,1,2,False,0.8841706638888862,0.7339657883738558,False,False
32,AlwaysDecrease20,3,128,2,4,2,False,6.383149918000621,15.783735334228663,False,False
32,AlwaysDecrease20,6,128,0,0,0,True,123.61394694608,62.36269203435089,True,False
32,AlwaysDecrease20,12,128,0,0,0,True,290.5037249199097,34.99406797942364,True,False
32,AlwaysDecrease20,24,128,0,0,0,True,290.5037249199097,34.99406797942364,True,False
32,MyopicEconomic,1,128,2,1,2,False,0.8841706638888862,0.7339657883738558,False,False
32,MyopicEconomic,3,128,4,4,4,True,5.604830663391201,4.398765310536243,False,False
32,MyopicEconomic,6,128,4,4,0,False,35.721170208084,35.04674107539901,False,False
32,MyopicEconomic,12,128,0,0,0,True,193.49490013593115,76.76827838539151,True,False
32,MyopicEconomic,24,128,0,0,0,True,256.32437810775644,117.2156792774377,True,False
32,PPO_101,1,128,2,1,2,False,0.8841706638888862,0.7339657883738558,False,False
32,PPO_101,3,128,2,4,2,False,6.383149918000621,15.783735334228663,False,False
32,PPO_101,6,128,0,0,0,True,123.61394694608,62.36269203435089,True,False
32,PPO_101,12,128,0,0,0,True,290.5037249199097,34.99406797942364,True,False
32,PPO_101,24,128,0,0,0,True,290.5037249199097,34.99406797942364,True,False
32,PPO_202,1,128,2,1,2,False,0.8841706638888862,0.7339657883738558,False,False
32,PPO_202,3,128,2,4,2,False,6.383149918000621,15.783735334228663,False,False
32,PPO_202,6,128,0,0,0,True,123.61394694608,62.36269203435089,True,False
32,PPO_202,12,128,0,0,0,True,290.5037249199097,34.99406797942364,True,False
32,PPO_202,24,128,0,0,0,True,290.5037249199097,34.99406797942364,True,False
32,PPO_303,1,128,2,1,2,False,0.8841706638888862,0.7339657883738558,False,False
32,PPO_303,3,128,2,4,2,False,6.383149918000621,15.783735334228663,False,False
32,PPO_303,6,128,0,0,0,True,123.61394694608,62.36269203435089,True,False
32,PPO_303,12,128,0,0,0,True,290.5037249199097,34.99406797942364,True,False
32,PPO_303,24,128,0,0,0,True,290.5037249199097,34.99406797942364,True,False
32,Static,1,128,2,1,2,False,0.8841706638888862,0.7339657883738558,False,False
32,Static,3,128,4,4,4,True,6.255848580984852,4.402843112986868,False,False
32,Static,6,128,4,4,4,True,37.72291010840992,35.026806950928744,False,False
32,Static,12,128,0,0,0,True,262.57978057431956,82.0805655390634,True,False
32,Static,24,128,0,0,0,True,266.7817712330748,82.05228498499343,True,False
33,AlwaysDecrease20,1,128,1,1,0,False,0.21871906753594061,0.011634494177130061,True,False
33,AlwaysDecrease20,3,128,2,2,1,False,0.010550396570682796,0.27646937293562673,False,False
33,AlwaysDecrease20,6,128,2,2,1,False,0.010550396570682796,0.27646937293562673,False,False
33,AlwaysDecrease20,12,128,2,2,1,False,0.010550396570682796,0.27646937293562673,False,False
33,AlwaysDecrease20,24,128,2,2,1,False,0.010550396570682796,0.27646937293562673,False,False
33,MyopicEconomic,1,128,1,1,0,False,0.21871906753594061,0.011634494177130061,True,False
33,MyopicEconomic,3,128,2,2,2,True,0.08043249210911063,0.046984812993793035,False,False
33,MyopicEconomic,6,128,2,2,2,True,0.08043249210911063,0.046984812993793035,False,False
33,MyopicEconomic,12,128,2,2,2,True,0.08043249210911063,0.046984812993793035,False,False
33,MyopicEconomic,24,128,2,2,2,True,0.08043249210911063,0.046984812993793035,False,False
33,PPO_101,1,128,1,1,0,False,0.21871906753594061,0.011634494177130061,True,False
33,PPO_101,3,128,2,2,1,False,0.010550396570682796,0.27646937293562673,False,False
33,PPO_101,6,128,2,2,1,False,0.010550396570682796,0.27646937293562673,False,False
33,PPO_101,12,128,2,2,1,False,0.010550396570682796,0.27646937293562673,False,False
33,PPO_101,24,128,2,2,1,False,0.010550396570682796,0.27646937293562673,False,False
33,PPO_202,1,128,1,1,0,False,0.21871906753594061,0.011634494177130061,True,False
33,PPO_202,3,128,2,2,1,False,0.010550396570682796,0.27646937293562673,False,False
33,PPO_202,6,128,2,2,1,False,0.010550396570682796,0.27646937293562673,False,False
33,PPO_202,12,128,2,2,1,False,0.010550396570682796,0.27646937293562673,False,False
33,PPO_202,24,128,2,2,1,False,0.010550396570682796,0.27646937293562673,False,False
33,PPO_303,1,128,1,1,0,False,0.21871906753594061,0.011634494177130061,True,False
33,PPO_303,3,128,2,2,1,False,0.010550396570682796,0.27646937293562673,False,False
33,PPO_303,6,128,2,2,1,False,0.010550396570682796,0.27646937293562673,False,False
33,PPO_303,12,128,2,2,1,False,0.010550396570682796,0.27646937293562673,False,False
33,PPO_303,24,128,2,2,1,False,0.010550396570682796,0.27646937293562673,False,False
33,Static,1,128,1,1,0,False,0.21871906753594061,0.011634494177130061,True,False
33,Static,3,128,1,1,1,True,0.31272551598129605,0.08670676156166196,True,False
33,Static,6,128,1,1,1,True,0.31272551598129605,0.08670676156166196,True,False
33,Static,12,128,1,1,1,True,0.31272551598129605,0.08670676156166196,True,False
33,Static,24,128,1,1,1,True,0.31272551598129605,0.08670676156166196,True,False
34,AlwaysDecrease20,1,128,4,4,4,True,0.002678024315509564,0.0011359317980790967,True,False
34,AlwaysDecrease20,3,128,4,4,4,True,0.9274213301868999,0.07596335533859842,True,False
34,AlwaysDecrease20,6,128,4,4,4,True,8.815214388620438,6.953220316268408,False,False
34,AlwaysDecrease20,12,128,4,4,4,True,8.815214388620438,6.953220316268408,False,False
34,AlwaysDecrease20,24,128,4,4,4,True,8.815214388620438,6.953220316268408,False,False
34,MyopicEconomic,1,128,4,4,4,True,0.002678024315509564,0.0011359317980790967,True,False
34,MyopicEconomic,3,128,4,4,4,True,0.3958634107113098,0.05493988493905246,True,False
34,MyopicEconomic,6,128,4,4,4,True,0.3798301947803364,0.0700113456005877,True,False
34,MyopicEconomic,12,128,4,4,4,True,0.3798301947803364,0.0700113456005877,True,False
34,MyopicEconomic,24,128,4,4,4,True,0.3798301947803364,0.0700113456005877,True,False
34,PPO_101,1,128,4,4,4,True,0.002678024315509564,0.0011359317980790967,True,False
34,PPO_101,3,128,4,4,4,True,0.9274213301868999,0.07596335533859842,True,False
34,PPO_101,6,128,4,4,4,True,8.815214388620438,6.953220316268408,False,False
34,PPO_101,12,128,4,4,4,True,8.815214388620438,6.953220316268408,False,False
34,PPO_101,24,128,4,4,4,True,8.815214388620438,6.953220316268408,False,False
34,PPO_202,1,128,4,4,4,True,0.002678024315509564,0.0011359317980790967,True,False
34,PPO_202,3,128,4,4,4,True,0.9274213301868999,0.07596335533859842,True,False
34,PPO_202,6,128,4,4,4,True,8.815214388620438,6.953220316268408,False,False
34,PPO_202,12,128,4,4,4,True,8.815214388620438,6.953220316268408,False,False
34,PPO_202,24,128,4,4,4,True,8.815214388620438,6.953220316268408,False,False
34,PPO_303,1,128,4,4,4,True,0.002678024315509564,0.0011359317980790967,True,False
34,PPO_303,3,128,4,4,4,True,0.9274213301868999,0.07596335533859842,True,False
34,PPO_303,6,128,4,4,4,True,8.815214388620438,6.953220316268408,False,False
34,PPO_303,12,128,4,4,4,True,8.815214388620438,6.953220316268408,False,False
34,PPO_303,24,128,4,4,4,True,8.815214388620438,6.953220316268408,False,False
34,Static,1,128,4,4,4,True,0.002678024315509564,0.0011359317980790967,True,False
34,Static,3,128,4,4,4,True,0.618188107012818,0.061453252358592524,True,False
34,Static,6,128,4,4,4,True,1.1252984689871073,0.08272845952480673,True,False
34,Static,12,128,4,4,4,True,1.1252984689871073,0.08272845952480673,True,False
34,Static,24,128,4,4,4,True,1.1252984689871073,0.08272845952480673,True,False
35,AlwaysDecrease20,1,128,0,1,0,False,0.036926219362973134,0.13073339863393416,False,False
35,AlwaysDecrease20,3,128,4,4,4,True,2.0560172725006,0.06020400382891914,True,False
35,AlwaysDecrease20,6,128,4,4,4,True,6.613131871399118,1.0909426446910635,True,False
35,AlwaysDecrease20,12,128,4,4,4,True,5.353217539040864,1.9724533796693995,True,False
35,AlwaysDecrease20,24,128,4,4,4,True,4.7131060192464815,2.017247122336954,True,False
35,MyopicEconomic,1,128,0,1,0,False,0.036926219362973134,0.13073339863393416,False,False
35,MyopicEconomic,3,128,4,4,4,True,1.3325890128968907,0.04036951648182607,True,False
35,MyopicEconomic,6,128,4,4,4,True,0.877287503677622,0.08293181434938547,True,False
35,MyopicEconomic,12,128,4,4,4,True,0.883469703664491,0.09792231573316362,True,False
35,MyopicEconomic,24,128,4,4,4,True,0.8609789700617174,0.11153035006082117,True,False
35,PPO_101,1,128,0,1,0,False,0.036926219362973134,0.13073339863393416,False,False
35,PPO_101,3,128,4,4,4,True,2.0560172725006,0.06020400382891914,True,False
35,PPO_101,6,128,4,4,4,True,6.613131871399118,1.0909426446910635,True,False
35,PPO_101,12,128,4,4,4,True,5.353217539040864,1.9724533796693995,True,False
35,PPO_101,24,128,4,4,4,True,4.7131060192464815,2.017247122336954,True,False
35,PPO_202,1,128,0,1,0,False,0.036926219362973134,0.13073339863393416,False,False
35,PPO_202,3,128,4,4,4,True,2.0560172725006,0.06020400382891914,True,False
35,PPO_202,6,128,4,4,4,True,6.613131871399118,1.0909426446910635,True,False
35,PPO_202,12,128,4,4,4,True,5.353217539040864,1.9724533796693995,True,False
35,PPO_202,24,128,4,4,4,True,4.7131060192464815,2.017247122336954,True,False
35,PPO_303,1,128,0,1,0,False,0.036926219362973134,0.13073339863393416,False,False
35,PPO_303,3,128,4,4,4,True,2.0560172725006,0.06020400382891914,True,False
35,PPO_303,6,128,4,4,4,True,6.613131871399118,1.0909426446910635,True,False
35,PPO_303,12,128,4,4,4,True,5.353217539040864,1.9724533796693995,True,False
35,PPO_303,24,128,4,4,4,True,4.7131060192464815,2.017247122336954,True,False
35,Static,1,128,0,1,0,False,0.036926219362973134,0.13073339863393416,False,False
35,Static,3,128,4,4,4,True,1.6972345475296327,0.04558544982245584,True,False
35,Static,6,128,4,4,4,True,2.9658472377273135,0.12989543966010347,True,False
35,Static,12,128,4,4,4,True,4.434552269582611,0.8829039442420876,True,False
35,Static,24,128,4,4,4,True,8.213473107944477,2.491776918532671,True,False
36,AlwaysDecrease20,1,128,2,2,2,True,55.16368052297746,43.57779017864826,False,False
36,AlwaysDecrease20,3,128,0,0,0,True,64.80965092265686,18.428359055246474,True,False
36,AlwaysDecrease20,6,128,0,0,0,True,64.80965092265686,18.428359055246474,True,False
36,AlwaysDecrease20,12,128,0,0,0,True,64.80965092265686,18.428359055246474,True,False
36,AlwaysDecrease20,24,128,0,0,0,True,64.80965092265686,18.428359055246474,True,False
36,MyopicEconomic,1,128,2,2,2,True,55.16368052297746,43.57779017864826,False,False
36,MyopicEconomic,3,128,0,2,0,False,6.711414851211032,44.81290766040288,False,False
36,MyopicEconomic,6,128,0,0,0,True,52.42890638521646,19.14071270063398,True,False
36,MyopicEconomic,12,128,0,0,0,True,52.42890638521646,19.14071270063398,True,False
36,MyopicEconomic,24,128,0,0,0,True,52.42890638521646,19.14071270063398,True,False
36,PPO_101,1,128,2,2,2,True,55.16368052297746,43.57779017864826,False,False
36,PPO_101,3,128,0,0,0,True,64.80965092265686,18.428359055246474,True,False
36,PPO_101,6,128,0,0,0,True,64.80965092265686,18.428359055246474,True,False
36,PPO_101,12,128,0,0,0,True,64.80965092265686,18.428359055246474,True,False
36,PPO_101,24,128,0,0,0,True,64.80965092265686,18.428359055246474,True,False
36,PPO_202,1,128,2,2,2,True,55.16368052297746,43.57779017864826,False,False
36,PPO_202,3,128,0,0,0,True,64.80965092265686,18.428359055246474,True,False
36,PPO_202,6,128,0,0,0,True,64.80965092265686,18.428359055246474,True,False
36,PPO_202,12,128,0,0,0,True,64.80965092265686,18.428359055246474,True,False
36,PPO_202,24,128,0,0,0,True,64.80965092265686,18.428359055246474,True,False
36,PPO_303,1,128,2,2,2,True,55.16368052297746,43.57779017864826,False,False
36,PPO_303,3,128,0,0,0,True,64.80965092265686,18.428359055246474,True,False
36,PPO_303,6,128,0,0,0,True,64.80965092265686,18.428359055246474,True,False
36,PPO_303,12,128,0,0,0,True,64.80965092265686,18.428359055246474,True,False
36,PPO_303,24,128,0,0,0,True,64.80965092265686,18.428359055246474,True,False
36,Static,1,128,2,2,2,True,55.16368052297746,43.57779017864826,False,False
36,Static,3,128,0,2,0,False,6.711414851211032,44.81290766040288,False,False
36,Static,6,128,0,0,0,True,52.42890638521646,19.14071270063398,True,False
36,Static,12,128,0,0,0,True,52.42890638521646,19.14071270063398,True,False
36,Static,24,128,0,0,0,True,52.42890638521646,19.14071270063398,True,False
37,AlwaysDecrease20,1,128,0,0,0,True,0.6222638765368873,0.1355329640056007,True,False
37,AlwaysDecrease20,3,128,4,4,4,True,6.296083705415786,2.7938189369984254,True,False
37,AlwaysDecrease20,6,128,0,0,0,True,64.16702566898545,49.20362095100681,False,False
37,AlwaysDecrease20,12,128,0,0,0,True,186.93445288785554,18.948206753845525,True,False
37,AlwaysDecrease20,24,128,0,0,0,True,190.76035380191968,18.38269678515174,True,False
37,MyopicEconomic,1,128,0,0,0,True,0.6222638765368873,0.1355329640056007,True,False
37,MyopicEconomic,3,128,3,3,3,True,0.22871697492429255,0.30706788258850265,False,False
37,MyopicEconomic,6,128,1,1,0,False,6.644893792065165,27.55176993073176,False,False
37,MyopicEconomic,12,128,0,0,4,False,19.166672857774515,64.0434243399034,False,False
37,MyopicEconomic,24,128,0,0,4,False,31.42557813955101,85.39969394500412,False,False
37,PPO_101,1,128,0,0,0,True,0.6222638765368873,0.1355329640056007,True,False
37,PPO_101,3,128,4,4,4,True,6.296083705415786,2.7938189369984254,True,False
37,PPO_101,6,128,0,0,0,True,64.16702566898545,49.20362095100681,False,False
37,PPO_101,12,128,0,0,0,True,186.93445288785554,18.948206753845525,True,False
37,PPO_101,24,128,0,0,0,True,190.76035380191968,18.38269678515174,True,False
37,PPO_202,1,128,0,0,0,True,0.6222638765368873,0.1355329640056007,True,False
37,PPO_202,3,128,4,4,4,True,6.296083705415786,2.7938189369984254,True,False
37,PPO_202,6,128,0,0,0,True,64.16702566898545,49.20362095100681,False,False
37,PPO_202,12,128,0,0,0,True,186.93445288785554,18.948206753845525,True,False
37,PPO_202,24,128,0,0,0,True,190.76035380191968,18.38269678515174,True,False
37,PPO_303,1,128,0,0,0,True,0.6222638765368873,0.1355329640056007,True,False
37,PPO_303,3,128,4,4,4,True,6.296083705415786,2.7938189369984254,True,False
37,PPO_303,6,128,0,0,0,True,64.16702566898545,49.20362095100681,False,False
37,PPO_303,12,128,0,0,0,True,186.93445288785554,18.948206753845525,True,False
37,PPO_303,24,128,0,0,0,True,190.76035380191968,18.38269678515174,True,False
37,Static,1,128,0,0,0,True,0.6222638765368873,0.1355329640056007,True,False
37,Static,3,128,4,4,4,True,1.078333117346627,0.31591069591971005,True,False
37,Static,6,128,4,4,4,True,6.337326798766346,2.4517601279424213,True,False
37,Static,12,128,4,4,4,True,29.562010428878907,11.82940578837604,True,False
37,Static,24,128,4,0,4,False,20.74739010718718,78.77396304505949,False,False
38,AlwaysDecrease20,1,128,0,0,0,True,0.2822163883741563,0.05000622908739846,True,False
38,AlwaysDecrease20,3,128,0,0,0,True,0.8224222063607236,0.07084109052913694,True,False
38,AlwaysDecrease20,6,128,2,2,2,True,0.07486831128155791,0.11079645385754085,False,False
38,AlwaysDecrease20,12,128,3,2,3,False,0.09037273151387348,0.24716014863136576,False,False
38,AlwaysDecrease20,24,128,3,2,3,False,0.09037273151387348,0.24716014863136576,False,False
38,MyopicEconomic,1,128,0,0,0,True,0.2822163883741563,0.05000622908739846,True,False
38,MyopicEconomic,3,128,0,0,0,True,1.6821704325572906,0.10947995946749832,True,False
38,MyopicEconomic,6,128,0,0,0,True,3.4479597713918215,0.20227353500542977,True,False
38,MyopicEconomic,12,128,0,0,0,True,3.516794848115797,0.19919455195669952,True,False
38,MyopicEconomic,24,128,0,0,0,True,3.516794848115797,0.19919455195669952,True,False
38,PPO_101,1,128,0,0,0,True,0.2822163883741563,0.05000622908739846,True,False
38,PPO_101,3,128,0,0,0,True,0.8224222063607236,0.07084109052913694,True,False
38,PPO_101,6,128,2,2,2,True,0.07486831128155791,0.11079645385754085,False,False
38,PPO_101,12,128,3,2,3,False,0.09037273151387348,0.24716014863136576,False,False
38,PPO_101,24,128,3,2,3,False,0.09037273151387348,0.24716014863136576,False,False
38,PPO_202,1,128,0,0,0,True,0.2822163883741563,0.05000622908739846,True,False
38,PPO_202,3,128,0,0,0,True,0.8224222063607236,0.07084109052913694,True,False
38,PPO_202,6,128,2,2,2,True,0.07486831128155791,0.11079645385754085,False,False
38,PPO_202,12,128,3,2,3,False,0.09037273151387348,0.24716014863136576,False,False
38,PPO_202,24,128,3,2,3,False,0.09037273151387348,0.24716014863136576,False,False
38,PPO_303,1,128,0,0,0,True,0.2822163883741563,0.05000622908739846,True,False
38,PPO_303,3,128,0,0,0,True,0.8224222063607236,0.07084109052913694,True,False
38,PPO_303,6,128,2,2,2,True,0.07486831128155791,0.11079645385754085,False,False
38,PPO_303,12,128,3,2,3,False,0.09037273151387348,0.24716014863136576,False,False
38,PPO_303,24,128,3,2,3,False,0.09037273151387348,0.24716014863136576,False,False
38,Static,1,128,0,0,0,True,0.2822163883741563,0.05000622908739846,True,False
38,Static,3,128,0,0,0,True,1.655536706239003,0.07267148723581367,True,False
38,Static,6,128,0,0,0,True,2.645016537898375,0.13921386603205685,True,False
38,Static,12,128,0,0,0,True,2.849147195322529,0.15251333451179472,True,False
38,Static,24,128,0,0,0,True,2.849147195322529,0.15251333451179472,True,False
39,AlwaysDecrease20,1,128,2,2,1,False,0.27137982793673765,0.8741564324100057,False,False
39,AlwaysDecrease20,3,128,2,2,2,True,16.445563657456624,11.099427979318108,False,False
39,AlwaysDecrease20,6,128,0,0,0,True,160.1003549324547,54.577387057048625,True,False
39,AlwaysDecrease20,12,128,0,0,0,True,337.93215948909517,42.35247665934065,True,False
39,AlwaysDecrease20,24,128,0,0,0,True,337.93215948909517,42.35247665934065,True,False
39,MyopicEconomic,1,128,2,2,1,False,0.27137982793673765,0.8741564324100057,False,False
39,MyopicEconomic,3,128,2,2,2,True,18.793987368261917,8.310584748820574,True,False
39,MyopicEconomic,6,128,2,2,0,False,43.88455347668864,65.44755768709338,False,False
39,MyopicEconomic,12,128,2,2,0,False,8.012432249526196,45.64842406864921,False,False
39,MyopicEconomic,24,128,2,2,0,False,8.155625111196034,45.64942047348833,False,False
39,PPO_101,1,128,2,2,1,False,0.27137982793673765,0.8741564324100057,False,False
39,PPO_101,3,128,2,2,2,True,16.445563657456624,11.099427979318108,False,False
39,PPO_101,6,128,0,0,0,True,160.1003549324547,54.577387057048625,True,False
39,PPO_101,12,128,0,0,0,True,337.93215948909517,42.35247665934065,True,False
39,PPO_101,24,128,0,0,0,True,337.93215948909517,42.35247665934065,True,False
39,PPO_202,1,128,2,2,1,False,0.27137982793673765,0.8741564324100057,False,False
39,PPO_202,3,128,2,2,2,True,16.445563657456624,11.099427979318108,False,False
39,PPO_202,6,128,0,0,0,True,160.1003549324547,54.577387057048625,True,False
39,PPO_202,12,128,0,0,0,True,337.93215948909517,42.35247665934065,True,False
39,PPO_202,24,128,0,0,0,True,337.93215948909517,42.35247665934065,True,False
39,PPO_303,1,128,2,2,1,False,0.27137982793673765,0.8741564324100057,False,False
39,PPO_303,3,128,2,2,2,True,16.445563657456624,11.099427979318108,False,False
39,PPO_303,6,128,0,0,0,True,160.1003549324547,54.577387057048625,True,False
39,PPO_303,12,128,0,0,0,True,337.93215948909517,42.35247665934065,True,False
39,PPO_303,24,128,0,0,0,True,337.93215948909517,42.35247665934065,True,False
39,Static,1,128,2,2,1,False,0.27137982793673765,0.8741564324100057,False,False
39,Static,3,128,2,2,2,True,27.661378526588543,8.396551806662075,True,False
39,Static,6,128,2,2,1,False,168.7423064062457,88.83601933625253,False,False
39,Static,12,128,0,0,0,True,248.76602737167815,65.87229956958542,True,False
39,Static,24,128,0,0,0,True,254.64268119221478,66.2598929723335,True,False
40,AlwaysDecrease20,1,128,0,0,0,True,0.00855294361187689,0.0028865059785964826,True,False
40,AlwaysDecrease20,3,128,4,4,4,True,0.05989974067977148,0.013469223325992171,True,False
40,AlwaysDecrease20,6,128,4,4,4,True,1.1048872584996792,1.0135507634144358,False,False
40,AlwaysDecrease20,12,128,4,4,4,True,1.1048872584996792,1.0135507634144358,False,False
40,AlwaysDecrease20,24,128,4,4,4,True,1.1048872584996792,1.0135507634144358,False,False
40,MyopicEconomic,1,128,0,0,0,True,0.00855294361187689,0.0028865059785964826,True,False
40,MyopicEconomic,3,128,3,3,3,True,0.009293201890950564,0.012582766113425244,False,False
40,MyopicEconomic,6,128,0,0,0,True,0.05151415870110404,0.01757608692568082,True,False
40,MyopicEconomic,12,128,0,0,0,True,0.05151415870110404,0.01757608692568082,True,False
40,MyopicEconomic,24,128,0,0,0,True,0.05151415870110404,0.01757608692568082,True,False
40,PPO_101,1,128,0,0,0,True,0.00855294361187689,0.0028865059785964826,True,False
40,PPO_101,3,128,4,4,4,True,0.05989974067977148,0.013469223325992171,True,False
40,PPO_101,6,128,4,4,4,True,1.1048872584996792,1.0135507634144358,False,False
40,PPO_101,12,128,4,4,4,True,1.1048872584996792,1.0135507634144358,False,False
40,PPO_101,24,128,4,4,4,True,1.1048872584996792,1.0135507634144358,False,False
40,PPO_202,1,128,0,0,0,True,0.00855294361187689,0.0028865059785964826,True,False
40,PPO_202,3,128,4,4,4,True,0.05989974067977148,0.013469223325992171,True,False
40,PPO_202,6,128,4,4,4,True,1.1048872584996792,1.0135507634144358,False,False
40,PPO_202,12,128,4,4,4,True,1.1048872584996792,1.0135507634144358,False,False
40,PPO_202,24,128,4,4,4,True,1.1048872584996792,1.0135507634144358,False,False
40,PPO_303,1,128,0,0,0,True,0.00855294361187689,0.0028865059785964826,True,False
40,PPO_303,3,128,4,4,4,True,0.05989974067977148,0.013469223325992171,True,False
40,PPO_303,6,128,4,4,4,True,1.1048872584996792,1.0135507634144358,False,False
40,PPO_303,12,128,4,4,4,True,1.1048872584996792,1.0135507634144358,False,False
40,PPO_303,24,128,4,4,4,True,1.1048872584996792,1.0135507634144358,False,False
40,Static,1,128,0,0,0,True,0.00855294361187689,0.0028865059785964826,True,False
40,Static,3,128,4,4,4,True,0.02439727900719875,0.011633039770275973,True,False
40,Static,6,128,4,4,3,False,0.0041520233778912785,0.013818986124381816,False,False
40,Static,12,128,4,4,3,False,0.0041520233778912785,0.013818986124381816,False,False
40,Static,24,128,4,4,3,False,0.0041520233778912785,0.013818986124381816,False,False
41,AlwaysDecrease20,1,128,4,4,2,False,0.1731335961028371,0.21476785356485192,False,False
41,AlwaysDecrease20,3,128,4,4,4,True,0.5627334467670961,0.218194022238223,True,False
41,AlwaysDecrease20,6,128,4,4,4,True,0.5627334467670961,0.218194022238223,True,False
41,AlwaysDecrease20,12,128,4,4,4,True,0.5627334467670961,0.218194022238223,True,False
41,AlwaysDecrease20,24,128,4,4,4,True,0.5627334467670961,0.218194022238223,True,False
41,MyopicEconomic,1,128,4,4,2,False,0.1731335961028371,0.21476785356485192,False,False
41,MyopicEconomic,3,128,4,4,4,True,1.741884553031503,0.3820612651024986,True,False
41,MyopicEconomic,6,128,4,4,4,True,1.741884553031503,0.3820612651024986,True,False
41,MyopicEconomic,12,128,4,4,4,True,1.741884553031503,0.3820612651024986,True,False
41,MyopicEconomic,24,128,4,4,4,True,1.741884553031503,0.3820612651024986,True,False
41,PPO_101,1,128,4,4,2,False,0.1731335961028371,0.21476785356485192,False,False
41,PPO_101,3,128,4,4,4,True,0.5627334467670961,0.218194022238223,True,False
41,PPO_101,6,128,4,4,4,True,0.5627334467670961,0.218194022238223,True,False
41,PPO_101,12,128,4,4,4,True,0.5627334467670961,0.218194022238223,True,False
41,PPO_101,24,128,4,4,4,True,0.5627334467670961,0.218194022238223,True,False
41,PPO_202,1,128,4,4,2,False,0.1731335961028371,0.21476785356485192,False,False
41,PPO_202,3,128,4,4,4,True,0.5627334467670961,0.218194022238223,True,False
41,PPO_202,6,128,4,4,4,True,0.5627334467670961,0.218194022238223,True,False
41,PPO_202,12,128,4,4,4,True,0.5627334467670961,0.218194022238223,True,False
41,PPO_202,24,128,4,4,4,True,0.5627334467670961,0.218194022238223,True,False
41,PPO_303,1,128,4,4,2,False,0.1731335961028371,0.21476785356485192,False,False
41,PPO_303,3,128,4,4,4,True,0.5627334467670961,0.218194022238223,True,False
41,PPO_303,6,128,4,4,4,True,0.5627334467670961,0.218194022238223,True,False
41,PPO_303,12,128,4,4,4,True,0.5627334467670961,0.218194022238223,True,False
41,PPO_303,24,128,4,4,4,True,0.5627334467670961,0.218194022238223,True,False
41,Static,1,128,4,4,2,False,0.1731335961028371,0.21476785356485192,False,False
41,Static,3,128,4,4,4,True,1.6730806583602968,0.3117165213780955,True,False
41,Static,6,128,4,4,4,True,1.6730806583602968,0.3117165213780955,True,False
41,Static,12,128,4,4,4,True,1.6730806583602968,0.3117165213780955,True,False
41,Static,24,128,4,4,4,True,1.6730806583602968,0.3117165213780955,True,False
42,AlwaysDecrease20,1,128,2,2,1,False,21.33920595771155,21.599026943146757,False,False
42,AlwaysDecrease20,3,128,2,2,2,True,24.2368192540756,15.556463342595142,False,False
42,AlwaysDecrease20,6,128,2,2,2,True,59.69447711629122,23.808012023069068,True,False
42,AlwaysDecrease20,12,128,2,2,2,True,59.69447711629122,23.808012023069068,True,False
42,AlwaysDecrease20,24,128,2,2,2,True,59.69447711629122,23.808012023069068,True,False
42,MyopicEconomic,1,128,2,2,1,False,21.33920595771155,21.599026943146757,False,False
42,MyopicEconomic,3,128,2,2,2,True,17.068467032445874,15.603105586148974,False,False
42,MyopicEconomic,6,128,0,2,0,False,4.8226968372127565,13.388376865347746,False,False
42,MyopicEconomic,12,128,0,2,0,False,4.8226968372127565,13.388376865347746,False,False
42,MyopicEconomic,24,128,0,2,0,False,4.8226968372127565,13.388376865347746,False,False
42,PPO_101,1,128,2,2,1,False,21.33920595771155,21.599026943146757,False,False
42,PPO_101,3,128,2,2,2,True,24.2368192540756,15.556463342595142,False,False
42,PPO_101,6,128,2,2,2,True,59.69447711629122,23.808012023069068,True,False
42,PPO_101,12,128,2,2,2,True,59.69447711629122,23.808012023069068,True,False
42,PPO_101,24,128,2,2,2,True,59.69447711629122,23.808012023069068,True,False
42,PPO_202,1,128,2,2,1,False,21.33920595771155,21.599026943146757,False,False
42,PPO_202,3,128,2,2,2,True,24.2368192540756,15.556463342595142,False,False
42,PPO_202,6,128,2,2,2,True,59.69447711629122,23.808012023069068,True,False
42,PPO_202,12,128,2,2,2,True,59.69447711629122,23.808012023069068,True,False
42,PPO_202,24,128,2,2,2,True,59.69447711629122,23.808012023069068,True,False
42,PPO_303,1,128,2,2,1,False,21.33920595771155,21.599026943146757,False,False
42,PPO_303,3,128,2,2,2,True,24.2368192540756,15.556463342595142,False,False
42,PPO_303,6,128,2,2,2,True,59.69447711629122,23.808012023069068,True,False
42,PPO_303,12,128,2,2,2,True,59.69447711629122,23.808012023069068,True,False
42,PPO_303,24,128,2,2,2,True,59.69447711629122,23.808012023069068,True,False
42,Static,1,128,2,2,1,False,21.33920595771155,21.599026943146757,False,False
42,Static,3,128,2,2,2,True,20.448450409369016,15.596585897938704,False,False
42,Static,6,128,2,2,2,True,74.73099767829589,38.04513769300057,True,False
42,Static,12,128,2,2,2,True,74.73099767829589,38.04513769300057,True,False
42,Static,24,128,2,2,2,True,74.73099767829589,38.04513769300057,True,False
43,AlwaysDecrease20,1,128,4,4,4,True,0.23801954354794194,0.2148255563676767,False,False
43,AlwaysDecrease20,3,128,4,4,4,True,0.23801954354794194,0.2148255563676767,False,False
43,AlwaysDecrease20,6,128,4,4,4,True,0.23801954354794194,0.2148255563676767,False,False
43,AlwaysDecrease20,12,128,4,4,4,True,0.23801954354794194,0.2148255563676767,False,False
43,AlwaysDecrease20,24,128,4,4,4,True,0.23801954354794194,0.2148255563676767,False,False
43,MyopicEconomic,1,128,4,4,4,True,0.23801954354794194,0.2148255563676767,False,False
43,MyopicEconomic,3,128,4,4,4,True,0.23801954354794194,0.2148255563676767,False,False
43,MyopicEconomic,6,128,4,4,4,True,0.23801954354794194,0.2148255563676767,False,False
43,MyopicEconomic,12,128,4,4,4,True,0.23801954354794194,0.2148255563676767,False,False
43,MyopicEconomic,24,128,4,4,4,True,0.23801954354794194,0.2148255563676767,False,False
43,PPO_101,1,128,4,4,4,True,0.23801954354794194,0.2148255563676767,False,False
43,PPO_101,3,128,4,4,4,True,0.23801954354794194,0.2148255563676767,False,False
43,PPO_101,6,128,4,4,4,True,0.23801954354794194,0.2148255563676767,False,False
43,PPO_101,12,128,4,4,4,True,0.23801954354794194,0.2148255563676767,False,False
43,PPO_101,24,128,4,4,4,True,0.23801954354794194,0.2148255563676767,False,False
43,PPO_202,1,128,4,4,4,True,0.23801954354794194,0.2148255563676767,False,False
43,PPO_202,3,128,4,4,4,True,0.23801954354794194,0.2148255563676767,False,False
43,PPO_202,6,128,4,4,4,True,0.23801954354794194,0.2148255563676767,False,False
43,PPO_202,12,128,4,4,4,True,0.23801954354794194,0.2148255563676767,False,False
43,PPO_202,24,128,4,4,4,True,0.23801954354794194,0.2148255563676767,False,False
43,PPO_303,1,128,4,4,4,True,0.23801954354794194,0.2148255563676767,False,False
43,PPO_303,3,128,4,4,4,True,0.23801954354794194,0.2148255563676767,False,False
43,PPO_303,6,128,4,4,4,True,0.23801954354794194,0.2148255563676767,False,False
43,PPO_303,12,128,4,4,4,True,0.23801954354794194,0.2148255563676767,False,False
43,PPO_303,24,128,4,4,4,True,0.23801954354794194,0.2148255563676767,False,False
43,Static,1,128,4,4,4,True,0.23801954354794194,0.2148255563676767,False,False
43,Static,3,128,4,4,4,True,0.23801954354794194,0.2148255563676767,False,False
43,Static,6,128,4,4,4,True,0.23801954354794194,0.2148255563676767,False,False
43,Static,12,128,4,4,4,True,0.23801954354794194,0.2148255563676767,False,False
43,Static,24,128,4,4,4,True,0.23801954354794194,0.2148255563676767,False,False
44,AlwaysDecrease20,1,128,4,4,0,False,40.596791856098626,29.668211385686977,False,False
44,AlwaysDecrease20,3,128,0,0,0,True,252.7305051869055,16.27965543758564,True,False
44,AlwaysDecrease20,6,128,0,0,0,True,233.15759723789833,13.168147161537929,True,False
44,AlwaysDecrease20,12,128,0,0,0,True,233.15759723789833,13.168147161537929,True,False
44,AlwaysDecrease20,24,128,0,0,0,True,233.15759723789833,13.168147161537929,True,False
44,MyopicEconomic,1,128,4,4,0,False,40.596791856098626,29.668211385686977,False,False
44,MyopicEconomic,3,128,0,0,0,True,224.93280513329248,21.99128523401956,True,False
44,MyopicEconomic,6,128,0,0,0,True,211.6847271259836,14.107937907788589,True,False
44,MyopicEconomic,12,128,0,0,0,True,211.6847271259836,14.107937907788589,True,False
44,MyopicEconomic,24,128,0,0,0,True,211.6847271259836,14.107937907788589,True,False
44,PPO_101,1,128,4,4,0,False,40.596791856098626,29.668211385686977,False,False
44,PPO_101,3,128,0,0,0,True,252.7305051869055,16.27965543758564,True,False
44,PPO_101,6,128,0,0,0,True,233.15759723789833,13.168147161537929,True,False
44,PPO_101,12,128,0,0,0,True,233.15759723789833,13.168147161537929,True,False
44,PPO_101,24,128,0,0,0,True,233.15759723789833,13.168147161537929,True,False
44,PPO_202,1,128,4,4,0,False,40.596791856098626,29.668211385686977,False,False
44,PPO_202,3,128,0,0,0,True,252.7305051869055,16.27965543758564,True,False
44,PPO_202,6,128,0,0,0,True,233.15759723789833,13.168147161537929,True,False
44,PPO_202,12,128,0,0,0,True,233.15759723789833,13.168147161537929,True,False
44,PPO_202,24,128,0,0,0,True,233.15759723789833,13.168147161537929,True,False
44,PPO_303,1,128,4,4,0,False,40.596791856098626,29.668211385686977,False,False
44,PPO_303,3,128,0,0,0,True,252.7305051869055,16.27965543758564,True,False
44,PPO_303,6,128,0,0,0,True,233.15759723789833,13.168147161537929,True,False
44,PPO_303,12,128,0,0,0,True,233.15759723789833,13.168147161537929,True,False
44,PPO_303,24,128,0,0,0,True,233.15759723789833,13.168147161537929,True,False
44,Static,1,128,4,4,0,False,40.596791856098626,29.668211385686977,False,False
44,Static,3,128,0,0,0,True,311.7496095932851,17.53592852620055,True,False
44,Static,6,128,0,0,0,True,293.16069161802955,15.795276390849473,True,False
44,Static,12,128,0,0,0,True,293.16069161802955,15.795276390849473,True,False
44,Static,24,128,0,0,0,True,293.16069161802955,15.795276390849473,True,False
45,AlwaysDecrease20,1,128,0,0,0,True,3.7191962236198153,0.6877573220220038,True,False
45,AlwaysDecrease20,3,128,1,1,1,True,18.749236511517452,14.009780720873076,False,False
45,AlwaysDecrease20,6,128,0,0,0,True,14.02678201700935,9.781695959835492,False,False
45,AlwaysDecrease20,12,128,0,0,0,True,27.174910658221773,6.650962028838616,True,False
45,AlwaysDecrease20,24,128,0,0,0,True,27.174910658221773,6.650962028838616,True,False
45,MyopicEconomic,1,128,0,0,0,True,3.7191962236198153,0.6877573220220038,True,False
45,MyopicEconomic,3,128,0,1,0,False,31.23850633659458,22.67672470171475,False,False
45,MyopicEconomic,6,128,0,0,0,True,67.08406773206099,25.32753370139044,True,False
45,MyopicEconomic,12,128,0,0,0,True,109.30158002787265,32.09497995874678,True,False
45,MyopicEconomic,24,128,0,0,0,True,91.08538221326869,48.38449482165479,False,False
45,PPO_101,1,128,0,0,0,True,3.7191962236198153,0.6877573220220038,True,False
45,PPO_101,3,128,1,1,1,True,18.749236511517452,14.009780720873076,False,False
45,PPO_101,6,128,0,0,0,True,14.02678201700935,9.781695959835492,False,False
45,PPO_101,12,128,0,0,0,True,27.174910658221773,6.650962028838616,True,False
45,PPO_101,24,128,0,0,0,True,27.174910658221773,6.650962028838616,True,False
45,PPO_202,1,128,0,0,0,True,3.7191962236198153,0.6877573220220038,True,False
45,PPO_202,3,128,1,1,1,True,18.749236511517452,14.009780720873076,False,False
45,PPO_202,6,128,0,0,0,True,14.02678201700935,9.781695959835492,False,False
45,PPO_202,12,128,0,0,0,True,27.174910658221773,6.650962028838616,True,False
45,PPO_202,24,128,0,0,0,True,27.174910658221773,6.650962028838616,True,False
45,PPO_303,1,128,0,0,0,True,3.7191962236198153,0.6877573220220038,True,False
45,PPO_303,3,128,1,1,1,True,18.749236511517452,14.009780720873076,False,False
45,PPO_303,6,128,0,0,0,True,14.02678201700935,9.781695959835492,False,False
45,PPO_303,12,128,0,0,0,True,27.174910658221773,6.650962028838616,True,False
45,PPO_303,24,128,0,0,0,True,27.174910658221773,6.650962028838616,True,False
45,Static,1,128,0,0,0,True,3.7191962236198153,0.6877573220220038,True,False
45,Static,3,128,0,0,0,True,21.975971914728323,17.357875544636496,False,False
45,Static,6,128,0,0,0,True,113.7623240723014,13.229592455704656,True,False
45,Static,12,128,0,0,0,True,162.05495356594662,13.868294105233502,True,False
45,Static,24,128,0,0,0,True,154.64099411694446,12.379368678390057,True,False
46,AlwaysDecrease20,1,128,2,2,2,True,0.016054381253451044,0.0009093021709493862,True,False
46,AlwaysDecrease20,3,128,2,2,2,True,0.03229424523668101,0.0020302429482131025,True,False
46,AlwaysDecrease20,6,128,2,2,2,True,0.03229424523668101,0.0020302429482131025,True,False
46,AlwaysDecrease20,12,128,2,2,2,True,0.03229424523668101,0.0020302429482131025,True,False
46,AlwaysDecrease20,24,128,2,2,2,True,0.03229424523668101,0.0020302429482131025,True,False
46,MyopicEconomic,1,128,2,2,2,True,0.016054381253451044,0.0009093021709493862,True,False
46,MyopicEconomic,3,128,2,2,2,True,0.03686787069598285,0.0028014530540949804,True,False
46,MyopicEconomic,6,128,2,2,2,True,0.03686787069598285,0.0028014530540949804,True,False
46,MyopicEconomic,12,128,2,2,2,True,0.03686787069598285,0.0028014530540949804,True,False
46,MyopicEconomic,24,128,2,2,2,True,0.03686787069598285,0.0028014530540949804,True,False
46,PPO_101,1,128,2,2,2,True,0.016054381253451044,0.0009093021709493862,True,False
46,PPO_101,3,128,2,2,2,True,0.03229424523668101,0.0020302429482131025,True,False
46,PPO_101,6,128,2,2,2,True,0.03229424523668101,0.0020302429482131025,True,False
46,PPO_101,12,128,2,2,2,True,0.03229424523668101,0.0020302429482131025,True,False
46,PPO_101,24,128,2,2,2,True,0.03229424523668101,0.0020302429482131025,True,False
46,PPO_202,1,128,2,2,2,True,0.016054381253451044,0.0009093021709493862,True,False
46,PPO_202,3,128,2,2,2,True,0.03229424523668101,0.0020302429482131025,True,False
46,PPO_202,6,128,2,2,2,True,0.03229424523668101,0.0020302429482131025,True,False
46,PPO_202,12,128,2,2,2,True,0.03229424523668101,0.0020302429482131025,True,False
46,PPO_202,24,128,2,2,2,True,0.03229424523668101,0.0020302429482131025,True,False
46,PPO_303,1,128,2,2,2,True,0.016054381253451044,0.0009093021709493862,True,False
46,PPO_303,3,128,2,2,2,True,0.03229424523668101,0.0020302429482131025,True,False
46,PPO_303,6,128,2,2,2,True,0.03229424523668101,0.0020302429482131025,True,False
46,PPO_303,12,128,2,2,2,True,0.03229424523668101,0.0020302429482131025,True,False
46,PPO_303,24,128,2,2,2,True,0.03229424523668101,0.0020302429482131025,True,False
46,Static,1,128,2,2,2,True,0.016054381253451044,0.0009093021709493862,True,False
46,Static,3,128,2,2,2,True,0.03686787069598285,0.0028014530540949804,True,False
46,Static,6,128,2,2,2,True,0.03686787069598285,0.0028014530540949804,True,False
46,Static,12,128,2,2,2,True,0.03686787069598285,0.0028014530540949804,True,False
46,Static,24,128,2,2,2,True,0.03686787069598285,0.0028014530540949804,True,False
47,AlwaysDecrease20,1,128,1,1,0,False,0.9806906628918286,0.6871302725642487,False,False
47,AlwaysDecrease20,3,128,2,2,1,False,17.02898768463082,21.150630309003578,False,False
47,AlwaysDecrease20,6,128,0,0,0,True,14.457959662847424,16.940105394815436,False,False
47,AlwaysDecrease20,12,128,0,0,0,True,93.23089945567084,26.343582818509205,True,False
47,AlwaysDecrease20,24,128,0,0,0,True,92.56325963579131,26.37746786938421,True,False
47,MyopicEconomic,1,128,1,1,0,False,0.9806906628918286,0.6871302725642487,False,False
47,MyopicEconomic,3,128,2,2,1,False,20.128802259292197,21.409718097513483,False,False
47,MyopicEconomic,6,128,2,2,1,False,7.604446769881598,9.453120823504916,False,False
47,MyopicEconomic,12,128,0,0,0,True,26.624646953431952,16.723162280565237,False,False
47,MyopicEconomic,24,128,0,0,0,True,38.471049589162575,25.36733543373087,False,False
47,PPO_101,1,128,1,1,0,False,0.9806906628918286,0.6871302725642487,False,False
47,PPO_101,3,128,2,2,1,False,17.02898768463082,21.150630309003578,False,False
47,PPO_101,6,128,0,0,0,True,14.457959662847424,16.940105394815436,False,False
47,PPO_101,12,128,0,0,0,True,93.23089945567084,26.343582818509205,True,False
47,PPO_101,24,128,0,0,0,True,92.56325963579131,26.37746786938421,True,False
47,PPO_202,1,128,1,1,0,False,0.9806906628918286,0.6871302725642487,False,False
47,PPO_202,3,128,2,2,1,False,17.02898768463082,21.150630309003578,False,False
47,PPO_202,6,128,0,0,0,True,14.457959662847424,16.940105394815436,False,False
47,PPO_202,12,128,0,0,0,True,93.23089945567084,26.343582818509205,True,False
47,PPO_202,24,128,0,0,0,True,92.56325963579131,26.37746786938421,True,False
47,PPO_303,1,128,1,1,0,False,0.9806906628918286,0.6871302725642487,False,False
47,PPO_303,3,128,2,2,1,False,17.02898768463082,21.150630309003578,False,False
47,PPO_303,6,128,0,0,0,True,14.457959662847424,16.940105394815436,False,False
47,PPO_303,12,128,0,0,0,True,93.23089945567084,26.343582818509205,True,False
47,PPO_303,24,128,0,0,0,True,92.56325963579131,26.37746786938421,True,False
47,Static,1,128,1,1,0,False,0.9806906628918286,0.6871302725642487,False,False
47,Static,3,128,2,2,2,True,55.00271432942594,33.87558471605911,False,False
47,Static,6,128,1,1,2,False,7.80672907299741,23.48320181376715,False,False
47,Static,12,128,0,0,0,True,57.72328958293039,29.624704573660207,False,False
47,Static,24,128,0,0,0,True,68.75521325699887,35.296593582736804,False,False
48,AlwaysDecrease20,1,128,3,2,3,False,0.0010383173764981768,0.015392868710851907,False,False
48,AlwaysDecrease20,3,128,4,4,4,True,6.319147586533245,1.3857727276821978,True,False
48,AlwaysDecrease20,6,128,3,4,3,False,2.7934992250878103,8.982279355627467,False,False
48,AlwaysDecrease20,12,128,0,0,0,True,7.231881919495169,27.956369227519534,False,False
48,AlwaysDecrease20,24,128,0,0,0,True,7.231881919495169,27.956369227519534,False,False
48,MyopicEconomic,1,128,3,2,3,False,0.0010383173764981768,0.015392868710851907,False,False
48,MyopicEconomic,3,128,4,4,4,True,5.661618154948074,0.40580018791379646,True,False
48,MyopicEconomic,6,128,4,4,4,True,12.099896453310283,3.7286854274644305,True,False
48,MyopicEconomic,12,128,4,4,4,True,14.033832273230203,5.064799481728247,True,False
48,MyopicEconomic,24,128,4,4,4,True,14.033832273230203,5.064799481728247,True,False
48,PPO_101,1,128,3,2,3,False,0.0010383173764981768,0.015392868710851907,False,False
48,PPO_101,3,128,4,4,4,True,6.319147586533245,1.3857727276821978,True,False
48,PPO_101,6,128,3,4,3,False,2.7934992250878103,8.982279355627467,False,False
48,PPO_101,12,128,0,0,0,True,7.231881919495169,27.956369227519534,False,False
48,PPO_101,24,128,0,0,0,True,7.231881919495169,27.956369227519534,False,False
48,PPO_202,1,128,3,2,3,False,0.0010383173764981768,0.015392868710851907,False,False
48,PPO_202,3,128,4,4,4,True,6.319147586533245,1.3857727276821978,True,False
48,PPO_202,6,128,3,4,3,False,2.7934992250878103,8.982279355627467,False,False
48,PPO_202,12,128,0,0,0,True,7.231881919495169,27.956369227519534,False,False
48,PPO_202,24,128,0,0,0,True,7.231881919495169,27.956369227519534,False,False
48,PPO_303,1,128,3,2,3,False,0.0010383173764981768,0.015392868710851907,False,False
48,PPO_303,3,128,4,4,4,True,6.319147586533245,1.3857727276821978,True,False
48,PPO_303,6,128,3,4,3,False,2.7934992250878103,8.982279355627467,False,False
48,PPO_303,12,128,0,0,0,True,7.231881919495169,27.956369227519534,False,False
48,PPO_303,24,128,0,0,0,True,7.231881919495169,27.956369227519534,False,False
48,Static,1,128,3,2,3,False,0.0010383173764981768,0.015392868710851907,False,False
48,Static,3,128,4,4,4,True,6.813210625040602,0.5369046285692142,True,False
48,Static,6,128,4,4,4,True,38.85479380559114,16.465197604963397,True,False
48,Static,12,128,4,4,4,True,35.14111224444917,16.59630784084507,True,False
48,Static,24,128,4,4,4,True,35.14111224444917,16.59630784084507,True,False
49,AlwaysDecrease20,1,128,4,4,4,True,2.154899640686969,0.39558764127009144,True,False
49,AlwaysDecrease20,3,128,4,4,4,True,130.0688818810553,30.808827373749086,True,False
49,AlwaysDecrease20,6,128,4,4,4,True,234.59129777869578,38.42655567922243,True,False
49,AlwaysDecrease20,12,128,4,4,4,True,156.38257790907443,22.653369872143013,True,False
49,AlwaysDecrease20,24,128,4,4,4,True,141.73540986246294,21.723512049227054,True,False
49,MyopicEconomic,1,128,4,4,4,True,2.154899640686969,0.39558764127009144,True,False
49,MyopicEconomic,3,128,4,4,4,True,20.896055415576594,5.851598047159459,True,False
49,MyopicEconomic,6,128,4,3,4,False,40.02514550819717,28.309171783481826,False,False
49,MyopicEconomic,12,128,0,0,0,True,114.81114693603162,37.336001872826365,True,False
49,MyopicEconomic,24,128,0,0,0,True,127.12854401841453,39.04767761720703,True,False
49,PPO_101,1,128,4,4,4,True,2.154899640686969,0.39558764127009144,True,False
49,PPO_101,3,128,4,4,4,True,130.0688818810553,30.808827373749086,True,False
49,PPO_101,6,128,4,4,4,True,234.59129777869578,38.42655567922243,True,False
49,PPO_101,12,128,4,4,4,True,156.38257790907443,22.653369872143013,True,False
49,PPO_101,24,128,4,4,4,True,141.73540986246294,21.723512049227054,True,False
49,PPO_202,1,128,4,4,4,True,2.154899640686969,0.39558764127009144,True,False
49,PPO_202,3,128,4,4,4,True,130.0688818810553,30.808827373749086,True,False
49,PPO_202,6,128,4,4,4,True,234.59129777869578,38.42655567922243,True,False
49,PPO_202,12,128,4,4,4,True,156.38257790907443,22.653369872143013,True,False
49,PPO_202,24,128,4,4,4,True,141.73540986246294,21.723512049227054,True,False
49,PPO_303,1,128,4,4,4,True,2.154899640686969,0.39558764127009144,True,False
49,PPO_303,3,128,4,4,4,True,130.0688818810553,30.808827373749086,True,False
49,PPO_303,6,128,4,4,4,True,234.59129777869578,38.42655567922243,True,False
49,PPO_303,12,128,4,4,4,True,156.38257790907443,22.653369872143013,True,False
49,PPO_303,24,128,4,4,4,True,141.73540986246294,21.723512049227054,True,False
49,Static,1,128,4,4,4,True,2.154899640686969,0.39558764127009144,True,False
49,Static,3,128,4,4,4,True,66.45348924099413,21.789440846242087,True,False
49,Static,6,128,4,4,4,True,61.01982043446006,28.072684476147035,True,False
49,Static,12,128,2,2,3,False,5.798234102269733,20.324519446627303,False,False
49,Static,24,128,2,2,2,True,30.78625334868584,19.894529621276526,False,False
50,AlwaysDecrease20,1,128,2,2,2,True,233.54786302476222,101.70222699980002,True,False
50,AlwaysDecrease20,3,128,0,0,0,True,18.398508524686463,12.622695125075664,False,False
50,AlwaysDecrease20,6,128,0,0,0,True,18.398508524686463,12.622695125075664,False,False
50,AlwaysDecrease20,12,128,0,0,0,True,18.398508524686463,12.622695125075664,False,False
50,AlwaysDecrease20,24,128,0,0,0,True,18.398508524686463,12.622695125075664,False,False
50,MyopicEconomic,1,128,2,2,2,True,233.54786302476222,101.70222699980002,True,False
50,MyopicEconomic,3,128,0,0,0,True,18.301797864722886,12.577248855675963,False,False
50,MyopicEconomic,6,128,0,0,0,True,18.301797864722886,12.577248855675963,False,False
50,MyopicEconomic,12,128,0,0,0,True,18.301797864722886,12.577248855675963,False,False
50,MyopicEconomic,24,128,0,0,0,True,18.301797864722886,12.577248855675963,False,False
50,PPO_101,1,128,2,2,2,True,233.54786302476222,101.70222699980002,True,False
50,PPO_101,3,128,0,0,0,True,18.398508524686463,12.622695125075664,False,False
50,PPO_101,6,128,0,0,0,True,18.398508524686463,12.622695125075664,False,False
50,PPO_101,12,128,0,0,0,True,18.398508524686463,12.622695125075664,False,False
50,PPO_101,24,128,0,0,0,True,18.398508524686463,12.622695125075664,False,False
50,PPO_202,1,128,2,2,2,True,233.54786302476222,101.70222699980002,True,False
50,PPO_202,3,128,0,0,0,True,18.398508524686463,12.622695125075664,False,False
50,PPO_202,6,128,0,0,0,True,18.398508524686463,12.622695125075664,False,False
50,PPO_202,12,128,0,0,0,True,18.398508524686463,12.622695125075664,False,False
50,PPO_202,24,128,0,0,0,True,18.398508524686463,12.622695125075664,False,False
50,PPO_303,1,128,2,2,2,True,233.54786302476222,101.70222699980002,True,False
50,PPO_303,3,128,0,0,0,True,18.398508524686463,12.622695125075664,False,False
50,PPO_303,6,128,0,0,0,True,18.398508524686463,12.622695125075664,False,False
50,PPO_303,12,128,0,0,0,True,18.398508524686463,12.622695125075664,False,False
50,PPO_303,24,128,0,0,0,True,18.398508524686463,12.622695125075664,False,False
50,Static,1,128,2,2,2,True,233.54786302476222,101.70222699980002,True,False
50,Static,3,128,0,0,0,True,18.301797864722886,12.577248855675963,False,False
50,Static,6,128,0,0,0,True,18.301797864722886,12.577248855675963,False,False
50,Static,12,128,0,0,0,True,18.301797864722886,12.577248855675963,False,False
50,Static,24,128,0,0,0,True,18.301797864722886,12.577248855675963,False,False
51,AlwaysDecrease20,1,128,4,4,4,True,12.4848826240721,7.838328515862799,False,False
51,AlwaysDecrease20,3,128,4,4,4,True,51.13443327481146,11.986375522155619,True,False
51,AlwaysDecrease20,6,128,4,4,4,True,78.96748974403668,13.537519194191011,True,False
51,AlwaysDecrease20,12,128,4,4,4,True,73.30398786856087,13.694139828603431,True,False
51,AlwaysDecrease20,24,128,4,4,4,True,73.30398786856087,13.694139828603431,True,False
51,MyopicEconomic,1,128,4,4,4,True,12.4848826240721,7.838328515862799,False,False
51,MyopicEconomic,3,128,4,4,4,True,21.43941611218588,6.729650369899191,True,False
51,MyopicEconomic,6,128,4,4,4,True,38.97469644476852,13.49619960303266,True,False
51,MyopicEconomic,12,128,4,4,4,True,33.40210494990002,12.578062184612628,True,False
51,MyopicEconomic,24,128,4,4,4,True,33.40210494990002,12.578062184612628,True,False
51,PPO_101,1,128,4,4,4,True,12.4848826240721,7.838328515862799,False,False
51,PPO_101,3,128,4,4,4,True,51.13443327481146,11.986375522155619,True,False
51,PPO_101,6,128,4,4,4,True,78.96748974403668,13.537519194191011,True,False
51,PPO_101,12,128,4,4,4,True,73.30398786856087,13.694139828603431,True,False
51,PPO_101,24,128,4,4,4,True,73.30398786856087,13.694139828603431,True,False
51,PPO_202,1,128,4,4,4,True,12.4848826240721,7.838328515862799,False,False
51,PPO_202,3,128,4,4,4,True,51.13443327481146,11.986375522155619,True,False
51,PPO_202,6,128,4,4,4,True,78.96748974403668,13.537519194191011,True,False
51,PPO_202,12,128,4,4,4,True,73.30398786856087,13.694139828603431,True,False
51,PPO_202,24,128,4,4,4,True,73.30398786856087,13.694139828603431,True,False
51,PPO_303,1,128,4,4,4,True,12.4848826240721,7.838328515862799,False,False
51,PPO_303,3,128,4,4,4,True,51.13443327481146,11.986375522155619,True,False
51,PPO_303,6,128,4,4,4,True,78.96748974403668,13.537519194191011,True,False
51,PPO_303,12,128,4,4,4,True,73.30398786856087,13.694139828603431,True,False
51,PPO_303,24,128,4,4,4,True,73.30398786856087,13.694139828603431,True,False
51,Static,1,128,4,4,4,True,12.4848826240721,7.838328515862799,False,False
51,Static,3,128,4,4,4,True,28.963224941814403,6.650502938401672,True,False
51,Static,6,128,4,4,4,True,58.920362318144115,13.58697869888641,True,False
51,Static,12,128,4,4,4,True,60.95058462096276,15.691489461938522,True,False
51,Static,24,128,4,4,4,True,60.95058462096276,15.691489461938522,True,False
52,AlwaysDecrease20,1,128,2,0,2,False,0.02561821114245824,0.0012859116960016734,True,False
52,AlwaysDecrease20,3,128,3,3,3,True,0.0,0.0,False,True
52,AlwaysDecrease20,6,128,3,3,3,True,-2.220446049250313e-16,2.220446049250313e-16,False,True
52,AlwaysDecrease20,12,128,3,2,3,False,0.0,0.0,False,True
52,AlwaysDecrease20,24,128,3,3,3,True,0.0,0.0,False,True
52,MyopicEconomic,1,128,2,0,2,False,0.02561821114245824,0.0012859116960016734,True,False
52,MyopicEconomic,3,128,3,3,3,True,0.0,0.0,False,True
52,MyopicEconomic,6,128,3,3,3,True,-4.440892098500626e-16,4.440892098500626e-16,False,True
52,MyopicEconomic,12,128,3,3,3,True,-4.440892098500626e-16,4.440892098500626e-16,False,True
52,MyopicEconomic,24,128,3,3,3,True,-4.440892098500626e-16,4.440892098500626e-16,False,True
52,PPO_101,1,128,2,0,2,False,0.02561821114245824,0.0012859116960016734,True,False
52,PPO_101,3,128,3,3,3,True,0.0,0.0,False,True
52,PPO_101,6,128,3,3,3,True,-2.220446049250313e-16,2.220446049250313e-16,False,True
52,PPO_101,12,128,3,2,3,False,0.0,0.0,False,True
52,PPO_101,24,128,3,3,3,True,0.0,0.0,False,True
52,PPO_202,1,128,2,0,2,False,0.02561821114245824,0.0012859116960016734,True,False
52,PPO_202,3,128,3,3,3,True,0.0,0.0,False,True
52,PPO_202,6,128,3,3,3,True,-2.220446049250313e-16,2.220446049250313e-16,False,True
52,PPO_202,12,128,3,2,3,False,0.0,0.0,False,True
52,PPO_202,24,128,3,3,3,True,0.0,0.0,False,True
52,PPO_303,1,128,2,0,2,False,0.02561821114245824,0.0012859116960016734,True,False
52,PPO_303,3,128,3,3,3,True,0.0,0.0,False,True
52,PPO_303,6,128,3,3,3,True,-2.220446049250313e-16,2.220446049250313e-16,False,True
52,PPO_303,12,128,3,2,3,False,0.0,0.0,False,True
52,PPO_303,24,128,3,3,3,True,0.0,0.0,False,True
52,Static,1,128,2,0,2,False,0.02561821114245824,0.0012859116960016734,True,False
52,Static,3,128,2,2,2,True,0.08077584255005381,0.011577834203499683,True,False
52,Static,6,128,3,3,3,True,0.0,0.0,False,True
52,Static,12,128,3,3,3,True,0.0,0.0,False,True
52,Static,24,128,3,3,3,True,0.0,0.0,False,True
53,AlwaysDecrease20,1,128,3,3,3,True,0.0,0.0,False,True
53,AlwaysDecrease20,3,128,3,3,3,True,0.0,0.0,False,True
53,AlwaysDecrease20,6,128,3,3,3,True,0.0,0.0,False,True
53,AlwaysDecrease20,12,128,3,3,3,True,0.0,0.0,False,True
53,AlwaysDecrease20,24,128,3,3,3,True,0.0,0.0,False,True
53,MyopicEconomic,1,128,3,3,3,True,0.0,0.0,False,True
53,MyopicEconomic,3,128,3,3,3,True,0.0,0.0,False,True
53,MyopicEconomic,6,128,3,3,3,True,0.0,0.0,False,True
53,MyopicEconomic,12,128,3,3,3,True,0.0,0.0,False,True
53,MyopicEconomic,24,128,3,3,3,True,0.0,0.0,False,True
53,PPO_101,1,128,3,3,3,True,0.0,0.0,False,True
53,PPO_101,3,128,3,3,3,True,0.0,0.0,False,True
53,PPO_101,6,128,3,3,3,True,0.0,0.0,False,True
53,PPO_101,12,128,3,3,3,True,0.0,0.0,False,True
53,PPO_101,24,128,3,3,3,True,0.0,0.0,False,True
53,PPO_202,1,128,3,3,3,True,0.0,0.0,False,True
53,PPO_202,3,128,3,3,3,True,0.0,0.0,False,True
53,PPO_202,6,128,3,3,3,True,0.0,0.0,False,True
53,PPO_202,12,128,3,3,3,True,0.0,0.0,False,True
53,PPO_202,24,128,3,3,3,True,0.0,0.0,False,True
53,PPO_303,1,128,3,3,3,True,0.0,0.0,False,True
53,PPO_303,3,128,3,3,3,True,0.0,0.0,False,True
53,PPO_303,6,128,3,3,3,True,0.0,0.0,False,True
53,PPO_303,12,128,3,3,3,True,0.0,0.0,False,True
53,PPO_303,24,128,3,3,3,True,0.0,0.0,False,True
53,Static,1,128,3,3,3,True,0.0,0.0,False,True
53,Static,3,128,3,3,3,True,0.0,0.0,False,True
53,Static,6,128,3,3,3,True,0.0,0.0,False,True
53,Static,12,128,3,3,3,True,0.0,0.0,False,True
53,Static,24,128,3,3,3,True,0.0,0.0,False,True
54,AlwaysDecrease20,1,128,2,2,2,True,1.3493959627894165,0.01773859396688245,True,False
54,AlwaysDecrease20,3,128,2,2,2,True,1.4016328364954802,0.22976455840947901,True,False
54,AlwaysDecrease20,6,128,2,2,2,True,1.6569495605000575,0.32974171425834764,True,False
54,AlwaysDecrease20,12,128,2,2,2,True,1.6569495605000575,0.32974171425834764,True,False
54,AlwaysDecrease20,24,128,2,2,2,True,1.6569495605000575,0.32974171425834764,True,False
54,MyopicEconomic,1,128,2,2,2,True,1.3493959627894165,0.01773859396688245,True,False
54,MyopicEconomic,3,128,2,2,2,True,1.466597467944832,0.20840736610508911,True,False
54,MyopicEconomic,6,128,2,2,2,True,1.5802436144566625,0.3883106633344128,True,False
54,MyopicEconomic,12,128,2,2,2,True,1.5802436144566625,0.3883106633344128,True,False
54,MyopicEconomic,24,128,2,2,2,True,1.5802436144566625,0.3883106633344128,True,False
54,PPO_101,1,128,2,2,2,True,1.3493959627894165,0.01773859396688245,True,False
54,PPO_101,3,128,2,2,2,True,1.4016328364954802,0.22976455840947901,True,False
54,PPO_101,6,128,2,2,2,True,1.6569495605000575,0.32974171425834764,True,False
54,PPO_101,12,128,2,2,2,True,1.6569495605000575,0.32974171425834764,True,False
54,PPO_101,24,128,2,2,2,True,1.6569495605000575,0.32974171425834764,True,False
54,PPO_202,1,128,2,2,2,True,1.3493959627894165,0.01773859396688245,True,False
54,PPO_202,3,128,2,2,2,True,1.4016328364954802,0.22976455840947901,True,False
54,PPO_202,6,128,2,2,2,True,1.6569495605000575,0.32974171425834764,True,False
54,PPO_202,12,128,2,2,2,True,1.6569495605000575,0.32974171425834764,True,False
54,PPO_202,24,128,2,2,2,True,1.6569495605000575,0.32974171425834764,True,False
54,PPO_303,1,128,2,2,2,True,1.3493959627894165,0.01773859396688245,True,False
54,PPO_303,3,128,2,2,2,True,1.4016328364954802,0.22976455840947901,True,False
54,PPO_303,6,128,2,2,2,True,1.6569495605000575,0.32974171425834764,True,False
54,PPO_303,12,128,2,2,2,True,1.6569495605000575,0.32974171425834764,True,False
54,PPO_303,24,128,2,2,2,True,1.6569495605000575,0.32974171425834764,True,False
54,Static,1,128,2,2,2,True,1.3493959627894165,0.01773859396688245,True,False
54,Static,3,128,2,2,2,True,1.0776539296044934,0.04523555459453773,True,False
54,Static,6,128,2,2,2,True,0.6570050460678751,0.08478769316933064,True,False
54,Static,12,128,2,2,2,True,0.6570050460678751,0.08478769316933064,True,False
54,Static,24,128,2,2,2,True,0.6570050460678751,0.08478769316933064,True,False
55,AlwaysDecrease20,1,128,1,0,1,False,0.12429922688011619,0.4565338680600873,False,False
55,AlwaysDecrease20,3,128,2,2,2,True,24.6164946471021,21.432682673180715,False,False
55,AlwaysDecrease20,6,128,1,1,1,True,5.707001089615332,10.349708444007623,False,False
55,AlwaysDecrease20,12,128,1,1,0,False,9.736748898672094,30.069238522276105,False,False
55,AlwaysDecrease20,24,128,1,1,0,False,9.736748898672094,30.069238522276105,False,False
55,MyopicEconomic,1,128,1,0,1,False,0.12429922688011619,0.4565338680600873,False,False
55,MyopicEconomic,3,128,2,2,2,True,0.6792622243616391,0.15788052537793565,True,False
55,MyopicEconomic,6,128,2,2,2,True,0.5862733171958485,0.3348190487296266,False,False
55,MyopicEconomic,12,128,2,2,2,True,0.7561717846168943,0.4664080116418226,False,False
55,MyopicEconomic,24,128,2,2,2,True,0.7561717846168943,0.4664080116418226,False,False
55,PPO_101,1,128,1,0,1,False,0.12429922688011619,0.4565338680600873,False,False
55,PPO_101,3,128,2,2,2,True,24.6164946471021,21.432682673180715,False,False
55,PPO_101,6,128,1,1,1,True,5.707001089615332,10.349708444007623,False,False
55,PPO_101,12,128,1,1,0,False,9.736748898672094,30.069238522276105,False,False
55,PPO_101,24,128,1,1,0,False,9.736748898672094,30.069238522276105,False,False
55,PPO_202,1,128,1,0,1,False,0.12429922688011619,0.4565338680600873,False,False
55,PPO_202,3,128,2,2,2,True,24.6164946471021,21.432682673180715,False,False
55,PPO_202,6,128,1,1,1,True,5.707001089615332,10.349708444007623,False,False
55,PPO_202,12,128,1,1,0,False,9.736748898672094,30.069238522276105,False,False
55,PPO_202,24,128,1,1,0,False,9.736748898672094,30.069238522276105,False,False
55,PPO_303,1,128,1,0,1,False,0.12429922688011619,0.4565338680600873,False,False
55,PPO_303,3,128,2,2,2,True,24.6164946471021,21.432682673180715,False,False
55,PPO_303,6,128,1,1,1,True,5.707001089615332,10.349708444007623,False,False
55,PPO_303,12,128,1,1,0,False,9.736748898672094,30.069238522276105,False,False
55,PPO_303,24,128,1,1,0,False,9.736748898672094,30.069238522276105,False,False
55,Static,1,128,1,0,1,False,0.12429922688011619,0.4565338680600873,False,False
55,Static,3,128,2,2,2,True,19.53153673561373,19.366319865092166,False,False
55,Static,6,128,0,1,0,False,0.08292079475553216,23.18541558933376,False,False
55,Static,12,128,1,1,0,False,4.586563560199496,21.313067345944958,False,False
55,Static,24,128,1,1,0,False,4.586563560199496,21.313067345944958,False,False
56,AlwaysDecrease20,1,128,4,0,4,False,4.201936128298367,7.909331853343117,False,False
56,AlwaysDecrease20,3,128,0,0,1,False,0.2516180760406119,1.4713633554580416,False,False
56,AlwaysDecrease20,6,128,0,0,0,True,61.09552680060816,28.330070166124393,True,False
56,AlwaysDecrease20,12,128,0,0,0,True,136.37762881389415,11.776295182313765,True,False
56,AlwaysDecrease20,24,128,0,0,0,True,144.0917063370784,9.18942653045465,True,False
56,MyopicEconomic,1,128,4,0,4,False,4.201936128298367,7.909331853343117,False,False
56,MyopicEconomic,3,128,4,4,4,True,14.74139120809896,9.658864084231013,False,False
56,MyopicEconomic,6,128,4,4,4,True,33.80153600084552,30.478987706939364,False,False
56,MyopicEconomic,12,128,0,3,0,False,19.763836448783238,46.02882496497427,False,False
56,MyopicEconomic,24,128,0,0,0,True,77.69103674392038,42.947992920316,False,False
56,PPO_101,1,128,4,0,4,False,4.201936128298367,7.909331853343117,False,False
56,PPO_101,3,128,0,0,1,False,0.2516180760406119,1.4713633554580416,False,False
56,PPO_101,6,128,0,0,0,True,61.09552680060816,28.330070166124393,True,False
56,PPO_101,12,128,0,0,0,True,136.37762881389415,11.776295182313765,True,False
56,PPO_101,24,128,0,0,0,True,144.0917063370784,9.18942653045465,True,False
56,PPO_202,1,128,4,0,4,False,4.201936128298367,7.909331853343117,False,False
56,PPO_202,3,128,0,0,1,False,0.2516180760406119,1.4713633554580416,False,False
56,PPO_202,6,128,0,0,0,True,61.09552680060816,28.330070166124393,True,False
56,PPO_202,12,128,0,0,0,True,136.37762881389415,11.776295182313765,True,False
56,PPO_202,24,128,0,0,0,True,144.0917063370784,9.18942653045465,True,False
56,PPO_303,1,128,4,0,4,False,4.201936128298367,7.909331853343117,False,False
56,PPO_303,3,128,0,0,1,False,0.2516180760406119,1.4713633554580416,False,False
56,PPO_303,6,128,0,0,0,True,61.09552680060816,28.330070166124393,True,False
56,PPO_303,12,128,0,0,0,True,136.37762881389415,11.776295182313765,True,False
56,PPO_303,24,128,0,0,0,True,144.0917063370784,9.18942653045465,True,False
56,Static,1,128,4,0,4,False,4.201936128298367,7.909331853343117,False,False
56,Static,3,128,4,4,4,True,15.210953250240419,9.568499727203172,False,False
56,Static,6,128,4,4,2,False,33.0410660640045,46.57317935047466,False,False
56,Static,12,128,0,0,4,False,3.621077927864526,74.52646265122063,False,False
56,Static,24,128,0,0,0,True,195.55613915259926,44.927621319704095,True,False
57,AlwaysDecrease20,1,128,1,1,1,True,132.74874129557278,62.82231109404096,True,False
57,AlwaysDecrease20,3,128,0,1,0,False,12.979125418012305,36.96930594302997,False,False
57,AlwaysDecrease20,6,128,0,0,0,True,49.34101989586814,19.2402847793212,True,False
57,AlwaysDecrease20,12,128,0,0,0,True,49.34101989586815,19.2402847793212,True,False
57,AlwaysDecrease20,24,128,0,0,0,True,49.34101989586815,19.2402847793212,True,False
57,MyopicEconomic,1,128,1,1,1,True,132.74874129557278,62.82231109404096,True,False
57,MyopicEconomic,3,128,0,0,0,True,88.01318895185977,45.901706481432264,False,False
57,MyopicEconomic,6,128,0,0,0,True,143.62749989918717,33.46269858370552,True,False
57,MyopicEconomic,12,128,0,0,0,True,143.62749989918717,33.46269858370552,True,False
57,MyopicEconomic,24,128,0,0,0,True,143.62749989918717,33.46269858370552,True,False
57,PPO_101,1,128,1,1,1,True,132.74874129557278,62.82231109404096,True,False
57,PPO_101,3,128,0,1,0,False,12.979125418012305,36.96930594302997,False,False
57,PPO_101,6,128,0,0,0,True,49.34101989586814,19.2402847793212,True,False
57,PPO_101,12,128,0,0,0,True,49.34101989586815,19.2402847793212,True,False
57,PPO_101,24,128,0,0,0,True,49.34101989586815,19.2402847793212,True,False
57,PPO_202,1,128,1,1,1,True,132.74874129557278,62.82231109404096,True,False
57,PPO_202,3,128,0,1,0,False,12.979125418012305,36.96930594302997,False,False
57,PPO_202,6,128,0,0,0,True,49.34101989586814,19.2402847793212,True,False
57,PPO_202,12,128,0,0,0,True,49.34101989586815,19.2402847793212,True,False
57,PPO_202,24,128,0,0,0,True,49.34101989586815,19.2402847793212,True,False
57,PPO_303,1,128,1,1,1,True,132.74874129557278,62.82231109404096,True,False
57,PPO_303,3,128,0,1,0,False,12.979125418012305,36.96930594302997,False,False
57,PPO_303,6,128,0,0,0,True,49.34101989586814,19.2402847793212,True,False
57,PPO_303,12,128,0,0,0,True,49.34101989586815,19.2402847793212,True,False
57,PPO_303,24,128,0,0,0,True,49.34101989586815,19.2402847793212,True,False
57,Static,1,128,1,1,1,True,132.74874129557278,62.82231109404096,True,False
57,Static,3,128,0,1,0,False,35.34455827873717,37.91336042800778,False,False
57,Static,6,128,0,0,0,True,77.92116301942326,20.504973861755452,True,False
57,Static,12,128,0,0,0,True,77.92116301942326,20.504973861755452,True,False
57,Static,24,128,0,0,0,True,77.92116301942326,20.504973861755452,True,False
58,AlwaysDecrease20,1,128,0,4,0,False,5.774307366938379,32.21134627752257,False,False
58,AlwaysDecrease20,3,128,0,1,0,False,15.119353942497696,66.41977220483496,False,False
58,AlwaysDecrease20,6,128,0,0,0,True,273.8761629784578,20.56191511801328,True,False
58,AlwaysDecrease20,12,128,0,0,0,True,289.3270370039113,20.870801478207042,True,False
58,AlwaysDecrease20,24,128,0,0,0,True,289.3270370039113,20.870801478207042,True,False
58,MyopicEconomic,1,128,0,4,0,False,5.774307366938379,32.21134627752257,False,False
58,MyopicEconomic,3,128,0,0,0,True,128.26482075721896,56.10950041205649,True,False
58,MyopicEconomic,6,128,0,0,0,True,112.0267554268011,56.8724028600079,True,False
58,MyopicEconomic,12,128,0,0,0,True,37.18157661572806,68.28580701368753,False,False
58,MyopicEconomic,24,128,1,0,1,False,29.7330642985495,91.00086286980576,False,False
58,PPO_101,1,128,0,4,0,False,5.774307366938379,32.21134627752257,False,False
58,PPO_101,3,128,0,1,0,False,15.119353942497696,66.41977220483496,False,False
58,PPO_101,6,128,0,0,0,True,273.8761629784578,20.56191511801328,True,False
58,PPO_101,12,128,0,0,0,True,289.3270370039113,20.870801478207042,True,False
58,PPO_101,24,128,0,0,0,True,289.3270370039113,20.870801478207042,True,False
58,PPO_202,1,128,0,4,0,False,5.774307366938379,32.21134627752257,False,False
58,PPO_202,3,128,0,1,0,False,15.119353942497696,66.41977220483496,False,False
58,PPO_202,6,128,0,0,0,True,273.8761629784578,20.56191511801328,True,False
58,PPO_202,12,128,0,0,0,True,289.3270370039113,20.870801478207042,True,False
58,PPO_202,24,128,0,0,0,True,289.3270370039113,20.870801478207042,True,False
58,PPO_303,1,128,0,4,0,False,5.774307366938379,32.21134627752257,False,False
58,PPO_303,3,128,0,1,0,False,15.119353942497696,66.41977220483496,False,False
58,PPO_303,6,128,0,0,0,True,273.8761629784578,20.56191511801328,True,False
58,PPO_303,12,128,0,0,0,True,289.3270370039113,20.870801478207042,True,False
58,PPO_303,24,128,0,0,0,True,289.3270370039113,20.870801478207042,True,False
58,Static,1,128,0,4,0,False,5.774307366938379,32.21134627752257,False,False
58,Static,3,128,0,0,0,True,138.8992152640746,37.525329911947615,True,False
58,Static,6,128,0,0,0,True,351.52221285159504,36.97863528385527,True,False
58,Static,12,128,0,0,0,True,432.3517322626455,29.753720407330714,True,False
58,Static,24,128,0,0,0,True,429.4088464458012,31.445310533424685,True,False
59,AlwaysDecrease20,1,128,0,0,0,True,1.8780309537135664,0.37808423192816154,True,False
59,AlwaysDecrease20,3,128,0,0,0,True,50.788500377610696,17.57719521842379,True,False
59,AlwaysDecrease20,6,128,0,0,0,True,170.9157377909155,18.16937790462581,True,False
59,AlwaysDecrease20,12,128,0,0,0,True,253.54257476819598,10.474959000280851,True,False
59,AlwaysDecrease20,24,128,0,0,0,True,253.54257476819598,10.474959000280851,True,False
59,MyopicEconomic,1,128,0,0,0,True,1.8780309537135664,0.37808423192816154,True,False
59,MyopicEconomic,3,128,4,4,4,True,46.90653545994948,43.12260939396789,False,False
59,MyopicEconomic,6,128,0,0,0,True,175.02943995335522,90.42142143922365,False,False
59,MyopicEconomic,12,128,0,0,0,True,898.6540911662657,152.08995147105364,True,False
59,MyopicEconomic,24,128,0,0,0,True,1074.735404254488,190.02384957425852,True,False
59,PPO_101,1,128,0,0,0,True,1.8780309537135664,0.37808423192816154,True,False
59,PPO_101,3,128,0,0,0,True,50.788500377610696,17.57719521842379,True,False
59,PPO_101,6,128,0,0,0,True,170.9157377909155,18.16937790462581,True,False
59,PPO_101,12,128,0,0,0,True,253.54257476819598,10.474959000280851,True,False
59,PPO_101,24,128,0,0,0,True,253.54257476819598,10.474959000280851,True,False
59,PPO_202,1,128,0,0,0,True,1.8780309537135664,0.37808423192816154,True,False
59,PPO_202,3,128,0,0,0,True,50.788500377610696,17.57719521842379,True,False
59,PPO_202,6,128,0,0,0,True,170.9157377909155,18.16937790462581,True,False
59,PPO_202,12,128,0,0,0,True,253.54257476819598,10.474959000280851,True,False
59,PPO_202,24,128,0,0,0,True,253.54257476819598,10.474959000280851,True,False
59,PPO_303,1,128,0,0,0,True,1.8780309537135664,0.37808423192816154,True,False
59,PPO_303,3,128,0,0,0,True,50.788500377610696,17.57719521842379,True,False
59,PPO_303,6,128,0,0,0,True,170.9157377909155,18.16937790462581,True,False
59,PPO_303,12,128,0,0,0,True,253.54257476819598,10.474959000280851,True,False
59,PPO_303,24,128,0,0,0,True,253.54257476819598,10.474959000280851,True,False
59,Static,1,128,0,0,0,True,1.8780309537135664,0.37808423192816154,True,False
59,Static,3,128,4,4,4,True,26.126706958666972,20.866149023670104,False,False
59,Static,6,128,0,0,0,True,265.3300501290943,24.887197058083736,True,False
59,Static,12,128,0,0,0,True,434.6432647105122,22.803668407318934,True,False
59,Static,24,128,0,0,0,True,445.8778776652493,23.55093432432776,True,False
60,AlwaysDecrease20,1,128,1,2,1,False,0.5715013394747324,21.911424150906953,False,False
60,AlwaysDecrease20,3,128,2,2,2,True,98.27873514854377,56.15782198104148,False,False
60,AlwaysDecrease20,6,128,1,1,1,True,74.99883384363054,29.0394223140959,True,False
60,AlwaysDecrease20,12,128,1,1,1,True,11.66538484425747,18.27778646372884,False,False
60,AlwaysDecrease20,24,128,1,1,1,True,11.66538484425747,18.27778646372884,False,False
60,MyopicEconomic,1,128,1,2,1,False,0.5715013394747324,21.911424150906953,False,False
60,MyopicEconomic,3,128,1,2,0,False,18.302493486872457,53.643218274826765,False,False
60,MyopicEconomic,6,128,0,0,0,True,173.69850126119263,45.16172072392248,True,False
60,MyopicEconomic,12,128,0,0,0,True,463.6364192846665,70.54186228328349,True,False
60,MyopicEconomic,24,128,0,0,0,True,457.9819544340954,93.13020253761795,True,False
60,PPO_101,1,128,1,2,1,False,0.5715013394747324,21.911424150906953,False,False
60,PPO_101,3,128,2,2,2,True,98.27873514854377,56.15782198104148,False,False
60,PPO_101,6,128,1,1,1,True,74.99883384363054,29.0394223140959,True,False
60,PPO_101,12,128,1,1,1,True,11.66538484425747,18.27778646372884,False,False
60,PPO_101,24,128,1,1,1,True,11.66538484425747,18.27778646372884,False,False
60,PPO_202,1,128,1,2,1,False,0.5715013394747324,21.911424150906953,False,False
60,PPO_202,3,128,2,2,2,True,98.27873514854377,56.15782198104148,False,False
60,PPO_202,6,128,1,1,1,True,74.99883384363054,29.0394223140959,True,False
60,PPO_202,12,128,1,1,1,True,11.66538484425747,18.27778646372884,False,False
60,PPO_202,24,128,1,1,1,True,11.66538484425747,18.27778646372884,False,False
60,PPO_303,1,128,1,2,1,False,0.5715013394747324,21.911424150906953,False,False
60,PPO_303,3,128,2,2,2,True,98.27873514854377,56.15782198104148,False,False
60,PPO_303,6,128,1,1,1,True,74.99883384363054,29.0394223140959,True,False
60,PPO_303,12,128,1,1,1,True,11.66538484425747,18.27778646372884,False,False
60,PPO_303,24,128,1,1,1,True,11.66538484425747,18.27778646372884,False,False
60,Static,1,128,1,2,1,False,0.5715013394747324,21.911424150906953,False,False
60,Static,3,128,1,2,1,False,2.13868258007008,44.25404403839911,False,False
60,Static,6,128,1,1,1,True,31.129962339890717,51.33522777509322,False,False
60,Static,12,128,0,0,0,True,246.5209125259454,42.70938166588879,True,False
60,Static,24,128,0,0,0,True,248.86903407685116,42.882339376644616,True,False
61,AlwaysDecrease20,1,128,2,1,2,False,35.23956095695214,39.59585723463882,False,False
61,AlwaysDecrease20,3,128,2,2,0,False,27.21093854724179,90.13960350511597,False,False
61,AlwaysDecrease20,6,128,0,0,0,True,104.6932626878764,81.0676543803504,False,False
61,AlwaysDecrease20,12,128,0,0,0,True,104.6932626878764,81.0676543803504,False,False
61,AlwaysDecrease20,24,128,0,0,0,True,104.6932626878764,81.0676543803504,False,False
61,MyopicEconomic,1,128,2,1,2,False,35.23956095695214,39.59585723463882,False,False
61,MyopicEconomic,3,128,2,2,0,False,0.5959974771363648,101.78657824277812,False,False
61,MyopicEconomic,6,128,0,0,0,True,196.95021615221572,70.09455659744496,True,False
61,MyopicEconomic,12,128,0,0,0,True,196.95021615221572,70.09455659744496,True,False
61,MyopicEconomic,24,128,0,0,0,True,196.95021615221572,70.09455659744496,True,False
61,PPO_101,1,128,2,1,2,False,35.23956095695214,39.59585723463882,False,False
61,PPO_101,3,128,2,2,0,False,27.21093854724179,90.13960350511597,False,False
61,PPO_101,6,128,0,0,0,True,104.6932626878764,81.0676543803504,False,False
61,PPO_101,12,128,0,0,0,True,104.6932626878764,81.0676543803504,False,False
61,PPO_101,24,128,0,0,0,True,104.6932626878764,81.0676543803504,False,False
61,PPO_202,1,128,2,1,2,False,35.23956095695214,39.59585723463882,False,False
61,PPO_202,3,128,2,2,0,False,27.21093854724179,90.13960350511597,False,False
61,PPO_202,6,128,0,0,0,True,104.6932626878764,81.0676543803504,False,False
61,PPO_202,12,128,0,0,0,True,104.6932626878764,81.0676543803504,False,False
61,PPO_202,24,128,0,0,0,True,104.6932626878764,81.0676543803504,False,False
61,PPO_303,1,128,2,1,2,False,35.23956095695214,39.59585723463882,False,False
61,PPO_303,3,128,2,2,0,False,27.21093854724179,90.13960350511597,False,False
61,PPO_303,6,128,0,0,0,True,104.6932626878764,81.0676543803504,False,False
61,PPO_303,12,128,0,0,0,True,104.6932626878764,81.0676543803504,False,False
61,PPO_303,24,128,0,0,0,True,104.6932626878764,81.0676543803504,False,False
61,Static,1,128,2,1,2,False,35.23956095695214,39.59585723463882,False,False
61,Static,3,128,2,2,2,True,113.99051458999325,65.90443416424696,False,False
61,Static,6,128,0,0,0,True,111.61435915159468,114.36579043018018,False,False
61,Static,12,128,0,0,0,True,111.61435915159468,114.36579043018018,False,False
61,Static,24,128,0,0,0,True,111.61435915159468,114.36579043018018,False,False
62,AlwaysDecrease20,1,128,4,4,0,False,0.05809537524002617,0.19266614007620825,False,False
62,AlwaysDecrease20,3,128,4,4,4,True,1.9833513397281795,1.0815984315392273,False,False
62,AlwaysDecrease20,6,128,4,4,4,True,15.548710010109044,7.47984801553034,True,False
62,AlwaysDecrease20,12,128,4,4,2,False,11.623366212469532,13.52475588361013,False,False
62,AlwaysDecrease20,24,128,4,4,2,False,11.623366212469532,13.52475588361013,False,False
62,MyopicEconomic,1,128,4,4,0,False,0.05809537524002617,0.19266614007620825,False,False
62,MyopicEconomic,3,128,4,4,4,True,1.888879789974399,1.1454086375645487,False,False
62,MyopicEconomic,6,128,4,4,4,True,16.321403552609194,13.617720715376509,False,False
62,MyopicEconomic,12,128,4,4,0,False,3.3937239232782175,17.15052139409727,False,False
62,MyopicEconomic,24,128,4,4,0,False,3.3937239232782175,17.15052139409727,False,False
62,PPO_101,1,128,4,4,0,False,0.05809537524002617,0.19266614007620825,False,False
62,PPO_101,3,128,4,4,4,True,1.9833513397281795,1.0815984315392273,False,False
62,PPO_101,6,128,4,4,4,True,15.548710010109044,7.47984801553034,True,False
62,PPO_101,12,128,4,4,2,False,11.623366212469532,13.52475588361013,False,False
62,PPO_101,24,128,4,4,2,False,11.623366212469532,13.52475588361013,False,False
62,PPO_202,1,128,4,4,0,False,0.05809537524002617,0.19266614007620825,False,False
62,PPO_202,3,128,4,4,4,True,1.9833513397281795,1.0815984315392273,False,False
62,PPO_202,6,128,4,4,4,True,15.548710010109044,7.47984801553034,True,False
62,PPO_202,12,128,4,4,2,False,11.623366212469532,13.52475588361013,False,False
62,PPO_202,24,128,4,4,2,False,11.623366212469532,13.52475588361013,False,False
62,PPO_303,1,128,4,4,0,False,0.05809537524002617,0.19266614007620825,False,False
62,PPO_303,3,128,4,4,4,True,1.9833513397281795,1.0815984315392273,False,False
62,PPO_303,6,128,4,4,4,True,15.548710010109044,7.47984801553034,True,False
62,PPO_303,12,128,4,4,2,False,11.623366212469532,13.52475588361013,False,False
62,PPO_303,24,128,4,4,2,False,11.623366212469532,13.52475588361013,False,False
62,Static,1,128,4,4,0,False,0.05809537524002617,0.19266614007620825,False,False
62,Static,3,128,4,4,4,True,1.5451423625841485,1.0687896832123864,False,False
62,Static,6,128,4,4,4,True,3.969360301408085,1.9183967512443767,True,False
62,Static,12,128,4,4,4,True,14.732763343315117,10.264366868711866,False,False
62,Static,24,128,4,4,4,True,14.732763343315117,10.264366868711866,False,False
63,AlwaysDecrease20,1,128,4,4,4,True,19.694875334208973,11.05180825985631,False,False
63,AlwaysDecrease20,3,128,0,0,0,True,11.75599205193541,4.034200520175423,True,False
63,AlwaysDecrease20,6,128,0,0,0,True,11.75599205193541,4.034200520175423,True,False
63,AlwaysDecrease20,12,128,0,0,0,True,11.75599205193541,4.034200520175423,True,False
63,AlwaysDecrease20,24,128,0,0,0,True,11.75599205193541,4.034200520175423,True,False
63,MyopicEconomic,1,128,4,4,4,True,19.694875334208973,11.05180825985631,False,False
63,MyopicEconomic,3,128,0,4,0,False,1.768072160563399,15.54734361187087,False,False
63,MyopicEconomic,6,128,0,0,0,True,13.813611492772193,4.786016469429991,True,False
63,MyopicEconomic,12,128,0,0,0,True,13.813611492772194,4.786016469429991,True,False
63,MyopicEconomic,24,128,0,0,0,True,13.813611492772194,4.786016469429991,True,False
63,PPO_101,1,128,4,4,4,True,19.694875334208973,11.05180825985631,False,False
63,PPO_101,3,128,0,0,0,True,11.75599205193541,4.034200520175423,True,False
63,PPO_101,6,128,0,0,0,True,11.75599205193541,4.034200520175423,True,False
63,PPO_101,12,128,0,0,0,True,11.75599205193541,4.034200520175423,True,False
63,PPO_101,24,128,0,0,0,True,11.75599205193541,4.034200520175423,True,False
63,PPO_202,1,128,4,4,4,True,19.694875334208973,11.05180825985631,False,False
63,PPO_202,3,128,0,0,0,True,11.75599205193541,4.034200520175423,True,False
63,PPO_202,6,128,0,0,0,True,11.75599205193541,4.034200520175423,True,False
63,PPO_202,12,128,0,0,0,True,11.75599205193541,4.034200520175423,True,False
63,PPO_202,24,128,0,0,0,True,11.75599205193541,4.034200520175423,True,False
63,PPO_303,1,128,4,4,4,True,19.694875334208973,11.05180825985631,False,False
63,PPO_303,3,128,0,0,0,True,11.75599205193541,4.034200520175423,True,False
63,PPO_303,6,128,0,0,0,True,11.75599205193541,4.034200520175423,True,False
63,PPO_303,12,128,0,0,0,True,11.75599205193541,4.034200520175423,True,False
63,PPO_303,24,128,0,0,0,True,11.75599205193541,4.034200520175423,True,False
63,Static,1,128,4,4,4,True,19.694875334208973,11.05180825985631,False,False
63,Static,3,128,0,4,0,False,1.2066818119089087,15.5595689506141,False,False
63,Static,6,128,0,0,0,True,13.813611492772193,4.786016469429991,True,False
63,Static,12,128,0,0,0,True,13.813611492772194,4.786016469429991,True,False
63,Static,24,128,0,0,0,True,13.813611492772194,4.786016469429991,True,False
64,AlwaysDecrease20,1,128,2,0,2,False,26.30274802865268,19.729174367680848,False,False
64,AlwaysDecrease20,3,128,2,2,2,True,17.9896115295846,12.01072848368637,False,False
64,AlwaysDecrease20,6,128,2,2,2,True,27.96966303146793,23.86486091589658,False,False
64,AlwaysDecrease20,12,128,0,2,0,False,22.425631369324904,51.940428907544174,False,False
64,AlwaysDecrease20,24,128,0,2,0,False,22.425631369324904,51.940428907544174,False,False
64,MyopicEconomic,1,128,2,0,2,False,26.30274802865268,19.729174367680848,False,False
64,MyopicEconomic,3,128,2,2,2,True,16.858860638979632,11.87804954502492,False,False
64,MyopicEconomic,6,128,0,2,0,False,1.004716347589378,2.181608192053728,False,False
64,MyopicEconomic,12,128,1,2,0,False,0.16168062419665574,2.8435710544132253,False,False
64,MyopicEconomic,24,128,1,2,0,False,0.16168062419665574,2.8435710544132253,False,False
64,PPO_101,1,128,2,0,2,False,26.30274802865268,19.729174367680848,False,False
64,PPO_101,3,128,2,2,2,True,17.9896115295846,12.01072848368637,False,False
64,PPO_101,6,128,2,2,2,True,27.96966303146793,23.86486091589658,False,False
64,PPO_101,12,128,0,2,0,False,22.425631369324904,51.940428907544174,False,False
64,PPO_101,24,128,0,2,0,False,22.425631369324904,51.940428907544174,False,False
64,PPO_202,1,128,2,0,2,False,26.30274802865268,19.729174367680848,False,False
64,PPO_202,3,128,2,2,2,True,17.9896115295846,12.01072848368637,False,False
64,PPO_202,6,128,2,2,2,True,27.96966303146793,23.86486091589658,False,False
64,PPO_202,12,128,0,2,0,False,22.425631369324904,51.940428907544174,False,False
64,PPO_202,24,128,0,2,0,False,22.425631369324904,51.940428907544174,False,False
64,PPO_303,1,128,2,0,2,False,26.30274802865268,19.729174367680848,False,False
64,PPO_303,3,128,2,2,2,True,17.9896115295846,12.01072848368637,False,False
64,PPO_303,6,128,2,2,2,True,27.96966303146793,23.86486091589658,False,False
64,PPO_303,12,128,0,2,0,False,22.425631369324904,51.940428907544174,False,False
64,PPO_303,24,128,0,2,0,False,22.425631369324904,51.940428907544174,False,False
64,Static,1,128,2,0,2,False,26.30274802865268,19.729174367680848,False,False
64,Static,3,128,2,2,2,True,16.573047003081616,11.945746935144061,False,False
64,Static,6,128,2,2,2,True,19.64030010977674,20.071468849217727,False,False
64,Static,12,128,1,0,1,False,22.642127863897,39.30845524780132,False,False
64,Static,24,128,1,0,1,False,22.642127863897,39.30845524780132,False,False
65,AlwaysDecrease20,1,128,4,4,4,True,0.031232395052007172,0.001343286474886317,True,False
65,AlwaysDecrease20,3,128,4,4,4,True,22.334643775093284,17.159223849515726,False,False
65,AlwaysDecrease20,6,128,4,4,4,True,6.948053268151206,14.455834891453431,False,False
65,AlwaysDecrease20,12,128,0,0,0,True,56.19046522356368,14.633074191486246,True,False
65,AlwaysDecrease20,24,128,0,0,0,True,71.67363727486195,10.596725383785055,True,False
65,MyopicEconomic,1,128,4,4,4,True,0.031232395052007172,0.001343286474886317,True,False
65,MyopicEconomic,3,128,4,4,4,True,4.277557603773349,0.17033493261907562,True,False
65,MyopicEconomic,6,128,4,4,4,True,4.344844522418359,0.1950422941691265,True,False
65,MyopicEconomic,12,128,4,4,4,True,8.165295918565754,0.3369337591879276,True,False
65,MyopicEconomic,24,128,4,4,1,False,9.628588439457355,0.3984263961141838,True,False
65,PPO_101,1,128,4,4,4,True,0.031232395052007172,0.001343286474886317,True,False
65,PPO_101,3,128,4,4,4,True,22.334643775093284,17.159223849515726,False,False
65,PPO_101,6,128,4,4,4,True,6.948053268151206,14.455834891453431,False,False
65,PPO_101,12,128,0,0,0,True,56.19046522356368,14.633074191486246,True,False
65,PPO_101,24,128,0,0,0,True,71.67363727486195,10.596725383785055,True,False
65,PPO_202,1,128,4,4,4,True,0.031232395052007172,0.001343286474886317,True,False
65,PPO_202,3,128,4,4,4,True,22.334643775093284,17.159223849515726,False,False
65,PPO_202,6,128,4,4,4,True,6.948053268151206,14.455834891453431,False,False
65,PPO_202,12,128,0,0,0,True,56.19046522356368,14.633074191486246,True,False
65,PPO_202,24,128,0,0,0,True,71.67363727486195,10.596725383785055,True,False
65,PPO_303,1,128,4,4,4,True,0.031232395052007172,0.001343286474886317,True,False
65,PPO_303,3,128,4,4,4,True,22.334643775093284,17.159223849515726,False,False
65,PPO_303,6,128,4,4,4,True,6.948053268151206,14.455834891453431,False,False
65,PPO_303,12,128,0,0,0,True,56.19046522356368,14.633074191486246,True,False
65,PPO_303,24,128,0,0,0,True,71.67363727486195,10.596725383785055,True,False
65,Static,1,128,4,4,4,True,0.031232395052007172,0.001343286474886317,True,False
65,Static,3,128,4,4,4,True,15.555186030160275,10.849708113708921,False,False
65,Static,6,128,4,4,4,True,38.881714557017176,17.60423626882726,True,False
65,Static,12,128,4,4,4,True,34.376586144184195,15.317043113640109,True,False
65,Static,24,128,4,4,4,True,63.07520761606768,32.59631864122685,False,False
66,AlwaysDecrease20,1,128,0,0,0,True,0.39076965947607656,0.07207298294710536,True,False
66,AlwaysDecrease20,3,128,2,2,2,True,39.82464423537485,24.897937850729054,False,False
66,AlwaysDecrease20,6,128,2,2,2,True,41.24466860409993,49.90408530700706,False,False
66,AlwaysDecrease20,12,128,0,0,0,True,81.79925671266145,16.05043055973915,True,False
66,AlwaysDecrease20,24,128,0,0,0,True,81.79925671266143,16.050430559739148,True,False
66,MyopicEconomic,1,128,0,0,0,True,0.39076965947607656,0.07207298294710536,True,False
66,MyopicEconomic,3,128,2,2,2,True,2.119588864749229,1.7970055122724449,False,False
66,MyopicEconomic,6,128,2,2,0,False,27.187205346353604,29.089295742519017,False,False
66,MyopicEconomic,12,128,2,2,2,True,2.277271106765557,1.810804789004868,False,False
66,MyopicEconomic,24,128,2,2,2,True,2.4947502939058843,1.8111998176116917,False,False
66,PPO_101,1,128,0,0,0,True,0.39076965947607656,0.07207298294710536,True,False
66,PPO_101,3,128,2,2,2,True,39.82464423537485,24.897937850729054,False,False
66,PPO_101,6,128,2,2,2,True,41.24466860409993,49.90408530700706,False,False
66,PPO_101,12,128,0,0,0,True,81.79925671266145,16.05043055973915,True,False
66,PPO_101,24,128,0,0,0,True,81.79925671266143,16.050430559739148,True,False
66,PPO_202,1,128,0,0,0,True,0.39076965947607656,0.07207298294710536,True,False
66,PPO_202,3,128,2,2,2,True,39.82464423537485,24.897937850729054,False,False
66,PPO_202,6,128,2,2,2,True,41.24466860409993,49.90408530700706,False,False
66,PPO_202,12,128,0,0,0,True,81.79925671266145,16.05043055973915,True,False
66,PPO_202,24,128,0,0,0,True,81.79925671266143,16.050430559739148,True,False
66,PPO_303,1,128,0,0,0,True,0.39076965947607656,0.07207298294710536,True,False
66,PPO_303,3,128,2,2,2,True,39.82464423537485,24.897937850729054,False,False
66,PPO_303,6,128,2,2,2,True,41.24466860409993,49.90408530700706,False,False
66,PPO_303,12,128,0,0,0,True,81.79925671266145,16.05043055973915,True,False
66,PPO_303,24,128,0,0,0,True,81.79925671266143,16.050430559739148,True,False
66,Static,1,128,0,0,0,True,0.39076965947607656,0.07207298294710536,True,False
66,Static,3,128,0,2,0,False,2.33672190489888,6.260750000653387,False,False
66,Static,6,128,2,2,2,True,68.03392076268558,42.62338290685335,False,False
66,Static,12,128,1,1,0,False,13.040134249160438,39.8688409490179,False,False
66,Static,24,128,0,0,0,True,26.810285595622442,31.311044026064543,False,False
67,AlwaysDecrease20,1,128,0,0,0,True,0.013507908796533366,0.0007533853495144535,True,False
67,AlwaysDecrease20,3,128,4,4,4,True,0.07912524591211523,0.010864179882107064,True,False
67,AlwaysDecrease20,6,128,4,4,4,True,1.7345794554319764,0.7850111816439043,True,False
67,AlwaysDecrease20,12,128,4,4,4,True,6.537918295423987,2.200536128519957,True,False
67,AlwaysDecrease20,24,128,4,4,4,True,6.537918295423987,2.200536128519957,True,False
67,MyopicEconomic,1,128,0,0,0,True,0.013507908796533366,0.0007533853495144535,True,False
67,MyopicEconomic,3,128,4,4,4,True,0.0507745390507053,0.021775595104108814,True,False
67,MyopicEconomic,6,128,1,0,1,False,0.31585686032104093,0.06974231255447197,True,False
67,MyopicEconomic,12,128,4,4,4,True,0.36863663596262775,0.09554239238468329,True,False
67,MyopicEconomic,24,128,4,4,4,True,0.36863663596262775,0.09554239238468329,True,False
67,PPO_101,1,128,0,0,0,True,0.013507908796533366,0.0007533853495144535,True,False
67,PPO_101,3,128,4,4,4,True,0.07912524591211523,0.010864179882107064,True,False
67,PPO_101,6,128,4,4,4,True,1.7345794554319764,0.7850111816439043,True,False
67,PPO_101,12,128,4,4,4,True,6.537918295423987,2.200536128519957,True,False
67,PPO_101,24,128,4,4,4,True,6.537918295423987,2.200536128519957,True,False
67,PPO_202,1,128,0,0,0,True,0.013507908796533366,0.0007533853495144535,True,False
67,PPO_202,3,128,4,4,4,True,0.07912524591211523,0.010864179882107064,True,False
67,PPO_202,6,128,4,4,4,True,1.7345794554319764,0.7850111816439043,True,False
67,PPO_202,12,128,4,4,4,True,6.537918295423987,2.200536128519957,True,False
67,PPO_202,24,128,4,4,4,True,6.537918295423987,2.200536128519957,True,False
67,PPO_303,1,128,0,0,0,True,0.013507908796533366,0.0007533853495144535,True,False
67,PPO_303,3,128,4,4,4,True,0.07912524591211523,0.010864179882107064,True,False
67,PPO_303,6,128,4,4,4,True,1.7345794554319764,0.7850111816439043,True,False
67,PPO_303,12,128,4,4,4,True,6.537918295423987,2.200536128519957,True,False
67,PPO_303,24,128,4,4,4,True,6.537918295423987,2.200536128519957,True,False
67,Static,1,128,0,0,0,True,0.013507908796533366,0.0007533853495144535,True,False
67,Static,3,128,3,3,3,True,0.058151564873585866,0.013481045677543102,True,False
67,Static,6,128,3,0,3,False,0.2013731099664208,0.040116540672789275,True,False
67,Static,12,128,3,1,3,False,0.22726564793308185,0.051820490446552854,True,False
67,Static,24,128,3,1,3,False,0.22726564793308185,0.051820490446552854,True,False
68,AlwaysDecrease20,1,128,2,2,2,True,0.45903515976293086,0.06350394250357153,True,False
68,AlwaysDecrease20,3,128,3,4,3,False,0.4409390034893743,2.6218514729397375,False,False
68,AlwaysDecrease20,6,128,3,4,3,False,0.9809580294687978,2.2299769493109274,False,False
68,AlwaysDecrease20,12,128,3,4,3,False,0.994305442503269,2.3073545080346003,False,False
68,AlwaysDecrease20,24,128,3,4,3,False,0.994305442503269,2.3073545080346003,False,False
68,MyopicEconomic,1,128,2,2,2,True,0.45903515976293086,0.06350394250357153,True,False
68,MyopicEconomic,3,128,4,4,4,True,3.5570134356625376,0.5509330481247215,True,False
68,MyopicEconomic,6,128,4,4,4,True,7.887468378189446,1.738629227563835,True,False
68,MyopicEconomic,12,128,4,4,4,True,8.1768863726263,1.8629003629357852,True,False
68,MyopicEconomic,24,128,4,4,4,True,8.1768863726263,1.8629003629357852,True,False
68,PPO_101,1,128,2,2,2,True,0.45903515976293086,0.06350394250357153,True,False
68,PPO_101,3,128,3,4,3,False,0.4409390034893743,2.6218514729397375,False,False
68,PPO_101,6,128,3,4,3,False,0.9809580294687978,2.2299769493109274,False,False
68,PPO_101,12,128,3,4,3,False,0.994305442503269,2.3073545080346003,False,False
68,PPO_101,24,128,3,4,3,False,0.994305442503269,2.3073545080346003,False,False
68,PPO_202,1,128,2,2,2,True,0.45903515976293086,0.06350394250357153,True,False
68,PPO_202,3,128,3,4,3,False,0.4409390034893743,2.6218514729397375,False,False
68,PPO_202,6,128,3,4,3,False,0.9809580294687978,2.2299769493109274,False,False
68,PPO_202,12,128,3,4,3,False,0.994305442503269,2.3073545080346003,False,False
68,PPO_202,24,128,3,4,3,False,0.994305442503269,2.3073545080346003,False,False
68,PPO_303,1,128,2,2,2,True,0.45903515976293086,0.06350394250357153,True,False
68,PPO_303,3,128,3,4,3,False,0.4409390034893743,2.6218514729397375,False,False
68,PPO_303,6,128,3,4,3,False,0.9809580294687978,2.2299769493109274,False,False
68,PPO_303,12,128,3,4,3,False,0.994305442503269,2.3073545080346003,False,False
68,PPO_303,24,128,3,4,3,False,0.994305442503269,2.3073545080346003,False,False
68,Static,1,128,2,2,2,True,0.45903515976293086,0.06350394250357153,True,False
68,Static,3,128,4,4,4,True,0.6305022233810715,1.3178737173572284,False,False
68,Static,6,128,2,2,4,False,0.7962898464930116,2.9379669928942196,False,False
68,Static,12,128,2,2,4,False,0.6189539055180834,3.0601740448330896,False,False
68,Static,24,128,2,2,4,False,0.6189539055180834,3.0601740448330896,False,False
69,AlwaysDecrease20,1,128,4,4,4,True,0.04618568735520573,0.0010487306579157149,True,False
69,AlwaysDecrease20,3,128,4,4,4,True,0.15756523251820154,0.004408417694234891,True,False
69,AlwaysDecrease20,6,128,4,4,4,True,0.16914100011001376,0.005399248874327598,True,False
69,AlwaysDecrease20,12,128,4,4,4,True,0.16914100011001376,0.005399248874327598,True,False
69,AlwaysDecrease20,24,128,4,4,4,True,0.16914100011001376,0.005399248874327598,True,False
69,MyopicEconomic,1,128,4,4,4,True,0.04618568735520573,0.0010487306579157149,True,False
69,MyopicEconomic,3,128,4,4,4,True,0.151606090914231,0.004498973662544181,True,False
69,MyopicEconomic,6,128,4,4,4,True,0.15814897344784518,0.004843708034989916,True,False
69,MyopicEconomic,12,128,4,4,4,True,0.15814897344784518,0.004843708034989916,True,False
69,MyopicEconomic,24,128,4,4,4,True,0.15814897344784518,0.004843708034989916,True,False
69,PPO_101,1,128,4,4,4,True,0.04618568735520573,0.0010487306579157149,True,False
69,PPO_101,3,128,4,4,4,True,0.15756523251820154,0.004408417694234891,True,False
69,PPO_101,6,128,4,4,4,True,0.16914100011001376,0.005399248874327598,True,False
69,PPO_101,12,128,4,4,4,True,0.16914100011001376,0.005399248874327598,True,False
69,PPO_101,24,128,4,4,4,True,0.16914100011001376,0.005399248874327598,True,False
69,PPO_202,1,128,4,4,4,True,0.04618568735520573,0.0010487306579157149,True,False
69,PPO_202,3,128,4,4,4,True,0.15756523251820154,0.004408417694234891,True,False
69,PPO_202,6,128,4,4,4,True,0.16914100011001376,0.005399248874327598,True,False
69,PPO_202,12,128,4,4,4,True,0.16914100011001376,0.005399248874327598,True,False
69,PPO_202,24,128,4,4,4,True,0.16914100011001376,0.005399248874327598,True,False
69,PPO_303,1,128,4,4,4,True,0.04618568735520573,0.0010487306579157149,True,False
69,PPO_303,3,128,4,4,4,True,0.15756523251820154,0.004408417694234891,True,False
69,PPO_303,6,128,4,4,4,True,0.16914100011001376,0.005399248874327598,True,False
69,PPO_303,12,128,4,4,4,True,0.16914100011001376,0.005399248874327598,True,False
69,PPO_303,24,128,4,4,4,True,0.16914100011001376,0.005399248874327598,True,False
69,Static,1,128,4,4,4,True,0.04618568735520573,0.0010487306579157149,True,False
69,Static,3,128,4,4,4,True,0.15462053884867805,0.0043334617714567095,True,False
69,Static,6,128,4,4,4,True,0.16433875777102896,0.0047028601307689145,True,False
69,Static,12,128,4,4,4,True,0.16433875777102896,0.0047028601307689145,True,False
69,Static,24,128,4,4,4,True,0.16433875777102896,0.0047028601307689145,True,False
70,AlwaysDecrease20,1,128,4,0,4,False,8.141364464931605,8.942261941331461,False,False
70,AlwaysDecrease20,3,128,4,4,4,True,27.952052616420268,14.983792924521158,False,False
70,AlwaysDecrease20,6,128,0,0,0,True,40.06019570745146,9.58037756288843,True,False
70,AlwaysDecrease20,12,128,0,0,0,True,57.7283562701191,10.217224576157745,True,False
70,AlwaysDecrease20,24,128,0,0,0,True,57.7283562701191,10.217224576157744,True,False
70,MyopicEconomic,1,128,4,0,4,False,8.141364464931605,8.942261941331461,False,False
70,MyopicEconomic,3,128,4,4,4,True,9.133211540271368,6.024962830596921,False,False
70,MyopicEconomic,6,128,4,4,3,False,16.050179428292537,28.500907933614474,False,False
70,MyopicEconomic,12,128,0,0,1,False,6.242107802262904,10.952379519286675,False,False
70,MyopicEconomic,24,128,0,0,1,False,5.426220347836196,10.977119292195482,False,False
70,PPO_101,1,128,4,0,4,False,8.141364464931605,8.942261941331461,False,False
70,PPO_101,3,128,4,4,4,True,27.952052616420268,14.983792924521158,False,False
70,PPO_101,6,128,0,0,0,True,40.06019570745146,9.58037756288843,True,False
70,PPO_101,12,128,0,0,0,True,57.7283562701191,10.217224576157745,True,False
70,PPO_101,24,128,0,0,0,True,57.7283562701191,10.217224576157744,True,False
70,PPO_202,1,128,4,0,4,False,8.141364464931605,8.942261941331461,False,False
70,PPO_202,3,128,4,4,4,True,27.952052616420268,14.983792924521158,False,False
70,PPO_202,6,128,0,0,0,True,40.06019570745146,9.58037756288843,True,False
70,PPO_202,12,128,0,0,0,True,57.7283562701191,10.217224576157745,True,False
70,PPO_202,24,128,0,0,0,True,57.7283562701191,10.217224576157744,True,False
70,PPO_303,1,128,4,0,4,False,8.141364464931605,8.942261941331461,False,False
70,PPO_303,3,128,4,4,4,True,27.952052616420268,14.983792924521158,False,False
70,PPO_303,6,128,0,0,0,True,40.06019570745146,9.58037756288843,True,False
70,PPO_303,12,128,0,0,0,True,57.7283562701191,10.217224576157745,True,False
70,PPO_303,24,128,0,0,0,True,57.7283562701191,10.217224576157744,True,False
70,Static,1,128,4,0,4,False,8.141364464931605,8.942261941331461,False,False
70,Static,3,128,4,4,4,True,9.03838749716216,6.0103169194335,False,False
70,Static,6,128,3,4,3,False,3.3905433477635114,8.709803446758238,False,False
70,Static,12,128,1,1,1,True,0.978006107483429,9.18641118143906,False,False
70,Static,24,128,1,1,1,True,5.275488744186225,10.25378230592627,False,False
71,AlwaysDecrease20,1,128,2,2,2,True,1.9592969956640398,0.21917407588238835,True,False
71,AlwaysDecrease20,3,128,2,2,2,True,2.44961141621868,0.5600126702283117,True,False
71,AlwaysDecrease20,6,128,2,2,2,True,3.0627661641837944,0.7862714695601037,True,False
71,AlwaysDecrease20,12,128,2,2,2,True,2.4108600254227275,0.7085400318705147,True,False
71,AlwaysDecrease20,24,128,2,2,2,True,2.4108600254227275,0.7085400318705147,True,False
71,MyopicEconomic,1,128,2,2,2,True,1.9592969956640398,0.21917407588238835,True,False
71,MyopicEconomic,3,128,2,2,2,True,2.1432911035679365,0.8687023944107619,True,False
71,MyopicEconomic,6,128,3,3,2,False,0.22641356751228747,3.0481106376040867,False,False
71,MyopicEconomic,12,128,3,3,3,True,1.668602102738848,4.370626705637206,False,False
71,MyopicEconomic,24,128,3,3,3,True,1.668602102738848,4.370626705637206,False,False
71,PPO_101,1,128,2,2,2,True,1.9592969956640398,0.21917407588238835,True,False
71,PPO_101,3,128,2,2,2,True,2.44961141621868,0.5600126702283117,True,False
71,PPO_101,6,128,2,2,2,True,3.0627661641837944,0.7862714695601037,True,False
71,PPO_101,12,128,2,2,2,True,2.4108600254227275,0.7085400318705147,True,False
71,PPO_101,24,128,2,2,2,True,2.4108600254227275,0.7085400318705147,True,False
71,PPO_202,1,128,2,2,2,True,1.9592969956640398,0.21917407588238835,True,False
71,PPO_202,3,128,2,2,2,True,2.44961141621868,0.5600126702283117,True,False
71,PPO_202,6,128,2,2,2,True,3.0627661641837944,0.7862714695601037,True,False
71,PPO_202,12,128,2,2,2,True,2.4108600254227275,0.7085400318705147,True,False
71,PPO_202,24,128,2,2,2,True,2.4108600254227275,0.7085400318705147,True,False
71,PPO_303,1,128,2,2,2,True,1.9592969956640398,0.21917407588238835,True,False
71,PPO_303,3,128,2,2,2,True,2.44961141621868,0.5600126702283117,True,False
71,PPO_303,6,128,2,2,2,True,3.0627661641837944,0.7862714695601037,True,False
71,PPO_303,12,128,2,2,2,True,2.4108600254227275,0.7085400318705147,True,False
71,PPO_303,24,128,2,2,2,True,2.4108600254227275,0.7085400318705147,True,False
71,Static,1,128,2,2,2,True,1.9592969956640398,0.21917407588238835,True,False
71,Static,3,128,2,2,2,True,5.992214112058515,0.5206909063266623,True,False
71,Static,6,128,2,2,2,True,13.126411045190569,0.7322800241126756,True,False
71,Static,12,128,2,2,2,True,18.352152118991256,0.9194310573124085,True,False
71,Static,24,128,2,2,2,True,18.352152118991256,0.9194310573124085,True,False
