parameter,factor,state_id,horizon,continuation,gamma,weight,draws,best_action,second_action,gap,gap_se,tie_count
annual_percentage_rate,0.5,0,1,Static,0.98,279.5,128,2,1,0.09440170266903711,0.00444096158450094,1
annual_percentage_rate,0.5,0,6,Static,0.98,279.5,128,2,1,1.5256456569513075,0.10212031659987045,1
annual_percentage_rate,0.5,0,24,Static,0.98,279.5,128,2,1,1.5256456569513075,0.10212031659987045,1
annual_percentage_rate,0.5,1,1,Static,0.98,253.25,128,4,3,0.34911756104322933,0.00032905581545946674,1
annual_percentage_rate,0.5,1,6,Static,0.98,253.25,128,4,3,0.5790542908271054,0.4567748950769505,1
annual_percentage_rate,0.5,1,24,Static,0.98,253.25,128,4,3,0.6675286993653599,0.5006519528584865,1
annual_percentage_rate,0.5,2,1,Static,0.98,519.0,128,0,1,0.4810135458913627,0.04185304704742357,1
annual_percentage_rate,0.5,2,6,Static,0.98,519.0,128,3,4,0.0,0.0,2
annual_percentage_rate,0.5,2,24,Static,0.98,519.0,128,3,4,0.0,0.0,2
annual_percentage_rate,0.5,3,1,Static,0.98,327.5,128,0,1,2.8338493862606624,0.4798825444779789,1
annual_percentage_rate,0.5,3,6,Static,0.98,327.5,128,0,1,223.1656283497528,45.463629567463975,1
annual_percentage_rate,0.5,3,24,Static,0.98,327.5,128,0,1,568.0585417666705,54.951610285320754,1
annual_percentage_rate,0.5,4,1,Static,0.98,363.5,128,0,1,0.7644130944041243,0.8749201333278607,1
annual_percentage_rate,0.5,4,6,Static,0.98,363.5,128,2,1,70.1290063784871,48.713883208322024,1
annual_percentage_rate,0.5,4,24,Static,0.98,363.5,128,0,1,170.5895364173402,82.90981872278697,1
annual_percentage_rate,0.5,5,1,Static,0.98,253.25,128,4,3,0.8261931980993633,0.15312490551471736,1
annual_percentage_rate,0.5,5,6,Static,0.98,253.25,128,4,3,12.82332913449579,1.9223911597822652,1
annual_percentage_rate,0.5,5,24,Static,0.98,253.25,128,3,4,3.6162297893256428,2.0003889581425724,1
annual_percentage_rate,0.5,6,1,Static,0.98,514.5,128,0,3,37.937863776349964,24.27752671102545,1
annual_percentage_rate,0.5,6,6,Static,0.98,514.5,128,0,1,275.64839614917923,19.059101510385837,1
annual_percentage_rate,0.5,6,24,Static,0.98,514.5,128,0,1,281.6134788478736,20.06364321652971,1
annual_percentage_rate,0.5,7,1,Static,0.98,519.0,128,4,3,0.1326273750274703,0.0021629902704493184,1
annual_percentage_rate,0.5,7,6,Static,0.98,519.0,128,4,2,3.9874540878764506,7.580526450316815,1
annual_percentage_rate,0.5,7,24,Static,0.98,519.0,128,4,3,17.47342848110361,10.479857419534108,1
annual_percentage_rate,0.5,8,1,Static,0.98,183.75,128,2,3,0.3327286192927724,0.21482094855856473,1
annual_percentage_rate,0.5,8,6,Static,0.98,183.75,128,2,3,1.6378295275176176,0.5365324589897748,1
annual_percentage_rate,0.5,8,24,Static,0.98,183.75,128,2,3,1.6378295275176176,0.5365324589897748,1
annual_percentage_rate,0.5,9,1,Static,0.98,253.25,128,4,3,21.970113174632083,13.403860529814905,1
annual_percentage_rate,0.5,9,6,Static,0.98,253.25,128,4,3,130.83293065469564,23.79549069867928,1
annual_percentage_rate,0.5,9,24,Static,0.98,253.25,128,4,3,86.70110206593587,20.420822063193075,1
annual_percentage_rate,0.5,10,1,Static,0.98,238.5,128,4,3,0.030915483162990726,0.0005463075893699758,1
annual_percentage_rate,0.5,10,6,Static,0.98,238.5,128,4,3,1.219743583678543,0.39286013444870893,1
annual_percentage_rate,0.5,10,24,Static,0.98,238.5,128,4,3,1.3637548593736577,0.3905076028505863,1
annual_percentage_rate,0.5,11,1,Static,0.98,238.5,128,3,4,0.03889088839881827,0.029927029910599035,1
annual_percentage_rate,0.5,11,6,Static,0.98,238.5,128,3,4,2.4593469836799624,36.97549095129254,1
annual_percentage_rate,0.5,11,24,Static,0.98,238.5,128,3,4,2.4593469836799624,36.97549095129254,1
annual_percentage_rate,0.5,12,1,Static,0.98,519.0,128,0,1,40.68842275079001,39.44998406205347,1
annual_percentage_rate,0.5,12,6,Static,0.98,519.0,128,0,1,619.1484932787474,48.433081190557004,1
annual_percentage_rate,0.5,12,24,Static,0.98,519.0,128,0,1,1181.2909601702938,123.73224149916683,1
annual_percentage_rate,0.5,13,1,Static,0.98,327.5,128,4,3,0.07412950509982356,0.001308356099668342,1
annual_percentage_rate,0.5,13,6,Static,0.98,327.5,128,4,3,1.5208389178665895,0.23578264097900584,1
annual_percentage_rate,0.5,13,24,Static,0.98,327.5,128,4,3,6.206279623415925,3.9428282850809744,1
annual_percentage_rate,0.5,14,1,Static,0.98,492.0,128,4,3,0.31499948592532634,0.017723310448076762,1
annual_percentage_rate,0.5,14,6,Static,0.98,492.0,128,4,3,1.4244057529423615,0.7614623454201038,1
annual_percentage_rate,0.5,14,24,Static,0.98,492.0,128,4,3,13.874742447619061,13.280839565701074,1
annual_percentage_rate,0.5,15,1,Static,0.98,514.5,128,1,3,0.13664404782872275,0.33966141962527463,1
annual_percentage_rate,0.5,15,6,Static,0.98,514.5,128,4,3,24.08680931705824,2.0989733727615465,1
annual_percentage_rate,0.5,15,24,Static,0.98,514.5,128,4,3,185.06418128428345,62.075209245157566,1
annual_percentage_rate,0.5,16,1,Static,0.98,253.25,128,0,1,1.1448398144221055,0.5649038602023403,1
annual_percentage_rate,0.5,16,6,Static,0.98,253.25,128,0,1,1.386346579528478,0.9709436217069081,1
annual_percentage_rate,0.5,16,24,Static,0.98,253.25,128,0,1,3.6242639633573983,1.182585279057832,1
annual_percentage_rate,0.5,17,1,Static,0.98,183.75,128,4,3,0.007306230579232589,0.214823984447681,1
annual_percentage_rate,0.5,17,6,Static,0.98,183.75,128,2,3,0.7609855403049491,0.6905191968538045,1
annual_percentage_rate,0.5,17,24,Static,0.98,183.75,128,2,3,0.7609855403049491,0.6905191968538045,1
annual_percentage_rate,0.5,18,1,Static,0.98,327.5,128,4,3,0.013844756131123709,0.04152170668924906,1
annual_percentage_rate,0.5,18,6,Static,0.98,327.5,128,4,3,5.217157971152861,0.7454573964607065,1
annual_percentage_rate,0.5,18,24,Static,0.98,327.5,128,4,3,39.88278227175975,19.984183735147997,1
annual_percentage_rate,0.5,19,1,Static,0.98,363.5,128,0,1,0.08810674330618855,0.0030092114586614247,1
annual_percentage_rate,0.5,19,6,Static,0.98,363.5,128,0,1,2.9006933989064367,0.1443338973179536,1
annual_percentage_rate,0.5,19,24,Static,0.98,363.5,128,2,1,1.5193471745639244,0.48367713459684925,1
annual_percentage_rate,0.5,20,1,Static,0.98,363.5,128,2,1,0.017262640150974104,0.029670654999599068,1
annual_percentage_rate,0.5,20,6,Static,0.98,363.5,128,0,1,0.6407493475023035,0.06819938117406872,1
annual_percentage_rate,0.5,20,24,Static,0.98,363.5,128,1,0,0.49386516334657504,0.9316186188381124,1
annual_percentage_rate,0.5,21,1,Static,0.98,492.0,128,0,1,31.198819464694367,4.471075860931194,1
annual_percentage_rate,0.5,21,6,Static,0.98,492.0,128,0,1,220.4863142573721,21.75780005856538,1
annual_percentage_rate,0.5,21,24,Static,0.98,492.0,128,0,1,368.48473499536055,34.163396411392554,1
annual_percentage_rate,0.5,22,1,Static,0.98,279.5,128,0,1,0.2534166078751596,0.17962239504903266,1
annual_percentage_rate,0.5,22,6,Static,0.98,279.5,128,2,1,34.263363463304294,19.349357405890988,1
annual_percentage_rate,0.5,22,24,Static,0.98,279.5,128,1,2,21.983786828072354,61.78382165128611,1
annual_percentage_rate,0.5,23,1,Static,0.98,279.5,128,0,1,0.21544967532767778,1.0703166930884505,1
annual_percentage_rate,0.5,23,6,Static,0.98,279.5,128,2,1,3.746680144388724,1.3533464716996684,1
annual_percentage_rate,0.5,23,24,Static,0.98,279.5,128,2,1,3.746680144388724,1.3533464716996684,1
annual_percentage_rate,0.5,24,1,Static,0.98,183.75,128,3,4,0.007590300131339073,0.21485806731936558,1
annual_percentage_rate,0.5,24,6,Static,0.98,183.75,128,2,3,6.415068897604177,2.812467693826899,1
annual_percentage_rate,0.5,24,24,Static,0.98,183.75,128,2,3,9.987065177090699,2.66448039490728,1
annual_percentage_rate,0.5,25,1,Static,0.98,514.5,128,1,0,0.007702879711815935,0.021941361148171086,1
annual_percentage_rate,0.5,25,6,Static,0.98,514.5,128,4,3,47.26505814182819,24.861196657460358,1
annual_percentage_rate,0.5,25,24,Static,0.98,514.5,128,4,3,123.88058287837505,37.28838161207031,1
annual_percentage_rate,0.5,26,1,Static,0.98,327.5,128,4,3,0.06351176055892449,0.03294462081744535,1
annual_percentage_rate,0.5,26,6,Static,0.98,327.5,128,4,3,23.678929333949263,9.780062746430419,1
annual_percentage_rate,0.5,26,24,Static,0.98,327.5,128,4,3,55.511774136774974,19.715392857991905,1
annual_percentage_rate,0.5,27,1,Static,0.98,363.5,128,2,1,0.043525927804694955,0.0009877661909789932,1
annual_percentage_rate,0.5,27,6,Static,0.98,363.5,128,0,1,0.9276526510051416,0.07203034889256192,1
annual_percentage_rate,0.5,27,24,Static,0.98,363.5,128,1,2,0.23016220825596784,0.1699468461306493,1
annual_percentage_rate,0.5,28,1,Static,0.98,492.0,128,0,1,1.9483740337130973,0.4578978997508339,1
annual_percentage_rate,0.5,28,6,Static,0.98,492.0,128,4,0,4.25632022662456,77.07215336858997,1
annual_percentage_rate,0.5,28,24,Static,0.98,492.0,128,0,1,561.5252030889303,55.60431821678209,1
annual_percentage_rate,0.5,29,1,Static,0.98,492.0,128,0,1,0.6754184649624687,0.07402718704133356,1
annual_percentage_rate,0.5,29,6,Static,0.98,492.0,128,4,3,8.112942581906662,3.5069761955062604,1
annual_percentage_rate,0.5,29,24,Static,0.98,492.0,128,0,1,271.4716435979288,30.17338099979695,1
annual_percentage_rate,0.5,30,1,Static,0.98,183.75,128,4,3,0.0551232169122364,0.008410255722819828,1
annual_percentage_rate,0.5,30,6,Static,0.98,183.75,128,4,3,0.6869887426679048,0.29730178807513374,1
annual_percentage_rate,0.5,30,24,Static,0.98,183.75,128,4,3,0.8203606663005382,0.30335069968886547,1
annual_percentage_rate,0.5,31,1,Static,0.98,238.5,128,4,3,0.035037099785833026,0.0007604096075742257,1
annual_percentage_rate,0.5,31,6,Static,0.98,238.5,128,4,3,0.1514055046733848,0.018933293619805655,1
annual_percentage_rate,0.5,31,24,Static,0.98,238.5,128,4,3,0.1514055046733848,0.018933293619805655,1
annual_percentage_rate,0.5,32,1,Static,0.98,519.0,128,2,3,0.8841706638888844,0.7339657883738558,1
annual_percentage_rate,0.5,32,6,Static,0.98,519.0,128,4,3,36.7263119984582,34.06497710415179,1
annual_percentage_rate,0.5,32,24,Static,0.98,519.0,128,0,1,272.8113202457864,86.05499778997924,1
annual_percentage_rate,0.5,33,1,Static,0.98,279.5,128,1,2,0.21871906753594073,0.01163449417713005,1
annual_percentage_rate,0.5,33,6,Static,0.98,279.5,128,1,2,0.38976199039897197,0.08630395675317594,1
annual_percentage_rate,0.5,33,24,Static,0.98,279.5,128,1,2,0.38976199039897197,0.08630395675317594,1
annual_percentage_rate,0.5,34,1,Static,0.98,238.5,128,4,3,0.002678024315509564,0.0011359317980790967,1
annual_percentage_rate,0.5,34,6,Static,0.98,238.5,128,4,3,1.1078453874169818,0.08196921215551008,1
annual_percentage_rate,0.5,34,24,Static,0.98,238.5,128,4,3,1.1078453874169818,0.08196921215551008,1
annual_percentage_rate,0.5,35,1,Static,0.98,514.5,128,0,1,0.036926219362972856,0.1307333986339342,1
annual_percentage_rate,0.5,35,6,Static,0.98,514.5,128,4,3,3.006327283223244,0.13086168939043596,1
annual_percentage_rate,0.5,35,24,Static,0.98,514.5,128,4,3,9.417186512725504,2.7740473816434315,1
annual_percentage_rate,0.5,36,1,Static,0.98,82.5,128,2,1,54.38907957015322,43.03235702853423,1
annual_percentage_rate,0.5,36,6,Static,0.98,82.5,128,0,1,54.43824734691577,20.018167343855396,1
annual_percentage_rate,0.5,36,24,Static,0.98,82.5,128,0,1,54.43824734691577,20.018167343855396,1
annual_percentage_rate,0.5,37,1,Static,0.98,480.0,128,0,1,0.622263876536887,0.13553296400560072,1
annual_percentage_rate,0.5,37,6,Static,0.98,480.0,128,4,3,6.305923176792463,2.5204030995590863,1
annual_percentage_rate,0.5,37,24,Static,0.98,480.0,128,4,2,9.342408252981382,82.30638690724645,1
annual_percentage_rate,0.5,38,1,Static,0.98,82.5,128,0,1,0.2822163883741575,0.050006229087398484,1
annual_percentage_rate,0.5,38,6,Static,0.98,82.5,128,0,1,2.6380983789994357,0.1423264928126119,1
annual_percentage_rate,0.5,38,24,Static,0.98,82.5,128,0,1,2.764366182502065,0.15552474718496367,1
annual_percentage_rate,0.5,39,1,Static,0.98,492.25,128,2,1,0.27137982793673743,0.874156432410006,1
annual_percentage_rate,0.5,39,6,Static,0.98,492.25,128,2,1,165.3564398301471,88.26890182457473,1
annual_percentage_rate,0.5,39,24,Static,0.98,492.25,128,0,1,260.6917303222057,68.19439453136323,1
annual_percentage_rate,0.5,40,1,Static,0.98,56.75,128,0,1,0.008552943611877,0.0028865059785965065,1
annual_percentage_rate,0.5,40,6,Static,0.98,56.75,128,3,4,0.0196855830289185,0.013215107864281452,1
annual_percentage_rate,0.5,40,24,Static,0.98,56.75,128,3,4,0.0196855830289185,0.013215107864281452,1
annual_percentage_rate,0.5,41,1,Static,0.98,29.5,128,4,3,0.1731335961028371,0.21476785356485192,1
annual_percentage_rate,0.5,41,6,Static,0.98,29.5,128,4,3,0.9795642034032563,0.305564364661967,1
annual_percentage_rate,0.5,41,24,Static,0.98,29.5,128,4,3,0.9795642034032563,0.305564364661967,1
annual_percentage_rate,0.5,42,1,Static,0.98,82.5,128,2,1,21.06548584979617,21.325307868962714,1
annual_percentage_rate,0.5,42,6,Static,0.98,82.5,128,2,1,72.89020501493226,37.0137765518485,1
annual_percentage_rate,0.5,42,24,Static,0.98,82.5,128,2,1,72.89020501493226,37.0137765518485,1
annual_percentage_rate,0.5,43,1,Static,0.98,29.5,128,4,3,0.23801954354794194,0.2148255563676767,1
annual_percentage_rate,0.5,43,6,Static,0.98,29.5,128,4,3,0.23801954354794194,0.2148255563676767,1
annual_percentage_rate,0.5,43,24,Static,0.98,29.5,128,4,3,0.23801954354794194,0.2148255563676767,1
annual_percentage_rate,0.5,44,1,Static,0.98,143.25,128,4,3,40.102620254007135,29.32023978541981,1
annual_percentage_rate,0.5,44,6,Static,0.98,143.25,128,0,1,291.4962803547268,16.656689911406957,1
annual_percentage_rate,0.5,44,24,Static,0.98,143.25,128,0,1,291.4962803547268,16.656689911406957,1
annual_percentage_rate,0.5,45,1,Static,0.98,451.5,128,0,1,3.7191962236198153,0.6877573220220038,1
annual_percentage_rate,0.5,45,6,Static,0.98,451.5,128,0,1,117.08519623299028,13.384962527673324,1
annual_percentage_rate,0.5,45,24,Static,0.98,451.5,128,0,1,157.95141011644324,13.111398863904043,1
annual_percentage_rate,0.5,46,1,Static,0.98,76.5,128,2,1,0.0160543812534506,0.0009093021709494307,1
annual_percentage_rate,0.5,46,6,Static,0.98,76.5,128,2,1,0.03687843941634217,0.002804889497468466,1
annual_percentage_rate,0.5,46,24,Static,0.98,76.5,128,2,1,0.03687843941634217,0.002804889497468466,1
annual_percentage_rate,0.5,47,1,Static,0.98,180.5,128,1,2,0.9806906628918277,0.6871302725642487,1
annual_percentage_rate,0.5,47,6,Static,0.98,180.5,128,1,2,11.70433180749383,23.21824460731434,1
annual_percentage_rate,0.5,47,24,Static,0.98,180.5,128,0,1,76.40698623419809,39.198732887680876,1
annual_percentage_rate,0.5,48,1,Static,0.98,143.25,128,3,2,0.0010383173764981768,0.015392868710851904,1
annual_percentage_rate,0.5,48,6,Static,0.98,143.25,128,4,3,38.26894787137655,15.9386611611572,1
annual_percentage_rate,0.5,48,24,Static,0.98,143.25,128,4,3,34.04191786926067,16.70537620940966,1
annual_percentage_rate,0.5,49,1,Static,0.98,76.5,128,4,3,2.154899640686969,0.39558764127009144,1
annual_percentage_rate,0.5,49,6,Static,0.98,76.5,128,4,3,55.79287160485364,27.57690327429766,1
annual_percentage_rate,0.5,49,24,Static,0.98,76.5,128,2,1,23.283992553555464,32.42783169748266,1
annual_percentage_rate,0.5,50,1,Static,0.98,451.5,128,2,1,230.43632140578637,100.33279357379944,1
annual_percentage_rate,0.5,50,6,Static,0.98,451.5,128,0,1,20.168722836108373,13.64642397551922,1
annual_percentage_rate,0.5,50,24,Static,0.98,451.5,128,0,1,20.168722836108373,13.64642397551922,1
annual_percentage_rate,0.5,51,1,Static,0.98,76.5,128,4,3,12.326787057916594,7.727185110679587,1
annual_percentage_rate,0.5,51,6,Static,0.98,76.5,128,4,3,57.33339838081129,13.277062473358882,1
annual_percentage_rate,0.5,51,24,Static,0.98,76.5,128,4,3,55.970844147912615,14.890527318745805,1
annual_percentage_rate,0.5,52,1,Static,0.98,143.25,128,2,3,0.02561821114245824,0.0012859116960016734,1
annual_percentage_rate,0.5,52,6,Static,0.98,143.25,128,3,4,0.0,0.0,2
annual_percentage_rate,0.5,52,24,Static,0.98,143.25,128,3,4,4.440892098500626e-16,4.440892098500626e-16,2
annual_percentage_rate,0.5,53,1,Static,0.98,56.75,128,3,4,0.0,0.0,2
annual_percentage_rate,0.5,53,6,Static,0.98,56.75,128,3,4,0.0,0.0,2
annual_percentage_rate,0.5,53,24,Static,0.98,56.75,128,3,4,0.0,0.0,2
annual_percentage_rate,0.5,54,1,Static,0.98,29.5,128,2,3,1.3493959627894165,0.01773859396688245,1
annual_percentage_rate,0.5,54,6,Static,0.98,29.5,128,2,3,1.725717894948961,0.0833825733451048,1
annual_percentage_rate,0.5,54,24,Static,0.98,29.5,128,2,3,1.725717894948961,0.0833825733451048,1
annual_percentage_rate,0.5,55,1,Static,0.98,180.5,128,1,0,0.12429922688011663,0.4565338680600873,1
annual_percentage_rate,0.5,55,6,Static,0.98,180.5,128,0,1,1.614884575715843,23.568046756606343,1
annual_percentage_rate,0.5,55,24,Static,0.98,180.5,128,1,0,3.18425071413062,22.171521404377984,1
annual_percentage_rate,0.5,56,1,Static,0.98,492.25,128,4,0,4.136327113105963,7.8437426687921254,1
annual_percentage_rate,0.5,56,6,Static,0.98,492.25,128,4,2,31.399430404542464,45.69413940133153,1
annual_percentage_rate,0.5,56,24,Static,0.98,492.25,128,0,1,201.36504862537402,47.41489999850378,1
annual_percentage_rate,0.5,57,1,Static,0.98,480.0,128,1,0,133.6058966204294,65.42426321122511,1
annual_percentage_rate,0.5,57,6,Static,0.98,480.0,128,0,1,81.91969901164649,22.169595305820675,1
annual_percentage_rate,0.5,57,24,Static,0.98,480.0,128,0,1,81.91969901164649,22.169595305820675,1
annual_percentage_rate,0.5,58,1,Static,0.98,143.25,128,0,1,6.365744913105116,31.804536718305698,1
annual_percentage_rate,0.5,58,6,Static,0.98,143.25,128,0,1,360.12626353986946,36.65265589346863,1
annual_percentage_rate,0.5,58,24,Static,0.98,143.25,128,0,1,437.75102628828324,34.19633299209971,1
annual_percentage_rate,0.5,59,1,Static,0.98,480.0,128,0,1,1.8780309537135664,0.37808423192816154,1
annual_percentage_rate,0.5,59,6,Static,0.98,480.0,128,0,1,270.61849204072945,24.57374887213945,1
annual_percentage_rate,0.5,59,24,Static,0.98,480.0,128,0,1,453.9337306450273,25.0972136554639,1
annual_percentage_rate,0.5,60,1,Static,0.98,451.5,128,1,2,0.8652115511337506,21.61913946650237,1
annual_percentage_rate,0.5,60,6,Static,0.98,451.5,128,1,0,13.189171724005657,49.871509550602674,1
annual_percentage_rate,0.5,60,24,Static,0.98,451.5,128,0,1,269.70220564875683,46.998274905455396,1
annual_percentage_rate,0.5,61,1,Static,0.98,82.5,128,2,1,34.765764533291474,39.1220952562052,1
annual_percentage_rate,0.5,61,6,Static,0.98,82.5,128,0,1,123.26350139896101,57.73428382791631,1
annual_percentage_rate,0.5,61,24,Static,0.98,82.5,128,0,1,123.26350139896101,57.73428382791631,1
annual_percentage_rate,0.5,62,1,Static,0.98,56.75,128,4,0,0.05809537524002617,0.19266614007620825,1
annual_percentage_rate,0.5,62,6,Static,0.98,56.75,128,4,3,4.114675017119058,2.016273889544758,1
annual_percentage_rate,0.5,62,24,Static,0.98,56.75,128,4,3,14.849678640050115,10.169081703890214,1
annual_percentage_rate,0.5,63,1,Static,0.98,451.5,128,4,3,19.433023026081848,10.901827140057227,1
annual_percentage_rate,0.5,63,6,Static,0.98,451.5,128,0,1,15.014029049841712,5.155800760051095,1
annual_percentage_rate,0.5,63,24,Static,0.98,451.5,128,0,1,15.014029049841712,5.155800760051095,1
annual_percentage_rate,0.5,64,1,Static,0.98,180.5,128,2,0,25.997773249954612,19.51578234199447,1
annual_percentage_rate,0.5,64,6,Static,0.98,180.5,128,2,1,17.261940758673354,20.152452843338096,1
annual_percentage_rate,0.5,64,24,Static,0.98,180.5,128,1,0,19.027273755473423,39.22533515973621,1
annual_percentage_rate,0.5,65,1,Static,0.98,480.0,128,4,3,0.031232395052007172,0.001343286474886317,1
annual_percentage_rate,0.5,65,6,Static,0.98,480.0,128,4,3,37.926229880039095,17.02974285921039,1
annual_percentage_rate,0.5,65,24,Static,0.98,480.0,128,4,3,58.145414945777,33.66326066749999,1
annual_percentage_rate,0.5,66,1,Static,0.98,492.25,128,0,1,0.39076965947607656,0.07207298294710536,1
annual_percentage_rate,0.5,66,6,Static,0.98,492.25,128,2,1,67.5793166829358,42.15872258666506,1
annual_percentage_rate,0.5,66,24,Static,0.98,492.25,128,0,1,35.140286868113506,33.133028909778574,1
annual_percentage_rate,0.5,67,1,Static,0.98,180.5,128,0,1,0.013507908796533297,0.00075338534951446,1
annual_percentage_rate,0.5,67,6,Static,0.98,180.5,128,3,4,0.2106856021305275,0.04059582374356806,1
annual_percentage_rate,0.5,67,24,Static,0.98,180.5,128,3,4,0.174339110244651,0.05187507026665403,1
annual_percentage_rate,0.5,68,1,Static,0.98,29.5,128,2,3,0.45903515976293086,0.06350394250357153,1
annual_percentage_rate,0.5,68,6,Static,0.98,29.5,128,2,4,2.663101367930328,2.9595038797834667,1
annual_percentage_rate,0.5,68,24,Static,0.98,29.5,128,2,4,3.39246737620222,3.0491138175418073,1
annual_percentage_rate,0.5,69,1,Static,0.98,56.75,128,4,3,0.04618568735520573,0.0010487306579157149,1
annual_percentage_rate,0.5,69,6,Static,0.98,56.75,128,4,3,0.11119240517446835,0.0035230141093251645,1
annual_percentage_rate,0.5,69,24,Static,0.98,56.75,128,4,3,0.11119240517446835,0.0035230141093251645,1
annual_percentage_rate,0.5,70,1,Static,0.98,492.25,128,4,0,8.028647894462539,8.829588242494253,1
annual_percentage_rate,0.5,70,6,Static,0.98,492.25,128,3,2,2.694003170134345,8.651156120154544,1
annual_percentage_rate,0.5,70,24,Static,0.98,492.25,128,1,0,4.919051648726155,10.665971152230286,1
annual_percentage_rate,0.5,71,1,Static,0.98,76.5,128,2,3,1.9592969956640398,0.21917407588238835,1
annual_percentage_rate,0.5,71,6,Static,0.98,76.5,128,2,3,14.752982753821186,0.7133521633027355,1
annual_percentage_rate,0.5,71,24,Static,0.98,76.5,128,2,3,21.573254525370515,0.8746877216138765,1
annual_percentage_rate,0.75,0,1,Static,0.98,279.5,128,2,1,0.09440170266903712,0.00444096158450094,1
annual_percentage_rate,0.75,0,6,Static,0.98,279.5,128,2,1,1.434089170447864,0.10187584887075653,1
annual_percentage_rate,0.75,0,24,Static,0.98,279.5,128,2,1,1.434089170447864,0.10187584887075653,1
annual_percentage_rate,0.75,1,1,Static,0.98,253.25,128,4,3,0.34911756104322933,0.00032905581545946674,1
annual_percentage_rate,0.75,1,6,Static,0.98,253.25,128,4,3,1.442605379623735,0.46524547731633303,1
annual_percentage_rate,0.75,1,24,Static,0.98,253.25,128,4,3,2.1468711606774606,0.5198221405304944,1
annual_percentage_rate,0.75,2,1,Static,0.98,519.0,128,0,1,0.4810135458913616,0.041853047047423556,1
annual_percentage_rate,0.75,2,6,Static,0.98,519.0,128,3,4,0.0,0.0,2
annual_percentage_rate,0.75,2,24,Static,0.98,519.0,128,3,4,0.0,0.0,2
annual_percentage_rate,0.75,3,1,Static,0.98,327.5,128,0,1,2.833849386260661,0.47988254447797896,1
annual_percentage_rate,0.75,3,6,Static,0.98,327.5,128,0,1,216.76859130867223,45.58059200855964,1
annual_percentage_rate,0.75,3,24,Static,0.98,327.5,128,0,1,548.9458517215742,56.43163073660955,1
annual_percentage_rate,0.75,4,1,Static,0.98,363.5,128,0,1,0.7644130944041234,0.8749201333278607,1
annual_percentage_rate,0.75,4,6,Static,0.98,363.5,128,2,1,71.70176103342565,49.535023404336975,1
annual_percentage_rate,0.75,4,24,Static,0.98,363.5,128,0,1,161.07325855341475,83.61074547532476,1
annual_percentage_rate,0.75,5,1,Static,0.98,253.25,128,4,3,0.8261931980993626,0.15312490551471739,1
annual_percentage_rate,0.75,5,6,Static,0.98,253.25,128,4,3,13.690188466830245,1.885645844735539,1
annual_percentage_rate,0.75,5,24,Static,0.98,253.25,128,3,4,0.19622915741650027,1.9782022456132782,1
annual_percentage_rate,0.75,6,1,Static,0.98,514.5,128,0,3,37.696392263198824,24.408835487023527,1
annual_percentage_rate,0.75,6,6,Static,0.98,514.5,128,0,1,275.1681751285181,18.991996758162095,1
annual_percentage_rate,0.75,6,24,Static,0.98,514.5,128,0,1,280.9525520781275,19.28783404063226,1
annual_percentage_rate,0.75,7,1,Static,0.98,519.0,128,4,3,0.1326273750274703,0.0021629902704493184,1
annual_percentage_rate,0.75,7,6,Static,0.98,519.0,128,4,2,4.292421209306429,7.521013587071802,1
annual_percentage_rate,0.75,7,24,Static,0.98,519.0,128,4,3,19.452990855332555,11.228698920591432,1
annual_percentage_rate,0.75,8,1,Static,0.98,183.75,128,2,3,0.3327286192927724,0.21482094855856473,1
annual_percentage_rate,0.75,8,6,Static,0.98,183.75,128,2,3,0.7824641998082431,0.5468657653627825,1
annual_percentage_rate,0.75,8,24,Static,0.98,183.75,128,2,3,0.7824641998082431,0.5468657653627825,1
annual_percentage_rate,0.75,9,1,Static,0.98,253.25,128,4,3,22.117675379651118,13.507706857378984,1
annual_percentage_rate,0.75,9,6,Static,0.98,253.25,128,4,3,131.57458822492194,24.096672371201123,1
annual_percentage_rate,0.75,9,24,Static,0.98,253.25,128,4,3,90.38740493046808,21.088505500790554,1
annual_percentage_rate,0.75,10,1,Static,0.98,238.5,128,4,3,0.030915483162990726,0.0005463075893699758,1
annual_percentage_rate,0.75,10,6,Static,0.98,238.5,128,4,3,1.1757658563787443,0.35692665724466754,1
annual_percentage_rate,0.75,10,24,Static,0.98,238.5,128,4,3,1.304448607291842,0.3510044366216885,1
annual_percentage_rate,0.75,11,1,Static,0.98,238.5,128,3,4,0.038890888398818824,0.029927029910599007,1
annual_percentage_rate,0.75,11,6,Static,0.98,238.5,128,3,4,2.914830127201796,37.165491489907915,1
annual_percentage_rate,0.75,11,24,Static,0.98,238.5,128,3,4,2.914830127201796,37.165491489907915,1
annual_percentage_rate,0.75,12,1,Static,0.98,519.0,128,0,1,40.45588230643474,39.67406474630224,1
annual_percentage_rate,0.75,12,6,Static,0.98,519.0,128,0,1,607.7677357787818,49.461634204907305,1
annual_percentage_rate,0.75,12,24,Static,0.98,519.0,128,0,1,1164.2284166533088,118.16155825138762,1
annual_percentage_rate,0.75,13,1,Static,0.98,327.5,128,4,3,0.07412950509982352,0.0013083560996683388,1
annual_percentage_rate,0.75,13,6,Static,0.98,327.5,128,4,3,1.5047474866864383,0.235155299023888,1
annual_percentage_rate,0.75,13,24,Static,0.98,327.5,128,4,3,5.9392984256629715,3.812276443082659,1
annual_percentage_rate,0.75,14,1,Static,0.98,492.0,128,4,3,0.31499948592532634,0.017723310448076762,1
annual_percentage_rate,0.75,14,6,Static,0.98,492.0,128,4,3,1.172778285422364,0.6801028894752953,1
annual_percentage_rate,0.75,14,24,Static,0.98,492.0,128,4,3,13.163368851045073,13.796116967839655,1
annual_percentage_rate,0.75,15,1,Static,0.98,514.5,128,1,3,0.13664404782872253,0.3396614196252745,1
annual_percentage_rate,0.75,15,6,Static,0.98,514.5,128,4,3,23.94148226568551,2.077956917218246,1
annual_percentage_rate,0.75,15,24,Static,0.98,514.5,128,4,3,184.62257497064917,62.696151755046486,1
annual_percentage_rate,0.75,16,1,Static,0.98,253.25,128,0,1,1.1448398144221055,0.5649038602023403,1
annual_percentage_rate,0.75,16,6,Static,0.98,253.25,128,0,1,0.32673732079341866,0.9950081842751579,1
annual_percentage_rate,0.75,16,24,Static,0.98,253.25,128,0,1,1.1156999594762842,1.2419731157357952,1
annual_percentage_rate,0.75,17,1,Static,0.98,183.75,128,4,3,0.007306230579232589,0.214823984447681,1
annual_percentage_rate,0.75,17,6,Static,0.98,183.75,128,3,4,0.06412854475894125,0.5279106247279802,1
annual_percentage_rate,0.75,17,24,Static,0.98,183.75,128,3,4,0.06412854475894125,0.5279106247279802,1
annual_percentage_rate,0.75,18,1,Static,0.98,327.5,128,4,3,0.013844756131123709,0.04152170668924906,1
annual_percentage_rate,0.75,18,6,Static,0.98,327.5,128,4,3,5.223468758703297,0.7451352765052519,1
annual_percentage_rate,0.75,18,24,Static,0.98,327.5,128,4,3,38.78748530370726,19.579254143392372,1
annual_percentage_rate,0.75,19,1,Static,0.98,363.5,128,0,1,0.08810674330618862,0.0030092114586614213,1
annual_percentage_rate,0.75,19,6,Static,0.98,363.5,128,0,1,2.835052639782867,0.14222672691418323,1
annual_percentage_rate,0.75,19,24,Static,0.98,363.5,128,2,1,1.3525839981947956,0.4804573899482594,1
annual_percentage_rate,0.75,20,1,Static,0.98,363.5,128,2,1,0.017262640150974104,0.029670654999599068,1
annual_percentage_rate,0.75,20,6,Static,0.98,363.5,128,0,1,0.6229383903078705,0.06803619062945084,1
annual_percentage_rate,0.75,20,24,Static,0.98,363.5,128,1,0,0.28755131545397294,0.8858576379758817,1
annual_percentage_rate,0.75,21,1,Static,0.98,492.0,128,0,1,31.198819464694374,4.471075860931194,1
annual_percentage_rate,0.75,21,6,Static,0.98,492.0,128,0,1,215.76539580045784,22.10868602833497,1
annual_percentage_rate,0.75,21,24,Static,0.98,492.0,128,0,1,362.61534945645934,32.700712796049615,1
annual_percentage_rate,0.75,22,1,Static,0.98,279.5,128,0,1,0.2534166078751594,0.17962239504903266,1
annual_percentage_rate,0.75,22,6,Static,0.98,279.5,128,2,1,34.91296591018872,20.062249527523637,1
annual_percentage_rate,0.75,22,24,Static,0.98,279.5,128,1,2,21.648455924894257,62.350711629212626,1
annual_percentage_rate,0.75,23,1,Static,0.98,279.5,128,0,1,0.2154496753276769,1.070316693088451,1
annual_percentage_rate,0.75,23,6,Static,0.98,279.5,128,2,1,3.802296578414594,1.3533063793598181,1
annual_percentage_rate,0.75,23,24,Static,0.98,279.5,128,2,1,3.802296578414594,1.3533063793598181,1
annual_percentage_rate,0.75,24,1,Static,0.98,183.75,128,3,4,0.007590300131339073,0.21485806731936558,1
annual_percentage_rate,0.75,24,6,Static,0.98,183.75,128,2,3,5.5396033399963684,2.85367999941246,1
annual_percentage_rate,0.75,24,24,Static,0.98,183.75,128,2,3,8.950694655771262,2.7187481906307003,1
annual_percentage_rate,0.75,25,1,Static,0.98,514.5,128,1,0,0.007702879711815824,0.021941361148171048,1
annual_percentage_rate,0.75,25,6,Static,0.98,514.5,128,4,3,47.26026020079016,25.0386892986613,1
annual_percentage_rate,0.75,25,24,Static,0.98,514.5,128,4,3,124.3040292824336,38.563344378329695,1
annual_percentage_rate,0.75,26,1,Static,0.98,327.5,128,4,3,0.06351176055892449,0.03294462081744535,1
annual_percentage_rate,0.75,26,6,Static,0.98,327.5,128,4,3,23.170542836446323,9.563236569547728,1
annual_percentage_rate,0.75,26,24,Static,0.98,327.5,128,4,3,54.54675345812596,20.066821314260828,1
annual_percentage_rate,0.75,27,1,Static,0.98,363.5,128,2,1,0.043525927804694955,0.0009877661909789932,1
annual_percentage_rate,0.75,27,6,Static,0.98,363.5,128,0,1,0.8728519725378372,0.0711684289514479,1
annual_percentage_rate,0.75,27,24,Static,0.98,363.5,128,1,2,0.36123869731770564,0.16770724932924122,1
annual_percentage_rate,0.75,28,1,Static,0.98,492.0,128,0,1,1.948374033713097,0.4578978997508339,1
annual_percentage_rate,0.75,28,6,Static,0.98,492.0,128,4,0,6.848105343002558,77.25485171203314,1
annual_percentage_rate,0.75,28,24,Static,0.98,492.0,128,0,1,548.0795837503567,53.71298048543071,1
annual_percentage_rate,0.75,29,1,Static,0.98,492.0,128,0,1,0.6754184649624688,0.07402718704133356,1
annual_percentage_rate,0.75,29,6,Static,0.98,492.0,128,4,3,8.06885817722067,3.4706872574304644,1
annual_percentage_rate,0.75,29,24,Static,0.98,492.0,128,0,1,265.23458475291795,29.505826485973103,1
annual_percentage_rate,0.75,30,1,Static,0.98,183.75,128,4,3,0.05512321691223641,0.008410255722819827,1
annual_percentage_rate,0.75,30,6,Static,0.98,183.75,128,4,3,1.0115586187472954,0.3020935509382277,1
annual_percentage_rate,0.75,30,24,Static,0.98,183.75,128,4,3,1.2480827997332469,0.3096156631332574,1
annual_percentage_rate,0.75,31,1,Static,0.98,238.5,128,4,3,0.035037099785833026,0.0007604096075742257,1
annual_percentage_rate,0.75,31,6,Static,0.98,238.5,128,4,3,0.16198669715846245,0.019362252102952046,1
annual_percentage_rate,0.75,31,24,Static,0.98,238.5,128,4,3,0.16198669715846245,0.019362252102952046,1
annual_percentage_rate,0.75,32,1,Static,0.98,519.0,128,2,3,0.8841706638888862,0.7339657883738558,1
annual_percentage_rate,0.75,32,6,Static,0.98,519.0,128,4,3,37.22461105343409,34.545890355133565,1
annual_percentage_rate,0.75,32,24,Static,0.98,519.0,128,0,1,269.7965457394307,84.04984986929878,1
annual_percentage_rate,0.75,33,1,Static,0.98,279.5,128,1,2,0.2187190675359405,0.011634494177130073,1
annual_percentage_rate,0.75,33,6,Static,0.98,279.5,128,1,2,0.3512437531901358,0.0864902123501744,1
annual_percentage_rate,0.75,33,24,Static,0.98,279.5,128,1,2,0.3512437531901358,0.0864902123501744,1
annual_percentage_rate,0.75,34,1,Static,0.98,238.5,128,4,3,0.002678024315509564,0.0011359317980790967,1
annual_percentage_rate,0.75,34,6,Static,0.98,238.5,128,4,3,1.1165719282020454,0.08234402722689742,1
annual_percentage_rate,0.75,34,24,Static,0.98,238.5,128,4,3,1.1165719282020454,0.08234402722689742,1
annual_percentage_rate,0.75,35,1,Static,0.98,514.5,128,0,1,0.03692621936297308,0.13073339863393416,1
annual_percentage_rate,0.75,35,6,Static,0.98,514.5,128,4,3,2.986087260475277,0.13037599124011073,1
annual_percentage_rate,0.75,35,24,Static,0.98,514.5,128,4,3,8.815329810334989,2.6327274438631587,1
annual_percentage_rate,0.75,36,1,Static,0.98,82.5,128,2,1,54.776380046565336,43.3050731886111,1
annual_percentage_rate,0.75,36,6,Static,0.98,82.5,128,0,1,53.43357686606612,19.57936724308107,1
annual_percentage_rate,0.75,36,24,Static,0.98,82.5,128,0,1,53.43357686606612,19.57936724308107,1
annual_percentage_rate,0.75,37,1,Static,0.98,480.0,128,0,1,0.6222638765368874,0.1355329640056007,1
annual_percentage_rate,0.75,37,6,Static,0.98,480.0,128,4,3,6.321624987779418,2.486057248894642,1
annual_percentage_rate,0.75,37,24,Static,0.98,480.0,128,4,2,15.044899180084277,80.50769365247389,1
annual_percentage_rate,0.75,38,1,Static,0.98,82.5,128,0,1,0.2822163883741563,0.05000622908739846,1
annual_percentage_rate,0.75,38,6,Static,0.98,82.5,128,0,1,2.641557458448893,0.14075958413649736,1
annual_percentage_rate,0.75,38,24,Static,0.98,82.5,128,0,1,2.806756688912289,0.15399698615649557,1
annual_percentage_rate,0.75,39,1,Static,0.98,492.25,128,2,1,0.27137982793673765,0.874156432410006,1
annual_percentage_rate,0.75,39,6,Static,0.98,492.25,128,2,1,167.04937311819637,88.54868694780812,1
annual_percentage_rate,0.75,39,24,Static,0.98,492.25,128,0,1,257.6672057572101,67.2243448086263,1
annual_percentage_rate,0.75,40,1,Static,0.98,56.75,128,0,1,0.008552943611876945,0.0028865059785964965,1
annual_percentage_rate,0.75,40,6,Static,0.98,56.75,128,3,4,0.007766779825514103,0.013463210235034018,1
annual_percentage_rate,0.75,40,24,Static,0.98,56.75,128,3,4,0.007766779825514103,0.013463210235034018,1
annual_percentage_rate,0.75,41,1,Static,0.98,29.5,128,4,3,0.1731335961028371,0.21476785356485192,1
annual_percentage_rate,0.75,41,6,Static,0.98,29.5,128,4,3,1.3263224308817767,0.30860967157295294,1
annual_percentage_rate,0.75,41,24,Static,0.98,29.5,128,4,3,1.3263224308817767,0.30860967157295294,1
annual_percentage_rate,0.75,42,1,Static,0.98,82.5,128,2,1,21.20234590375386,21.46216740275879,1
annual_percentage_rate,0.75,42,6,Static,0.98,82.5,128,2,1,73.81060134661412,37.52553006103002,1
annual_percentage_rate,0.75,42,24,Static,0.98,82.5,128,2,1,73.81060134661412,37.52553006103002,1
annual_percentage_rate,0.75,43,1,Static,0.98,29.5,128,4,3,0.23801954354794194,0.2148255563676767,1
annual_percentage_rate,0.75,43,6,Static,0.98,29.5,128,4,3,0.23801954354794194,0.2148255563676767,1
annual_percentage_rate,0.75,43,24,Static,0.98,29.5,128,4,3,0.23801954354794194,0.2148255563676767,1
annual_percentage_rate,0.75,44,1,Static,0.98,143.25,128,4,3,40.34970605505288,29.494225343504727,1
annual_percentage_rate,0.75,44,6,Static,0.98,143.25,128,0,1,292.3284859863782,16.223847484418723,1
annual_percentage_rate,0.75,44,24,Static,0.98,143.25,128,0,1,292.3284859863782,16.223847484418723,1
annual_percentage_rate,0.75,45,1,Static,0.98,451.5,128,0,1,3.7191962236198153,0.6877573220220038,1
annual_percentage_rate,0.75,45,6,Static,0.98,451.5,128,0,1,115.42376015264588,13.302814680377471,1
annual_percentage_rate,0.75,45,24,Static,0.98,451.5,128,0,1,156.2962021166939,12.739862907024225,1
annual_percentage_rate,0.75,46,1,Static,0.98,76.5,128,2,1,0.016054381253451044,0.0009093021709493862,1
annual_percentage_rate,0.75,46,6,Static,0.98,76.5,128,2,1,0.036873155056159845,0.0028031707223138426,1
annual_percentage_rate,0.75,46,24,Static,0.98,76.5,128,2,1,0.036873155056159845,0.0028031707223138426,1
annual_percentage_rate,0.75,47,1,Static,0.98,180.5,128,1,2,0.9806906628918286,0.6871302725642487,1
annual_percentage_rate,0.75,47,6,Static,0.98,180.5,128,1,2,9.755530440245627,23.333354266187396,1
annual_percentage_rate,0.75,47,24,Static,0.98,180.5,128,0,1,72.58109974559852,37.23431168501365,1
annual_percentage_rate,0.75,48,1,Static,0.98,143.25,128,3,2,0.0010383173764982878,0.015392868710851899,1
annual_percentage_rate,0.75,48,6,Static,0.98,143.25,128,4,3,38.561870838483856,16.20125408656561,1
annual_percentage_rate,0.75,48,24,Static,0.98,143.25,128,4,3,34.59151505685488,16.629011136032567,1
annual_percentage_rate,0.75,49,1,Static,0.98,76.5,128,4,3,2.154899640686969,0.39558764127009144,1
annual_percentage_rate,0.75,49,6,Static,0.98,76.5,128,4,3,58.40634601965685,27.819962754074066,1
annual_percentage_rate,0.75,49,24,Static,0.98,76.5,128,2,1,31.71649564905921,33.36007381375292,1
annual_percentage_rate,0.75,50,1,Static,0.98,451.5,128,2,1,231.99209221527425,101.0175102827044,1
annual_percentage_rate,0.75,50,6,Static,0.98,451.5,128,0,1,19.2352603504156,13.111832874872077,1
annual_percentage_rate,0.75,50,24,Static,0.98,451.5,128,0,1,19.2352603504156,13.111832874872077,1
annual_percentage_rate,0.75,51,1,Static,0.98,76.5,128,4,3,12.405834840994345,7.782756076946123,1
annual_percentage_rate,0.75,51,6,Static,0.98,76.5,128,4,3,58.1268803494777,13.430264574709083,1
annual_percentage_rate,0.75,51,24,Static,0.98,76.5,128,4,3,58.46071438443768,15.287913349663432,1
annual_percentage_rate,0.75,52,1,Static,0.98,143.25,128,2,3,0.02561821114245824,0.0012859116960016734,1
annual_percentage_rate,0.75,52,6,Static,0.98,143.25,128,3,4,0.0,0.0,2
annual_percentage_rate,0.75,52,24,Static,0.98,143.25,128,3,4,0.0,0.0,2
annual_percentage_rate,0.75,53,1,Static,0.98,56.75,128,3,4,0.0,0.0,2
annual_percentage_rate,0.75,53,6,Static,0.98,56.75,128,3,4,0.0,0.0,2
annual_percentage_rate,0.75,53,24,Static,0.98,56.75,128,3,4,0.0,0.0,2
annual_percentage_rate,0.75,54,1,Static,0.98,29.5,128,2,3,1.3493959627894165,0.01773859396688245,1
annual_percentage_rate,0.75,54,6,Static,0.98,29.5,128,2,3,1.1913614705084181,0.08405444780912748,1
annual_percentage_rate,0.75,54,24,Static,0.98,29.5,128,2,3,1.1913614705084181,0.08405444780912748,1
annual_percentage_rate,0.75,55,1,Static,0.98,180.5,128,1,0,0.12429922688011619,0.4565338680600873,1
annual_percentage_rate,0.75,55,6,Static,0.98,180.5,128,0,1,0.8489026852356165,23.370206923535786,1
annual_percentage_rate,0.75,55,24,Static,0.98,180.5,128,1,0,3.8854071371650925,21.72893445071609,1
annual_percentage_rate,0.75,56,1,Static,0.98,492.25,128,4,0,4.169131620702165,7.87653721977815,1
annual_percentage_rate,0.75,56,6,Static,0.98,492.25,128,4,2,32.2202482342735,46.132037192705305,1
annual_percentage_rate,0.75,56,24,Static,0.98,492.25,128,0,1,198.4605938889866,46.1659759471717,1
annual_percentage_rate,0.75,57,1,Static,0.98,480.0,128,1,4,133.42820741566297,62.45120545265243,1
annual_percentage_rate,0.75,57,6,Static,0.98,480.0,128,0,1,79.92043101553492,21.336875707062802,1
annual_percentage_rate,0.75,57,24,Static,0.98,480.0,128,0,1,79.92043101553492,21.336875707062806,1
annual_percentage_rate,0.75,58,1,Static,0.98,143.25,128,0,1,6.070026140021751,32.007910146268834,1
annual_percentage_rate,0.75,58,6,Static,0.98,143.25,128,0,1,355.8242381957323,36.80330424054311,1
annual_percentage_rate,0.75,58,24,Static,0.98,143.25,128,0,1,433.57993636704225,32.80635300591771,1
annual_percentage_rate,0.75,59,1,Static,0.98,480.0,128,0,1,1.8780309537135664,0.37808423192816154,1
annual_percentage_rate,0.75,59,6,Static,0.98,480.0,128,0,1,267.97427108491195,24.727611647683844,1
annual_percentage_rate,0.75,59,24,Static,0.98,480.0,128,0,1,449.9058041551383,24.321254417540036,1
annual_percentage_rate,0.75,60,1,Static,0.98,451.5,128,1,2,0.7183564453042415,21.765277011203104,1
annual_percentage_rate,0.75,60,6,Static,0.98,451.5,128,1,0,22.159567031948168,50.573455262673384,1
annual_percentage_rate,0.75,60,24,Static,0.98,451.5,128,0,1,259.28561986280397,44.93249145596344,1
annual_percentage_rate,0.75,61,1,Static,0.98,82.5,128,2,1,35.00266274512181,39.35897614176439,1
annual_percentage_rate,0.75,61,6,Static,0.98,82.5,128,0,1,117.86573718586502,58.70980681516209,1
annual_percentage_rate,0.75,61,24,Static,0.98,82.5,128,0,1,117.86573718586502,58.70980681516209,1
annual_percentage_rate,0.75,62,1,Static,0.98,56.75,128,4,0,0.05809537524002617,0.19266614007620833,1
annual_percentage_rate,0.75,62,6,Static,0.98,56.75,128,4,3,4.042017659263564,1.967334465321613,1
annual_percentage_rate,0.75,62,24,Static,0.98,56.75,128,4,3,14.79122099168262,10.21649512476676,1
annual_percentage_rate,0.75,63,1,Static,0.98,451.5,128,4,3,19.56394918014541,10.976817685407495,1
annual_percentage_rate,0.75,63,6,Static,0.98,451.5,128,0,1,14.413820271306944,4.970904653536477,1
annual_percentage_rate,0.75,63,24,Static,0.98,451.5,128,0,1,14.413820271306944,4.970904653536477,1
annual_percentage_rate,0.75,64,1,Static,0.98,180.5,128,2,0,26.150260639303646,19.62247451694539,1
annual_percentage_rate,0.75,64,6,Static,0.98,180.5,128,2,1,18.45112043422506,20.09380850099437,1
annual_percentage_rate,0.75,64,24,Static,0.98,180.5,128,1,0,20.834700809685238,39.2522984937125,1
annual_percentage_rate,0.75,65,1,Static,0.98,480.0,128,4,3,0.031232395052007172,0.001343286474886317,1
annual_percentage_rate,0.75,65,6,Static,0.98,480.0,128,4,3,38.403972218528125,17.31640256924274,1
annual_percentage_rate,0.75,65,24,Static,0.98,480.0,128,4,3,60.61031128092229,33.10231626708308,1
annual_percentage_rate,0.75,66,1,Static,0.98,492.25,128,0,1,0.39076965947607656,0.07207298294710536,1
annual_percentage_rate,0.75,66,6,Static,0.98,492.25,128,2,1,67.80661872281067,42.39089532628749,1
annual_percentage_rate,0.75,66,24,Static,0.98,492.25,128,0,1,30.975286231867972,32.17088942106165,1
annual_percentage_rate,0.75,67,1,Static,0.98,180.5,128,0,1,0.0135079087965334,0.0007533853495144578,1
annual_percentage_rate,0.75,67,6,Static,0.98,180.5,128,3,4,0.2060293560484734,0.04035378710547522,1
annual_percentage_rate,0.75,67,24,Static,0.98,180.5,128,3,4,0.2008023790888696,0.05182507982058021,1
annual_percentage_rate,0.75,68,1,Static,0.98,29.5,128,2,3,0.45903515976293086,0.06350394250357153,1
annual_percentage_rate,0.75,68,6,Static,0.98,29.5,128,2,4,1.7296956072116683,2.948285721834213,1
annual_percentage_rate,0.75,68,24,Static,0.98,29.5,128,2,4,2.0057106408601495,3.0537889227685757,1
annual_percentage_rate,0.75,69,1,Static,0.98,56.75,128,4,3,0.04618568735520573,0.0010487306579157149,1
annual_percentage_rate,0.75,69,6,Static,0.98,56.75,128,4,3,0.1377655814727487,0.0040915557477204986,1
annual_percentage_rate,0.75,69,24,Static,0.98,56.75,128,4,3,0.1377655814727487,0.0040915557477204986,1
annual_percentage_rate,0.75,70,1,Static,0.98,492.25,128,4,0,8.085006179697073,8.885924955983725,1
annual_percentage_rate,0.75,70,6,Static,0.98,492.25,128,3,2,3.042273258948941,8.677009304755197,1
annual_percentage_rate,0.75,70,24,Static,0.98,492.25,128,1,0,5.097270196456114,10.459796818041378,1
annual_percentage_rate,0.75,71,1,Static,0.98,76.5,128,2,3,1.9592969956640398,0.21917407588238835,1
annual_percentage_rate,0.75,71,6,Static,0.98,76.5,128,2,3,13.93969689950588,0.7227176328607589,1
annual_percentage_rate,0.75,71,24,Static,0.98,76.5,128,2,3,19.962703322180893,0.8963987865045308,1
annual_percentage_rate,1.0,0,1,Static,0.98,279.5,128,2,1,0.09440170266903711,0.00444096158450094,1
annual_percentage_rate,1.0,0,6,Static,0.98,279.5,128,2,1,1.3425326839444194,0.10166332312576556,1
annual_percentage_rate,1.0,0,24,Static,0.98,279.5,128,2,1,1.3425326839444194,0.10166332312576556,1
annual_percentage_rate,1.0,1,1,Static,0.98,253.25,128,4,3,0.34911756104322933,0.00032905581545946674,1
annual_percentage_rate,1.0,1,6,Static,0.98,253.25,128,4,3,2.3061564684203635,0.47374862037715876,1
annual_percentage_rate,1.0,1,24,Static,0.98,253.25,128,4,3,3.6262136219895598,0.5390651246331895,1
annual_percentage_rate,1.0,2,1,Static,0.98,519.0,128,0,1,0.48101354589136147,0.041853047047423576,1
annual_percentage_rate,1.0,2,6,Static,0.98,519.0,128,3,4,0.0,0.0,2
annual_percentage_rate,1.0,2,24,Static,0.98,519.0,128,3,4,-1.4210854715202004e-14,1.4210854715202004e-14,2
annual_percentage_rate,1.0,3,1,Static,0.98,327.5,128,0,1,2.8338493862606615,0.47988254447797896,1
annual_percentage_rate,1.0,3,6,Static,0.98,327.5,128,0,1,210.3715542675917,45.70117124095805,1
annual_percentage_rate,1.0,3,24,Static,0.98,327.5,128,0,1,529.8331616764781,57.965553328455634,1
annual_percentage_rate,1.0,4,1,Static,0.98,363.5,128,0,1,0.7644130944041239,0.8749201333278607,1
annual_percentage_rate,1.0,4,6,Static,0.98,363.5,128,2,1,73.27451568836419,50.38294341337377,1
annual_percentage_rate,1.0,4,24,Static,0.98,363.5,128,0,1,151.55698068948934,84.56546520359706,1
annual_percentage_rate,1.0,5,1,Static,0.98,253.25,128,4,3,0.8261931980993636,0.15312490551471744,1
annual_percentage_rate,1.0,5,6,Static,0.98,253.25,128,4,3,14.557047799164707,1.8496427744868513,1
annual_percentage_rate,1.0,5,24,Static,0.98,253.25,128,4,3,3.2237714744926453,1.9596124944282745,1
annual_percentage_rate,1.0,6,1,Static,0.98,514.5,128,0,3,37.45492075004768,24.540221201646435,1
annual_percentage_rate,1.0,6,6,Static,0.98,514.5,128,0,1,274.6879541078571,18.943822676809216,1
annual_percentage_rate,1.0,6,24,Static,0.98,514.5,128,0,1,280.2916253083816,18.513284238895494,1
annual_percentage_rate,1.0,7,1,Static,0.98,519.0,128,4,3,0.1326273750274703,0.0021629902704493184,1
annual_percentage_rate,1.0,7,6,Static,0.98,519.0,128,4,2,4.597388330736412,7.461601000500919,1
annual_percentage_rate,1.0,7,24,Static,0.98,519.0,128,4,3,21.432553229561567,12.199773886179203,1
annual_percentage_rate,1.0,8,1,Static,0.98,183.75,128,2,3,0.3327286192927724,0.21482094855856473,1
annual_percentage_rate,1.0,8,6,Static,0.98,183.75,128,4,3,0.8078276895771004,1.0067418793022773,1
annual_percentage_rate,1.0,8,24,Static,0.98,183.75,128,4,3,0.8078276895771004,1.0067418793022773,1
annual_percentage_rate,1.0,9,1,Static,0.98,253.25,128,4,3,22.265237584670153,13.611554471764391,1
annual_percentage_rate,1.0,9,6,Static,0.98,253.25,128,4,3,132.31624579514818,24.405650498419053,1
annual_percentage_rate,1.0,9,24,Static,0.98,253.25,128,4,3,94.07370779500027,21.78472543848683,1
annual_percentage_rate,1.0,10,1,Static,0.98,238.5,128,4,3,0.030915483162990726,0.0005463075893699758,1
annual_percentage_rate,1.0,10,6,Static,0.98,238.5,128,4,3,1.1317881290789473,0.32135717618934173,1
annual_percentage_rate,1.0,10,24,Static,0.98,238.5,128,4,3,1.2451423552100278,0.31195152299257933,1
annual_percentage_rate,1.0,11,1,Static,0.98,238.5,128,3,4,0.038890888398818824,0.029927029910599017,1
annual_percentage_rate,1.0,11,6,Static,0.98,238.5,128,3,4,3.3703132707236527,37.35560999104294,1
annual_percentage_rate,1.0,11,24,Static,0.98,238.5,128,3,4,3.3703132707236527,37.35560999104294,1
annual_percentage_rate,1.0,12,1,Static,0.98,519.0,128,0,1,40.22334186207945,39.89824224960062,1
annual_percentage_rate,1.0,12,6,Static,0.98,519.0,128,0,1,596.3869782788165,50.54286548085168,1
annual_percentage_rate,1.0,12,24,Static,0.98,519.0,128,0,1,1147.1658731363239,112.65153385409599,1
annual_percentage_rate,1.0,13,1,Static,0.98,327.5,128,4,3,0.07412950509982352,0.0013083560996683388,1
annual_percentage_rate,1.0,13,6,Static,0.98,327.5,128,4,3,1.4886560555062907,0.23454344195952348,1
annual_percentage_rate,1.0,13,24,Static,0.98,327.5,128,4,3,5.672317227910014,3.681741247401473,1
annual_percentage_rate,1.0,14,1,Static,0.98,492.0,128,4,3,0.31499948592532634,0.017723310448076762,1
annual_percentage_rate,1.0,14,6,Static,0.98,492.0,128,4,3,0.9211508179023571,0.6054196657835533,1
annual_percentage_rate,1.0,14,24,Static,0.98,492.0,128,4,3,12.451995254471091,14.322900122054616,1
annual_percentage_rate,1.0,15,1,Static,0.98,514.5,128,1,3,0.1366440478287232,0.33966141962527463,1
annual_percentage_rate,1.0,15,6,Static,0.98,514.5,128,4,3,23.796155214312776,2.056955975277729,1
annual_percentage_rate,1.0,15,24,Static,0.98,514.5,128,4,3,184.18096865701483,63.35367922713111,1
annual_percentage_rate,1.0,16,1,Static,0.98,253.25,128,0,1,1.1448398144221055,0.5649038602023403,1
annual_percentage_rate,1.0,16,6,Static,0.98,253.25,128,3,4,0.15849235343597945,1.0466424055639156,1
annual_percentage_rate,1.0,16,24,Static,0.98,253.25,128,3,2,0.6725426850409948,1.288261733460925,1
annual_percentage_rate,1.0,17,1,Static,0.98,183.75,128,4,3,0.007306230579232589,0.214823984447681,1
annual_percentage_rate,1.0,17,6,Static,0.98,183.75,128,4,3,0.7859906187885859,0.538923513855782,1
annual_percentage_rate,1.0,17,24,Static,0.98,183.75,128,4,3,0.7859906187885859,0.538923513855782,1
annual_percentage_rate,1.0,18,1,Static,0.98,327.5,128,4,3,0.013844756131123709,0.04152170668924906,1
annual_percentage_rate,1.0,18,6,Static,0.98,327.5,128,4,3,5.229779546253722,0.7448304403874042,1
annual_percentage_rate,1.0,18,24,Static,0.98,327.5,128,4,3,37.692188335654826,19.174652195667576,1
annual_percentage_rate,1.0,19,1,Static,0.98,363.5,128,0,1,0.08810674330618862,0.0030092114586614217,1
annual_percentage_rate,1.0,19,6,Static,0.98,363.5,128,0,1,2.7694118806593053,0.1401836988809021,1
annual_percentage_rate,1.0,19,24,Static,0.98,363.5,128,2,1,1.1858208218256892,0.4774226583097032,1
annual_percentage_rate,1.0,20,1,Static,0.98,363.5,128,2,1,0.017262640150974104,0.029670654999599068,1
annual_percentage_rate,1.0,20,6,Static,0.98,363.5,128,0,1,0.6051274331134422,0.06791866920984845,1
annual_percentage_rate,1.0,20,24,Static,0.98,363.5,128,1,0,0.08123746756136668,0.8402454043137604,1
annual_percentage_rate,1.0,21,1,Static,0.98,492.0,128,0,1,31.198819464694374,4.471075860931194,1
annual_percentage_rate,1.0,21,6,Static,0.98,492.0,128,0,1,211.04447734354363,22.48009442797746,1
annual_percentage_rate,1.0,21,24,Static,0.98,492.0,128,0,1,356.7459639175584,31.247782300624912,1
annual_percentage_rate,1.0,22,1,Static,0.98,279.5,128,0,1,0.2534166078751594,0.17962239504903266,1
annual_percentage_rate,1.0,22,6,Static,0.98,279.5,128,2,1,35.56256835707313,20.77603399630986,1
annual_percentage_rate,1.0,22,24,Static,0.98,279.5,128,1,2,21.31312502171616,62.92607751045617,1
annual_percentage_rate,1.0,23,1,Static,0.98,279.5,128,0,1,0.2154496753276769,1.070316693088451,1
annual_percentage_rate,1.0,23,6,Static,0.98,279.5,128,2,1,3.857913012440473,1.353271563217966,1
annual_percentage_rate,1.0,23,24,Static,0.98,279.5,128,2,1,3.857913012440473,1.353271563217966,1
annual_percentage_rate,1.0,24,1,Static,0.98,183.75,128,3,4,0.007590300131339073,0.21485806731936558,1
annual_percentage_rate,1.0,24,6,Static,0.98,183.75,128,2,3,4.664137782388552,2.894970004401197,1
annual_percentage_rate,1.0,24,24,Static,0.98,183.75,128,2,3,7.91432413445182,2.7731445311887097,1
annual_percentage_rate,1.0,25,1,Static,0.98,514.5,128,1,0,0.007702879711814825,0.021941361148171093,1
annual_percentage_rate,1.0,25,6,Static,0.98,514.5,128,4,3,47.25546225975209,25.2161863592538,1
annual_percentage_rate,1.0,25,24,Static,0.98,514.5,128,4,3,124.72747568649223,39.93107724415171,1
annual_percentage_rate,1.0,26,1,Static,0.98,327.5,128,4,3,0.06351176055892449,0.03294462081744535,1
annual_percentage_rate,1.0,26,6,Static,0.98,327.5,128,4,3,22.662156338943397,9.34674682463682,1
annual_percentage_rate,1.0,26,24,Static,0.98,327.5,128,4,3,53.58173277947698,20.442456382423703,1
annual_percentage_rate,1.0,27,1,Static,0.98,363.5,128,2,1,0.043525927804694955,0.0009877661909789932,1
annual_percentage_rate,1.0,27,6,Static,0.98,363.5,128,0,1,0.818051294070534,0.070356528979329,1
annual_percentage_rate,1.0,27,24,Static,0.98,363.5,128,1,0,0.3624347472124599,0.24958830026741113,1
annual_percentage_rate,1.0,28,1,Static,0.98,492.0,128,0,1,1.9483740337130977,0.4578978997508339,1
annual_percentage_rate,1.0,28,6,Static,0.98,492.0,128,4,0,9.439890459380578,77.4507862027362,1
annual_percentage_rate,1.0,28,24,Static,0.98,492.0,128,0,1,534.6339644117829,52.076775434578714,1
annual_percentage_rate,1.0,29,1,Static,0.98,492.0,128,0,1,0.6754184649624689,0.07402718704133356,1
annual_percentage_rate,1.0,29,6,Static,0.98,492.0,128,4,3,8.024773772534699,3.4345366122321686,1
annual_percentage_rate,1.0,29,24,Static,0.98,492.0,128,0,1,258.9975259079072,28.870364863824282,1
annual_percentage_rate,1.0,30,1,Static,0.98,183.75,128,4,3,0.05512321691223641,0.008410255722819827,1
annual_percentage_rate,1.0,30,6,Static,0.98,183.75,128,4,3,1.3361284948266836,0.30862736465195406,1
annual_percentage_rate,1.0,30,24,Static,0.98,183.75,128,4,3,1.6758049331659528,0.3181256457131943,1
annual_percentage_rate,1.0,31,1,Static,0.98,238.5,128,4,3,0.035037099785833026,0.0007604096075742257,1
annual_percentage_rate,1.0,31,6,Static,0.98,238.5,128,4,3,0.17256788964353964,0.01980771414864791,1
annual_percentage_rate,1.0,31,24,Static,0.98,238.5,128,4,3,0.17256788964353964,0.01980771414864791,1
annual_percentage_rate,1.0,32,1,Static,0.98,519.0,128,2,3,0.8841706638888862,0.7339657883738558,1
annual_percentage_rate,1.0,32,6,Static,0.98,519.0,128,4,3,37.72291010840992,35.026806950928744,1
annual_percentage_rate,1.0,32,24,Static,0.98,519.0,128,0,1,266.7817712330748,82.05228498499343,1
annual_percentage_rate,1.0,33,1,Static,0.98,279.5,128,1,2,0.21871906753594061,0.011634494177130061,1
annual_percentage_rate,1.0,33,6,Static,0.98,279.5,128,1,2,0.31272551598129605,0.08670676156166196,1
annual_percentage_rate,1.0,33,24,Static,0.98,279.5,128,1,2,0.31272551598129605,0.08670676156166196,1
annual_percentage_rate,1.0,34,1,Static,0.98,238.5,128,4,3,0.002678024315509564,0.0011359317980790967,1
annual_percentage_rate,1.0,34,6,Static,0.98,238.5,128,4,3,1.1252984689871073,0.08272845952480673,1
annual_percentage_rate,1.0,34,24,Static,0.98,238.5,128,4,3,1.1252984689871073,0.08272845952480673,1
annual_percentage_rate,1.0,35,1,Static,0.98,514.5,128,0,1,0.036926219362973134,0.13073339863393416,1
annual_percentage_rate,1.0,35,6,Static,0.98,514.5,128,4,3,2.9658472377273135,0.12989543966010347,1
annual_percentage_rate,1.0,35,24,Static,0.98,514.5,128,4,3,8.213473107944477,2.491776918532671,1
annual_percentage_rate,1.0,36,1,Static,0.98,82.5,128,2,1,55.16368052297746,43.57779017864826,1
annual_percentage_rate,1.0,36,6,Static,0.98,82.5,128,0,1,52.42890638521646,19.14071270063398,1
annual_percentage_rate,1.0,36,24,Static,0.98,82.5,128,0,1,52.42890638521646,19.14071270063398,1
annual_percentage_rate,1.0,37,1,Static,0.98,480.0,128,0,1,0.6222638765368873,0.1355329640056007,1
annual_percentage_rate,1.0,37,6,Static,0.98,480.0,128,4,3,6.337326798766346,2.4517601279424213,1
annual_percentage_rate,1.0,37,24,Static,0.98,480.0,128,4,2,20.74739010718718,78.77396304505949,1
annual_percentage_rate,1.0,38,1,Static,0.98,82.5,128,0,1,0.2822163883741563,0.05000622908739846,1
annual_percentage_rate,1.0,38,6,Static,0.98,82.5,128,0,1,2.645016537898375,0.13921386603205685,1
annual_percentage_rate,1.0,38,24,Static,0.98,82.5,128,0,1,2.849147195322529,0.15251333451179472,1
annual_percentage_rate,1.0,39,1,Static,0.98,492.25,128,2,1,0.27137982793673765,0.8741564324100057,1
annual_percentage_rate,1.0,39,6,Static,0.98,492.25,128,2,1,168.7423064062457,88.83601933625253,1
annual_percentage_rate,1.0,39,24,Static,0.98,492.25,128,0,1,254.64268119221478,66.2598929723335,1
annual_percentage_rate,1.0,40,1,Static,0.98,56.75,128,0,1,0.00855294361187689,0.0028865059785964826,1
annual_percentage_rate,1.0,40,6,Static,0.98,56.75,128,4,3,0.0041520233778912785,0.013818986124381816,1
annual_percentage_rate,1.0,40,24,Static,0.98,56.75,128,4,3,0.0041520233778912785,0.013818986124381816,1
annual_percentage_rate,1.0,41,1,Static,0.98,29.5,128,4,3,0.1731335961028371,0.21476785356485192,1
annual_percentage_rate,1.0,41,6,Static,0.98,29.5,128,4,3,1.6730806583602968,0.3117165213780955,1
annual_percentage_rate,1.0,41,24,Static,0.98,29.5,128,4,3,1.6730806583602968,0.3117165213780955,1
annual_percentage_rate,1.0,42,1,Static,0.98,82.5,128,2,1,21.33920595771155,21.599026943146757,1
annual_percentage_rate,1.0,42,6,Static,0.98,82.5,128,2,1,74.73099767829589,38.04513769300057,1
annual_percentage_rate,1.0,42,24,Static,0.98,82.5,128,2,1,74.73099767829589,38.04513769300057,1
annual_percentage_rate,1.0,43,1,Static,0.98,29.5,128,4,3,0.23801954354794194,0.2148255563676767,1
annual_percentage_rate,1.0,43,6,Static,0.98,29.5,128,4,3,0.23801954354794194,0.2148255563676767,1
annual_percentage_rate,1.0,43,24,Static,0.98,29.5,128,4,3,0.23801954354794194,0.2148255563676767,1
annual_percentage_rate,1.0,44,1,Static,0.98,143.25,128,4,3,40.596791856098626,29.668211385686977,1
annual_percentage_rate,1.0,44,6,Static,0.98,143.25,128,0,1,293.16069161802955,15.795276390849473,1
annual_percentage_rate,1.0,44,24,Static,0.98,143.25,128,0,1,293.16069161802955,15.795276390849473,1
annual_percentage_rate,1.0,45,1,Static,0.98,451.5,128,0,1,3.7191962236198153,0.6877573220220038,1
annual_percentage_rate,1.0,45,6,Static,0.98,451.5,128,0,1,113.7623240723014,13.229592455704656,1
annual_percentage_rate,1.0,45,24,Static,0.98,451.5,128,0,1,154.64099411694446,12.379368678390057,1
annual_percentage_rate,1.0,46,1,Static,0.98,76.5,128,2,1,0.016054381253451044,0.0009093021709493862,1
annual_percentage_rate,1.0,46,6,Static,0.98,76.5,128,2,1,0.03686787069598285,0.0028014530540949804,1
annual_percentage_rate,1.0,46,24,Static,0.98,76.5,128,2,1,0.03686787069598285,0.0028014530540949804,1
annual_percentage_rate,1.0,47,1,Static,0.98,180.5,128,1,2,0.9806906628918286,0.6871302725642487,1
annual_percentage_rate,1.0,47,6,Static,0.98,180.5,128,1,2,7.80672907299741,23.48320181376715,1
annual_percentage_rate,1.0,47,24,Static,0.98,180.5,128,0,1,68.75521325699887,35.296593582736804,1
annual_percentage_rate,1.0,48,1,Static,0.98,143.25,128,3,2,0.0010383173764981768,0.015392868710851907,1
annual_percentage_rate,1.0,48,6,Static,0.98,143.25,128,4,3,38.85479380559114,16.465197604963397,1
annual_percentage_rate,1.0,48,24,Static,0.98,143.25,128,4,3,35.14111224444917,16.59630784084507,1
annual_percentage_rate,1.0,49,1,Static,0.98,76.5,128,4,3,2.154899640686969,0.39558764127009144,1
annual_percentage_rate,1.0,49,6,Static,0.98,76.5,128,4,3,61.01982043446006,28.072684476147035,1
annual_percentage_rate,1.0,49,24,Static,0.98,76.5,128,2,3,30.78625334868584,19.894529621276526,1
annual_percentage_rate,1.0,50,1,Static,0.98,451.5,128,2,1,233.54786302476222,101.70222699980002,1
annual_percentage_rate,1.0,50,6,Static,0.98,451.5,128,0,1,18.301797864722886,12.577248855675963,1
annual_percentage_rate,1.0,50,24,Static,0.98,451.5,128,0,1,18.301797864722886,12.577248855675963,1
annual_percentage_rate,1.0,51,1,Static,0.98,76.5,128,4,3,12.4848826240721,7.838328515862799,1
annual_percentage_rate,1.0,51,6,Static,0.98,76.5,128,4,3,58.920362318144115,13.58697869888641,1
annual_percentage_rate,1.0,51,24,Static,0.98,76.5,128,4,3,60.95058462096276,15.691489461938522,1
annual_percentage_rate,1.0,52,1,Static,0.98,143.25,128,2,3,0.02561821114245824,0.0012859116960016734,1
annual_percentage_rate,1.0,52,6,Static,0.98,143.25,128,3,4,0.0,0.0,2
annual_percentage_rate,1.0,52,24,Static,0.98,143.25,128,3,4,0.0,0.0,2
annual_percentage_rate,1.0,53,1,Static,0.98,56.75,128,3,4,0.0,0.0,2
annual_percentage_rate,1.0,53,6,Static,0.98,56.75,128,3,4,0.0,0.0,2
annual_percentage_rate,1.0,53,24,Static,0.98,56.75,128,3,4,0.0,0.0,2
annual_percentage_rate,1.0,54,1,Static,0.98,29.5,128,2,3,1.3493959627894165,0.01773859396688245,1
annual_percentage_rate,1.0,54,6,Static,0.98,29.5,128,2,3,0.6570050460678751,0.08478769316933064,1
annual_percentage_rate,1.0,54,24,Static,0.98,29.5,128,2,3,0.6570050460678751,0.08478769316933064,1
annual_percentage_rate,1.0,55,1,Static,0.98,180.5,128,1,0,0.12429922688011619,0.4565338680600873,1
annual_percentage_rate,1.0,55,6,Static,0.98,180.5,128,0,1,0.08292079475553216,23.18541558933376,1
annual_percentage_rate,1.0,55,24,Static,0.98,180.5,128,1,0,4.586563560199496,21.313067345944958,1
annual_percentage_rate,1.0,56,1,Static,0.98,492.25,128,4,0,4.201936128298367,7.909331853343117,1
annual_percentage_rate,1.0,56,6,Static,0.98,492.25,128,4,2,33.0410660640045,46.57317935047466,1
annual_percentage_rate,1.0,56,24,Static,0.98,492.25,128,0,1,195.55613915259926,44.927621319704095,1
annual_percentage_rate,1.0,57,1,Static,0.98,480.0,128,1,4,132.74874129557278,62.82231109404096,1
annual_percentage_rate,1.0,57,6,Static,0.98,480.0,128,0,1,77.92116301942326,20.504973861755452,1
annual_percentage_rate,1.0,57,24,Static,0.98,480.0,128,0,1,77.92116301942326,20.504973861755452,1
annual_percentage_rate,1.0,58,1,Static,0.98,143.25,128,0,1,5.774307366938379,32.21134627752257,1
annual_percentage_rate,1.0,58,6,Static,0.98,143.25,128,0,1,351.52221285159504,36.97863528385527,1
annual_percentage_rate,1.0,58,24,Static,0.98,143.25,128,0,1,429.4088464458012,31.445310533424685,1
annual_percentage_rate,1.0,59,1,Static,0.98,480.0,128,0,1,1.8780309537135664,0.37808423192816154,1
annual_percentage_rate,1.0,59,6,Static,0.98,480.0,128,0,1,265.3300501290943,24.887197058083736,1
annual_percentage_rate,1.0,59,24,Static,0.98,480.0,128,0,1,445.8778776652493,23.55093432432776,1
annual_percentage_rate,1.0,60,1,Static,0.98,451.5,128,1,2,0.5715013394747324,21.911424150906953,1
annual_percentage_rate,1.0,60,6,Static,0.98,451.5,128,1,0,31.129962339890717,51.33522777509322,1
annual_percentage_rate,1.0,60,24,Static,0.98,451.5,128,0,1,248.86903407685116,42.882339376644616,1
annual_percentage_rate,1.0,61,1,Static,0.98,82.5,128,2,1,35.23956095695214,39.59585723463882,1
annual_percentage_rate,1.0,61,6,Static,0.98,82.5,128,0,2,111.61435915159468,114.36579043018018,1
annual_percentage_rate,1.0,61,24,Static,0.98,82.5,128,0,2,111.61435915159468,114.36579043018018,1
annual_percentage_rate,1.0,62,1,Static,0.98,56.75,128,4,0,0.05809537524002617,0.19266614007620825,1
annual_percentage_rate,1.0,62,6,Static,0.98,56.75,128,4,3,3.969360301408085,1.9183967512443767,1
annual_percentage_rate,1.0,62,24,Static,0.98,56.75,128,4,3,14.732763343315117,10.264366868711866,1
annual_percentage_rate,1.0,63,1,Static,0.98,451.5,128,4,3,19.694875334208973,11.05180825985631,1
annual_percentage_rate,1.0,63,6,Static,0.98,451.5,128,0,1,13.813611492772193,4.786016469429991,1
annual_percentage_rate,1.0,63,24,Static,0.98,451.5,128,0,1,13.813611492772194,4.786016469429991,1
annual_percentage_rate,1.0,64,1,Static,0.98,180.5,128,2,0,26.30274802865268,19.729174367680848,1
annual_percentage_rate,1.0,64,6,Static,0.98,180.5,128,2,1,19.64030010977674,20.071468849217727,1
annual_percentage_rate,1.0,64,24,Static,0.98,180.5,128,1,0,22.642127863897,39.30845524780132,1
annual_percentage_rate,1.0,65,1,Static,0.98,480.0,128,4,3,0.031232395052007172,0.001343286474886317,1
annual_percentage_rate,1.0,65,6,Static,0.98,480.0,128,4,3,38.881714557017176,17.60423626882726,1
annual_percentage_rate,1.0,65,24,Static,0.98,480.0,128,4,3,63.07520761606768,32.59631864122685,1
annual_percentage_rate,1.0,66,1,Static,0.98,492.25,128,0,1,0.39076965947607656,0.07207298294710536,1
annual_percentage_rate,1.0,66,6,Static,0.98,492.25,128,2,1,68.03392076268558,42.62338290685335,1
annual_percentage_rate,1.0,66,24,Static,0.98,492.25,128,0,1,26.810285595622442,31.311044026064543,1
annual_percentage_rate,1.0,67,1,Static,0.98,180.5,128,0,1,0.013507908796533366,0.0007533853495144535,1
annual_percentage_rate,1.0,67,6,Static,0.98,180.5,128,3,4,0.2013731099664208,0.040116540672789275,1
annual_percentage_rate,1.0,67,24,Static,0.98,180.5,128,3,4,0.22726564793308185,0.051820490446552854,1
annual_percentage_rate,1.0,68,1,Static,0.98,29.5,128,2,3,0.45903515976293086,0.06350394250357153,1
annual_percentage_rate,1.0,68,6,Static,0.98,29.5,128,2,4,0.7962898464930116,2.9379669928942196,1
annual_percentage_rate,1.0,68,24,Static,0.98,29.5,128,2,4,0.6189539055180834,3.0601740448330896,1
annual_percentage_rate,1.0,69,1,Static,0.98,56.75,128,4,3,0.04618568735520573,0.0010487306579157149,1
annual_percentage_rate,1.0,69,6,Static,0.98,56.75,128,4,3,0.16433875777102896,0.0047028601307689145,1
annual_percentage_rate,1.0,69,24,Static,0.98,56.75,128,4,3,0.16433875777102896,0.0047028601307689145,1
annual_percentage_rate,1.0,70,1,Static,0.98,492.25,128,4,0,8.141364464931605,8.942261941331461,1
annual_percentage_rate,1.0,70,6,Static,0.98,492.25,128,3,2,3.3905433477635114,8.709803446758238,1
annual_percentage_rate,1.0,70,24,Static,0.98,492.25,128,1,0,5.275488744186225,10.25378230592627,1
annual_percentage_rate,1.0,71,1,Static,0.98,76.5,128,2,3,1.9592969956640398,0.21917407588238835,1
annual_percentage_rate,1.0,71,6,Static,0.98,76.5,128,2,3,13.126411045190569,0.7322800241126756,1
annual_percentage_rate,1.0,71,24,Static,0.98,76.5,128,2,3,18.352152118991256,0.9194310573124085,1
annual_percentage_rate,1.25,0,1,Static,0.98,279.5,128,2,1,0.09440170266903719,0.004440961584500942,1
annual_percentage_rate,1.25,0,6,Static,0.98,279.5,128,2,1,1.250976197440973,0.10148294004396753,1
annual_percentage_rate,1.25,0,24,Static,0.98,279.5,128,2,1,1.250976197440973,0.10148294004396753,1
annual_percentage_rate,1.25,1,1,Static,0.98,253.25,128,4,3,0.3491175610432292,0.0003290558154594633,1
annual_percentage_rate,1.25,1,6,Static,0.98,253.25,128,4,3,3.169707557216995,0.48228260201922574,1
annual_percentage_rate,1.25,1,24,Static,0.98,253.25,128,4,3,5.105556083301661,0.5583733789600718,1
annual_percentage_rate,1.25,2,1,Static,0.98,519.0,128,0,1,0.4810135458913617,0.04185304704742362,1
annual_percentage_rate,1.25,2,6,Static,0.98,519.0,128,3,4,-3.552713678800501e-15,3.552713678800501e-15,2
annual_percentage_rate,1.25,2,24,Static,0.98,519.0,128,3,4,0.0,0.0,2
annual_percentage_rate,1.25,3,1,Static,0.98,327.5,128,0,1,2.8338493862606615,0.47988254447797896,1
annual_percentage_rate,1.25,3,6,Static,0.98,327.5,128,0,1,203.97451722651127,45.825338714311606,1
annual_percentage_rate,1.25,3,24,Static,0.98,327.5,128,0,1,510.72047163138205,59.5492128259703,1
annual_percentage_rate,1.25,4,1,Static,0.98,363.5,128,0,1,0.7644130944041239,0.8749201333278607,1
annual_percentage_rate,1.25,4,6,Static,0.98,363.5,128,2,1,74.84727034330277,51.25631421800706,1
annual_percentage_rate,1.25,4,24,Static,0.98,363.5,128,0,1,142.04070282556384,85.76550285009196,1
annual_percentage_rate,1.25,5,1,Static,0.98,253.25,128,4,3,0.8261931980993646,0.1531249055147175,1
annual_percentage_rate,1.25,5,6,Static,0.98,253.25,128,4,3,15.423907131499163,1.8144261339437404,1
annual_percentage_rate,1.25,5,24,Static,0.98,253.25,128,4,3,6.64377210640179,1.9447228581905174,1
annual_percentage_rate,1.25,6,1,Static,0.98,514.5,128,0,3,37.21344923689653,24.671682625715444,1
annual_percentage_rate,1.25,6,6,Static,0.98,514.5,128,0,1,274.20773308719606,18.914723910970686,1
annual_percentage_rate,1.25,6,24,Static,0.98,514.5,128,0,1,279.63069853863567,17.740158767995567,1
annual_percentage_rate,1.25,7,1,Static,0.98,519.0,128,4,3,0.1326273750274703,0.0021629902704493184,1
annual_percentage_rate,1.25,7,6,Static,0.98,519.0,128,4,2,4.902355452166397,7.4022911051393905,1
annual_percentage_rate,1.25,7,24,Static,0.98,519.0,128,4,3,23.412115603790554,13.344655177545448,1
annual_percentage_rate,1.25,8,1,Static,0.98,183.75,128,2,3,0.3327286192927724,0.21482094855856473,1
annual_percentage_rate,1.25,8,6,Static,0.98,183.75,128,4,3,1.6631930172864744,1.0127648506062015,1
annual_percentage_rate,1.25,8,24,Static,0.98,183.75,128,4,3,1.6631930172864744,1.0127648506062015,1
annual_percentage_rate,1.25,9,1,Static,0.98,253.25,128,4,3,22.41279978968919,13.71540334374121,1
annual_percentage_rate,1.25,9,6,Static,0.98,253.25,128,4,3,133.05790336537447,24.72213276092612,1
annual_percentage_rate,1.25,9,24,Static,0.98,253.25,128,4,3,97.7600106595325,22.50683381234993,1
annual_percentage_rate,1.25,10,1,Static,0.98,238.5,128,4,3,0.030915483162990726,0.0005463075893699758,1
annual_percentage_rate,1.25,10,6,Static,0.98,238.5,128,4,3,1.0878104017791466,0.28628739641951356,1
annual_percentage_rate,1.25,10,24,Static,0.98,238.5,128,4,3,1.1858361031282085,0.27354177449149114,1
annual_percentage_rate,1.25,11,1,Static,0.98,238.5,128,3,4,0.038890888398818824,0.029927029910599017,1
annual_percentage_rate,1.25,11,6,Static,0.98,238.5,128,3,4,3.8257964142454615,37.54584466273977,1
annual_percentage_rate,1.25,11,24,Static,0.98,238.5,128,3,4,3.8257964142454615,37.54584466273977,1
annual_percentage_rate,1.25,12,1,Static,0.98,519.0,128,0,1,39.99080141772417,40.12251494907029,1
annual_percentage_rate,1.25,12,6,Static,0.98,519.0,128,0,1,585.0062207788511,51.67346835656885,1
annual_percentage_rate,1.25,12,24,Static,0.98,519.0,128,0,1,1130.103329619339,107.21152121046288,1
annual_percentage_rate,1.25,13,1,Static,0.98,327.5,128,4,3,0.0741295050998236,0.001308356099668347,1
annual_percentage_rate,1.25,13,6,Static,0.98,327.5,128,4,3,1.4725646243261459,0.23394719128181826,1
annual_percentage_rate,1.25,13,24,Static,0.98,327.5,128,4,3,5.405336030157057,3.551224533683802,1
annual_percentage_rate,1.25,14,1,Static,0.98,492.0,128,4,3,0.31499948592532634,0.017723310448076766,1
annual_percentage_rate,1.25,14,6,Static,0.98,492.0,128,4,3,0.6695233503823532,0.5401888538531275,1
annual_percentage_rate,1.25,14,24,Static,0.98,492.0,128,4,3,11.740621657897082,14.859965448075835,1
annual_percentage_rate,1.25,15,1,Static,0.98,514.5,128,1,3,0.13664404782872308,0.33966141962527474,1
annual_percentage_rate,1.25,15,6,Static,0.98,514.5,128,4,3,23.65082816294006,2.035971027006217,1
annual_percentage_rate,1.25,15,24,Static,0.98,514.5,128,4,3,183.7393623433806,64.04666488582615,1
annual_percentage_rate,1.25,16,1,Static,0.98,253.25,128,0,1,1.1448398144221055,0.5649038602023403,1
annual_percentage_rate,1.25,16,6,Static,0.98,253.25,128,4,3,0.8858063074366754,1.0677359698900615,1
annual_percentage_rate,1.25,16,24,Static,0.98,253.25,128,3,4,1.5212132372838818,4.454521654531905,1
annual_percentage_rate,1.25,17,1,Static,0.98,183.75,128,4,3,0.007306230579232603,0.214823984447681,1
annual_percentage_rate,1.25,17,6,Static,0.98,183.75,128,4,3,1.6361097823361126,0.5499844947669895,1
annual_percentage_rate,1.25,17,24,Static,0.98,183.75,128,4,3,1.6361097823361126,0.5499844947669895,1
annual_percentage_rate,1.25,18,1,Static,0.98,327.5,128,4,3,0.013844756131123709,0.04152170668924906,1
annual_percentage_rate,1.25,18,6,Static,0.98,327.5,128,4,3,5.236090333804163,0.7445429093365855,1
annual_percentage_rate,1.25,18,24,Static,0.98,327.5,128,4,3,36.596891367602375,18.77039907940076,1
annual_percentage_rate,1.25,19,1,Static,0.98,363.5,128,0,1,0.08810674330618862,0.0030092114586614213,1
annual_percentage_rate,1.25,19,6,Static,0.98,363.5,128,0,1,2.7037711215357407,0.1382076577640271,1
annual_percentage_rate,1.25,19,24,Static,0.98,363.5,128,2,1,1.0190576454565454,0.4745764889526672,1
annual_percentage_rate,1.25,20,1,Static,0.98,363.5,128,2,1,0.01726264015097409,0.029670654999599068,1
annual_percentage_rate,1.25,20,6,Static,0.98,363.5,128,0,1,0.5873164759190045,0.06784705423329365,1
annual_percentage_rate,1.25,20,24,Static,0.98,363.5,128,0,1,0.12507638033123702,0.7948075270758259,1
annual_percentage_rate,1.25,21,1,Static,0.98,492.0,128,0,1,31.198819464694374,4.471075860931194,1
annual_percentage_rate,1.25,21,6,Static,0.98,492.0,128,0,1,206.32355888662937,22.871025472470098,1
annual_percentage_rate,1.25,21,24,Static,0.98,492.0,128,0,1,350.87657837865726,29.806031241588045,1
annual_percentage_rate,1.25,22,1,Static,0.98,279.5,128,0,1,0.2534166078751594,0.17962239504903266,1
annual_percentage_rate,1.25,22,6,Static,0.98,279.5,128,2,1,36.21217080395753,21.49062189780719,1
annual_percentage_rate,1.25,22,24,Static,0.98,279.5,128,1,2,20.97779411853812,63.509688933154564,1
annual_percentage_rate,1.25,23,1,Static,0.98,279.5,128,0,1,0.2154496753276769,1.070316693088451,1
annual_percentage_rate,1.25,23,6,Static,0.98,279.5,128,2,1,3.913529446466356,1.3532420236813536,1
annual_percentage_rate,1.25,23,24,Static,0.98,279.5,128,2,1,3.913529446466356,1.3532420236813536,1
annual_percentage_rate,1.25,24,1,Static,0.98,183.75,128,3,4,0.007590300131339073,0.21485806731936558,1
annual_percentage_rate,1.25,24,6,Static,0.98,183.75,128,2,3,3.788672224780741,2.93633443102585,1
annual_percentage_rate,1.25,24,24,Static,0.98,183.75,128,2,3,6.877953613132384,2.8276619980573487,1
annual_percentage_rate,1.25,25,1,Static,0.98,514.5,128,1,0,0.007702879711814825,0.021941361148171093,1
annual_percentage_rate,1.25,25,6,Static,0.98,514.5,128,4,3,47.250664318714044,25.393687746565767,1
annual_percentage_rate,1.25,25,24,Static,0.98,514.5,128,4,3,125.15092209055084,41.38238277283773,1
annual_percentage_rate,1.25,26,1,Static,0.98,327.5,128,4,3,0.06351176055892471,0.032944620817445355,1
annual_percentage_rate,1.25,26,6,Static,0.98,327.5,128,4,3,22.15376984144047,9.130617442445311,1
annual_percentage_rate,1.25,26,24,Static,0.98,327.5,128,4,3,52.61671210082796,20.84098921384075,1
annual_percentage_rate,1.25,27,1,Static,0.98,363.5,128,2,1,0.043525927804695,0.0009877661909789982,1
annual_percentage_rate,1.25,27,6,Static,0.98,363.5,128,0,1,0.763250615603231,0.06959639957203098,1
annual_percentage_rate,1.25,27,24,Static,0.98,363.5,128,1,0,0.1813306030672011,0.24464521714942647,1
annual_percentage_rate,1.25,28,1,Static,0.98,492.0,128,0,1,1.9483740337130977,0.4578978997508339,1
annual_percentage_rate,1.25,28,6,Static,0.98,492.0,128,4,0,12.031675575758527,77.65985665704396,1
annual_percentage_rate,1.25,28,24,Static,0.98,492.0,128,0,1,521.1883450732091,50.720400288828635,1
annual_percentage_rate,1.25,29,1,Static,0.98,492.0,128,0,1,0.6754184649624689,0.07402718704133356,1
annual_percentage_rate,1.25,29,6,Static,0.98,492.0,128,4,3,7.980689367848708,3.3985286730387716,1
annual_percentage_rate,1.25,29,24,Static,0.98,492.0,128,0,1,252.76046706289637,28.26916046169164,1
annual_percentage_rate,1.25,30,1,Static,0.98,183.75,128,4,3,0.055123216912236414,0.008410255722819828,1
annual_percentage_rate,1.25,30,6,Static,0.98,183.75,128,4,3,1.6606983709060743,0.3167954596791112,1
annual_percentage_rate,1.25,30,24,Static,0.98,183.75,128,4,3,2.103527066598662,0.3287063276097591,1
annual_percentage_rate,1.25,31,1,Static,0.98,238.5,128,4,3,0.035037099785832915,0.0007604096075742176,1
annual_percentage_rate,1.25,31,6,Static,0.98,238.5,128,4,3,0.18314908212861797,0.02026859164279996,1
annual_percentage_rate,1.25,31,24,Static,0.98,238.5,128,4,3,0.18314908212861797,0.02026859164279996,1
annual_percentage_rate,1.25,32,1,Static,0.98,519.0,128,2,3,0.8841706638888862,0.7339657883738558,1
annual_percentage_rate,1.25,32,6,Static,0.98,519.0,128,4,3,38.221209163385716,35.50772675563087,1
annual_percentage_rate,1.25,32,24,Static,0.98,519.0,128,0,1,263.7669967267188,80.06287072828505,1
annual_percentage_rate,1.25,33,1,Static,0.98,279.5,128,1,2,0.21871906753594078,0.011634494177130063,1
annual_percentage_rate,1.25,33,6,Static,0.98,279.5,128,1,2,0.2742072787724592,0.08695337805774014,1
annual_percentage_rate,1.25,33,24,Static,0.98,279.5,128,1,2,0.2742072787724592,0.08695337805774014,1
annual_percentage_rate,1.25,34,1,Static,0.98,238.5,128,4,3,0.00267802431550955,0.0011359317980790932,1
annual_percentage_rate,1.25,34,6,Static,0.98,238.5,128,4,3,1.1340250097721694,0.08312237561334297,1
annual_percentage_rate,1.25,34,24,Static,0.98,238.5,128,4,3,1.1340250097721694,0.08312237561334297,1
annual_percentage_rate,1.25,35,1,Static,0.98,514.5,128,0,1,0.036926219362973134,0.13073339863393416,1
annual_percentage_rate,1.25,35,6,Static,0.98,514.5,128,4,3,2.94560721497935,0.12942009197983612,1
annual_percentage_rate,1.25,35,24,Static,0.98,514.5,128,4,3,7.61161640555396,2.3512622418157765,1
annual_percentage_rate,1.25,36,1,Static,0.98,82.5,128,2,1,55.55098099938958,43.85050798316053,1
annual_percentage_rate,1.25,36,6,Static,0.98,82.5,128,0,1,51.42423590436679,18.702213958591177,1
annual_percentage_rate,1.25,36,24,Static,0.98,82.5,128,0,1,51.42423590436679,18.702213958591177,1
annual_percentage_rate,1.25,37,1,Static,0.98,480.0,128,0,1,0.6222638765368873,0.1355329640056007,1
annual_percentage_rate,1.25,37,6,Static,0.98,480.0,128,4,3,6.35302860975326,2.417513810679675,1
annual_percentage_rate,1.25,37,24,Static,0.98,480.0,128,4,2,26.449881034290282,77.1095770671633,1
annual_percentage_rate,1.25,38,1,Static,0.98,82.5,128,0,1,0.2822163883741563,0.05000622908739846,1
annual_percentage_rate,1.25,38,6,Static,0.98,82.5,128,0,1,2.6484756173478443,0.13769005216163294,1
annual_percentage_rate,1.25,38,24,Static,0.98,82.5,128,0,1,2.8915377017327657,0.1510750918014449,1
annual_percentage_rate,1.25,39,1,Static,0.98,492.25,128,2,1,0.27137982793673765,0.8741564324100057,1
annual_percentage_rate,1.25,39,6,Static,0.98,492.25,128,2,1,170.43523969429486,89.13082599923973,1
annual_percentage_rate,1.25,39,24,Static,0.98,492.25,128,0,1,251.6181566272195,65.30128705291546,1
annual_percentage_rate,1.25,40,1,Static,0.98,56.75,128,0,1,0.00855294361187689,0.0028865059785964826,1
annual_percentage_rate,1.25,40,6,Static,0.98,56.75,128,4,3,0.016070826581295883,0.01427438681288913,1
annual_percentage_rate,1.25,40,24,Static,0.98,56.75,128,4,3,0.016070826581295883,0.01427438681288913,1
annual_percentage_rate,1.25,41,1,Static,0.98,29.5,128,4,3,0.17313359610283716,0.21476785356485192,1
annual_percentage_rate,1.25,41,6,Static,0.98,29.5,128,4,3,2.0198388858388174,0.3148830924110658,1
annual_percentage_rate,1.25,41,24,Static,0.98,29.5,128,4,3,2.0198388858388174,0.3148830924110658,1
annual_percentage_rate,1.25,42,1,Static,0.98,82.5,128,2,1,21.47606601166924,21.735886490002088,1
annual_percentage_rate,1.25,42,6,Static,0.98,82.5,128,2,1,75.6513940099777,38.57228204014491,1
annual_percentage_rate,1.25,42,24,Static,0.98,82.5,128,2,1,75.6513940099777,38.57228204014491,1
annual_percentage_rate,1.25,43,1,Static,0.98,29.5,128,4,3,0.23801954354794191,0.2148255563676767,1
annual_percentage_rate,1.25,43,6,Static,0.98,29.5,128,4,3,0.23801954354794191,0.2148255563676767,1
annual_percentage_rate,1.25,43,24,Static,0.98,29.5,128,4,3,0.23801954354794191,0.2148255563676767,1
annual_percentage_rate,1.25,44,1,Static,0.98,143.25,128,4,3,40.84387765714437,29.842197903499404,1
annual_percentage_rate,1.25,44,6,Static,0.98,143.25,128,0,1,293.9928972496809,15.371333904437419,1
annual_percentage_rate,1.25,44,24,Static,0.98,143.25,128,0,1,293.9928972496809,15.371333904437419,1
annual_percentage_rate,1.25,45,1,Static,0.98,451.5,128,0,1,3.7191962236198153,0.6877573220220038,1
annual_percentage_rate,1.25,45,6,Static,0.98,451.5,128,0,1,112.10088799195695,13.165444779343128,1
annual_percentage_rate,1.25,45,24,Static,0.98,451.5,128,0,1,152.98578611719512,12.030908782198601,1
annual_percentage_rate,1.25,46,1,Static,0.98,76.5,128,2,1,0.016054381253451044,0.0009093021709493862,1
annual_percentage_rate,1.25,46,6,Static,0.98,76.5,128,2,1,0.036862586335802305,0.0027997364948491596,1
annual_percentage_rate,1.25,46,24,Static,0.98,76.5,128,2,1,0.036862586335802305,0.0027997364948491596,1
annual_percentage_rate,1.25,47,1,Static,0.98,180.5,128,1,2,0.9806906628918286,0.6871302725642487,1
annual_percentage_rate,1.25,47,6,Static,0.98,180.5,128,1,2,5.857927705749081,23.66712743425393,1
annual_percentage_rate,1.25,47,24,Static,0.98,180.5,128,0,1,64.9293267683993,33.39022784684488,1
annual_percentage_rate,1.25,48,1,Static,0.98,143.25,128,3,2,0.0010383173764981768,0.015392868710851907,1
annual_percentage_rate,1.25,48,6,Static,0.98,143.25,128,4,3,39.14771677269844,16.730427794568836,1
annual_percentage_rate,1.25,48,24,Static,0.98,143.25,128,4,3,35.69070943204337,16.60752426026563,1
annual_percentage_rate,1.25,49,1,Static,0.98,76.5,128,4,3,2.154899640686969,0.39558764127009144,1
annual_percentage_rate,1.25,49,6,Static,0.98,76.5,128,4,3,63.63329484926322,28.334809905444658,1
annual_percentage_rate,1.25,49,24,Static,0.98,76.5,128,2,3,22.777641580001195,20.77271963562239,1
annual_percentage_rate,1.25,50,1,Static,0.98,451.5,128,2,1,235.10363383425016,102.38694372492196,1
annual_percentage_rate,1.25,50,6,Static,0.98,451.5,128,0,1,17.3683353790301,12.04267286098499,1
annual_percentage_rate,1.25,50,24,Static,0.98,451.5,128,0,1,17.3683353790301,12.04267286098499,1
annual_percentage_rate,1.25,51,1,Static,0.98,76.5,128,4,3,12.563930407149854,7.893902396327597,1
annual_percentage_rate,1.25,51,6,Static,0.98,76.5,128,4,3,59.713844286810534,13.74708473725963,1
annual_percentage_rate,1.25,51,24,Static,0.98,76.5,128,4,3,63.44045485748782,16.10079018782141,1
annual_percentage_rate,1.25,52,1,Static,0.98,143.25,128,2,3,0.02561821114245824,0.0012859116960016734,1
annual_percentage_rate,1.25,52,6,Static,0.98,143.25,128,3,4,0.0,0.0,2
annual_percentage_rate,1.25,52,24,Static,0.98,143.25,128,3,4,4.440892098500626e-16,4.440892098500626e-16,2
annual_percentage_rate,1.25,53,1,Static,0.98,56.75,128,3,4,0.0,0.0,2
annual_percentage_rate,1.25,53,6,Static,0.98,56.75,128,3,4,0.0,0.0,2
annual_percentage_rate,1.25,53,24,Static,0.98,56.75,128,3,4,0.0,0.0,2
annual_percentage_rate,1.25,54,1,Static,0.98,29.5,128,2,3,1.3493959627894165,0.01773859396688245,1
annual_percentage_rate,1.25,54,6,Static,0.98,29.5,128,2,3,0.12264862162733219,0.08558073198500604,1
annual_percentage_rate,1.25,54,24,Static,0.98,29.5,128,2,3,0.12264862162733219,0.08558073198500604,1
annual_percentage_rate,1.25,55,1,Static,0.98,180.5,128,1,0,0.12429922688011619,0.4565338680600873,1
annual_percentage_rate,1.25,55,6,Static,0.98,180.5,128,1,0,0.6830610957246819,23.01398707580465,1
annual_percentage_rate,1.25,55,24,Static,0.98,180.5,128,1,0,5.28771998323394,20.92551321646848,1
annual_percentage_rate,1.25,56,1,Static,0.98,492.25,128,4,0,4.234740635894569,7.942126568464071,1
annual_percentage_rate,1.25,56,6,Static,0.98,492.25,128,4,2,33.86188389373552,47.01747455377969,1
annual_percentage_rate,1.25,56,24,Static,0.98,492.25,128,0,1,192.65168441621182,43.70073464764405,1
annual_percentage_rate,1.25,57,1,Static,0.98,480.0,128,1,4,132.06927517548263,63.19363429757599,1
annual_percentage_rate,1.25,57,6,Static,0.98,480.0,128,0,1,75.92189502331158,19.673993504668733,1
annual_percentage_rate,1.25,57,24,Static,0.98,480.0,128,0,1,75.92189502331159,19.673993504668733,1
annual_percentage_rate,1.25,58,1,Static,0.98,143.25,128,0,1,5.478588593855013,32.41484393148605,1
annual_percentage_rate,1.25,58,6,Static,0.98,143.25,128,0,1,347.22018750745775,37.17829981788094,1
annual_percentage_rate,1.25,58,24,Static,0.98,143.25,128,0,1,425.23775652456004,30.117129031340937,1
annual_percentage_rate,1.25,59,1,Static,0.98,480.0,128,0,1,1.8780309537135664,0.37808423192816154,1
annual_percentage_rate,1.25,59,6,Static,0.98,480.0,128,0,1,262.6858291732767,25.052395742895364,1
annual_percentage_rate,1.25,59,24,Static,0.98,480.0,128,0,1,441.8499511753603,22.78682528537643,1
annual_percentage_rate,1.25,60,1,Static,0.98,451.5,128,1,2,0.42464623364522325,22.057580694892785,1
annual_percentage_rate,1.25,60,6,Static,0.98,451.5,128,1,0,40.10035764783323,52.154205634839094,1
annual_percentage_rate,1.25,60,24,Static,0.98,451.5,128,0,1,238.45244829089825,40.850172215172506,1
annual_percentage_rate,1.25,61,1,Static,0.98,82.5,128,2,1,35.47645916878247,39.83273853112986,1
annual_percentage_rate,1.25,61,6,Static,0.98,82.5,128,0,2,101.96421990976272,115.28611131537306,1
annual_percentage_rate,1.25,61,24,Static,0.98,82.5,128,0,2,101.96421990976272,115.28611131537306,1
annual_percentage_rate,1.25,62,1,Static,0.98,56.75,128,4,0,0.05809537524002606,0.19266614007620814,1
annual_percentage_rate,1.25,62,6,Static,0.98,56.75,128,4,3,3.896702943552573,1.8694608816148157,1
annual_percentage_rate,1.25,62,24,Static,0.98,56.75,128,4,3,14.674305694947627,10.312690553089215,1
annual_percentage_rate,1.25,63,1,Static,0.98,451.5,128,4,3,19.825801488272532,11.12679886281534,1
annual_percentage_rate,1.25,63,6,Static,0.98,451.5,128,0,1,13.213402714237443,4.6011371627736795,1
annual_percentage_rate,1.25,63,24,Static,0.98,451.5,128,0,1,13.213402714237441,4.6011371627736795,1
annual_percentage_rate,1.25,64,1,Static,0.98,180.5,128,2,0,26.455235418001713,19.83588177033365,1
annual_percentage_rate,1.25,64,6,Static,0.98,180.5,128,2,1,20.829479785328424,20.08555502530156,1
annual_percentage_rate,1.25,64,24,Static,0.98,180.5,128,1,0,24.449554918108824,39.39368057417738,1
annual_percentage_rate,1.25,65,1,Static,0.98,480.0,128,4,3,0.031232395052007172,0.001343286474886317,1
annual_percentage_rate,1.25,65,6,Static,0.98,480.0,128,4,3,39.35945689550622,17.89318730290044,1
annual_percentage_rate,1.25,65,24,Static,0.98,480.0,128,4,3,65.54010395121296,32.147862431447166,1
annual_percentage_rate,1.25,66,1,Static,0.98,492.25,128,0,1,0.39076965947607656,0.07207298294710536,1
annual_percentage_rate,1.25,66,6,Static,0.98,492.25,128,2,1,68.26122280256055,42.85618020448522,1
annual_percentage_rate,1.25,66,24,Static,0.98,492.25,128,0,1,22.645284959376966,30.56212787611735,1
annual_percentage_rate,1.25,67,1,Static,0.98,180.5,128,0,1,0.013507908796533366,0.0007533853495144535,1
annual_percentage_rate,1.25,67,6,Static,0.98,180.5,128,3,4,0.19671686388436868,0.03988416992757175,1
annual_percentage_rate,1.25,67,24,Static,0.98,180.5,128,3,4,0.25372891677729614,0.05186131419762868,1
annual_percentage_rate,1.25,68,1,Static,0.98,29.5,128,2,3,0.4590351597629309,0.06350394250357154,1
annual_percentage_rate,1.25,68,6,Static,0.98,29.5,128,4,2,0.13711591422564529,2.9285572003542346,1
annual_percentage_rate,1.25,68,24,Static,0.98,29.5,128,4,2,0.7678028298239843,3.0682585079915503,1
annual_percentage_rate,1.25,69,1,Static,0.98,56.75,128,4,3,0.04618568735520584,0.001048730657915701,1
annual_percentage_rate,1.25,69,6,Static,0.98,56.75,128,4,3,0.1909119340693088,0.00534226762088174,1
annual_percentage_rate,1.25,69,24,Static,0.98,56.75,128,4,3,0.1909119340693088,0.00534226762088174,1
annual_percentage_rate,1.25,70,1,Static,0.98,492.25,128,4,0,8.197722750166138,8.998599193431446,1
annual_percentage_rate,1.25,70,6,Static,0.98,492.25,128,3,2,3.7388134365781367,8.749460499616399,1
annual_percentage_rate,1.25,70,24,Static,0.98,492.25,128,1,0,5.45370729191626,10.047937446464482,1
annual_percentage_rate,1.25,71,1,Static,0.98,76.5,128,2,3,1.9592969956640398,0.21917407588238835,1
annual_percentage_rate,1.25,71,6,Static,0.98,76.5,128,2,3,12.313125190875262,0.7420317240445325,1
annual_percentage_rate,1.25,71,24,Static,0.98,76.5,128,2,3,16.74160091580163,0.9436878003097902,1
annual_percentage_rate,1.5,0,1,Static,0.98,279.5,128,2,1,0.09440170266903664,0.004440961584500934,1
annual_percentage_rate,1.5,0,6,Static,0.98,279.5,128,2,1,1.1594197109375304,0.10133487127400088,1
annual_percentage_rate,1.5,0,24,Static,0.98,279.5,128,2,1,1.1594197109375304,0.10133487127400088,1
annual_percentage_rate,1.5,1,1,Static,0.98,253.25,128,4,3,0.3491175610432292,0.0003290558154594518,1
annual_percentage_rate,1.5,1,6,Static,0.98,253.25,128,4,3,4.033258646013623,0.4908458137407546,1
annual_percentage_rate,1.5,1,24,Static,0.98,253.25,128,4,3,6.584898544613763,0.5777403594973972,1
annual_percentage_rate,1.5,2,1,Static,0.98,519.0,128,0,1,0.48101354589136147,0.041853047047423576,1
annual_percentage_rate,1.5,2,6,Static,0.98,519.0,128,3,4,0.0,0.0,2
annual_percentage_rate,1.5,2,24,Static,0.98,519.0,128,3,4,0.0,0.0,2
annual_percentage_rate,1.5,3,1,Static,0.98,327.5,128,0,1,2.8338493862606615,0.47988254447797896,1
annual_percentage_rate,1.5,3,6,Static,0.98,327.5,128,0,1,197.57748018543066,45.95306534181164,1
annual_percentage_rate,1.5,3,24,Static,0.98,327.5,128,0,1,491.60778158628574,61.17874691548587,1
annual_percentage_rate,1.5,4,1,Static,0.98,363.5,128,0,1,0.7644130944041239,0.8749201333278607,1
annual_percentage_rate,1.5,4,6,Static,0.98,363.5,128,2,1,76.42002499824126,52.15385723345645,1
annual_percentage_rate,1.5,4,24,Static,0.98,363.5,128,0,1,132.52442496163843,87.20073096611394,1
annual_percentage_rate,1.5,5,1,Static,0.98,253.25,128,4,3,0.8261931980993636,0.15312490551471744,1
annual_percentage_rate,1.5,5,6,Static,0.98,253.25,128,4,3,16.290766463833624,1.780042600262209,1
annual_percentage_rate,1.5,5,24,Static,0.98,253.25,128,4,3,10.06377273831093,1.9336188158727923,1
annual_percentage_rate,1.5,6,1,Static,0.98,514.5,128,0,3,36.97197772374538,24.803218555410393,1
annual_percentage_rate,1.5,6,6,Static,0.98,514.5,128,0,1,273.727512066535,18.90478854458852,1
annual_percentage_rate,1.5,6,24,Static,0.98,514.5,128,0,1,278.9697717688896,16.968652315067143,1
annual_percentage_rate,1.5,7,1,Static,0.98,519.0,128,4,3,0.1326273750274703,0.0021629902704493184,1
annual_percentage_rate,1.5,7,6,Static,0.98,519.0,128,4,2,5.207322573596374,7.343086389289381,1
annual_percentage_rate,1.5,7,24,Static,0.98,519.0,128,4,3,25.391677978019572,14.622574884416322,1
annual_percentage_rate,1.5,8,1,Static,0.98,183.75,128,2,3,0.3327286192927724,0.21482094855856473,1
annual_percentage_rate,1.5,8,6,Static,0.98,183.75,128,4,3,2.5185583449958506,1.0189029907848561,1
annual_percentage_rate,1.5,8,24,Static,0.98,183.75,128,4,3,2.5185583449958506,1.0189029907848561,1
annual_percentage_rate,1.5,9,1,Static,0.98,253.25,128,4,3,22.560361994708217,13.819253444957816,1
annual_percentage_rate,1.5,9,6,Static,0.98,253.25,128,4,3,133.79956093560077,25.045834690795,1
annual_percentage_rate,1.5,9,24,Static,0.98,253.25,128,4,3,101.44631352406469,23.252418836248467,1
annual_percentage_rate,1.5,10,1,Static,0.98,238.5,128,4,3,0.03091548316299078,0.0005463075893699953,1
annual_percentage_rate,1.5,10,6,Static,0.98,238.5,128,4,3,1.04383267447935,0.2519260896228905,1
annual_percentage_rate,1.5,10,24,Static,0.98,238.5,128,4,3,1.1265298510463952,0.2360893127860759,1
annual_percentage_rate,1.5,11,1,Static,0.98,238.5,128,3,4,0.038890888398818824,0.029927029910599017,1
annual_percentage_rate,1.5,11,6,Static,0.98,238.5,128,3,4,4.281279557767315,37.736193748090855,1
annual_percentage_rate,1.5,11,24,Static,0.98,238.5,128,3,4,4.281279557767315,37.736193748090855,1
annual_percentage_rate,1.5,12,1,Static,0.98,519.0,128,0,1,39.75826097336889,40.34688125723529,1
annual_percentage_rate,1.5,12,6,Static,0.98,519.0,128,0,1,573.6254632788855,52.85027437171562,1
annual_percentage_rate,1.5,12,24,Static,0.98,519.0,128,0,1,1113.040786102354,101.85273904092648,1
annual_percentage_rate,1.5,13,1,Static,0.98,327.5,128,4,3,0.07412950509982347,0.0013083560996683234,1
annual_percentage_rate,1.5,13,6,Static,0.98,327.5,128,4,3,1.456473193145996,0.23336666661352537,1
annual_percentage_rate,1.5,13,24,Static,0.98,327.5,128,4,3,5.1383548324041035,3.420728417449141,1
annual_percentage_rate,1.5,14,1,Static,0.98,492.0,128,4,3,0.31499948592532634,0.01772331044807676,1
annual_percentage_rate,1.5,14,6,Static,0.98,492.0,128,4,3,0.4178958828623457,0.4882141114323763,1
annual_percentage_rate,1.5,14,24,Static,0.98,492.0,128,4,3,11.029248061323084,15.406237666129899,1
annual_percentage_rate,1.5,15,1,Static,0.98,514.5,128,1,3,0.1366440478287232,0.33966141962527463,1
annual_percentage_rate,1.5,15,6,Static,0.98,514.5,128,4,3,23.505501111567334,2.0150025720949225,1
annual_percentage_rate,1.5,15,24,Static,0.98,514.5,128,4,3,183.29775602974624,64.77397069071101,1
annual_percentage_rate,1.5,16,1,Static,0.98,253.25,128,0,1,1.1448398144221055,0.5649038602023403,1
annual_percentage_rate,1.5,16,6,Static,0.98,253.25,128,4,3,1.9301049683093279,1.0890053328924267,1
annual_percentage_rate,1.5,16,24,Static,0.98,253.25,128,4,3,0.8592849957955817,4.558650936279855,1
annual_percentage_rate,1.5,17,1,Static,0.98,183.75,128,4,3,0.0073062305792325755,0.214823984447681,1
annual_percentage_rate,1.5,17,6,Static,0.98,183.75,128,4,3,2.4862289458836386,0.561090723317539,1
annual_percentage_rate,1.5,17,24,Static,0.98,183.75,128,4,3,2.4862289458836386,0.561090723317539,1
annual_percentage_rate,1.5,18,1,Static,0.98,327.5,128,4,3,0.013844756131123709,0.04152170668924906,1
annual_percentage_rate,1.5,18,6,Static,0.98,327.5,128,4,3,5.242401121354596,0.7442727034089264,1
annual_percentage_rate,1.5,18,24,Static,0.98,327.5,128,4,3,35.50159439954995,18.366517828292796,1
annual_percentage_rate,1.5,19,1,Static,0.98,363.5,128,0,1,0.08810674330618862,0.0030092114586614217,1
annual_percentage_rate,1.5,19,6,Static,0.98,363.5,128,0,1,2.638130362412163,0.1363015170377147,1
annual_percentage_rate,1.5,19,24,Static,0.98,363.5,128,2,1,0.8522944690874081,0.47192229355404325,1
annual_percentage_rate,1.5,20,1,Static,0.98,363.5,128,2,1,0.01726264015097409,0.029670654999599068,1
annual_percentage_rate,1.5,20,6,Static,0.98,363.5,128,0,1,0.5695055187245736,0.06782149112237926,1
annual_percentage_rate,1.5,20,24,Static,0.98,363.5,128,0,1,0.3313902282238351,0.7495757144132903,1
annual_percentage_rate,1.5,21,1,Static,0.98,492.0,128,0,1,31.19881946469438,4.471075860931194,1
annual_percentage_rate,1.5,21,6,Static,0.98,492.0,128,0,1,201.6026404297151,23.28049569734873,1
annual_percentage_rate,1.5,21,24,Static,0.98,492.0,128,0,1,345.0071928397561,28.377163642118074,1
annual_percentage_rate,1.5,22,1,Static,0.98,279.5,128,0,1,0.2534166078751594,0.17962239504903266,1
annual_percentage_rate,1.5,22,6,Static,0.98,279.5,128,2,1,36.86177325084196,22.205935668660388,1
annual_percentage_rate,1.5,22,24,Static,0.98,279.5,128,1,2,20.64246321535999,64.10132068274083,1
annual_percentage_rate,1.5,23,1,Static,0.98,279.5,128,0,1,0.21544967532767756,1.0703166930884511,1
annual_percentage_rate,1.5,23,6,Static,0.98,279.5,128,2,1,3.969145880492228,1.353217761095528,1
annual_percentage_rate,1.5,23,24,Static,0.98,279.5,128,2,1,3.969145880492228,1.353217761095528,1
annual_percentage_rate,1.5,24,1,Static,0.98,183.75,128,3,4,0.007590300131339114,0.21485806731936558,1
annual_percentage_rate,1.5,24,6,Static,0.98,183.75,128,2,3,2.913206667172926,2.9777701778986234,1
annual_percentage_rate,1.5,24,24,Static,0.98,183.75,128,2,3,5.841583091812945,2.8822937180733676,1
annual_percentage_rate,1.5,25,1,Static,0.98,514.5,128,1,0,0.007702879711814048,0.02194136114817114,1
annual_percentage_rate,1.5,25,6,Static,0.98,514.5,128,4,3,47.245866377675995,25.571193370495944,1
annual_percentage_rate,1.5,25,24,Static,0.98,514.5,128,4,3,125.57436849460939,42.908781757111115,1
annual_percentage_rate,1.5,26,1,Static,0.98,327.5,128,4,3,0.06351176055892499,0.032944620817445355,1
annual_percentage_rate,1.5,26,6,Static,0.98,327.5,128,4,3,21.64538334393754,8.914874632568829,1
annual_percentage_rate,1.5,26,24,Static,0.98,327.5,128,4,3,51.651691422178956,21.261132214697906,1
annual_percentage_rate,1.5,27,1,Static,0.98,363.5,128,2,1,0.04352592780469519,0.0009877661909789886,1
annual_percentage_rate,1.5,27,6,Static,0.98,363.5,128,0,1,0.7084499371359285,0.06888975445978304,1
annual_percentage_rate,1.5,27,24,Static,0.98,363.5,128,1,0,0.00022645892193684514,0.2400348027947414,1
annual_percentage_rate,1.5,28,1,Static,0.98,492.0,128,0,1,1.9483740337130977,0.4578978997508339,1
annual_percentage_rate,1.5,28,6,Static,0.98,492.0,128,4,0,14.623460692136561,77.88195728639737,1
annual_percentage_rate,1.5,28,24,Static,0.98,492.0,128,0,1,507.7427257346354,49.6667863870279,1
annual_percentage_rate,1.5,29,1,Static,0.98,492.0,128,0,1,0.675418464962469,0.07402718704133356,1
annual_percentage_rate,1.5,29,6,Static,0.98,492.0,128,4,3,7.936604963162699,3.362668024203479,1
annual_percentage_rate,1.5,29,24,Static,0.98,492.0,128,0,1,246.52340821788562,27.704443581056513,1
annual_percentage_rate,1.5,30,1,Static,0.98,183.75,128,4,3,0.0551232169122364,0.008410255722819823,1
annual_percentage_rate,1.5,30,6,Static,0.98,183.75,128,4,3,1.9852682469854646,0.3264751946202586,1
annual_percentage_rate,1.5,30,24,Static,0.98,183.75,128,4,3,2.53124920003137,0.3411651050565104,1
annual_percentage_rate,1.5,31,1,Static,0.98,238.5,128,4,3,0.035037099785832915,0.0007604096075742176,1
annual_percentage_rate,1.5,31,6,Static,0.98,238.5,128,4,3,0.19373027461369596,0.020743857130784152,1
annual_percentage_rate,1.5,31,24,Static,0.98,238.5,128,4,3,0.19373027461369596,0.020743857130784152,1
annual_percentage_rate,1.5,32,1,Static,0.98,519.0,128,2,3,0.8841706638888862,0.7339657883738558,1
annual_percentage_rate,1.5,32,6,Static,0.98,519.0,128,4,3,38.719508218361554,35.98864964059715,1
annual_percentage_rate,1.5,32,24,Static,0.98,519.0,128,0,1,260.7522222203632,78.08223009775122,1
annual_percentage_rate,1.5,33,1,Static,0.98,279.5,128,1,2,0.21871906753594045,0.011634494177130075,1
annual_percentage_rate,1.5,33,6,Static,0.98,279.5,128,1,2,0.23568904156361295,0.08722980681969977,1
annual_percentage_rate,1.5,33,24,Static,0.98,279.5,128,1,2,0.23568904156361295,0.08722980681969977,1
annual_percentage_rate,1.5,34,1,Static,0.98,238.5,128,4,3,0.002678024315509564,0.0011359317980790967,1
annual_percentage_rate,1.5,34,6,Static,0.98,238.5,128,4,3,1.142751550557232,0.08352564131282149,1
annual_percentage_rate,1.5,34,24,Static,0.98,238.5,128,4,3,1.142751550557232,0.08352564131282149,1
annual_percentage_rate,1.5,35,1,Static,0.98,514.5,128,0,1,0.036926219362973134,0.13073339863393416,1
annual_percentage_rate,1.5,35,6,Static,0.98,514.5,128,4,3,2.925367192231387,0.1289500057486416,1
annual_percentage_rate,1.5,35,24,Static,0.98,514.5,128,4,3,7.009759703163445,2.211266503124258,1
annual_percentage_rate,1.5,36,1,Static,0.98,82.5,128,2,1,55.938281475801695,44.12322658704552,1
annual_percentage_rate,1.5,36,6,Static,0.98,82.5,128,0,1,50.41956542351718,18.263882238822365,1
annual_percentage_rate,1.5,36,24,Static,0.98,82.5,128,0,1,50.41956542351718,18.263882238822365,1
annual_percentage_rate,1.5,37,1,Static,0.98,480.0,128,0,1,0.6222638765368873,0.1355329640056007,1
annual_percentage_rate,1.5,37,6,Static,0.98,480.0,128,4,3,6.368730420740202,2.3833204871266815,1
annual_percentage_rate,1.5,37,24,Static,0.98,480.0,128,4,2,32.15237196139309,75.51912077214465,1
annual_percentage_rate,1.5,38,1,Static,0.98,82.5,128,0,1,0.2822163883741551,0.05000622908739844,1
annual_percentage_rate,1.5,38,6,Static,0.98,82.5,128,0,1,2.651934696797319,0.1361888777849529,1
annual_percentage_rate,1.5,38,24,Static,0.98,82.5,128,0,1,2.933928208142999,0.14968356697383048,1
annual_percentage_rate,1.5,39,1,Static,0.98,492.25,128,2,1,0.27137982793673787,0.8741564324100057,1
annual_percentage_rate,1.5,39,6,Static,0.98,492.25,128,2,1,172.12817298234413,89.43303302230144,1
annual_percentage_rate,1.5,39,24,Static,0.98,492.25,128,0,1,248.59363206222406,64.34878831132401,1
annual_percentage_rate,1.5,40,1,Static,0.98,56.75,128,0,1,0.00855294361187689,0.0028865059785964826,1
annual_percentage_rate,1.5,40,6,Static,0.98,56.75,128,4,3,0.027989629784703318,0.014820231238651798,1
annual_percentage_rate,1.5,40,24,Static,0.98,56.75,128,4,3,0.027989629784703318,0.014820231238651798,1
annual_percentage_rate,1.5,41,1,Static,0.98,29.5,128,4,3,0.17313359610283716,0.21476785356485192,1
annual_percentage_rate,1.5,41,6,Static,0.98,29.5,128,4,3,2.366597113317338,0.31810760120948295,1
annual_percentage_rate,1.5,41,24,Static,0.98,29.5,128,4,3,2.366597113317338,0.31810760120948295,1
annual_percentage_rate,1.5,42,1,Static,0.98,82.5,128,2,1,21.61292606562693,21.8727460432034,1
annual_percentage_rate,1.5,42,6,Static,0.98,82.5,128,2,1,76.5717903416595,39.10665832664059,1
annual_percentage_rate,1.5,42,24,Static,0.98,82.5,128,2,1,76.5717903416595,39.10665832664059,1
annual_percentage_rate,1.5,43,1,Static,0.98,29.5,128,4,3,0.23801954354794191,0.2148255563676767,1
annual_percentage_rate,1.5,43,6,Static,0.98,29.5,128,4,3,0.23801954354794191,0.2148255563676767,1
annual_percentage_rate,1.5,43,24,Static,0.98,29.5,128,4,3,0.23801954354794191,0.2148255563676767,1
annual_percentage_rate,1.5,44,1,Static,0.98,143.25,128,4,3,41.09096345819011,30.016184888671145,1
annual_percentage_rate,1.5,44,6,Static,0.98,143.25,128,0,1,294.8251028813323,14.952413731997305,1
annual_percentage_rate,1.5,44,24,Static,0.98,143.25,128,0,1,294.8251028813323,14.952413731997305,1
annual_percentage_rate,1.5,45,1,Static,0.98,451.5,128,0,1,3.7191962236198153,0.6877573220220038,1
annual_percentage_rate,1.5,45,6,Static,0.98,451.5,128,0,1,110.43945191161257,13.110504853061645,1
annual_percentage_rate,1.5,45,24,Static,0.98,451.5,128,0,1,151.33057811744573,11.69555892807213,1
annual_percentage_rate,1.5,46,1,Static,0.98,76.5,128,2,1,0.016054381253451044,0.0009093021709493862,1
annual_percentage_rate,1.5,46,6,Static,0.98,76.5,128,2,1,0.036857301975624424,0.002798021046616564,1
annual_percentage_rate,1.5,46,24,Static,0.98,76.5,128,2,1,0.036857301975624424,0.002798021046616564,1
annual_percentage_rate,1.5,47,1,Static,0.98,180.5,128,1,2,0.9806906628918295,0.6871302725642487,1
annual_percentage_rate,1.5,47,6,Static,0.98,180.5,128,1,2,3.9091263385007693,23.884343867912737,1
annual_percentage_rate,1.5,47,24,Static,0.98,180.5,128,0,1,61.103440279799784,31.520903508857373,1
annual_percentage_rate,1.5,48,1,Static,0.98,143.25,128,3,2,0.0010383173764981768,0.015392868710851907,1
annual_percentage_rate,1.5,48,6,Static,0.98,143.25,128,4,3,39.440639739805725,16.996884421382223,1
annual_percentage_rate,1.5,48,24,Static,0.98,143.25,128,4,3,36.24030661963759,16.662571700789258,1
annual_percentage_rate,1.5,49,1,Static,0.98,76.5,128,4,3,2.154899640686969,0.39558764127009144,1
annual_percentage_rate,1.5,49,6,Static,0.98,76.5,128,4,3,66.24676926406644,28.606080536822965,1
annual_percentage_rate,1.5,49,24,Static,0.98,76.5,128,2,3,14.769029811316582,21.779152867421793,1
annual_percentage_rate,1.5,50,1,Static,0.98,451.5,128,2,1,236.65940464373807,103.07166045791027,1
annual_percentage_rate,1.5,50,6,Static,0.98,451.5,128,0,1,16.434872893337328,11.50810600906519,1
annual_percentage_rate,1.5,50,24,Static,0.98,451.5,128,0,1,16.434872893337328,11.50810600906519,1
annual_percentage_rate,1.5,51,1,Static,0.98,76.5,128,4,3,12.642978190227605,7.949477688107429,1
annual_percentage_rate,1.5,51,6,Static,0.98,76.5,128,4,3,60.507326255476954,13.91046557002664,1
annual_percentage_rate,1.5,51,24,Static,0.98,76.5,128,4,3,65.93032509401289,16.51538991368877,1
annual_percentage_rate,1.5,52,1,Static,0.98,143.25,128,2,3,0.025618211142458235,0.0012859116960016726,1
annual_percentage_rate,1.5,52,6,Static,0.98,143.25,128,3,4,0.0,0.0,2
annual_percentage_rate,1.5,52,24,Static,0.98,143.25,128,3,4,3.3306690738754696e-16,3.330669073875469e-16,2
annual_percentage_rate,1.5,53,1,Static,0.98,56.75,128,3,4,0.0,0.0,2
annual_percentage_rate,1.5,53,6,Static,0.98,56.75,128,3,4,0.0,0.0,2
annual_percentage_rate,1.5,53,24,Static,0.98,56.75,128,3,4,0.0,0.0,2
annual_percentage_rate,1.5,54,1,Static,0.98,29.5,128,2,3,1.3493959627894165,0.01773859396688245,1
annual_percentage_rate,1.5,54,6,Static,0.98,29.5,128,4,3,0.06699321228709901,0.1434605936319029,1
annual_percentage_rate,1.5,54,24,Static,0.98,29.5,128,4,3,0.06699321228709901,0.1434605936319029,1
annual_percentage_rate,1.5,55,1,Static,0.98,180.5,128,1,0,0.12429922688011619,0.4565338680600873,1
annual_percentage_rate,1.5,55,6,Static,0.98,180.5,128,1,0,1.4490429862048853,22.856222060402466,1
annual_percentage_rate,1.5,55,24,Static,0.98,180.5,128,1,0,5.988876406268391,20.567872602749944,1
annual_percentage_rate,1.5,56,1,Static,0.98,492.25,128,4,0,4.267545143490771,7.974921364134882,1
annual_percentage_rate,1.5,56,6,Static,0.98,492.25,128,4,2,34.682701723466515,47.46483426033077,1
annual_percentage_rate,1.5,56,24,Static,0.98,492.25,128,0,1,189.74722967982444,42.48630943075707,1
annual_percentage_rate,1.5,57,1,Static,0.98,480.0,128,1,4,131.3898090553924,63.56517125051529,1
annual_percentage_rate,1.5,57,6,Static,0.98,480.0,128,0,1,73.92262702719995,18.844056542848392,1
annual_percentage_rate,1.5,57,24,Static,0.98,480.0,128,0,1,73.92262702719995,18.844056542848392,1
annual_percentage_rate,1.5,58,1,Static,0.98,143.25,128,0,1,5.182869820771641,32.618401956687144,1
annual_percentage_rate,1.5,58,6,Static,0.98,143.25,128,0,1,342.91816216332063,37.401908142467235,1
annual_percentage_rate,1.5,58,24,Static,0.98,143.25,128,0,1,421.06666660331905,28.8263510904463,1
annual_percentage_rate,1.5,59,1,Static,0.98,480.0,128,0,1,1.8780309537135664,0.37808423192816154,1
annual_percentage_rate,1.5,59,6,Static,0.98,480.0,128,0,1,260.04160821745916,25.223097409932027,1
annual_percentage_rate,1.5,59,24,Static,0.98,480.0,128,0,1,437.8220246854713,22.02957361264905,1
annual_percentage_rate,1.5,60,1,Static,0.98,451.5,128,1,2,0.2777911278157177,22.203746457449068,1
annual_percentage_rate,1.5,60,6,Static,0.98,451.5,128,1,0,49.070752955775774,53.02773841346399,1
annual_percentage_rate,1.5,60,24,Static,0.98,451.5,128,0,1,228.03586250494544,38.838813154199315,1
annual_percentage_rate,1.5,61,1,Static,0.98,82.5,128,2,1,35.7133573806128,40.06962002762633,1
annual_percentage_rate,1.5,61,6,Static,0.98,82.5,128,0,2,92.31408066793058,116.27163691153297,1
annual_percentage_rate,1.5,61,24,Static,0.98,82.5,128,0,2,92.31408066793058,116.27163691153297,1
annual_percentage_rate,1.5,62,1,Static,0.98,56.75,128,4,0,0.05809537524002617,0.19266614007620825,1
annual_percentage_rate,1.5,62,6,Static,0.98,56.75,128,4,3,3.8240455856970708,1.8205270051695168,1
annual_percentage_rate,1.5,62,24,Static,0.98,56.75,128,4,3,14.615848046580135,10.361459854633415,1
annual_percentage_rate,1.5,63,1,Static,0.98,451.5,128,4,3,19.956727642336094,11.201789493711994,1
annual_percentage_rate,1.5,63,6,Static,0.98,451.5,128,0,1,12.613193935702682,4.41626784848432,1
annual_percentage_rate,1.5,63,24,Static,0.98,451.5,128,0,1,12.613193935702682,4.41626784848432,1
annual_percentage_rate,1.5,64,1,Static,0.98,180.5,128,2,0,26.607722807350747,19.942596603679032,1
annual_percentage_rate,1.5,64,6,Static,0.98,180.5,128,2,1,22.018659460880134,20.135990584089278,1
annual_percentage_rate,1.5,64,24,Static,0.98,180.5,128,1,0,26.25698197232056,39.50778635503726,1
annual_percentage_rate,1.5,65,1,Static,0.98,480.0,128,4,3,0.031232395052007283,0.001343286474886325,1
annual_percentage_rate,1.5,65,6,Static,0.98,480.0,128,4,3,39.837199233995264,18.183202404527908,1
annual_percentage_rate,1.5,65,24,Static,0.98,480.0,128,4,3,68.0050002863583,31.759385260086024,1
annual_percentage_rate,1.5,66,1,Static,0.98,492.25,128,0,1,0.39076965947607656,0.07207298294710536,1
annual_percentage_rate,1.5,66,6,Static,0.98,492.25,128,2,1,68.48852484243545,43.08928219928339,1
annual_percentage_rate,1.5,66,24,Static,0.98,492.25,128,0,1,18.48028432313148,29.932468543108293,1
annual_percentage_rate,1.5,67,1,Static,0.98,180.5,128,0,1,0.013507908796533366,0.0007533853495144535,1
annual_percentage_rate,1.5,67,6,Static,0.98,180.5,128,3,4,0.19206061780231654,0.03965676057790889,1
annual_percentage_rate,1.5,67,24,Static,0.98,180.5,128,3,4,0.2801921856215117,0.05194744400797093,1
annual_percentage_rate,1.5,68,1,Static,0.98,29.5,128,2,3,0.4590351597629313,0.06350394250357155,1
annual_percentage_rate,1.5,68,6,Static,0.98,29.5,128,4,2,1.0705216749443043,2.9200651312605475,1
annual_percentage_rate,1.5,68,24,Static,0.98,29.5,128,4,2,2.154559565166052,3.078028922281488,1
annual_percentage_rate,1.5,69,1,Static,0.98,56.75,128,4,3,0.04618568735520562,0.0010487306579157292,1
annual_percentage_rate,1.5,69,6,Static,0.98,56.75,128,4,3,0.21748511036758827,0.006000801463749733,1
annual_percentage_rate,1.5,69,24,Static,0.98,56.75,128,4,3,0.21748511036758827,0.006000801463749733,1
annual_percentage_rate,1.5,70,1,Static,0.98,492.25,128,4,0,8.25408103540067,9.054936707304703,1
annual_percentage_rate,1.5,70,6,Static,0.98,492.25,128,3,2,4.0870835253926785,8.795887637661489,1
annual_percentage_rate,1.5,70,24,Static,0.98,492.25,128,1,0,5.631925839646282,9.842272884192854,1
annual_percentage_rate,1.5,71,1,Static,0.98,76.5,128,2,3,1.9592969956640398,0.21917407588238835,1
annual_percentage_rate,1.5,71,6,Static,0.98,76.5,128,2,3,11.499839336559951,0.7519653676666096,1
annual_percentage_rate,1.5,71,24,Static,0.98,76.5,128,2,3,15.131049712611997,0.9690770714218472,1
fee_rate,0.5,0,1,Static,0.98,279.5,128,2,1,0.03169560932390975,0.0046466900270791325,1
fee_rate,0.5,0,6,Static,0.98,279.5,128,2,1,1.247428529849985,0.10168950149341807,1
fee_rate,0.5,0,24,Static,0.98,279.5,128,2,1,1.247428529849985,0.10168950149341807,1
fee_rate,0.5,1,1,Static,0.98,253.25,128,4,3,0.03180579802351784,0.0001645279077297359,1
fee_rate,0.5,1,6,Static,0.98,253.25,128,4,3,1.385851804244811,0.4695634838814811,1
fee_rate,0.5,1,24,Static,0.98,253.25,128,4,3,2.315814784463101,0.527507476643338,1
fee_rate,0.5,2,1,Static,0.98,519.0,128,0,1,0.6607767987840909,0.043714471152644443,1
fee_rate,0.5,2,6,Static,0.98,519.0,128,3,4,0.0,0.0,2
fee_rate,0.5,2,24,Static,0.98,519.0,128,3,4,0.0,0.0,2
fee_rate,0.5,3,1,Static,0.98,327.5,128,0,1,3.741944116583566,0.5927612009695395,1
fee_rate,0.5,3,6,Static,0.98,327.5,128,0,1,215.72831160549038,45.642455925934726,1
fee_rate,0.5,3,24,Static,0.98,327.5,128,0,1,537.5271165334607,57.355263240192976,1
fee_rate,0.5,4,1,Static,0.98,363.5,128,0,1,1.0191293615179826,0.8761431561325503,1
fee_rate,0.5,4,6,Static,0.98,363.5,128,2,1,71.83392267868332,50.13398351341484,1
fee_rate,0.5,4,24,Static,0.98,363.5,128,0,1,157.57674234842,84.30408216725941,1
fee_rate,0.5,5,1,Static,0.98,253.25,128,4,3,0.8261931980993636,0.15312490551471744,1
fee_rate,0.5,5,6,Static,0.98,253.25,128,4,3,13.2272899955651,1.819512108209723,1
fee_rate,0.5,5,24,Static,0.98,253.25,128,4,3,0.843786339994147,1.9232422149402304,1
fee_rate,0.5,6,1,Static,0.98,514.5,128,0,3,40.49882596507628,24.549516089144742,1
fee_rate,0.5,6,6,Static,0.98,514.5,128,0,1,277.02167641797865,18.929409111177147,1
fee_rate,0.5,6,24,Static,0.98,514.5,128,0,1,282.63771277318506,18.55237621863028,1
fee_rate,0.5,7,1,Static,0.98,519.0,128,1,2,0.0002713145790389504,0.0013755090489898458,1
fee_rate,0.5,7,6,Static,0.98,519.0,128,4,2,4.116116448059067,7.421734687041035,1
fee_rate,0.5,7,24,Static,0.98,519.0,128,4,3,20.132226410879635,11.619337841018286,1
fee_rate,0.5,8,1,Static,0.98,183.75,128,2,3,0.6532513757297463,0.21483212801272106,1
fee_rate,0.5,8,6,Static,0.98,183.75,128,2,3,0.7882397174548514,0.5488169315032554,1
fee_rate,0.5,8,24,Static,0.98,183.75,128,2,3,0.7882397174548514,0.5488169315032554,1
fee_rate,0.5,9,1,Static,0.98,253.25,128,4,3,22.265237584670153,13.611554471764391,1
fee_rate,0.5,9,6,Static,0.98,253.25,128,4,3,131.37966194395395,24.397001463187312,1
fee_rate,0.5,9,24,Static,0.98,253.25,128,4,3,92.05115824276311,21.658736422057736,1
fee_rate,0.5,10,1,Static,0.98,238.5,128,4,3,0.008793837663975214,9.36210951417331e-05,1
fee_rate,0.5,10,6,Static,0.98,238.5,128,4,3,1.0985115659407227,0.3214183681322184,1
fee_rate,0.5,10,24,Static,0.98,238.5,128,4,3,1.2118335550134056,0.312023054139739,1
fee_rate,0.5,11,1,Static,0.98,238.5,128,3,4,0.09161719574704807,0.030355766415085667,1
fee_rate,0.5,11,6,Static,0.98,238.5,128,3,4,3.4818205600094387,37.387296886842066,1
fee_rate,0.5,11,24,Static,0.98,238.5,128,3,4,3.4818205600094387,37.387296886842066,1
fee_rate,0.5,12,1,Static,0.98,519.0,128,0,1,44.64981095507455,39.83320150763336,1
fee_rate,0.5,12,6,Static,0.98,519.0,128,0,1,604.455098308038,50.35483629268007,1
fee_rate,0.5,12,24,Static,0.98,519.0,128,0,1,1156.5189968172128,113.6519152110012,1
fee_rate,0.5,13,1,Static,0.98,327.5,128,4,3,0.021426660796745045,0.0003121644378526947,1
fee_rate,0.5,13,6,Static,0.98,327.5,128,4,3,1.4085144282624242,0.2343702794728974,1
fee_rate,0.5,13,24,Static,0.98,327.5,128,4,3,5.5920510718230325,3.6816003960355883,1
fee_rate,0.5,14,1,Static,0.98,492.0,128,4,3,0.14662278242390248,0.01881084910497451,1
fee_rate,0.5,14,6,Static,0.98,492.0,128,4,3,0.6135200148204529,0.6428164775807567,1
fee_rate,0.5,14,24,Static,0.98,492.0,128,4,3,11.384395819225652,13.867470176762682,1
fee_rate,0.5,15,1,Static,0.98,514.5,128,1,3,0.2821721258679474,0.3400346715693634,1
fee_rate,0.5,15,6,Static,0.98,514.5,128,4,3,23.69925025588706,2.0569023239866913,1
fee_rate,0.5,15,24,Static,0.98,514.5,128,4,3,182.9797561086486,63.093608176779156,1
fee_rate,0.5,16,1,Static,0.98,253.25,128,0,1,1.548930197889648,0.565625214285739,1
fee_rate,0.5,16,6,Static,0.98,253.25,128,0,1,0.46982472982445644,1.001877760764865,1
fee_rate,0.5,16,24,Static,0.98,253.25,128,0,1,0.7677892409214859,1.2569213307594571,1
fee_rate,0.5,17,1,Static,0.98,183.75,128,2,3,0.29140766027970566,0.21521374727559364,1
fee_rate,0.5,17,6,Static,0.98,183.75,128,3,2,0.013582716426877195,0.6769740901027217,1
fee_rate,0.5,17,24,Static,0.98,183.75,128,3,2,0.013582716426877195,0.6769740901027217,1
fee_rate,0.5,18,1,Static,0.98,327.5,128,0,1,0.06287861583178903,0.04632961347019032,1
fee_rate,0.5,18,6,Static,0.98,327.5,128,4,3,5.10849251725271,0.7448924031483334,1
fee_rate,0.5,18,24,Static,0.98,327.5,128,4,3,37.5305433266883,19.182275720701217,1
fee_rate,0.5,19,1,Static,0.98,363.5,128,0,1,0.18077521630132773,0.004966149023025726,1
fee_rate,0.5,19,6,Static,0.98,363.5,128,0,1,2.9098255362860606,0.14109155135618784,1
fee_rate,0.5,19,24,Static,0.98,363.5,128,2,1,1.0578751055573363,0.47746651607697455,1
fee_rate,0.5,20,1,Static,0.98,363.5,128,0,1,0.032674910737555365,0.032075461024227085,1
fee_rate,0.5,20,6,Static,0.98,363.5,128,0,1,0.6865304464467055,0.06796909737891801,1
fee_rate,0.5,20,24,Static,0.98,363.5,128,0,1,0.00029448885236804667,0.840289602335468,1
fee_rate,0.5,21,1,Static,0.98,492.0,128,0,1,32.80388690269423,4.5065332723451945,1
fee_rate,0.5,21,6,Static,0.98,492.0,128,0,1,213.95477227229475,22.45200375074895,1
fee_rate,0.5,21,24,Static,0.98,492.0,128,0,1,359.7484684365977,31.51526093693586,1
fee_rate,0.5,22,1,Static,0.98,279.5,128,0,1,0.5092041229494944,0.18001323513269762,1
fee_rate,0.5,22,6,Static,0.98,279.5,128,2,1,34.618251191640695,20.308415123721986,1
fee_rate,0.5,22,24,Static,0.98,279.5,128,1,2,22.35735479762848,62.78262691846171,1
fee_rate,0.5,23,1,Static,0.98,279.5,128,0,1,0.39934075789465995,1.0710945961739895,1
fee_rate,0.5,23,6,Static,0.98,279.5,128,2,1,3.6353575654168084,1.3535515961608962,1
fee_rate,0.5,23,24,Static,0.98,279.5,128,2,1,3.6353575654168084,1.3535515961608962,1
fee_rate,0.5,24,1,Static,0.98,183.75,128,2,3,0.29567819016630076,0.21546469379690122,1
fee_rate,0.5,24,6,Static,0.98,183.75,128,2,3,5.366726630781166,2.847992197447409,1
fee_rate,0.5,24,24,Static,0.98,183.75,128,2,3,8.6716465084995,2.7194344600291496,1
fee_rate,0.5,25,1,Static,0.98,514.5,128,0,1,0.1344745322850549,0.024534264445745337,1
fee_rate,0.5,25,6,Static,0.98,514.5,128,4,3,47.09135332737807,25.215569619620755,1
fee_rate,0.5,25,24,Static,0.98,514.5,128,4,3,122.91019554482176,39.073922721211396,1
fee_rate,0.5,26,1,Static,0.98,327.5,128,3,2,0.009725236320783773,0.028818437141208183,1
fee_rate,0.5,26,6,Static,0.98,327.5,128,4,3,22.543030603937574,9.3468757342007,1
fee_rate,0.5,26,24,Static,0.98,327.5,128,4,3,53.20081921022989,20.22548535621351,1
fee_rate,0.5,27,1,Static,0.98,363.5,128,2,1,0.0018340358049143413,1.918603410936969e-05,1
fee_rate,0.5,27,6,Static,0.98,363.5,128,0,1,0.8878620876408281,0.07076761729876307,1
fee_rate,0.5,27,24,Static,0.98,363.5,128,1,0,0.2925181480316508,0.2495910520234569,1
fee_rate,0.5,28,1,Static,0.98,492.0,128,0,1,2.3462350266457235,0.528179285632501,1
fee_rate,0.5,28,6,Static,0.98,492.0,128,4,0,3.8042096516991677,77.61443769938764,1
fee_rate,0.5,28,24,Static,0.98,492.0,128,0,1,540.5910613372271,52.208610745775374,1
fee_rate,0.5,29,1,Static,0.98,492.0,128,0,1,0.7320224069219032,0.07447261130062414,1
fee_rate,0.5,29,6,Static,0.98,492.0,128,4,3,7.907696553733254,3.4439710194776705,1
fee_rate,0.5,29,24,Static,0.98,492.0,128,0,1,262.6909774822397,28.936451809116083,1
fee_rate,0.5,30,1,Static,0.98,183.75,128,4,3,0.020075631647263344,0.0023086090584121806,1
fee_rate,0.5,30,6,Static,0.98,183.75,128,4,3,0.840771179983937,0.30366616478847813,1
fee_rate,0.5,30,24,Static,0.98,183.75,128,4,3,1.0943098187529463,0.3114295115556535,1
fee_rate,0.5,31,1,Static,0.98,238.5,128,4,3,0.013530570566683997,0.00026056463188530614,1
fee_rate,0.5,31,6,Static,0.98,238.5,128,4,3,0.1396531322232124,0.01940247981653394,1
fee_rate,0.5,31,24,Static,0.98,238.5,128,4,3,0.1396531322232124,0.01940247981653394,1
fee_rate,0.5,32,1,Static,0.98,519.0,128,2,3,1.0017490194121415,0.7342818518150727,1
fee_rate,0.5,32,6,Static,0.98,519.0,128,4,3,37.602747383584955,34.96930666260283,1
fee_rate,0.5,32,24,Static,0.98,519.0,128,0,1,269.08602634212104,82.4260620551662,1
fee_rate,0.5,33,1,Static,0.98,279.5,128,1,0,0.2950072005272075,0.43160724237081005,1
fee_rate,0.5,33,6,Static,0.98,279.5,128,1,2,0.4415302706079317,0.08691874467355126,1
fee_rate,0.5,33,24,Static,0.98,279.5,128,1,2,0.4415302706079317,0.08691874467355126,1
fee_rate,0.5,34,1,Static,0.98,238.5,128,1,2,0.020983422405532224,0.0021752967128545204,1
fee_rate,0.5,34,6,Static,0.98,238.5,128,4,3,1.0843919724789375,0.08242358117711888,1
fee_rate,0.5,34,24,Static,0.98,238.5,128,4,3,1.0843919724789375,0.08242358117711888,1
fee_rate,0.5,35,1,Static,0.98,514.5,128,0,1,0.07549066008827571,0.13078529959878993,1
fee_rate,0.5,35,6,Static,0.98,514.5,128,4,3,2.9211417390938,0.1297142146252608,1
fee_rate,0.5,35,24,Static,0.98,514.5,128,4,3,8.168691231440251,2.4918445014830732,1
fee_rate,0.5,36,1,Static,0.98,82.5,128,2,1,55.08358512870923,43.5779125668383,1
fee_rate,0.5,36,6,Static,0.98,82.5,128,0,1,52.68613864980263,19.214327349250464,1
fee_rate,0.5,36,24,Static,0.98,82.5,128,0,1,52.68613864980263,19.214327349250464,1
fee_rate,0.5,37,1,Static,0.98,480.0,128,0,1,0.7542958141011729,0.13600487462094682,1
fee_rate,0.5,37,6,Static,0.98,480.0,128,4,3,6.195842172068298,2.4523829771783014,1
fee_rate,0.5,37,24,Static,0.98,480.0,128,4,2,18.202854744977888,79.0854163710743,1
fee_rate,0.5,38,1,Static,0.98,82.5,128,0,1,0.32567975142868655,0.05045137661369084,1
fee_rate,0.5,38,6,Static,0.98,82.5,128,0,1,2.705208835689074,0.13971940029289956,1
fee_rate,0.5,38,24,Static,0.98,82.5,128,0,1,2.9093905338897996,0.15298627529123868,1
fee_rate,0.5,39,1,Static,0.98,492.25,128,2,1,0.13422366013957898,0.8741565851837565,1
fee_rate,0.5,39,6,Static,0.98,492.25,128,2,1,168.02153831573693,88.80047904842986,1
fee_rate,0.5,39,24,Static,0.98,492.25,128,0,1,257.333256960987,66.71027497459343,1
fee_rate,0.5,40,1,Static,0.98,56.75,128,0,1,0.053082505898413096,0.003852013023636177,1
fee_rate,0.5,40,6,Static,0.98,56.75,128,3,4,0.047413184955593726,0.013617829571534982,1
fee_rate,0.5,40,24,Static,0.98,56.75,128,3,4,0.047413184955593726,0.013617829571534982,1
fee_rate,0.5,41,1,Static,0.98,29.5,128,2,3,0.11960890557637492,0.21481761785912537,1
fee_rate,0.5,41,6,Static,0.98,29.5,128,4,3,1.035589171931371,0.309303625985403,1
fee_rate,0.5,41,24,Static,0.98,29.5,128,4,3,1.035589171931371,0.309303625985403,1
fee_rate,0.5,42,1,Static,0.98,82.5,128,2,1,21.30291448075718,21.599039018510666,1
fee_rate,0.5,42,6,Static,0.98,82.5,128,2,1,74.50765767942302,37.9859652379949,1
fee_rate,0.5,42,24,Static,0.98,82.5,128,2,1,74.50765767942302,37.9859652379949,1
fee_rate,0.5,43,1,Static,0.98,29.5,128,2,3,0.07208589071333259,0.21483252511432543,1
fee_rate,0.5,43,6,Static,0.98,29.5,128,2,3,0.07208589071333259,0.21483252511432543,1
fee_rate,0.5,43,24,Static,0.98,29.5,128,2,3,0.07208589071333259,0.21483252511432543,1
fee_rate,0.5,44,1,Static,0.98,143.25,128,4,3,40.561467907305456,29.66807921890854,1
fee_rate,0.5,44,6,Static,0.98,143.25,128,0,1,295.8328720062542,15.832943124161206,1
fee_rate,0.5,44,24,Static,0.98,143.25,128,0,1,295.8328720062542,15.832943124161206,1
fee_rate,0.5,45,1,Static,0.98,451.5,128,0,1,3.936816096957122,0.6978958794017062,1
fee_rate,0.5,45,6,Static,0.98,451.5,128,0,1,114.89813911313006,13.239073440281,1
fee_rate,0.5,45,24,Static,0.98,451.5,128,0,1,155.74889068635974,12.439200974535689,1
fee_rate,0.5,46,1,Static,0.98,76.5,128,2,1,0.016054381253451044,0.0009093021709493862,1
fee_rate,0.5,46,6,Static,0.98,76.5,128,2,1,0.03686787069598285,0.0028014530540949804,1
fee_rate,0.5,46,24,Static,0.98,76.5,128,2,1,0.03686787069598285,0.0028014530540949804,1
fee_rate,0.5,47,1,Static,0.98,180.5,128,1,2,1.0440839245538167,0.6873546673891514,1
fee_rate,0.5,47,6,Static,0.98,180.5,128,1,2,8.224350367893795,23.483231176510927,1
fee_rate,0.5,47,24,Static,0.98,180.5,128,0,1,69.60447629243441,35.66837521501033,1
fee_rate,0.5,48,1,Static,0.98,143.25,128,2,1,0.007119714032569058,0.019391248810095477,1
fee_rate,0.5,48,6,Static,0.98,143.25,128,4,3,38.65905525901501,16.38867954155969,1
fee_rate,0.5,48,24,Static,0.98,143.25,128,4,3,34.64128703893457,16.517193488828987,1
fee_rate,0.5,49,1,Static,0.98,76.5,128,4,3,2.154899640686969,0.39558764127009144,1
fee_rate,0.5,49,6,Static,0.98,76.5,128,4,3,59.092968512657905,28.014724273440503,1
fee_rate,0.5,49,24,Static,0.98,76.5,128,2,3,34.210044748016,19.555112376913875,1
fee_rate,0.5,50,1,Static,0.98,451.5,128,2,1,233.54786302476222,101.70222699980002,1
fee_rate,0.5,50,6,Static,0.98,451.5,128,0,1,18.301797864722886,12.577248855675963,1
fee_rate,0.5,50,24,Static,0.98,451.5,128,0,1,18.301797864722886,12.577248855675963,1
fee_rate,0.5,51,1,Static,0.98,76.5,128,4,3,12.4848826240721,7.838328515862799,1
fee_rate,0.5,51,6,Static,0.98,76.5,128,4,3,58.17775069334206,13.548159314559957,1
fee_rate,0.5,51,24,Static,0.98,76.5,128,4,3,59.35775595115926,15.530522559603144,1
fee_rate,0.5,52,1,Static,0.98,143.25,128,0,2,0.03848623912183141,0.17843039842554653,1
fee_rate,0.5,52,6,Static,0.98,143.25,128,3,4,0.0,0.0,2
fee_rate,0.5,52,24,Static,0.98,143.25,128,3,4,0.0,0.0,2
fee_rate,0.5,53,1,Static,0.98,56.75,128,3,4,0.0,0.0,2
fee_rate,0.5,53,6,Static,0.98,56.75,128,3,4,0.0,0.0,2
fee_rate,0.5,53,24,Static,0.98,56.75,128,3,4,0.0,0.0,2
fee_rate,0.5,54,1,Static,0.98,29.5,128,2,3,1.6639932737179486,0.022097569772203767,1
fee_rate,0.5,54,6,Static,0.98,29.5,128,2,3,1.332616257417814,0.07849516377981773,1
fee_rate,0.5,54,24,Static,0.98,29.5,128,2,3,1.332616257417814,0.07849516377981773,1
fee_rate,0.5,55,1,Static,0.98,180.5,128,1,0,0.07471794638417029,0.4566721787017832,1
fee_rate,0.5,55,6,Static,0.98,180.5,128,0,1,0.28684306963766026,23.213246519655335,1
fee_rate,0.5,55,24,Static,0.98,180.5,128,1,0,4.3169475671609945,21.35409425926025,1
fee_rate,0.5,56,1,Static,0.98,492.25,128,4,0,3.6975116614864314,7.9098838752033735,1
fee_rate,0.5,56,6,Static,0.98,492.25,128,4,2,32.15400773860125,46.49921064470173,1
fee_rate,0.5,56,24,Static,0.98,492.25,128,0,1,198.61100381078046,45.44475399490704,1
fee_rate,0.5,57,1,Static,0.98,480.0,128,1,0,135.41480655130766,66.31949866591115,1
fee_rate,0.5,57,6,Static,0.98,480.0,128,0,1,78.2640001327486,20.517860752476626,1
fee_rate,0.5,57,24,Static,0.98,480.0,128,0,1,78.26400013274862,20.517860752476622,1
fee_rate,0.5,58,1,Static,0.98,143.25,128,0,1,8.00025908015548,32.22728672554951,1
fee_rate,0.5,58,6,Static,0.98,143.25,128,0,1,354.7765759813367,36.931125404066705,1
fee_rate,0.5,58,24,Static,0.98,143.25,128,0,1,432.52728443956994,31.66400365204392,1
fee_rate,0.5,59,1,Static,0.98,480.0,128,0,1,2.165725339840219,0.4039166498138685,1
fee_rate,0.5,59,6,Static,0.98,480.0,128,0,1,269.51314263844034,24.89594909559152,1
fee_rate,0.5,59,24,Static,0.98,480.0,128,0,1,450.1873190091301,23.66713006619606,1
fee_rate,0.5,60,1,Static,0.98,451.5,128,1,2,1.8852066078238128,21.91836888054964,1
fee_rate,0.5,60,6,Static,0.98,451.5,128,1,0,29.252586699285462,51.29012795238978,1
fee_rate,0.5,60,24,Static,0.98,451.5,128,0,1,250.85059915922153,43.06164815413491,1
fee_rate,0.5,61,1,Static,0.98,82.5,128,2,1,35.116567531616184,39.59570189842697,1
fee_rate,0.5,61,6,Static,0.98,82.5,128,0,1,114.85717127206303,59.5850274938758,1
fee_rate,0.5,61,24,Static,0.98,82.5,128,0,1,114.85717127206303,59.5850274938758,1
fee_rate,0.5,62,1,Static,0.98,56.75,128,4,0,0.016220907853802147,0.19270130657770665,1
fee_rate,0.5,62,6,Static,0.98,56.75,128,4,3,3.9568300171123996,1.9183766713819164,1
fee_rate,0.5,62,24,Static,0.98,56.75,128,4,3,14.720223523323828,10.264380082694512,1
fee_rate,0.5,63,1,Static,0.98,451.5,128,4,3,19.694875334208973,11.05180825985631,1
fee_rate,0.5,63,6,Static,0.98,451.5,128,0,1,13.813611492772193,4.786016469429991,1
fee_rate,0.5,63,24,Static,0.98,451.5,128,0,1,13.813611492772194,4.786016469429991,1
fee_rate,0.5,64,1,Static,0.98,180.5,128,2,0,26.212785102776436,19.728802783893844,1
fee_rate,0.5,64,6,Static,0.98,180.5,128,2,1,19.330925150467603,20.09098124126206,1
fee_rate,0.5,64,24,Static,0.98,180.5,128,1,0,22.102399887517002,39.265242888466716,1
fee_rate,0.5,65,1,Static,0.98,480.0,128,1,2,0.005380263886781783,0.0027001761206941702,1
fee_rate,0.5,65,6,Static,0.98,480.0,128,4,3,38.713964517198534,17.550479519187103,1
fee_rate,0.5,65,24,Static,0.98,480.0,128,4,3,62.13590945201697,32.74779212937481,1
fee_rate,0.5,66,1,Static,0.98,492.25,128,0,1,0.43116778567233105,0.07228588049369493,1
fee_rate,0.5,66,6,Static,0.98,492.25,128,2,1,67.95739440604402,42.60482675260159,1
fee_rate,0.5,66,24,Static,0.98,492.25,128,0,1,27.56016371469507,31.471540553723496,1
fee_rate,0.5,67,1,Static,0.98,180.5,128,0,1,0.027870428732727926,0.0010335291080407617,1
fee_rate,0.5,67,6,Static,0.98,180.5,128,3,4,0.21644294008716425,0.04022606953718415,1
fee_rate,0.5,67,24,Static,0.98,180.5,128,3,4,0.2423420571400679,0.051939075988679737,1
fee_rate,0.5,68,1,Static,0.98,29.5,128,2,3,0.5584310369224237,0.07397917272294403,1
fee_rate,0.5,68,6,Static,0.98,29.5,128,2,4,1.7730128921101949,2.9351163241403735,1
fee_rate,0.5,68,24,Static,0.98,29.5,128,2,4,1.8694693338670136,3.0352505989809084,1
fee_rate,0.5,69,1,Static,0.98,56.75,128,4,3,0.016191704979153343,0.0003456254379636755,1
fee_rate,0.5,69,6,Static,0.98,56.75,128,4,3,0.12021161032798333,0.0037438444207770153,1
fee_rate,0.5,69,24,Static,0.98,56.75,128,4,3,0.12021161032798333,0.0037438444207770153,1
fee_rate,0.5,70,1,Static,0.98,492.25,128,4,0,7.959539405900211,8.942178444932878,1
fee_rate,0.5,70,6,Static,0.98,492.25,128,3,2,3.254837718032987,8.706224755452087,1
fee_rate,0.5,70,24,Static,0.98,492.25,128,1,0,5.156649767662049,10.284299601320848,1
fee_rate,0.5,71,1,Static,0.98,76.5,128,2,3,2.257183965176937,0.22044928651722953,1
fee_rate,0.5,71,6,Static,0.98,76.5,128,2,3,13.846568326658893,0.7255176680985347,1
fee_rate,0.5,71,24,Static,0.98,76.5,128,2,3,19.563961081971375,0.8897855474257154,1
fee_rate,0.75,0,1,Static,0.98,279.5,128,2,1,0.06304865599647158,0.004490127332097994,1
fee_rate,0.75,0,6,Static,0.98,279.5,128,2,1,1.2949806068971998,0.10166901177530893,1
fee_rate,0.75,0,24,Static,0.98,279.5,128,2,1,1.2949806068971998,0.10166901177530893,1
fee_rate,0.75,1,1,Static,0.98,253.25,128,4,3,0.19046167953337356,0.00024679186159460084,1
fee_rate,0.75,1,6,Static,0.98,253.25,128,4,3,1.8460041363325876,0.4716441700178854,1
fee_rate,0.75,1,24,Static,0.98,253.25,128,4,3,2.9710142032263307,0.5332694456400573,1
fee_rate,0.75,2,1,Static,0.98,519.0,128,0,1,0.5708951723377269,0.042737510369568486,1
fee_rate,0.75,2,6,Static,0.98,519.0,128,3,4,0.0,0.0,2
fee_rate,0.75,2,24,Static,0.98,519.0,128,3,4,0.0,0.0,2
fee_rate,0.75,3,1,Static,0.98,327.5,128,0,1,3.2878967514221156,0.5363168831188423,1
fee_rate,0.75,3,6,Static,0.98,327.5,128,0,1,213.0499329365411,45.6717253017148,1
fee_rate,0.75,3,24,Static,0.98,327.5,128,0,1,533.6801391049694,57.65989292373259,1
fee_rate,0.75,4,1,Static,0.98,363.5,128,0,1,0.8917712279610543,0.875527436187971,1
fee_rate,0.75,4,6,Static,0.98,363.5,128,2,1,72.55421918352368,50.25828889258912,1
fee_rate,0.75,4,24,Static,0.98,363.5,128,0,1,154.56686151895454,84.4334485318824,1
fee_rate,0.75,5,1,Static,0.98,253.25,128,4,3,0.8261931980993636,0.15312490551471744,1
fee_rate,0.75,5,6,Static,0.98,253.25,128,4,3,13.8921688973649,1.8344235806411677,1
fee_rate,0.75,5,24,Static,0.98,253.25,128,4,3,2.0337789072433896,1.941174270392529,1
fee_rate,0.75,6,1,Static,0.98,514.5,128,0,3,38.976873357561985,24.54480929005003,1
fee_rate,0.75,6,6,Static,0.98,514.5,128,0,1,275.85481526291784,18.936604079571445,1
fee_rate,0.75,6,24,Static,0.98,514.5,128,0,1,281.4646690407833,18.532819385078856,1
fee_rate,0.75,7,1,Static,0.98,519.0,128,4,3,0.0625923827177968,0.001029589264902827,1
fee_rate,0.75,7,6,Static,0.98,519.0,128,4,2,4.356752389397732,7.441665589363792,1
fee_rate,0.75,7,24,Static,0.98,519.0,128,4,3,20.782389820220565,11.907928161564337,1
fee_rate,0.75,8,1,Static,0.98,183.75,128,2,3,0.4929899975112593,0.2148264829646205,1
fee_rate,0.75,8,6,Static,0.98,183.75,128,4,2,0.013070410324385495,1.333760780098515,1
fee_rate,0.75,8,24,Static,0.98,183.75,128,4,2,0.013070410324385495,1.333760780098515,1
fee_rate,0.75,9,1,Static,0.98,253.25,128,4,3,22.265237584670153,13.611554471764391,1
fee_rate,0.75,9,6,Static,0.98,253.25,128,4,3,131.84795386955108,24.40128299257804,1
fee_rate,0.75,9,24,Static,0.98,253.25,128,4,3,93.06243301888168,21.721558819250518,1
fee_rate,0.75,10,1,Static,0.98,238.5,128,4,3,0.019854660413482966,0.0003040878928690943,1
fee_rate,0.75,10,6,Static,0.98,238.5,128,4,3,1.1151498475098356,0.3213875435481326,1
fee_rate,0.75,10,24,Static,0.98,238.5,128,4,3,1.2284879551117172,0.3119870529223363,1
fee_rate,0.75,11,1,Static,0.98,238.5,128,3,4,0.06525404207293406,0.03013769455723688,1
fee_rate,0.75,11,6,Static,0.98,238.5,128,3,4,3.4260669153665244,37.37145332178904,1
fee_rate,0.75,11,24,Static,0.98,238.5,128,3,4,3.4260669153665244,37.37145332178904,1
fee_rate,0.75,12,1,Static,0.98,519.0,128,0,1,42.43657640857701,39.86552787179248,1
fee_rate,0.75,12,6,Static,0.98,519.0,128,0,1,600.421038293427,50.44820882658555,1
fee_rate,0.75,12,24,Static,0.98,519.0,128,0,1,1151.8424349767681,113.15119520290695,1
fee_rate,0.75,13,1,Static,0.98,327.5,128,4,3,0.04777808294828417,0.0007904136734110595,1
fee_rate,0.75,13,6,Static,0.98,327.5,128,4,3,1.4485852418843526,0.23445529966346915,1
fee_rate,0.75,13,24,Static,0.98,327.5,128,4,3,5.632184149866523,3.6816707215068303,1
fee_rate,0.75,14,1,Static,0.98,492.0,128,4,3,0.23081113417461493,0.0027040177282344337,1
fee_rate,0.75,14,6,Static,0.98,492.0,128,4,3,0.7673354163614047,0.623487082854603,1
fee_rate,0.75,14,24,Static,0.98,492.0,128,4,3,11.918195536848367,14.095047686254185,1
fee_rate,0.75,15,1,Static,0.98,514.5,128,1,3,0.20940808684833023,0.33984467047173733,1
fee_rate,0.75,15,6,Static,0.98,514.5,128,4,3,23.74770273509993,2.056928848738615,1
fee_rate,0.75,15,24,Static,0.98,514.5,128,4,3,183.5803623828317,63.22348800399905,1
fee_rate,0.75,16,1,Static,0.98,253.25,128,0,1,1.3468850061558761,0.5652379096605903,1
fee_rate,0.75,16,6,Static,0.98,253.25,128,1,0,0.13152360405858993,1.0105034498760694,1
fee_rate,0.75,16,24,Static,0.98,253.25,128,1,0,0.3125374017416672,1.279547242883742,1
fee_rate,0.75,17,1,Static,0.98,183.75,128,2,3,0.12590688596001276,0.2156124937065911,1
fee_rate,0.75,17,6,Static,0.98,183.75,128,4,3,0.3233244922174002,0.5341614693237893,1
fee_rate,0.75,17,24,Static,0.98,183.75,128,4,3,0.3233244922174002,0.5341614693237893,1
fee_rate,0.75,18,1,Static,0.98,327.5,128,0,1,0.010773030736166797,0.046324906568012275,1
fee_rate,0.75,18,6,Static,0.98,327.5,128,4,3,5.1691360317532205,0.7448602600009195,1
fee_rate,0.75,18,24,Static,0.98,327.5,128,4,3,37.61136583117155,19.178457265058004,1
fee_rate,0.75,19,1,Static,0.98,363.5,128,0,1,0.13444097980375813,0.003982610274501914,1
fee_rate,0.75,19,6,Static,0.98,363.5,128,0,1,2.8396187084726865,0.14063011618118812,1
fee_rate,0.75,19,24,Static,0.98,363.5,128,2,1,1.1218479636915175,0.4774425693926757,1
fee_rate,0.75,20,1,Static,0.98,363.5,128,0,1,0.005802644846542582,0.03207500030637583,1
fee_rate,0.75,20,6,Static,0.98,363.5,128,0,1,0.6458289397800726,0.06793746342850597,1
fee_rate,0.75,20,24,Static,0.98,363.5,128,1,0,0.04047148935450173,0.8402669811093841,1
fee_rate,0.75,21,1,Static,0.98,492.0,128,0,1,32.0013531836943,4.48861384438213,1
fee_rate,0.75,21,6,Static,0.98,492.0,128,0,1,212.49962480791922,22.46589415029867,1
fee_rate,0.75,21,24,Static,0.98,492.0,128,0,1,358.24721617707803,31.381406011612054,1
fee_rate,0.75,22,1,Static,0.98,279.5,128,0,1,0.3813103654123253,0.17979728529381356,1
fee_rate,0.75,22,6,Static,0.98,279.5,128,2,1,35.09040977435691,20.542130549285236,1
fee_rate,0.75,22,24,Static,0.98,279.5,128,1,2,21.83523990967234,62.85373029564458,1
fee_rate,0.75,23,1,Static,0.98,279.5,128,0,1,0.307395216611172,1.0707035076571754,1
fee_rate,0.75,23,6,Static,0.98,279.5,128,2,1,3.7466352889286525,1.3534090066108684,1
fee_rate,0.75,23,24,Static,0.98,279.5,128,2,1,3.7466352889286525,1.3534090066108684,1
fee_rate,0.75,24,1,Static,0.98,183.75,128,2,3,0.12556328983730344,0.21609357330034204,1
fee_rate,0.75,24,6,Static,0.98,183.75,128,2,3,5.015432206584862,2.8714660301808275,1
fee_rate,0.75,24,24,Static,0.98,183.75,128,2,3,8.292985321475664,2.7462725764860902,1
fee_rate,0.75,25,1,Static,0.98,514.5,128,0,1,0.06338582628662004,0.023214425273931128,1
fee_rate,0.75,25,6,Static,0.98,514.5,128,4,3,47.17340779356507,25.215877913891894,1
fee_rate,0.75,25,24,Static,0.98,514.5,128,4,3,123.81883561565701,39.501350287064234,1
fee_rate,0.75,26,1,Static,0.98,327.5,128,4,3,0.023586073379161035,0.03303257540211965,1
fee_rate,0.75,26,6,Static,0.98,327.5,128,4,3,22.60259347144049,9.346811166004754,1
fee_rate,0.75,26,24,Static,0.98,327.5,128,4,3,53.391275994853416,20.3338708851914,1
fee_rate,0.75,27,1,Static,0.98,363.5,128,2,1,0.022679981804804447,0.0004919313233371753,1
fee_rate,0.75,27,6,Static,0.98,363.5,128,0,1,0.8529566908556815,0.07055701358887774,1
fee_rate,0.75,27,24,Static,0.98,363.5,128,1,0,0.32747644762205863,0.24958815551732616,1
fee_rate,0.75,28,1,Static,0.98,492.0,128,0,1,2.14730453017941,0.49303568126616315,1
fee_rate,0.75,28,6,Static,0.98,492.0,128,4,0,6.62205005553988,77.53221542773822,1
fee_rate,0.75,28,24,Static,0.98,492.0,128,0,1,537.612512874505,52.14112196148559,1
fee_rate,0.75,29,1,Static,0.98,492.0,128,0,1,0.7037204359421857,0.07424687644752355,1
fee_rate,0.75,29,6,Static,0.98,492.0,128,4,3,7.9662351631339625,3.43924185521864,1
fee_rate,0.75,29,24,Static,0.98,492.0,128,0,1,260.8442516950735,28.902648633138913,1
fee_rate,0.75,30,1,Static,0.98,183.75,128,4,3,0.03759942427974981,0.005359193911709036,1
fee_rate,0.75,30,6,Static,0.98,183.75,128,4,3,1.08844983740531,0.3059734446556419,1
fee_rate,0.75,30,24,Static,0.98,183.75,128,4,3,1.385057375959449,0.3146048250430504,1
fee_rate,0.75,31,1,Static,0.98,238.5,128,4,3,0.024283835176258498,0.0005099235229959801,1
fee_rate,0.75,31,6,Static,0.98,238.5,128,4,3,0.15611051093337613,0.019601588656495618,1
fee_rate,0.75,31,24,Static,0.98,238.5,128,4,3,0.15611051093337613,0.019601588656495618,1
fee_rate,0.75,32,1,Static,0.98,519.0,128,2,3,0.9429598416505192,0.7341226011810025,1
fee_rate,0.75,32,6,Static,0.98,519.0,128,4,3,37.66282874599736,34.99805679237883,1
fee_rate,0.75,32,24,Static,0.98,519.0,128,0,1,267.93389878759774,82.23912856678251,1
fee_rate,0.75,33,1,Static,0.98,279.5,128,1,2,0.2669829007426831,0.012807181770872814,1
fee_rate,0.75,33,6,Static,0.98,279.5,128,1,2,0.3771278932946013,0.08679646093031172,1
fee_rate,0.75,33,24,Static,0.98,279.5,128,1,2,0.3771278932946013,0.08679646093031172,1
fee_rate,0.75,34,1,Static,0.98,238.5,128,1,2,0.004899205816402257,0.001837708304212198,1
fee_rate,0.75,34,6,Static,0.98,238.5,128,4,3,1.1048452207330242,0.08257456129618067,1
fee_rate,0.75,34,24,Static,0.98,238.5,128,4,3,1.1048452207330242,0.08257456129618067,1
fee_rate,0.75,35,1,Static,0.98,514.5,128,0,1,0.056208439725624226,0.13075865420254956,1
fee_rate,0.75,35,6,Static,0.98,514.5,128,4,3,2.943494488410555,0.1298038178191433,1
fee_rate,0.75,35,24,Static,0.98,514.5,128,4,3,8.191082169692367,2.491810655695527,1
fee_rate,0.75,36,1,Static,0.98,82.5,128,2,1,55.123632825843316,43.57785136129524,1
fee_rate,0.75,36,6,Static,0.98,82.5,128,0,1,52.55752251750958,19.177519029804245,1
fee_rate,0.75,36,24,Static,0.98,82.5,128,0,1,52.55752251750958,19.177519029804245,1
fee_rate,0.75,37,1,Static,0.98,480.0,128,0,1,0.6882798453190289,0.13576189451624918,1
fee_rate,0.75,37,6,Static,0.98,480.0,128,4,3,6.266584485417339,2.4520710267533694,1
fee_rate,0.75,37,24,Static,0.98,480.0,128,4,2,19.475122426082486,78.92907014010022,1
fee_rate,0.75,38,1,Static,0.98,82.5,128,0,1,0.3039480699014207,0.05022670477253429,1
fee_rate,0.75,38,6,Static,0.98,82.5,128,0,1,2.6751126867937236,0.13946489728405032,1
fee_rate,0.75,38,24,Static,0.98,82.5,128,0,1,2.879268864606163,0.15274818898141013,1
fee_rate,0.75,39,1,Static,0.98,492.25,128,2,1,0.20280174403815976,0.8741551874413253,1
fee_rate,0.75,39,6,Static,0.98,492.25,128,2,1,168.38192236099127,88.81818891393112,1
fee_rate,0.75,39,24,Static,0.98,492.25,128,0,1,255.98796907660102,66.48506003442644,1
fee_rate,0.75,40,1,Static,0.98,56.75,128,0,1,0.030817724755145,0.003358468544608607,1
fee_rate,0.75,40,6,Static,0.98,56.75,128,3,4,0.021630580788850023,0.013702970241685151,1
fee_rate,0.75,40,24,Static,0.98,56.75,128,3,4,0.021630580788850023,0.013702970241685151,1
fee_rate,0.75,41,1,Static,0.98,29.5,128,4,3,0.02345441333714507,0.21476365852282217,1
fee_rate,0.75,41,6,Static,0.98,29.5,128,4,3,1.354334915145834,0.3104891325330712,1
fee_rate,0.75,41,24,Static,0.98,29.5,128,4,3,1.354334915145834,0.3104891325330712,1
fee_rate,0.75,42,1,Static,0.98,82.5,128,2,1,21.32106021923437,21.599032977381693,1
fee_rate,0.75,42,6,Static,0.98,82.5,128,2,1,74.61932767885946,38.015493469822786,1
fee_rate,0.75,42,24,Static,0.98,82.5,128,2,1,74.61932767885946,38.015493469822786,1
fee_rate,0.75,43,1,Static,0.98,29.5,128,4,3,0.0807963435076622,0.2148247432530386,1
fee_rate,0.75,43,6,Static,0.98,29.5,128,4,3,0.0807963435076622,0.2148247432530386,1
fee_rate,0.75,43,24,Static,0.98,29.5,128,4,3,0.0807963435076622,0.2148247432530386,1
fee_rate,0.75,44,1,Static,0.98,143.25,128,4,3,40.57912988170207,29.66814530014098,1
fee_rate,0.75,44,6,Static,0.98,143.25,128,0,1,294.4967818121419,15.814089076530431,1
fee_rate,0.75,44,24,Static,0.98,143.25,128,0,1,294.4967818121419,15.814089076530431,1
fee_rate,0.75,45,1,Static,0.98,451.5,128,0,1,3.8280061602884667,0.6927836981403425,1
fee_rate,0.75,45,6,Static,0.98,451.5,128,0,1,114.33023159271573,13.234285159791842,1
fee_rate,0.75,45,24,Static,0.98,451.5,128,0,1,155.1949424016521,12.409207221585653,1
fee_rate,0.75,46,1,Static,0.98,76.5,128,2,1,0.016054381253451044,0.0009093021709493862,1
fee_rate,0.75,46,6,Static,0.98,76.5,128,2,1,0.03686787069598285,0.0028014530540949804,1
fee_rate,0.75,46,24,Static,0.98,76.5,128,2,1,0.03686787069598285,0.0028014530540949804,1
fee_rate,0.75,47,1,Static,0.98,180.5,128,1,2,1.0123872937228322,0.6872420727545998,1
fee_rate,0.75,47,6,Static,0.98,180.5,128,1,2,8.015539720445616,23.483090597384436,1
fee_rate,0.75,47,24,Static,0.98,180.5,128,0,1,69.17984477471666,35.48225333948605,1
fee_rate,0.75,48,1,Static,0.98,143.25,128,2,3,0.020795948041238632,0.015677431521821893,1
fee_rate,0.75,48,6,Static,0.98,143.25,128,4,3,38.75692453230306,16.426931431364736,1
fee_rate,0.75,48,24,Static,0.98,143.25,128,4,3,34.89119964169183,16.556258461953423,1
fee_rate,0.75,49,1,Static,0.98,76.5,128,4,3,2.154899640686969,0.39558764127009144,1
fee_rate,0.75,49,6,Static,0.98,76.5,128,4,3,60.056394473558974,28.043659897297797,1
fee_rate,0.75,49,24,Static,0.98,76.5,128,2,3,32.49814904835093,19.72379250142602,1
fee_rate,0.75,50,1,Static,0.98,451.5,128,2,1,233.54786302476222,101.70222699980002,1
fee_rate,0.75,50,6,Static,0.98,451.5,128,0,1,18.301797864722886,12.577248855675963,1
fee_rate,0.75,50,24,Static,0.98,451.5,128,0,1,18.301797864722886,12.577248855675963,1
fee_rate,0.75,51,1,Static,0.98,76.5,128,4,3,12.4848826240721,7.838328515862799,1
fee_rate,0.75,51,6,Static,0.98,76.5,128,4,3,58.54905650574308,13.567548930350673,1
fee_rate,0.75,51,24,Static,0.98,76.5,128,4,3,60.154170286061,15.610948772921683,1
fee_rate,0.75,52,1,Static,0.98,143.25,128,2,0,0.028177816359841568,0.17817812056690283,1
fee_rate,0.75,52,6,Static,0.98,143.25,128,3,4,0.0,0.0,2
fee_rate,0.75,52,24,Static,0.98,143.25,128,3,4,0.0,0.0,2
fee_rate,0.75,53,1,Static,0.98,56.75,128,3,4,0.0,0.0,2
fee_rate,0.75,53,6,Static,0.98,56.75,128,3,4,0.0,0.0,2
fee_rate,0.75,53,24,Static,0.98,56.75,128,3,4,0.0,0.0,2
fee_rate,0.75,54,1,Static,0.98,29.5,128,2,3,1.5066946182536824,0.0199179575842059,1
fee_rate,0.75,54,6,Static,0.98,29.5,128,2,3,0.9948106517428446,0.08161608023782708,1
fee_rate,0.75,54,24,Static,0.98,29.5,128,2,3,0.9948106517428446,0.08161608023782708,1
fee_rate,0.75,55,1,Static,0.98,180.5,128,1,0,0.09950858663214124,0.4566025654571003,1
fee_rate,0.75,55,6,Static,0.98,180.5,128,0,1,0.18488193219656246,23.19930121188782,1
fee_rate,0.75,55,24,Static,0.98,180.5,128,1,0,4.4517555636802335,21.33349532630421,1
fee_rate,0.75,56,1,Static,0.98,492.25,128,4,0,3.9497238948923985,7.9096056839064275,1
fee_rate,0.75,56,6,Static,0.98,492.25,128,4,2,32.59753690130292,46.53601994465823,1
fee_rate,0.75,56,24,Static,0.98,492.25,128,0,1,197.08357148168983,45.18578027949566,1
fee_rate,0.75,57,1,Static,0.98,480.0,128,1,4,135.07822819516252,62.832044481458425,1
fee_rate,0.75,57,6,Static,0.98,480.0,128,0,1,78.09258157608593,20.511412131334318,1
fee_rate,0.75,57,24,Static,0.98,480.0,128,0,1,78.09258157608593,20.511412131334318,1
fee_rate,0.75,58,1,Static,0.98,143.25,128,0,1,6.887283223546939,32.21925033655985,1
fee_rate,0.75,58,6,Static,0.98,143.25,128,0,1,353.1493944164659,36.95474563972873,1
fee_rate,0.75,58,24,Static,0.98,143.25,128,0,1,430.96806544268554,31.554350057509758,1
fee_rate,0.75,59,1,Static,0.98,480.0,128,0,1,2.0218781467768885,0.3907176330437177,1
fee_rate,0.75,59,6,Static,0.98,480.0,128,0,1,267.42159638376734,24.891430675481054,1
fee_rate,0.75,59,24,Static,0.98,480.0,128,0,1,448.03259833718965,23.608902409901876,1
fee_rate,0.75,60,1,Static,0.98,451.5,128,1,2,1.2283539736492664,21.9148816317144,1
fee_rate,0.75,60,6,Static,0.98,451.5,128,1,0,30.191274519588113,51.312574658145266,1
fee_rate,0.75,60,24,Static,0.98,451.5,128,0,1,249.85981661803635,42.97193366572843,1
fee_rate,0.75,61,1,Static,0.98,82.5,128,2,1,35.17806424428413,39.59577954109088,1
fee_rate,0.75,61,6,Static,0.98,82.5,128,0,2,113.63775376029153,114.25065422800107,1
fee_rate,0.75,61,24,Static,0.98,82.5,128,0,2,113.63775376029153,114.25065422800107,1
fee_rate,0.75,62,1,Static,0.98,56.75,128,4,0,0.037158141546916545,0.1926831244074105,1
fee_rate,0.75,62,6,Static,0.98,56.75,128,4,3,3.9630951592602335,1.9183867054698263,1
fee_rate,0.75,62,24,Static,0.98,56.75,128,4,3,14.72649343331947,10.264373474606003,1
fee_rate,0.75,63,1,Static,0.98,451.5,128,4,3,19.694875334208973,11.05180825985631,1
fee_rate,0.75,63,6,Static,0.98,451.5,128,0,1,13.813611492772193,4.786016469429991,1
fee_rate,0.75,63,24,Static,0.98,451.5,128,0,1,13.813611492772194,4.786016469429991,1
fee_rate,0.75,64,1,Static,0.98,180.5,128,2,0,26.257766565714554,19.728988548945658,1
fee_rate,0.75,64,6,Static,0.98,180.5,128,2,1,19.485612630122215,20.081030472544004,1
fee_rate,0.75,64,24,Static,0.98,180.5,128,1,0,22.372263875707013,39.286649379440014,1
fee_rate,0.75,65,1,Static,0.98,480.0,128,4,3,0.0065095435248320906,0.0016954904372550304,1
fee_rate,0.75,65,6,Static,0.98,480.0,128,4,3,38.79783953710787,17.577327899423427,1
fee_rate,0.75,65,24,Static,0.98,480.0,128,4,3,62.60555853404226,32.671486321212576,1
fee_rate,0.75,66,1,Static,0.98,492.25,128,0,1,0.4109687225742027,0.07217771006893671,1
fee_rate,0.75,66,6,Static,0.98,492.25,128,2,1,67.99565758436486,42.614103623177144,1
fee_rate,0.75,66,24,Static,0.98,492.25,128,0,1,27.185224655158773,31.390975238667288,1
fee_rate,0.75,67,1,Static,0.98,180.5,128,0,1,0.020689168764630672,0.0008902449988665422,1
fee_rate,0.75,67,6,Static,0.98,180.5,128,3,4,0.20890802502679168,0.04017096261681521,1
fee_rate,0.75,67,24,Static,0.98,180.5,128,3,4,0.23480385253657127,0.05187952259264304,1
fee_rate,0.75,68,1,Static,0.98,29.5,128,2,3,0.5087330983426774,0.06872570431907907,1
fee_rate,0.75,68,6,Static,0.98,29.5,128,2,4,1.2846513693016057,2.936490918584677,1
fee_rate,0.75,68,24,Static,0.98,29.5,128,2,4,1.2442116196925521,3.047650312349232,1
fee_rate,0.75,69,1,Static,0.98,56.75,128,4,3,0.031188696167179522,0.000696956667065306,1
fee_rate,0.75,69,6,Static,0.98,56.75,128,4,3,0.14227518404950507,0.004213411282306958,1
fee_rate,0.75,69,24,Static,0.98,56.75,128,4,3,0.14227518404950507,0.004213411282306958,1
fee_rate,0.75,70,1,Static,0.98,492.25,128,4,0,8.050451935415907,8.942219961353885,1
fee_rate,0.75,70,6,Static,0.98,492.25,128,3,2,3.3226905328982257,8.70796979622575,1
fee_rate,0.75,70,24,Static,0.98,492.25,128,1,0,5.216069255924129,10.269037876437386,1
fee_rate,0.75,71,1,Static,0.98,76.5,128,2,3,2.1082404804204886,0.21979286997578332,1
fee_rate,0.75,71,6,Static,0.98,76.5,128,2,3,13.486489685924733,0.7288705098701473,1
fee_rate,0.75,71,24,Static,0.98,76.5,128,2,3,18.95805660048132,0.9045763560945742,1
fee_rate,1.0,0,1,Static,0.98,279.5,128,2,1,0.09440170266903711,0.00444096158450094,1
fee_rate,1.0,0,6,Static,0.98,279.5,128,2,1,1.3425326839444194,0.10166332312576556,1
fee_rate,1.0,0,24,Static,0.98,279.5,128,2,1,1.3425326839444194,0.10166332312576556,1
fee_rate,1.0,1,1,Static,0.98,253.25,128,4,3,0.34911756104322933,0.00032905581545946674,1
fee_rate,1.0,1,6,Static,0.98,253.25,128,4,3,2.3061564684203635,0.47374862037715876,1
fee_rate,1.0,1,24,Static,0.98,253.25,128,4,3,3.6262136219895598,0.5390651246331895,1
fee_rate,1.0,2,1,Static,0.98,519.0,128,0,1,0.48101354589136147,0.041853047047423576,1
fee_rate,1.0,2,6,Static,0.98,519.0,128,3,4,0.0,0.0,2
fee_rate,1.0,2,24,Static,0.98,519.0,128,3,4,-1.4210854715202004e-14,1.4210854715202004e-14,2
fee_rate,1.0,3,1,Static,0.98,327.5,128,0,1,2.8338493862606615,0.47988254447797896,1
fee_rate,1.0,3,6,Static,0.98,327.5,128,0,1,210.3715542675917,45.70117124095805,1
fee_rate,1.0,3,24,Static,0.98,327.5,128,0,1,529.8331616764781,57.965553328455634,1
fee_rate,1.0,4,1,Static,0.98,363.5,128,0,1,0.7644130944041239,0.8749201333278607,1
fee_rate,1.0,4,6,Static,0.98,363.5,128,2,1,73.27451568836419,50.38294341337377,1
fee_rate,1.0,4,24,Static,0.98,363.5,128,0,1,151.55698068948934,84.56546520359706,1
fee_rate,1.0,5,1,Static,0.98,253.25,128,4,3,0.8261931980993636,0.15312490551471744,1
fee_rate,1.0,5,6,Static,0.98,253.25,128,4,3,14.557047799164707,1.8496427744868513,1
fee_rate,1.0,5,24,Static,0.98,253.25,128,4,3,3.2237714744926453,1.9596124944282745,1
fee_rate,1.0,6,1,Static,0.98,514.5,128,0,3,37.45492075004768,24.540221201646435,1
fee_rate,1.0,6,6,Static,0.98,514.5,128,0,1,274.6879541078571,18.943822676809216,1
fee_rate,1.0,6,24,Static,0.98,514.5,128,0,1,280.2916253083816,18.513284238895494,1
fee_rate,1.0,7,1,Static,0.98,519.0,128,4,3,0.1326273750274703,0.0021629902704493184,1
fee_rate,1.0,7,6,Static,0.98,519.0,128,4,2,4.597388330736412,7.461601000500919,1
fee_rate,1.0,7,24,Static,0.98,519.0,128,4,3,21.432553229561567,12.199773886179203,1
fee_rate,1.0,8,1,Static,0.98,183.75,128,2,3,0.3327286192927724,0.21482094855856473,1
fee_rate,1.0,8,6,Static,0.98,183.75,128,4,3,0.8078276895771004,1.0067418793022773,1
fee_rate,1.0,8,24,Static,0.98,183.75,128,4,3,0.8078276895771004,1.0067418793022773,1
fee_rate,1.0,9,1,Static,0.98,253.25,128,4,3,22.265237584670153,13.611554471764391,1
fee_rate,1.0,9,6,Static,0.98,253.25,128,4,3,132.31624579514818,24.405650498419053,1
fee_rate,1.0,9,24,Static,0.98,253.25,128,4,3,94.07370779500027,21.78472543848683,1
fee_rate,1.0,10,1,Static,0.98,238.5,128,4,3,0.030915483162990726,0.0005463075893699758,1
fee_rate,1.0,10,6,Static,0.98,238.5,128,4,3,1.1317881290789473,0.32135717618934173,1
fee_rate,1.0,10,24,Static,0.98,238.5,128,4,3,1.2451423552100278,0.31195152299257933,1
fee_rate,1.0,11,1,Static,0.98,238.5,128,3,4,0.038890888398818824,0.029927029910599017,1
fee_rate,1.0,11,6,Static,0.98,238.5,128,3,4,3.3703132707236527,37.35560999104294,1
fee_rate,1.0,11,24,Static,0.98,238.5,128,3,4,3.3703132707236527,37.35560999104294,1
fee_rate,1.0,12,1,Static,0.98,519.0,128,0,1,40.22334186207945,39.89824224960062,1
fee_rate,1.0,12,6,Static,0.98,519.0,128,0,1,596.3869782788165,50.54286548085168,1
fee_rate,1.0,12,24,Static,0.98,519.0,128,0,1,1147.1658731363239,112.65153385409599,1
fee_rate,1.0,13,1,Static,0.98,327.5,128,4,3,0.07412950509982352,0.0013083560996683388,1
fee_rate,1.0,13,6,Static,0.98,327.5,128,4,3,1.4886560555062907,0.23454344195952348,1
fee_rate,1.0,13,24,Static,0.98,327.5,128,4,3,5.672317227910014,3.681741247401473,1
fee_rate,1.0,14,1,Static,0.98,492.0,128,4,3,0.31499948592532634,0.017723310448076762,1
fee_rate,1.0,14,6,Static,0.98,492.0,128,4,3,0.9211508179023571,0.6054196657835533,1
fee_rate,1.0,14,24,Static,0.98,492.0,128,4,3,12.451995254471091,14.322900122054616,1
fee_rate,1.0,15,1,Static,0.98,514.5,128,1,3,0.1366440478287232,0.33966141962527463,1
fee_rate,1.0,15,6,Static,0.98,514.5,128,4,3,23.796155214312776,2.056955975277729,1
fee_rate,1.0,15,24,Static,0.98,514.5,128,4,3,184.18096865701483,63.35367922713111,1
fee_rate,1.0,16,1,Static,0.98,253.25,128,0,1,1.1448398144221055,0.5649038602023403,1
fee_rate,1.0,16,6,Static,0.98,253.25,128,3,4,0.15849235343597945,1.0466424055639156,1
fee_rate,1.0,16,24,Static,0.98,253.25,128,3,2,0.6725426850409948,1.288261733460925,1
fee_rate,1.0,17,1,Static,0.98,183.75,128,4,3,0.007306230579232589,0.214823984447681,1
fee_rate,1.0,17,6,Static,0.98,183.75,128,4,3,0.7859906187885859,0.538923513855782,1
fee_rate,1.0,17,24,Static,0.98,183.75,128,4,3,0.7859906187885859,0.538923513855782,1
fee_rate,1.0,18,1,Static,0.98,327.5,128,4,3,0.013844756131123709,0.04152170668924906,1
fee_rate,1.0,18,6,Static,0.98,327.5,128,4,3,5.229779546253722,0.7448304403874042,1
fee_rate,1.0,18,24,Static,0.98,327.5,128,4,3,37.692188335654826,19.174652195667576,1
fee_rate,1.0,19,1,Static,0.98,363.5,128,0,1,0.08810674330618862,0.0030092114586614217,1
fee_rate,1.0,19,6,Static,0.98,363.5,128,0,1,2.7694118806593053,0.1401836988809021,1
fee_rate,1.0,19,24,Static,0.98,363.5,128,2,1,1.1858208218256892,0.4774226583097032,1
fee_rate,1.0,20,1,Static,0.98,363.5,128,2,1,0.017262640150974104,0.029670654999599068,1
fee_rate,1.0,20,6,Static,0.98,363.5,128,0,1,0.6051274331134422,0.06791866920984845,1
fee_rate,1.0,20,24,Static,0.98,363.5,128,1,0,0.08123746756136668,0.8402454043137604,1
fee_rate,1.0,21,1,Static,0.98,492.0,128,0,1,31.198819464694374,4.471075860931194,1
fee_rate,1.0,21,6,Static,0.98,492.0,128,0,1,211.04447734354363,22.48009442797746,1
fee_rate,1.0,21,24,Static,0.98,492.0,128,0,1,356.7459639175584,31.247782300624912,1
fee_rate,1.0,22,1,Static,0.98,279.5,128,0,1,0.2534166078751594,0.17962239504903266,1
fee_rate,1.0,22,6,Static,0.98,279.5,128,2,1,35.56256835707313,20.77603399630986,1
fee_rate,1.0,22,24,Static,0.98,279.5,128,1,2,21.31312502171616,62.92607751045617,1
fee_rate,1.0,23,1,Static,0.98,279.5,128,0,1,0.2154496753276769,1.070316693088451,1
fee_rate,1.0,23,6,Static,0.98,279.5,128,2,1,3.857913012440473,1.353271563217966,1
fee_rate,1.0,23,24,Static,0.98,279.5,128,2,1,3.857913012440473,1.353271563217966,1
fee_rate,1.0,24,1,Static,0.98,183.75,128,3,4,0.007590300131339073,0.21485806731936558,1
fee_rate,1.0,24,6,Static,0.98,183.75,128,2,3,4.664137782388552,2.894970004401197,1
fee_rate,1.0,24,24,Static,0.98,183.75,128,2,3,7.91432413445182,2.7731445311887097,1
fee_rate,1.0,25,1,Static,0.98,514.5,128,1,0,0.007702879711814825,0.021941361148171093,1
fee_rate,1.0,25,6,Static,0.98,514.5,128,4,3,47.25546225975209,25.2161863592538,1
fee_rate,1.0,25,24,Static,0.98,514.5,128,4,3,124.72747568649223,39.93107724415171,1
fee_rate,1.0,26,1,Static,0.98,327.5,128,4,3,0.06351176055892449,0.03294462081744535,1
fee_rate,1.0,26,6,Static,0.98,327.5,128,4,3,22.662156338943397,9.34674682463682,1
fee_rate,1.0,26,24,Static,0.98,327.5,128,4,3,53.58173277947698,20.442456382423703,1
fee_rate,1.0,27,1,Static,0.98,363.5,128,2,1,0.043525927804694955,0.0009877661909789932,1
fee_rate,1.0,27,6,Static,0.98,363.5,128,0,1,0.818051294070534,0.070356528979329,1
fee_rate,1.0,27,24,Static,0.98,363.5,128,1,0,0.3624347472124599,0.24958830026741113,1
fee_rate,1.0,28,1,Static,0.98,492.0,128,0,1,1.9483740337130977,0.4578978997508339,1
fee_rate,1.0,28,6,Static,0.98,492.0,128,4,0,9.439890459380578,77.4507862027362,1
fee_rate,1.0,28,24,Static,0.98,492.0,128,0,1,534.6339644117829,52.076775434578714,1
fee_rate,1.0,29,1,Static,0.98,492.0,128,0,1,0.6754184649624689,0.07402718704133356,1
fee_rate,1.0,29,6,Static,0.98,492.0,128,4,3,8.024773772534699,3.4345366122321686,1
fee_rate,1.0,29,24,Static,0.98,492.0,128,0,1,258.9975259079072,28.870364863824282,1
fee_rate,1.0,30,1,Static,0.98,183.75,128,4,3,0.05512321691223641,0.008410255722819827,1
fee_rate,1.0,30,6,Static,0.98,183.75,128,4,3,1.3361284948266836,0.30862736465195406,1
fee_rate,1.0,30,24,Static,0.98,183.75,128,4,3,1.6758049331659528,0.3181256457131943,1
fee_rate,1.0,31,1,Static,0.98,238.5,128,4,3,0.035037099785833026,0.0007604096075742257,1
fee_rate,1.0,31,6,Static,0.98,238.5,128,4,3,0.17256788964353964,0.01980771414864791,1
fee_rate,1.0,31,24,Static,0.98,238.5,128,4,3,0.17256788964353964,0.01980771414864791,1
fee_rate,1.0,32,1,Static,0.98,519.0,128,2,3,0.8841706638888862,0.7339657883738558,1
fee_rate,1.0,32,6,Static,0.98,519.0,128,4,3,37.72291010840992,35.026806950928744,1
fee_rate,1.0,32,24,Static,0.98,519.0,128,0,1,266.7817712330748,82.05228498499343,1
fee_rate,1.0,33,1,Static,0.98,279.5,128,1,2,0.21871906753594061,0.011634494177130061,1
fee_rate,1.0,33,6,Static,0.98,279.5,128,1,2,0.31272551598129605,0.08670676156166196,1
fee_rate,1.0,33,24,Static,0.98,279.5,128,1,2,0.31272551598129605,0.08670676156166196,1
fee_rate,1.0,34,1,Static,0.98,238.5,128,4,3,0.002678024315509564,0.0011359317980790967,1
fee_rate,1.0,34,6,Static,0.98,238.5,128,4,3,1.1252984689871073,0.08272845952480673,1
fee_rate,1.0,34,24,Static,0.98,238.5,128,4,3,1.1252984689871073,0.08272845952480673,1
fee_rate,1.0,35,1,Static,0.98,514.5,128,0,1,0.036926219362973134,0.13073339863393416,1
fee_rate,1.0,35,6,Static,0.98,514.5,128,4,3,2.9658472377273135,0.12989543966010347,1
fee_rate,1.0,35,24,Static,0.98,514.5,128,4,3,8.213473107944477,2.491776918532671,1
fee_rate,1.0,36,1,Static,0.98,82.5,128,2,1,55.16368052297746,43.57779017864826,1
fee_rate,1.0,36,6,Static,0.98,82.5,128,0,1,52.42890638521646,19.14071270063398,1
fee_rate,1.0,36,24,Static,0.98,82.5,128,0,1,52.42890638521646,19.14071270063398,1
fee_rate,1.0,37,1,Static,0.98,480.0,128,0,1,0.6222638765368873,0.1355329640056007,1
fee_rate,1.0,37,6,Static,0.98,480.0,128,4,3,6.337326798766346,2.4517601279424213,1
fee_rate,1.0,37,24,Static,0.98,480.0,128,4,2,20.74739010718718,78.77396304505949,1
fee_rate,1.0,38,1,Static,0.98,82.5,128,0,1,0.2822163883741563,0.05000622908739846,1
fee_rate,1.0,38,6,Static,0.98,82.5,128,0,1,2.645016537898375,0.13921386603205685,1
fee_rate,1.0,38,24,Static,0.98,82.5,128,0,1,2.849147195322529,0.15251333451179472,1
fee_rate,1.0,39,1,Static,0.98,492.25,128,2,1,0.27137982793673765,0.8741564324100057,1
fee_rate,1.0,39,6,Static,0.98,492.25,128,2,1,168.7423064062457,88.83601933625253,1
fee_rate,1.0,39,24,Static,0.98,492.25,128,0,1,254.64268119221478,66.2598929723335,1
fee_rate,1.0,40,1,Static,0.98,56.75,128,0,1,0.00855294361187689,0.0028865059785964826,1
fee_rate,1.0,40,6,Static,0.98,56.75,128,4,3,0.0041520233778912785,0.013818986124381816,1
fee_rate,1.0,40,24,Static,0.98,56.75,128,4,3,0.0041520233778912785,0.013818986124381816,1
fee_rate,1.0,41,1,Static,0.98,29.5,128,4,3,0.1731335961028371,0.21476785356485192,1
fee_rate,1.0,41,6,Static,0.98,29.5,128,4,3,1.6730806583602968,0.3117165213780955,1
fee_rate,1.0,41,24,Static,0.98,29.5,128,4,3,1.6730806583602968,0.3117165213780955,1
fee_rate,1.0,42,1,Static,0.98,82.5,128,2,1,21.33920595771155,21.599026943146757,1
fee_rate,1.0,42,6,Static,0.98,82.5,128,2,1,74.73099767829589,38.04513769300057,1
fee_rate,1.0,42,24,Static,0.98,82.5,128,2,1,74.73099767829589,38.04513769300057,1
fee_rate,1.0,43,1,Static,0.98,29.5,128,4,3,0.23801954354794194,0.2148255563676767,1
fee_rate,1.0,43,6,Static,0.98,29.5,128,4,3,0.23801954354794194,0.2148255563676767,1
fee_rate,1.0,43,24,Static,0.98,29.5,128,4,3,0.23801954354794194,0.2148255563676767,1
fee_rate,1.0,44,1,Static,0.98,143.25,128,4,3,40.596791856098626,29.668211385686977,1
fee_rate,1.0,44,6,Static,0.98,143.25,128,0,1,293.16069161802955,15.795276390849473,1
fee_rate,1.0,44,24,Static,0.98,143.25,128,0,1,293.16069161802955,15.795276390849473,1
fee_rate,1.0,45,1,Static,0.98,451.5,128,0,1,3.7191962236198153,0.6877573220220038,1
fee_rate,1.0,45,6,Static,0.98,451.5,128,0,1,113.7623240723014,13.229592455704656,1
fee_rate,1.0,45,24,Static,0.98,451.5,128,0,1,154.64099411694446,12.379368678390057,1
fee_rate,1.0,46,1,Static,0.98,76.5,128,2,1,0.016054381253451044,0.0009093021709493862,1
fee_rate,1.0,46,6,Static,0.98,76.5,128,2,1,0.03686787069598285,0.0028014530540949804,1
fee_rate,1.0,46,24,Static,0.98,76.5,128,2,1,0.03686787069598285,0.0028014530540949804,1
fee_rate,1.0,47,1,Static,0.98,180.5,128,1,2,0.9806906628918286,0.6871302725642487,1
fee_rate,1.0,47,6,Static,0.98,180.5,128,1,2,7.80672907299741,23.48320181376715,1
fee_rate,1.0,47,24,Static,0.98,180.5,128,0,1,68.75521325699887,35.296593582736804,1
fee_rate,1.0,48,1,Static,0.98,143.25,128,3,2,0.0010383173764981768,0.015392868710851907,1
fee_rate,1.0,48,6,Static,0.98,143.25,128,4,3,38.85479380559114,16.465197604963397,1
fee_rate,1.0,48,24,Static,0.98,143.25,128,4,3,35.14111224444917,16.59630784084507,1
fee_rate,1.0,49,1,Static,0.98,76.5,128,4,3,2.154899640686969,0.39558764127009144,1
fee_rate,1.0,49,6,Static,0.98,76.5,128,4,3,61.01982043446006,28.072684476147035,1
fee_rate,1.0,49,24,Static,0.98,76.5,128,2,3,30.78625334868584,19.894529621276526,1
fee_rate,1.0,50,1,Static,0.98,451.5,128,2,1,233.54786302476222,101.70222699980002,1
fee_rate,1.0,50,6,Static,0.98,451.5,128,0,1,18.301797864722886,12.577248855675963,1
fee_rate,1.0,50,24,Static,0.98,451.5,128,0,1,18.301797864722886,12.577248855675963,1
fee_rate,1.0,51,1,Static,0.98,76.5,128,4,3,12.4848826240721,7.838328515862799,1
fee_rate,1.0,51,6,Static,0.98,76.5,128,4,3,58.920362318144115,13.58697869888641,1
fee_rate,1.0,51,24,Static,0.98,76.5,128,4,3,60.95058462096276,15.691489461938522,1
fee_rate,1.0,52,1,Static,0.98,143.25,128,2,3,0.02561821114245824,0.0012859116960016734,1
fee_rate,1.0,52,6,Static,0.98,143.25,128,3,4,0.0,0.0,2
fee_rate,1.0,52,24,Static,0.98,143.25,128,3,4,0.0,0.0,2
fee_rate,1.0,53,1,Static,0.98,56.75,128,3,4,0.0,0.0,2
fee_rate,1.0,53,6,Static,0.98,56.75,128,3,4,0.0,0.0,2
fee_rate,1.0,53,24,Static,0.98,56.75,128,3,4,0.0,0.0,2
fee_rate,1.0,54,1,Static,0.98,29.5,128,2,3,1.3493959627894165,0.01773859396688245,1
fee_rate,1.0,54,6,Static,0.98,29.5,128,2,3,0.6570050460678751,0.08478769316933064,1
fee_rate,1.0,54,24,Static,0.98,29.5,128,2,3,0.6570050460678751,0.08478769316933064,1
fee_rate,1.0,55,1,Static,0.98,180.5,128,1,0,0.12429922688011619,0.4565338680600873,1
fee_rate,1.0,55,6,Static,0.98,180.5,128,0,1,0.08292079475553216,23.18541558933376,1
fee_rate,1.0,55,24,Static,0.98,180.5,128,1,0,4.586563560199496,21.313067345944958,1
fee_rate,1.0,56,1,Static,0.98,492.25,128,4,0,4.201936128298367,7.909331853343117,1
fee_rate,1.0,56,6,Static,0.98,492.25,128,4,2,33.0410660640045,46.57317935047466,1
fee_rate,1.0,56,24,Static,0.98,492.25,128,0,1,195.55613915259926,44.927621319704095,1
fee_rate,1.0,57,1,Static,0.98,480.0,128,1,4,132.74874129557278,62.82231109404096,1
fee_rate,1.0,57,6,Static,0.98,480.0,128,0,1,77.92116301942326,20.504973861755452,1
fee_rate,1.0,57,24,Static,0.98,480.0,128,0,1,77.92116301942326,20.504973861755452,1
fee_rate,1.0,58,1,Static,0.98,143.25,128,0,1,5.774307366938379,32.21134627752257,1
fee_rate,1.0,58,6,Static,0.98,143.25,128,0,1,351.52221285159504,36.97863528385527,1
fee_rate,1.0,58,24,Static,0.98,143.25,128,0,1,429.4088464458012,31.445310533424685,1
fee_rate,1.0,59,1,Static,0.98,480.0,128,0,1,1.8780309537135664,0.37808423192816154,1
fee_rate,1.0,59,6,Static,0.98,480.0,128,0,1,265.3300501290943,24.887197058083736,1
fee_rate,1.0,59,24,Static,0.98,480.0,128,0,1,445.8778776652493,23.55093432432776,1
fee_rate,1.0,60,1,Static,0.98,451.5,128,1,2,0.5715013394747324,21.911424150906953,1
fee_rate,1.0,60,6,Static,0.98,451.5,128,1,0,31.129962339890717,51.33522777509322,1
fee_rate,1.0,60,24,Static,0.98,451.5,128,0,1,248.86903407685116,42.882339376644616,1
fee_rate,1.0,61,1,Static,0.98,82.5,128,2,1,35.23956095695214,39.59585723463882,1
fee_rate,1.0,61,6,Static,0.98,82.5,128,0,2,111.61435915159468,114.36579043018018,1
fee_rate,1.0,61,24,Static,0.98,82.5,128,0,2,111.61435915159468,114.36579043018018,1
fee_rate,1.0,62,1,Static,0.98,56.75,128,4,0,0.05809537524002617,0.19266614007620825,1
fee_rate,1.0,62,6,Static,0.98,56.75,128,4,3,3.969360301408085,1.9183967512443767,1
fee_rate,1.0,62,24,Static,0.98,56.75,128,4,3,14.732763343315117,10.264366868711866,1
fee_rate,1.0,63,1,Static,0.98,451.5,128,4,3,19.694875334208973,11.05180825985631,1
fee_rate,1.0,63,6,Static,0.98,451.5,128,0,1,13.813611492772193,4.786016469429991,1
fee_rate,1.0,63,24,Static,0.98,451.5,128,0,1,13.813611492772194,4.786016469429991,1
fee_rate,1.0,64,1,Static,0.98,180.5,128,2,0,26.30274802865268,19.729174367680848,1
fee_rate,1.0,64,6,Static,0.98,180.5,128,2,1,19.64030010977674,20.071468849217727,1
fee_rate,1.0,64,24,Static,0.98,180.5,128,1,0,22.642127863897,39.30845524780132,1
fee_rate,1.0,65,1,Static,0.98,480.0,128,4,3,0.031232395052007172,0.001343286474886317,1
fee_rate,1.0,65,6,Static,0.98,480.0,128,4,3,38.881714557017176,17.60423626882726,1
fee_rate,1.0,65,24,Static,0.98,480.0,128,4,3,63.07520761606768,32.59631864122685,1
fee_rate,1.0,66,1,Static,0.98,492.25,128,0,1,0.39076965947607656,0.07207298294710536,1
fee_rate,1.0,66,6,Static,0.98,492.25,128,2,1,68.03392076268558,42.62338290685335,1
fee_rate,1.0,66,24,Static,0.98,492.25,128,0,1,26.810285595622442,31.311044026064543,1
fee_rate,1.0,67,1,Static,0.98,180.5,128,0,1,0.013507908796533366,0.0007533853495144535,1
fee_rate,1.0,67,6,Static,0.98,180.5,128,3,4,0.2013731099664208,0.040116540672789275,1
fee_rate,1.0,67,24,Static,0.98,180.5,128,3,4,0.22726564793308185,0.051820490446552854,1
fee_rate,1.0,68,1,Static,0.98,29.5,128,2,3,0.45903515976293086,0.06350394250357153,1
fee_rate,1.0,68,6,Static,0.98,29.5,128,2,4,0.7962898464930116,2.9379669928942196,1
fee_rate,1.0,68,24,Static,0.98,29.5,128,2,4,0.6189539055180834,3.0601740448330896,1
fee_rate,1.0,69,1,Static,0.98,56.75,128,4,3,0.04618568735520573,0.0010487306579157149,1
fee_rate,1.0,69,6,Static,0.98,56.75,128,4,3,0.16433875777102896,0.0047028601307689145,1
fee_rate,1.0,69,24,Static,0.98,56.75,128,4,3,0.16433875777102896,0.0047028601307689145,1
fee_rate,1.0,70,1,Static,0.98,492.25,128,4,0,8.141364464931605,8.942261941331461,1
fee_rate,1.0,70,6,Static,0.98,492.25,128,3,2,3.3905433477635114,8.709803446758238,1
fee_rate,1.0,70,24,Static,0.98,492.25,128,1,0,5.275488744186225,10.25378230592627,1
fee_rate,1.0,71,1,Static,0.98,76.5,128,2,3,1.9592969956640398,0.21917407588238835,1
fee_rate,1.0,71,6,Static,0.98,76.5,128,2,3,13.126411045190569,0.7322800241126756,1
fee_rate,1.0,71,24,Static,0.98,76.5,128,2,3,18.352152118991256,0.9194310573124085,1
fee_rate,1.25,0,1,Static,0.98,279.5,128,2,1,0.12575474934160286,0.004502712206822135,1
fee_rate,1.25,0,6,Static,0.98,279.5,128,2,1,1.3900847609916394,0.10167243802918198,1
fee_rate,1.25,0,24,Static,0.98,279.5,128,2,1,1.3900847609916394,0.10167243802918198,1
fee_rate,1.25,1,1,Static,0.98,253.25,128,4,3,0.5077734425530851,0.0004113197693243306,1
fee_rate,1.25,1,6,Static,0.98,253.25,128,4,3,2.7663088005081433,0.47587651968458883,1
fee_rate,1.25,1,24,Static,0.98,253.25,128,4,3,4.281413040752791,0.5448934379695234,1
fee_rate,1.25,2,1,Static,0.98,519.0,128,0,2,0.34818514901809094,0.46005677425913033,1
fee_rate,1.25,2,6,Static,0.98,519.0,128,3,4,0.0,0.0,2
fee_rate,1.25,2,24,Static,0.98,519.0,128,3,4,0.0,0.0,2
fee_rate,1.25,3,1,Static,0.98,327.5,128,0,4,2.199343171361699,0.6130863091249599,1
fee_rate,1.25,3,6,Static,0.98,327.5,128,0,1,207.69317559864243,45.73079340259823,1
fee_rate,1.25,3,24,Static,0.98,327.5,128,0,1,525.9861842479869,58.27222823476903,1
fee_rate,1.25,4,1,Static,0.98,363.5,128,0,1,0.6370549608471934,0.8743212650917198,1
fee_rate,1.25,4,6,Static,0.98,363.5,128,2,1,73.9948121932046,50.50794449070542,1
fee_rate,1.25,4,24,Static,0.98,363.5,128,0,1,148.54709986002416,84.70011978981067,1
fee_rate,1.25,5,1,Static,0.98,253.25,128,4,3,0.8261931980993636,0.15312490551471744,1
fee_rate,1.25,5,6,Static,0.98,253.25,128,4,3,15.221926700964508,1.8651621570037706,1
fee_rate,1.25,5,24,Static,0.98,253.25,128,4,3,4.413764041741894,1.9785427360015553,1
fee_rate,1.25,6,1,Static,0.98,514.5,128,0,3,35.93296814253337,24.53575189052925,1
fee_rate,1.25,6,6,Static,0.98,514.5,128,0,1,273.52109295279627,18.951064875889266,1
fee_rate,1.25,6,24,Static,0.98,514.5,128,0,1,279.11858157597976,18.49377084880591,1
fee_rate,1.25,7,1,Static,0.98,519.0,128,4,3,0.20266236733714388,0.003451360895303767,1
fee_rate,1.25,7,6,Static,0.98,519.0,128,4,2,4.838024272075087,7.481540884409689,1
fee_rate,1.25,7,24,Static,0.98,519.0,128,4,3,22.082716638902532,12.494646901072796,1
fee_rate,1.25,8,1,Static,0.98,183.75,128,2,3,0.17246724107428538,0.21481552480310523,1
fee_rate,1.25,8,6,Static,0.98,183.75,128,4,3,1.2449156740529548,1.0157748311235053,1
fee_rate,1.25,8,24,Static,0.98,183.75,128,4,3,1.2449156740529548,1.0157748311235053,1
fee_rate,1.25,9,1,Static,0.98,253.25,128,4,3,22.265237584670153,13.611554471764391,1
fee_rate,1.25,9,6,Static,0.98,253.25,128,4,3,132.78453772074533,24.410103934561125,1
fee_rate,1.25,9,24,Static,0.98,253.25,128,4,3,95.08498257111884,21.848233294169496,1
fee_rate,1.25,10,1,Static,0.98,238.5,128,4,3,0.0419763059124985,0.0007916517645382655,1
fee_rate,1.25,10,6,Static,0.98,238.5,128,4,3,1.1484264106480588,0.32132726618547813,1
fee_rate,1.25,10,24,Static,0.98,238.5,128,4,3,1.2617967553083378,0.31191646451151894,1
fee_rate,1.25,11,1,Static,0.98,238.5,128,3,4,0.012527734724703476,0.02972392996864977,1
fee_rate,1.25,11,6,Static,0.98,238.5,128,3,4,3.3145596260807437,37.339766894901985,1
fee_rate,1.25,11,24,Static,0.98,238.5,128,3,4,3.3145596260807437,37.339766894901985,1
fee_rate,1.25,12,1,Static,0.98,519.0,128,0,1,38.01010731558191,39.93134368739897,1
fee_rate,1.25,12,6,Static,0.98,519.0,128,0,1,592.3529182642058,50.63879905444697,1
fee_rate,1.25,12,24,Static,0.98,519.0,128,0,1,1142.4893112958798,112.15294531411625,1
fee_rate,1.25,13,1,Static,0.98,327.5,128,4,3,0.10048092725136282,0.0018326408162900856,1
fee_rate,1.25,13,6,Static,0.98,327.5,128,4,3,1.5287268691282256,0.23463470284252747,1
fee_rate,1.25,13,24,Static,0.98,327.5,128,4,3,5.712450305953508,3.6818119737079966,1
fee_rate,1.25,14,1,Static,0.98,492.0,128,4,3,0.3991878376760376,0.03569678008088433,1
fee_rate,1.25,14,6,Static,0.98,492.0,128,4,3,1.0749662194433123,0.5887304234894886,1
fee_rate,1.25,14,24,Static,0.98,492.0,128,4,3,12.985794972093789,14.551014569064264,1
fee_rate,1.25,15,1,Static,0.98,514.5,128,1,3,0.06388000880911615,0.33948492996114255,1
fee_rate,1.25,15,6,Static,0.98,514.5,128,4,3,23.84460769352565,2.056983703580222,1
fee_rate,1.25,15,24,Static,0.98,514.5,128,4,3,184.781574931198,63.48417993037459,1
fee_rate,1.25,16,1,Static,0.98,253.25,128,0,1,0.9427946226883345,0.5646231604334723,1
fee_rate,1.25,16,6,Static,0.98,253.25,128,4,3,0.3941892731043859,1.0594375339245823,1
fee_rate,1.25,16,24,Static,0.98,253.25,128,3,2,1.7281411767773276,1.3104229355157473,1
fee_rate,1.25,17,1,Static,0.98,183.75,128,4,3,0.16287507078530997,0.21481870067788397,1
fee_rate,1.25,17,6,Static,0.98,183.75,128,4,3,1.2486567453597714,0.5437462104821523,1
fee_rate,1.25,17,24,Static,0.98,183.75,128,4,3,1.2486567453597714,0.5437462104821523,1
fee_rate,1.25,18,1,Static,0.98,327.5,128,4,3,0.05415026834940995,0.04155135678824267,1
fee_rate,1.25,18,6,Static,0.98,327.5,128,4,3,5.290423060754238,0.7448029445868666,1
fee_rate,1.25,18,24,Static,0.98,327.5,128,4,3,37.773010840138106,19.170860520500707,1
fee_rate,1.25,19,1,Static,0.98,363.5,128,0,1,0.041772506808619034,0.002060374512561366,1
fee_rate,1.25,19,6,Static,0.98,363.5,128,0,1,2.6992050528459224,0.13975244337215342,1
fee_rate,1.25,19,24,Static,0.98,363.5,128,2,1,1.2497936799598652,0.47740678333298625,1
fee_rate,1.25,20,1,Static,0.98,363.5,128,2,1,0.04153051666029073,0.029688458912265406,1
fee_rate,1.25,20,6,Static,0.98,363.5,128,0,1,0.564425926446803,0.06791272538277814,1
fee_rate,1.25,20,24,Static,0.98,363.5,128,1,0,0.12200344576824163,0.8402248720290594,1
fee_rate,1.25,21,1,Static,0.98,492.0,128,0,1,30.396285745694442,4.4539238279771185,1
fee_rate,1.25,21,6,Static,0.98,492.0,128,0,1,209.58932987916802,22.494603996930515,1
fee_rate,1.25,21,24,Static,0.98,492.0,128,0,1,355.2447116580387,31.114392782890285,1
fee_rate,1.25,22,1,Static,0.98,279.5,128,0,1,0.12552285033799385,0.17948868442137503,1
fee_rate,1.25,22,6,Static,0.98,279.5,128,2,1,36.03472693978935,21.01011918512732,1
fee_rate,1.25,22,24,Static,0.98,279.5,128,1,2,20.791010133760025,62.99966427772199,1
fee_rate,1.25,23,1,Static,0.98,279.5,128,0,1,0.12350413404418226,1.0699341571033119,1
fee_rate,1.25,23,6,Static,0.98,279.5,128,2,1,3.969190735952314,1.353139267550334,1
fee_rate,1.25,23,24,Static,0.98,279.5,128,2,1,3.969190735952314,1.353139267550334,1
fee_rate,1.25,24,1,Static,0.98,183.75,128,4,3,0.14948912254190025,0.21486213661446127,1
fee_rate,1.25,24,6,Static,0.98,183.75,128,2,3,4.312843358192245,2.9185033918811882,1
fee_rate,1.25,24,24,Static,0.98,183.75,128,2,3,7.535662947427978,2.8000493499045565,1
fee_rate,1.25,25,1,Static,0.98,514.5,128,1,2,0.006480903880521027,0.017812358307343776,1
fee_rate,1.25,25,6,Static,0.98,514.5,128,4,3,47.337516725939096,25.216494955700927,1
fee_rate,1.25,25,24,Static,0.98,514.5,128,4,3,125.63611575732747,40.363030150799915,1
fee_rate,1.25,26,1,Static,0.98,327.5,128,4,3,0.10343744773868782,0.03288354686024565,1
fee_rate,1.25,26,6,Static,0.98,327.5,128,4,3,22.721719206446323,9.346682710101586,1
fee_rate,1.25,26,24,Static,0.98,327.5,128,4,3,53.77218956410052,20.55123867822546,1
fee_rate,1.25,27,1,Static,0.98,363.5,128,2,1,0.06437187380458552,0.001483719976069452,1
fee_rate,1.25,27,6,Static,0.98,363.5,128,0,1,0.7831458972853871,0.070166250209475,1
fee_rate,1.25,27,24,Static,0.98,363.5,128,1,0,0.3973930468028638,0.24959148626842,1
fee_rate,1.25,28,1,Static,0.98,492.0,128,0,1,1.7494435372467851,0.42276739296587695,1
fee_rate,1.25,28,6,Static,0.98,492.0,128,4,0,12.257730863221298,77.37015252833842,1
fee_rate,1.25,28,24,Static,0.98,492.0,128,0,1,531.6554159490609,52.01558282656238,1
fee_rate,1.25,29,1,Static,0.98,492.0,128,0,1,0.6471164939827525,0.07381359706077262,1
fee_rate,1.25,29,6,Static,0.98,492.0,128,4,3,8.083312381935402,3.4298553889673737,1
fee_rate,1.25,29,24,Static,0.98,492.0,128,0,1,257.15080012074094,28.83960560375707,1
fee_rate,1.25,30,1,Static,0.98,183.75,128,4,3,0.07264700954472296,0.01146141359537977,1
fee_rate,1.25,30,6,Static,0.98,183.75,128,4,3,1.5838071522480597,0.3116190683672228,1
fee_rate,1.25,30,24,Static,0.98,183.75,128,4,3,1.9665524903724583,0.32198063952355566,1
fee_rate,1.25,31,1,Static,0.98,238.5,128,4,3,0.045790364395407734,0.0010111855632618553,1
fee_rate,1.25,31,6,Static,0.98,238.5,128,4,3,0.18902526835370453,0.020020639571184287,1
fee_rate,1.25,31,24,Static,0.98,238.5,128,4,3,0.18902526835370453,0.020020639571184287,1
fee_rate,1.25,32,1,Static,0.98,519.0,128,2,4,0.817650010238876,0.9458586635469316,1
fee_rate,1.25,32,6,Static,0.98,519.0,128,4,3,37.78299147082251,35.055557138181726,1
fee_rate,1.25,32,24,Static,0.98,519.0,128,0,1,265.6296436785516,81.86553192538662,1
fee_rate,1.25,33,1,Static,0.98,279.5,128,1,2,0.1704552343291979,0.01048121351051442,1
fee_rate,1.25,33,6,Static,0.98,279.5,128,1,2,0.24832313866797762,0.08664974776116603,1
fee_rate,1.25,33,24,Static,0.98,279.5,128,1,2,0.24832313866797762,0.08664974776116603,1
fee_rate,1.25,34,1,Static,0.98,238.5,128,4,3,0.016265353047391046,0.0009033883640289309,1
fee_rate,1.25,34,6,Static,0.98,238.5,128,4,3,1.145751717241192,0.08288525960828927,1
fee_rate,1.25,34,24,Static,0.98,238.5,128,4,3,1.145751717241192,0.08288525960828927,1
fee_rate,1.25,35,1,Static,0.98,514.5,128,0,1,0.017643999000321875,0.13070953369856708,1
fee_rate,1.25,35,6,Static,0.98,514.5,128,4,3,2.988199987044072,0.12998907587965466,1
fee_rate,1.25,35,24,Static,0.98,514.5,128,4,3,8.235864046196587,2.4917432899989165,1
fee_rate,1.25,36,1,Static,0.98,82.5,128,2,1,55.2037282201116,43.57772901889747,1
fee_rate,1.25,36,6,Static,0.98,82.5,128,0,1,52.30029025292336,19.103908373243318,1
fee_rate,1.25,36,24,Static,0.98,82.5,128,0,1,52.30029025292336,19.103908373243318,1
fee_rate,1.25,37,1,Static,0.98,480.0,128,0,1,0.5562479077547458,0.13531815439609782,1
fee_rate,1.25,37,6,Static,0.98,480.0,128,4,3,6.408069112115355,2.4514502811455547,1
fee_rate,1.25,37,24,Static,0.98,480.0,128,4,2,22.0196577882918,78.62010241990788,1
fee_rate,1.25,38,1,Static,0.98,82.5,128,0,1,0.2604847068468919,0.049790005301450495,1
fee_rate,1.25,38,6,Static,0.98,82.5,128,0,1,2.614920389003025,0.13896632535124845,1
fee_rate,1.25,38,24,Static,0.98,82.5,128,0,1,2.8190255260388977,0.15228172683517702,1
fee_rate,1.25,39,1,Static,0.98,492.25,128,2,1,0.33995791183531665,0.8741603200785073,1
fee_rate,1.25,39,6,Static,0.98,492.25,128,2,1,169.10269045149985,88.85397024281734,1
fee_rate,1.25,39,24,Static,0.98,492.25,128,0,1,253.29739330782851,66.03477427808234,1
fee_rate,1.25,40,1,Static,0.98,56.75,128,2,1,0.0031846179423905795,0.0021099357831932406,1
fee_rate,1.25,40,6,Static,0.98,56.75,128,4,3,0.029934627544635856,0.01396510774836423,1
fee_rate,1.25,40,24,Static,0.98,56.75,128,4,3,0.029934627544635856,0.01396510774836423,1
fee_rate,1.25,41,1,Static,0.98,29.5,128,4,3,0.32281277886852927,0.2148113276662577,1
fee_rate,1.25,41,6,Static,0.98,29.5,128,4,3,1.9918264015747598,0.31298529978975514,1
fee_rate,1.25,41,24,Static,0.98,29.5,128,4,3,1.9918264015747598,0.31298529978975514,1
fee_rate,1.25,42,1,Static,0.98,82.5,128,2,1,21.35735169618874,21.59902091580585,1
fee_rate,1.25,42,6,Static,0.98,82.5,128,2,1,74.84266767773227,38.07489763660379,1
fee_rate,1.25,42,24,Static,0.98,82.5,128,2,1,74.84266767773227,38.07489763660379,1
fee_rate,1.25,43,1,Static,0.98,29.5,128,4,3,0.39524274358822176,0.21483234225705233,1
fee_rate,1.25,43,6,Static,0.98,29.5,128,4,3,0.39524274358822176,0.21483234225705233,1
fee_rate,1.25,43,24,Static,0.98,29.5,128,4,3,0.39524274358822176,0.21483234225705233,1
fee_rate,1.25,44,1,Static,0.98,143.25,128,4,3,40.614453830495194,29.6682774755465,1
fee_rate,1.25,44,6,Static,0.98,143.25,128,0,1,291.8246014239172,15.776505215084436,1
fee_rate,1.25,44,24,Static,0.98,143.25,128,0,1,291.8246014239172,15.776505215084438,1
fee_rate,1.25,45,1,Static,0.98,451.5,128,0,1,3.610386286951164,0.6828186459401111,1
fee_rate,1.25,45,6,Static,0.98,451.5,128,0,1,113.19441655188709,13.224995429761295,1
fee_rate,1.25,45,24,Static,0.98,451.5,128,0,1,154.08704583223678,12.349686469973374,1
fee_rate,1.25,46,1,Static,0.98,76.5,128,2,1,0.016054381253451044,0.0009093021709493862,1
fee_rate,1.25,46,6,Static,0.98,76.5,128,2,1,0.03686787069598285,0.0028014530540949804,1
fee_rate,1.25,46,24,Static,0.98,76.5,128,2,1,0.03686787069598285,0.0028014530540949804,1
fee_rate,1.25,47,1,Static,0.98,180.5,128,1,2,0.948994032060825,0.6870192672059449,1
fee_rate,1.25,47,6,Static,0.98,180.5,128,1,2,7.597918425549109,23.483564822081583,1
fee_rate,1.25,47,24,Static,0.98,180.5,128,0,1,68.33058173928113,35.11140327544667,1
fee_rate,1.25,48,1,Static,0.98,143.25,128,3,4,0.01635257710058524,0.013194328161746528,1
fee_rate,1.25,48,6,Static,0.98,143.25,128,4,3,38.95266307887921,16.50347796299731,1
fee_rate,1.25,48,24,Static,0.98,143.25,128,4,3,35.39102484720641,16.637334516523033,1
fee_rate,1.25,49,1,Static,0.98,76.5,128,4,3,2.154899640686969,0.39558764127009144,1
fee_rate,1.25,49,6,Static,0.98,76.5,128,4,3,61.983246395361114,28.10179773436017,1
fee_rate,1.25,49,24,Static,0.98,76.5,128,2,3,29.074357649020744,20.06727123231631,1
fee_rate,1.25,50,1,Static,0.98,451.5,128,2,1,233.54786302476222,101.70222699980002,1
fee_rate,1.25,50,6,Static,0.98,451.5,128,0,1,18.301797864722886,12.577248855675963,1
fee_rate,1.25,50,24,Static,0.98,451.5,128,0,1,18.301797864722886,12.577248855675963,1
fee_rate,1.25,51,1,Static,0.98,76.5,128,4,3,12.4848826240721,7.838328515862799,1
fee_rate,1.25,51,6,Static,0.98,76.5,128,4,3,59.29166813054515,13.606448448154945,1
fee_rate,1.25,51,24,Static,0.98,76.5,128,4,3,61.7469989558645,15.772142872938042,1
fee_rate,1.25,52,1,Static,0.98,143.25,128,2,3,0.008749838126547616,0.000934476989484671,1
fee_rate,1.25,52,6,Static,0.98,143.25,128,3,4,0.0,0.0,2
fee_rate,1.25,52,24,Static,0.98,143.25,128,3,4,0.0,0.0,2
fee_rate,1.25,53,1,Static,0.98,56.75,128,3,4,0.0,0.0,2
fee_rate,1.25,53,6,Static,0.98,56.75,128,3,4,0.0,0.0,2
fee_rate,1.25,53,24,Static,0.98,56.75,128,3,4,0.0,0.0,2
fee_rate,1.25,54,1,Static,0.98,29.5,128,2,3,1.1920973073251504,0.015559583369245225,1
fee_rate,1.25,54,6,Static,0.98,29.5,128,2,3,0.31919944039290526,0.08800452156331387,1
fee_rate,1.25,54,24,Static,0.98,29.5,128,2,3,0.31919944039290526,0.08800452156331387,1
fee_rate,1.25,55,1,Static,0.98,180.5,128,1,0,0.14908986712809114,0.4564660869242444,1
fee_rate,1.25,55,6,Static,0.98,180.5,128,1,0,0.019040342685684664,23.171589759292587,1
fee_rate,1.25,55,24,Static,0.98,180.5,128,1,0,4.721371556718779,21.292810810210014,1
fee_rate,1.25,56,1,Static,0.98,492.25,128,4,0,4.454148361704336,7.90906238396638,1
fee_rate,1.25,56,6,Static,0.98,492.25,128,4,2,33.48459522670612,46.610688024807054,1
fee_rate,1.25,56,24,Static,0.98,492.25,128,0,1,194.02870682350851,44.67029124146421,1
fee_rate,1.25,57,1,Static,0.98,480.0,128,1,4,130.41925439598302,62.812622402500416,1
fee_rate,1.25,57,6,Static,0.98,480.0,128,0,1,77.7497444627606,20.498545953493796,1
fee_rate,1.25,57,24,Static,0.98,480.0,128,0,1,77.74974446276062,20.4985459534938,1
fee_rate,1.25,58,1,Static,0.98,143.25,128,0,1,4.6613315103298305,32.20357464587501,1
fee_rate,1.25,58,6,Static,0.98,143.25,128,0,1,349.89503128672413,37.002793814642025,1
fee_rate,1.25,58,24,Static,0.98,143.25,128,0,1,427.84962744891664,31.336891489928973,1
fee_rate,1.25,59,1,Static,0.98,480.0,128,0,1,1.7341837606502444,0.366075010047292,1
fee_rate,1.25,59,6,Static,0.98,480.0,128,0,1,263.2385038744213,24.883248388767946,1
fee_rate,1.25,59,24,Static,0.98,480.0,128,0,1,443.723156993309,23.493227730897853,1
fee_rate,1.25,60,1,Static,0.98,451.5,128,2,1,0.08535129469981939,21.90799645222111,1
fee_rate,1.25,60,6,Static,0.98,451.5,128,1,0,32.06865016019338,51.35808703010102,1
fee_rate,1.25,60,24,Static,0.98,451.5,128,0,1,247.87825153566595,42.79286604185788,1
fee_rate,1.25,61,1,Static,0.98,82.5,128,2,1,35.30105766962012,39.595934979070485,1
fee_rate,1.25,61,6,Static,0.98,82.5,128,0,2,109.59096454289781,114.48232791933026,1
fee_rate,1.25,61,24,Static,0.98,82.5,128,0,2,109.59096454289781,114.48232791933026,1
fee_rate,1.25,62,1,Static,0.98,56.75,128,4,0,0.0790326089331358,0.19265035390090895,1
fee_rate,1.25,62,6,Static,0.98,56.75,128,4,3,3.9756254435559057,1.918406808705382,1
fee_rate,1.25,62,24,Static,0.98,56.75,128,4,3,14.739033253310756,10.264360265012105,1
fee_rate,1.25,63,1,Static,0.98,451.5,128,4,3,19.694875334208973,11.05180825985631,1
fee_rate,1.25,63,6,Static,0.98,451.5,128,0,1,13.813611492772193,4.786016469429991,1
fee_rate,1.25,63,24,Static,0.98,451.5,128,0,1,13.813611492772194,4.786016469429991,1
fee_rate,1.25,64,1,Static,0.98,180.5,128,2,0,26.347729491590812,19.7293602400979,1
fee_rate,1.25,64,6,Static,0.98,180.5,128,2,1,19.794987589431255,20.062296927679377,1
fee_rate,1.25,64,24,Static,0.98,180.5,128,1,0,22.91199185208712,39.3306598292772,1
fee_rate,1.25,65,1,Static,0.98,480.0,128,4,3,0.0559552465791822,0.001185971295510071,1
fee_rate,1.25,65,6,Static,0.98,480.0,128,4,3,38.96558957692649,17.631204352736034,1
fee_rate,1.25,65,24,Static,0.98,480.0,128,4,3,63.544856698092964,32.52229698096956,1
fee_rate,1.25,66,1,Static,0.98,492.25,128,0,1,0.3705705963779504,0.07197171415940994,1
fee_rate,1.25,66,6,Static,0.98,492.25,128,2,1,68.07218394100636,42.63266460205452,1
fee_rate,1.25,66,24,Static,0.98,492.25,128,0,1,26.435346536086143,31.231751784478085,1
fee_rate,1.25,67,1,Static,0.98,180.5,128,0,1,0.006326648828436117,0.0006271701505460084,1
fee_rate,1.25,67,6,Static,0.98,180.5,128,3,4,0.19383819490605037,0.040062806496553874,1
fee_rate,1.25,67,24,Static,0.98,180.5,128,3,4,0.21972744332959016,0.0517619813337927,1
fee_rate,1.25,68,1,Static,0.98,29.5,128,2,3,0.4093372211831844,0.05832240422686213,1
fee_rate,1.25,68,6,Static,0.98,29.5,128,2,4,0.3079283236844166,2.9395443941965165,1
fee_rate,1.25,68,24,Static,0.98,29.5,128,4,2,0.00630380865638247,3.0728202800582394,1
fee_rate,1.25,69,1,Static,0.98,56.75,128,4,3,0.061182678543231894,0.0014006138420793502,1
fee_rate,1.25,69,6,Static,0.98,56.75,128,4,3,0.18640233149255203,0.005206586921784456,1
fee_rate,1.25,69,24,Static,0.98,56.75,128,4,3,0.18640233149255203,0.005206586921784456,1
fee_rate,1.25,70,1,Static,0.98,492.25,128,4,0,8.232276994447306,8.942304384859089,1
fee_rate,1.25,70,6,Static,0.98,492.25,128,3,2,3.45839616262882,8.711725651097609,1
fee_rate,1.25,70,24,Static,0.98,492.25,128,1,0,5.334908232448244,10.238532917297837,1
fee_rate,1.25,71,1,Static,0.98,76.5,128,2,3,1.8103535109075912,0.21859322374236068,1
fee_rate,1.25,71,6,Static,0.98,76.5,128,2,3,12.766332404456406,0.7357454229496864,1
fee_rate,1.25,71,24,Static,0.98,76.5,128,2,3,17.746247637501202,0.9343466036988141,1
fee_rate,1.5,0,1,Static,0.98,279.5,128,2,1,0.15710779601416452,0.00467098230844858,1
fee_rate,1.5,0,6,Static,0.98,279.5,128,2,1,1.4376368380388547,0.1016963525050924,1
fee_rate,1.5,0,24,Static,0.98,279.5,128,2,1,1.4376368380388547,0.1016963525050924,1
fee_rate,1.5,1,1,Static,0.98,253.25,128,4,3,0.6664293240629406,0.0004935837231892017,1
fee_rate,1.5,1,6,Static,0.98,253.25,128,4,3,3.2264611325959196,0.47802755479724024,1
fee_rate,1.5,1,24,Static,0.98,253.25,128,4,3,4.93661245951602,0.5507533495972649,1
fee_rate,1.5,2,1,Static,0.98,519.0,128,0,2,0.17632593432809252,0.4599857675138903,1
fee_rate,1.5,2,6,Static,0.98,519.0,128,3,4,0.0,0.0,2
fee_rate,1.5,2,24,Static,0.98,519.0,128,3,4,0.0,0.0,2
fee_rate,1.5,3,1,Static,0.98,327.5,128,0,4,1.4639024543036319,0.5506943167177233,1
fee_rate,1.5,3,6,Static,0.98,327.5,128,0,1,205.0147969296931,45.76059144441368,1
fee_rate,1.5,3,24,Static,0.98,327.5,128,0,1,522.1392068194956,58.5799017094536,1
fee_rate,1.5,4,1,Static,0.98,363.5,128,0,1,0.5096968272902651,0.8737308488232023,1
fee_rate,1.5,4,6,Static,0.98,363.5,128,2,1,74.71510869804517,50.633289557896774,1
fee_rate,1.5,4,24,Static,0.98,363.5,128,0,1,145.5372190305587,84.83739972976845,1
fee_rate,1.5,5,1,Static,0.98,253.25,128,4,3,0.8261931980993636,0.15312490551471744,1
fee_rate,1.5,5,6,Static,0.98,253.25,128,4,3,15.886805602764305,1.8809742978932447,1
fee_rate,1.5,5,24,Static,0.98,253.25,128,4,3,5.603756608991145,1.9979510098171358,1
fee_rate,1.5,6,1,Static,0.98,514.5,128,0,3,34.411015535019075,24.531401421617645,1
fee_rate,1.5,6,6,Static,0.98,514.5,128,0,1,272.35423179773545,18.958330649763447,1
fee_rate,1.5,6,24,Static,0.98,514.5,128,0,1,277.945537843578,18.474279283749485,1
fee_rate,1.5,7,1,Static,0.98,519.0,128,4,3,0.2726973596468166,0.004770759836034941,1
fee_rate,1.5,7,6,Static,0.98,519.0,128,4,2,5.078660213413764,7.501485205422541,1
fee_rate,1.5,7,24,Static,0.98,519.0,128,4,3,22.73288004824351,12.79233786400049,1
fee_rate,1.5,8,1,Static,0.98,183.75,128,2,4,0.004024769448454563,0.43088097373933865,1
fee_rate,1.5,8,6,Static,0.98,183.75,128,4,3,1.6820036585288098,1.0248322779716859,1
fee_rate,1.5,8,24,Static,0.98,183.75,128,4,3,1.6820036585288098,1.0248322779716859,1
fee_rate,1.5,9,1,Static,0.98,253.25,128,4,3,22.265237584670153,13.611554471764391,1
fee_rate,1.5,9,6,Static,0.98,253.25,128,4,3,133.25282964634246,24.414643253981012,1
fee_rate,1.5,9,24,Static,0.98,253.25,128,4,3,96.09625734723743,21.912079419278395,1
fee_rate,1.5,10,1,Static,0.98,238.5,128,4,3,0.053037128662006244,0.0010379070521340029,1
fee_rate,1.5,10,6,Static,0.98,238.5,128,4,3,1.1650646922171717,0.32129781366426896,1
fee_rate,1.5,10,24,Static,0.98,238.5,128,4,3,1.2784511554066489,0.3118818776381419,1
fee_rate,1.5,11,1,Static,0.98,238.5,128,4,3,0.013835418949409872,0.029528550823896427,1
fee_rate,1.5,11,6,Static,0.98,238.5,128,3,4,3.2588059814378045,37.323924033664944,1
fee_rate,1.5,11,24,Static,0.98,238.5,128,3,4,3.2588059814378045,37.323924033664944,1
fee_rate,1.5,12,1,Static,0.98,519.0,128,0,1,35.796872769084366,39.96483122342381,1
fee_rate,1.5,12,6,Static,0.98,519.0,128,0,1,588.3188582495949,50.73600230402822,1
fee_rate,1.5,12,24,Static,0.98,519.0,128,0,1,1137.812749455435,111.65544395459727,1
fee_rate,1.5,13,1,Static,0.98,327.5,128,4,3,0.12683234940290197,0.0023590429858513407,1
fee_rate,1.5,13,6,Static,0.98,327.5,128,4,3,1.568797682750156,0.23472907867503512,1
fee_rate,1.5,13,24,Static,0.98,327.5,128,4,3,5.752583383997001,3.6818829004148537,1
fee_rate,1.5,14,1,Static,0.98,492.0,128,4,3,0.48337618942675004,0.05373774126800414,1
fee_rate,1.5,14,6,Static,0.98,492.0,128,4,3,1.228781620984269,0.5735396777560131,1
fee_rate,1.5,14,24,Static,0.98,492.0,128,4,3,13.5195946897165,14.779378895139152,1
fee_rate,1.5,15,1,Static,0.98,514.5,128,3,1,0.00888403021050077,0.3393152120295176,1
fee_rate,1.5,15,6,Static,0.98,514.5,128,4,3,23.893060172738508,2.0570120336217608,1
fee_rate,1.5,15,24,Static,0.98,514.5,128,4,3,185.38218120538107,63.61498820911358,1
fee_rate,1.5,16,1,Static,0.98,253.25,128,0,1,0.7407494309545627,0.5643958899536788,1
fee_rate,1.5,16,6,Static,0.98,253.25,128,4,3,0.9468708996447485,1.0724289317487548,1
fee_rate,1.5,16,24,Static,0.98,253.25,128,3,4,1.9484439135443612,4.446528112734114,1
fee_rate,1.5,17,1,Static,0.98,183.75,128,4,3,0.3184439109913873,0.21482240386516238,1
fee_rate,1.5,17,6,Static,0.98,183.75,128,4,3,1.7113228719309568,0.5486279597243136,1
fee_rate,1.5,17,24,Static,0.98,183.75,128,4,3,1.7113228719309568,0.5486279597243136,1
fee_rate,1.5,18,1,Static,0.98,327.5,128,4,3,0.09445578056769757,0.041596622042563224,1
fee_rate,1.5,18,6,Static,0.98,327.5,128,4,3,5.351066575254754,0.7447777728566805,1
fee_rate,1.5,18,24,Static,0.98,327.5,128,4,3,37.85383334462137,19.16708224750642,1
fee_rate,1.5,19,1,Static,0.98,363.5,128,1,2,0.0008993634351501072,0.0010335240845983477,1
fee_rate,1.5,19,6,Static,0.98,363.5,128,0,1,2.6289982250325377,0.13933649043521068,1
fee_rate,1.5,19,24,Static,0.98,363.5,128,2,1,1.3137665380940136,0.47739494486516815,1
fee_rate,1.5,20,1,Static,0.98,363.5,128,2,1,0.0657983931696085,0.029715377213535444,1
fee_rate,1.5,20,6,Static,0.98,363.5,128,0,1,0.52372441978017,0.06791963532101125,1
fee_rate,1.5,20,24,Static,0.98,363.5,128,1,0,0.16276942397510552,0.840205384331855,1
fee_rate,1.5,21,1,Static,0.98,492.0,128,0,1,29.59375202669452,4.437162221244695,1
fee_rate,1.5,21,6,Static,0.98,492.0,128,0,1,208.13418241479246,22.509422259050574,1
fee_rate,1.5,21,24,Static,0.98,492.0,128,0,1,353.743459398519,30.98124048336062,1
fee_rate,1.5,22,1,Static,0.98,279.5,128,1,0,0.002370907199175154,0.1793962454889157,1
fee_rate,1.5,22,6,Static,0.98,279.5,128,2,1,36.506885522505556,21.244380108070327,1
fee_rate,1.5,22,24,Static,0.98,279.5,128,1,2,20.26889524580389,63.07448625901649,1
fee_rate,1.5,23,1,Static,0.98,279.5,128,0,1,0.03155859276069317,1.0695559042925786,1
fee_rate,1.5,23,6,Static,0.98,279.5,128,2,1,4.080468459464153,1.3530121211179806,1
fee_rate,1.5,23,24,Static,0.98,279.5,128,2,1,4.080468459464153,1.3530121211179806,1
fee_rate,1.5,24,1,Static,0.98,183.75,128,4,3,0.30656854521513965,0.2148664018741927,1
fee_rate,1.5,24,6,Static,0.98,183.75,128,2,3,3.9615489339959407,2.9420654867967264,1
fee_rate,1.5,24,24,Static,0.98,183.75,128,2,3,7.15700176040414,2.826986094319674,1
fee_rate,1.5,25,1,Static,0.98,514.5,128,2,3,0.004505147049418734,0.0145816861876256,1
fee_rate,1.5,25,6,Static,0.98,514.5,128,4,3,47.419571192126114,25.21680370322773,1
fee_rate,1.5,25,24,Static,0.98,514.5,128,4,3,126.5447558281627,40.79713830318577,1
fee_rate,1.5,26,1,Static,0.98,327.5,128,4,3,0.1433631349184574,0.03284950346063935,1
fee_rate,1.5,26,6,Static,0.98,327.5,128,4,3,22.781282073949228,9.346618822403716,1
fee_rate,1.5,26,24,Static,0.98,327.5,128,4,3,53.9626463487241,20.660214663984448,1
fee_rate,1.5,27,1,Static,0.98,363.5,128,2,1,0.08521781980447567,0.001979703307296157,1
fee_rate,1.5,27,6,Static,0.98,363.5,128,0,1,0.7482405005002418,0.06998626052232954,1
fee_rate,1.5,27,24,Static,0.98,363.5,128,1,2,0.42892165480963007,0.16550343835643255,1
fee_rate,1.5,28,1,Static,0.98,492.0,128,0,1,1.550513040780472,0.387646138737906,1
fee_rate,1.5,28,6,Static,0.98,492.0,128,4,0,15.075571267062017,77.29031689443649,1
fee_rate,1.5,28,24,Static,0.98,492.0,128,0,1,528.6768674863388,51.95755528094833,1
fee_rate,1.5,29,1,Static,0.98,492.0,128,0,1,0.6188145230030349,0.07360615960370677,1
fee_rate,1.5,29,6,Static,0.98,492.0,128,4,3,8.141850991336131,3.4251982839076094,1
fee_rate,1.5,29,24,Static,0.98,492.0,128,0,1,255.3040743335747,28.81037573584276,1
fee_rate,1.5,30,1,Static,0.98,183.75,128,4,3,0.09017080217720942,0.014512606941094228,1
fee_rate,1.5,30,6,Static,0.98,183.75,128,4,3,1.8314858096694318,0.31493892980794963,1
fee_rate,1.5,30,24,Static,0.98,183.75,128,4,3,2.25730004757896,0.32615795750380205,1
fee_rate,1.5,31,1,Static,0.98,238.5,128,4,3,0.05654362900498197,0.0012620786090726038,1
fee_rate,1.5,31,6,Static,0.98,238.5,128,4,3,0.20548264706386732,0.020240150320406314,1
fee_rate,1.5,31,24,Static,0.98,238.5,128,4,3,0.20548264706386732,0.020240150320406314,1
fee_rate,1.5,32,1,Static,0.98,519.0,128,2,4,0.7375692505703713,0.9456296497994949,1
fee_rate,1.5,32,6,Static,0.98,519.0,128,4,3,37.84307283323493,35.08430735406723,1
fee_rate,1.5,32,24,Static,0.98,519.0,128,0,1,264.4775161240285,81.67887000888007,1
fee_rate,1.5,33,1,Static,0.98,279.5,128,1,2,0.12219140112245458,0.009354520329665581,1
fee_rate,1.5,33,6,Static,0.98,279.5,128,1,2,0.18392076135465174,0.0866254840662724,1
fee_rate,1.5,33,24,Static,0.98,279.5,128,1,2,0.18392076135465174,0.0866254840662724,1
fee_rate,1.5,34,1,Static,0.98,238.5,128,4,3,0.02985268177927256,0.0007547793191255446,1
fee_rate,1.5,34,6,Static,0.98,238.5,128,4,3,1.1662049654952804,0.08304494510934436,1
fee_rate,1.5,34,24,Static,0.98,238.5,128,4,3,1.1662049654952804,0.08304494510934436,1
fee_rate,1.5,35,1,Static,0.98,514.5,128,1,0,0.0016382213623295505,0.13068706015828452,1
fee_rate,1.5,35,6,Static,0.98,514.5,128,4,3,3.01055273636083,0.130084722127891,1
fee_rate,1.5,35,24,Static,0.98,514.5,128,4,3,8.258254984448701,2.491709770098661,1
fee_rate,1.5,36,1,Static,0.98,82.5,128,2,1,55.24377591724567,43.577667882042974,1
fee_rate,1.5,36,6,Static,0.98,82.5,128,0,1,52.171674120630335,19.067106059224052,1
fee_rate,1.5,36,24,Static,0.98,82.5,128,0,1,52.171674120630335,19.067106059224052,1
fee_rate,1.5,37,1,Static,0.98,480.0,128,0,1,0.49023193897260164,0.13511753303590587,1
fee_rate,1.5,37,6,Static,0.98,480.0,128,4,3,6.4788114254643805,2.45114148676173,1
fee_rate,1.5,37,24,Static,0.98,480.0,128,4,2,23.29192546939653,78.4674955969545,1
fee_rate,1.5,38,1,Static,0.98,82.5,128,0,1,0.23875302531962606,0.0495780890458519,1
fee_rate,1.5,38,6,Static,0.98,82.5,128,0,1,2.5848242401076793,0.13872229392770422,1
fee_rate,1.5,38,24,Static,0.98,82.5,128,0,1,2.788903856755253,0.1520533807881044,1
fee_rate,1.5,39,1,Static,0.98,492.25,128,2,1,0.4085359957338972,0.8741668504115709,1
fee_rate,1.5,39,6,Static,0.98,492.25,128,2,1,169.4630744967544,88.87204156061712,1
fee_rate,1.5,39,24,Static,0.98,492.25,128,0,1,251.95210542344262,65.80970444803616,1
fee_rate,1.5,40,1,Static,0.98,56.75,128,4,3,0.008363158271713602,0.0013225030131259888,1
fee_rate,1.5,40,6,Static,0.98,56.75,128,4,3,0.05571723171137616,0.014140401840018475,1
fee_rate,1.5,40,24,Static,0.98,56.75,128,4,3,0.05571723171137616,0.014140401840018475,1
fee_rate,1.5,41,1,Static,0.98,29.5,128,4,3,0.47249196163422214,0.21489405698801203,1
fee_rate,1.5,41,6,Static,0.98,29.5,128,4,3,2.310572144789223,0.31429496651140554,1
fee_rate,1.5,41,24,Static,0.98,29.5,128,4,3,2.310572144789223,0.31429496651140554,1
fee_rate,1.5,42,1,Static,0.98,82.5,128,2,1,21.37549743466593,21.59901489535898,1
fee_rate,1.5,42,6,Static,0.98,82.5,128,2,1,74.95433767716867,38.10477302949843,1
fee_rate,1.5,42,24,Static,0.98,82.5,128,2,1,74.95433767716867,38.10477302949843,1
fee_rate,1.5,43,1,Static,0.98,29.5,128,4,3,0.5524659436285018,0.2148451003552144,1
fee_rate,1.5,43,6,Static,0.98,29.5,128,4,3,0.5524659436285018,0.2148451003552144,1
fee_rate,1.5,43,24,Static,0.98,29.5,128,4,3,0.5524659436285018,0.2148451003552144,1
fee_rate,1.5,44,1,Static,0.98,143.25,128,4,3,40.63211580489179,29.668343569719518,1
fee_rate,1.5,44,6,Static,0.98,143.25,128,0,1,290.4885112298049,15.757775697579211,1
fee_rate,1.5,44,24,Static,0.98,143.25,128,0,1,290.4885112298049,15.757775697579211,1
fee_rate,1.5,45,1,Static,0.98,451.5,128,0,1,3.501576350282508,0.677969586452691,1
fee_rate,1.5,45,6,Static,0.98,451.5,128,0,1,112.62650903147276,13.220494181769261,1
fee_rate,1.5,45,24,Static,0.98,451.5,128,0,1,153.53309754752917,12.320161726278988,1
fee_rate,1.5,46,1,Static,0.98,76.5,128,2,1,0.016054381253451044,0.0009093021709493862,1
fee_rate,1.5,46,6,Static,0.98,76.5,128,2,1,0.03686787069598285,0.0028014530540949804,1
fee_rate,1.5,46,24,Static,0.98,76.5,128,2,1,0.03686787069598285,0.0028014530540949804,1
fee_rate,1.5,47,1,Static,0.98,180.5,128,1,2,0.9172974012298405,0.6869090570650273,1
fee_rate,1.5,47,6,Static,0.98,180.5,128,1,2,7.389107778100923,23.48417961065147,1
fee_rate,1.5,47,24,Static,0.98,180.5,128,0,1,67.90595022156336,34.92668988504234,1
fee_rate,1.5,48,1,Static,0.98,143.25,128,4,3,0.00378811334400575,0.012937787976758007,1
fee_rate,1.5,48,6,Static,0.98,143.25,128,4,3,39.05053235216727,16.541772406991203,1
fee_rate,1.5,48,24,Static,0.98,143.25,128,4,3,35.64093744996371,16.67933127732595,1
fee_rate,1.5,49,1,Static,0.98,76.5,128,4,3,2.154899640686969,0.39558764127009144,1
fee_rate,1.5,49,6,Static,0.98,76.5,128,4,3,62.946672356262184,28.13099939660978,1
fee_rate,1.5,49,24,Static,0.98,76.5,128,2,3,27.36246194935567,20.241966016615354,1
fee_rate,1.5,50,1,Static,0.98,451.5,128,2,1,233.54786302476222,101.70222699980002,1
fee_rate,1.5,50,6,Static,0.98,451.5,128,0,1,18.301797864722886,12.577248855675963,1
fee_rate,1.5,50,24,Static,0.98,451.5,128,0,1,18.301797864722886,12.577248855675963,1
fee_rate,1.5,51,1,Static,0.98,76.5,128,4,3,12.4848826240721,7.838328515862799,1
fee_rate,1.5,51,6,Static,0.98,76.5,128,4,3,59.66297394294617,13.625958006774228,1
fee_rate,1.5,51,24,Static,0.98,76.5,128,4,3,62.54341329076624,15.852907285463848,1
fee_rate,1.5,52,1,Static,0.98,143.25,128,3,4,0.0,0.0,2
fee_rate,1.5,52,6,Static,0.98,143.25,128,3,4,0.0,0.0,2
fee_rate,1.5,52,24,Static,0.98,143.25,128,3,4,2.220446049250313e-16,2.220446049250313e-16,2
fee_rate,1.5,53,1,Static,0.98,56.75,128,3,4,0.0,0.0,2
fee_rate,1.5,53,6,Static,0.98,56.75,128,3,4,0.0,0.0,2
fee_rate,1.5,53,24,Static,0.98,56.75,128,3,4,0.0,0.0,2
fee_rate,1.5,54,1,Static,0.98,29.5,128,2,3,1.034798651860884,0.013381098252159582,1
fee_rate,1.5,54,6,Static,0.98,29.5,128,3,2,0.018606165282064054,0.09126178423207111,1
fee_rate,1.5,54,24,Static,0.98,29.5,128,3,2,0.018606165282064054,0.09126178423207111,1
fee_rate,1.5,55,1,Static,0.98,180.5,128,1,0,0.1738805073760621,0.4563992224578008,1
fee_rate,1.5,55,6,Static,0.98,180.5,128,1,0,0.12100148012676648,23.157823828857406,1
fee_rate,1.5,55,24,Static,0.98,180.5,128,1,0,4.856179553238066,21.272726208863716,1
fee_rate,1.5,56,1,Static,0.98,492.25,128,4,0,4.706360595110304,7.908797276222002,1
fee_rate,1.5,56,6,Static,0.98,492.25,128,4,2,33.928124389407714,46.64854512514691,1
fee_rate,1.5,56,24,Static,0.98,492.25,128,0,1,192.501274494418,44.41380445220124,1
fee_rate,1.5,57,1,Static,0.98,480.0,128,1,4,128.08976749639334,62.80297842752261,1
fee_rate,1.5,57,6,Static,0.98,480.0,128,0,1,77.5783259060979,20.492128416299668,1
fee_rate,1.5,57,24,Static,0.98,480.0,128,0,1,77.5783259060979,20.492128416299664,1
fee_rate,1.5,58,1,Static,0.98,143.25,128,0,1,3.548355653721286,32.195935537515346,1
fee_rate,1.5,58,6,Static,0.98,143.25,128,0,1,348.2678497218534,37.0272207057811,1
fee_rate,1.5,58,24,Static,0.98,143.25,128,0,1,426.2904084520323,31.22909938944903,1
fee_rate,1.5,59,1,Static,0.98,480.0,128,0,1,1.5903365675869137,0.3547533627980631,1
fee_rate,1.5,59,6,Static,0.98,480.0,128,0,1,261.14695761974826,24.87958480320706,1
fee_rate,1.5,59,24,Static,0.98,480.0,128,0,1,441.5684363213685,23.435784561250674,1
fee_rate,1.5,60,1,Static,0.98,451.5,128,2,1,0.7422039288743694,21.904598549638074,1
fee_rate,1.5,60,6,Static,0.98,451.5,128,1,0,33.00733798049599,51.38115214803882,1
fee_rate,1.5,60,24,Static,0.98,451.5,128,0,1,246.8874689944807,42.70351442164645,1
fee_rate,1.5,61,1,Static,0.98,82.5,128,2,1,35.362554382288074,39.59601277438556,1
fee_rate,1.5,61,6,Static,0.98,82.5,128,0,2,107.56756993420086,114.60026242052754,1
fee_rate,1.5,61,24,Static,0.98,82.5,128,0,2,107.56756993420086,114.60026242052754,1
fee_rate,1.5,62,1,Static,0.98,56.75,128,4,0,0.0999698426262503,0.19263576617607292,1
fee_rate,1.5,62,6,Static,0.98,56.75,128,4,3,3.9818905857037463,1.918416877852657,1
fee_rate,1.5,62,24,Static,0.98,56.75,128,4,3,14.745303163306398,10.264353663506718,1
fee_rate,1.5,63,1,Static,0.98,451.5,128,4,3,19.694875334208973,11.05180825985631,1
fee_rate,1.5,63,6,Static,0.98,451.5,128,0,1,13.813611492772193,4.786016469429991,1
fee_rate,1.5,63,24,Static,0.98,451.5,128,0,1,13.813611492772194,4.786016469429991,1
fee_rate,1.5,64,1,Static,0.98,180.5,128,2,0,26.39271095452893,19.7295461661953,1
fee_rate,1.5,64,6,Static,0.98,180.5,128,2,1,19.94967506908584,20.05351524264534,1
fee_rate,1.5,64,24,Static,0.98,180.5,128,1,0,23.18185584027703,39.35326244896114,1
fee_rate,1.5,65,1,Static,0.98,480.0,128,4,3,0.0806780981063574,0.0012965399736634482,1
fee_rate,1.5,65,6,Static,0.98,480.0,128,4,3,39.049464596835804,17.65823187755739,1
fee_rate,1.5,65,24,Static,0.98,480.0,128,4,3,64.01450578011823,32.44942918313271,1
fee_rate,1.5,66,1,Static,0.98,492.25,128,0,1,0.35037153327982207,0.07187391832400679,1
fee_rate,1.5,66,6,Static,0.98,492.25,128,2,1,68.11044711932729,42.64194870720593,1
fee_rate,1.5,66,24,Static,0.98,492.25,128,0,1,26.060407476549965,31.153103392919217,1
fee_rate,1.5,67,1,Static,0.98,180.5,128,1,2,0.0008216625119835492,0.00043650627843434635,1
fee_rate,1.5,67,6,Static,0.98,180.5,128,3,4,0.18630327984567874,0.040009762859180224,1
fee_rate,1.5,67,24,Static,0.98,180.5,128,3,4,0.212189238726105,0.051703997029982386,1
fee_rate,1.5,68,1,Static,0.98,29.5,128,2,3,0.35963928260343814,0.053192845365399095,1
fee_rate,1.5,68,6,Static,0.98,29.5,128,4,2,0.18043319912417188,2.941222959464155,1
fee_rate,1.5,68,24,Static,0.98,29.5,128,4,2,0.6315615228308441,3.085587511797976,1
fee_rate,1.5,69,1,Static,0.98,56.75,128,4,3,0.07617966973125817,0.0017525404477736412,1
fee_rate,1.5,69,6,Static,0.98,56.75,128,4,3,0.20846590521407493,0.005720821315810644,1
fee_rate,1.5,69,24,Static,0.98,56.75,128,4,3,0.20846590521407493,0.005720821315810644,1
fee_rate,1.5,70,1,Static,0.98,492.25,128,4,0,8.323189523963002,8.94234729193016,1
fee_rate,1.5,70,6,Static,0.98,492.25,128,3,2,3.526248977494088,8.713736350640351,1
fee_rate,1.5,70,24,Static,0.98,492.25,128,1,0,5.394327720710315,10.223289738215353,1
fee_rate,1.5,71,1,Static,0.98,76.5,128,2,3,1.661410026151143,0.21805061676988732,1
fee_rate,1.5,71,6,Static,0.98,76.5,128,2,3,12.406253763722253,0.7392659204841149,1
fee_rate,1.5,71,24,Static,0.98,76.5,128,2,3,17.14034315601116,0.9493201272932222,1
loss_given_default,0.5,0,1,Static,0.98,279.5,128,2,1,0.09650091905010513,0.0025292659558230936,1
loss_given_default,0.5,0,6,Static,0.98,279.5,128,2,1,1.3446319003254874,0.10139450155383166,1
loss_given_default,0.5,0,24,Static,0.98,279.5,128,2,1,1.3446319003254874,0.10139450155383166,1
loss_given_default,0.5,1,1,Static,0.98,253.25,128,4,3,0.34911756104322933,0.00032905581545946674,1
loss_given_default,0.5,1,6,Static,0.98,253.25,128,4,3,2.8098225087016147,0.2554880116403686,1
loss_given_default,0.5,1,24,Static,0.98,253.25,128,4,3,4.223135334787548,0.3068677345913621,1
loss_given_default,0.5,2,1,Static,0.98,519.0,128,0,1,0.48101354589136147,0.041853047047423576,1
loss_given_default,0.5,2,6,Static,0.98,519.0,128,3,4,0.0,0.0,2
loss_given_default,0.5,2,24,Static,0.98,519.0,128,3,4,0.0,0.0,2
loss_given_default,0.5,3,1,Static,0.98,327.5,128,0,1,2.8338493862606615,0.47988254447797896,1
loss_given_default,0.5,3,6,Static,0.98,327.5,128,0,1,177.05589876707586,28.62910709398712,1
loss_given_default,0.5,3,24,Static,0.98,327.5,128,0,1,480.45731361464664,33.6100330961854,1
loss_given_default,0.5,4,1,Static,0.98,363.5,128,0,1,0.6155974977097083,0.8394513655362488,1
loss_given_default,0.5,4,6,Static,0.98,363.5,128,2,1,43.82145238396155,31.564178337517053,1
loss_given_default,0.5,4,24,Static,0.98,363.5,128,0,1,186.63673770120033,63.544974688335174,1
loss_given_default,0.5,5,1,Static,0.98,253.25,128,4,3,0.8261931980993636,0.15312490551471744,1
loss_given_default,0.5,5,6,Static,0.98,253.25,128,4,3,15.02812530544156,1.6858617981200874,1
loss_given_default,0.5,5,24,Static,0.98,253.25,128,4,3,4.3972888560950345,1.6996375883145767,1
loss_given_default,0.5,6,1,Static,0.98,514.5,128,0,3,41.17312837023328,12.630138370851967,1
loss_given_default,0.5,6,6,Static,0.98,514.5,128,0,1,175.68699133328573,14.194998779019564,1
loss_given_default,0.5,6,24,Static,0.98,514.5,128,0,1,180.83797438603213,19.56031772220729,1
loss_given_default,0.5,7,1,Static,0.98,519.0,128,4,3,0.1326273750274703,0.0021629902704493184,1
loss_given_default,0.5,7,6,Static,0.98,519.0,128,4,2,4.799215473978667,7.4562714347595,1
loss_given_default,0.5,7,24,Static,0.98,519.0,128,4,3,3.349474770076755,14.929542539432127,1
loss_given_default,0.5,8,1,Static,0.98,183.75,128,2,3,0.22530674429277237,0.10739995876163402,1
loss_given_default,0.5,8,6,Static,0.98,183.75,128,4,3,1.4210606732646007,0.9020201951934048,1
loss_given_default,0.5,8,24,Static,0.98,183.75,128,4,3,1.4210606732646007,0.9020201951934048,1
loss_given_default,0.5,9,1,Static,0.98,253.25,128,4,3,12.652138669368092,7.023393259811674,1
loss_given_default,0.5,9,6,Static,0.98,253.25,128,4,3,102.88507934937167,15.420435845475595,1
loss_given_default,0.5,9,24,Static,0.98,253.25,128,4,3,62.192853013186046,13.124243285532598,1
loss_given_default,0.5,10,1,Static,0.98,238.5,128,4,3,0.030915483162990726,0.0005463075893699758,1
loss_given_default,0.5,10,6,Static,0.98,238.5,128,4,3,1.1112162611219127,0.3186242792087213,1
loss_given_default,0.5,10,24,Static,0.98,238.5,128,4,3,1.2245704872529932,0.30919487750223673,1
loss_given_default,0.5,11,1,Static,0.98,238.5,128,3,4,0.02724943945682501,0.018800559398482613,1
loss_given_default,0.5,11,6,Static,0.98,238.5,128,4,3,14.126330522523165,20.264646956969013,1
loss_given_default,0.5,11,24,Static,0.98,238.5,128,4,3,14.126330522523165,20.264646956969013,1
loss_given_default,0.5,12,1,Static,0.98,519.0,128,0,1,48.26389653640645,20.77998907482672,1
loss_given_default,0.5,12,6,Static,0.98,519.0,128,0,1,496.90085451970685,26.17079751154935,1
loss_given_default,0.5,12,24,Static,0.98,519.0,128,0,1,896.3666386905003,121.40482899295998,1
loss_given_default,0.5,13,1,Static,0.98,327.5,128,4,3,0.07412950509982352,0.0013083560996683388,1
loss_given_default,0.5,13,6,Static,0.98,327.5,128,4,3,1.4486979655197956,0.2259714126831316,1
loss_given_default,0.5,13,24,Static,0.98,327.5,128,4,3,5.612809471628848,3.6815848979731483,1
loss_given_default,0.5,14,1,Static,0.98,492.0,128,4,3,0.31499948592532634,0.017723310448076762,1
loss_given_default,0.5,14,6,Static,0.98,492.0,128,4,3,0.8522904058696266,0.591708960576815,1
loss_given_default,0.5,14,24,Static,0.98,492.0,128,4,3,6.61289456852472,8.596549850161402,1
loss_given_default,0.5,15,1,Static,0.98,514.5,128,1,3,0.057209833123013976,0.3146260877332118,1
loss_given_default,0.5,15,6,Static,0.98,514.5,128,4,3,23.738155304048234,2.0491364376145182,1
loss_given_default,0.5,15,24,Static,0.98,514.5,128,4,3,145.0975856341878,41.8301286958047,1
loss_given_default,0.5,16,1,Static,0.98,253.25,128,0,1,0.57312799114545,0.2824445514754615,1
loss_given_default,0.5,16,6,Static,0.98,253.25,128,4,3,1.4568987887805025,0.6535933401210062,1
loss_given_default,0.5,16,24,Static,0.98,253.25,128,3,4,0.04046772193378967,2.8622077059290634,1
loss_given_default,0.5,17,1,Static,0.98,183.75,128,4,3,0.11472810557923235,0.10741070591161726,1
loss_given_default,0.5,17,6,Static,0.98,183.75,128,4,3,1.401082276601086,0.31472833417246815,1
loss_given_default,0.5,17,24,Static,0.98,183.75,128,4,3,1.401082276601086,0.31472833417246815,1
loss_given_default,0.5,18,1,Static,0.98,327.5,128,4,3,0.03460801882596434,0.020767171654083698,1
loss_given_default,0.5,18,6,Static,0.98,327.5,128,4,3,5.20419558508156,0.7403765505977049,1
loss_given_default,0.5,18,24,Static,0.98,327.5,128,4,3,38.466353108948056,18.9226545485733,1
loss_given_default,0.5,19,1,Static,0.98,363.5,128,0,1,0.08810674330618862,0.0030092114586614217,1
loss_given_default,0.5,19,6,Static,0.98,363.5,128,0,1,2.7544383800056806,0.13618140378870675,1
loss_given_default,0.5,19,24,Static,0.98,363.5,128,2,1,0.8503321668647417,0.4416242160980452,1
loss_given_default,0.5,20,1,Static,0.98,363.5,128,2,1,0.03209610340291168,0.014849503637264637,1
loss_given_default,0.5,20,6,Static,0.98,363.5,128,0,1,0.5953857686172264,0.060156604634282684,1
loss_given_default,0.5,20,24,Static,0.98,363.5,128,1,0,0.07709508746559285,0.8393065520641485,1
loss_given_default,0.5,21,1,Static,0.98,492.0,128,0,1,25.39544904938262,2.591603380622344,1
loss_given_default,0.5,21,6,Static,0.98,492.0,128,0,1,180.18854501675327,12.144178294492379,1
loss_given_default,0.5,21,24,Static,0.98,492.0,128,0,1,281.23285383252005,33.27195861015678,1
loss_given_default,0.5,22,1,Static,0.98,279.5,128,0,1,0.16575473396692053,0.09265725382237497,1
loss_given_default,0.5,22,6,Static,0.98,279.5,128,2,1,26.10590533599988,11.225753075235867,1
loss_given_default,0.5,22,24,Static,0.98,279.5,128,1,2,3.5288619491552815,33.86283881913405,1
loss_given_default,0.5,23,1,Static,0.98,279.5,128,1,0,0.0029659824267893597,1.0270909875137189,1
loss_given_default,0.5,23,6,Static,0.98,279.5,128,2,1,4.056377616568808,1.3195447155615538,1
loss_given_default,0.5,23,24,Static,0.98,279.5,128,2,1,4.056377616568808,1.3195447155615538,1
loss_given_default,0.5,24,1,Static,0.98,183.75,128,4,3,0.09983157486866093,0.10743776012017393,1
loss_given_default,0.5,24,6,Static,0.98,183.75,128,2,3,4.556179383419801,1.8915165922897832,1
loss_given_default,0.5,24,24,Static,0.98,183.75,128,2,3,7.520889186962445,1.7506351501250594,1
loss_given_default,0.5,25,1,Static,0.98,514.5,128,1,0,0.007702879711814825,0.021941361148171093,1
loss_given_default,0.5,25,6,Static,0.98,514.5,128,4,3,34.94047590643227,13.075789728440702,1
loss_given_default,0.5,25,24,Static,0.98,514.5,128,4,3,92.77677981074825,26.285752243869243,1
loss_given_default,0.5,26,1,Static,0.98,327.5,128,4,3,0.08805065546983937,0.016503312528778624,1
loss_given_default,0.5,26,6,Static,0.98,327.5,128,4,3,22.542965929746924,9.347186623784722,1
loss_given_default,0.5,26,24,Static,0.98,327.5,128,4,3,43.71764850971991,12.991188601029586,1
loss_given_default,0.5,27,1,Static,0.98,363.5,128,2,1,0.043525927804694955,0.0009877661909789932,1
loss_given_default,0.5,27,6,Static,0.98,363.5,128,0,1,0.8015858164207061,0.06556380750252346,1
loss_given_default,0.5,27,24,Static,0.98,363.5,128,1,0,0.34146126047688524,0.24644187547803276,1
loss_given_default,0.5,28,1,Static,0.98,492.0,128,0,1,1.9483740337130977,0.4578978997508339,1
loss_given_default,0.5,28,6,Static,0.98,492.0,128,4,0,36.972633489448405,48.98167538322307,1
loss_given_default,0.5,28,24,Static,0.98,492.0,128,0,1,430.1523515535906,50.66402617348816,1
loss_given_default,0.5,29,1,Static,0.98,492.0,128,0,1,0.6255817858734257,0.040124963036678965,1
loss_given_default,0.5,29,6,Static,0.98,492.0,128,4,3,9.737751012706159,3.085975697693212,1
loss_given_default,0.5,29,24,Static,0.98,492.0,128,0,1,205.94272283286233,25.729717398776714,1
loss_given_default,0.5,30,1,Static,0.98,183.75,128,4,3,0.05512321691223641,0.008410255722819827,1
loss_given_default,0.5,30,6,Static,0.98,183.75,128,4,3,1.5315523410491867,0.18290137929611322,1
loss_given_default,0.5,30,24,Static,0.98,183.75,128,4,3,1.8712287793884559,0.19585868035410953,1
loss_given_default,0.5,31,1,Static,0.98,238.5,128,4,3,0.035037099785833026,0.0007604096075742257,1
loss_given_default,0.5,31,6,Static,0.98,238.5,128,4,3,0.16861909658981422,0.018579510695780437,1
loss_given_default,0.5,31,24,Static,0.98,238.5,128,4,3,0.16861909658981422,0.018579510695780437,1
loss_given_default,0.5,32,1,Static,0.98,519.0,128,2,4,0.6228021253280547,0.9215620842364995,1
loss_given_default,0.5,32,6,Static,0.98,519.0,128,4,3,19.976417512098337,16.71033990189409,1
loss_given_default,0.5,32,24,Static,0.98,519.0,128,0,1,193.007978047258,73.48575358790701,1
loss_given_default,0.5,33,1,Static,0.98,279.5,128,1,2,0.21871906753594061,0.011634494177130061,1
loss_given_default,0.5,33,6,Static,0.98,279.5,128,1,2,0.26247778098758956,0.0514192608193804,1
loss_given_default,0.5,33,24,Static,0.98,279.5,128,1,2,0.26247778098758956,0.0514192608193804,1
loss_given_default,0.5,34,1,Static,0.98,238.5,128,4,3,0.002678024315509564,0.0011359317980790967,1
loss_given_default,0.5,34,6,Static,0.98,238.5,128,4,3,1.1474671164538779,0.07211768473385727,1
loss_given_default,0.5,34,24,Static,0.98,238.5,128,4,3,1.1474671164538779,0.07211768473385727,1
loss_given_default,0.5,35,1,Static,0.98,514.5,128,0,1,0.036926219362973134,0.13073339863393416,1
loss_given_default,0.5,35,6,Static,0.98,514.5,128,4,3,2.9658472377273135,0.12989543966010347,1
loss_given_default,0.5,35,24,Static,0.98,514.5,128,4,3,8.182534604932403,2.492195309683269,1
loss_given_default,0.5,36,1,Static,0.98,82.5,128,2,1,27.685812952674908,22.335567963890142,1
loss_given_default,0.5,36,6,Static,0.98,82.5,128,0,1,43.82048812367816,16.920254280965903,1
loss_given_default,0.5,36,24,Static,0.98,82.5,128,0,1,43.82048812367816,16.920254280965903,1
loss_given_default,0.5,37,1,Static,0.98,480.0,128,0,1,0.5358229957060501,0.07082963538645053,1
loss_given_default,0.5,37,6,Static,0.98,480.0,128,4,3,6.636099912787169,2.422489239375972,1
loss_given_default,0.5,37,24,Static,0.98,480.0,128,0,1,40.08732999179908,53.37275681465684,1
loss_given_default,0.5,38,1,Static,0.98,82.5,128,0,1,0.2588380372427176,0.027321212205752055,1
loss_given_default,0.5,38,6,Static,0.98,82.5,128,0,1,2.6304641374866526,0.13143113680153082,1
loss_given_default,0.5,38,24,Static,0.98,82.5,128,0,1,2.8345947949108066,0.14560474371009396,1
loss_given_default,0.5,39,1,Static,0.98,492.25,128,2,1,0.329306149048499,0.8705689763383465,1
loss_given_default,0.5,39,6,Static,0.98,492.25,128,2,1,90.92393651527239,51.72430280081566,1
loss_given_default,0.5,39,24,Static,0.98,492.25,128,0,1,177.45677969350976,52.25709693315206,1
loss_given_default,0.5,40,1,Static,0.98,56.75,128,0,1,0.00855294361187689,0.0028865059785964826,1
loss_given_default,0.5,40,6,Static,0.98,56.75,128,4,3,0.0041520233778912785,0.013818986124381816,1
loss_given_default,0.5,40,24,Static,0.98,56.75,128,4,3,0.0041520233778912785,0.013818986124381816,1
loss_given_default,0.5,41,1,Static,0.98,29.5,128,4,3,0.2805554711028371,0.10747064900211051,1
loss_given_default,0.5,41,6,Static,0.98,29.5,128,4,3,1.8836705021102969,0.1645313354282075,1
loss_given_default,0.5,41,24,Static,0.98,29.5,128,4,3,1.8836705021102969,0.1645313354282075,1
loss_given_default,0.5,42,1,Static,0.98,82.5,128,2,1,10.86174188280441,11.073059438990828,1
loss_given_default,0.5,42,6,Static,0.98,82.5,128,2,1,37.318190428663314,17.853683674987998,1
loss_given_default,0.5,42,24,Static,0.98,82.5,128,2,1,37.318190428663314,17.853683674987998,1
loss_given_default,0.5,43,1,Static,0.98,29.5,128,4,3,0.34544141854794197,0.10742793209035972,1
loss_given_default,0.5,43,6,Static,0.98,29.5,128,4,3,0.34544141854794197,0.10742793209035972,1
loss_given_default,0.5,43,24,Static,0.98,29.5,128,4,3,0.34544141854794197,0.10742793209035972,1
loss_given_default,0.5,44,1,Static,0.98,143.25,128,4,0,6.60962666821159,29.54401061834108,1
loss_given_default,0.5,44,6,Static,0.98,143.25,128,0,1,171.25227889682535,15.36865525776548,1
loss_given_default,0.5,44,24,Static,0.98,143.25,128,0,1,171.25227889682535,15.36865525776548,1
loss_given_default,0.5,45,1,Static,0.98,451.5,128,0,1,3.146059258118628,0.4472590737082753,1
loss_given_default,0.5,45,6,Static,0.98,451.5,128,0,1,90.41120419077203,9.767031920441196,1
loss_given_default,0.5,45,24,Static,0.98,451.5,128,0,1,114.96394857552059,12.337519898570596,1
loss_given_default,0.5,46,1,Static,0.98,76.5,128,2,1,0.009901785419920817,0.0004952056611050791,1
loss_given_default,0.5,46,6,Static,0.98,76.5,128,2,1,0.02562838929784572,0.0023146334645327503,1
loss_given_default,0.5,46,24,Static,0.98,76.5,128,2,1,0.02562838929784572,0.0023146334645327503,1
loss_given_default,0.5,47,1,Static,0.98,180.5,128,1,2,0.8913249714970304,0.40330400795190213,1
loss_given_default,0.5,47,6,Static,0.98,180.5,128,0,1,3.903886584374135,13.380611866575661,1
loss_given_default,0.5,47,24,Static,0.98,180.5,128,0,1,82.79584817031544,43.41513612559472,1
loss_given_default,0.5,48,1,Static,0.98,143.25,128,3,2,0.0009185836596937724,0.01538618253338641,1
loss_given_default,0.5,48,6,Static,0.98,143.25,128,4,3,25.418455777915455,7.752603809656897,1
loss_given_default,0.5,48,24,Static,0.98,143.25,128,4,3,22.422814998305263,15.064451010518287,1
loss_given_default,0.5,49,1,Static,0.98,76.5,128,4,3,2.0226230281728985,0.37892122685035723,1
loss_given_default,0.5,49,6,Static,0.98,76.5,128,4,3,39.05177362165001,17.257841455578298,1
loss_given_default,0.5,49,24,Static,0.98,76.5,128,0,2,39.38433685662318,31.89654682471851,1
loss_given_default,0.5,50,1,Static,0.98,451.5,128,2,1,120.13917182675758,52.220362244954934,1
loss_given_default,0.5,50,6,Static,0.98,451.5,128,0,1,21.64823884056326,13.689684243436886,1
loss_given_default,0.5,50,24,Static,0.98,451.5,128,0,1,21.64823884056326,13.689684243436886,1
loss_given_default,0.5,51,1,Static,0.98,76.5,128,4,3,6.961295078955079,4.031952087842863,1
loss_given_default,0.5,51,6,Static,0.98,76.5,128,4,3,44.319691559426275,8.513850140982067,1
loss_given_default,0.5,51,24,Static,0.98,76.5,128,4,3,41.378007840408586,9.748806981733841,1
loss_given_default,0.5,52,1,Static,0.98,143.25,128,2,3,0.02561821114245824,0.0012859116960016734,1
loss_given_default,0.5,52,6,Static,0.98,143.25,128,3,4,0.0,0.0,2
loss_given_default,0.5,52,24,Static,0.98,143.25,128,3,4,0.0,0.0,2
loss_given_default,0.5,53,1,Static,0.98,56.75,128,3,4,0.0,0.0,2
loss_given_default,0.5,53,6,Static,0.98,56.75,128,3,4,0.0,0.0,2
loss_given_default,0.5,53,24,Static,0.98,56.75,128,3,4,0.0,0.0,2
loss_given_default,0.5,54,1,Static,0.98,29.5,128,2,3,1.3493959627894165,0.01773859396688245,1
loss_given_default,0.5,54,6,Static,0.98,29.5,128,2,3,0.6570050460678751,0.08478769316933064,1
loss_given_default,0.5,54,24,Static,0.98,29.5,128,2,3,0.6570050460678751,0.08478769316933064,1
loss_given_default,0.5,55,1,Static,0.98,180.5,128,1,0,0.1458447745536846,0.4557570049879643,1
loss_given_default,0.5,55,6,Static,0.98,180.5,128,0,1,7.819666581985576,18.023457144969125,1
loss_given_default,0.5,55,24,Static,0.98,180.5,128,0,1,3.3139315643175067,20.6370824668252,1
loss_given_default,0.5,56,1,Static,0.98,492.25,128,4,0,0.31507533114205133,4.024761282885602,1
loss_given_default,0.5,56,6,Static,0.98,492.25,128,4,2,25.97658011401871,24.584750884279046,1
loss_given_default,0.5,56,24,Static,0.98,492.25,128,0,1,140.05491566788643,40.18386910021137,1
loss_given_default,0.5,57,1,Static,0.98,480.0,128,1,0,69.72716677075631,34.05585315655836,1
loss_given_default,0.5,57,6,Static,0.98,480.0,128,0,1,68.68956248861821,21.83184503646845,1
loss_given_default,0.5,57,24,Static,0.98,480.0,128,0,1,68.68956248861821,21.831845036468454,1
loss_given_default,0.5,58,1,Static,0.98,143.25,128,0,1,17.04951339849361,16.863092147962803,1
loss_given_default,0.5,58,6,Static,0.98,143.25,128,0,1,267.68372876926543,22.989862948080628,1
loss_given_default,0.5,58,24,Static,0.98,143.25,128,0,1,313.6501455581148,35.24711639406365,1
loss_given_default,0.5,59,1,Static,0.98,480.0,128,0,1,1.6007289753005451,0.2823185084431342,1
loss_given_default,0.5,59,6,Static,0.98,480.0,128,0,1,183.99407913423553,13.965324636189532,1
loss_given_default,0.5,59,24,Static,0.98,480.0,128,0,1,306.67972917818895,22.9697591827905,1
loss_given_default,0.5,60,1,Static,0.98,451.5,128,1,2,8.439722648090358,11.294631610409775,1
loss_given_default,0.5,60,6,Static,0.98,451.5,128,0,1,52.66133164956647,28.634380421935802,1
loss_given_default,0.5,60,24,Static,0.98,451.5,128,0,1,234.61174045972103,45.74898380256755,1
loss_given_default,0.5,61,1,Static,0.98,82.5,128,2,1,17.33473849965825,20.272782501536426,1
loss_given_default,0.5,61,6,Static,0.98,82.5,128,0,1,121.49734791688266,34.76868416439984,1
loss_given_default,0.5,61,24,Static,0.98,82.5,128,0,1,121.49734791688266,34.76868416439984,1
loss_given_default,0.5,62,1,Static,0.98,56.75,128,4,0,0.062385609627835015,0.1910740432681837,1
loss_given_default,0.5,62,6,Static,0.98,56.75,128,4,3,3.9860843077475443,1.9178943864032367,1
loss_given_default,0.5,62,24,Static,0.98,56.75,128,4,3,9.75610021934535,5.456130665682463,1
loss_given_default,0.5,63,1,Static,0.98,451.5,128,4,3,10.208831768057886,5.6753278622169665,1
loss_given_default,0.5,63,6,Static,0.98,451.5,128,0,1,15.844905994930839,5.2281469833219125,1
loss_given_default,0.5,63,24,Static,0.98,451.5,128,0,1,15.844905994930839,5.2281469833219125,1
loss_given_default,0.5,64,1,Static,0.98,180.5,128,2,0,12.882587128793647,10.074778072523841,1
loss_given_default,0.5,64,6,Static,0.98,180.5,128,0,1,11.490069612588389,13.01222231380603,1
loss_given_default,0.5,64,24,Static,0.98,180.5,128,0,1,1.5087447382844061,27.83760968608514,1
loss_given_default,0.5,65,1,Static,0.98,480.0,128,4,3,0.031232395052007172,0.001343286474886317,1
loss_given_default,0.5,65,6,Static,0.98,480.0,128,4,3,22.50395436067529,7.959717466277265,1
loss_given_default,0.5,65,24,Static,0.98,480.0,128,4,3,25.058917171369465,29.389012461730346,1
loss_given_default,0.5,66,1,Static,0.98,492.25,128,0,1,0.314746523133858,0.04442970388889723,1
loss_given_default,0.5,66,6,Static,0.98,492.25,128,2,1,39.91910448457787,23.47916786217826,1
loss_given_default,0.5,66,24,Static,0.98,492.25,128,0,1,60.38324221543823,34.10201826009886,1
loss_given_default,0.5,67,1,Static,0.98,180.5,128,0,1,0.013507908796533366,0.0007533853495144535,1
loss_given_default,0.5,67,6,Static,0.98,180.5,128,3,4,0.20559925912875424,0.039949932570381416,1
loss_given_default,0.5,67,24,Static,0.98,180.5,128,3,4,0.24166104310776054,0.049741105448319466,1
loss_given_default,0.5,68,1,Static,0.98,29.5,128,2,3,0.452573754375846,0.06169729748975015,1
loss_given_default,0.5,68,6,Static,0.98,29.5,128,4,2,0.027869297554304895,2.119896197636118,1
loss_given_default,0.5,68,24,Static,0.98,29.5,128,4,2,0.20520523852923223,2.261912762814098,1
loss_given_default,0.5,69,1,Static,0.98,56.75,128,4,3,0.04618568735520573,0.0010487306579157149,1
loss_given_default,0.5,69,6,Static,0.98,56.75,128,4,3,0.16363883491539927,0.004589055261458588,1
loss_given_default,0.5,69,24,Static,0.98,56.75,128,4,3,0.16363883491539927,0.004589055261458588,1
loss_given_default,0.5,70,1,Static,0.98,492.25,128,4,0,4.018392433104907,4.583759611231803,1
loss_given_default,0.5,70,6,Static,0.98,492.25,128,2,3,0.4010503466124371,5.697935145085914,1
loss_given_default,0.5,70,24,Static,0.98,492.25,128,1,0,4.2096523708141955,8.96154346032553,1
loss_given_default,0.5,71,1,Static,0.98,76.5,128,2,3,1.85187512066404,0.11490586165179664,1
loss_given_default,0.5,71,6,Static,0.98,76.5,128,2,3,11.744008695522266,0.4574882713299124,1
loss_given_default,0.5,71,24,Static,0.98,76.5,128,2,3,16.503357977390657,0.7165081240749744,1
loss_given_default,0.75,0,1,Static,0.98,279.5,128,2,1,0.09545131085956979,0.0034580320532814294,1
loss_given_default,0.75,0,6,Static,0.98,279.5,128,2,1,1.343582292134952,0.10152357573395598,1
loss_given_default,0.75,0,24,Static,0.98,279.5,128,2,1,1.343582292134952,0.10152357573395598,1
loss_given_default,0.75,1,1,Static,0.98,253.25,128,4,3,0.34911756104322933,0.00032905581545946674,1
loss_given_default,0.75,1,6,Static,0.98,253.25,128,4,3,2.5579894885609895,0.3640909040610978,1
loss_given_default,0.75,1,24,Static,0.98,253.25,128,4,3,3.9246744783885545,0.42201483304359944,1
loss_given_default,0.75,2,1,Static,0.98,519.0,128,0,1,0.48101354589136147,0.041853047047423576,1
loss_given_default,0.75,2,6,Static,0.98,519.0,128,3,4,0.0,0.0,2
loss_given_default,0.75,2,24,Static,0.98,519.0,128,3,4,0.0,0.0,2
loss_given_default,0.75,3,1,Static,0.98,327.5,128,0,1,2.8338493862606615,0.47988254447797896,1
loss_given_default,0.75,3,6,Static,0.98,327.5,128,0,1,193.71372651733378,37.07051934411149,1
loss_given_default,0.75,3,24,Static,0.98,327.5,128,0,1,505.14523764556236,45.25115203171521,1
loss_given_default,0.75,4,1,Static,0.98,363.5,128,0,1,0.6900052960569107,0.8546808717719135,1
loss_given_default,0.75,4,6,Static,0.98,363.5,128,2,1,58.54798403616285,39.87452225616679,1
loss_given_default,0.75,4,24,Static,0.98,363.5,128,0,1,169.0968591953448,69.52050364496144,1
loss_given_default,0.75,5,1,Static,0.98,253.25,128,4,3,0.8261931980993636,0.15312490551471744,1
loss_given_default,0.75,5,6,Static,0.98,253.25,128,4,3,14.792586552303131,1.7603751655774524,1
loss_given_default,0.75,5,24,Static,0.98,253.25,128,4,3,3.8105301652938386,1.8173666275423914,1
loss_given_default,0.75,6,1,Static,0.98,514.5,128,0,3,39.31402456014048,18.576501410554002,1
loss_given_default,0.75,6,6,Static,0.98,514.5,128,0,1,225.1874727205714,16.085187450275132,1
loss_given_default,0.75,6,24,Static,0.98,514.5,128,0,1,230.56479984720684,19.03316456826633,1
loss_given_default,0.75,7,1,Static,0.98,519.0,128,4,3,0.1326273750274703,0.0021629902704493184,1
loss_given_default,0.75,7,6,Static,0.98,519.0,128,4,2,4.698301902357536,7.458686425587217,1
loss_given_default,0.75,7,24,Static,0.98,519.0,128,4,3,12.391013999819169,11.415565737932102,1
loss_given_default,0.75,8,1,Static,0.98,183.75,128,2,3,0.2790176817927724,0.1611103061063202,1
loss_given_default,0.75,8,6,Static,0.98,183.75,128,4,3,1.1144441814208508,0.947897641258695,1
loss_given_default,0.75,8,24,Static,0.98,183.75,128,4,3,1.1144441814208508,0.947897641258695,1
loss_given_default,0.75,9,1,Static,0.98,253.25,128,4,3,17.458688127019123,10.316341240578929,1
loss_given_default,0.75,9,6,Static,0.98,253.25,128,4,3,117.60066257225992,19.729676877725787,1
loss_given_default,0.75,9,24,Static,0.98,253.25,128,4,3,78.13328040409317,17.127901994397856,1
loss_given_default,0.75,10,1,Static,0.98,238.5,128,4,3,0.030915483162990726,0.0005463075893699758,1
loss_given_default,0.75,10,6,Static,0.98,238.5,128,4,3,1.121502195100429,0.319885179426416,1
loss_given_default,0.75,10,24,Static,0.98,238.5,128,4,3,1.2348564212315094,0.31046450281367804,1
loss_given_default,0.75,11,1,Static,0.98,238.5,128,3,4,0.03307016392782014,0.02413035467935634,1
loss_given_default,0.75,11,6,Static,0.98,238.5,128,4,3,5.378008625899767,28.732899380460196,1
loss_given_default,0.75,11,24,Static,0.98,238.5,128,4,3,5.378008625899767,28.732899380460196,1
loss_given_default,0.75,12,1,Static,0.98,519.0,128,0,1,44.24361919924292,30.317543269263687,1
loss_given_default,0.75,12,6,Static,0.98,519.0,128,0,1,546.6439163992617,36.236327555821035,1
loss_given_default,0.75,12,24,Static,0.98,519.0,128,0,1,1021.7662559134119,116.51617404636515,1
loss_given_default,0.75,13,1,Static,0.98,327.5,128,4,3,0.07412950509982352,0.0013083560996683388,1
loss_given_default,0.75,13,6,Static,0.98,327.5,128,4,3,1.4686770105130431,0.2298334043841384,1
loss_given_default,0.75,13,24,Static,0.98,327.5,128,4,3,5.642563349769435,3.6816215253624587,1
loss_given_default,0.75,14,1,Static,0.98,492.0,128,4,3,0.31499948592532634,0.017723310448076762,1
loss_given_default,0.75,14,6,Static,0.98,492.0,128,4,3,0.8867206118859918,0.5976125783363773,1
loss_given_default,0.75,14,24,Static,0.98,492.0,128,4,3,9.53244491149791,11.457022959884746,1
loss_given_default,0.75,15,1,Static,0.98,514.5,128,1,3,0.09692694047586814,0.3254673709328243,1
loss_given_default,0.75,15,6,Static,0.98,514.5,128,4,3,23.7671552591805,2.052628331453727,1
loss_given_default,0.75,15,24,Static,0.98,514.5,128,4,3,164.63927714560128,51.83942607523775,1
loss_given_default,0.75,16,1,Static,0.98,253.25,128,0,1,0.8589839027837782,0.42367417675994656,1
loss_given_default,0.75,16,6,Static,0.98,253.25,128,4,3,0.6492032176722619,0.8433346949910422,1
loss_given_default,0.75,16,24,Static,0.98,253.25,128,3,2,1.8985367569653029,1.040465275662725,1
loss_given_default,0.75,17,1,Static,0.98,183.75,128,4,3,0.06101716807923258,0.16111591234907802,1
loss_given_default,0.75,17,6,Static,0.98,183.75,128,4,3,1.0935364476948362,0.4237810079903079,1
loss_given_default,0.75,17,24,Static,0.98,183.75,128,4,3,1.0935364476948362,0.4237810079903079,1
loss_given_default,0.75,18,1,Static,0.98,327.5,128,4,3,0.024226387478544914,0.031142984812238345,1
loss_given_default,0.75,18,6,Static,0.98,327.5,128,4,3,5.216987565667646,0.7422868834900378,1
loss_given_default,0.75,18,24,Static,0.98,327.5,128,4,3,38.079270722301445,19.03687775132825,1
loss_given_default,0.75,19,1,Static,0.98,363.5,128,0,1,0.08810674330618862,0.0030092114586614217,1
loss_given_default,0.75,19,6,Static,0.98,363.5,128,0,1,2.7619251303324877,0.1376784714680202,1
loss_given_default,0.75,19,24,Static,0.98,363.5,128,2,1,1.0180764943452163,0.45638635700316554,1
loss_given_default,0.75,20,1,Static,0.98,363.5,128,2,1,0.02467937177694289,0.022258029004778003,1
loss_given_default,0.75,20,6,Static,0.98,363.5,128,0,1,0.6002566008653345,0.0633540790911957,1
loss_given_default,0.75,20,24,Static,0.98,363.5,128,1,0,0.07916627751347954,0.8396862793442309,1
loss_given_default,0.75,21,1,Static,0.98,492.0,128,0,1,28.297134257038493,3.5099644015376272,1
loss_given_default,0.75,21,6,Static,0.98,492.0,128,0,1,195.61651118014842,16.584508445134162,1
loss_given_default,0.75,21,24,Static,0.98,492.0,128,0,1,318.98940887503915,32.17276196740127,1
loss_given_default,0.75,22,1,Static,0.98,279.5,128,0,1,0.20958567092103997,0.1360280658917541,1
loss_given_default,0.75,22,6,Static,0.98,279.5,128,2,1,30.83423684653652,15.984401157545292,1
loss_given_default,0.75,22,24,Static,0.98,279.5,128,1,2,12.420993485435709,48.38930917983138,1
loss_given_default,0.75,23,1,Static,0.98,279.5,128,0,1,0.10624184645044554,1.0458098044993038,1
loss_given_default,0.75,23,6,Static,0.98,279.5,128,2,1,3.9571453145046465,1.3344328080494998,1
loss_given_default,0.75,23,24,Static,0.98,279.5,128,2,1,3.9571453145046465,1.3344328080494998,1
loss_given_default,0.75,24,1,Static,0.98,183.75,128,4,3,0.04612063736866093,0.16114765244581636,1
loss_given_default,0.75,24,6,Static,0.98,183.75,128,2,3,4.610158582904177,2.3860179127873957,1
loss_given_default,0.75,24,24,Static,0.98,183.75,128,2,3,7.717606660707133,2.254928424719434,1
loss_given_default,0.75,25,1,Static,0.98,514.5,128,1,0,0.007702879711814825,0.021941361148171093,1
loss_given_default,0.75,25,6,Static,0.98,514.5,128,4,3,41.097969083092174,19.14407023463401,1
loss_given_default,0.75,25,24,Static,0.98,514.5,128,4,3,108.75212774862024,32.57332042876849,1
loss_given_default,0.75,26,1,Static,0.98,327.5,128,4,3,0.07578120801438193,0.024711397446512094,1
loss_given_default,0.75,26,6,Static,0.98,327.5,128,4,3,22.60256113434516,9.346876621293797,1
loss_given_default,0.75,26,24,Static,0.98,327.5,128,4,3,48.64969064459844,16.437946644471403,1
loss_given_default,0.75,27,1,Static,0.98,363.5,128,2,1,0.043525927804694955,0.0009877661909789932,1
loss_given_default,0.75,27,6,Static,0.98,363.5,128,0,1,0.8098185552456194,0.0675022149530242,1
loss_given_default,0.75,27,24,Static,0.98,363.5,128,1,0,0.3519480038446719,0.2476872427691535,1
loss_given_default,0.75,28,1,Static,0.98,492.0,128,0,1,1.9483740337130977,0.4578978997508339,1
loss_given_default,0.75,28,6,Static,0.98,492.0,128,4,0,23.206261974414474,62.701933825125096,1
loss_given_default,0.75,28,24,Static,0.98,492.0,128,0,1,482.3931579826868,50.05868207887862,1
loss_given_default,0.75,29,1,Static,0.98,492.0,128,0,1,0.6505001254179471,0.056867143316037747,1
loss_given_default,0.75,29,6,Static,0.98,492.0,128,4,3,8.881262392620435,3.2434153814956894,1
loss_given_default,0.75,29,24,Static,0.98,492.0,128,0,1,232.47012437038478,27.011260357923426,1
loss_given_default,0.75,30,1,Static,0.98,183.75,128,4,3,0.05512321691223641,0.008410255722819827,1
loss_given_default,0.75,30,6,Static,0.98,183.75,128,4,3,1.4338404179379352,0.2436637762668303,1
loss_given_default,0.75,30,24,Static,0.98,183.75,128,4,3,1.7735168562772041,0.25456321032239027,1
loss_given_default,0.75,31,1,Static,0.98,238.5,128,4,3,0.035037099785833026,0.0007604096075742257,1
loss_given_default,0.75,31,6,Static,0.98,238.5,128,4,3,0.17059349311667704,0.01910166582000892,1
loss_given_default,0.75,31,24,Static,0.98,238.5,128,4,3,0.17059349311667704,0.01910166582000892,1
loss_given_default,0.75,32,1,Static,0.98,519.0,128,2,4,0.760266447617707,0.932148665595644,1
loss_given_default,0.75,32,6,Static,0.98,519.0,128,4,3,28.849663810254157,25.868193667406384,1
loss_given_default,0.75,32,24,Static,0.98,519.0,128,0,1,229.89487464016642,77.61810026190811,1
loss_given_default,0.75,33,1,Static,0.98,279.5,128,1,2,0.21871906753594061,0.011634494177130061,1
loss_given_default,0.75,33,6,Static,0.98,279.5,128,1,2,0.2876016484844335,0.06877689109825899,1
loss_given_default,0.75,33,24,Static,0.98,279.5,128,1,2,0.2876016484844335,0.06877689109825899,1
loss_given_default,0.75,34,1,Static,0.98,238.5,128,4,3,0.002678024315509564,0.0011359317980790967,1
loss_given_default,0.75,34,6,Static,0.98,238.5,128,4,3,1.1363827927204917,0.07695659858258504,1
loss_given_default,0.75,34,24,Static,0.98,238.5,128,4,3,1.1363827927204917,0.07695659858258504,1
loss_given_default,0.75,35,1,Static,0.98,514.5,128,0,1,0.036926219362973134,0.13073339863393416,1
loss_given_default,0.75,35,6,Static,0.98,514.5,128,4,3,2.9658472377273135,0.12989543966010347,1
loss_given_default,0.75,35,24,Static,0.98,514.5,128,4,3,8.19800385643844,2.491973260022948,1
loss_given_default,0.75,36,1,Static,0.98,82.5,128,2,1,41.42474673782618,32.95667575481431,1
loss_given_default,0.75,36,6,Static,0.98,82.5,128,0,1,48.12469725444731,18.0267641589651,1
loss_given_default,0.75,36,24,Static,0.98,82.5,128,0,1,48.12469725444731,18.0267641589651,1
loss_given_default,0.75,37,1,Static,0.98,480.0,128,0,1,0.5790434361214678,0.10301446658174132,1
loss_given_default,0.75,37,6,Static,0.98,480.0,128,4,3,6.486713355776759,2.435883206307541,1
loss_given_default,0.75,37,24,Static,0.98,480.0,128,0,1,15.2769199841075,61.524529340281944,1
loss_given_default,0.75,38,1,Static,0.98,82.5,128,0,1,0.2705272128084374,0.03856032892183855,1
loss_given_default,0.75,38,6,Static,0.98,82.5,128,0,1,2.6377403376925126,0.13448575966999055,1
loss_given_default,0.75,38,24,Static,0.98,82.5,128,0,1,2.8418709951166656,0.14828899737722215,1
loss_given_default,0.75,39,1,Static,0.98,492.25,128,2,1,0.30034298849261654,0.8721160516623386,1
loss_given_default,0.75,39,6,Static,0.98,492.25,128,2,1,129.83312146075895,69.88037832596282,1
loss_given_default,0.75,39,24,Static,0.98,492.25,128,0,1,216.04973044286223,59.12989017678738,1
loss_given_default,0.75,40,1,Static,0.98,56.75,128,0,1,0.00855294361187689,0.0028865059785964826,1
loss_given_default,0.75,40,6,Static,0.98,56.75,128,4,3,0.0041520233778912785,0.013818986124381816,1
loss_given_default,0.75,40,24,Static,0.98,56.75,128,4,3,0.0041520233778912785,0.013818986124381816,1
loss_given_default,0.75,41,1,Static,0.98,29.5,128,4,3,0.2268445336028371,0.16109848184810852,1
loss_given_default,0.75,41,6,Static,0.98,29.5,128,4,3,1.7783755802352967,0.23794271294650612,1
loss_given_default,0.75,41,24,Static,0.98,29.5,128,4,3,1.7783755802352967,0.23794271294650612,1
loss_given_default,0.75,42,1,Static,0.98,82.5,128,2,1,16.100473920257986,16.336039974022476,1
loss_given_default,0.75,42,6,Static,0.98,82.5,128,2,1,56.0245940534796,27.703280764164646,1
loss_given_default,0.75,42,24,Static,0.98,82.5,128,2,1,56.0245940534796,27.703280764164646,1
loss_given_default,0.75,43,1,Static,0.98,29.5,128,4,3,0.29173048104794197,0.1611227026952362,1
loss_given_default,0.75,43,6,Static,0.98,29.5,128,4,3,0.29173048104794197,0.1611227026952362,1
loss_given_default,0.75,43,24,Static,0.98,29.5,128,4,3,0.29173048104794197,0.1611227026952362,1
loss_given_default,0.75,44,1,Static,0.98,143.25,128,4,0,28.25638310661655,43.51598838296024,1
loss_given_default,0.75,44,6,Static,0.98,143.25,128,0,1,232.20648525742757,15.51484627046708,1
loss_given_default,0.75,44,24,Static,0.98,143.25,128,0,1,232.20648525742757,15.514846270467075,1
loss_given_default,0.75,45,1,Static,0.98,451.5,128,0,1,3.432627740869222,0.5624382757608782,1
loss_given_default,0.75,45,6,Static,0.98,451.5,128,0,1,102.08676413153674,11.252056793259456,1
loss_given_default,0.75,45,24,Static,0.98,451.5,128,0,1,134.8024713462325,12.204800386989811,1
loss_given_default,0.75,46,1,Static,0.98,76.5,128,2,1,0.012978083336688595,0.0007013530097824332,1
loss_given_default,0.75,46,6,Static,0.98,76.5,128,2,1,0.031248129996908958,0.0025553147996765385,1
loss_given_default,0.75,46,24,Static,0.98,76.5,128,2,1,0.031248129996908958,0.0025553147996765385,1
loss_given_default,0.75,47,1,Static,0.98,180.5,128,1,2,0.9360078171944322,0.5450979452205655,1
loss_given_default,0.75,47,6,Static,0.98,180.5,128,1,0,13.040170012453187,16.031045088969314,1
loss_given_default,0.75,47,24,Static,0.98,180.5,128,0,1,75.77553071365719,39.08661212898547,1
loss_given_default,0.75,48,1,Static,0.98,143.25,128,3,2,0.0009784505180959746,0.015389409540634408,1
loss_given_default,0.75,48,6,Static,0.98,143.25,128,4,3,32.136624791753306,11.989205182514558,1
loss_given_default,0.75,48,24,Static,0.98,143.25,128,4,3,28.781963621377216,15.136324311106556,1
loss_given_default,0.75,49,1,Static,0.98,76.5,128,4,3,2.088761334429931,0.3859120977792003,1
loss_given_default,0.75,49,6,Static,0.98,76.5,128,4,3,50.03579702805502,22.410732428040127,1
loss_given_default,0.75,49,24,Static,0.98,76.5,128,2,0,12.59432046487207,35.8710635027993,1
loss_given_default,0.75,50,1,Static,0.98,451.5,128,2,1,176.84351742575984,76.9612943838464,1
loss_given_default,0.75,50,6,Static,0.98,451.5,128,0,1,19.97501835264302,13.133386981945428,1
loss_given_default,0.75,50,24,Static,0.98,451.5,128,0,1,19.97501835264302,13.133386981945428,1
loss_given_default,0.75,51,1,Static,0.98,76.5,128,4,3,9.72308885151359,5.934524758455586,1
loss_given_default,0.75,51,6,Static,0.98,76.5,128,4,3,51.620026938785195,10.969230739496455,1
loss_given_default,0.75,51,24,Static,0.98,76.5,128,4,3,51.16429623068566,12.650978436604756,1
loss_given_default,0.75,52,1,Static,0.98,143.25,128,2,3,0.02561821114245824,0.0012859116960016734,1
loss_given_default,0.75,52,6,Static,0.98,143.25,128,3,4,0.0,0.0,2
loss_given_default,0.75,52,24,Static,0.98,143.25,128,3,4,0.0,0.0,2
loss_given_default,0.75,53,1,Static,0.98,56.75,128,3,4,0.0,0.0,2
loss_given_default,0.75,53,6,Static,0.98,56.75,128,3,4,0.0,0.0,2
loss_given_default,0.75,53,24,Static,0.98,56.75,128,3,4,0.0,0.0,2
loss_given_default,0.75,54,1,Static,0.98,29.5,128,2,3,1.3493959627894165,0.01773859396688245,1
loss_given_default,0.75,54,6,Static,0.98,29.5,128,2,3,0.6570050460678751,0.08478769316933064,1
loss_given_default,0.75,54,24,Static,0.98,29.5,128,2,3,0.6570050460678751,0.08478769316933064,1
loss_given_default,0.75,55,1,Static,0.98,180.5,128,1,0,0.13507200071689507,0.4560965460783131,1
loss_given_default,0.75,55,6,Static,0.98,180.5,128,0,1,3.9512936883705336,20.21987100424933,1
loss_given_default,0.75,55,24,Static,0.98,180.5,128,1,0,0.6363159979409865,20.437971466959496,1
loss_given_default,0.75,56,1,Static,0.98,492.25,128,4,0,2.2585057297202096,5.966673709961341,1
loss_given_default,0.75,56,6,Static,0.98,492.25,128,4,2,29.508823089011592,35.48718745663957,1
loss_given_default,0.75,56,24,Static,0.98,492.25,128,0,1,167.8055274102428,42.44319969665544,1
loss_given_default,0.75,57,1,Static,0.98,480.0,128,1,0,102.57248652237976,50.18765050558598,1
loss_given_default,0.75,57,6,Static,0.98,480.0,128,0,1,73.3053627540207,21.155225538259188,1
loss_given_default,0.75,57,24,Static,0.98,480.0,128,0,1,73.30536275402069,21.155225538259185,1
loss_given_default,0.75,58,1,Static,0.98,143.25,128,0,1,11.411910382715988,24.52899197982168,1
loss_given_default,0.75,58,6,Static,0.98,143.25,128,0,1,309.6029708104303,29.147909673237947,1
loss_given_default,0.75,58,24,Static,0.98,143.25,128,0,1,371.529496001958,33.00974907739305,1
loss_given_default,0.75,59,1,Static,0.98,480.0,128,0,1,1.739379964507054,0.32563506102654,1
loss_given_default,0.75,59,6,Static,0.98,480.0,128,0,1,224.66206463166503,19.182342166492536,1
loss_given_default,0.75,59,24,Static,0.98,480.0,128,0,1,376.2788034217193,23.179769073085303,1
loss_given_default,0.75,60,1,Static,0.98,451.5,128,1,2,4.505611993782556,16.601603283558273,1
loss_given_default,0.75,60,6,Static,0.98,451.5,128,0,1,10.765684654837838,38.41783023666973,1
loss_given_default,0.75,60,24,Static,0.98,451.5,128,0,1,241.74038726828607,44.20865846843435,1
loss_given_default,0.75,61,1,Static,0.98,82.5,128,2,1,26.287149728305195,29.93426476809683,1
loss_given_default,0.75,61,6,Static,0.98,82.5,128,0,1,116.98266044482574,45.026678624438595,1
loss_given_default,0.75,61,24,Static,0.98,82.5,128,0,1,116.98266044482574,45.026678624438595,1
loss_given_default,0.75,62,1,Static,0.98,56.75,128,4,0,0.06024049243393104,0.19176589451644743,1
loss_given_default,0.75,62,6,Static,0.98,56.75,128,4,3,3.977722304577815,1.9181364481742844,1
loss_given_default,0.75,62,24,Static,0.98,56.75,128,4,3,12.244431781330238,7.837475510111887,1
loss_given_default,0.75,63,1,Static,0.98,451.5,128,4,3,14.951853551133429,8.363536380761404,1
loss_given_default,0.75,63,6,Static,0.98,451.5,128,0,1,14.829258743851526,5.00695876844496,1
loss_given_default,0.75,63,24,Static,0.98,451.5,128,0,1,14.829258743851526,5.00695876844496,1
loss_given_default,0.75,64,1,Static,0.98,180.5,128,2,0,19.592667578723166,14.90192647865184,1
loss_given_default,0.75,64,6,Static,0.98,180.5,128,2,0,3.7366202899528105,24.079391992856497,1
loss_given_default,0.75,64,24,Static,0.98,180.5,128,1,0,10.566691562806305,33.051114255525796,1
loss_given_default,0.75,65,1,Static,0.98,480.0,128,4,3,0.031232395052007172,0.001343286474886317,1
loss_given_default,0.75,65,6,Static,0.98,480.0,128,4,3,30.692834458846228,12.773497938642846,1
loss_given_default,0.75,65,24,Static,0.98,480.0,128,4,3,44.0670623937186,30.29965691342609,1
loss_given_default,0.75,66,1,Static,0.98,492.25,128,0,1,0.35275809130497615,0.05783399708273841,1
loss_given_default,0.75,66,6,Static,0.98,492.25,128,2,1,53.97651262363178,33.02908726134075,1
loss_given_default,0.75,66,24,Static,0.98,492.25,128,0,1,43.596763905530416,31.265676190803514,1
loss_given_default,0.75,67,1,Static,0.98,180.5,128,0,1,0.013507908796533366,0.0007533853495144535,1
loss_given_default,0.75,67,6,Static,0.98,180.5,128,3,4,0.20348618454758874,0.040014696660192826,1
loss_given_default,0.75,67,24,Static,0.98,180.5,128,3,4,0.2344633455204223,0.050646387379581805,1
loss_given_default,0.75,68,1,Static,0.98,29.5,128,2,3,0.4558044570693883,0.06243770167898817,1
loss_given_default,0.75,68,6,Static,0.98,29.5,128,2,4,0.3842102744693533,2.501773237376421,1
loss_given_default,0.75,68,24,Static,0.98,29.5,128,2,4,0.2068743334944253,2.6337277055220842,1
loss_given_default,0.75,69,1,Static,0.98,56.75,128,4,3,0.04618568735520573,0.0010487306579157149,1
loss_given_default,0.75,69,6,Static,0.98,56.75,128,4,3,0.16398879634321412,0.004633107790694069,1
loss_given_default,0.75,69,24,Static,0.98,56.75,128,4,3,0.16398879634321412,0.004633107790694069,1
loss_given_default,0.75,70,1,Static,0.98,492.25,128,4,0,6.079878449018255,6.763006269061019,1
loss_given_default,0.75,70,6,Static,0.98,492.25,128,3,2,1.4947465005755616,6.848005565464121,1
loss_given_default,0.75,70,24,Static,0.98,492.25,128,1,0,4.742570557500222,9.604778412845741,1
loss_given_default,0.75,71,1,Static,0.98,76.5,128,2,3,1.90558605816404,0.16653963937540955,1
loss_given_default,0.75,71,6,Static,0.98,76.5,128,2,3,12.435209870356417,0.5846935456798866,1
loss_given_default,0.75,71,24,Static,0.98,76.5,128,2,3,17.42775504819096,0.800293711561015,1
loss_given_default,1.0,0,1,Static,0.98,279.5,128,2,1,0.09440170266903711,0.00444096158450094,1
loss_given_default,1.0,0,6,Static,0.98,279.5,128,2,1,1.3425326839444194,0.10166332312576556,1
loss_given_default,1.0,0,24,Static,0.98,279.5,128,2,1,1.3425326839444194,0.10166332312576556,1
loss_given_default,1.0,1,1,Static,0.98,253.25,128,4,3,0.34911756104322933,0.00032905581545946674,1
loss_given_default,1.0,1,6,Static,0.98,253.25,128,4,3,2.3061564684203635,0.47374862037715876,1
loss_given_default,1.0,1,24,Static,0.98,253.25,128,4,3,3.6262136219895598,0.5390651246331895,1
loss_given_default,1.0,2,1,Static,0.98,519.0,128,0,1,0.48101354589136147,0.041853047047423576,1
loss_given_default,1.0,2,6,Static,0.98,519.0,128,3,4,0.0,0.0,2
loss_given_default,1.0,2,24,Static,0.98,519.0,128,3,4,-1.4210854715202004e-14,1.4210854715202004e-14,2
loss_given_default,1.0,3,1,Static,0.98,327.5,128,0,1,2.8338493862606615,0.47988254447797896,1
loss_given_default,1.0,3,6,Static,0.98,327.5,128,0,1,210.3715542675917,45.70117124095805,1
loss_given_default,1.0,3,24,Static,0.98,327.5,128,0,1,529.8331616764781,57.965553328455634,1
loss_given_default,1.0,4,1,Static,0.98,363.5,128,0,1,0.7644130944041239,0.8749201333278607,1
loss_given_default,1.0,4,6,Static,0.98,363.5,128,2,1,73.27451568836419,50.38294341337377,1
loss_given_default,1.0,4,24,Static,0.98,363.5,128,0,1,151.55698068948934,84.56546520359706,1
loss_given_default,1.0,5,1,Static,0.98,253.25,128,4,3,0.8261931980993636,0.15312490551471744,1
loss_given_default,1.0,5,6,Static,0.98,253.25,128,4,3,14.557047799164707,1.8496427744868513,1
loss_given_default,1.0,5,24,Static,0.98,253.25,128,4,3,3.2237714744926453,1.9596124944282745,1
loss_given_default,1.0,6,1,Static,0.98,514.5,128,0,3,37.45492075004768,24.540221201646435,1
loss_given_default,1.0,6,6,Static,0.98,514.5,128,0,1,274.6879541078571,18.943822676809216,1
loss_given_default,1.0,6,24,Static,0.98,514.5,128,0,1,280.2916253083816,18.513284238895494,1
loss_given_default,1.0,7,1,Static,0.98,519.0,128,4,3,0.1326273750274703,0.0021629902704493184,1
loss_given_default,1.0,7,6,Static,0.98,519.0,128,4,2,4.597388330736412,7.461601000500919,1
loss_given_default,1.0,7,24,Static,0.98,519.0,128,4,3,21.432553229561567,12.199773886179203,1
loss_given_default,1.0,8,1,Static,0.98,183.75,128,2,3,0.3327286192927724,0.21482094855856473,1
loss_given_default,1.0,8,6,Static,0.98,183.75,128,4,3,0.8078276895771004,1.0067418793022773,1
loss_given_default,1.0,8,24,Static,0.98,183.75,128,4,3,0.8078276895771004,1.0067418793022773,1
loss_given_default,1.0,9,1,Static,0.98,253.25,128,4,3,22.265237584670153,13.611554471764391,1
loss_given_default,1.0,9,6,Static,0.98,253.25,128,4,3,132.31624579514818,24.405650498419053,1
loss_given_default,1.0,9,24,Static,0.98,253.25,128,4,3,94.07370779500027,21.78472543848683,1
loss_given_default,1.0,10,1,Static,0.98,238.5,128,4,3,0.030915483162990726,0.0005463075893699758,1
loss_given_default,1.0,10,6,Static,0.98,238.5,128,4,3,1.1317881290789473,0.32135717618934173,1
loss_given_default,1.0,10,24,Static,0.98,238.5,128,4,3,1.2451423552100278,0.31195152299257933,1
loss_given_default,1.0,11,1,Static,0.98,238.5,128,3,4,0.038890888398818824,0.029927029910599017,1
loss_given_default,1.0,11,6,Static,0.98,238.5,128,3,4,3.3703132707236527,37.35560999104294,1
loss_given_default,1.0,11,24,Static,0.98,238.5,128,3,4,3.3703132707236527,37.35560999104294,1
loss_given_default,1.0,12,1,Static,0.98,519.0,128,0,1,40.22334186207945,39.89824224960062,1
loss_given_default,1.0,12,6,Static,0.98,519.0,128,0,1,596.3869782788165,50.54286548085168,1
loss_given_default,1.0,12,24,Static,0.98,519.0,128,0,1,1147.1658731363239,112.65153385409599,1
loss_given_default,1.0,13,1,Static,0.98,327.5,128,4,3,0.07412950509982352,0.0013083560996683388,1
loss_given_default,1.0,13,6,Static,0.98,327.5,128,4,3,1.4886560555062907,0.23454344195952348,1
loss_given_default,1.0,13,24,Static,0.98,327.5,128,4,3,5.672317227910014,3.681741247401473,1
loss_given_default,1.0,14,1,Static,0.98,492.0,128,4,3,0.31499948592532634,0.017723310448076762,1
loss_given_default,1.0,14,6,Static,0.98,492.0,128,4,3,0.9211508179023571,0.6054196657835533,1
loss_given_default,1.0,14,24,Static,0.98,492.0,128,4,3,12.451995254471091,14.322900122054616,1
loss_given_default,1.0,15,1,Static,0.98,514.5,128,1,3,0.1366440478287232,0.33966141962527463,1
loss_given_default,1.0,15,6,Static,0.98,514.5,128,4,3,23.796155214312776,2.056955975277729,1
loss_given_default,1.0,15,24,Static,0.98,514.5,128,4,3,184.18096865701483,63.35367922713111,1
loss_given_default,1.0,16,1,Static,0.98,253.25,128,0,1,1.1448398144221055,0.5649038602023403,1
loss_given_default,1.0,16,6,Static,0.98,253.25,128,3,4,0.15849235343597945,1.0466424055639156,1
loss_given_default,1.0,16,24,Static,0.98,253.25,128,3,2,0.6725426850409948,1.288261733460925,1
loss_given_default,1.0,17,1,Static,0.98,183.75,128,4,3,0.007306230579232589,0.214823984447681,1
loss_given_default,1.0,17,6,Static,0.98,183.75,128,4,3,0.7859906187885859,0.538923513855782,1
loss_given_default,1.0,17,24,Static,0.98,183.75,128,4,3,0.7859906187885859,0.538923513855782,1
loss_given_default,1.0,18,1,Static,0.98,327.5,128,4,3,0.013844756131123709,0.04152170668924906,1
loss_given_default,1.0,18,6,Static,0.98,327.5,128,4,3,5.229779546253722,0.7448304403874042,1
loss_given_default,1.0,18,24,Static,0.98,327.5,128,4,3,37.692188335654826,19.174652195667576,1
loss_given_default,1.0,19,1,Static,0.98,363.5,128,0,1,0.08810674330618862,0.0030092114586614217,1
loss_given_default,1.0,19,6,Static,0.98,363.5,128,0,1,2.7694118806593053,0.1401836988809021,1
loss_given_default,1.0,19,24,Static,0.98,363.5,128,2,1,1.1858208218256892,0.4774226583097032,1
loss_given_default,1.0,20,1,Static,0.98,363.5,128,2,1,0.017262640150974104,0.029670654999599068,1
loss_given_default,1.0,20,6,Static,0.98,363.5,128,0,1,0.6051274331134422,0.06791866920984845,1
loss_given_default,1.0,20,24,Static,0.98,363.5,128,1,0,0.08123746756136668,0.8402454043137604,1
loss_given_default,1.0,21,1,Static,0.98,492.0,128,0,1,31.198819464694374,4.471075860931194,1
loss_given_default,1.0,21,6,Static,0.98,492.0,128,0,1,211.04447734354363,22.48009442797746,1
loss_given_default,1.0,21,24,Static,0.98,492.0,128,0,1,356.7459639175584,31.247782300624912,1
loss_given_default,1.0,22,1,Static,0.98,279.5,128,0,1,0.2534166078751594,0.17962239504903266,1
loss_given_default,1.0,22,6,Static,0.98,279.5,128,2,1,35.56256835707313,20.77603399630986,1
loss_given_default,1.0,22,24,Static,0.98,279.5,128,1,2,21.31312502171616,62.92607751045617,1
loss_given_default,1.0,23,1,Static,0.98,279.5,128,0,1,0.2154496753276769,1.070316693088451,1
loss_given_default,1.0,23,6,Static,0.98,279.5,128,2,1,3.857913012440473,1.353271563217966,1
loss_given_default,1.0,23,24,Static,0.98,279.5,128,2,1,3.857913012440473,1.353271563217966,1
loss_given_default,1.0,24,1,Static,0.98,183.75,128,3,4,0.007590300131339073,0.21485806731936558,1
loss_given_default,1.0,24,6,Static,0.98,183.75,128,2,3,4.664137782388552,2.894970004401197,1
loss_given_default,1.0,24,24,Static,0.98,183.75,128,2,3,7.91432413445182,2.7731445311887097,1
loss_given_default,1.0,25,1,Static,0.98,514.5,128,1,0,0.007702879711814825,0.021941361148171093,1
loss_given_default,1.0,25,6,Static,0.98,514.5,128,4,3,47.25546225975209,25.2161863592538,1
loss_given_default,1.0,25,24,Static,0.98,514.5,128,4,3,124.72747568649223,39.93107724415171,1
loss_given_default,1.0,26,1,Static,0.98,327.5,128,4,3,0.06351176055892449,0.03294462081744535,1
loss_given_default,1.0,26,6,Static,0.98,327.5,128,4,3,22.662156338943397,9.34674682463682,1
loss_given_default,1.0,26,24,Static,0.98,327.5,128,4,3,53.58173277947698,20.442456382423703,1
loss_given_default,1.0,27,1,Static,0.98,363.5,128,2,1,0.043525927804694955,0.0009877661909789932,1
loss_given_default,1.0,27,6,Static,0.98,363.5,128,0,1,0.818051294070534,0.070356528979329,1
loss_given_default,1.0,27,24,Static,0.98,363.5,128,1,0,0.3624347472124599,0.24958830026741113,1
loss_given_default,1.0,28,1,Static,0.98,492.0,128,0,1,1.9483740337130977,0.4578978997508339,1
loss_given_default,1.0,28,6,Static,0.98,492.0,128,4,0,9.439890459380578,77.4507862027362,1
loss_given_default,1.0,28,24,Static,0.98,492.0,128,0,1,534.6339644117829,52.076775434578714,1
loss_given_default,1.0,29,1,Static,0.98,492.0,128,0,1,0.6754184649624689,0.07402718704133356,1
loss_given_default,1.0,29,6,Static,0.98,492.0,128,4,3,8.024773772534699,3.4345366122321686,1
loss_given_default,1.0,29,24,Static,0.98,492.0,128,0,1,258.9975259079072,28.870364863824282,1
loss_given_default,1.0,30,1,Static,0.98,183.75,128,4,3,0.05512321691223641,0.008410255722819827,1
loss_given_default,1.0,30,6,Static,0.98,183.75,128,4,3,1.3361284948266836,0.30862736465195406,1
loss_given_default,1.0,30,24,Static,0.98,183.75,128,4,3,1.6758049331659528,0.3181256457131943,1
loss_given_default,1.0,31,1,Static,0.98,238.5,128,4,3,0.035037099785833026,0.0007604096075742257,1
loss_given_default,1.0,31,6,Static,0.98,238.5,128,4,3,0.17256788964353964,0.01980771414864791,1
loss_given_default,1.0,31,24,Static,0.98,238.5,128,4,3,0.17256788964353964,0.01980771414864791,1
loss_given_default,1.0,32,1,Static,0.98,519.0,128,2,3,0.8841706638888862,0.7339657883738558,1
loss_given_default,1.0,32,6,Static,0.98,519.0,128,4,3,37.72291010840992,35.026806950928744,1
loss_given_default,1.0,32,24,Static,0.98,519.0,128,0,1,266.7817712330748,82.05228498499343,1
loss_given_default,1.0,33,1,Static,0.98,279.5,128,1,2,0.21871906753594061,0.011634494177130061,1
loss_given_default,1.0,33,6,Static,0.98,279.5,128,1,2,0.31272551598129605,0.08670676156166196,1
loss_given_default,1.0,33,24,Static,0.98,279.5,128,1,2,0.31272551598129605,0.08670676156166196,1
loss_given_default,1.0,34,1,Static,0.98,238.5,128,4,3,0.002678024315509564,0.0011359317980790967,1
loss_given_default,1.0,34,6,Static,0.98,238.5,128,4,3,1.1252984689871073,0.08272845952480673,1
loss_given_default,1.0,34,24,Static,0.98,238.5,128,4,3,1.1252984689871073,0.08272845952480673,1
loss_given_default,1.0,35,1,Static,0.98,514.5,128,0,1,0.036926219362973134,0.13073339863393416,1
loss_given_default,1.0,35,6,Static,0.98,514.5,128,4,3,2.9658472377273135,0.12989543966010347,1
loss_given_default,1.0,35,24,Static,0.98,514.5,128,4,3,8.213473107944477,2.491776918532671,1
loss_given_default,1.0,36,1,Static,0.98,82.5,128,2,1,55.16368052297746,43.57779017864826,1
loss_given_default,1.0,36,6,Static,0.98,82.5,128,0,1,52.42890638521646,19.14071270063398,1
loss_given_default,1.0,36,24,Static,0.98,82.5,128,0,1,52.42890638521646,19.14071270063398,1
loss_given_default,1.0,37,1,Static,0.98,480.0,128,0,1,0.6222638765368873,0.1355329640056007,1
loss_given_default,1.0,37,6,Static,0.98,480.0,128,4,3,6.337326798766346,2.4517601279424213,1
loss_given_default,1.0,37,24,Static,0.98,480.0,128,4,2,20.74739010718718,78.77396304505949,1
loss_given_default,1.0,38,1,Static,0.98,82.5,128,0,1,0.2822163883741563,0.05000622908739846,1
loss_given_default,1.0,38,6,Static,0.98,82.5,128,0,1,2.645016537898375,0.13921386603205685,1
loss_given_default,1.0,38,24,Static,0.98,82.5,128,0,1,2.849147195322529,0.15251333451179472,1
loss_given_default,1.0,39,1,Static,0.98,492.25,128,2,1,0.27137982793673765,0.8741564324100057,1
loss_given_default,1.0,39,6,Static,0.98,492.25,128,2,1,168.7423064062457,88.83601933625253,1
loss_given_default,1.0,39,24,Static,0.98,492.25,128,0,1,254.64268119221478,66.2598929723335,1
loss_given_default,1.0,40,1,Static,0.98,56.75,128,0,1,0.00855294361187689,0.0028865059785964826,1
loss_given_default,1.0,40,6,Static,0.98,56.75,128,4,3,0.0041520233778912785,0.013818986124381816,1
loss_given_default,1.0,40,24,Static,0.98,56.75,128,4,3,0.0041520233778912785,0.013818986124381816,1
loss_given_default,1.0,41,1,Static,0.98,29.5,128,4,3,0.1731335961028371,0.21476785356485192,1
loss_given_default,1.0,41,6,Static,0.98,29.5,128,4,3,1.6730806583602968,0.3117165213780955,1
loss_given_default,1.0,41,24,Static,0.98,29.5,128,4,3,1.6730806583602968,0.3117165213780955,1
loss_given_default,1.0,42,1,Static,0.98,82.5,128,2,1,21.33920595771155,21.599026943146757,1
loss_given_default,1.0,42,6,Static,0.98,82.5,128,2,1,74.73099767829589,38.04513769300057,1
loss_given_default,1.0,42,24,Static,0.98,82.5,128,2,1,74.73099767829589,38.04513769300057,1
loss_given_default,1.0,43,1,Static,0.98,29.5,128,4,3,0.23801954354794194,0.2148255563676767,1
loss_given_default,1.0,43,6,Static,0.98,29.5,128,4,3,0.23801954354794194,0.2148255563676767,1
loss_given_default,1.0,43,24,Static,0.98,29.5,128,4,3,0.23801954354794194,0.2148255563676767,1
loss_given_default,1.0,44,1,Static,0.98,143.25,128,4,3,40.596791856098626,29.668211385686977,1
loss_given_default,1.0,44,6,Static,0.98,143.25,128,0,1,293.16069161802955,15.795276390849473,1
loss_given_default,1.0,44,24,Static,0.98,143.25,128,0,1,293.16069161802955,15.795276390849473,1
loss_given_default,1.0,45,1,Static,0.98,451.5,128,0,1,3.7191962236198153,0.6877573220220038,1
loss_given_default,1.0,45,6,Static,0.98,451.5,128,0,1,113.7623240723014,13.229592455704656,1
loss_given_default,1.0,45,24,Static,0.98,451.5,128,0,1,154.64099411694446,12.379368678390057,1
loss_given_default,1.0,46,1,Static,0.98,76.5,128,2,1,0.016054381253451044,0.0009093021709493862,1
loss_given_default,1.0,46,6,Static,0.98,76.5,128,2,1,0.03686787069598285,0.0028014530540949804,1
loss_given_default,1.0,46,24,Static,0.98,76.5,128,2,1,0.03686787069598285,0.0028014530540949804,1
loss_given_default,1.0,47,1,Static,0.98,180.5,128,1,2,0.9806906628918286,0.6871302725642487,1
loss_given_default,1.0,47,6,Static,0.98,180.5,128,1,2,7.80672907299741,23.48320181376715,1
loss_given_default,1.0,47,24,Static,0.98,180.5,128,0,1,68.75521325699887,35.296593582736804,1
loss_given_default,1.0,48,1,Static,0.98,143.25,128,3,2,0.0010383173764981768,0.015392868710851907,1
loss_given_default,1.0,48,6,Static,0.98,143.25,128,4,3,38.85479380559114,16.465197604963397,1
loss_given_default,1.0,48,24,Static,0.98,143.25,128,4,3,35.14111224444917,16.59630784084507,1
loss_given_default,1.0,49,1,Static,0.98,76.5,128,4,3,2.154899640686969,0.39558764127009144,1
loss_given_default,1.0,49,6,Static,0.98,76.5,128,4,3,61.01982043446006,28.072684476147035,1
loss_given_default,1.0,49,24,Static,0.98,76.5,128,2,3,30.78625334868584,19.894529621276526,1
loss_given_default,1.0,50,1,Static,0.98,451.5,128,2,1,233.54786302476222,101.70222699980002,1
loss_given_default,1.0,50,6,Static,0.98,451.5,128,0,1,18.301797864722886,12.577248855675963,1
loss_given_default,1.0,50,24,Static,0.98,451.5,128,0,1,18.301797864722886,12.577248855675963,1
loss_given_default,1.0,51,1,Static,0.98,76.5,128,4,3,12.4848826240721,7.838328515862799,1
loss_given_default,1.0,51,6,Static,0.98,76.5,128,4,3,58.920362318144115,13.58697869888641,1
loss_given_default,1.0,51,24,Static,0.98,76.5,128,4,3,60.95058462096276,15.691489461938522,1
loss_given_default,1.0,52,1,Static,0.98,143.25,128,2,3,0.02561821114245824,0.0012859116960016734,1
loss_given_default,1.0,52,6,Static,0.98,143.25,128,3,4,0.0,0.0,2
loss_given_default,1.0,52,24,Static,0.98,143.25,128,3,4,0.0,0.0,2
loss_given_default,1.0,53,1,Static,0.98,56.75,128,3,4,0.0,0.0,2
loss_given_default,1.0,53,6,Static,0.98,56.75,128,3,4,0.0,0.0,2
loss_given_default,1.0,53,24,Static,0.98,56.75,128,3,4,0.0,0.0,2
loss_given_default,1.0,54,1,Static,0.98,29.5,128,2,3,1.3493959627894165,0.01773859396688245,1
loss_given_default,1.0,54,6,Static,0.98,29.5,128,2,3,0.6570050460678751,0.08478769316933064,1
loss_given_default,1.0,54,24,Static,0.98,29.5,128,2,3,0.6570050460678751,0.08478769316933064,1
loss_given_default,1.0,55,1,Static,0.98,180.5,128,1,0,0.12429922688011619,0.4565338680600873,1
loss_given_default,1.0,55,6,Static,0.98,180.5,128,0,1,0.08292079475553216,23.18541558933376,1
loss_given_default,1.0,55,24,Static,0.98,180.5,128,1,0,4.586563560199496,21.313067345944958,1
loss_given_default,1.0,56,1,Static,0.98,492.25,128,4,0,4.201936128298367,7.909331853343117,1
loss_given_default,1.0,56,6,Static,0.98,492.25,128,4,2,33.0410660640045,46.57317935047466,1
loss_given_default,1.0,56,24,Static,0.98,492.25,128,0,1,195.55613915259926,44.927621319704095,1
loss_given_default,1.0,57,1,Static,0.98,480.0,128,1,4,132.74874129557278,62.82231109404096,1
loss_given_default,1.0,57,6,Static,0.98,480.0,128,0,1,77.92116301942326,20.504973861755452,1
loss_given_default,1.0,57,24,Static,0.98,480.0,128,0,1,77.92116301942326,20.504973861755452,1
loss_given_default,1.0,58,1,Static,0.98,143.25,128,0,1,5.774307366938379,32.21134627752257,1
loss_given_default,1.0,58,6,Static,0.98,143.25,128,0,1,351.52221285159504,36.97863528385527,1
loss_given_default,1.0,58,24,Static,0.98,143.25,128,0,1,429.4088464458012,31.445310533424685,1
loss_given_default,1.0,59,1,Static,0.98,480.0,128,0,1,1.8780309537135664,0.37808423192816154,1
loss_given_default,1.0,59,6,Static,0.98,480.0,128,0,1,265.3300501290943,24.887197058083736,1
loss_given_default,1.0,59,24,Static,0.98,480.0,128,0,1,445.8778776652493,23.55093432432776,1
loss_given_default,1.0,60,1,Static,0.98,451.5,128,1,2,0.5715013394747324,21.911424150906953,1
loss_given_default,1.0,60,6,Static,0.98,451.5,128,1,0,31.129962339890717,51.33522777509322,1
loss_given_default,1.0,60,24,Static,0.98,451.5,128,0,1,248.86903407685116,42.882339376644616,1
loss_given_default,1.0,61,1,Static,0.98,82.5,128,2,1,35.23956095695214,39.59585723463882,1
loss_given_default,1.0,61,6,Static,0.98,82.5,128,0,2,111.61435915159468,114.36579043018018,1
loss_given_default,1.0,61,24,Static,0.98,82.5,128,0,2,111.61435915159468,114.36579043018018,1
loss_given_default,1.0,62,1,Static,0.98,56.75,128,4,0,0.05809537524002617,0.19266614007620825,1
loss_given_default,1.0,62,6,Static,0.98,56.75,128,4,3,3.969360301408085,1.9183967512443767,1
loss_given_default,1.0,62,24,Static,0.98,56.75,128,4,3,14.732763343315117,10.264366868711866,1
loss_given_default,1.0,63,1,Static,0.98,451.5,128,4,3,19.694875334208973,11.05180825985631,1
loss_given_default,1.0,63,6,Static,0.98,451.5,128,0,1,13.813611492772193,4.786016469429991,1
loss_given_default,1.0,63,24,Static,0.98,451.5,128,0,1,13.813611492772194,4.786016469429991,1
loss_given_default,1.0,64,1,Static,0.98,180.5,128,2,0,26.30274802865268,19.729174367680848,1
loss_given_default,1.0,64,6,Static,0.98,180.5,128,2,1,19.64030010977674,20.071468849217727,1
loss_given_default,1.0,64,24,Static,0.98,180.5,128,1,0,22.642127863897,39.30845524780132,1
loss_given_default,1.0,65,1,Static,0.98,480.0,128,4,3,0.031232395052007172,0.001343286474886317,1
loss_given_default,1.0,65,6,Static,0.98,480.0,128,4,3,38.881714557017176,17.60423626882726,1
loss_given_default,1.0,65,24,Static,0.98,480.0,128,4,3,63.07520761606768,32.59631864122685,1
loss_given_default,1.0,66,1,Static,0.98,492.25,128,0,1,0.39076965947607656,0.07207298294710536,1
loss_given_default,1.0,66,6,Static,0.98,492.25,128,2,1,68.03392076268558,42.62338290685335,1
loss_given_default,1.0,66,24,Static,0.98,492.25,128,0,1,26.810285595622442,31.311044026064543,1
loss_given_default,1.0,67,1,Static,0.98,180.5,128,0,1,0.013507908796533366,0.0007533853495144535,1
loss_given_default,1.0,67,6,Static,0.98,180.5,128,3,4,0.2013731099664208,0.040116540672789275,1
loss_given_default,1.0,67,24,Static,0.98,180.5,128,3,4,0.22726564793308185,0.051820490446552854,1
loss_given_default,1.0,68,1,Static,0.98,29.5,128,2,3,0.45903515976293086,0.06350394250357153,1
loss_given_default,1.0,68,6,Static,0.98,29.5,128,2,4,0.7962898464930116,2.9379669928942196,1
loss_given_default,1.0,68,24,Static,0.98,29.5,128,2,4,0.6189539055180834,3.0601740448330896,1
loss_given_default,1.0,69,1,Static,0.98,56.75,128,4,3,0.04618568735520573,0.0010487306579157149,1
loss_given_default,1.0,69,6,Static,0.98,56.75,128,4,3,0.16433875777102896,0.0047028601307689145,1
loss_given_default,1.0,69,24,Static,0.98,56.75,128,4,3,0.16433875777102896,0.0047028601307689145,1
loss_given_default,1.0,70,1,Static,0.98,492.25,128,4,0,8.141364464931605,8.942261941331461,1
loss_given_default,1.0,70,6,Static,0.98,492.25,128,3,2,3.3905433477635114,8.709803446758238,1
loss_given_default,1.0,70,24,Static,0.98,492.25,128,1,0,5.275488744186225,10.25378230592627,1
loss_given_default,1.0,71,1,Static,0.98,76.5,128,2,3,1.9592969956640398,0.21917407588238835,1
loss_given_default,1.0,71,6,Static,0.98,76.5,128,2,3,13.126411045190569,0.7322800241126756,1
loss_given_default,1.0,71,24,Static,0.98,76.5,128,2,3,18.352152118991256,0.9194310573124085,1
loss_given_default,1.25,0,1,Static,0.98,279.5,128,2,1,0.09335209447850265,0.00544882084636573,1
loss_given_default,1.25,0,6,Static,0.98,279.5,128,2,1,1.341483075753885,0.10181369977977751,1
loss_given_default,1.25,0,24,Static,0.98,279.5,128,2,1,1.341483075753885,0.10181369977977751,1
loss_given_default,1.25,1,1,Static,0.98,253.25,128,4,3,0.34911756104322933,0.00032905581545946674,1
loss_given_default,1.25,1,6,Static,0.98,253.25,128,4,3,2.0543234482797397,0.5838671345089131,1
loss_given_default,1.25,1,24,Static,0.98,253.25,128,4,3,3.327752765590567,0.6570021875109473,1
loss_given_default,1.25,2,1,Static,0.98,519.0,128,0,1,0.48101354589136147,0.041853047047423576,1
loss_given_default,1.25,2,6,Static,0.98,519.0,128,3,4,0.0,0.0,2
loss_given_default,1.25,2,24,Static,0.98,519.0,128,3,4,0.0,0.0,2
loss_given_default,1.25,3,1,Static,0.98,327.5,128,0,1,2.8338493862606615,0.47988254447797896,1
loss_given_default,1.25,3,6,Static,0.98,327.5,128,0,1,227.02938201784968,54.43111902265714,1
loss_given_default,1.25,3,24,Static,0.98,327.5,128,0,1,554.5210857073939,71.18040574593945,1
loss_given_default,1.25,4,1,Static,0.98,363.5,128,0,1,0.8388208927513334,0.8998311711035577,1
loss_given_default,1.25,4,6,Static,0.98,363.5,128,2,1,88.00104734056552,61.98134993395697,1
loss_given_default,1.25,4,24,Static,0.98,363.5,128,0,1,134.01710218363394,104.84567822421782,1
loss_given_default,1.25,5,1,Static,0.98,253.25,128,4,3,0.8261931980993636,0.15312490551471744,1
loss_given_default,1.25,5,6,Static,0.98,253.25,128,4,3,14.321509046026275,1.9516411071837498,1
loss_given_default,1.25,5,24,Static,0.98,253.25,128,4,3,2.63701278369145,2.1214492546029917,1
loss_given_default,1.25,6,1,Static,0.98,514.5,128,0,3,35.595816939954865,30.511121761992545,1
loss_given_default,1.25,6,6,Static,0.98,514.5,128,0,1,324.1884354951426,22.403202387963955,1
loss_given_default,1.25,6,24,Static,0.98,514.5,128,0,1,330.018450769556,18.00130686578003,1
loss_given_default,1.25,7,1,Static,0.98,519.0,128,4,3,0.1326273750274703,0.0021629902704493184,1
loss_given_default,1.25,7,6,Static,0.98,519.0,128,4,2,4.4964747591152845,7.4650145743409215,1
loss_given_default,1.25,7,24,Static,0.98,519.0,128,4,3,30.47409245930395,16.68679914505072,1
loss_given_default,1.25,8,1,Static,0.98,183.75,128,2,3,0.38643955679277237,0.2685317090397122,1
loss_given_default,1.25,8,6,Static,0.98,183.75,128,4,2,0.2674958337907328,1.542846595715141,1
loss_given_default,1.25,8,24,Static,0.98,183.75,128,4,2,0.2674958337907328,1.542846595715141,1
loss_given_default,1.25,9,1,Static,0.98,253.25,128,4,3,27.071787042321173,16.90770855317735,1
loss_given_default,1.25,9,6,Static,0.98,253.25,128,4,3,147.03182901803643,29.273139929276,1
loss_given_default,1.25,9,24,Static,0.98,253.25,128,4,3,110.0141351859074,26.75581187180683,1
loss_given_default,1.25,10,1,Static,0.98,238.5,128,4,3,0.030915483162990726,0.0005463075893699758,1
loss_given_default,1.25,10,6,Static,0.98,238.5,128,4,3,1.1420740630574633,0.32303738377535923,1
loss_given_default,1.25,10,24,Static,0.98,238.5,128,4,3,1.2554282891885438,0.31365284606354016,1
loss_given_default,1.25,11,1,Static,0.98,238.5,128,3,4,0.04471161286981751,0.03596554379751204,1
loss_given_default,1.25,11,6,Static,0.98,238.5,128,3,4,12.118635167347044,46.046087665255165,1
loss_given_default,1.25,11,24,Static,0.98,238.5,128,3,4,12.118635167347044,46.046087665255165,1
loss_given_default,1.25,12,1,Static,0.98,519.0,128,0,1,36.20306452491599,49.49703890256805,1
loss_given_default,1.25,12,6,Static,0.98,519.0,128,0,1,646.1300401583715,66.40361504646155,1
loss_given_default,1.25,12,24,Static,0.98,519.0,128,0,1,1272.5654903592358,109.91897151376041,1
loss_given_default,1.25,13,1,Static,0.98,327.5,128,4,3,0.07412950509982352,0.0013083560996683388,1
loss_given_default,1.25,13,6,Static,0.98,327.5,128,4,3,1.5086351004995426,0.24005161223425106,1
loss_given_default,1.25,13,24,Static,0.98,327.5,128,4,3,5.702071106050597,3.6819440559844785,1
loss_given_default,1.25,14,1,Static,0.98,492.0,128,4,3,0.31499948592532634,0.017723310448076762,1
loss_given_default,1.25,14,6,Static,0.98,492.0,128,4,3,0.9555810239187206,0.6150577434857185,1
loss_given_default,1.25,14,24,Static,0.98,492.0,128,4,3,15.371545597444282,17.191478928102374,1
loss_given_default,1.25,15,1,Static,0.98,514.5,128,1,3,0.17636115518157647,0.3568083328652828,1
loss_given_default,1.25,15,6,Static,0.98,514.5,128,4,3,23.825155169445054,2.062114107267645,1
loss_given_default,1.25,15,24,Static,0.98,514.5,128,4,3,203.72266016842838,75.68914977802393,1
loss_given_default,1.25,16,1,Static,0.98,253.25,128,0,1,1.4306957260604327,0.7061335669071649,1
loss_given_default,1.25,16,6,Static,0.98,253.25,128,0,1,0.09667622338302906,1.2458923082736828,1
loss_given_default,1.25,16,24,Static,0.98,253.25,128,1,0,0.15538475983401284,1.557632737879558,1
loss_given_default,1.25,17,1,Static,0.98,183.75,128,2,3,0.014117049140319263,0.2696365724149387,1
loss_given_default,1.25,17,6,Static,0.98,183.75,128,4,3,0.47844478988233574,0.6569616103632864,1
loss_given_default,1.25,17,24,Static,0.98,183.75,128,4,3,0.47844478988233574,0.6569616103632864,1
loss_given_default,1.25,18,1,Static,0.98,327.5,128,4,3,0.0034631247837025037,0.051901592351567306,1
loss_given_default,1.25,18,6,Static,0.98,327.5,128,4,3,5.242571526839809,0.7480007615330219,1
loss_given_default,1.25,18,24,Static,0.98,327.5,128,4,3,37.3051059490082,19.335474446779155,1
loss_given_default,1.25,19,1,Static,0.98,363.5,128,0,1,0.08810674330618862,0.0030092114586614217,1
loss_given_default,1.25,19,6,Static,0.98,363.5,128,0,1,2.776898630986123,0.14364434731776207,1
loss_given_default,1.25,19,24,Static,0.98,363.5,128,2,1,1.3535651493061693,0.5039480247712657,1
loss_given_default,1.25,20,1,Static,0.98,363.5,128,2,1,0.009845908525005317,0.03708492277268781,1
loss_given_default,1.25,20,6,Static,0.98,363.5,128,0,1,0.6099982653615486,0.07359643979402511,1
loss_given_default,1.25,20,24,Static,0.98,363.5,128,1,0,0.08330865760925515,0.8409835691570441,1
loss_given_default,1.25,21,1,Static,0.98,492.0,128,0,1,34.100504672350255,5.452377082050896,1
loss_given_default,1.25,21,6,Static,0.98,492.0,128,0,1,226.4724435069389,28.955262765524854,1
loss_given_default,1.25,21,24,Static,0.98,492.0,128,0,1,394.50251896007774,30.512867581473607,1
loss_given_default,1.25,22,1,Static,0.98,279.5,128,0,1,0.2972475448292753,0.22330937500382855,1
loss_given_default,1.25,22,6,Static,0.98,279.5,128,2,1,40.290899867609774,25.58212377535592,1
loss_given_default,1.25,22,24,Static,0.98,279.5,128,1,2,30.205256557996577,77.46734677748121,1
loss_given_default,1.25,23,1,Static,0.98,279.5,128,0,1,0.32465750420490824,1.1002249431742046,1
loss_given_default,1.25,23,6,Static,0.98,279.5,128,2,1,3.7586807103763067,1.3758987136460992,1
loss_given_default,1.25,23,24,Static,0.98,279.5,128,2,1,3.7586807103763067,1.3758987136460992,1
loss_given_default,1.25,24,1,Static,0.98,183.75,128,2,3,0.009159327008305213,0.270305775953924,1
loss_given_default,1.25,24,6,Static,0.98,183.75,128,2,3,4.718116981872928,3.411912155614296,1
loss_given_default,1.25,24,24,Static,0.98,183.75,128,2,3,8.111041608196508,3.2987283306777377,1
loss_given_default,1.25,25,1,Static,0.98,514.5,128,1,0,0.007702879711814825,0.021941361148171093,1
loss_given_default,1.25,25,6,Static,0.98,514.5,128,4,3,53.41295543641201,31.289905162695014,1
loss_given_default,1.25,25,24,Static,0.98,514.5,128,4,3,140.7028236243642,47.86804726950567,1
loss_given_default,1.25,26,1,Static,0.98,327.5,128,4,3,0.05124231310346883,0.041187910308241,1
loss_given_default,1.25,26,6,Static,0.98,327.5,128,4,3,22.721751543541636,9.346797241321221,1
loss_given_default,1.25,26,24,Static,0.98,327.5,128,4,3,58.51377491435553,24.73529422606373,1
loss_given_default,1.25,27,1,Static,0.98,363.5,128,2,1,0.043525927804694955,0.0009877661909789932,1
loss_given_default,1.25,27,6,Static,0.98,363.5,128,0,1,0.8262840328954486,0.07402087066221626,1
loss_given_default,1.25,27,24,Static,0.98,363.5,128,1,0,0.37292149058024743,0.25213021673036246,1
loss_given_default,1.25,28,1,Static,0.98,492.0,128,0,1,1.9483740337130977,0.4578978997508339,1
loss_given_default,1.25,28,6,Static,0.98,492.0,128,0,4,4.32648105565336,92.73877213648124,1
loss_given_default,1.25,28,24,Static,0.98,492.0,128,0,1,586.8747708408791,56.43757801922215,1
loss_given_default,1.25,29,1,Static,0.98,492.0,128,0,1,0.7003368045069908,0.09136996199885519,1
loss_given_default,1.25,29,6,Static,0.98,492.0,128,4,3,7.168285152448961,3.654058184850693,1
loss_given_default,1.25,29,24,Static,0.98,492.0,128,0,1,285.5249274454295,31.203969317401828,1
loss_given_default,1.25,30,1,Static,0.98,183.75,128,4,3,0.05512321691223641,0.008410255722819827,1
loss_given_default,1.25,30,6,Static,0.98,183.75,128,4,3,1.238416571715432,0.37561863317814154,1
loss_given_default,1.25,30,24,Static,0.98,183.75,128,4,3,1.578093010054701,0.3841420543268321,1
loss_given_default,1.25,31,1,Static,0.98,238.5,128,4,3,0.035037099785833026,0.0007604096075742257,1
loss_given_default,1.25,31,6,Static,0.98,238.5,128,4,3,0.17454228617040224,0.020678827959542834,1
loss_given_default,1.25,31,24,Static,0.98,238.5,128,4,3,0.17454228617040224,0.020678827959542834,1
loss_given_default,1.25,32,1,Static,0.98,519.0,128,2,3,0.9844060347574288,0.7455607611404306,1
loss_given_default,1.25,32,6,Static,0.98,519.0,128,4,3,46.596156406565825,44.18570746662764,1
loss_given_default,1.25,32,24,Static,0.98,519.0,128,0,1,303.6686678259831,86.74203092708562,1
loss_given_default,1.25,33,1,Static,0.98,279.5,128,1,2,0.21871906753594061,0.011634494177130061,1
loss_given_default,1.25,33,6,Static,0.98,279.5,128,1,2,0.3378493834781444,0.1049158979245568,1
loss_given_default,1.25,33,24,Static,0.98,279.5,128,1,2,0.3378493834781444,0.1049158979245568,1
loss_given_default,1.25,34,1,Static,0.98,238.5,128,4,3,0.002678024315509564,0.0011359317980790967,1
loss_given_default,1.25,34,6,Static,0.98,238.5,128,4,3,1.1142141452537246,0.08925245263415055,1
loss_given_default,1.25,34,24,Static,0.98,238.5,128,4,3,1.1142141452537246,0.08925245263415055,1
loss_given_default,1.25,35,1,Static,0.98,514.5,128,0,1,0.036926219362973134,0.13073339863393416,1
loss_given_default,1.25,35,6,Static,0.98,514.5,128,4,3,2.9658472377273135,0.12989543966010347,1
loss_given_default,1.25,35,24,Static,0.98,514.5,128,4,3,8.228942359450512,2.491606291289941,1
loss_given_default,1.25,36,1,Static,0.98,82.5,128,2,1,68.90261430812872,54.19890733592824,1
loss_given_default,1.25,36,6,Static,0.98,82.5,128,0,1,56.7331155159856,20.26087300360798,1
loss_given_default,1.25,36,24,Static,0.98,82.5,128,0,1,56.7331155159856,20.26087300360798,1
loss_given_default,1.25,37,1,Static,0.98,480.0,128,0,1,0.6654843169523068,0.1681917039275294,1
loss_given_default,1.25,37,6,Static,0.98,480.0,128,4,3,6.187940241755946,2.4700721255630915,1
loss_given_default,1.25,37,24,Static,0.98,480.0,128,4,2,43.638479066750406,84.65006876470417,1
loss_given_default,1.25,38,1,Static,0.98,82.5,128,0,1,0.2939055639398752,0.06154364775778874,1
loss_given_default,1.25,38,6,Static,0.98,82.5,128,0,1,2.6522927381042387,0.14545235146147895,1
loss_given_default,1.25,38,24,Static,0.98,82.5,128,0,1,2.856423395528391,0.15815439536470915,1
loss_given_default,1.25,39,1,Static,0.98,492.25,128,2,1,0.24241666738085876,0.87668667426444,1
loss_given_default,1.25,39,6,Static,0.98,492.25,128,2,1,207.6514913517323,108.17169994885211,1
loss_given_default,1.25,39,24,Static,0.98,492.25,128,0,1,293.23563194156725,73.57236364994208,1
loss_given_default,1.25,40,1,Static,0.98,56.75,128,0,1,0.00855294361187689,0.0028865059785964826,1
loss_given_default,1.25,40,6,Static,0.98,56.75,128,4,3,0.0041520233778912785,0.013818986124381816,1
loss_given_default,1.25,40,24,Static,0.98,56.75,128,4,3,0.0041520233778912785,0.013818986124381816,1
loss_given_default,1.25,41,1,Static,0.98,29.5,128,4,3,0.1194226586028371,0.26845385191909577,1
loss_given_default,1.25,41,6,Static,0.98,29.5,128,4,3,1.5677857364852967,0.385644817811599,1
loss_given_default,1.25,41,24,Static,0.98,29.5,128,4,3,1.5677857364852967,0.385644817811599,1
loss_given_default,1.25,42,1,Static,0.98,82.5,128,2,1,26.577937995165122,26.862016564531803,1
loss_given_default,1.25,42,6,Static,0.98,82.5,128,2,1,93.43740130311221,48.5657928145958,1
loss_given_default,1.25,42,24,Static,0.98,82.5,128,2,1,93.43740130311221,48.5657928145958,1
loss_given_default,1.25,43,1,Static,0.98,29.5,128,4,3,0.18430860604794194,0.26853164362473925,1
loss_given_default,1.25,43,6,Static,0.98,29.5,128,4,3,0.18430860604794194,0.26853164362473925,1
loss_given_default,1.25,43,24,Static,0.98,29.5,128,4,3,0.18430860604794194,0.26853164362473925,1
loss_given_default,1.25,44,1,Static,0.98,143.25,128,4,3,50.62511090625652,36.911787655830906,1
loss_given_default,1.25,44,6,Static,0.98,143.25,128,0,1,354.11489797863146,16.20297715956374,1
loss_given_default,1.25,44,24,Static,0.98,143.25,128,0,1,354.11489797863146,16.20297715956374,1
loss_given_default,1.25,45,1,Static,0.98,451.5,128,0,1,4.005764706370408,0.8185723174383615,1
loss_given_default,1.25,45,6,Static,0.98,451.5,128,0,1,125.43788401306608,15.512411673586454,1
loss_given_default,1.25,45,24,Static,0.98,451.5,128,0,1,174.4795168876564,12.848706021048951,1
loss_given_default,1.25,46,1,Static,0.98,76.5,128,2,1,0.019130679170213494,0.0011180482226083293,1
loss_given_default,1.25,46,6,Static,0.98,76.5,128,2,1,0.04248761139504431,0.0030517281238132965,1
loss_given_default,1.25,46,24,Static,0.98,76.5,128,2,1,0.04248761139504431,0.0030517281238132965,1
loss_given_default,1.25,47,1,Static,0.98,180.5,128,1,2,1.0253735085892126,0.829278510273645,1
loss_given_default,1.25,47,6,Static,0.98,180.5,128,2,1,2.533010703558565,29.471450731628714,1
loss_given_default,1.25,47,24,Static,0.98,180.5,128,0,1,61.734895800340716,32.23558371231005,1
loss_given_default,1.25,48,1,Static,0.98,143.25,128,3,2,0.001098184234900379,0.015396559887557606,1
loss_given_default,1.25,48,6,Static,0.98,143.25,128,4,3,45.57296281942898,21.028265254549225,1
loss_given_default,1.25,48,24,Static,0.98,143.25,128,4,3,41.500260867521106,19.129167392743636,1
loss_given_default,1.25,49,1,Static,0.98,76.5,128,4,3,2.2210379469440125,0.4077567906211431,1
loss_given_default,1.25,49,6,Static,0.98,76.5,128,4,3,72.00384384086509,33.99025079216346,1
loss_given_default,1.25,49,24,Static,0.98,76.5,128,2,3,22.73721867735032,24.98366275991971,1
loss_given_default,1.25,50,1,Static,0.98,451.5,128,2,1,290.25220862376455,126.44315981277778,1
loss_given_default,1.25,50,6,Static,0.98,451.5,128,0,1,16.62857737680268,12.021291950751818,1
loss_given_default,1.25,50,24,Static,0.98,451.5,128,0,1,16.62857737680268,12.021291950751818,1
loss_given_default,1.25,51,1,Static,0.98,76.5,128,4,3,15.246676396630612,9.74264168900084,1
loss_given_default,1.25,51,6,Static,0.98,76.5,128,4,3,66.22069769750303,16.28900075714093,1
loss_given_default,1.25,51,24,Static,0.98,76.5,128,4,3,70.73687301123982,18.80335065777294,1
loss_given_default,1.25,52,1,Static,0.98,143.25,128,2,3,0.02561821114245824,0.0012859116960016734,1
loss_given_default,1.25,52,6,Static,0.98,143.25,128,3,4,0.0,0.0,2
loss_given_default,1.25,52,24,Static,0.98,143.25,128,3,4,0.0,0.0,2
loss_given_default,1.25,53,1,Static,0.98,56.75,128,3,4,0.0,0.0,2
loss_given_default,1.25,53,6,Static,0.98,56.75,128,3,4,0.0,0.0,2
loss_given_default,1.25,53,24,Static,0.98,56.75,128,3,4,0.0,0.0,2
loss_given_default,1.25,54,1,Static,0.98,29.5,128,2,3,1.3493959627894165,0.01773859396688245,1
loss_given_default,1.25,54,6,Static,0.98,29.5,128,2,3,0.6570050460678751,0.08478769316933064,1
loss_given_default,1.25,54,24,Static,0.98,29.5,128,2,3,0.6570050460678751,0.08478769316933064,1
loss_given_default,1.25,55,1,Static,0.98,180.5,128,1,0,0.11352645304333198,0.457068690263963,1
loss_given_default,1.25,55,6,Static,0.98,180.5,128,1,0,3.7854520988595723,26.664694735200918,1
loss_given_default,1.25,55,24,Static,0.98,180.5,128,1,0,8.536811122458046,23.140822344250164,1
loss_given_default,1.25,56,1,Static,0.98,492.25,128,4,0,6.145366526876526,9.852294605811764,1
loss_given_default,1.25,56,6,Static,0.98,492.25,128,4,2,36.57330903899739,57.737090849197344,1
loss_given_default,1.25,56,24,Static,0.98,492.25,128,0,1,223.30675089495563,47.60190339400934,1
loss_given_default,1.25,57,1,Static,0.98,480.0,128,1,4,146.54922672296792,78.07228562816935,1
loss_given_default,1.25,57,6,Static,0.98,480.0,128,0,1,82.53696328482577,19.883677079110743,1
loss_given_default,1.25,57,24,Static,0.98,480.0,128,0,1,82.53696328482576,19.88367707911074,1
loss_given_default,1.25,58,1,Static,0.98,143.25,128,0,1,0.13670435116076973,39.90065188920624,1
loss_given_default,1.25,58,6,Static,0.98,143.25,128,0,1,393.4414548927598,45.6288317380905,1
loss_given_default,1.25,58,24,Static,0.98,143.25,128,0,1,487.28819688964427,30.656993904651568,1
loss_given_default,1.25,59,1,Static,0.98,480.0,128,0,1,2.016681942920081,0.43638540374123835,1
loss_given_default,1.25,59,6,Static,0.98,480.0,128,0,1,305.9980356265237,30.810083924595943,1
loss_given_default,1.25,59,24,Static,0.98,480.0,128,0,1,515.4769519087795,24.075802722175272,1
loss_given_default,1.25,60,1,Static,0.98,451.5,128,2,1,3.3626093148330902,27.222427030368817,1
loss_given_default,1.25,60,6,Static,0.98,451.5,128,1,0,73.0256093346193,65.55955715248177,1
loss_given_default,1.25,60,24,Static,0.98,451.5,128,0,1,255.9976808854162,41.79040750546405,1
loss_given_default,1.25,61,1,Static,0.98,82.5,128,2,1,44.19197218559908,49.25749505580578,1
loss_given_default,1.25,61,6,Static,0.98,82.5,128,0,2,88.7932307113071,139.07670442190815,1
loss_given_default,1.25,61,24,Static,0.98,82.5,128,0,2,88.7932307113071,139.07670442190815,1
loss_given_default,1.25,62,1,Static,0.98,56.75,128,4,0,0.055950258046121304,0.1937718754292462,1
loss_given_default,1.25,62,6,Static,0.98,56.75,128,4,3,3.960998298238361,1.9186752881892255,1
loss_given_default,1.25,62,24,Static,0.98,56.75,128,4,3,17.221094905300024,12.710742557880693,1
loss_given_default,1.25,63,1,Static,0.98,451.5,128,4,3,24.437897117284514,13.740106309799133,1
loss_given_default,1.25,63,6,Static,0.98,451.5,128,0,1,12.797964241692863,4.565355790018975,1
loss_given_default,1.25,63,24,Static,0.98,451.5,128,0,1,12.797964241692863,4.565355790018975,1
loss_given_default,1.25,64,1,Static,0.98,180.5,128,2,0,33.01282847858221,24.55646307138383,1
loss_given_default,1.25,64,6,Static,0.98,180.5,128,2,1,30.90875213161648,24.67067811410095,1
loss_given_default,1.25,64,24,Static,0.98,180.5,128,1,0,34.71756416498771,46.187314430962076,1
loss_given_default,1.25,65,1,Static,0.98,480.0,128,4,3,0.031232395052007172,0.001343286474886317,1
loss_given_default,1.25,65,6,Static,0.98,480.0,128,4,3,47.07059465518811,22.440983873339864,1
loss_given_default,1.25,65,24,Static,0.98,480.0,128,4,3,82.08335283841677,36.01480797037428,1
loss_given_default,1.25,66,1,Static,0.98,492.25,128,0,1,0.42878122764717697,0.08673655252912703,1
loss_given_default,1.25,66,6,Static,0.98,492.25,128,2,1,82.09132890173944,52.23760923722747,1
loss_given_default,1.25,66,24,Static,0.98,492.25,128,0,1,10.023807285714533,34.226664465209595,1
loss_given_default,1.25,67,1,Static,0.98,180.5,128,0,1,0.013507908796533366,0.0007533853495144535,1
loss_given_default,1.25,67,6,Static,0.98,180.5,128,3,4,0.19926003538525375,0.04025518317696414,1
loss_given_default,1.25,67,24,Static,0.98,180.5,128,3,4,0.22006795034573873,0.05324563454196527,1
loss_given_default,1.25,68,1,Static,0.98,29.5,128,2,3,0.46226586245647316,0.06487995749972802,1
loss_given_default,1.25,68,6,Static,0.98,29.5,128,2,4,1.2083694185166678,3.4076827975915074,1
loss_given_default,1.25,68,24,Static,0.98,29.5,128,2,4,1.0310334775417411,3.5214599273721374,1
loss_given_default,1.25,69,1,Static,0.98,56.75,128,4,3,0.04618568735520573,0.0010487306579157149,1
loss_given_default,1.25,69,6,Static,0.98,56.75,128,4,3,0.16468871919884315,0.004797191367964805,1
loss_given_default,1.25,69,24,Static,0.98,56.75,128,4,3,0.16468871919884315,0.004797191367964805,1
loss_given_default,1.25,70,1,Static,0.98,492.25,128,4,0,10.202850480844956,11.121521328920764,1
loss_given_default,1.25,70,6,Static,0.98,492.25,128,3,2,5.286340194951527,10.925335348958752,1
loss_given_default,1.25,70,24,Static,0.98,492.25,128,1,0,5.808406930872115,10.90752542255487,1
loss_given_default,1.25,71,1,Static,0.98,76.5,128,2,3,2.01300793316404,0.27222936874768705,1
loss_given_default,1.25,71,6,Static,0.98,76.5,128,2,3,13.817612220024724,0.8901673957569232,1
loss_given_default,1.25,71,24,Static,0.98,76.5,128,2,3,19.27654918979156,1.0620895560285708,1
loss_given_default,1.5,0,1,Static,0.98,279.5,128,2,1,0.0923024862879682,0.0064699700265024715,1
loss_given_default,1.5,0,6,Static,0.98,279.5,128,2,1,1.3404334675633505,0.10197465867276431,1
loss_given_default,1.5,0,24,Static,0.98,279.5,128,2,1,1.3404334675633505,0.10197465867276431,1
loss_given_default,1.5,1,1,Static,0.98,253.25,128,4,3,0.34911756104322933,0.00032905581545946674,1
loss_given_default,1.5,1,6,Static,0.98,253.25,128,4,3,1.8024904281391136,0.6942272054386759,1
loss_given_default,1.5,1,24,Static,0.98,253.25,128,4,3,3.0292919091915715,0.7754215090542312,1
loss_given_default,1.5,2,1,Static,0.98,519.0,128,0,1,0.48101354589136147,0.041853047047423576,1
loss_given_default,1.5,2,6,Static,0.98,519.0,128,3,4,0.0,0.0,2
loss_given_default,1.5,2,24,Static,0.98,519.0,128,3,4,0.0,0.0,2
loss_given_default,1.5,3,1,Static,0.98,327.5,128,0,1,2.8338493862606615,0.47988254447797896,1
loss_given_default,1.5,3,6,Static,0.98,327.5,128,0,1,243.6872097681076,63.21924074387503,1
loss_given_default,1.5,3,24,Static,0.98,327.5,128,0,1,579.2090097383095,84.66168630877257,1
loss_given_default,1.5,4,1,Static,0.98,363.5,128,0,1,0.913228691098543,0.9290382569809857,1
loss_given_default,1.5,4,6,Static,0.98,363.5,128,2,1,102.72757899276685,74.16008214045316,1
loss_given_default,1.5,4,24,Static,0.98,363.5,128,0,2,110.7790346293855,242.13448131014795,1
loss_given_default,1.5,5,1,Static,0.98,253.25,128,4,3,0.8261931980993636,0.15312490551471744,1
loss_given_default,1.5,5,6,Static,0.98,253.25,128,4,3,14.085970292887847,2.0644840948033045,1
loss_given_default,1.5,5,24,Static,0.98,253.25,128,4,3,2.050254092890253,2.2987428941735417,1
loss_given_default,1.5,6,1,Static,0.98,514.5,128,0,3,33.73671312986205,36.48567785178873,1
loss_given_default,1.5,6,6,Static,0.98,514.5,128,0,1,373.68891688242843,26.22667409694827,1
loss_given_default,1.5,6,24,Static,0.98,514.5,128,0,1,379.74527623073095,17.49792616798452,1
loss_given_default,1.5,7,1,Static,0.98,519.0,128,4,3,0.1326273750274703,0.0021629902704493184,1
loss_given_default,1.5,7,6,Static,0.98,519.0,128,4,2,4.395561187494153,7.468926462924721,1
loss_given_default,1.5,7,24,Static,0.98,519.0,128,4,3,39.51563168904634,22.785071639499975,1
loss_given_default,1.5,8,1,Static,0.98,183.75,128,2,3,0.44015049429277237,0.3222425285312812,1
loss_given_default,1.5,8,6,Static,0.98,183.75,128,2,4,0.3457371498967666,1.7531587439944902,1
loss_given_default,1.5,8,24,Static,0.98,183.75,128,2,4,0.3457371498967666,1.7531587439944902,1
loss_given_default,1.5,9,1,Static,0.98,253.25,128,4,3,31.878336499972207,20.204343016693265,1
loss_given_default,1.5,9,6,Static,0.98,253.25,128,4,3,161.7474122409247,34.250591015388906,1
loss_given_default,1.5,9,24,Static,0.98,253.25,128,4,3,125.95456257681451,31.89455511835037,1
loss_given_default,1.5,10,1,Static,0.98,238.5,128,4,3,0.030915483162990726,0.0005463075893699758,1
loss_given_default,1.5,10,6,Static,0.98,238.5,128,4,3,1.1523599970359815,0.3249225721626524,1
loss_given_default,1.5,10,24,Static,0.98,238.5,128,4,3,1.265714223167062,0.3155650058964906,1
loss_given_default,1.5,11,1,Static,0.98,238.5,128,3,4,0.050532337340814415,0.04214206545833466,1
loss_given_default,1.5,11,6,Static,0.98,238.5,128,3,4,20.86695706397045,54.77208487202236,1
loss_given_default,1.5,11,24,Static,0.98,238.5,128,3,4,20.86695706397045,54.77208487202236,1
loss_given_default,1.5,12,1,Static,0.98,519.0,128,0,1,32.18278718775246,59.105116584160776,1
loss_given_default,1.5,12,6,Static,0.98,519.0,128,0,1,695.873102037926,82.93158599353033,1
loss_given_default,1.5,12,24,Static,0.98,519.0,128,0,1,1397.9651075821475,108.40413032394052,1
loss_given_default,1.5,13,1,Static,0.98,327.5,128,4,3,0.07412950509982352,0.0013083560996683388,1
loss_given_default,1.5,13,6,Static,0.98,327.5,128,4,3,1.5286141454927893,0.24630437446568032,1
loss_given_default,1.5,13,24,Static,0.98,327.5,128,4,3,5.7318249841911815,3.68222993738284,1
loss_given_default,1.5,14,1,Static,0.98,492.0,128,4,3,0.31499948592532634,0.017723310448076762,1
loss_given_default,1.5,14,6,Static,0.98,492.0,128,4,3,0.9900112299350876,0.6264423054828582,1
loss_given_default,1.5,14,24,Static,0.98,492.0,128,4,3,18.29109594041747,20.061600499223214,1
loss_given_default,1.5,15,1,Static,0.98,514.5,128,1,3,0.21607826253443152,0.3765048854964061,1
loss_given_default,1.5,15,6,Static,0.98,514.5,128,4,3,23.854155124577325,2.0680965133598033,1
loss_given_default,1.5,15,24,Static,0.98,514.5,128,4,3,223.26435167984187,88.50312007679608,1
loss_given_default,1.5,16,1,Static,0.98,253.25,128,0,1,1.7165516376987608,0.847363285243,1
loss_given_default,1.5,16,6,Static,0.98,253.25,128,0,1,0.9262243847076961,1.4733058648474344,1
loss_given_default,1.5,16,24,Static,0.98,253.25,128,0,1,1.082094524736801,1.815519832874445,1
loss_given_default,1.5,17,1,Static,0.98,183.75,128,2,3,0.0678279866403197,0.323195710362515,1
loss_given_default,1.5,17,6,Static,0.98,183.75,128,4,3,0.1708989609760857,0.7765760451151316,1
loss_given_default,1.5,17,24,Static,0.98,183.75,128,4,3,0.1708989609760857,0.7765760451151316,1
loss_given_default,1.5,18,1,Static,0.98,327.5,128,2,3,0.0014297462127129401,0.0648266101242148,1
loss_given_default,1.5,18,6,Static,0.98,327.5,128,4,3,5.255363507425896,0.7517899177165195,1
loss_given_default,1.5,18,24,Static,0.98,327.5,128,4,3,36.918023562361576,19.51877481530814,1
loss_given_default,1.5,19,1,Static,0.98,363.5,128,0,1,0.08810674330618862,0.0030092114586614217,1
loss_given_default,1.5,19,6,Static,0.98,363.5,128,0,1,2.784385381312932,0.14799340782282389,1
loss_given_default,1.5,19,24,Static,0.98,363.5,128,2,1,1.5213094767866493,0.5351468563569215,1
loss_given_default,1.5,20,1,Static,0.98,363.5,128,2,1,0.002429176899037419,0.044500011708205375,1
loss_given_default,1.5,20,6,Static,0.98,363.5,128,0,1,0.6148690976096576,0.08015117158750433,1
loss_given_default,1.5,20,24,Static,0.98,363.5,128,1,0,0.08537984765713563,0.8419003029362416,1
loss_given_default,1.5,21,1,Static,0.98,492.0,128,0,1,37.00218988000613,6.444652013264797,1
loss_given_default,1.5,21,6,Static,0.98,492.0,128,0,1,241.900409670334,35.69599010191687,1
loss_given_default,1.5,21,24,Static,0.98,492.0,128,0,1,432.25907400259666,29.981997608947754,1
loss_given_default,1.5,22,1,Static,0.98,279.5,128,0,1,0.3410784817833983,0.2670435380131963,1
loss_given_default,1.5,22,6,Static,0.98,279.5,128,2,1,45.01923137814634,30.395813611264934,1
loss_given_default,1.5,22,24,Static,0.98,279.5,128,1,2,39.097388094277086,92.01098304318393,1
loss_given_default,1.5,23,1,Static,0.98,279.5,128,0,1,0.4338653330821396,1.1351076836245648,1
loss_given_default,1.5,23,6,Static,0.98,279.5,128,2,1,3.6594484083121404,1.4021308635054954,1
loss_given_default,1.5,23,24,Static,0.98,279.5,128,2,1,3.6594484083121404,1.4021308635054954,1
loss_given_default,1.5,24,1,Static,0.98,183.75,128,2,3,0.06287026450830527,0.3237907623127948,1
loss_given_default,1.5,24,6,Static,0.98,183.75,128,2,3,4.772096181357303,3.9336956127641725,1
loss_given_default,1.5,24,24,Static,0.98,183.75,128,2,3,8.307759081941196,3.8286467879487045,1
loss_given_default,1.5,25,1,Static,0.98,514.5,128,1,0,0.007702879711814825,0.021941361148171093,1
loss_given_default,1.5,25,6,Static,0.98,514.5,128,4,3,59.57044861307193,37.36444509030063,1
loss_given_default,1.5,25,24,Static,0.98,514.5,128,4,3,156.67817156223623,56.139097448274676,1
loss_given_default,1.5,26,1,Static,0.98,327.5,128,4,3,0.038972865648009614,0.049436230722246274,1
loss_given_default,1.5,26,6,Static,0.98,327.5,128,4,3,22.78134674813989,9.347027868430853,1
loss_given_default,1.5,26,24,Static,0.98,327.5,128,4,3,63.44581704923409,29.189524874420748,1
loss_given_default,1.5,27,1,Static,0.98,363.5,128,2,1,0.043525927804694955,0.0009877661909789932,1
loss_given_default,1.5,27,6,Static,0.98,363.5,128,0,1,0.8345167717203623,0.07838171594373504,1
loss_given_default,1.5,27,24,Static,0.98,363.5,128,1,0,0.3834082339480354,0.2552938501119011,1
loss_given_default,1.5,28,1,Static,0.98,492.0,128,0,1,1.9483740337130977,0.4578978997508339,1
loss_given_default,1.5,28,6,Static,0.98,492.0,128,0,4,18.0928525706872,108.33789377355963,1
loss_given_default,1.5,28,24,Static,0.98,492.0,128,0,1,639.1155772699751,62.65381608897402,1
loss_given_default,1.5,29,1,Static,0.98,492.0,128,0,1,0.7252551440515117,0.10880812741787987,1
loss_given_default,1.5,29,6,Static,0.98,492.0,128,4,3,6.311796532363225,3.897183825463728,1
loss_given_default,1.5,29,24,Static,0.98,492.0,128,0,1,312.0523289829519,33.91426525072557,1
loss_given_default,1.5,30,1,Static,0.98,183.75,128,4,3,0.05512321691223641,0.008410255722819827,1
loss_given_default,1.5,30,6,Static,0.98,183.75,128,4,3,1.140704648604182,0.44372013477013583,1
loss_given_default,1.5,30,24,Static,0.98,183.75,128,4,3,1.480381086943451,0.4515373764990536,1
loss_given_default,1.5,31,1,Static,0.98,238.5,128,4,3,0.035037099785833026,0.0007604096075742257,1
loss_given_default,1.5,31,6,Static,0.98,238.5,128,4,3,0.17651668269726528,0.02169513298085031,1
loss_given_default,1.5,31,24,Static,0.98,238.5,128,4,3,0.17651668269726528,0.02169513298085031,1
loss_given_default,1.5,32,1,Static,0.98,519.0,128,2,3,1.0846414056259608,0.7592931697699299,1
loss_given_default,1.5,32,6,Static,0.98,519.0,128,4,3,55.46940270472156,53.34474726775574,1
loss_given_default,1.5,32,24,Static,0.98,519.0,128,0,1,340.55556441889144,91.64811434262197,1
loss_given_default,1.5,33,1,Static,0.98,279.5,128,1,2,0.21871906753594061,0.011634494177130061,1
loss_given_default,1.5,33,6,Static,0.98,279.5,128,1,2,0.36297325097499633,0.12328061550608645,1
loss_given_default,1.5,33,24,Static,0.98,279.5,128,1,2,0.36297325097499633,0.12328061550608645,1
loss_given_default,1.5,34,1,Static,0.98,238.5,128,4,3,0.002678024315509564,0.0011359317980790967,1
loss_given_default,1.5,34,6,Static,0.98,238.5,128,4,3,1.1031298215203393,0.09637595614567393,1
loss_given_default,1.5,34,24,Static,0.98,238.5,128,4,3,1.1031298215203393,0.09637595614567393,1
loss_given_default,1.5,35,1,Static,0.98,514.5,128,0,1,0.036926219362973134,0.13073339863393416,1
loss_given_default,1.5,35,6,Static,0.98,514.5,128,4,3,2.9658472377273135,0.12989543966010347,1
loss_given_default,1.5,35,24,Static,0.98,514.5,128,4,3,8.244411610956545,2.491461383577864,1
loss_given_default,1.5,36,1,Static,0.98,82.5,128,2,1,82.64154809328005,64.82002588298386,1
loss_given_default,1.5,36,6,Static,0.98,82.5,128,0,1,61.03732464675475,21.386269019707694,1
loss_given_default,1.5,36,24,Static,0.98,82.5,128,0,1,61.03732464675475,21.386269019707694,1
loss_given_default,1.5,37,1,Static,0.98,480.0,128,0,1,0.7087047573677263,0.20092231120218446,1
loss_given_default,1.5,37,6,Static,0.98,480.0,128,4,3,6.038553684745482,2.4907654920360764,1
loss_given_default,1.5,37,24,Static,0.98,480.0,128,4,2,66.52956802631346,91.72712968075635,1
loss_given_default,1.5,38,1,Static,0.98,82.5,128,0,1,0.3055947395055941,0.07312928183662529,1
loss_given_default,1.5,38,6,Static,0.98,82.5,128,0,1,2.6595689383101058,0.15301659290502057,1
loss_given_default,1.5,38,24,Static,0.98,82.5,128,0,1,2.863699595734258,0.16506699685567608,1
loss_given_default,1.5,39,1,Static,0.98,492.25,128,2,1,0.21345350682496567,0.8797025503511259,1
loss_given_default,1.5,39,6,Static,0.98,492.25,128,2,1,246.56067629721898,127.71492586976692,1
loss_given_default,1.5,39,24,Static,0.98,492.25,128,0,1,331.82858269092003,81.01791000341596,1
loss_given_default,1.5,40,1,Static,0.98,56.75,128,0,1,0.00855294361187689,0.0028865059785964826,1
loss_given_default,1.5,40,6,Static,0.98,56.75,128,4,3,0.0041520233778912785,0.013818986124381816,1
loss_given_default,1.5,40,24,Static,0.98,56.75,128,4,3,0.0041520233778912785,0.013818986124381816,1
loss_given_default,1.5,41,1,Static,0.98,29.5,128,4,3,0.06571172110283716,0.322148164529621,1
loss_given_default,1.5,41,6,Static,0.98,29.5,128,4,3,1.4624908146102966,0.45965306706143644,1
loss_given_default,1.5,41,24,Static,0.98,29.5,128,4,3,1.4624908146102966,0.45965306706143644,1
loss_given_default,1.5,42,1,Static,0.98,82.5,128,2,1,31.816670032618703,32.12500753463048,1
loss_given_default,1.5,42,6,Static,0.98,82.5,128,2,1,112.14380492792851,59.16994975484391,1
loss_given_default,1.5,42,24,Static,0.98,82.5,128,2,1,112.14380492792851,59.16994975484391,1
loss_given_default,1.5,43,1,Static,0.98,29.5,128,4,3,0.13059766854794194,0.32223934769233875,1
loss_given_default,1.5,43,6,Static,0.98,29.5,128,4,3,0.13059766854794194,0.32223934769233875,1
loss_given_default,1.5,43,24,Static,0.98,29.5,128,4,3,0.13059766854794194,0.32223934769233875,1
loss_given_default,1.5,44,1,Static,0.98,143.25,128,4,3,60.65342995641438,44.1553645482202,1
loss_given_default,1.5,44,6,Static,0.98,143.25,128,0,1,415.0691043392337,16.728645865887604,1
loss_given_default,1.5,44,24,Static,0.98,143.25,128,0,1,415.0691043392337,16.728645865887604,1
loss_given_default,1.5,45,1,Static,0.98,451.5,128,0,1,4.292333189121005,0.9526218182917428,1
loss_given_default,1.5,45,6,Static,0.98,451.5,128,0,1,137.1134439538308,17.984637339659855,1
loss_given_default,1.5,45,24,Static,0.98,451.5,128,0,1,194.31803965836838,13.582289391180387,1
loss_given_default,1.5,46,1,Static,0.98,76.5,128,2,1,0.02220697708697772,0.001327215210236613,1
loss_given_default,1.5,46,6,Static,0.98,76.5,128,2,1,0.048107352094088895,0.003305200403541202,1
loss_given_default,1.5,46,24,Static,0.98,76.5,128,2,1,0.048107352094088895,0.003305200403541202,1
loss_given_default,1.5,47,1,Static,0.98,180.5,128,1,2,1.0700563542866286,0.9714917798242342,1
loss_given_default,1.5,47,6,Static,0.98,180.5,128,2,1,12.872750480114306,36.117046102085865,1
loss_given_default,1.5,47,24,Static,0.98,180.5,128,0,1,54.714578343682476,30.126620519187178,1
loss_given_default,1.5,48,1,Static,0.98,143.25,128,3,2,0.0011580510933025812,0.015400482903930056,1
loss_given_default,1.5,48,6,Static,0.98,143.25,128,4,3,52.29113183326683,25.631946146244985,1
loss_given_default,1.5,48,24,Static,0.98,143.25,128,4,3,47.85940949059306,22.373447370164662,1
loss_given_default,1.5,49,1,Static,0.98,76.5,128,4,3,2.28717625320104,0.422203981895482,1
loss_given_default,1.5,49,6,Static,0.98,76.5,128,4,3,82.9878672472701,40.050287559664234,1
loss_given_default,1.5,49,24,Static,0.98,76.5,128,2,3,14.68818400601483,30.876083874837935,1
loss_given_default,1.5,50,1,Static,0.98,451.5,128,2,1,346.9565542227668,151.18409272605206,1
loss_given_default,1.5,50,6,Static,0.98,451.5,128,0,1,14.955356888882378,11.465542629128276,1
loss_given_default,1.5,50,24,Static,0.98,451.5,128,0,1,14.955356888882378,11.465542629128276,1
loss_given_default,1.5,51,1,Static,0.98,76.5,128,4,3,18.008470169189117,11.64721441297146,1
loss_given_default,1.5,51,6,Static,0.98,76.5,128,4,3,73.52103307686195,19.039450872405645,1
loss_given_default,1.5,51,24,Static,0.98,76.5,128,4,3,80.52316140151693,21.956245550607356,1
loss_given_default,1.5,52,1,Static,0.98,143.25,128,2,3,0.02561821114245824,0.0012859116960016734,1
loss_given_default,1.5,52,6,Static,0.98,143.25,128,3,4,0.0,0.0,2
loss_given_default,1.5,52,24,Static,0.98,143.25,128,3,4,0.0,0.0,2
loss_given_default,1.5,53,1,Static,0.98,56.75,128,3,4,0.0,0.0,2
loss_given_default,1.5,53,6,Static,0.98,56.75,128,3,4,0.0,0.0,2
loss_given_default,1.5,53,24,Static,0.98,56.75,128,3,4,0.0,0.0,2
loss_given_default,1.5,54,1,Static,0.98,29.5,128,2,3,1.3493959627894165,0.01773859396688245,1
loss_given_default,1.5,54,6,Static,0.98,29.5,128,2,3,0.6570050460678751,0.08478769316933064,1
loss_given_default,1.5,54,24,Static,0.98,29.5,128,2,3,0.6570050460678751,0.08478769316933064,1
loss_given_default,1.5,55,1,Static,0.98,180.5,128,1,0,0.10275367920655132,0.457700670903698,1
loss_given_default,1.5,55,6,Static,0.98,180.5,128,1,0,7.653824992474551,30.482298654177566,1
loss_given_default,1.5,55,24,Static,0.98,180.5,128,1,0,12.487058684716517,25.718925617341384,1
loss_given_default,1.5,56,1,Static,0.98,492.25,128,4,0,8.088796925454684,11.795411440952046,1
loss_given_default,1.5,56,6,Static,0.98,492.25,128,4,2,40.10555201399026,68.94107881614298,1
loss_given_default,1.5,56,24,Static,0.98,492.25,128,0,1,251.057362637312,50.43585379814418,1
loss_given_default,1.5,57,1,Static,0.98,480.0,128,1,4,160.3497121503632,93.32407269246292,1
loss_given_default,1.5,57,6,Static,0.98,480.0,128,0,1,87.15276355022829,19.2941325516296,1
loss_given_default,1.5,57,24,Static,0.98,480.0,128,0,1,87.15276355022831,19.294132551629595,1
loss_given_default,1.5,58,1,Static,0.98,143.25,128,1,0,5.500898664616855,47.59353973036265,1
loss_given_default,1.5,58,6,Static,0.98,143.25,128,0,1,435.36069693392454,54.71117886957842,1
loss_given_default,1.5,58,24,Static,0.98,143.25,128,0,1,545.1675473334874,30.704636397968514,1
loss_given_default,1.5,59,1,Static,0.98,480.0,128,0,1,2.155332932126588,0.49848951389857915,1
loss_given_default,1.5,59,6,Static,0.98,480.0,128,0,1,346.66602112395316,36.84600837391559,1
loss_given_default,1.5,59,24,Static,0.98,480.0,128,0,1,585.0760261523096,24.7445954055925,1
loss_given_default,1.5,60,1,Static,0.98,451.5,128,2,1,7.296719969140895,32.53403305606411,1
loss_given_default,1.5,60,6,Static,0.98,451.5,128,1,0,114.92125632934787,80.40012095774507,1
loss_given_default,1.5,60,24,Static,0.98,451.5,128,0,1,263.1263276939813,40.95161621664934,1
loss_given_default,1.5,61,1,Static,0.98,82.5,128,2,1,53.14438341424607,58.919155919675354,1
loss_given_default,1.5,61,6,Static,0.98,82.5,128,0,2,65.97210227101952,164.67183629372045,1
loss_given_default,1.5,61,24,Static,0.98,82.5,128,0,2,65.97210227101952,164.67183629372045,1
loss_given_default,1.5,62,1,Static,0.98,56.75,128,4,0,0.053805140852218214,0.19507960638211194,1
loss_given_default,1.5,62,6,Static,0.98,56.75,128,4,3,3.9526362950686256,1.9189720510689439,1
loss_given_default,1.5,62,24,Static,0.98,56.75,128,4,3,19.7094264672849,15.167177385500311,1
loss_given_default,1.5,63,1,Static,0.98,451.5,128,4,3,29.18091890036005,16.42841768303268,1
loss_given_default,1.5,63,6,Static,0.98,451.5,128,0,1,11.782316990613559,4.345019636356293,1
loss_given_default,1.5,63,24,Static,0.98,451.5,128,0,1,11.782316990613559,4.345019636356293,1
loss_given_default,1.5,64,1,Static,0.98,180.5,128,2,0,39.72290892851172,29.383772474153034,1
loss_given_default,1.5,64,6,Static,0.98,180.5,128,2,1,42.1772041534562,30.080215142819256,1
loss_given_default,1.5,64,24,Static,0.98,180.5,128,1,0,46.79300046607839,53.448257545595375,1
loss_given_default,1.5,65,1,Static,0.98,480.0,128,4,3,0.031232395052007172,0.001343286474886317,1
loss_given_default,1.5,65,6,Static,0.98,480.0,128,4,3,55.259474753359086,27.2805446678202,1
loss_given_default,1.5,65,24,Static,0.98,480.0,128,4,3,101.09149806076594,40.27044104078018,1
loss_given_default,1.5,66,1,Static,0.98,492.25,128,0,1,0.46679279581830935,0.10164110998902479,1
loss_given_default,1.5,66,6,Static,0.98,492.25,128,2,1,96.14873704079326,61.86247449389951,1
loss_given_default,1.5,66,24,Static,0.98,492.25,128,1,0,6.762671024193267,39.38009338363539,1
loss_given_default,1.5,67,1,Static,0.98,180.5,128,0,1,0.013507908796533366,0.0007533853495144535,1
loss_given_default,1.5,67,6,Static,0.98,180.5,128,3,4,0.19714696080408936,0.04043024560876905,1
loss_given_default,1.5,67,24,Static,0.98,180.5,128,3,4,0.21287025275840316,0.054902273701263785,1
loss_given_default,1.5,68,1,Static,0.98,29.5,128,2,3,0.4654965651500159,0.06654653338802205,1
loss_given_default,1.5,68,6,Static,0.98,29.5,128,2,4,1.6204489905403276,3.8988235820883754,1
loss_given_default,1.5,68,24,Static,0.98,29.5,128,2,4,1.4431130495653997,4.005566892848954,1
loss_given_default,1.5,69,1,Static,0.98,56.75,128,4,3,0.04618568735520573,0.0010487306579157149,1
loss_given_default,1.5,69,6,Static,0.98,56.75,128,4,3,0.16503868062665777,0.00491468642276324,1
loss_given_default,1.5,69,24,Static,0.98,56.75,128,4,3,0.16503868062665777,0.00491468642276324,1
loss_given_default,1.5,70,1,Static,0.98,492.25,128,4,0,12.264336496758304,13.300782605625947,1
loss_given_default,1.5,70,6,Static,0.98,492.25,128,3,2,7.182137042139483,13.319234566699595,1
loss_given_default,1.5,70,24,Static,0.98,492.25,128,1,0,6.341325117558073,11.565204112290028,1
loss_given_default,1.5,71,1,Static,0.98,76.5,128,2,3,2.06671887066404,0.3254997887754879,1
loss_given_default,1.5,71,6,Static,0.98,76.5,128,2,3,14.508813394858876,1.053735459506949,1
loss_given_default,1.5,71,24,Static,0.98,76.5,128,2,3,20.200946260591863,1.2200460206021577,1
annual_funding_rate,0.5,0,1,Static,0.98,279.5,128,2,1,0.0969646339042502,0.0044114923877837595,1
annual_funding_rate,0.5,0,6,Static,0.98,279.5,128,2,1,1.2953301159783255,0.10126808235919967,1
annual_funding_rate,0.5,0,24,Static,0.98,279.5,128,2,1,1.2953301159783255,0.10126808235919967,1
annual_funding_rate,0.5,1,1,Static,0.98,253.25,128,4,3,0.4116175610432292,0.00032905581545946197,1
annual_funding_rate,0.5,1,6,Static,0.98,253.25,128,4,3,2.658795044924023,0.4755904475274534,1
annual_funding_rate,0.5,1,24,Static,0.98,253.25,128,4,3,4.184539878752242,0.5444250217720242,1
annual_funding_rate,0.5,2,1,Static,0.98,519.0,128,0,1,0.45487784365377626,0.040448455067402835,1
annual_funding_rate,0.5,2,6,Static,0.98,519.0,128,3,4,0.0,0.0,2
annual_funding_rate,0.5,2,24,Static,0.98,519.0,128,3,4,0.0,0.0,2
annual_funding_rate,0.5,3,1,Static,0.98,327.5,128,0,1,2.675065212027257,0.4557888254647966,1
annual_funding_rate,0.5,3,6,Static,0.98,327.5,128,0,1,207.37051300066818,45.657202469623314,1
annual_funding_rate,0.5,3,24,Static,0.98,327.5,128,0,1,522.4462037592921,58.36382718596282,1
annual_funding_rate,0.5,4,1,Static,0.98,363.5,128,0,1,0.7446793790707429,0.8590309898783112,1
annual_funding_rate,0.5,4,6,Static,0.98,363.5,128,2,1,73.66590461027066,50.547880824482924,1
annual_funding_rate,0.5,4,24,Static,0.98,363.5,128,0,1,148.07982183175488,84.7211882190289,1
annual_funding_rate,0.5,5,1,Static,0.98,253.25,128,4,3,0.805889007721752,0.1493617696764208,1
annual_funding_rate,0.5,5,6,Static,0.98,253.25,128,4,3,14.961674055851896,1.836461588695702,1
annual_funding_rate,0.5,5,24,Static,0.98,253.25,128,4,3,4.4826377395622705,1.9522318791196327,1
annual_funding_rate,0.5,6,1,Static,0.98,514.5,128,0,3,36.82944458075582,24.538305971751576,1
annual_funding_rate,0.5,6,6,Static,0.98,514.5,128,0,1,273.69333365988655,18.89782331483208,1
annual_funding_rate,0.5,6,24,Static,0.98,514.5,128,0,1,279.23471193731706,18.255010691785337,1
annual_funding_rate,0.5,7,1,Static,0.98,519.0,128,4,3,0.15709163844890117,0.002655804125583901,1
annual_funding_rate,0.5,7,6,Static,0.98,519.0,128,4,2,4.68098838880666,7.43194514697877,1
annual_funding_rate,0.5,7,24,Static,0.98,519.0,128,4,3,22.033919341955873,12.551429566285249,1
annual_funding_rate,0.5,8,1,Static,0.98,183.75,128,2,3,0.2702286192927724,0.21482094855856473,1
annual_funding_rate,0.5,8,6,Static,0.98,183.75,128,4,3,1.1577486068833511,1.0082561194256259,1
annual_funding_rate,0.5,8,24,Static,0.98,183.75,128,4,3,1.1577486068833511,1.0082561194256259,1
annual_funding_rate,0.5,9,1,Static,0.98,253.25,128,4,3,22.23569903992435,13.611399101731013,1
annual_funding_rate,0.5,9,6,Static,0.98,253.25,128,4,3,132.42697197499484,24.44584444185239,1
annual_funding_rate,0.5,9,24,Static,0.98,253.25,128,4,3,95.15748967580899,21.954629334922465,1
annual_funding_rate,0.5,10,1,Static,0.98,238.5,128,4,3,0.033963152087155155,0.0006458907647070756,1
annual_funding_rate,0.5,10,6,Static,0.98,238.5,128,4,3,1.111458813486014,0.30812264214964163,1
annual_funding_rate,0.5,10,24,Static,0.98,238.5,128,4,3,1.2191578899484488,0.2976050441517947,1
annual_funding_rate,0.5,11,1,Static,0.98,238.5,128,3,4,0.03600838836658338,0.029761949293640264,1
annual_funding_rate,0.5,11,6,Static,0.98,238.5,128,3,4,3.5103730001057265,37.34273062218468,1
annual_funding_rate,0.5,11,24,Static,0.98,238.5,128,3,4,3.5103730001057265,37.34273062218468,1
annual_funding_rate,0.5,12,1,Static,0.98,519.0,128,0,1,39.383438065435705,39.89189191212882,1
annual_funding_rate,0.5,12,6,Static,0.98,519.0,128,0,1,591.0316349589668,50.759557039548966,1
annual_funding_rate,0.5,12,24,Static,0.98,519.0,128,0,1,1139.1555681579043,110.85841034717585,1
annual_funding_rate,0.5,13,1,Static,0.98,327.5,128,4,3,0.08233223151359781,0.0015157662115336398,1
annual_funding_rate,0.5,13,6,Static,0.98,327.5,128,4,3,1.464150833996991,0.23216700785921196,1
annual_funding_rate,0.5,13,24,Static,0.98,327.5,128,4,3,5.563265461464644,3.6302280024389457,1
annual_funding_rate,0.5,14,1,Static,0.98,492.0,128,4,3,0.318164100958209,0.025592451019953562,1
annual_funding_rate,0.5,14,6,Static,0.98,492.0,128,4,3,0.7941173493914045,0.5771538342751582,1
annual_funding_rate,0.5,14,24,Static,0.98,492.0,128,4,3,12.162387537329742,14.472382000973594,1
annual_funding_rate,0.5,15,1,Static,0.98,514.5,128,1,3,0.1298119837238314,0.3326264410773191,1
annual_funding_rate,0.5,15,6,Static,0.98,514.5,128,4,3,23.700479732372315,2.0374858374388007,1
annual_funding_rate,0.5,15,24,Static,0.98,514.5,128,4,3,183.72557621820965,63.43970330675904,1
annual_funding_rate,0.5,16,1,Static,0.98,253.25,128,0,1,1.0688281288273684,0.5647935961902306,1
annual_funding_rate,0.5,16,6,Static,0.98,253.25,128,4,3,0.2758739811653381,1.0524230661831162,1
annual_funding_rate,0.5,16,24,Static,0.98,253.25,128,3,2,1.6030632672846794,1.306262746112498,1
annual_funding_rate,0.5,17,1,Static,0.98,183.75,128,4,3,0.06866529749241215,0.214820467745755,1
annual_funding_rate,0.5,17,6,Static,0.98,183.75,128,4,3,1.1339321456770481,0.5418283173445646,1
annual_funding_rate,0.5,17,24,Static,0.98,183.75,128,4,3,1.1339321456770481,0.5418283173445646,1
annual_funding_rate,0.5,18,1,Static,0.98,327.5,128,4,3,0.026876979332609255,0.041533399719232984,1
annual_funding_rate,0.5,18,6,Static,0.98,327.5,128,4,3,5.203579785191426,0.7333256240957177,1
annual_funding_rate,0.5,18,24,Static,0.98,327.5,128,4,3,37.27694124572284,19.02071661503801,1
annual_funding_rate,0.5,19,1,Static,0.98,363.5,128,0,1,0.07159055365484364,0.0025950446574349497,1
annual_funding_rate,0.5,19,6,Static,0.98,363.5,128,0,1,2.7589619263412075,0.13948915877553564,1
annual_funding_rate,0.5,19,24,Static,0.98,363.5,128,2,1,1.107644763315299,0.47554942890565594,1
annual_funding_rate,0.5,20,1,Static,0.98,363.5,128,2,1,0.02594873621479621,0.02967784110529818,1
annual_funding_rate,0.5,20,6,Static,0.98,363.5,128,0,1,0.6066448828487915,0.06803872827497114,1
annual_funding_rate,0.5,20,24,Static,0.98,363.5,128,0,1,0.006227979027279507,0.8163350319219117,1
annual_funding_rate,0.5,21,1,Static,0.98,492.0,128,0,1,30.90208212919317,4.462690306625582,1
annual_funding_rate,0.5,21,6,Static,0.98,492.0,128,0,1,208.97273139084834,22.541704697717016,1
annual_funding_rate,0.5,21,24,Static,0.98,492.0,128,0,1,354.0884215489738,30.770343175847337,1
annual_funding_rate,0.5,22,1,Static,0.98,279.5,128,0,1,0.22394509735203505,0.17934539969897256,1
annual_funding_rate,0.5,22,6,Static,0.98,279.5,128,2,1,35.70617278686422,20.969712607401416,1
annual_funding_rate,0.5,22,24,Static,0.98,279.5,128,1,2,21.164090286231232,62.97847413365664,1
annual_funding_rate,0.5,23,1,Static,0.98,279.5,128,0,1,0.21290734343389794,1.0536109643306175,1
annual_funding_rate,0.5,23,6,Static,0.98,279.5,128,2,1,3.8559057322689236,1.3333145291226876,1
annual_funding_rate,0.5,23,24,Static,0.98,279.5,128,2,1,3.8559057322689236,1.3333145291226876,1
annual_funding_rate,0.5,24,1,Static,0.98,183.75,128,4,3,0.05490969986866093,0.21485806731936558,1
annual_funding_rate,0.5,24,6,Static,0.98,183.75,128,2,3,4.309813491107304,2.904109065827631,1
annual_funding_rate,0.5,24,24,Static,0.98,183.75,128,2,3,7.505067234591603,2.7865781424653995,1
annual_funding_rate,0.5,25,1,Static,0.98,514.5,128,1,0,0.015635947814830797,0.021169538416904245,1
annual_funding_rate,0.5,25,6,Static,0.98,514.5,128,4,3,47.15456238552381,25.214920482011017,1
annual_funding_rate,0.5,25,24,Static,0.98,514.5,128,4,3,124.61977782181353,40.30941834983626,1
annual_funding_rate,0.5,26,1,Static,0.98,327.5,128,4,3,0.06864087833165566,0.032916867449392435,1
annual_funding_rate,0.5,26,6,Static,0.98,327.5,128,4,3,22.42963961950916,9.255008862545107,1
annual_funding_rate,0.5,26,24,Static,0.98,327.5,128,4,3,53.144544968367,20.519888844381594,1
annual_funding_rate,0.5,27,1,Static,0.98,363.5,128,2,1,0.05180247257179453,0.0011945980558801987,1
annual_funding_rate,0.5,27,6,Static,0.98,363.5,128,0,1,0.8032262217118612,0.07009602724976705,1
annual_funding_rate,0.5,27,24,Static,0.98,363.5,128,1,0,0.2837245289955206,0.2434721262987954,1
annual_funding_rate,0.5,28,1,Static,0.98,492.0,128,0,1,1.8797998544395473,0.44294320179754626,1
annual_funding_rate,0.5,28,6,Static,0.98,492.0,128,4,0,10.903689302722341,77.32548809315277,1
annual_funding_rate,0.5,28,24,Static,0.98,492.0,128,0,1,529.085482583372,51.55174449815977,1
annual_funding_rate,0.5,29,1,Static,0.98,492.0,128,0,1,0.6640823597795387,0.07393223309413383,1
annual_funding_rate,0.5,29,6,Static,0.98,492.0,128,4,3,7.991737851285347,3.4114607266610957,1
annual_funding_rate,0.5,29,24,Static,0.98,492.0,128,0,1,256.3921880169018,28.63065430128296,1
annual_funding_rate,0.5,30,1,Static,0.98,183.75,128,4,3,0.06018483430982076,0.009693057557955402,1
annual_funding_rate,0.5,30,6,Static,0.98,183.75,128,4,3,1.482985900840813,0.3109531421426301,1
annual_funding_rate,0.5,30,24,Static,0.98,183.75,128,4,3,1.8568168578788606,0.32104900607802817,1
annual_funding_rate,0.5,31,1,Static,0.98,238.5,128,4,3,0.03849202783662456,0.0008657093321770115,1
annual_funding_rate,0.5,31,6,Static,0.98,238.5,128,4,3,0.17405904615381335,0.019843569069185003,1
annual_funding_rate,0.5,31,24,Static,0.98,238.5,128,4,3,0.17405904615381335,0.019843569069185003,1
annual_funding_rate,0.5,32,1,Static,0.98,519.0,128,2,3,0.8746743105000796,0.7248131442862789,1
annual_funding_rate,0.5,32,6,Static,0.98,519.0,128,4,3,37.79042694709284,35.087759529192645,1
annual_funding_rate,0.5,32,24,Static,0.98,519.0,128,0,1,265.2149419078042,81.2908598658413,1
annual_funding_rate,0.5,33,1,Static,0.98,279.5,128,1,2,0.20536085731216908,0.011106196189055848,1
annual_funding_rate,0.5,33,6,Static,0.98,279.5,128,1,2,0.2917753936712112,0.08642746866057312,1
annual_funding_rate,0.5,33,24,Static,0.98,279.5,128,1,2,0.2917753936712112,0.08642746866057312,1
annual_funding_rate,0.5,34,1,Static,0.98,238.5,128,4,3,0.0063143470579056175,0.000985005983783132,1
annual_funding_rate,0.5,34,6,Static,0.98,238.5,128,4,3,1.1238939141558824,0.08269345795086548,1
annual_funding_rate,0.5,34,24,Static,0.98,238.5,128,4,3,1.1238939141558824,0.08269345795086548,1
annual_funding_rate,0.5,35,1,Static,0.98,514.5,128,0,1,0.034327837693998275,0.12775282293695905,1
annual_funding_rate,0.5,35,6,Static,0.98,514.5,128,4,3,2.951103145523582,0.12943987663435852,1
annual_funding_rate,0.5,35,24,Static,0.98,514.5,128,4,3,8.002016329112218,2.443489823219121,1
annual_funding_rate,0.5,36,1,Static,0.98,82.5,128,2,1,55.17903146599794,43.5777625677321,1
annual_funding_rate,0.5,36,6,Static,0.98,82.5,128,0,1,52.030085610715375,18.974732809763903,1
annual_funding_rate,0.5,36,24,Static,0.98,82.5,128,0,1,52.030085610715375,18.974732809763903,1
annual_funding_rate,0.5,37,1,Static,0.98,480.0,128,0,1,0.6017806363562229,0.1353621907781931,1
annual_funding_rate,0.5,37,6,Static,0.98,480.0,128,4,3,6.307557814132437,2.4297704009621492,1
annual_funding_rate,0.5,37,24,Static,0.98,480.0,128,4,2,22.399897389753722,78.10512419104893,1
annual_funding_rate,0.5,38,1,Static,0.98,82.5,128,0,1,0.2759863992698284,0.04991247871430256,1
annual_funding_rate,0.5,38,6,Static,0.98,82.5,128,0,1,2.652725059081643,0.13862278348352378,1
annual_funding_rate,0.5,38,24,Static,0.98,82.5,128,0,1,2.8695685908737474,0.15200046235611334,1
annual_funding_rate,0.5,39,1,Static,0.98,492.25,128,2,1,0.2693540092919562,0.8586393637311454,1
annual_funding_rate,0.5,39,6,Static,0.98,492.25,128,2,1,168.97157206921358,88.74771608148868,1
annual_funding_rate,0.5,39,24,Static,0.98,492.25,128,0,1,253.10809402973382,65.80968335102494,1
annual_funding_rate,0.5,40,1,Static,0.98,56.75,128,0,1,0.0036696760148444488,0.002651258400416463,1
annual_funding_rate,0.5,40,6,Static,0.98,56.75,128,4,3,0.005963840499534495,0.013984503333656462,1
annual_funding_rate,0.5,40,24,Static,0.98,56.75,128,4,3,0.005963840499534495,0.013984503333656462,1
annual_funding_rate,0.5,41,1,Static,0.98,29.5,128,4,3,0.2320870195908019,0.2147842504443687,1
annual_funding_rate,0.5,41,6,Static,0.98,29.5,128,4,3,1.8501331472897977,0.3124579003552181,1
annual_funding_rate,0.5,41,24,Static,0.98,29.5,128,4,3,1.8501331472897977,0.3124579003552181,1
annual_funding_rate,0.5,42,1,Static,0.98,82.5,128,2,1,21.341739527670576,21.59903061668968,1
annual_funding_rate,0.5,42,6,Static,0.98,82.5,128,2,1,74.80584620509853,38.12396806574319,1
annual_funding_rate,0.5,42,24,Static,0.98,82.5,128,2,1,74.80584620509853,38.12396806574319,1
annual_funding_rate,0.5,43,1,Static,0.98,29.5,128,4,3,0.3000558465294607,0.21482927805106286,1
annual_funding_rate,0.5,43,6,Static,0.98,29.5,128,4,3,0.3000558465294607,0.21482927805106286,1
annual_funding_rate,0.5,43,24,Static,0.98,29.5,128,4,3,0.3000558465294607,0.21482927805106286,1
annual_funding_rate,0.5,44,1,Static,0.98,143.25,128,4,3,40.602736574920485,29.668235159104245,1
annual_funding_rate,0.5,44,6,Static,0.98,143.25,128,0,1,292.6171280486893,15.634859447575268,1
annual_funding_rate,0.5,44,24,Static,0.98,143.25,128,0,1,292.6171280486893,15.634859447575268,1
annual_funding_rate,0.5,45,1,Static,0.98,451.5,128,0,1,3.682551807530949,0.6854094244758141,1
annual_funding_rate,0.5,45,6,Static,0.98,451.5,128,0,1,112.94714450230705,13.184268094958282,1
annual_funding_rate,0.5,45,24,Static,0.98,451.5,128,0,1,153.75368565998576,12.253135454092224,1
annual_funding_rate,0.5,46,1,Static,0.98,76.5,128,2,1,0.016015427527845683,0.0009085179020613488,1
annual_funding_rate,0.5,46,6,Static,0.98,76.5,128,2,1,0.03680241765123338,0.0027965840845958255,1
annual_funding_rate,0.5,46,24,Static,0.98,76.5,128,2,1,0.03680241765123338,0.0027965840845958255,1
annual_funding_rate,0.5,47,1,Static,0.98,180.5,128,1,2,0.9705813932417793,0.6858332739489705,1
annual_funding_rate,0.5,47,6,Static,0.98,180.5,128,1,2,7.2156579650292745,23.4838191484567,1
annual_funding_rate,0.5,47,24,Static,0.98,180.5,128,0,1,67.50923154303473,34.67059629782283,1
annual_funding_rate,0.5,48,1,Static,0.98,143.25,128,3,2,0.0026373789948255233,0.015088063275211687,1
annual_funding_rate,0.5,48,6,Static,0.98,143.25,128,4,3,38.86306798889435,16.506419704047644,1
annual_funding_rate,0.5,48,24,Static,0.98,143.25,128,4,3,35.23158515553521,16.554225996968725,1
annual_funding_rate,0.5,49,1,Static,0.98,76.5,128,4,3,2.1328449979755515,0.3914864023320057,1
annual_funding_rate,0.5,49,6,Static,0.98,76.5,128,4,3,61.9680878103942,28.097362447761743,1
annual_funding_rate,0.5,49,24,Static,0.98,76.5,128,2,3,28.08706404822997,20.117102992426545,1
annual_funding_rate,0.5,50,1,Static,0.98,451.5,128,2,1,233.54263352956406,101.70223082203935,1
annual_funding_rate,0.5,50,6,Static,0.98,451.5,128,0,1,18.011013126206677,12.406654433025821,1
annual_funding_rate,0.5,50,24,Static,0.98,451.5,128,0,1,18.011013126206677,12.406654433025821,1
annual_funding_rate,0.5,51,1,Static,0.98,76.5,128,4,3,12.471341831277885,7.838334484530012,1
annual_funding_rate,0.5,51,6,Static,0.98,76.5,128,4,3,59.14945965468176,13.60695863122178,1
annual_funding_rate,0.5,51,24,Static,0.98,76.5,128,4,3,61.72376825773068,15.790520346055791,1
annual_funding_rate,0.5,52,1,Static,0.98,143.25,128,2,3,0.020215224243948008,0.0011276944865166755,1
annual_funding_rate,0.5,52,6,Static,0.98,143.25,128,3,4,0.0,0.0,2
annual_funding_rate,0.5,52,24,Static,0.98,143.25,128,3,4,-2.220446049250313e-16,2.220446049250313e-16,2
annual_funding_rate,0.5,53,1,Static,0.98,56.75,128,3,4,0.0,0.0,2
annual_funding_rate,0.5,53,6,Static,0.98,56.75,128,3,4,0.0,0.0,2
annual_funding_rate,0.5,53,24,Static,0.98,56.75,128,3,4,0.0,0.0,2
annual_funding_rate,0.5,54,1,Static,0.98,29.5,128,2,3,1.2889170769252862,0.01692994284734279,1
annual_funding_rate,0.5,54,6,Static,0.98,29.5,128,2,3,0.41687971526694617,0.08502928022882836,1
annual_funding_rate,0.5,54,24,Static,0.98,29.5,128,2,3,0.41687971526694617,0.08502928022882836,1
annual_funding_rate,0.5,55,1,Static,0.98,180.5,128,1,0,0.12357675507135601,0.45171736453226347,1
annual_funding_rate,0.5,55,6,Static,0.98,180.5,128,1,0,0.11053584276113604,23.08127200374001,1
annual_funding_rate,0.5,55,24,Static,0.98,180.5,128,1,0,4.745478025189096,21.148909053470355,1
annual_funding_rate,0.5,56,1,Static,0.98,492.25,128,4,0,4.296659307490392,7.909175136344836,1
annual_funding_rate,0.5,56,6,Static,0.98,492.25,128,4,2,33.27010774630195,46.622377343386034,1
annual_funding_rate,0.5,56,24,Static,0.98,492.25,128,0,1,194.1369363983104,44.45937235745573,1
annual_funding_rate,0.5,57,1,Static,0.98,480.0,128,1,4,131.7892211966033,62.81822572633021,1
annual_funding_rate,0.5,57,6,Static,0.98,480.0,128,0,1,77.2040566548781,20.23616946601439,1
annual_funding_rate,0.5,57,24,Static,0.98,480.0,128,0,1,77.20405665487812,20.23616946601439,1
annual_funding_rate,0.5,58,1,Static,0.98,143.25,128,0,1,5.362967811410382,32.20309336788165,1
annual_funding_rate,0.5,58,6,Static,0.98,143.25,128,0,1,349.25129397791073,36.959401625284514,1
annual_funding_rate,0.5,58,24,Static,0.98,143.25,128,0,1,427.0302331387529,31.00165885855867,1
annual_funding_rate,0.5,59,1,Static,0.98,480.0,128,0,1,1.8290651816910546,0.3728732970221703,1
annual_funding_rate,0.5,59,6,Static,0.98,480.0,128,0,1,263.4756721241145,24.882750708619618,1
annual_funding_rate,0.5,59,24,Static,0.98,480.0,128,0,1,443.29140465857955,23.279099296863674,1
annual_funding_rate,0.5,60,1,Static,0.98,451.5,128,1,2,0.3101113297725995,21.910109353452178,1
annual_funding_rate,0.5,60,6,Static,0.98,451.5,128,1,0,33.83209421311262,51.468564728445756,1
annual_funding_rate,0.5,60,24,Static,0.98,451.5,128,0,1,245.23916331274728,42.21500423454002,1
annual_funding_rate,0.5,61,1,Static,0.98,82.5,128,2,1,35.258001580105386,39.595841185107886,1
annual_funding_rate,0.5,61,6,Static,0.98,82.5,128,0,2,108.42991056645315,114.40654573717498,1
annual_funding_rate,0.5,61,24,Static,0.98,82.5,128,0,2,108.42991056645315,114.40654573717498,1
annual_funding_rate,0.5,62,1,Static,0.98,56.75,128,4,0,0.05829794504812302,0.1904272686139334,1
annual_funding_rate,0.5,62,6,Static,0.98,56.75,128,4,3,3.9372092068162465,1.8997503705476846,1
annual_funding_rate,0.5,62,24,Static,0.98,56.75,128,4,3,14.68577761494831,10.261151623747898,1
annual_funding_rate,0.5,63,1,Static,0.98,451.5,128,4,3,19.692799535137144,11.051821906975471,1
annual_funding_rate,0.5,63,6,Static,0.98,451.5,128,0,1,13.627327091383833,4.727506304779845,1
annual_funding_rate,0.5,63,24,Static,0.98,451.5,128,0,1,13.627327091383833,4.727506304779845,1
annual_funding_rate,0.5,64,1,Static,0.98,180.5,128,2,0,26.317042573471312,19.729254908256728,1
annual_funding_rate,0.5,64,6,Static,0.98,180.5,128,2,1,19.954773641182378,20.032778588463497,1
annual_funding_rate,0.5,64,24,Static,0.98,180.5,128,1,0,23.082095345628915,39.23448140863568,1
annual_funding_rate,0.5,65,1,Static,0.98,480.0,128,4,3,0.036849453489866374,0.001153597753660748,1
annual_funding_rate,0.5,65,6,Static,0.98,480.0,128,4,3,38.95514292924398,17.656277267904297,1
annual_funding_rate,0.5,65,24,Static,0.98,480.0,128,4,3,63.66470904953839,32.37886394464213,1
annual_funding_rate,0.5,66,1,Static,0.98,492.25,128,0,1,0.3867616797361517,0.07189155382529662,1
annual_funding_rate,0.5,66,6,Static,0.98,492.25,128,2,1,67.93818756390603,42.60140485228239,1
annual_funding_rate,0.5,66,24,Static,0.98,492.25,128,0,1,25.562476511444817,31.016164854976264,1
annual_funding_rate,0.5,67,1,Static,0.98,180.5,128,0,1,0.011321292428826228,0.0006871883468864086,1
annual_funding_rate,0.5,67,6,Static,0.98,180.5,128,3,4,0.20136310099033772,0.040055622762314454,1
annual_funding_rate,0.5,67,24,Static,0.98,180.5,128,3,4,0.23777959274083518,0.05181202481087967,1
annual_funding_rate,0.5,68,1,Static,0.98,29.5,128,2,3,0.44108023887250647,0.06129643382357958,1
annual_funding_rate,0.5,68,6,Static,0.98,29.5,128,2,4,0.395779666995111,2.929558063758956,1
annual_funding_rate,0.5,68,24,Static,0.98,29.5,128,2,4,0.07099221659816957,3.058781580024364,1
annual_funding_rate,0.5,69,1,Static,0.98,56.75,128,4,3,0.051823646423952666,0.0011953484707513732,1
annual_funding_rate,0.5,69,6,Static,0.98,56.75,128,4,3,0.17288933011423752,0.004925479454174104,1
annual_funding_rate,0.5,69,24,Static,0.98,56.75,128,4,3,0.17288933011423752,0.004925479454174104,1
annual_funding_rate,0.5,70,1,Static,0.98,492.25,128,4,0,8.162152003145652,8.942270598077284,1
annual_funding_rate,0.5,70,6,Static,0.98,492.25,128,3,2,3.508009276394376,8.706913362873479,1
annual_funding_rate,0.5,70,24,Static,0.98,492.25,128,1,0,5.331297046715562,10.170075049917976,1
annual_funding_rate,0.5,71,1,Static,0.98,76.5,128,2,3,1.9011333643102228,0.21892911442487767,1
annual_funding_rate,0.5,71,6,Static,0.98,76.5,128,2,3,12.787837668048413,0.734159669836467,1
annual_funding_rate,0.5,71,24,Static,0.98,76.5,128,2,3,17.746880896112167,0.9261400966214821,1
annual_funding_rate,0.75,0,1,Static,0.98,279.5,128,2,1,0.09568316828664335,0.004423482402217203,1
annual_funding_rate,0.75,0,6,Static,0.98,279.5,128,2,1,1.3189313999613712,0.10146443979706009,1
annual_funding_rate,0.75,0,24,Static,0.98,279.5,128,2,1,1.3189313999613712,0.10146443979706009,1
annual_funding_rate,0.75,1,1,Static,0.98,253.25,128,4,3,0.38036756104322933,0.00032905581545945926,1
annual_funding_rate,0.75,1,6,Static,0.98,253.25,128,4,3,2.4824757566721942,0.47466910806788454,1
annual_funding_rate,0.75,1,24,Static,0.98,253.25,128,4,3,3.905376750370902,0.5417442440553555,1
annual_funding_rate,0.75,2,1,Static,0.98,519.0,128,0,1,0.4679456947725691,0.04115055062571806,1
annual_funding_rate,0.75,2,6,Static,0.98,519.0,128,3,4,0.0,0.0,2
annual_funding_rate,0.75,2,24,Static,0.98,519.0,128,3,4,0.0,0.0,2
annual_funding_rate,0.75,3,1,Static,0.98,327.5,128,0,1,2.754457299143961,0.4678356502764939,1
annual_funding_rate,0.75,3,6,Static,0.98,327.5,128,0,1,208.87103363413,45.67913489739453,1
annual_funding_rate,0.75,3,24,Static,0.98,327.5,128,0,1,526.1396827178852,58.164092747007395,1
annual_funding_rate,0.75,4,1,Static,0.98,363.5,128,0,1,0.7545462367374416,0.866971660602409,1
annual_funding_rate,0.75,4,6,Static,0.98,363.5,128,2,1,73.47021014931747,50.46507971585408,1
annual_funding_rate,0.75,4,24,Static,0.98,363.5,128,0,1,149.8184012606218,84.64055749710045,1
annual_funding_rate,0.75,5,1,Static,0.98,253.25,128,4,3,0.8160411029105582,0.15124333759556918,1
annual_funding_rate,0.75,5,6,Static,0.98,253.25,128,4,3,14.759360927508304,1.8430411015759114,1
annual_funding_rate,0.75,5,24,Static,0.98,253.25,128,4,3,3.8532046070274664,1.9558692254375063,1
annual_funding_rate,0.75,6,1,Static,0.98,514.5,128,0,3,37.14218266540175,24.539261026260228,1
annual_funding_rate,0.75,6,6,Static,0.98,514.5,128,0,1,274.19064388387187,18.920620811585263,1
annual_funding_rate,0.75,6,24,Static,0.98,514.5,128,0,1,279.7631686228494,18.384133206826753,1
annual_funding_rate,0.75,7,1,Static,0.98,519.0,128,4,3,0.14485950673818632,0.0024050210470663398,1
annual_funding_rate,0.75,7,6,Static,0.98,519.0,128,4,2,4.639188359771533,7.446771190576176,1
annual_funding_rate,0.75,7,24,Static,0.98,519.0,128,4,3,21.7332362857587,12.373640008155997,1
annual_funding_rate,0.75,8,1,Static,0.98,183.75,128,2,3,0.3014786192927724,0.21482094855856473,1
annual_funding_rate,0.75,8,6,Static,0.98,183.75,128,4,3,0.9827881482302239,1.0074977975186719,1
annual_funding_rate,0.75,8,24,Static,0.98,183.75,128,4,3,0.9827881482302239,1.0074977975186719,1
annual_funding_rate,0.75,9,1,Static,0.98,253.25,128,4,3,22.25046831229725,13.611476512823677,1
annual_funding_rate,0.75,9,6,Static,0.98,253.25,128,4,3,132.3716088850715,24.42567534319593,1
annual_funding_rate,0.75,9,24,Static,0.98,253.25,128,4,3,94.61559873540465,21.86940107099925,1
annual_funding_rate,0.75,10,1,Static,0.98,238.5,128,4,3,0.032439317625072864,0.000595895857278862,1
annual_funding_rate,0.75,10,6,Static,0.98,238.5,128,4,3,1.12162347128248,0.31473133517709984,1
annual_funding_rate,0.75,10,24,Static,0.98,238.5,128,4,3,1.2321501225792377,0.30476747123680054,1
annual_funding_rate,0.75,11,1,Static,0.98,238.5,128,3,4,0.037449638382697326,0.029844158247055202,1
annual_funding_rate,0.75,11,6,Static,0.98,238.5,128,3,4,3.4403431354146896,37.34916787853264,1
annual_funding_rate,0.75,11,24,Static,0.98,238.5,128,3,4,3.4403431354146896,37.34916787853264,1
annual_funding_rate,0.75,12,1,Static,0.98,519.0,128,0,1,39.803389963757546,39.895059635027245,1
annual_funding_rate,0.75,12,6,Static,0.98,519.0,128,0,1,593.7093066188916,50.650653230225885,1
annual_funding_rate,0.75,12,24,Static,0.98,519.0,128,0,1,1143.1607206471137,111.75422754905951,1
annual_funding_rate,0.75,13,1,Static,0.98,327.5,128,4,3,0.07823086830671033,0.0014114727272544491,1
annual_funding_rate,0.75,13,6,Static,0.98,327.5,128,4,3,1.4764034447516408,0.23330798184240717,1
annual_funding_rate,0.75,13,24,Static,0.98,327.5,128,4,3,5.61779134468734,3.65598429960344,1
annual_funding_rate,0.75,14,1,Static,0.98,492.0,128,4,3,0.31658179344176823,0.021648003388851568,1
annual_funding_rate,0.75,14,6,Static,0.98,492.0,128,4,3,0.8576340836468793,0.59105372295213,1
annual_funding_rate,0.75,14,24,Static,0.98,492.0,128,4,3,12.307191395900418,14.397496250120156,1
annual_funding_rate,0.75,15,1,Static,0.98,514.5,128,1,3,0.1332280157762764,0.3361400118595665,1
annual_funding_rate,0.75,15,6,Static,0.98,514.5,128,4,3,23.748317473342528,2.0472196812418235,1
annual_funding_rate,0.75,15,24,Static,0.98,514.5,128,4,3,183.9532724376123,63.39631124194159,1
annual_funding_rate,0.75,16,1,Static,0.98,253.25,128,0,1,1.1068339716247366,0.564847784340156,1
annual_funding_rate,0.75,16,6,Static,0.98,253.25,128,4,3,0.058690813864680724,1.049530017970262,1
annual_funding_rate,0.75,16,24,Static,0.98,253.25,128,3,2,1.1378029761628357,1.2972500133352398,1
annual_funding_rate,0.75,17,1,Static,0.98,183.75,128,4,3,0.037985764035822336,0.21482203416385015,1
annual_funding_rate,0.75,17,6,Static,0.98,183.75,128,4,3,0.9599613822328175,0.5403751227888225,1
annual_funding_rate,0.75,17,24,Static,0.98,183.75,128,4,3,0.9599613822328175,0.5403751227888225,1
annual_funding_rate,0.75,18,1,Static,0.98,327.5,128,4,3,0.020360867731866142,0.04152719732560327,1
annual_funding_rate,0.75,18,6,Static,0.98,327.5,128,4,3,5.216679665722582,0.7390763177920622,1
annual_funding_rate,0.75,18,24,Static,0.98,327.5,128,4,3,37.484564790688836,19.09768202578658,1
annual_funding_rate,0.75,19,1,Static,0.98,363.5,128,0,1,0.07984864848051611,0.0028019272032018417,1
annual_funding_rate,0.75,19,6,Static,0.98,363.5,128,0,1,2.7641869035002653,0.13983514003472863,1
annual_funding_rate,0.75,19,24,Static,0.98,363.5,128,2,1,1.1467327925705029,0.47648264239924576,1
annual_funding_rate,0.75,20,1,Static,0.98,363.5,128,2,1,0.021605688182884802,0.029674050253888355,1
annual_funding_rate,0.75,20,6,Static,0.98,363.5,128,0,1,0.6058861579811134,0.06797777612777654,1
annual_funding_rate,0.75,20,24,Static,0.98,363.5,128,1,0,0.037504744267037204,0.8282862198416813,1
annual_funding_rate,0.75,21,1,Static,0.98,492.0,128,0,1,31.050450796943785,4.46687497394958,1
annual_funding_rate,0.75,21,6,Static,0.98,492.0,128,0,1,210.00860436719603,22.510701667146073,1
annual_funding_rate,0.75,21,24,Static,0.98,492.0,128,0,1,355.41719273326606,31.00896056662091,1
annual_funding_rate,0.75,22,1,Static,0.98,279.5,128,0,1,0.23868085261359545,0.17948277335714796,1
annual_funding_rate,0.75,22,6,Static,0.98,279.5,128,2,1,35.63437057196866,20.87285848058357,1
annual_funding_rate,0.75,22,24,Static,0.98,279.5,128,1,2,21.238607653973723,62.95215997721713,1
annual_funding_rate,0.75,23,1,Static,0.98,279.5,128,0,1,0.2141785093807831,1.0619605519893043,1
annual_funding_rate,0.75,23,6,Static,0.98,279.5,128,2,1,3.856909372354716,1.3432902485880305,1
annual_funding_rate,0.75,23,24,Static,0.98,279.5,128,2,1,3.856909372354716,1.3432902485880305,1
annual_funding_rate,0.75,24,1,Static,0.98,183.75,128,4,3,0.023659699868660927,0.21485806731936558,1
annual_funding_rate,0.75,24,6,Static,0.98,183.75,128,2,3,4.4869756367479265,2.8995388642304345,1
annual_funding_rate,0.75,24,24,Static,0.98,183.75,128,2,3,7.709695684521711,2.779860115134134,1
annual_funding_rate,0.75,25,1,Static,0.98,514.5,128,1,0,0.011669413763322756,0.021555353915829755,1
annual_funding_rate,0.75,25,6,Static,0.98,514.5,128,4,3,47.20501232263797,25.215553369888525,1
annual_funding_rate,0.75,25,24,Static,0.98,514.5,128,4,3,124.67362675415289,40.119257121797816,1
annual_funding_rate,0.75,26,1,Static,0.98,327.5,128,4,3,0.06607631944528827,0.03292993237328674,1
annual_funding_rate,0.75,26,6,Static,0.98,327.5,128,4,3,22.54589797922628,9.300868179458076,1
annual_funding_rate,0.75,26,24,Static,0.98,327.5,128,4,3,53.363138873922,20.480923166366235,1
annual_funding_rate,0.75,27,1,Static,0.98,363.5,128,2,1,0.047664200188244826,0.0010911763818400343,1
annual_funding_rate,0.75,27,6,Static,0.98,363.5,128,0,1,0.8106387578911982,0.070225612065544,1
annual_funding_rate,0.75,27,24,Static,0.98,363.5,128,1,0,0.32307963810399104,0.24650682439941787,1
annual_funding_rate,0.75,28,1,Static,0.98,492.0,128,0,1,1.9140869440763209,0.4504205412817481,1
annual_funding_rate,0.75,28,6,Static,0.98,492.0,128,4,0,10.171789881051453,77.3879442039759,1
annual_funding_rate,0.75,28,24,Static,0.98,492.0,128,0,1,531.8597234975774,51.81090147957976,1
annual_funding_rate,0.75,29,1,Static,0.98,492.0,128,0,1,0.6697504123710063,0.073979577773878,1
annual_funding_rate,0.75,29,6,Static,0.98,492.0,128,4,3,8.008255811909997,3.4229948018000225,1
annual_funding_rate,0.75,29,24,Static,0.98,492.0,128,0,1,257.6948569624046,28.750110891148367,1
annual_funding_rate,0.75,30,1,Static,0.98,183.75,128,4,3,0.05765402561102857,0.00905164126779974,1
annual_funding_rate,0.75,30,6,Static,0.98,183.75,128,4,3,1.409557197833748,0.30975791128244573,1
annual_funding_rate,0.75,30,24,Static,0.98,183.75,128,4,3,1.7663108955224065,0.3195496587910337,1
annual_funding_rate,0.75,31,1,Static,0.98,238.5,128,4,3,0.036764563811228945,0.0008129797895511593,1
annual_funding_rate,0.75,31,6,Static,0.98,238.5,128,4,3,0.17331346789867652,0.019825310696637465,1
annual_funding_rate,0.75,31,24,Static,0.98,238.5,128,4,3,0.17331346789867652,0.019825310696637465,1
annual_funding_rate,0.75,32,1,Static,0.98,519.0,128,2,3,0.8794224871944833,0.7293886693056036,1
annual_funding_rate,0.75,32,6,Static,0.98,519.0,128,4,3,37.75666852775133,35.05728320052066,1
annual_funding_rate,0.75,32,24,Static,0.98,519.0,128,0,1,265.99835657043957,81.6715002443715,1
annual_funding_rate,0.75,33,1,Static,0.98,279.5,128,1,2,0.2120399624240546,0.01137030181757199,1
annual_funding_rate,0.75,33,6,Static,0.98,279.5,128,1,2,0.30225045482625534,0.08656539991224588,1
annual_funding_rate,0.75,33,24,Static,0.98,279.5,128,1,2,0.30225045482625534,0.08656539991224588,1
annual_funding_rate,0.75,34,1,Static,0.98,238.5,128,4,3,0.004496185686707584,0.0010599632384646874,1
annual_funding_rate,0.75,34,6,Static,0.98,238.5,128,4,3,1.1245961915714946,0.08271073378897152,1
annual_funding_rate,0.75,34,24,Static,0.98,238.5,128,4,3,1.1245961915714946,0.08271073378897152,1
annual_funding_rate,0.75,35,1,Static,0.98,514.5,128,0,1,0.03562702852848576,0.12924310929122357,1
annual_funding_rate,0.75,35,6,Static,0.98,514.5,128,4,3,2.958475191625446,0.12966751358822323,1
annual_funding_rate,0.75,35,24,Static,0.98,514.5,128,4,3,8.107744718528348,2.4676271100873852,1
annual_funding_rate,0.75,36,1,Static,0.98,82.5,128,2,1,55.171355994487655,43.57777637268688,1
annual_funding_rate,0.75,36,6,Static,0.98,82.5,128,0,1,52.22949599796597,19.057721120534648,1
annual_funding_rate,0.75,36,24,Static,0.98,82.5,128,0,1,52.22949599796597,19.057721120534648,1
annual_funding_rate,0.75,37,1,Static,0.98,480.0,128,0,1,0.612022256446554,0.13544721527440542,1
annual_funding_rate,0.75,37,6,Static,0.98,480.0,128,4,3,6.322442306449391,2.4407642531829707,1
annual_funding_rate,0.75,37,24,Static,0.98,480.0,128,4,2,21.57364374847051,78.43875999562961,1
annual_funding_rate,0.75,38,1,Static,0.98,82.5,128,0,1,0.27910139382199267,0.04995925904133634,1
annual_funding_rate,0.75,38,6,Static,0.98,82.5,128,0,1,2.648870798490006,0.13891786780734913,1
annual_funding_rate,0.75,38,24,Static,0.98,82.5,128,0,1,2.8593578930981343,0.1522559006244625,1
annual_funding_rate,0.75,39,1,Static,0.98,492.25,128,2,1,0.27036691861435025,0.8663975665180534,1
annual_funding_rate,0.75,39,6,Static,0.98,492.25,128,2,1,168.85693923772956,88.79176412609827,1
annual_funding_rate,0.75,39,24,Static,0.98,492.25,128,0,1,253.8753876109742,66.03472876979612,1
annual_funding_rate,0.75,40,1,Static,0.98,56.75,128,0,1,0.006111309813360616,0.0027686927227362434,1
annual_funding_rate,0.75,40,6,Static,0.98,56.75,128,4,3,0.005057931938711541,0.013900029192308332,1
annual_funding_rate,0.75,40,24,Static,0.98,56.75,128,4,3,0.005057931938711541,0.013900029192308332,1
annual_funding_rate,0.75,41,1,Static,0.98,29.5,128,4,3,0.2026103078468195,0.21477520798379557,1
annual_funding_rate,0.75,41,6,Static,0.98,29.5,128,4,3,1.7616069028250463,0.3120857553518763,1
annual_funding_rate,0.75,41,24,Static,0.98,29.5,128,4,3,1.7616069028250463,0.3120857553518763,1
annual_funding_rate,0.75,42,1,Static,0.98,82.5,128,2,1,21.340472742691066,21.59902877928274,1
annual_funding_rate,0.75,42,6,Static,0.98,82.5,128,2,1,74.76842194169717,38.084477656562576,1
annual_funding_rate,0.75,42,24,Static,0.98,82.5,128,2,1,74.76842194169717,38.084477656562576,1
annual_funding_rate,0.75,43,1,Static,0.98,29.5,128,4,3,0.26903769503870134,0.214827292108289,1
annual_funding_rate,0.75,43,6,Static,0.98,29.5,128,4,3,0.26903769503870134,0.214827292108289,1
annual_funding_rate,0.75,43,24,Static,0.98,29.5,128,4,3,0.26903769503870134,0.214827292108289,1
annual_funding_rate,0.75,44,1,Static,0.98,143.25,128,4,3,40.59976421550956,29.668223272255283,1
annual_funding_rate,0.75,44,6,Static,0.98,143.25,128,0,1,292.88890983335943,15.715034639245175,1
annual_funding_rate,0.75,44,24,Static,0.98,143.25,128,0,1,292.88890983335943,15.715034639245175,1
annual_funding_rate,0.75,45,1,Static,0.98,451.5,128,0,1,3.7008740155753896,0.6865814406689298,1
annual_funding_rate,0.75,45,6,Static,0.98,451.5,128,0,1,113.35473428730418,13.206840559531459,1
annual_funding_rate,0.75,45,24,Static,0.98,451.5,128,0,1,154.19733988846502,12.31613618273057,1
annual_funding_rate,0.75,46,1,Static,0.98,76.5,128,2,1,0.01603490439064381,0.0009089098732416841,1
annual_funding_rate,0.75,46,6,Static,0.98,76.5,128,2,1,0.036835144173608114,0.0027990185264271895,1
annual_funding_rate,0.75,46,24,Static,0.98,76.5,128,2,1,0.036835144173608114,0.0027990185264271895,1
annual_funding_rate,0.75,47,1,Static,0.98,180.5,128,1,2,0.9756360280667877,0.6864817443042517,1
annual_funding_rate,0.75,47,6,Static,0.98,180.5,128,1,2,7.5111935190133465,23.483137639770316,1
annual_funding_rate,0.75,47,24,Static,0.98,180.5,128,0,1,68.1322224000168,34.98325922639258,1
annual_funding_rate,0.75,48,1,Static,0.98,143.25,128,3,2,0.0018378481856623496,0.015240458702260134,1
annual_funding_rate,0.75,48,6,Static,0.98,143.25,128,4,3,38.85893089724272,16.48579032669654,1
annual_funding_rate,0.75,48,24,Static,0.98,143.25,128,4,3,35.186348699992124,16.574817479097423,1
annual_funding_rate,0.75,49,1,Static,0.98,76.5,128,4,3,2.143872319331259,0.3935363316998595,1
annual_funding_rate,0.75,49,6,Static,0.98,76.5,128,4,3,61.49395412242712,28.084934268005973,1
annual_funding_rate,0.75,49,24,Static,0.98,76.5,128,2,3,29.436658698457922,20.004238368868215,1
annual_funding_rate,0.75,50,1,Static,0.98,451.5,128,2,1,233.54524827716307,101.70222891087222,1
annual_funding_rate,0.75,50,6,Static,0.98,451.5,128,0,1,18.156405495464796,12.491951577317781,1
annual_funding_rate,0.75,50,24,Static,0.98,451.5,128,0,1,18.156405495464796,12.491951577317781,1
annual_funding_rate,0.75,51,1,Static,0.98,76.5,128,4,3,12.47811222767499,7.838331352717845,1
annual_funding_rate,0.75,51,6,Static,0.98,76.5,128,4,3,59.034910986412925,13.59693575269153,1
annual_funding_rate,0.75,51,24,Static,0.98,76.5,128,4,3,61.33717643934673,15.740943895046332,1
annual_funding_rate,0.75,52,1,Static,0.98,143.25,128,2,3,0.02291671769320309,0.0012066773226425377,1
annual_funding_rate,0.75,52,6,Static,0.98,143.25,128,3,4,0.0,0.0,2
annual_funding_rate,0.75,52,24,Static,0.98,143.25,128,3,4,0.0,0.0,2
annual_funding_rate,0.75,53,1,Static,0.98,56.75,128,3,4,0.0,0.0,2
annual_funding_rate,0.75,53,6,Static,0.98,56.75,128,3,4,0.0,0.0,2
annual_funding_rate,0.75,53,24,Static,0.98,56.75,128,3,4,0.0,0.0,2
annual_funding_rate,0.75,54,1,Static,0.98,29.5,128,2,3,1.3191565198573514,0.0173342677104864,1
annual_funding_rate,0.75,54,6,Static,0.98,29.5,128,2,3,0.5369423806674106,0.08490752250917832,1
annual_funding_rate,0.75,54,24,Static,0.98,29.5,128,2,3,0.5369423806674106,0.08490752250917832,1
annual_funding_rate,0.75,55,1,Static,0.98,180.5,128,1,0,0.12393799097573455,0.4541255943521342,1
annual_funding_rate,0.75,55,6,Static,0.98,180.5,128,1,0,0.013807524002876548,23.133203035545435,1
annual_funding_rate,0.75,55,24,Static,0.98,180.5,128,1,0,4.666020792694333,21.230684467152862,1
annual_funding_rate,0.75,56,1,Static,0.98,492.25,128,4,0,4.249297717894381,7.909253230067836,1
annual_funding_rate,0.75,56,6,Static,0.98,492.25,128,4,2,33.15558690515321,46.597723544891245,1
annual_funding_rate,0.75,56,24,Static,0.98,492.25,128,0,1,194.84653777545478,44.69338478599834,1
annual_funding_rate,0.75,57,1,Static,0.98,480.0,128,1,4,132.268981246088,62.820267434720606,1
annual_funding_rate,0.75,57,6,Static,0.98,480.0,128,0,1,77.56260983715035,20.37056401683386,1
annual_funding_rate,0.75,57,24,Static,0.98,480.0,128,0,1,77.56260983715036,20.37056401683386,1
annual_funding_rate,0.75,58,1,Static,0.98,143.25,128,0,1,5.568637589174388,32.207217260421736,1
annual_funding_rate,0.75,58,6,Static,0.98,143.25,128,0,1,350.386753414753,36.968774664552235,1
annual_funding_rate,0.75,58,24,Static,0.98,143.25,128,0,1,428.21953979227703,31.2231763497313,1
annual_funding_rate,0.75,59,1,Static,0.98,480.0,128,0,1,1.8535480677023126,0.37546497990592625,1
annual_funding_rate,0.75,59,6,Static,0.98,480.0,128,0,1,264.4028611266046,24.884905313483667,1
annual_funding_rate,0.75,59,24,Static,0.98,480.0,128,0,1,444.58464116191465,23.41496479695236,1
annual_funding_rate,0.75,60,1,Static,0.98,451.5,128,1,2,0.4408063346236979,21.910766194484115,1
annual_funding_rate,0.75,60,6,Static,0.98,451.5,128,1,0,32.48102827650156,51.40131027708059,1
annual_funding_rate,0.75,60,24,Static,0.98,451.5,128,0,1,247.0540986947994,42.548496500311316,1
annual_funding_rate,0.75,61,1,Static,0.98,82.5,128,2,1,35.24878126852876,39.59584919970701,1
annual_funding_rate,0.75,61,6,Static,0.98,82.5,128,0,2,110.02213485902391,114.38542455715297,1
annual_funding_rate,0.75,61,24,Static,0.98,82.5,128,0,2,110.02213485902391,114.38542455715297,1
annual_funding_rate,0.75,62,1,Static,0.98,56.75,128,4,0,0.05819666014407654,0.1915466450143712,1
annual_funding_rate,0.75,62,6,Static,0.98,56.75,128,4,3,3.953284754112168,1.9090735380582908,1
annual_funding_rate,0.75,62,24,Static,0.98,56.75,128,4,3,14.709270479131721,10.262754116265256,1
annual_funding_rate,0.75,63,1,Static,0.98,451.5,128,4,3,19.693837434673053,11.051815077763184,1
annual_funding_rate,0.75,63,6,Static,0.98,451.5,128,0,1,13.720469292077997,4.7567613169012795,1
annual_funding_rate,0.75,63,24,Static,0.98,451.5,128,0,1,13.720469292077997,4.7567613169012795,1
annual_funding_rate,0.75,64,1,Static,0.98,180.5,128,2,0,26.309895301062006,19.729214631071883,1
annual_funding_rate,0.75,64,6,Static,0.98,180.5,128,2,1,19.797536875479565,20.051690759748126,1
annual_funding_rate,0.75,64,24,Static,0.98,180.5,128,1,0,22.862111604763022,39.271175887565605,1
annual_funding_rate,0.75,65,1,Static,0.98,480.0,128,4,3,0.03404092427093674,0.0012450566051491693,1
annual_funding_rate,0.75,65,6,Static,0.98,480.0,128,4,3,38.91842874313059,17.630244956284322,1
annual_funding_rate,0.75,65,24,Static,0.98,480.0,128,4,3,63.36995833280295,32.48695605585033,1
annual_funding_rate,0.75,66,1,Static,0.98,492.25,128,0,1,0.38876566960611614,0.071982124201123,1
annual_funding_rate,0.75,66,6,Static,0.98,492.25,128,2,1,67.9860541632957,42.612389622488436,1
annual_funding_rate,0.75,66,24,Static,0.98,492.25,128,0,1,26.18638105353368,31.16243914985837,1
annual_funding_rate,0.75,67,1,Static,0.98,180.5,128,0,1,0.012414600612679792,0.0007202231640462997,1
annual_funding_rate,0.75,67,6,Static,0.98,180.5,128,3,4,0.2013681054783804,0.04008596680066652,1
annual_funding_rate,0.75,67,24,Static,0.98,180.5,128,3,4,0.23252262033695942,0.051815441396433515,1
annual_funding_rate,0.75,68,1,Static,0.98,29.5,128,2,3,0.4500576993177188,0.0623992566725379,1
annual_funding_rate,0.75,68,6,Static,0.98,29.5,128,2,4,0.5960347567440603,2.933749980320366,1
annual_funding_rate,0.75,68,24,Static,0.98,29.5,128,2,4,0.3449730610581252,3.0594558132905636,1
annual_funding_rate,0.75,69,1,Static,0.98,56.75,128,4,3,0.049004666889579315,0.0011220130441841163,1
annual_funding_rate,0.75,69,6,Static,0.98,56.75,128,4,3,0.1686140439426329,0.004813816112269546,1
annual_funding_rate,0.75,69,24,Static,0.98,56.75,128,4,3,0.1686140439426329,0.004813816112269546,1
annual_funding_rate,0.75,70,1,Static,0.98,492.25,128,4,0,8.151758234038631,8.942266258062814,1
annual_funding_rate,0.75,70,6,Static,0.98,492.25,128,3,2,3.449276312078948,8.708266253571795,1
annual_funding_rate,0.75,70,24,Static,0.98,492.25,128,1,0,5.303392895450832,10.211927026824064,1
annual_funding_rate,0.75,71,1,Static,0.98,76.5,128,2,3,1.9302151799871314,0.21905075529595538,1
annual_funding_rate,0.75,71,6,Static,0.98,76.5,128,2,3,12.957124356619495,0.7332176744069963,1
annual_funding_rate,0.75,71,24,Static,0.98,76.5,128,2,3,18.04951650755171,0.9227717969983295,1
annual_funding_rate,1.0,0,1,Static,0.98,279.5,128,2,1,0.09440170266903711,0.00444096158450094,1
annual_funding_rate,1.0,0,6,Static,0.98,279.5,128,2,1,1.3425326839444194,0.10166332312576556,1
annual_funding_rate,1.0,0,24,Static,0.98,279.5,128,2,1,1.3425326839444194,0.10166332312576556,1
annual_funding_rate,1.0,1,1,Static,0.98,253.25,128,4,3,0.34911756104322933,0.00032905581545946674,1
annual_funding_rate,1.0,1,6,Static,0.98,253.25,128,4,3,2.3061564684203635,0.47374862037715876,1
annual_funding_rate,1.0,1,24,Static,0.98,253.25,128,4,3,3.6262136219895598,0.5390651246331895,1
annual_funding_rate,1.0,2,1,Static,0.98,519.0,128,0,1,0.48101354589136147,0.041853047047423576,1
annual_funding_rate,1.0,2,6,Static,0.98,519.0,128,3,4,0.0,0.0,2
annual_funding_rate,1.0,2,24,Static,0.98,519.0,128,3,4,-1.4210854715202004e-14,1.4210854715202004e-14,2
annual_funding_rate,1.0,3,1,Static,0.98,327.5,128,0,1,2.8338493862606615,0.47988254447797896,1
annual_funding_rate,1.0,3,6,Static,0.98,327.5,128,0,1,210.3715542675917,45.70117124095805,1
annual_funding_rate,1.0,3,24,Static,0.98,327.5,128,0,1,529.8331616764781,57.965553328455634,1
annual_funding_rate,1.0,4,1,Static,0.98,363.5,128,0,1,0.7644130944041239,0.8749201333278607,1
annual_funding_rate,1.0,4,6,Static,0.98,363.5,128,2,1,73.27451568836419,50.38294341337377,1
annual_funding_rate,1.0,4,24,Static,0.98,363.5,128,0,1,151.55698068948934,84.56546520359706,1
annual_funding_rate,1.0,5,1,Static,0.98,253.25,128,4,3,0.8261931980993636,0.15312490551471744,1
annual_funding_rate,1.0,5,6,Static,0.98,253.25,128,4,3,14.557047799164707,1.8496427744868513,1
annual_funding_rate,1.0,5,24,Static,0.98,253.25,128,4,3,3.2237714744926453,1.9596124944282745,1
annual_funding_rate,1.0,6,1,Static,0.98,514.5,128,0,3,37.45492075004768,24.540221201646435,1
annual_funding_rate,1.0,6,6,Static,0.98,514.5,128,0,1,274.6879541078571,18.943822676809216,1
annual_funding_rate,1.0,6,24,Static,0.98,514.5,128,0,1,280.2916253083816,18.513284238895494,1
annual_funding_rate,1.0,7,1,Static,0.98,519.0,128,4,3,0.1326273750274703,0.0021629902704493184,1
annual_funding_rate,1.0,7,6,Static,0.98,519.0,128,4,2,4.597388330736412,7.461601000500919,1
annual_funding_rate,1.0,7,24,Static,0.98,519.0,128,4,3,21.432553229561567,12.199773886179203,1
annual_funding_rate,1.0,8,1,Static,0.98,183.75,128,2,3,0.3327286192927724,0.21482094855856473,1
annual_funding_rate,1.0,8,6,Static,0.98,183.75,128,4,3,0.8078276895771004,1.0067418793022773,1
annual_funding_rate,1.0,8,24,Static,0.98,183.75,128,4,3,0.8078276895771004,1.0067418793022773,1
annual_funding_rate,1.0,9,1,Static,0.98,253.25,128,4,3,22.265237584670153,13.611554471764391,1
annual_funding_rate,1.0,9,6,Static,0.98,253.25,128,4,3,132.31624579514818,24.405650498419053,1
annual_funding_rate,1.0,9,24,Static,0.98,253.25,128,4,3,94.07370779500027,21.78472543848683,1
annual_funding_rate,1.0,10,1,Static,0.98,238.5,128,4,3,0.030915483162990726,0.0005463075893699758,1
annual_funding_rate,1.0,10,6,Static,0.98,238.5,128,4,3,1.1317881290789473,0.32135717618934173,1
annual_funding_rate,1.0,10,24,Static,0.98,238.5,128,4,3,1.2451423552100278,0.31195152299257933,1
annual_funding_rate,1.0,11,1,Static,0.98,238.5,128,3,4,0.038890888398818824,0.029927029910599017,1
annual_funding_rate,1.0,11,6,Static,0.98,238.5,128,3,4,3.3703132707236527,37.35560999104294,1
annual_funding_rate,1.0,11,24,Static,0.98,238.5,128,3,4,3.3703132707236527,37.35560999104294,1
annual_funding_rate,1.0,12,1,Static,0.98,519.0,128,0,1,40.22334186207945,39.89824224960062,1
annual_funding_rate,1.0,12,6,Static,0.98,519.0,128,0,1,596.3869782788165,50.54286548085168,1
annual_funding_rate,1.0,12,24,Static,0.98,519.0,128,0,1,1147.1658731363239,112.65153385409599,1
annual_funding_rate,1.0,13,1,Static,0.98,327.5,128,4,3,0.07412950509982352,0.0013083560996683388,1
annual_funding_rate,1.0,13,6,Static,0.98,327.5,128,4,3,1.4886560555062907,0.23454344195952348,1
annual_funding_rate,1.0,13,24,Static,0.98,327.5,128,4,3,5.672317227910014,3.681741247401473,1
annual_funding_rate,1.0,14,1,Static,0.98,492.0,128,4,3,0.31499948592532634,0.017723310448076762,1
annual_funding_rate,1.0,14,6,Static,0.98,492.0,128,4,3,0.9211508179023571,0.6054196657835533,1
annual_funding_rate,1.0,14,24,Static,0.98,492.0,128,4,3,12.451995254471091,14.322900122054616,1
annual_funding_rate,1.0,15,1,Static,0.98,514.5,128,1,3,0.1366440478287232,0.33966141962527463,1
annual_funding_rate,1.0,15,6,Static,0.98,514.5,128,4,3,23.796155214312776,2.056955975277729,1
annual_funding_rate,1.0,15,24,Static,0.98,514.5,128,4,3,184.18096865701483,63.35367922713111,1
annual_funding_rate,1.0,16,1,Static,0.98,253.25,128,0,1,1.1448398144221055,0.5649038602023403,1
annual_funding_rate,1.0,16,6,Static,0.98,253.25,128,3,4,0.15849235343597945,1.0466424055639156,1
annual_funding_rate,1.0,16,24,Static,0.98,253.25,128,3,2,0.6725426850409948,1.288261733460925,1
annual_funding_rate,1.0,17,1,Static,0.98,183.75,128,4,3,0.007306230579232589,0.214823984447681,1
annual_funding_rate,1.0,17,6,Static,0.98,183.75,128,4,3,0.7859906187885859,0.538923513855782,1
annual_funding_rate,1.0,17,24,Static,0.98,183.75,128,4,3,0.7859906187885859,0.538923513855782,1
annual_funding_rate,1.0,18,1,Static,0.98,327.5,128,4,3,0.013844756131123709,0.04152170668924906,1
annual_funding_rate,1.0,18,6,Static,0.98,327.5,128,4,3,5.229779546253722,0.7448304403874042,1
annual_funding_rate,1.0,18,24,Static,0.98,327.5,128,4,3,37.692188335654826,19.174652195667576,1
annual_funding_rate,1.0,19,1,Static,0.98,363.5,128,0,1,0.08810674330618862,0.0030092114586614217,1
annual_funding_rate,1.0,19,6,Static,0.98,363.5,128,0,1,2.7694118806593053,0.1401836988809021,1
annual_funding_rate,1.0,19,24,Static,0.98,363.5,128,2,1,1.1858208218256892,0.4774226583097032,1
annual_funding_rate,1.0,20,1,Static,0.98,363.5,128,2,1,0.017262640150974104,0.029670654999599068,1
annual_funding_rate,1.0,20,6,Static,0.98,363.5,128,0,1,0.6051274331134422,0.06791866920984845,1
annual_funding_rate,1.0,20,24,Static,0.98,363.5,128,1,0,0.08123746756136668,0.8402454043137604,1
annual_funding_rate,1.0,21,1,Static,0.98,492.0,128,0,1,31.198819464694374,4.471075860931194,1
annual_funding_rate,1.0,21,6,Static,0.98,492.0,128,0,1,211.04447734354363,22.48009442797746,1
annual_funding_rate,1.0,21,24,Static,0.98,492.0,128,0,1,356.7459639175584,31.247782300624912,1
annual_funding_rate,1.0,22,1,Static,0.98,279.5,128,0,1,0.2534166078751594,0.17962239504903266,1
annual_funding_rate,1.0,22,6,Static,0.98,279.5,128,2,1,35.56256835707313,20.77603399630986,1
annual_funding_rate,1.0,22,24,Static,0.98,279.5,128,1,2,21.31312502171616,62.92607751045617,1
annual_funding_rate,1.0,23,1,Static,0.98,279.5,128,0,1,0.2154496753276769,1.070316693088451,1
annual_funding_rate,1.0,23,6,Static,0.98,279.5,128,2,1,3.857913012440473,1.353271563217966,1
annual_funding_rate,1.0,23,24,Static,0.98,279.5,128,2,1,3.857913012440473,1.353271563217966,1
annual_funding_rate,1.0,24,1,Static,0.98,183.75,128,3,4,0.007590300131339073,0.21485806731936558,1
annual_funding_rate,1.0,24,6,Static,0.98,183.75,128,2,3,4.664137782388552,2.894970004401197,1
annual_funding_rate,1.0,24,24,Static,0.98,183.75,128,2,3,7.91432413445182,2.7731445311887097,1
annual_funding_rate,1.0,25,1,Static,0.98,514.5,128,1,0,0.007702879711814825,0.021941361148171093,1
annual_funding_rate,1.0,25,6,Static,0.98,514.5,128,4,3,47.25546225975209,25.2161863592538,1
annual_funding_rate,1.0,25,24,Static,0.98,514.5,128,4,3,124.72747568649223,39.93107724415171,1
annual_funding_rate,1.0,26,1,Static,0.98,327.5,128,4,3,0.06351176055892449,0.03294462081744535,1
annual_funding_rate,1.0,26,6,Static,0.98,327.5,128,4,3,22.662156338943397,9.34674682463682,1
annual_funding_rate,1.0,26,24,Static,0.98,327.5,128,4,3,53.58173277947698,20.442456382423703,1
annual_funding_rate,1.0,27,1,Static,0.98,363.5,128,2,1,0.043525927804694955,0.0009877661909789932,1
annual_funding_rate,1.0,27,6,Static,0.98,363.5,128,0,1,0.818051294070534,0.070356528979329,1
annual_funding_rate,1.0,27,24,Static,0.98,363.5,128,1,0,0.3624347472124599,0.24958830026741113,1
annual_funding_rate,1.0,28,1,Static,0.98,492.0,128,0,1,1.9483740337130977,0.4578978997508339,1
annual_funding_rate,1.0,28,6,Static,0.98,492.0,128,4,0,9.439890459380578,77.4507862027362,1
annual_funding_rate,1.0,28,24,Static,0.98,492.0,128,0,1,534.6339644117829,52.076775434578714,1
annual_funding_rate,1.0,29,1,Static,0.98,492.0,128,0,1,0.6754184649624689,0.07402718704133356,1
annual_funding_rate,1.0,29,6,Static,0.98,492.0,128,4,3,8.024773772534699,3.4345366122321686,1
annual_funding_rate,1.0,29,24,Static,0.98,492.0,128,0,1,258.9975259079072,28.870364863824282,1
annual_funding_rate,1.0,30,1,Static,0.98,183.75,128,4,3,0.05512321691223641,0.008410255722819827,1
annual_funding_rate,1.0,30,6,Static,0.98,183.75,128,4,3,1.3361284948266836,0.30862736465195406,1
annual_funding_rate,1.0,30,24,Static,0.98,183.75,128,4,3,1.6758049331659528,0.3181256457131943,1
annual_funding_rate,1.0,31,1,Static,0.98,238.5,128,4,3,0.035037099785833026,0.0007604096075742257,1
annual_funding_rate,1.0,31,6,Static,0.98,238.5,128,4,3,0.17256788964353964,0.01980771414864791,1
annual_funding_rate,1.0,31,24,Static,0.98,238.5,128,4,3,0.17256788964353964,0.01980771414864791,1
annual_funding_rate,1.0,32,1,Static,0.98,519.0,128,2,3,0.8841706638888862,0.7339657883738558,1
annual_funding_rate,1.0,32,6,Static,0.98,519.0,128,4,3,37.72291010840992,35.026806950928744,1
annual_funding_rate,1.0,32,24,Static,0.98,519.0,128,0,1,266.7817712330748,82.05228498499343,1
annual_funding_rate,1.0,33,1,Static,0.98,279.5,128,1,2,0.21871906753594061,0.011634494177130061,1
annual_funding_rate,1.0,33,6,Static,0.98,279.5,128,1,2,0.31272551598129605,0.08670676156166196,1
annual_funding_rate,1.0,33,24,Static,0.98,279.5,128,1,2,0.31272551598129605,0.08670676156166196,1
annual_funding_rate,1.0,34,1,Static,0.98,238.5,128,4,3,0.002678024315509564,0.0011359317980790967,1
annual_funding_rate,1.0,34,6,Static,0.98,238.5,128,4,3,1.1252984689871073,0.08272845952480673,1
annual_funding_rate,1.0,34,24,Static,0.98,238.5,128,4,3,1.1252984689871073,0.08272845952480673,1
annual_funding_rate,1.0,35,1,Static,0.98,514.5,128,0,1,0.036926219362973134,0.13073339863393416,1
annual_funding_rate,1.0,35,6,Static,0.98,514.5,128,4,3,2.9658472377273135,0.12989543966010347,1
annual_funding_rate,1.0,35,24,Static,0.98,514.5,128,4,3,8.213473107944477,2.491776918532671,1
annual_funding_rate,1.0,36,1,Static,0.98,82.5,128,2,1,55.16368052297746,43.57779017864826,1
annual_funding_rate,1.0,36,6,Static,0.98,82.5,128,0,1,52.42890638521646,19.14071270063398,1
annual_funding_rate,1.0,36,24,Static,0.98,82.5,128,0,1,52.42890638521646,19.14071270063398,1
annual_funding_rate,1.0,37,1,Static,0.98,480.0,128,0,1,0.6222638765368873,0.1355329640056007,1
annual_funding_rate,1.0,37,6,Static,0.98,480.0,128,4,3,6.337326798766346,2.4517601279424213,1
annual_funding_rate,1.0,37,24,Static,0.98,480.0,128,4,2,20.74739010718718,78.77396304505949,1
annual_funding_rate,1.0,38,1,Static,0.98,82.5,128,0,1,0.2822163883741563,0.05000622908739846,1
annual_funding_rate,1.0,38,6,Static,0.98,82.5,128,0,1,2.645016537898375,0.13921386603205685,1
annual_funding_rate,1.0,38,24,Static,0.98,82.5,128,0,1,2.849147195322529,0.15251333451179472,1
annual_funding_rate,1.0,39,1,Static,0.98,492.25,128,2,1,0.27137982793673765,0.8741564324100057,1
annual_funding_rate,1.0,39,6,Static,0.98,492.25,128,2,1,168.7423064062457,88.83601933625253,1
annual_funding_rate,1.0,39,24,Static,0.98,492.25,128,0,1,254.64268119221478,66.2598929723335,1
annual_funding_rate,1.0,40,1,Static,0.98,56.75,128,0,1,0.00855294361187689,0.0028865059785964826,1
annual_funding_rate,1.0,40,6,Static,0.98,56.75,128,4,3,0.0041520233778912785,0.013818986124381816,1
annual_funding_rate,1.0,40,24,Static,0.98,56.75,128,4,3,0.0041520233778912785,0.013818986124381816,1
annual_funding_rate,1.0,41,1,Static,0.98,29.5,128,4,3,0.1731335961028371,0.21476785356485192,1
annual_funding_rate,1.0,41,6,Static,0.98,29.5,128,4,3,1.6730806583602968,0.3117165213780955,1
annual_funding_rate,1.0,41,24,Static,0.98,29.5,128,4,3,1.6730806583602968,0.3117165213780955,1
annual_funding_rate,1.0,42,1,Static,0.98,82.5,128,2,1,21.33920595771155,21.599026943146757,1
annual_funding_rate,1.0,42,6,Static,0.98,82.5,128,2,1,74.73099767829589,38.04513769300057,1
annual_funding_rate,1.0,42,24,Static,0.98,82.5,128,2,1,74.73099767829589,38.04513769300057,1
annual_funding_rate,1.0,43,1,Static,0.98,29.5,128,4,3,0.23801954354794194,0.2148255563676767,1
annual_funding_rate,1.0,43,6,Static,0.98,29.5,128,4,3,0.23801954354794194,0.2148255563676767,1
annual_funding_rate,1.0,43,24,Static,0.98,29.5,128,4,3,0.23801954354794194,0.2148255563676767,1
annual_funding_rate,1.0,44,1,Static,0.98,143.25,128,4,3,40.596791856098626,29.668211385686977,1
annual_funding_rate,1.0,44,6,Static,0.98,143.25,128,0,1,293.16069161802955,15.795276390849473,1
annual_funding_rate,1.0,44,24,Static,0.98,143.25,128,0,1,293.16069161802955,15.795276390849473,1
annual_funding_rate,1.0,45,1,Static,0.98,451.5,128,0,1,3.7191962236198153,0.6877573220220038,1
annual_funding_rate,1.0,45,6,Static,0.98,451.5,128,0,1,113.7623240723014,13.229592455704656,1
annual_funding_rate,1.0,45,24,Static,0.98,451.5,128,0,1,154.64099411694446,12.379368678390057,1
annual_funding_rate,1.0,46,1,Static,0.98,76.5,128,2,1,0.016054381253451044,0.0009093021709493862,1
annual_funding_rate,1.0,46,6,Static,0.98,76.5,128,2,1,0.03686787069598285,0.0028014530540949804,1
annual_funding_rate,1.0,46,24,Static,0.98,76.5,128,2,1,0.03686787069598285,0.0028014530540949804,1
annual_funding_rate,1.0,47,1,Static,0.98,180.5,128,1,2,0.9806906628918286,0.6871302725642487,1
annual_funding_rate,1.0,47,6,Static,0.98,180.5,128,1,2,7.80672907299741,23.48320181376715,1
annual_funding_rate,1.0,47,24,Static,0.98,180.5,128,0,1,68.75521325699887,35.296593582736804,1
annual_funding_rate,1.0,48,1,Static,0.98,143.25,128,3,2,0.0010383173764981768,0.015392868710851907,1
annual_funding_rate,1.0,48,6,Static,0.98,143.25,128,4,3,38.85479380559114,16.465197604963397,1
annual_funding_rate,1.0,48,24,Static,0.98,143.25,128,4,3,35.14111224444917,16.59630784084507,1
annual_funding_rate,1.0,49,1,Static,0.98,76.5,128,4,3,2.154899640686969,0.39558764127009144,1
annual_funding_rate,1.0,49,6,Static,0.98,76.5,128,4,3,61.01982043446006,28.072684476147035,1
annual_funding_rate,1.0,49,24,Static,0.98,76.5,128,2,3,30.78625334868584,19.894529621276526,1
annual_funding_rate,1.0,50,1,Static,0.98,451.5,128,2,1,233.54786302476222,101.70222699980002,1
annual_funding_rate,1.0,50,6,Static,0.98,451.5,128,0,1,18.301797864722886,12.577248855675963,1
annual_funding_rate,1.0,50,24,Static,0.98,451.5,128,0,1,18.301797864722886,12.577248855675963,1
annual_funding_rate,1.0,51,1,Static,0.98,76.5,128,4,3,12.4848826240721,7.838328515862799,1
annual_funding_rate,1.0,51,6,Static,0.98,76.5,128,4,3,58.920362318144115,13.58697869888641,1
annual_funding_rate,1.0,51,24,Static,0.98,76.5,128,4,3,60.95058462096276,15.691489461938522,1
annual_funding_rate,1.0,52,1,Static,0.98,143.25,128,2,3,0.02561821114245824,0.0012859116960016734,1
annual_funding_rate,1.0,52,6,Static,0.98,143.25,128,3,4,0.0,0.0,2
annual_funding_rate,1.0,52,24,Static,0.98,143.25,128,3,4,0.0,0.0,2
annual_funding_rate,1.0,53,1,Static,0.98,56.75,128,3,4,0.0,0.0,2
annual_funding_rate,1.0,53,6,Static,0.98,56.75,128,3,4,0.0,0.0,2
annual_funding_rate,1.0,53,24,Static,0.98,56.75,128,3,4,0.0,0.0,2
annual_funding_rate,1.0,54,1,Static,0.98,29.5,128,2,3,1.3493959627894165,0.01773859396688245,1
annual_funding_rate,1.0,54,6,Static,0.98,29.5,128,2,3,0.6570050460678751,0.08478769316933064,1
annual_funding_rate,1.0,54,24,Static,0.98,29.5,128,2,3,0.6570050460678751,0.08478769316933064,1
annual_funding_rate,1.0,55,1,Static,0.98,180.5,128,1,0,0.12429922688011619,0.4565338680600873,1
annual_funding_rate,1.0,55,6,Static,0.98,180.5,128,0,1,0.08292079475553216,23.18541558933376,1
annual_funding_rate,1.0,55,24,Static,0.98,180.5,128,1,0,4.586563560199496,21.313067345944958,1
annual_funding_rate,1.0,56,1,Static,0.98,492.25,128,4,0,4.201936128298367,7.909331853343117,1
annual_funding_rate,1.0,56,6,Static,0.98,492.25,128,4,2,33.0410660640045,46.57317935047466,1
annual_funding_rate,1.0,56,24,Static,0.98,492.25,128,0,1,195.55613915259926,44.927621319704095,1
annual_funding_rate,1.0,57,1,Static,0.98,480.0,128,1,4,132.74874129557278,62.82231109404096,1
annual_funding_rate,1.0,57,6,Static,0.98,480.0,128,0,1,77.92116301942326,20.504973861755452,1
annual_funding_rate,1.0,57,24,Static,0.98,480.0,128,0,1,77.92116301942326,20.504973861755452,1
annual_funding_rate,1.0,58,1,Static,0.98,143.25,128,0,1,5.774307366938379,32.21134627752257,1
annual_funding_rate,1.0,58,6,Static,0.98,143.25,128,0,1,351.52221285159504,36.97863528385527,1
annual_funding_rate,1.0,58,24,Static,0.98,143.25,128,0,1,429.4088464458012,31.445310533424685,1
annual_funding_rate,1.0,59,1,Static,0.98,480.0,128,0,1,1.8780309537135664,0.37808423192816154,1
annual_funding_rate,1.0,59,6,Static,0.98,480.0,128,0,1,265.3300501290943,24.887197058083736,1
annual_funding_rate,1.0,59,24,Static,0.98,480.0,128,0,1,445.8778776652493,23.55093432432776,1
annual_funding_rate,1.0,60,1,Static,0.98,451.5,128,1,2,0.5715013394747324,21.911424150906953,1
annual_funding_rate,1.0,60,6,Static,0.98,451.5,128,1,0,31.129962339890717,51.33522777509322,1
annual_funding_rate,1.0,60,24,Static,0.98,451.5,128,0,1,248.86903407685116,42.882339376644616,1
annual_funding_rate,1.0,61,1,Static,0.98,82.5,128,2,1,35.23956095695214,39.59585723463882,1
annual_funding_rate,1.0,61,6,Static,0.98,82.5,128,0,2,111.61435915159468,114.36579043018018,1
annual_funding_rate,1.0,61,24,Static,0.98,82.5,128,0,2,111.61435915159468,114.36579043018018,1
annual_funding_rate,1.0,62,1,Static,0.98,56.75,128,4,0,0.05809537524002617,0.19266614007620825,1
annual_funding_rate,1.0,62,6,Static,0.98,56.75,128,4,3,3.969360301408085,1.9183967512443767,1
annual_funding_rate,1.0,62,24,Static,0.98,56.75,128,4,3,14.732763343315117,10.264366868711866,1
annual_funding_rate,1.0,63,1,Static,0.98,451.5,128,4,3,19.694875334208973,11.05180825985631,1
annual_funding_rate,1.0,63,6,Static,0.98,451.5,128,0,1,13.813611492772193,4.786016469429991,1
annual_funding_rate,1.0,63,24,Static,0.98,451.5,128,0,1,13.813611492772194,4.786016469429991,1
annual_funding_rate,1.0,64,1,Static,0.98,180.5,128,2,0,26.30274802865268,19.729174367680848,1
annual_funding_rate,1.0,64,6,Static,0.98,180.5,128,2,1,19.64030010977674,20.071468849217727,1
annual_funding_rate,1.0,64,24,Static,0.98,180.5,128,1,0,22.642127863897,39.30845524780132,1
annual_funding_rate,1.0,65,1,Static,0.98,480.0,128,4,3,0.031232395052007172,0.001343286474886317,1
annual_funding_rate,1.0,65,6,Static,0.98,480.0,128,4,3,38.881714557017176,17.60423626882726,1
annual_funding_rate,1.0,65,24,Static,0.98,480.0,128,4,3,63.07520761606768,32.59631864122685,1
annual_funding_rate,1.0,66,1,Static,0.98,492.25,128,0,1,0.39076965947607656,0.07207298294710536,1
annual_funding_rate,1.0,66,6,Static,0.98,492.25,128,2,1,68.03392076268558,42.62338290685335,1
annual_funding_rate,1.0,66,24,Static,0.98,492.25,128,0,1,26.810285595622442,31.311044026064543,1
annual_funding_rate,1.0,67,1,Static,0.98,180.5,128,0,1,0.013507908796533366,0.0007533853495144535,1
annual_funding_rate,1.0,67,6,Static,0.98,180.5,128,3,4,0.2013731099664208,0.040116540672789275,1
annual_funding_rate,1.0,67,24,Static,0.98,180.5,128,3,4,0.22726564793308185,0.051820490446552854,1
annual_funding_rate,1.0,68,1,Static,0.98,29.5,128,2,3,0.45903515976293086,0.06350394250357153,1
annual_funding_rate,1.0,68,6,Static,0.98,29.5,128,2,4,0.7962898464930116,2.9379669928942196,1
annual_funding_rate,1.0,68,24,Static,0.98,29.5,128,2,4,0.6189539055180834,3.0601740448330896,1
annual_funding_rate,1.0,69,1,Static,0.98,56.75,128,4,3,0.04618568735520573,0.0010487306579157149,1
annual_funding_rate,1.0,69,6,Static,0.98,56.75,128,4,3,0.16433875777102896,0.0047028601307689145,1
annual_funding_rate,1.0,69,24,Static,0.98,56.75,128,4,3,0.16433875777102896,0.0047028601307689145,1
annual_funding_rate,1.0,70,1,Static,0.98,492.25,128,4,0,8.141364464931605,8.942261941331461,1
annual_funding_rate,1.0,70,6,Static,0.98,492.25,128,3,2,3.3905433477635114,8.709803446758238,1
annual_funding_rate,1.0,70,24,Static,0.98,492.25,128,1,0,5.275488744186225,10.25378230592627,1
annual_funding_rate,1.0,71,1,Static,0.98,76.5,128,2,3,1.9592969956640398,0.21917407588238835,1
annual_funding_rate,1.0,71,6,Static,0.98,76.5,128,2,3,13.126411045190569,0.7322800241126756,1
annual_funding_rate,1.0,71,24,Static,0.98,76.5,128,2,3,18.352152118991256,0.9194310573124085,1
annual_funding_rate,1.25,0,1,Static,0.98,279.5,128,2,1,0.09312023705143045,0.004463865453207264,1
annual_funding_rate,1.25,0,6,Static,0.98,279.5,128,2,1,1.3661339679274664,0.1018647175504716,1
annual_funding_rate,1.25,0,24,Static,0.98,279.5,128,2,1,1.3661339679274664,0.1018647175504716,1
annual_funding_rate,1.25,1,1,Static,0.98,253.25,128,4,3,0.31786756104322933,0.00032905581545946674,1
annual_funding_rate,1.25,1,6,Static,0.98,253.25,128,4,3,2.1298371801685367,0.4728289894298596,1
annual_funding_rate,1.25,1,24,Static,0.98,253.25,128,4,3,3.3470504936082213,0.5363876883537969,1
annual_funding_rate,1.25,2,1,Static,0.98,519.0,128,0,1,0.4940813970101542,0.04255592448063938,1
annual_funding_rate,1.25,2,6,Static,0.98,519.0,128,3,4,0.0,0.0,2
annual_funding_rate,1.25,2,24,Static,0.98,519.0,128,3,4,0.0,0.0,2
annual_funding_rate,1.25,3,1,Static,0.98,327.5,128,0,1,2.913241473377362,0.49192950297137883,1
annual_funding_rate,1.25,3,6,Static,0.98,327.5,128,0,1,211.8720749010535,45.72331135006729,1
annual_funding_rate,1.25,3,24,Static,0.98,327.5,128,0,1,533.5266406350711,57.76822125154628,1
annual_funding_rate,1.25,4,1,Static,0.98,363.5,128,0,1,0.7742799520708061,0.882876197332076,1
annual_funding_rate,1.25,4,6,Static,0.98,363.5,128,2,1,73.07882122741097,50.30147517368925,1
annual_funding_rate,1.25,4,24,Static,0.98,363.5,128,0,1,153.29556011835655,84.49592610467427,1
annual_funding_rate,1.25,5,1,Static,0.98,253.25,128,4,3,0.8363452932881691,0.15500647343386573,1
annual_funding_rate,1.25,5,6,Static,0.98,253.25,128,4,3,14.354734670821104,1.856266370997047,1
annual_funding_rate,1.25,5,24,Static,0.98,253.25,128,4,3,2.5943383419578248,1.963461080278559,1
annual_funding_rate,1.25,6,1,Static,0.98,514.5,128,0,3,37.767658834693606,24.541186497309155,1
annual_funding_rate,1.25,6,6,Static,0.98,514.5,128,0,1,275.1852643318423,18.967427426575394,1
annual_funding_rate,1.25,6,24,Static,0.98,514.5,128,0,1,280.82008199391373,18.64246319531181,1
annual_funding_rate,1.25,7,1,Static,0.98,519.0,128,4,3,0.12039524331675427,0.0019330022175742053,1
annual_funding_rate,1.25,7,6,Static,0.98,519.0,128,4,2,4.555588301701288,7.47643455434102,1
annual_funding_rate,1.25,7,24,Static,0.98,519.0,128,4,3,21.13187017336442,12.030001314414056,1
annual_funding_rate,1.25,8,1,Static,0.98,183.75,128,2,3,0.36397861929277237,0.21482094855856473,1
annual_funding_rate,1.25,8,6,Static,0.98,183.75,128,4,2,0.5308079001719824,1.3423133764939694,1
annual_funding_rate,1.25,8,24,Static,0.98,183.75,128,4,2,0.5308079001719824,1.3423133764939694,1
annual_funding_rate,1.25,9,1,Static,0.98,253.25,128,4,3,22.28000685704304,13.611632978543735,1
annual_funding_rate,1.25,9,6,Static,0.98,253.25,128,4,3,132.26088270522484,24.385770262892315,1
annual_funding_rate,1.25,9,24,Static,0.98,253.25,128,4,3,93.53181685459592,21.700608906478504,1
annual_funding_rate,1.25,10,1,Static,0.98,238.5,128,4,3,0.029391648700908587,0.0004972476328523382,1
annual_funding_rate,1.25,10,6,Static,0.98,238.5,128,4,3,1.1419527868754131,0.3279991259795659,1
annual_funding_rate,1.25,10,24,Static,0.98,238.5,128,4,3,1.2581345878408154,0.31915573913771106,1
annual_funding_rate,1.25,11,1,Static,0.98,238.5,128,3,4,0.04033213841494099,0.030010558794212647,1
annual_funding_rate,1.25,11,6,Static,0.98,238.5,128,3,4,3.300283406032598,37.362056957203585,1
annual_funding_rate,1.25,11,24,Static,0.98,238.5,128,3,4,3.300283406032598,37.362056957203585,1
annual_funding_rate,1.25,12,1,Static,0.98,519.0,128,0,1,40.64329376040137,39.90143975228554,1
annual_funding_rate,1.25,12,6,Static,0.98,519.0,128,0,1,599.0646499387415,50.436200946858136,1
annual_funding_rate,1.25,12,24,Static,0.98,519.0,128,0,1,1151.171025625534,113.5502939603571,1
annual_funding_rate,1.25,13,1,Static,0.98,327.5,128,4,3,0.07002814189293671,0.001206718061228822,1
annual_funding_rate,1.25,13,6,Static,0.98,327.5,128,4,3,1.5009086662609388,0.23587190350448442,1
annual_funding_rate,1.25,13,24,Static,0.98,327.5,128,4,3,5.726843111132698,3.7074988322726914,1
annual_funding_rate,1.25,14,1,Static,0.98,492.0,128,4,3,0.3134171784088846,0.013835194135040795,1
annual_funding_rate,1.25,14,6,Static,0.98,492.0,128,4,3,0.9846675521578309,0.6202192784203058,1
annual_funding_rate,1.25,14,24,Static,0.98,492.0,128,4,3,12.596799113041733,14.24859816559121,1
annual_funding_rate,1.25,15,1,Static,0.98,514.5,128,1,3,0.14006007988116997,0.3431904231334032,1
annual_funding_rate,1.25,15,6,Static,0.98,514.5,128,4,3,23.84399295528302,2.066694684917037,1
annual_funding_rate,1.25,15,24,Static,0.98,514.5,128,4,3,184.40866487641745,63.31180879770295,1
annual_funding_rate,1.25,16,1,Static,0.98,253.25,128,0,1,1.1828456572194739,0.5649618232146829,1
annual_funding_rate,1.25,16,6,Static,0.98,253.25,128,1,3,0.07495267884080437,2.0380336893078286,1
annual_funding_rate,1.25,16,24,Static,0.98,253.25,128,3,2,0.2072823939191546,1.2792984219038839,1
annual_funding_rate,1.25,17,1,Static,0.98,183.75,128,3,2,0.008343888359680848,0.2161527811176167,1
annual_funding_rate,1.25,17,6,Static,0.98,183.75,128,4,3,0.6120198553443543,0.5374735033927955,1
annual_funding_rate,1.25,17,24,Static,0.98,183.75,128,4,3,0.6120198553443543,0.5374735033927955,1
annual_funding_rate,1.25,18,1,Static,0.98,327.5,128,4,3,0.007328644530381276,0.04151692809256121,1
annual_funding_rate,1.25,18,6,Static,0.98,327.5,128,4,3,5.2428794267848815,0.7505879130223482,1
annual_funding_rate,1.25,18,24,Static,0.98,327.5,128,4,3,37.89981188062082,19.25162706759834,1
annual_funding_rate,1.25,19,1,Static,0.98,363.5,128,0,1,0.09636483813186111,0.003216819769084332,1
annual_funding_rate,1.25,19,6,Static,0.98,363.5,128,0,1,2.774636857818353,0.1405348161350225,1
annual_funding_rate,1.25,19,24,Static,0.98,363.5,128,2,1,1.224908851080902,0.4783694365359278,1
annual_funding_rate,1.25,20,1,Static,0.98,363.5,128,2,1,0.012919592119063447,0.029667655478251127,1
annual_funding_rate,1.25,20,6,Static,0.98,363.5,128,0,1,0.6043687082457626,0.06786141234273947,1
annual_funding_rate,1.25,20,24,Static,0.98,363.5,128,1,0,0.12497019085570255,0.8522122486888271,1
annual_funding_rate,1.25,21,1,Static,0.98,492.0,128,0,1,31.347188132444963,4.4752929218950035,1
annual_funding_rate,1.25,21,6,Static,0.98,492.0,128,0,1,212.08035031989124,22.44988459902784,1
annual_funding_rate,1.25,21,24,Static,0.98,492.0,128,0,1,358.0747351018506,31.48680372813991,1
annual_funding_rate,1.25,22,1,Static,0.98,279.5,128,0,1,0.2681523631367233,0.17976425953652517,1
annual_funding_rate,1.25,22,6,Static,0.98,279.5,128,2,1,35.49076614217759,20.679239570957876,1
annual_funding_rate,1.25,22,24,Static,0.98,279.5,128,1,2,21.38764238945864,62.90022702159399,1
annual_funding_rate,1.25,23,1,Static,0.98,279.5,128,0,1,0.21672084127457025,1.0786792353266097,1
annual_funding_rate,1.25,23,6,Static,0.98,279.5,128,2,1,3.8589166525262413,1.3632583501148197,1
annual_funding_rate,1.25,23,24,Static,0.98,279.5,128,2,1,3.8589166525262413,1.3632583501148197,1
annual_funding_rate,1.25,24,1,Static,0.98,183.75,128,3,2,0.013301610491694787,0.21693247079048109,1
annual_funding_rate,1.25,24,6,Static,0.98,183.75,128,2,3,4.841299928029178,2.8904024927027177,1
annual_funding_rate,1.25,24,24,Static,0.98,183.75,128,2,3,8.118952584381931,2.7664314084232746,1
annual_funding_rate,1.25,25,1,Static,0.98,514.5,128,1,0,0.0037363456603067835,0.022327550169648484,1
annual_funding_rate,1.25,25,6,Static,0.98,514.5,128,4,3,47.30591219686623,25.21681945009921,1
annual_funding_rate,1.25,25,24,Static,0.98,514.5,128,4,3,124.78132461883156,39.74490686015725,1
annual_funding_rate,1.25,26,1,Static,0.98,327.5,128,4,3,0.060947201672560486,0.03296093061139313,1
annual_funding_rate,1.25,26,6,Static,0.98,327.5,128,4,3,22.778414698660523,9.392644514852917,1
annual_funding_rate,1.25,26,24,Static,0.98,327.5,128,4,3,53.800326685031955,20.40449131411692,1
annual_funding_rate,1.25,27,1,Static,0.98,363.5,128,2,1,0.0393876554211451,0.0008843715115152066,1
annual_funding_rate,1.25,27,6,Static,0.98,363.5,128,0,1,0.8254638302498726,0.07048877056891314,1
annual_funding_rate,1.25,27,24,Static,0.98,363.5,128,1,0,0.40178985632093156,0.25271484275587414,1
annual_funding_rate,1.25,28,1,Static,0.98,492.0,128,0,1,1.982661123349874,0.4653752762896911,1
annual_funding_rate,1.25,28,6,Static,0.98,492.0,128,4,0,8.707991037709704,77.51401315089485,1
annual_funding_rate,1.25,28,24,Static,0.98,492.0,128,0,1,537.4082053259883,52.34926401979317,1
annual_funding_rate,1.25,29,1,Static,0.98,492.0,128,0,1,0.6810865175539318,0.07407506038633699,1
annual_funding_rate,1.25,29,6,Static,0.98,492.0,128,4,3,8.041291733159358,3.446086080235216,1
annual_funding_rate,1.25,29,24,Static,0.98,492.0,128,0,1,260.30019485340995,28.991406296877138,1
annual_funding_rate,1.25,30,1,Static,0.98,183.75,128,4,3,0.05259240821344422,0.007768908537799988,1
annual_funding_rate,1.25,30,6,Static,0.98,183.75,128,4,3,1.2626997918196203,0.30756221555681157,1
annual_funding_rate,1.25,30,24,Static,0.98,183.75,128,4,3,1.5852989708095002,0.31677798279647196,1
annual_funding_rate,1.25,31,1,Static,0.98,238.5,128,4,3,0.03330963576043722,0.0007080342837998841,1
annual_funding_rate,1.25,31,6,Static,0.98,238.5,128,4,3,0.1718223113884037,0.019790781190557598,1
annual_funding_rate,1.25,31,24,Static,0.98,238.5,128,4,3,0.1718223113884037,0.019790781190557598,1
annual_funding_rate,1.25,32,1,Static,0.98,519.0,128,2,3,0.8889188405832908,0.7385444718537487,1
annual_funding_rate,1.25,32,6,Static,0.98,519.0,128,4,3,37.689151689068446,34.99633078062352,1
annual_funding_rate,1.25,32,24,Static,0.98,519.0,128,0,1,267.56518589571,82.43321208714642,1
annual_funding_rate,1.25,33,1,Static,0.98,279.5,128,1,2,0.22539817264782647,0.01189876749057556,1
annual_funding_rate,1.25,33,6,Static,0.98,279.5,128,1,2,0.32320057713632955,0.08685153685862787,1
annual_funding_rate,1.25,33,24,Static,0.98,279.5,128,1,2,0.32320057713632955,0.08685153685862787,1
annual_funding_rate,1.25,34,1,Static,0.98,238.5,128,4,3,0.0008598629443115485,0.0012127216238941958,1
annual_funding_rate,1.25,34,6,Static,0.98,238.5,128,4,3,1.1260007464027213,0.08274663486924,1
annual_funding_rate,1.25,34,24,Static,0.98,238.5,128,4,3,1.1260007464027213,0.08274663486924,1
annual_funding_rate,1.25,35,1,Static,0.98,514.5,128,0,1,0.03822541019746056,0.13222369086404262,1
annual_funding_rate,1.25,35,6,Static,0.98,514.5,128,4,3,2.973219283829181,0.1301236533307308,1
annual_funding_rate,1.25,35,24,Static,0.98,514.5,128,4,3,8.319201497360604,2.515938887981435,1
annual_funding_rate,1.25,36,1,Static,0.98,82.5,128,2,1,55.156005051467254,43.577803985616235,1
annual_funding_rate,1.25,36,6,Static,0.98,82.5,128,0,1,52.628316772466974,19.22370750771935,1
annual_funding_rate,1.25,36,24,Static,0.98,82.5,128,0,1,52.628316772466974,19.22370750771935,1
annual_funding_rate,1.25,37,1,Static,0.98,480.0,128,0,1,0.6325054966272206,0.13561943559802925,1
annual_funding_rate,1.25,37,6,Static,0.98,480.0,128,4,3,6.35221129108328,2.4627579981494323,1
annual_funding_rate,1.25,37,24,Static,0.98,480.0,128,4,2,19.921136465903977,79.11071341744068,1
annual_funding_rate,1.25,38,1,Static,0.98,82.5,128,0,1,0.28533138292631993,0.05005338831839431,1
annual_funding_rate,1.25,38,6,Static,0.98,82.5,128,0,1,2.641162277306739,0.13951077234061268,1
annual_funding_rate,1.25,38,24,Static,0.98,82.5,128,0,1,2.8389364975469196,0.15277275392979184,1
annual_funding_rate,1.25,39,1,Static,0.98,492.25,128,2,1,0.27239273725912483,0.881915943905528,1
annual_funding_rate,1.25,39,6,Static,0.98,492.25,128,2,1,168.62767357476164,88.88048140249704,1
annual_funding_rate,1.25,39,24,Static,0.98,492.25,128,0,1,255.40997477345547,66.48517475178839,1
annual_funding_rate,1.25,40,1,Static,0.98,56.75,128,0,1,0.010994577410393214,0.003004653594077122,1
annual_funding_rate,1.25,40,6,Static,0.98,56.75,128,4,3,0.003246114817069684,0.013741434836491704,1
annual_funding_rate,1.25,40,24,Static,0.98,56.75,128,4,3,0.003246114817069684,0.013741434836491704,1
annual_funding_rate,1.25,41,1,Static,0.98,29.5,128,4,3,0.14365688435885476,0.21476218736095604,1
annual_funding_rate,1.25,41,6,Static,0.98,29.5,128,4,3,1.5845544138955465,0.3113502087905519,1
annual_funding_rate,1.25,41,24,Static,0.98,29.5,128,4,3,1.5845544138955465,0.3113502087905519,1
annual_funding_rate,1.25,42,1,Static,0.98,82.5,128,2,1,21.33793917273205,21.59902510828172,1
annual_funding_rate,1.25,42,6,Static,0.98,82.5,128,2,1,74.69357341489453,38.00594864223603,1
annual_funding_rate,1.25,42,24,Static,0.98,82.5,128,2,1,74.69357341489453,38.00594864223603,1
annual_funding_rate,1.25,43,1,Static,0.98,29.5,128,4,3,0.20700139205718252,0.21482407083529076,1
annual_funding_rate,1.25,43,6,Static,0.98,29.5,128,4,3,0.20700139205718252,0.21482407083529076,1
annual_funding_rate,1.25,43,24,Static,0.98,29.5,128,4,3,0.20700139205718252,0.21482407083529076,1
annual_funding_rate,1.25,44,1,Static,0.98,143.25,128,4,3,40.5938194966877,29.66819949939934,1
annual_funding_rate,1.25,44,6,Static,0.98,143.25,128,0,1,293.4324734026997,15.875583693124065,1
annual_funding_rate,1.25,44,24,Static,0.98,143.25,128,0,1,293.43247340269977,15.875583693124065,1
annual_funding_rate,1.25,45,1,Static,0.98,451.5,128,0,1,3.737518431664241,0.6889370487438088,1
annual_funding_rate,1.25,45,6,Static,0.98,451.5,128,0,1,114.16991385729864,13.252522859334839,1
annual_funding_rate,1.25,45,24,Static,0.98,451.5,128,0,1,155.08464834542394,12.442829407660902,1
annual_funding_rate,1.25,46,1,Static,0.98,76.5,128,2,1,0.016073858116258277,0.0009096947947611173,1
annual_funding_rate,1.25,46,6,Static,0.98,76.5,128,2,1,0.03690059721834871,0.00280388766737556,1
annual_funding_rate,1.25,46,24,Static,0.98,76.5,128,2,1,0.03690059721834871,0.00280388766737556,1
annual_funding_rate,1.25,47,1,Static,0.98,180.5,128,1,2,0.9857452977168695,0.6877788585651669,1
annual_funding_rate,1.25,47,6,Static,0.98,180.5,128,1,2,8.102264626981361,23.484011664334062,1
annual_funding_rate,1.25,47,24,Static,0.98,180.5,128,0,1,69.37820411398106,35.610581643359204,1
annual_funding_rate,1.25,48,1,Static,0.98,143.25,128,3,2,0.00023878656733400394,0.01554529287210368,1
annual_funding_rate,1.25,48,6,Static,0.98,143.25,128,4,3,38.85065671393952,16.444641676553655,1
annual_funding_rate,1.25,48,24,Static,0.98,143.25,128,4,3,35.0958757889061,16.618693595070027,1
annual_funding_rate,1.25,49,1,Static,0.98,76.5,128,4,3,2.165926962042679,0.39764030968252567,1
annual_funding_rate,1.25,49,6,Static,0.98,76.5,128,4,3,60.54568674649299,28.060613305809326,1
annual_funding_rate,1.25,49,24,Static,0.98,76.5,128,2,3,32.13584799891372,19.788029240122594,1
annual_funding_rate,1.25,50,1,Static,0.98,451.5,128,2,1,233.55047777236138,101.70222508882267,1
annual_funding_rate,1.25,50,6,Static,0.98,451.5,128,0,1,18.447190233980884,12.662546265391091,1
annual_funding_rate,1.25,50,24,Static,0.98,451.5,128,0,1,18.447190233980884,12.662546265391091,1
annual_funding_rate,1.25,51,1,Static,0.98,76.5,128,4,3,12.491653020469203,7.838325973965189,1
annual_funding_rate,1.25,51,6,Static,0.98,76.5,128,4,3,58.805813649875304,13.57708761462843,1
annual_funding_rate,1.25,51,24,Static,0.98,76.5,128,4,3,60.5639928025788,15.642158204052144,1
annual_funding_rate,1.25,52,1,Static,0.98,143.25,128,2,3,0.028319704591713398,0.0013653538155813235,1
annual_funding_rate,1.25,52,6,Static,0.98,143.25,128,3,4,0.0,0.0,2
annual_funding_rate,1.25,52,24,Static,0.98,143.25,128,3,4,4.440892098500626e-16,4.440892098500626e-16,2
annual_funding_rate,1.25,53,1,Static,0.98,56.75,128,3,4,0.0,0.0,2
annual_funding_rate,1.25,53,6,Static,0.98,56.75,128,3,4,0.0,0.0,2
annual_funding_rate,1.25,53,24,Static,0.98,56.75,128,3,4,0.0,0.0,2
annual_funding_rate,1.25,54,1,Static,0.98,29.5,128,2,3,1.3796354057214817,0.018142921523382385,1
annual_funding_rate,1.25,54,6,Static,0.98,29.5,128,2,3,0.7770677114683396,0.08466980039673183,1
annual_funding_rate,1.25,54,24,Static,0.98,29.5,128,2,3,0.7770677114683396,0.08466980039673183,1
annual_funding_rate,1.25,55,1,Static,0.98,180.5,128,1,0,0.12466046278449783,0.4589421849652227,1
annual_funding_rate,1.25,55,6,Static,0.98,180.5,128,0,1,0.1796491135137881,23.237907767475313,1
annual_funding_rate,1.25,55,24,Static,0.98,180.5,128,1,0,4.507106327704719,21.396050672937257,1
annual_funding_rate,1.25,56,1,Static,0.98,492.25,128,4,0,4.154574538702355,7.909411006154885,1
annual_funding_rate,1.25,56,6,Static,0.98,492.25,128,4,2,32.92654522285577,46.548744933512175,1
annual_funding_rate,1.25,56,24,Static,0.98,492.25,128,0,1,196.26574052974362,45.16207847155805,1
annual_funding_rate,1.25,57,1,Static,0.98,480.0,128,1,4,133.22850134505757,62.82435670410087,1
annual_funding_rate,1.25,57,6,Static,0.98,480.0,128,0,1,78.27971620169609,20.639398701980046,1
annual_funding_rate,1.25,57,24,Static,0.98,480.0,128,0,1,78.2797162016961,20.639398701980046,1
annual_funding_rate,1.25,58,1,Static,0.98,143.25,128,0,1,5.9799771447023815,32.21548041721373,1
annual_funding_rate,1.25,58,6,Static,0.98,143.25,128,0,1,352.6576722884371,36.98898309325257,1
annual_funding_rate,1.25,58,24,Static,0.98,143.25,128,0,1,430.59815309932515,31.66804843235084,1
annual_funding_rate,1.25,59,1,Static,0.98,480.0,128,0,1,1.9025138397248202,0.3807304841000184,1
annual_funding_rate,1.25,59,6,Static,0.98,480.0,128,0,1,266.2572391315841,24.889625904537894,1
annual_funding_rate,1.25,59,24,Static,0.98,480.0,128,0,1,447.1711141685839,23.687006087559556,1
annual_funding_rate,1.25,60,1,Static,0.98,451.5,128,1,2,0.7021963443257757,21.91208322262022,1
annual_funding_rate,1.25,60,6,Static,0.98,451.5,128,1,0,29.77889640327983,51.27032175407316,1
annual_funding_rate,1.25,60,24,Static,0.98,451.5,128,0,1,250.68396945890296,43.21652473825717,1
annual_funding_rate,1.25,61,1,Static,0.98,82.5,128,2,1,35.23034064537552,39.59586528990332,1
annual_funding_rate,1.25,61,6,Static,0.98,82.5,128,0,2,113.20658344416566,114.34764412226242,1
annual_funding_rate,1.25,61,24,Static,0.98,82.5,128,0,2,113.20658344416566,114.34764412226242,1
annual_funding_rate,1.25,62,1,Static,0.98,56.75,128,4,0,0.0579940903359758,0.1937857517429335,1
annual_funding_rate,1.25,62,6,Static,0.98,56.75,128,4,3,3.9854358487039745,1.9277200094432279,1
annual_funding_rate,1.25,62,24,Static,0.98,56.75,128,4,3,14.756256207498513,10.26598987625233,1
annual_funding_rate,1.25,63,1,Static,0.98,451.5,128,4,3,19.69591323374489,11.05180145325488,1
annual_funding_rate,1.25,63,6,Static,0.98,451.5,128,0,1,13.90675369346637,4.815271759806848,1
annual_funding_rate,1.25,63,24,Static,0.98,451.5,128,0,1,13.90675369346637,4.815271759806848,1
annual_funding_rate,1.25,64,1,Static,0.98,180.5,128,2,0,26.295600756243367,19.729134118083707,1
annual_funding_rate,1.25,64,6,Static,0.98,180.5,128,2,1,19.483063344073884,20.092110299718357,1
annual_funding_rate,1.25,64,24,Static,0.98,180.5,128,1,0,22.42214412303102,39.34631782687464,1
annual_funding_rate,1.25,65,1,Static,0.98,480.0,128,4,3,0.028423865833077617,0.0014469089770997767,1
annual_funding_rate,1.25,65,6,Static,0.98,480.0,128,4,3,38.84500037090378,17.578251310395675,1
annual_funding_rate,1.25,65,24,Static,0.98,480.0,128,4,3,62.78045689933229,32.70693895647491,1
annual_funding_rate,1.25,66,1,Static,0.98,492.25,128,0,1,0.392773649346037,0.07216412897402058,1
annual_funding_rate,1.25,66,6,Static,0.98,492.25,128,2,1,68.08178736207543,42.634384698791,1
annual_funding_rate,1.25,66,24,Static,0.98,492.25,128,0,1,27.434190137711255,31.461946459360192,1
annual_funding_rate,1.25,67,1,Static,0.98,180.5,128,0,1,0.014601216980386942,0.0007866587955390395,1
annual_funding_rate,1.25,67,6,Static,0.98,180.5,128,3,4,0.20137811445446185,0.0401473438535994,1
annual_funding_rate,1.25,67,24,Static,0.98,180.5,128,3,4,0.22200867552920575,0.051827171484130095,1
annual_funding_rate,1.25,68,1,Static,0.98,29.5,128,2,3,0.46801262020814305,0.06461039575891367,1
annual_funding_rate,1.25,68,6,Static,0.98,29.5,128,2,4,0.996544936241957,2.9422089935715983,1
annual_funding_rate,1.25,68,24,Static,0.98,29.5,128,2,4,0.8929347499780411,3.060936243680093,1
annual_funding_rate,1.25,69,1,Static,0.98,56.75,128,4,3,0.043366707820832254,0.0009755132654796207,1
annual_funding_rate,1.25,69,6,Static,0.98,56.75,128,4,3,0.16006347159942513,0.004592662778169424,1
annual_funding_rate,1.25,69,24,Static,0.98,56.75,128,4,3,0.16006347159942513,0.004592662778169424,1
annual_funding_rate,1.25,70,1,Static,0.98,492.25,128,4,0,8.130970695824578,8.942257647883265,1
annual_funding_rate,1.25,70,6,Static,0.98,492.25,128,3,2,3.3318103834481185,8.711524844869448,1
annual_funding_rate,1.25,70,24,Static,0.98,492.25,128,1,0,5.247584592921479,10.29564084695097,1
annual_funding_rate,1.25,71,1,Static,0.98,76.5,128,2,3,1.9883788113409484,0.21929907335046453,1
annual_funding_rate,1.25,71,6,Static,0.98,76.5,128,2,3,13.295697733761655,0.7313467356660328,1
annual_funding_rate,1.25,71,24,Static,0.98,76.5,128,2,3,18.654787730430808,0.9161181790660584,1
annual_funding_rate,1.5,0,1,Static,0.98,279.5,128,2,1,0.09183877143382413,0.004492111032765984,1
annual_funding_rate,1.5,0,6,Static,0.98,279.5,128,2,1,1.3897352519105146,0.10206860820703842,1
annual_funding_rate,1.5,0,24,Static,0.98,279.5,128,2,1,1.3897352519105146,0.10206860820703842,1
annual_funding_rate,1.5,1,1,Static,0.98,253.25,128,4,3,0.28661756104322933,0.00032905581545946674,1
annual_funding_rate,1.5,1,6,Static,0.98,253.25,128,4,3,1.9535178919167069,0.47191022023470286,1
annual_funding_rate,1.5,1,24,Static,0.98,253.25,128,4,3,3.067887365226881,0.5337119605483018,1
annual_funding_rate,1.5,2,1,Static,0.98,519.0,128,0,1,0.5071492481289462,0.043259164353277466,1
annual_funding_rate,1.5,2,6,Static,0.98,519.0,128,3,4,0.0,0.0,2
annual_funding_rate,1.5,2,24,Static,0.98,519.0,128,3,4,0.0,0.0,2
annual_funding_rate,1.5,3,1,Static,0.98,327.5,128,0,1,2.9926335604940664,0.5039765211462293,1
annual_funding_rate,1.5,3,6,Static,0.98,327.5,128,0,1,213.3725955345153,45.745555074059695,1
annual_funding_rate,1.5,3,24,Static,0.98,327.5,128,0,1,537.2201195936641,57.57210893100223,1
annual_funding_rate,1.5,4,1,Static,0.98,363.5,128,0,1,0.7841468097375048,0.8908396492225868,1
annual_funding_rate,1.5,4,6,Static,0.98,363.5,128,2,1,72.8831267664578,50.22067824800519,1
annual_funding_rate,1.5,4,24,Static,0.98,363.5,128,0,1,155.0341395472238,84.43195392135218,1
annual_funding_rate,1.5,5,1,Static,0.98,253.25,128,4,3,0.8464973884769753,0.1568880413530141,1
annual_funding_rate,1.5,5,6,Static,0.98,253.25,128,4,3,14.152421542477507,1.862911657257945,1
annual_funding_rate,1.5,5,24,Static,0.98,253.25,128,4,3,1.9649052094230122,1.9674143649372011,1
annual_funding_rate,1.5,6,1,Static,0.98,514.5,128,0,3,38.08039691933955,24.54215691264421,1
annual_funding_rate,1.5,6,6,Static,0.98,514.5,128,0,1,275.68257455582756,18.991433558629364,1
annual_funding_rate,1.5,6,24,Static,0.98,514.5,128,0,1,281.34853867944605,18.771669499583894,1
annual_funding_rate,1.5,7,1,Static,0.98,519.0,128,4,3,0.10816311160603945,0.0017198948299523458,1
annual_funding_rate,1.5,7,6,Static,0.98,519.0,128,4,2,4.51378827266616,7.491271829856361,1
annual_funding_rate,1.5,7,24,Static,0.98,519.0,128,4,3,20.831187117167275,11.864498021583135,1
annual_funding_rate,1.5,8,1,Static,0.98,183.75,128,2,3,0.39522861929277237,0.21482094855856473,1
annual_funding_rate,1.5,8,6,Static,0.98,183.75,128,4,2,0.1808869828657323,1.3400931448725883,1
annual_funding_rate,1.5,8,24,Static,0.98,183.75,128,4,2,0.1808869828657323,1.3400931448725883,1
annual_funding_rate,1.5,9,1,Static,0.98,253.25,128,4,3,22.294776129415943,13.611712033152234,1
annual_funding_rate,1.5,9,6,Static,0.98,253.25,128,4,3,132.20551961530154,24.366034990575567,1
annual_funding_rate,1.5,9,24,Static,0.98,253.25,128,4,3,92.98992591419153,21.617058001709207,1
annual_funding_rate,1.5,10,1,Static,0.98,238.5,128,4,3,0.027867814238826304,0.00044888924162220776,1
annual_funding_rate,1.5,10,6,Static,0.98,238.5,128,4,3,1.1521174446718774,0.3346562254123992,1
annual_funding_rate,1.5,10,24,Static,0.98,238.5,128,4,3,1.2711268204716029,0.3263787843986201,1
annual_funding_rate,1.5,11,1,Static,0.98,238.5,128,3,4,0.041773388431054714,0.03009473942548975,1
annual_funding_rate,1.5,11,6,Static,0.98,238.5,128,3,4,3.2302535413415256,37.36850877450249,1
annual_funding_rate,1.5,11,24,Static,0.98,238.5,128,3,4,3.2302535413415256,37.36850877450249,1
annual_funding_rate,1.5,12,1,Static,0.98,519.0,128,0,1,41.063245658723204,39.90465213950318,1
annual_funding_rate,1.5,12,6,Static,0.98,519.0,128,0,1,601.7423215986662,50.33066676945328,1
annual_funding_rate,1.5,12,24,Static,0.98,519.0,128,0,1,1155.1761781147434,114.45047361848661,1
annual_funding_rate,1.5,13,1,Static,0.98,327.5,128,4,3,0.06592677868604924,0.001106965964721902,1
annual_funding_rate,1.5,13,6,Static,0.98,327.5,128,4,3,1.5131612770155871,0.2372918044964951,1
annual_funding_rate,1.5,13,24,Static,0.98,327.5,128,4,3,5.78136899435538,3.733257041030647,1
annual_funding_rate,1.5,14,1,Static,0.98,492.0,128,4,3,0.31183487089244377,0.010026297485602857,1
annual_funding_rate,1.5,14,6,Static,0.98,492.0,128,4,3,1.0481842864133115,0.6354222597893302,1
annual_funding_rate,1.5,14,24,Static,0.98,492.0,128,4,3,12.741602971612416,14.174595006794199,1
annual_funding_rate,1.5,15,1,Static,0.98,514.5,128,1,3,0.14347611193361498,0.3467267904544309,1
annual_funding_rate,1.5,15,6,Static,0.98,514.5,128,4,3,23.89183069625327,2.0764357761714205,1
annual_funding_rate,1.5,15,24,Static,0.98,514.5,128,4,3,184.63636109582006,63.27070146563215,1
annual_funding_rate,1.5,16,1,Static,0.98,253.25,128,0,1,1.220851500016842,0.5650216727964014,1
annual_funding_rate,1.5,16,6,Static,0.98,253.25,128,1,0,0.29181562617815515,1.012403698160371,1
annual_funding_rate,1.5,16,24,Static,0.98,253.25,128,1,2,0.23508363608079696,1.2894939302664772,1
annual_funding_rate,1.5,17,1,Static,0.98,183.75,128,2,3,0.02290611164031915,0.2161527811176167,1
annual_funding_rate,1.5,17,6,Static,0.98,183.75,128,4,3,0.4380490919001225,0.5360251043720086,1
annual_funding_rate,1.5,17,24,Static,0.98,183.75,128,4,3,0.4380490919001225,0.5360251043720086,1
annual_funding_rate,1.5,18,1,Static,0.98,327.5,128,4,3,0.0008125329296381628,0.041512861781430994,1
annual_funding_rate,1.5,18,6,Static,0.98,327.5,128,4,3,5.255979307316026,0.7563486591934421,1
annual_funding_rate,1.5,18,24,Static,0.98,327.5,128,4,3,38.10743542558682,19.328606585402092,1
annual_funding_rate,1.5,19,1,Static,0.98,363.5,128,0,1,0.10462293295753361,0.003424693201374428,1
annual_funding_rate,1.5,19,6,Static,0.98,363.5,128,0,1,2.7798618349773943,0.14088847266916996,1
annual_funding_rate,1.5,19,24,Static,0.98,363.5,128,2,1,1.2639968803360895,0.4793229370063031,1
annual_funding_rate,1.5,20,1,Static,0.98,363.5,128,2,1,0.008576544087152027,0.02966505180988661,1
annual_funding_rate,1.5,20,6,Static,0.98,363.5,128,0,1,0.6036099833780806,0.0678060102131185,1
annual_funding_rate,1.5,20,24,Static,0.98,363.5,128,1,0,0.16870291415002392,0.8641864347548159,1
annual_funding_rate,1.5,21,1,Static,0.98,492.0,128,0,1,31.495556800195573,4.479526111162064,1
annual_funding_rate,1.5,21,6,Static,0.98,492.0,128,0,1,213.1162232962389,22.420073786763187,1
annual_funding_rate,1.5,21,24,Static,0.98,492.0,128,0,1,359.40350628614294,31.726020335739022,1
annual_funding_rate,1.5,22,1,Static,0.98,279.5,128,0,1,0.28288811839828376,0.1799083615140369,1
annual_funding_rate,1.5,22,6,Static,0.98,279.5,128,2,1,35.41896392728203,20.582475628607245,1
annual_funding_rate,1.5,22,24,Static,0.98,279.5,128,1,2,21.462159757201103,62.874608796759226,1
annual_funding_rate,1.5,23,1,Static,0.98,279.5,128,0,1,0.21799200722145606,1.0870480309739932,1
annual_funding_rate,1.5,23,6,Static,0.98,279.5,128,2,1,3.8599202926120273,1.3732504898895326,1
annual_funding_rate,1.5,23,24,Static,0.98,279.5,128,2,1,3.8599202926120273,1.3732504898895326,1
annual_funding_rate,1.5,24,1,Static,0.98,183.75,128,2,3,0.017948389508305213,0.21693247079048109,1
annual_funding_rate,1.5,24,6,Static,0.98,183.75,128,2,3,5.018462073669801,2.8858363355361933,1
annual_funding_rate,1.5,24,24,Static,0.98,183.75,128,2,3,8.32358103431204,2.7597207647985633,1
annual_funding_rate,1.5,25,1,Static,0.98,514.5,128,0,1,0.0002301883912011471,0.022713911707756777,1
annual_funding_rate,1.5,25,6,Static,0.98,514.5,128,4,3,47.3563621339804,25.2174526424171,1
annual_funding_rate,1.5,25,24,Static,0.98,514.5,128,4,3,124.83517355117095,39.56077433945675,1
annual_funding_rate,1.5,26,1,Static,0.98,327.5,128,4,3,0.05838264278619332,0.03297885934960226,1
annual_funding_rate,1.5,26,6,Static,0.98,327.5,128,4,3,22.894673058377645,9.438560972270617,1
annual_funding_rate,1.5,26,24,Static,0.98,327.5,128,4,3,54.01892059058694,20.367030767108105,1
annual_funding_rate,1.5,27,1,Static,0.98,363.5,128,2,1,0.03524938303759538,0.00078099850403257,1
annual_funding_rate,1.5,27,6,Static,0.98,363.5,128,0,1,0.8328763664292103,0.07062232939285798,1
annual_funding_rate,1.5,27,24,Static,0.98,363.5,128,1,2,0.43979359143804914,0.16676396379970462,1
annual_funding_rate,1.5,28,1,Static,0.98,492.0,128,0,1,2.016948212986648,0.4728526700410889,1
annual_funding_rate,1.5,28,6,Static,0.98,492.0,128,4,0,7.976091616038815,77.57762410723299,1
annual_funding_rate,1.5,28,24,Static,0.98,492.0,128,0,1,540.1824462401936,52.628264491413056,1
annual_funding_rate,1.5,29,1,Static,0.98,492.0,128,0,1,0.686754570145399,0.07412319729721666,1
annual_funding_rate,1.5,29,6,Static,0.98,492.0,128,4,3,8.057809693784037,3.4576431290740515,1
annual_funding_rate,1.5,29,24,Static,0.98,492.0,128,0,1,261.6028637989126,29.1132253684495,1
annual_funding_rate,1.5,30,1,Static,0.98,183.75,128,4,3,0.05006159951465203,0.007127610067713366,1
annual_funding_rate,1.5,30,6,Static,0.98,183.75,128,4,3,1.189271088812554,0.306563145666072,1
annual_funding_rate,1.5,30,24,Static,0.98,183.75,128,4,3,1.4947930084530436,0.3155076484111942,1
annual_funding_rate,1.5,31,1,Static,0.98,238.5,128,4,3,0.03158217173504159,0.0006559004996591589,1
annual_funding_rate,1.5,31,6,Static,0.98,238.5,128,4,3,0.17107673313326832,0.019774513527066873,1
annual_funding_rate,1.5,31,24,Static,0.98,238.5,128,4,3,0.17107673313326832,0.019774513527066873,1
annual_funding_rate,1.5,32,1,Static,0.98,519.0,128,2,3,0.8936670172776942,0.7431246908284183,1
annual_funding_rate,1.5,32,6,Static,0.98,519.0,128,4,3,37.655393269726915,34.96585468981232,1
annual_funding_rate,1.5,32,24,Static,0.98,519.0,128,0,1,268.34860055834537,82.81427958633712,1
annual_funding_rate,1.5,33,1,Static,0.98,279.5,128,1,2,0.2320772777597121,0.012163116481148881,1
annual_funding_rate,1.5,33,6,Static,0.98,279.5,128,1,2,0.3336756382913745,0.08699970876131576,1
annual_funding_rate,1.5,33,24,Static,0.98,279.5,128,1,2,0.3336756382913745,0.08699970876131576,1
annual_funding_rate,1.5,34,1,Static,0.98,238.5,128,3,4,0.000958298426886486,0.0012901860828642552,1
annual_funding_rate,1.5,34,6,Static,0.98,238.5,128,4,3,1.1267030238183342,0.08276525952607128,1
annual_funding_rate,1.5,34,24,Static,0.98,238.5,128,4,3,1.1267030238183342,0.08276525952607128,1
annual_funding_rate,1.5,35,1,Static,0.98,514.5,128,0,1,0.03952460103194794,0.1337139858850056,1
annual_funding_rate,1.5,35,6,Static,0.98,514.5,128,4,3,2.98059132993105,0.13035215308956757,1
annual_funding_rate,1.5,35,24,Static,0.98,514.5,128,4,3,8.424929886776734,2.5401126714013076,1
annual_funding_rate,1.5,36,1,Static,0.98,82.5,128,2,1,55.148329579956965,43.577817793590796,1
annual_funding_rate,1.5,36,6,Static,0.98,82.5,128,0,1,52.82772715971757,19.30670550017469,1
annual_funding_rate,1.5,36,24,Static,0.98,82.5,128,0,1,52.82772715971757,19.30670550017469,1
annual_funding_rate,1.5,37,1,Static,0.98,480.0,128,0,1,0.6427471167175514,0.135706628669877,1
annual_funding_rate,1.5,37,6,Static,0.98,480.0,128,4,3,6.367095783400244,2.4737578371898317,1
annual_funding_rate,1.5,37,24,Static,0.98,480.0,128,4,2,19.094882824620747,79.4489914374504,1
annual_funding_rate,1.5,38,1,Static,0.98,82.5,128,0,1,0.28844637747848423,0.05010073620009302,1
annual_funding_rate,1.5,38,6,Static,0.98,82.5,128,0,1,2.6373080167151017,0.13980858094762422,1
annual_funding_rate,1.5,38,24,Static,0.98,82.5,128,0,1,2.828725799771315,0.15303414878100194,1
annual_funding_rate,1.5,39,1,Static,0.98,492.25,128,2,1,0.27340564658151933,0.8896760841122864,1
annual_funding_rate,1.5,39,6,Static,0.98,492.25,128,2,1,168.51304074327777,88.92515001455114,1
annual_funding_rate,1.5,39,24,Static,0.98,492.25,128,0,1,256.1772683546959,66.710572916988,1
annual_funding_rate,1.5,40,1,Static,0.98,56.75,128,0,1,0.013436211208909279,0.003123097622667978,1
annual_funding_rate,1.5,40,6,Static,0.98,56.75,128,4,3,0.0023402062562491582,0.01366743476758153,1
annual_funding_rate,1.5,40,24,Static,0.98,56.75,128,4,3,0.0023402062562491582,0.01366743476758153,1
annual_funding_rate,1.5,41,1,Static,0.98,29.5,128,4,3,0.11418017261487239,0.21475820950573404,1
annual_funding_rate,1.5,41,6,Static,0.98,29.5,128,4,3,1.496028169430796,0.3109868279125816,1
annual_funding_rate,1.5,41,24,Static,0.98,29.5,128,4,3,1.496028169430796,0.3109868279125816,1
annual_funding_rate,1.5,42,1,Static,0.98,82.5,128,2,1,21.336672387752525,21.599023274687653,1
annual_funding_rate,1.5,42,6,Static,0.98,82.5,128,2,1,74.65614915149321,37.966910971580816,1
annual_funding_rate,1.5,42,24,Static,0.98,82.5,128,2,1,74.65614915149321,37.966910971580816,1
annual_funding_rate,1.5,43,1,Static,0.98,29.5,128,4,3,0.17598324056642312,0.2148228355163219,1
annual_funding_rate,1.5,43,6,Static,0.98,29.5,128,4,3,0.17598324056642312,0.2148228355163219,1
annual_funding_rate,1.5,43,24,Static,0.98,29.5,128,4,3,0.17598324056642312,0.2148228355163219,1
annual_funding_rate,1.5,44,1,Static,0.98,143.25,128,4,3,40.59084713727677,29.66818761339237,1
annual_funding_rate,1.5,44,6,Static,0.98,143.25,128,0,1,293.70425518736977,15.955955556307362,1
annual_funding_rate,1.5,44,24,Static,0.98,143.25,128,0,1,293.70425518736977,15.955955556307362,1
annual_funding_rate,1.5,45,1,Static,0.98,451.5,128,0,1,3.7558406397086816,0.6901206011139447,1
annual_funding_rate,1.5,45,6,Static,0.98,451.5,128,0,1,114.57750364229575,13.275630845438176,1
annual_funding_rate,1.5,45,24,Static,0.98,451.5,128,0,1,155.52830257390315,12.506514896225237,1
annual_funding_rate,1.5,46,1,Static,0.98,76.5,128,2,1,0.016093334979056406,0.0009100877442539179,1
annual_funding_rate,1.5,46,6,Static,0.98,76.5,128,2,1,0.036933323740713675,0.0028063223660474445,1
annual_funding_rate,1.5,46,24,Static,0.98,76.5,128,2,1,0.036933323740713675,0.0028063223660474445,1
annual_funding_rate,1.5,47,1,Static,0.98,180.5,128,1,2,0.9907999325418779,0.6884275021438144,1
annual_funding_rate,1.5,47,6,Static,0.98,180.5,128,1,2,8.397800180965392,23.485567114331797,1
annual_funding_rate,1.5,47,24,Static,0.98,180.5,128,0,1,70.00119497096314,35.92520626804173,1
annual_funding_rate,1.5,48,1,Static,0.98,143.25,128,2,3,0.0005607442418291697,0.015697730773750796,1
annual_funding_rate,1.5,48,6,Static,0.98,143.25,128,4,3,38.846519622287914,16.424122679615497,1
annual_funding_rate,1.5,48,24,Static,0.98,143.25,128,4,3,35.050639333363,16.6419711284923,1
annual_funding_rate,1.5,49,1,Static,0.98,76.5,128,4,3,2.176954283398387,0.3996943160017696,1
annual_funding_rate,1.5,49,6,Static,0.98,76.5,128,4,3,60.071553058525836,28.048720987609872,1
annual_funding_rate,1.5,49,24,Static,0.98,76.5,128,2,3,33.485442649141646,19.684789300035497,1
annual_funding_rate,1.5,50,1,Static,0.98,451.5,128,2,1,233.55309251996036,101.70222317794024,1
annual_funding_rate,1.5,50,6,Static,0.98,451.5,128,0,1,18.592582603239002,12.747843803826406,1
annual_funding_rate,1.5,50,24,Static,0.98,451.5,128,0,1,18.592582603239002,12.747843803826406,1
annual_funding_rate,1.5,51,1,Static,0.98,76.5,128,4,3,12.498423416866311,7.838323727025299,1
annual_funding_rate,1.5,51,6,Static,0.98,76.5,128,4,3,58.69126498160649,13.567262644201005,1
annual_funding_rate,1.5,51,24,Static,0.98,76.5,128,4,3,60.17740098419482,15.592951290451742,1
annual_funding_rate,1.5,52,1,Static,0.98,143.25,128,2,3,0.03102119804096843,0.0014449694171176871,1
annual_funding_rate,1.5,52,6,Static,0.98,143.25,128,3,4,0.0,0.0,2
annual_funding_rate,1.5,52,24,Static,0.98,143.25,128,3,4,4.440892098500626e-16,4.440892098500626e-16,2
annual_funding_rate,1.5,53,1,Static,0.98,56.75,128,3,4,0.0,0.0,2
annual_funding_rate,1.5,53,6,Static,0.98,56.75,128,3,4,0.0,0.0,2
annual_funding_rate,1.5,53,24,Static,0.98,56.75,128,3,4,0.0,0.0,2
annual_funding_rate,1.5,54,1,Static,0.98,29.5,128,2,3,1.4098748486535468,0.01854725029495988,1
annual_funding_rate,1.5,54,6,Static,0.98,29.5,128,2,3,0.8971303768688039,0.08455385229180384,1
annual_funding_rate,1.5,54,24,Static,0.98,29.5,128,2,3,0.8971303768688039,0.08455385229180384,1
annual_funding_rate,1.5,55,1,Static,0.98,180.5,128,1,0,0.12502169868887636,0.46135054439105483,1
annual_funding_rate,1.5,55,6,Static,0.98,180.5,128,0,1,0.2763774322720405,23.290677679330724,1
annual_funding_rate,1.5,55,24,Static,0.98,180.5,128,1,0,4.427649095209922,21.47962748890553,1
annual_funding_rate,1.5,56,1,Static,0.98,492.25,128,4,0,4.107212949106339,7.909490688487236,1
annual_funding_rate,1.5,56,6,Static,0.98,492.25,128,4,2,32.81202438170702,46.52442046696766,1
annual_funding_rate,1.5,56,24,Static,0.98,492.25,128,0,1,196.97534190688805,45.396752823331056,1
annual_funding_rate,1.5,57,1,Static,0.98,480.0,128,1,4,133.7082613945423,62.82640426470981,1
annual_funding_rate,1.5,57,6,Static,0.98,480.0,128,0,1,78.63826938396834,20.773838246409614,1
annual_funding_rate,1.5,57,24,Static,0.98,480.0,128,0,1,78.63826938396834,20.773838246409614,1
annual_funding_rate,1.5,58,1,Static,0.98,143.25,128,0,1,6.1856469224663755,32.219619677523355,1
annual_funding_rate,1.5,58,6,Static,0.98,143.25,128,0,1,353.7931317252793,36.99981768398398,1
annual_funding_rate,1.5,58,24,Static,0.98,143.25,128,0,1,431.78745975284926,31.8913773969869,1
annual_funding_rate,1.5,59,1,Static,0.98,480.0,128,0,1,1.9269967257360796,0.38340317735607915,1
annual_funding_rate,1.5,59,6,Static,0.98,480.0,128,0,1,267.1844281340741,24.892191812713154,1
annual_funding_rate,1.5,59,24,Static,0.98,480.0,128,0,1,448.4643506719191,23.823178334814394,1
annual_funding_rate,1.5,60,1,Static,0.98,451.5,128,1,2,0.8328913491768759,21.912743409523273,1
annual_funding_rate,1.5,60,6,Static,0.98,451.5,128,1,0,28.42783046666885,51.206596687703865,1
annual_funding_rate,1.5,60,24,Static,0.98,451.5,128,0,1,252.49890484095496,43.551044701051815,1
annual_funding_rate,1.5,61,1,Static,0.98,82.5,128,2,1,35.22112033379887,39.59587336550049,1
annual_funding_rate,1.5,61,6,Static,0.98,82.5,128,0,1,114.36681934292525,59.56390177381486,1
annual_funding_rate,1.5,61,24,Static,0.98,82.5,128,0,1,114.36681934292525,59.56390177381486,1
annual_funding_rate,1.5,62,1,Static,0.98,56.75,128,4,0,0.05789280543192932,0.19490547800507743,1
annual_funding_rate,1.5,62,6,Static,0.98,56.75,128,4,3,4.001511395999897,1.9370433120048873,1
annual_funding_rate,1.5,62,24,Static,0.98,56.75,128,4,3,14.77974907168195,10.267623134023577,1
annual_funding_rate,1.5,63,1,Static,0.98,451.5,128,4,3,19.696951133280802,11.051794657958908,1
annual_funding_rate,1.5,63,6,Static,0.98,451.5,128,0,1,13.999895894160563,4.8445271855345275,1
annual_funding_rate,1.5,63,24,Static,0.98,451.5,128,0,1,13.99989589416056,4.8445271855345275,1
annual_funding_rate,1.5,64,1,Static,0.98,180.5,128,2,0,26.28845348383405,19.729093882280537,1
annual_funding_rate,1.5,64,6,Static,0.98,180.5,128,2,1,19.325826578371114,20.11361245319601,1
annual_funding_rate,1.5,64,24,Static,0.98,180.5,128,1,0,22.202160382165022,39.384761942751624,1
annual_funding_rate,1.5,65,1,Static,0.98,480.0,128,4,3,0.02561533661414804,0.0015548463117697057,1
annual_funding_rate,1.5,65,6,Static,0.98,480.0,128,4,3,38.80828618479037,17.552290186377125,1
annual_funding_rate,1.5,65,24,Static,0.98,480.0,128,4,3,62.48570618259699,32.818804283539905,1
annual_funding_rate,1.5,66,1,Static,0.98,492.25,128,0,1,0.3947776392160014,0.07225556119470629,1
annual_funding_rate,1.5,66,6,Static,0.98,492.25,128,2,1,68.12965396146524,42.64539499171694,1
annual_funding_rate,1.5,66,24,Static,0.98,492.25,128,0,1,28.05809467980017,31.61511355028019,1
annual_funding_rate,1.5,67,1,Static,0.98,180.5,128,0,1,0.01569452516424047,0.0008200299587433534,1
annual_funding_rate,1.5,67,6,Static,0.98,180.5,128,3,4,0.20138311894250155,0.04017837581569021,1
annual_funding_rate,1.5,67,24,Static,0.98,180.5,128,3,4,0.21675170312533024,0.05183548387812945,1
annual_funding_rate,1.5,68,1,Static,0.98,29.5,128,2,3,0.47699008065335535,0.06571852716825659,1
annual_funding_rate,1.5,68,6,Static,0.98,29.5,128,2,4,1.1968000259909162,2.9464758744274215,1
annual_funding_rate,1.5,68,24,Static,0.98,29.5,128,2,4,1.166915594438002,3.0617423769955368,1
annual_funding_rate,1.5,69,1,Static,0.98,56.75,128,4,3,0.04054772828645871,0.0009023766874994447,1
annual_funding_rate,1.5,69,6,Static,0.98,56.75,128,4,3,0.15578818542781958,0.00448327999526777,1
annual_funding_rate,1.5,69,24,Static,0.98,56.75,128,4,3,0.15578818542781958,0.00448327999526777,1
annual_funding_rate,1.5,70,1,Static,0.98,492.25,128,4,0,8.120576926717561,8.942253377718256,1
annual_funding_rate,1.5,70,6,Static,0.98,492.25,128,3,2,3.2730774191326653,8.71343033873258,1
annual_funding_rate,1.5,70,24,Static,0.98,492.25,128,1,0,5.2196804416568305,10.337502610273704,1
annual_funding_rate,1.5,71,1,Static,0.98,76.5,128,2,3,2.017460627017857,0.21942574483444047,1
annual_funding_rate,1.5,71,6,Static,0.98,76.5,128,2,3,13.464984422332723,0.7304178257870675,1
annual_funding_rate,1.5,71,24,Static,0.98,76.5,128,2,3,18.95742334187036,0.912833465605648,1
capital_weight,0.5,0,1,Static,0.98,279.5,128,2,1,0.1052447970633647,0.0044674683154273705,1
capital_weight,0.5,0,6,Static,0.98,279.5,128,2,1,0.6328239237190254,0.05244681894956293,1
capital_weight,0.5,0,24,Static,0.98,279.5,128,2,1,0.6328239237190254,0.05244681894956293,1
capital_weight,0.5,1,1,Static,0.98,253.25,128,4,3,0.42937054354132587,0.00032905581545945135,1
capital_weight,0.5,1,6,Static,0.98,253.25,128,4,3,2.941428481179456,0.47684432334370935,1
capital_weight,0.5,1,24,Static,0.98,253.25,128,4,3,4.92092411410804,0.5510974166724733,1
capital_weight,0.5,2,1,Static,0.98,519.0,128,2,0,0.046150898407912866,0.24427734690253783,1
capital_weight,0.5,2,6,Static,0.98,519.0,128,3,4,-8.881784197001252e-16,8.881784197001252e-16,2
capital_weight,0.5,2,24,Static,0.98,519.0,128,3,4,2.220446049250313e-16,2.220446049250313e-16,2
capital_weight,0.5,3,1,Static,0.98,327.5,128,0,4,0.1971760646879328,0.24790406384037939,1
capital_weight,0.5,3,6,Static,0.98,327.5,128,0,1,124.14562178579436,40.98378064661826,1
capital_weight,0.5,3,24,Static,0.98,327.5,128,0,1,278.4836659385047,59.84459625768341,1
capital_weight,0.5,4,1,Static,0.98,363.5,128,0,1,0.29603959211599573,0.5122508159881313,1
capital_weight,0.5,4,6,Static,0.98,363.5,128,2,1,70.36518096995871,51.93887744970024,1
capital_weight,0.5,4,24,Static,0.98,363.5,128,2,0,24.427501438467246,169.28562855181215,1
capital_weight,0.5,5,1,Static,0.98,253.25,128,4,3,0.4334007894272937,0.08032558859565536,1
capital_weight,0.5,5,6,Static,0.98,253.25,128,4,3,10.04418074472113,1.1958289410819791,1
capital_weight,0.5,5,24,Static,0.98,253.25,128,4,3,8.543583330138793,1.432310089288316,1
capital_weight,0.5,6,1,Static,0.98,514.5,128,0,3,12.107880682799184,24.47905778867011,1
capital_weight,0.5,6,6,Static,0.98,514.5,128,0,1,233.24343010374602,17.620978381649156,1
capital_weight,0.5,6,24,Static,0.98,514.5,128,0,1,236.30389333402115,7.545019987188278,1
capital_weight,0.5,7,1,Static,0.98,519.0,128,4,3,0.18191940871165008,0.0031831250272814256,1
capital_weight,0.5,7,6,Static,0.98,519.0,128,4,2,3.1121670268993356,3.749712919657803,1
capital_weight,0.5,7,24,Static,0.98,519.0,128,4,3,33.19058791486893,21.682410028723716,1
capital_weight,0.5,8,1,Static,0.98,183.75,128,2,3,0.015763428209411665,0.21482094855856446,1
capital_weight,0.5,8,6,Static,0.98,183.75,128,4,3,2.0674913470710745,0.764121126066317,1
capital_weight,0.5,8,24,Static,0.98,183.75,128,4,3,2.0674913470710745,0.764121126066317,1
capital_weight,0.5,9,1,Static,0.98,253.25,128,4,3,21.070380662420995,13.607018846645962,1
capital_weight,0.5,9,6,Static,0.98,253.25,128,4,3,100.82203610077764,22.987949715110787,1
capital_weight,0.5,9,24,Static,0.98,253.25,128,4,3,87.70102296459976,22.677906662747283,1
capital_weight,0.5,10,1,Static,0.98,238.5,128,4,3,0.03453171815634655,0.0006646302293695792,1
capital_weight,0.5,10,6,Static,0.98,238.5,128,4,3,0.5941238685373517,0.12476427480147148,1
capital_weight,0.5,10,24,Static,0.98,238.5,128,4,3,0.6309714476746453,0.11545159058094863,1
capital_weight,0.5,11,1,Static,0.98,238.5,128,4,3,0.018756914174588357,0.02718418617037028,1
capital_weight,0.5,11,6,Static,0.98,238.5,128,3,4,19.13392497829995,36.51863271719765,1
capital_weight,0.5,11,24,Static,0.98,238.5,128,3,4,19.13392497829995,36.51863271719765,1
capital_weight,0.5,12,1,Static,0.98,519.0,128,0,1,8.019470071650822,39.69763429668175,1
capital_weight,0.5,12,6,Static,0.98,519.0,128,0,1,372.6536012723322,61.143113019449366,1
capital_weight,0.5,12,24,Static,0.98,519.0,128,0,1,788.4566348002284,49.017314765461784,1
capital_weight,0.5,13,1,Static,0.98,327.5,128,4,3,0.08156487043921584,0.0014961747779354394,1
capital_weight,0.5,13,6,Static,0.98,327.5,128,4,3,0.871313842205505,0.1370073337743645,1
capital_weight,0.5,13,24,Static,0.98,327.5,128,4,3,2.6718809078937964,1.7302665787369131,1
capital_weight,0.5,14,1,Static,0.98,492.0,128,4,3,0.3227118314312038,0.03698195447389788,1
capital_weight,0.5,14,6,Static,0.98,492.0,128,4,3,0.4575995086419597,0.27044432555081077,1
capital_weight,0.5,14,24,Static,0.98,492.0,128,4,3,11.99052910864572,14.302964114328375,1
capital_weight,0.5,15,1,Static,0.98,514.5,128,1,3,0.009060224685745077,0.21647614482759414,1
capital_weight,0.5,15,6,Static,0.98,514.5,128,4,3,12.462155603127847,1.0566234433244595,1
capital_weight,0.5,15,24,Static,0.98,514.5,128,4,3,133.39336154652324,59.546328287354555,1
capital_weight,0.5,16,1,Static,0.98,253.25,128,0,1,0.8160530326149036,0.5644812604362399,1
capital_weight,0.5,16,6,Static,0.98,253.25,128,4,3,1.0472944221630596,1.0131353332747697,1
capital_weight,0.5,16,24,Static,0.98,253.25,128,3,4,0.1309173448442742,4.032659733128753,1
capital_weight,0.5,17,1,Static,0.98,183.75,128,4,3,0.14600985378859152,0.21481822251818986,1
capital_weight,0.5,17,6,Static,0.98,183.75,128,4,3,2.029459139543231,0.5374466512637056,1
capital_weight,0.5,17,24,Static,0.98,183.75,128,4,3,2.029459139543231,0.5374466512637056,1
capital_weight,0.5,18,1,Static,0.98,327.5,128,4,3,0.053737916605805874,0.04156647435249157,1
capital_weight,0.5,18,6,Static,0.98,327.5,128,4,3,2.9036421592189945,0.3928017449704198,1
capital_weight,0.5,18,24,Static,0.98,327.5,128,4,3,17.133998625004928,9.57108313464043,1
capital_weight,0.5,19,1,Static,0.98,363.5,128,2,1,0.02637421043501932,0.0003669682368183204,1
capital_weight,0.5,19,6,Static,0.98,363.5,128,0,1,1.2655834775255403,0.07984477912608877,1
capital_weight,0.5,19,24,Static,0.98,363.5,128,2,1,0.7054968481754619,0.30797939251223067,1
capital_weight,0.5,20,1,Static,0.98,363.5,128,2,1,0.033647513778363086,0.029685532727244886,1
capital_weight,0.5,20,6,Static,0.98,363.5,128,0,1,0.20439838067853955,0.04891927718593709,1
capital_weight,0.5,20,24,Static,0.98,363.5,128,0,1,0.19315835120885833,0.37348880428277276,1
capital_weight,0.5,21,1,Static,0.98,492.0,128,0,1,20.094450045160308,4.204512950984653,1
capital_weight,0.5,21,6,Static,0.98,492.0,128,0,1,127.13750365686454,25.567070322325222,1
capital_weight,0.5,21,24,Static,0.98,492.0,128,0,1,242.66305621919696,13.266149984015408,1
capital_weight,0.5,22,1,Static,0.98,279.5,128,1,0,0.011945826705388463,0.17745634942810726,1
capital_weight,0.5,22,6,Static,0.98,279.5,128,2,1,29.552862307383233,21.732384235319238,1
capital_weight,0.5,22,24,Static,0.98,279.5,128,1,2,26.665592355404584,61.83630924928965,1
capital_weight,0.5,23,1,Static,0.98,279.5,128,0,1,0.14479174474511836,0.6228894970689618,1
capital_weight,0.5,23,6,Static,0.98,279.5,128,2,1,2.1269719540487975,0.7511873750351746,1
capital_weight,0.5,23,24,Static,0.98,279.5,128,2,1,2.1269719540487975,0.7511873750351746,1
capital_weight,0.5,24,1,Static,0.98,183.75,128,4,3,0.1404418202808094,0.21485806731936555,1
capital_weight,0.5,24,6,Static,0.98,183.75,128,2,3,0.29872088277547104,2.70410106700021,1
capital_weight,0.5,24,24,Static,0.98,183.75,128,2,3,2.0163424958179874,2.6639381559227706,1
capital_weight,0.5,25,1,Static,0.98,514.5,128,4,3,0.019820284723352177,0.006051900527811149,1
capital_weight,0.5,25,6,Static,0.98,514.5,128,4,3,36.620867113679836,25.11494308188114,1
capital_weight,0.5,25,24,Static,0.98,514.5,128,4,3,97.87452872821027,40.722172747262896,1
capital_weight,0.5,26,1,Static,0.98,327.5,128,4,3,0.08193924195535329,0.03287522133568388,1
capital_weight,0.5,26,6,Static,0.98,327.5,128,4,3,11.079995800525687,4.4712799822489195,1
capital_weight,0.5,26,24,Static,0.98,327.5,128,4,3,35.94814589397997,20.38394108305211,1
capital_weight,0.5,27,1,Static,0.98,363.5,128,2,1,0.05517831113502843,0.0012789719259527718,1
capital_weight,0.5,27,6,Static,0.98,363.5,128,0,1,0.27779044836036615,0.04543128668415626,1
capital_weight,0.5,27,24,Static,0.98,363.5,128,0,1,0.002846703425776642,0.13266124754852374,1
capital_weight,0.5,28,1,Static,0.98,492.0,128,0,1,0.6449002031974755,0.17366926092101592,1
capital_weight,0.5,28,6,Static,0.98,492.0,128,0,4,9.88244693282013,70.75639142562066,1
capital_weight,0.5,28,24,Static,0.98,492.0,128,0,1,345.71512905211324,41.618254413363935,1
capital_weight,0.5,29,1,Static,0.98,492.0,128,0,1,0.3422780747937728,0.0716937148548421,1
capital_weight,0.5,29,6,Static,0.98,492.0,128,4,3,2.7976410184049305,2.21211543693296,1
capital_weight,0.5,29,24,Static,0.98,492.0,128,0,1,168.57116829767818,20.11675413079911,1
capital_weight,0.5,30,1,Static,0.98,183.75,128,4,3,0.057547576323506995,0.00902466304617809,1
capital_weight,0.5,30,6,Static,0.98,183.75,128,4,3,1.4568165372586848,0.30855448214044434,1
capital_weight,0.5,30,24,Static,0.98,183.75,128,4,3,1.882049605663004,0.3175959021990655,1
capital_weight,0.5,31,1,Static,0.98,238.5,128,4,3,0.03557015106127394,0.0007766124743078667,1
capital_weight,0.5,31,6,Static,0.98,238.5,128,4,3,0.14347723625697528,0.013475282267607476,1
capital_weight,0.5,31,24,Static,0.98,238.5,128,4,3,0.14347723625697528,0.013475282267607476,1
capital_weight,0.5,32,1,Static,0.98,519.0,128,2,3,0.534474071547087,0.40458071265410794,1
capital_weight,0.5,32,6,Static,0.98,519.0,128,4,3,37.608798011001674,36.679029320646315,1
capital_weight,0.5,32,24,Static,0.98,519.0,128,0,1,201.20460625717607,48.29466743338681,1
capital_weight,0.5,33,1,Static,0.98,279.5,128,1,2,0.026190077578256532,0.004113996608822994,1
capital_weight,0.5,33,6,Static,0.98,279.5,128,1,2,0.02098759457503356,0.0811273981030549,1
capital_weight,0.5,33,24,Static,0.98,279.5,128,1,2,0.02098759457503356,0.0811273981030549,1
capital_weight,0.5,34,1,Static,0.98,238.5,128,4,3,0.024877346879121784,0.00042389859620164635,1
capital_weight,0.5,34,6,Static,0.98,238.5,128,4,3,0.6480279165469054,0.05987143290982944,1
capital_weight,0.5,34,24,Static,0.98,238.5,128,4,3,0.6480279165469054,0.05987143290982944,1
capital_weight,0.5,35,1,Static,0.98,514.5,128,1,0,0.01750294937484162,0.06830300968960372,1
capital_weight,0.5,35,6,Static,0.98,514.5,128,4,3,1.6782621389348038,0.07021021010594718,1
capital_weight,0.5,35,24,Static,0.98,514.5,128,4,3,3.5415122985827105,1.0980256079703308,1
capital_weight,0.5,36,1,Static,0.98,82.5,128,2,1,55.89905323586322,43.576472026842694,1
capital_weight,0.5,36,6,Static,0.98,82.5,128,0,1,33.37067548765877,11.2274223192232,1
capital_weight,0.5,36,24,Static,0.98,82.5,128,0,1,33.37067548765877,11.2274223192232,1
capital_weight,0.5,37,1,Static,0.98,480.0,128,0,1,0.2860241217156575,0.1331031729459069,1
capital_weight,0.5,37,6,Static,0.98,480.0,128,4,3,3.180029276005192,1.2417807295951224,1
capital_weight,0.5,37,24,Static,0.98,480.0,128,4,2,66.26583021315571,53.78552593179822,1
capital_weight,0.5,38,1,Static,0.98,82.5,128,0,1,0.12725317136831304,0.0479098447028877,1
capital_weight,0.5,38,6,Static,0.98,82.5,128,0,1,1.4162532798291647,0.08684563674868429,1
capital_weight,0.5,38,24,Static,0.98,82.5,128,0,1,1.5859128859567353,0.09277014075769041,1
capital_weight,0.5,39,1,Static,0.98,492.25,128,2,1,0.21694557929854796,0.4589526065435171,1
capital_weight,0.5,39,6,Static,0.98,492.25,128,2,1,166.05255408744875,84.47456904779901,1
capital_weight,0.5,39,24,Static,0.98,492.25,128,0,1,198.0471012815201,46.66755581411296,1
capital_weight,0.5,40,1,Static,0.98,56.75,128,4,3,0.01651035258391871,0.0005442443926187747,1
capital_weight,0.5,40,6,Static,0.98,56.75,128,4,3,0.07533362462474635,0.008792576174757356,1
capital_weight,0.5,40,24,Static,0.98,56.75,128,4,3,0.07533362462474635,0.008792576174757356,1
capital_weight,0.5,41,1,Static,0.98,29.5,128,4,3,0.21954986509483765,0.21478019818263544,1
capital_weight,0.5,41,6,Static,0.98,29.5,128,4,3,1.7799059378866133,0.31171584927877277,1
capital_weight,0.5,41,24,Static,0.98,29.5,128,4,3,1.7799059378866133,0.31171584927877277,1
capital_weight,0.5,42,1,Static,0.98,82.5,128,2,1,21.454545068673657,21.599199331056855,1
capital_weight,0.5,42,6,Static,0.98,82.5,128,2,1,76.5387252347843,41.26962284269168,1
capital_weight,0.5,42,24,Static,0.98,82.5,128,2,1,76.5387252347843,41.26962284269168,1
capital_weight,0.5,43,1,Static,0.98,29.5,128,4,3,0.26399799387301115,0.2148269930687138,1
capital_weight,0.5,43,6,Static,0.98,29.5,128,4,3,0.26399799387301115,0.2148269930687138,1
capital_weight,0.5,43,24,Static,0.98,29.5,128,4,3,0.26399799387301115,0.2148269930687138,1
capital_weight,0.5,44,1,Static,0.98,143.25,128,4,3,40.87858486042783,29.669339533620473,1
capital_weight,0.5,44,6,Static,0.98,143.25,128,0,1,267.2860426931849,8.69178394044596,1
capital_weight,0.5,44,24,Static,0.98,143.25,128,0,1,267.2860426931849,8.69178394044596,1
capital_weight,0.5,45,1,Static,0.98,451.5,128,0,1,2.251759620062651,0.6075514287035224,1
capital_weight,0.5,45,6,Static,0.98,451.5,128,0,1,77.34269634588506,11.763756105056133,1
capital_weight,0.5,45,24,Static,0.98,451.5,128,0,1,113.61989150976694,7.708498472634297,1
capital_weight,0.5,46,1,Static,0.98,76.5,128,2,1,0.014218740185856449,0.0008738222360263492,1
capital_weight,0.5,46,6,Static,0.98,76.5,128,2,1,0.03038943506992986,0.0020166503319718056,1
capital_weight,0.5,46,24,Static,0.98,76.5,128,2,1,0.03038943506992986,0.0020166503319718056,1
capital_weight,0.5,47,1,Static,0.98,180.5,128,1,2,0.5264270308287886,0.6290987192999717,1
capital_weight,0.5,47,6,Static,0.98,180.5,128,2,1,19.4383184126878,25.98309450703395,1
capital_weight,0.5,47,24,Static,0.98,180.5,128,0,1,15.359524395077019,14.265986395491893,1
capital_weight,0.5,48,1,Static,0.98,143.25,128,4,3,0.01863039935696409,0.006807109947996722,1
capital_weight,0.5,48,6,Static,0.98,143.25,128,4,3,34.058558643103005,17.902283745217396,1
capital_weight,0.5,48,24,Static,0.98,143.25,128,4,3,32.2062007978673,15.883129857761421,1
capital_weight,0.5,49,1,Static,0.98,76.5,128,4,3,1.231781075568977,0.23207400455946858,1
capital_weight,0.5,49,6,Static,0.98,76.5,128,4,3,59.79122908397007,26.916449340975056,1
capital_weight,0.5,49,24,Static,0.98,76.5,128,3,2,16.4087553209194,24.47250347010794,1
capital_weight,0.5,50,1,Static,0.98,451.5,128,2,1,233.2993938245598,101.70240902544674,1
capital_weight,0.5,50,6,Static,0.98,451.5,128,0,1,4.478220480461665,4.4233551920024246,1
capital_weight,0.5,50,24,Static,0.98,451.5,128,0,1,4.478220480461665,4.4233551920024246,1
capital_weight,0.5,51,1,Static,0.98,76.5,128,4,3,11.93766521610279,7.839509230637263,1
capital_weight,0.5,51,6,Static,0.98,76.5,128,4,3,48.48717781732172,12.791229747826595,1
capital_weight,0.5,51,24,Static,0.98,76.5,128,4,3,57.49225549649479,15.20639665552861,1
capital_weight,0.5,52,1,Static,0.98,143.25,128,3,4,0.0,0.0,2
capital_weight,0.5,52,6,Static,0.98,143.25,128,3,4,0.0,0.0,2
capital_weight,0.5,52,24,Static,0.98,143.25,128,3,4,-2.220446049250313e-16,2.220446049250313e-16,2
capital_weight,0.5,53,1,Static,0.98,56.75,128,3,4,0.0,0.0,2
capital_weight,0.5,53,6,Static,0.98,56.75,128,3,4,0.0,0.0,2
capital_weight,0.5,53,24,Static,0.98,56.75,128,3,4,0.0,0.0,2
capital_weight,0.5,54,1,Static,0.98,29.5,128,2,3,0.42057955633030614,0.005321576846838338,1
capital_weight,0.5,54,6,Static,0.98,29.5,128,4,3,0.9517232019377957,0.08268188955806768,1
capital_weight,0.5,54,24,Static,0.98,29.5,128,4,3,0.9517232019377957,0.08268188955806768,1
capital_weight,0.5,55,1,Static,0.98,180.5,128,1,0,0.09090781807119286,0.23427918770195738,1
capital_weight,0.5,55,6,Static,0.98,180.5,128,1,0,8.725921802059233,19.508149834376464,1
capital_weight,0.5,55,24,Static,0.98,180.5,128,1,0,11.124527555107083,16.43294085734509,1
capital_weight,0.5,56,1,Static,0.98,492.25,128,4,0,6.463139164117813,7.906169255871594,1
capital_weight,0.5,56,6,Static,0.98,492.25,128,4,2,26.41705095681518,46.62706428277115,1
capital_weight,0.5,56,24,Static,0.98,492.25,128,0,1,146.68087059900427,26.72068354284922,1
capital_weight,0.5,57,1,Static,0.98,480.0,128,1,4,88.91695556218652,62.64367455319906,1
capital_weight,0.5,57,6,Static,0.98,480.0,128,0,1,45.26897834451801,8.058754338210703,1
capital_weight,0.5,57,24,Static,0.98,480.0,128,0,1,45.268978344518025,8.058754338210703,1
capital_weight,0.5,58,1,Static,0.98,143.25,128,1,4,7.901624347516989,32.74719343901464,1
capital_weight,0.5,58,6,Static,0.98,143.25,128,0,1,250.60467850770812,37.57948764447101,1
capital_weight,0.5,58,24,Static,0.98,143.25,128,0,1,321.6803818564332,16.110474678625113,1
capital_weight,0.5,59,1,Static,0.98,480.0,128,0,1,0.9775888411656675,0.30481265324460377,1
capital_weight,0.5,59,6,Static,0.98,480.0,128,0,1,205.91236767125923,24.945736827560264,1
capital_weight,0.5,59,24,Static,0.98,480.0,128,0,1,351.6132033339832,12.325279380316102,1
capital_weight,0.5,60,1,Static,0.98,451.5,128,2,1,8.928496109184255,21.866510502056574,1
capital_weight,0.5,60,6,Static,0.98,451.5,128,1,0,113.98498283239354,57.44891008449355,1
capital_weight,0.5,60,24,Static,0.98,451.5,128,0,1,123.49761063265255,17.992934686031543,1
capital_weight,0.5,61,1,Static,0.98,82.5,128,2,1,36.10295216161331,39.59519303546583,1
capital_weight,0.5,61,6,Static,0.98,82.5,128,2,0,8.115745558734709,111.82752867353823,1
capital_weight,0.5,61,24,Static,0.98,82.5,128,2,0,8.115745558734709,111.82752867353823,1
capital_weight,0.5,62,1,Static,0.98,56.75,128,4,1,0.06196085378636834,0.09947850432318046,1
capital_weight,0.5,62,6,Static,0.98,56.75,128,4,3,2.020581485362322,0.9294736399057733,1
capital_weight,0.5,62,24,Static,0.98,56.75,128,4,3,12.44050067068478,10.159159354884917,1
capital_weight,0.5,63,1,Static,0.98,451.5,128,4,3,19.597409340454533,11.05249782357075,1
capital_weight,0.5,63,6,Static,0.98,451.5,128,0,1,5.009940498901839,1.9984955704189051,1
capital_weight,0.5,63,24,Static,0.98,451.5,128,0,1,5.009940498901839,1.9984955704189051,1
capital_weight,0.5,64,1,Static,0.98,180.5,128,2,0,26.952178073941063,19.73288916780253,1
capital_weight,0.5,64,6,Static,0.98,180.5,128,2,1,33.981957473577886,21.676168320117757,1
capital_weight,0.5,64,24,Static,0.98,180.5,128,1,2,26.284235922864912,29.583430587708428,1
capital_weight,0.5,65,1,Static,0.98,480.0,128,4,3,0.05944484214249479,0.000913655435213947,1
capital_weight,0.5,65,6,Static,0.98,480.0,128,4,3,37.04421316435838,18.97647549973037,1
capital_weight,0.5,65,24,Static,0.98,480.0,128,4,3,73.38932058154842,25.813623735988585,1
capital_weight,0.5,66,1,Static,0.98,492.25,128,0,1,0.23501781962393142,0.06595524448726305,1
capital_weight,0.5,66,6,Static,0.98,492.25,128,2,1,62.719853467835314,41.04978005231059,1
capital_weight,0.5,66,24,Static,0.98,492.25,128,2,1,1.4275430991144376,18.672927858251292,1
capital_weight,0.5,67,1,Static,0.98,180.5,128,4,3,0.00230193280347972,0.0001346557438997445,1
capital_weight,0.5,67,6,Static,0.98,180.5,128,3,4,0.10399389899582581,0.023860426899863833,1
capital_weight,0.5,67,24,Static,0.98,180.5,128,3,4,0.17885148516479238,0.033607533776276476,1
capital_weight,0.5,68,1,Static,0.98,29.5,128,2,3,0.1545380289994815,0.02837836224938648,1
capital_weight,0.5,68,6,Static,0.98,29.5,128,4,2,2.508050876712875,2.543272214776797,1
capital_weight,0.5,68,24,Static,0.98,29.5,128,4,2,3.601042627942097,2.655385075383208,1
capital_weight,0.5,69,1,Static,0.98,56.75,128,4,3,0.04744886698490808,0.0010815611142117067,1
capital_weight,0.5,69,6,Static,0.98,56.75,128,4,3,0.17159222943754132,0.0046264299913335895,1
capital_weight,0.5,69,24,Static,0.98,56.75,128,4,3,0.17159222943754132,0.0046264299913335895,1
capital_weight,0.5,70,1,Static,0.98,492.25,128,4,0,8.467408355578916,8.942408443835728,1
capital_weight,0.5,70,6,Static,0.98,492.25,128,3,4,5.9448070095426315,11.546953228634209,1
capital_weight,0.5,70,24,Static,0.98,492.25,128,1,0,4.161164610898806,6.2862920943532075,1
capital_weight,0.5,71,1,Static,0.98,76.5,128,2,3,0.8473470346729403,0.21567605293306424,1
capital_weight,0.5,71,6,Static,0.98,76.5,128,2,3,6.037495948515712,0.7253440239811013,1
capital_weight,0.5,71,24,Static,0.98,76.5,128,2,3,7.545777853523164,0.8843462825903072,1
capital_weight,0.75,0,1,Static,0.98,279.5,128,2,1,0.09982324986620181,0.004404721547790403,1
capital_weight,0.75,0,6,Static,0.98,279.5,128,2,1,0.9876783038317218,0.07700001536633096,1
capital_weight,0.75,0,24,Static,0.98,279.5,128,2,1,0.9876783038317218,0.07700001536633096,1
capital_weight,0.75,1,1,Static,0.98,253.25,128,4,3,0.38924405229227776,0.00032905581545944414,1
capital_weight,0.75,1,6,Static,0.98,253.25,128,4,3,2.6237924747999104,0.475154916096734,1
capital_weight,0.75,1,24,Static,0.98,253.25,128,4,3,4.273568868048799,0.5447315536660149,1
capital_weight,0.75,2,1,Static,0.98,519.0,128,0,2,0.2369467326500888,0.35218028071270796,1
capital_weight,0.75,2,6,Static,0.98,519.0,128,3,4,0.0,0.0,2
capital_weight,0.75,2,24,Static,0.98,519.0,128,3,4,0.0,0.0,2
capital_weight,0.75,3,1,Static,0.98,327.5,128,0,4,1.5659799765538513,0.45984156889259786,1
capital_weight,0.75,3,6,Static,0.98,327.5,128,0,1,167.25858802669305,43.26873996374523,1
capital_weight,0.75,3,24,Static,0.98,327.5,128,0,1,404.15841380749134,58.53847082316473,1
capital_weight,0.75,4,1,Static,0.98,363.5,128,0,1,0.5302263432600622,0.6888954972279439,1
capital_weight,0.75,4,6,Static,0.98,363.5,128,2,1,71.81984832916143,50.50917567614687,1
capital_weight,0.75,4,24,Static,0.98,363.5,128,0,2,82.38993768566937,164.8969396446738,1
capital_weight,0.75,5,1,Static,0.98,253.25,128,4,3,0.6297969937633283,0.11672524705518642,1
capital_weight,0.75,5,6,Static,0.98,253.25,128,4,3,12.300614271942914,1.5094143882372473,1
capital_weight,0.75,5,24,Static,0.98,253.25,128,4,3,5.8836774023157155,1.6723608154752854,1
capital_weight,0.75,6,1,Static,0.98,514.5,128,0,3,24.78140071642344,24.50541758709824,1
capital_weight,0.75,6,6,Static,0.98,514.5,128,0,1,253.96569210580157,17.86359742491498,1
capital_weight,0.75,6,24,Static,0.98,514.5,128,0,1,258.29775932120134,13.008544343236306,1
capital_weight,0.75,7,1,Static,0.98,519.0,128,4,3,0.1572733918695604,0.0026595839933608793,1
capital_weight,0.75,7,6,Static,0.98,519.0,128,4,2,3.8547776788178654,5.604867770193011,1
capital_weight,0.75,7,24,Static,0.98,519.0,128,4,3,27.311570572215256,15.590864445506634,1
capital_weight,0.75,8,1,Static,0.98,183.75,128,2,3,0.17424602375109238,0.21482094855856482,1
capital_weight,0.75,8,6,Static,0.98,183.75,128,4,3,1.4376595183240877,0.8798747381183466,1
capital_weight,0.75,8,24,Static,0.98,183.75,128,4,3,1.4376595183240877,0.8798747381183466,1
capital_weight,0.75,9,1,Static,0.98,253.25,128,4,3,21.66780912354556,13.608838193576322,1
capital_weight,0.75,9,6,Static,0.98,253.25,128,4,3,116.5691409479629,23.578632725612742,1
capital_weight,0.75,9,24,Static,0.98,253.25,128,4,3,90.88736537979999,22.035779523531247,1
capital_weight,0.75,10,1,Static,0.98,238.5,128,4,3,0.0327236006596686,0.000605194950317751,1
capital_weight,0.75,10,6,Static,0.98,238.5,128,4,3,0.8629559988081502,0.2213518591888191,1
capital_weight,0.75,10,24,Static,0.98,238.5,128,4,3,0.9380569014423377,0.21156321431731473,1
capital_weight,0.75,11,1,Static,0.98,238.5,128,3,4,0.010066987112115344,0.028401900364263703,1
capital_weight,0.75,11,6,Static,0.98,238.5,128,3,4,11.252119124511795,36.903204168781336,1
capital_weight,0.75,11,24,Static,0.98,238.5,128,3,4,11.252119124511795,36.903204168781336,1
capital_weight,0.75,12,1,Static,0.98,519.0,128,0,1,24.12140596686509,39.78690383706479,1
capital_weight,0.75,12,6,Static,0.98,519.0,128,0,1,484.52028977557416,55.10271293111026,1
capital_weight,0.75,12,24,Static,0.98,519.0,128,0,1,967.811253968276,77.95099753995387,1
capital_weight,0.75,13,1,Static,0.98,327.5,128,4,3,0.07784718776951977,0.001401772283498539,1
capital_weight,0.75,13,6,Static,0.98,327.5,128,4,3,1.179984948855898,0.18485800453664986,1
capital_weight,0.75,13,24,Static,0.98,327.5,128,4,3,4.172099067901902,2.7058252385843096,1
capital_weight,0.75,14,1,Static,0.98,492.0,128,4,3,0.3188556586782651,0.027320419860821257,1
capital_weight,0.75,14,6,Static,0.98,492.0,128,4,3,0.689375163272159,0.4048577424344547,1
capital_weight,0.75,14,24,Static,0.98,492.0,128,4,3,12.221262181558398,14.304339532427518,1
capital_weight,0.75,15,1,Static,0.98,514.5,128,1,3,0.07285213625723408,0.275467799698767,1
capital_weight,0.75,15,6,Static,0.98,514.5,128,4,3,18.129155408720315,1.5556570265741803,1
capital_weight,0.75,15,24,Static,0.98,514.5,128,4,3,158.787165101769,60.85487410798957,1
capital_weight,0.75,16,1,Static,0.98,253.25,128,0,1,0.9804464235185049,0.5646748850407193,1
capital_weight,0.75,16,6,Static,0.98,253.25,128,4,3,0.4444010343635387,1.0269021780047658,1
capital_weight,0.75,16,24,Static,0.98,253.25,128,3,4,2.016314407603812,4.190283106612879,1
capital_weight,0.75,17,1,Static,0.98,183.75,128,4,3,0.07665804218391155,0.21482012268788317,1
capital_weight,0.75,17,6,Static,0.98,183.75,128,4,3,1.4077248791659083,0.5370552621422547,1
capital_weight,0.75,17,24,Static,0.98,183.75,128,4,3,1.4077248791659083,0.5370552621422547,1
capital_weight,0.75,18,1,Static,0.98,327.5,128,4,3,0.03379133636846465,0.04154075916575169,1
capital_weight,0.75,18,6,Static,0.98,327.5,128,4,3,4.0667108527363585,0.5680329154083124,1
capital_weight,0.75,18,24,Static,0.98,327.5,128,4,3,27.41309348032989,14.339010844627559,1
capital_weight,0.75,19,1,Static,0.98,363.5,128,0,1,0.02800391580774436,0.0015163730638531143,1
capital_weight,0.75,19,6,Static,0.98,363.5,128,0,1,2.017497679092421,0.10872435769560503,1
capital_weight,0.75,19,24,Static,0.98,363.5,128,2,1,0.945658835000577,0.3865320379256643,1
capital_weight,0.75,20,1,Static,0.98,363.5,128,2,1,0.025455076964667783,0.029677390289487002,1
capital_weight,0.75,20,6,Static,0.98,363.5,128,0,1,0.40476290689598715,0.05745643898769893,1
capital_weight,0.75,20,24,Static,0.98,363.5,128,0,1,0.05596044182374271,0.6063377926256412,1
capital_weight,0.75,21,1,Static,0.98,492.0,128,0,1,25.64663475492734,4.3252916529848955,1
capital_weight,0.75,21,6,Static,0.98,492.0,128,0,1,169.0909905002041,23.735644585898847,1
capital_weight,0.75,21,24,Static,0.98,492.0,128,0,1,299.7045100683777,21.850050615384166,1
capital_weight,0.75,22,1,Static,0.98,279.5,128,0,1,0.1207353905848837,0.17844666915078003,1
capital_weight,0.75,22,6,Static,0.98,279.5,128,2,1,32.557715332228156,21.243645586615497,1
capital_weight,0.75,22,24,Static,0.98,279.5,128,1,2,23.989358688560404,62.37260688344529,1
capital_weight,0.75,23,1,Static,0.98,279.5,128,0,1,0.1801207100363893,0.8411399302334583,1
capital_weight,0.75,23,6,Static,0.98,279.5,128,2,1,2.9924424832446275,1.0480270449670932,1
capital_weight,0.75,23,24,Static,0.98,279.5,128,2,1,2.9924424832446275,1.0480270449670932,1
capital_weight,0.75,24,1,Static,0.98,183.75,128,4,3,0.06642576007473583,0.21485806731936558,1
capital_weight,0.75,24,6,Static,0.98,183.75,128,2,3,2.481429332582011,2.796646327685011,1
capital_weight,0.75,24,24,Static,0.98,183.75,128,2,3,4.965333315134902,2.7155646161460174,1
capital_weight,0.75,25,1,Static,0.98,514.5,128,2,1,0.0065458271591624095,0.01341150300467184,1
capital_weight,0.75,25,6,Static,0.98,514.5,128,4,3,41.938164686715965,25.164809341416124,1
capital_weight,0.75,25,24,Static,0.98,514.5,128,4,3,111.30100220735127,39.82853894751422,1
capital_weight,0.75,26,1,Static,0.98,327.5,128,4,3,0.07272550125713734,0.03289941552806875,1
capital_weight,0.75,26,6,Static,0.98,327.5,128,4,3,16.871076069734546,6.908489730025329,1
capital_weight,0.75,26,24,Static,0.98,327.5,128,4,3,44.764939336728474,20.19520826930103,1
capital_weight,0.75,27,1,Static,0.98,363.5,128,2,1,0.04935211946986162,0.001133358824254151,1
capital_weight,0.75,27,6,Static,0.98,363.5,128,0,1,0.5479208712154517,0.05696862505697401,1
capital_weight,0.75,27,24,Static,0.98,363.5,128,1,0,0.17979402189334165,0.189930236854161,1
capital_weight,0.75,28,1,Static,0.98,492.0,128,0,1,1.2966371184552856,0.315771101712949,1
capital_weight,0.75,28,6,Static,0.98,492.0,128,0,4,0.2212782367197974,73.72530097850975,1
capital_weight,0.75,28,24,Static,0.98,492.0,128,0,1,440.17454673194806,43.66619334821549,1
capital_weight,0.75,29,1,Static,0.98,492.0,128,0,1,0.5088482698781205,0.07274032693666625,1
capital_weight,0.75,29,6,Static,0.98,492.0,128,4,3,5.4112073954698,2.7968388908633512,1
capital_weight,0.75,29,24,Static,0.98,492.0,128,0,1,213.7843471027927,23.880003212837593,1
capital_weight,0.75,30,1,Static,0.98,183.75,128,4,3,0.0563353966178717,0.008717455451453759,1
capital_weight,0.75,30,6,Static,0.98,183.75,128,4,3,1.3964725160426856,0.30790491751778937,1
capital_weight,0.75,30,24,Static,0.98,183.75,128,4,3,1.7789272694144795,0.31697426537211976,1
capital_weight,0.75,31,1,Static,0.98,238.5,128,4,3,0.035303625423553364,0.000768508804551867,1
capital_weight,0.75,31,6,Static,0.98,238.5,128,4,3,0.15802256295025874,0.016505647344814883,1
capital_weight,0.75,31,24,Static,0.98,238.5,128,4,3,0.15802256295025874,0.016505647344814883,1
capital_weight,0.75,32,1,Static,0.98,519.0,128,2,3,0.7093223677179821,0.5667628155252434,1
capital_weight,0.75,32,6,Static,0.98,519.0,128,4,3,37.665854059705794,35.85277504608987,1
capital_weight,0.75,32,24,Static,0.98,519.0,128,0,1,233.99318874512534,64.83113948064657,1
capital_weight,0.75,33,1,Static,0.98,279.5,128,1,2,0.12245457255709849,0.007838633709481242,1
capital_weight,0.75,33,6,Static,0.98,279.5,128,1,2,0.16685655527816326,0.08365933192587324,1
capital_weight,0.75,33,24,Static,0.98,279.5,128,1,2,0.16685655527816326,0.08365933192587324,1
capital_weight,0.75,34,1,Static,0.98,238.5,128,4,3,0.013777685597315667,0.0006948508769171845,1
capital_weight,0.75,34,6,Static,0.98,238.5,128,4,3,0.8866631927670073,0.07088443696903513,1
capital_weight,0.75,34,24,Static,0.98,238.5,128,4,3,0.8866631927670073,0.07088443696903513,1
capital_weight,0.75,35,1,Static,0.98,514.5,128,0,1,0.009711634994065327,0.09951661148609565,1
capital_weight,0.75,35,6,Static,0.98,514.5,128,4,3,2.3220546883310575,0.10003865546605951,1
capital_weight,0.75,35,24,Static,0.98,514.5,128,4,3,5.877492703263589,1.794581424261778,1
capital_weight,0.75,36,1,Static,0.98,82.5,128,2,1,55.531366879420375,43.57712994772551,1
capital_weight,0.75,36,6,Static,0.98,82.5,128,0,1,42.899790936437654,15.176067550639866,1
capital_weight,0.75,36,24,Static,0.98,82.5,128,0,1,42.899790936437654,15.176067550639866,1
capital_weight,0.75,37,1,Static,0.98,480.0,128,0,1,0.454143999126269,0.13421781397260354,1
capital_weight,0.75,37,6,Static,0.98,480.0,128,4,3,4.758678037385757,1.8432173650339554,1
capital_weight,0.75,37,24,Static,0.98,480.0,128,4,2,43.50661016017139,64.37558080070164,1
capital_weight,0.75,38,1,Static,0.98,82.5,128,0,1,0.20473477987123517,0.04889544355335168,1
capital_weight,0.75,38,6,Static,0.98,82.5,128,0,1,2.0306349088637727,0.11151006861905018,1
capital_weight,0.75,38,24,Static,0.98,82.5,128,0,1,2.217530040639633,0.12119081708484056,1
capital_weight,0.75,39,1,Static,0.98,492.25,128,2,1,0.24416270361764414,0.6659710037385181,1
capital_weight,0.75,39,6,Static,0.98,492.25,128,2,1,167.3974302468473,86.40997904116107,1
capital_weight,0.75,39,24,Static,0.98,492.25,128,0,1,226.3448912368675,56.274291384503705,1
capital_weight,0.75,40,1,Static,0.98,56.75,128,2,3,0.0006800578355775772,0.0013925350842169083,1
capital_weight,0.75,40,6,Static,0.98,56.75,128,4,3,0.0397428240013194,0.011129957695150045,1
capital_weight,0.75,40,24,Static,0.98,56.75,128,4,3,0.0397428240013194,0.011129957695150045,1
capital_weight,0.75,41,1,Static,0.98,29.5,128,4,3,0.19634173059883742,0.2147735026514714,1
capital_weight,0.75,41,6,Static,0.98,29.5,128,4,3,1.7264932981234549,0.31169516507880307,1
capital_weight,0.75,41,24,Static,0.98,29.5,128,4,3,1.7264932981234549,0.31169516507880307,1
capital_weight,0.75,42,1,Static,0.98,82.5,128,2,1,21.396875513192597,21.599111820108003,1
capital_weight,0.75,42,6,Static,0.98,82.5,128,2,1,75.63486145654002,39.55894737830899,1
capital_weight,0.75,42,24,Static,0.98,82.5,128,2,1,75.63486145654002,39.55894737830899,1
capital_weight,0.75,43,1,Static,0.98,29.5,128,4,3,0.25100876871047567,0.2148262527799375,1
capital_weight,0.75,43,6,Static,0.98,29.5,128,4,3,0.25100876871047567,0.2148262527799375,1
capital_weight,0.75,43,24,Static,0.98,29.5,128,4,3,0.25100876871047567,0.2148262527799375,1
capital_weight,0.75,44,1,Static,0.98,143.25,128,4,3,40.73768835826323,29.668775144348018,1
capital_weight,0.75,44,6,Static,0.98,143.25,128,0,1,280.2233671556073,12.061626814458007,1
capital_weight,0.75,44,24,Static,0.98,143.25,128,0,1,280.2233671556073,12.061626814458007,1
capital_weight,0.75,45,1,Static,0.98,451.5,128,0,1,2.985477921841231,0.6438934431721347,1
capital_weight,0.75,45,6,Static,0.98,451.5,128,0,1,95.55251020909324,12.286322800916095,1
capital_weight,0.75,45,24,Static,0.98,451.5,128,0,1,134.1304428133557,9.68967138575659,1
capital_weight,0.75,46,1,Static,0.98,76.5,128,2,1,0.015136560719646197,0.0008911775106629982,1
capital_weight,0.75,46,6,Static,0.98,76.5,128,2,1,0.03362865288294348,0.0024067930874015833,1
capital_weight,0.75,46,24,Static,0.98,76.5,128,2,1,0.03362865288294348,0.0024067930874015833,1
capital_weight,0.75,47,1,Static,0.98,180.5,128,1,2,0.7535588468603107,0.658047999629518,1
capital_weight,0.75,47,6,Static,0.98,180.5,128,2,1,5.815794669845177,24.02332392373198,1
capital_weight,0.75,47,24,Static,0.98,180.5,128,0,1,42.05736882603797,22.54562793668571,1
capital_weight,0.75,48,1,Static,0.98,143.25,128,3,4,0.008931434094104684,0.010079485531883432,1
capital_weight,0.75,48,6,Static,0.98,143.25,128,4,3,36.45667622434708,17.14269831831474,1
capital_weight,0.75,48,24,Static,0.98,143.25,128,4,3,33.67365652115821,15.378989125289802,1
capital_weight,0.75,49,1,Static,0.98,76.5,128,4,3,1.6933403581279733,0.31121613552540994,1
capital_weight,0.75,49,6,Static,0.98,76.5,128,4,3,60.40552475921506,27.33942995401026,1
capital_weight,0.75,49,24,Static,0.98,76.5,128,2,3,7.188749013883253,21.282456203102765,1
capital_weight,0.75,50,1,Static,0.98,451.5,128,2,1,233.423628424661,101.70231790550758,1
capital_weight,0.75,50,6,Static,0.98,451.5,128,0,1,11.39000917259225,8.49979332479623,1
capital_weight,0.75,50,24,Static,0.98,451.5,128,0,1,11.39000917259225,8.49979332479623,1
capital_weight,0.75,51,1,Static,0.98,76.5,128,4,3,12.211273920087443,7.838678051218201,1
capital_weight,0.75,51,6,Static,0.98,76.5,128,4,3,53.70377006773293,13.143293210614484,1
capital_weight,0.75,51,24,Static,0.98,76.5,128,4,3,59.22142005872878,15.405567145779415,1
capital_weight,0.75,52,1,Static,0.98,143.25,128,2,3,0.00504677879018825,0.0006929412711526263,1
capital_weight,0.75,52,6,Static,0.98,143.25,128,3,4,0.0,0.0,2
capital_weight,0.75,52,24,Static,0.98,143.25,128,3,4,1.6653345369377348e-16,1.6653345369377346e-16,2
capital_weight,0.75,53,1,Static,0.98,56.75,128,3,4,0.0,0.0,2
capital_weight,0.75,53,6,Static,0.98,56.75,128,3,4,0.0,0.0,2
capital_weight,0.75,53,24,Static,0.98,56.75,128,3,4,0.0,0.0,2
capital_weight,0.75,54,1,Static,0.98,29.5,128,2,3,0.8849877595598612,0.011529299378363262,1
capital_weight,0.75,54,6,Static,0.98,29.5,128,3,4,0.0294503128143275,0.11323139968883925,1
capital_weight,0.75,54,24,Static,0.98,29.5,128,3,4,0.0294503128143275,0.11323139968883925,1
capital_weight,0.75,55,1,Static,0.98,180.5,128,1,0,0.1076035224756624,0.34528758696992234,1
capital_weight,0.75,55,6,Static,0.98,180.5,128,1,0,4.321500503651901,20.923196080626504,1
capital_weight,0.75,55,24,Static,0.98,180.5,128,1,0,7.855545557653322,17.865509677929627,1
capital_weight,0.75,56,1,Static,0.98,492.25,128,4,0,5.33253764620809,7.907599576580653,1
capital_weight,0.75,56,6,Static,0.98,492.25,128,4,2,29.72905851040983,46.551845072001576,1
capital_weight,0.75,56,24,Static,0.98,492.25,128,0,1,171.11850487580176,35.55256110069295,1
capital_weight,0.75,57,1,Static,0.98,480.0,128,1,4,110.83284842887963,62.730948595107655,1
capital_weight,0.75,57,6,Static,0.98,480.0,128,0,1,61.595070681970675,14.21676563733965,1
capital_weight,0.75,57,24,Static,0.98,480.0,128,0,1,61.595070681970675,14.216765637339654,1
capital_weight,0.75,58,1,Static,0.98,143.25,128,1,0,2.5098973425017626,32.04910656041856,1
capital_weight,0.75,58,6,Static,0.98,143.25,128,0,1,301.0634456796515,36.7815710774716,1
capital_weight,0.75,58,24,Static,0.98,143.25,128,0,1,375.5446141511171,22.211180024780575,1
capital_weight,0.75,59,1,Static,0.98,480.0,128,0,1,1.427809897439617,0.33486286322507813,1
capital_weight,0.75,59,6,Static,0.98,480.0,128,0,1,235.62120890017678,24.785552034984562,1
capital_weight,0.75,59,24,Static,0.98,480.0,128,0,1,398.74554049961625,17.69287404909543,1
capital_weight,0.75,60,1,Static,0.98,451.5,128,2,1,4.178497384854731,21.888228401923126,1
capital_weight,0.75,60,6,Static,0.98,451.5,128,1,0,72.55747258614214,53.69249505882721,1
capital_weight,0.75,60,24,Static,0.98,451.5,128,0,1,186.1833223547519,29.882678382999842,1
capital_weight,0.75,61,1,Static,0.98,82.5,128,2,1,35.67125655928277,39.59550284863651,1
capital_weight,0.75,61,6,Static,0.98,82.5,128,0,2,51.74930679642992,111.9567039045348,1
capital_weight,0.75,61,24,Static,0.98,82.5,128,0,2,51.74930679642992,111.9567039045348,1
capital_weight,0.75,62,1,Static,0.98,56.75,128,4,0,0.06226236302517929,0.14673592355384021,1
capital_weight,0.75,62,6,Static,0.98,56.75,128,4,3,2.994970893385184,1.423895227841516,1
capital_weight,0.75,62,24,Static,0.98,56.75,128,4,3,13.586632006999931,10.200598555241642,1
capital_weight,0.75,63,1,Static,0.98,451.5,128,4,3,19.646142337331753,11.05214058069207,1
capital_weight,0.75,63,6,Static,0.98,451.5,128,0,1,9.411775995837019,3.391783537168658,1
capital_weight,0.75,63,24,Static,0.98,451.5,128,0,1,9.411775995837019,3.391783537168658,1
capital_weight,0.75,64,1,Static,0.98,180.5,128,2,0,26.62746305129687,19.731017535967485,1
capital_weight,0.75,64,6,Static,0.98,180.5,128,2,1,26.81112879167734,19.9971147512158,1
capital_weight,0.75,64,24,Static,0.98,180.5,128,1,0,30.502407909502992,36.71963208483754,1
capital_weight,0.75,65,1,Static,0.98,480.0,128,4,3,0.04533861859725083,0.0009379263151306098,1
capital_weight,0.75,65,6,Static,0.98,480.0,128,4,3,37.96296386068779,18.286024375737362,1
capital_weight,0.75,65,24,Static,0.98,480.0,128,4,3,68.23226409880803,28.050790404155634,1
capital_weight,0.75,66,1,Static,0.98,492.25,128,0,1,0.3128937395500051,0.06876431388728375,1
capital_weight,0.75,66,6,Static,0.98,492.25,128,2,1,65.3768871152605,41.824803118013826,1
capital_weight,0.75,66,24,Static,0.98,492.25,128,0,1,0.34059195101179185,26.81479893301519,1
capital_weight,0.75,67,1,Static,0.98,180.5,128,0,1,0.004042979813156322,0.00047247532181560946,1
capital_weight,0.75,67,6,Static,0.98,180.5,128,3,4,0.15268350448112322,0.03193211899174406,1
capital_weight,0.75,67,24,Static,0.98,180.5,128,3,4,0.20305856654893575,0.042480986658344926,1
capital_weight,0.75,68,1,Static,0.98,29.5,128,2,3,0.30678659438120626,0.045113444705125495,1
capital_weight,0.75,68,6,Static,0.98,29.5,128,4,2,0.8558805151099296,2.7222943008626457,1
capital_weight,0.75,68,24,Static,0.98,29.5,128,4,2,1.4910443612120048,2.8363679317710924,1
capital_weight,0.75,69,1,Static,0.98,56.75,128,4,3,0.04681727717005693,0.0010651443362456189,1
capital_weight,0.75,69,6,Static,0.98,56.75,128,4,3,0.16796549360428575,0.0046437977984735415,1
capital_weight,0.75,69,24,Static,0.98,56.75,128,4,3,0.16796549360428575,0.0046437977984735415,1
capital_weight,0.75,70,1,Static,0.98,492.25,128,4,0,8.30438641025526,8.942332328751805,1
capital_weight,0.75,70,6,Static,0.98,492.25,128,3,2,4.760895262506004,8.856273613680093,1
capital_weight,0.75,70,24,Static,0.98,492.25,128,1,0,4.7183266775425245,8.265278447933033,1
capital_weight,0.75,71,1,Static,0.98,76.5,128,2,3,1.4033220151684909,0.21711001275999856,1
capital_weight,0.75,71,6,Static,0.98,76.5,128,2,3,9.581953496853142,0.7235873679338933,1
capital_weight,0.75,71,24,Static,0.98,76.5,128,2,3,12.94896498625721,0.8875623647932258,1
capital_weight,1.0,0,1,Static,0.98,279.5,128,2,1,0.09440170266903711,0.00444096158450094,1
capital_weight,1.0,0,6,Static,0.98,279.5,128,2,1,1.3425326839444194,0.10166332312576556,1
capital_weight,1.0,0,24,Static,0.98,279.5,128,2,1,1.3425326839444194,0.10166332312576556,1
capital_weight,1.0,1,1,Static,0.98,253.25,128,4,3,0.34911756104322933,0.00032905581545946674,1
capital_weight,1.0,1,6,Static,0.98,253.25,128,4,3,2.3061564684203635,0.47374862037715876,1
capital_weight,1.0,1,24,Static,0.98,253.25,128,4,3,3.6262136219895598,0.5390651246331895,1
capital_weight,1.0,2,1,Static,0.98,519.0,128,0,1,0.48101354589136147,0.041853047047423576,1
capital_weight,1.0,2,6,Static,0.98,519.0,128,3,4,0.0,0.0,2
capital_weight,1.0,2,24,Static,0.98,519.0,128,3,4,-1.4210854715202004e-14,1.4210854715202004e-14,2
capital_weight,1.0,3,1,Static,0.98,327.5,128,0,1,2.8338493862606615,0.47988254447797896,1
capital_weight,1.0,3,6,Static,0.98,327.5,128,0,1,210.3715542675917,45.70117124095805,1
capital_weight,1.0,3,24,Static,0.98,327.5,128,0,1,529.8331616764781,57.965553328455634,1
capital_weight,1.0,4,1,Static,0.98,363.5,128,0,1,0.7644130944041239,0.8749201333278607,1
capital_weight,1.0,4,6,Static,0.98,363.5,128,2,1,73.27451568836419,50.38294341337377,1
capital_weight,1.0,4,24,Static,0.98,363.5,128,0,1,151.55698068948934,84.56546520359706,1
capital_weight,1.0,5,1,Static,0.98,253.25,128,4,3,0.8261931980993636,0.15312490551471744,1
capital_weight,1.0,5,6,Static,0.98,253.25,128,4,3,14.557047799164707,1.8496427744868513,1
capital_weight,1.0,5,24,Static,0.98,253.25,128,4,3,3.2237714744926453,1.9596124944282745,1
capital_weight,1.0,6,1,Static,0.98,514.5,128,0,3,37.45492075004768,24.540221201646435,1
capital_weight,1.0,6,6,Static,0.98,514.5,128,0,1,274.6879541078571,18.943822676809216,1
capital_weight,1.0,6,24,Static,0.98,514.5,128,0,1,280.2916253083816,18.513284238895494,1
capital_weight,1.0,7,1,Static,0.98,519.0,128,4,3,0.1326273750274703,0.0021629902704493184,1
capital_weight,1.0,7,6,Static,0.98,519.0,128,4,2,4.597388330736412,7.461601000500919,1
capital_weight,1.0,7,24,Static,0.98,519.0,128,4,3,21.432553229561567,12.199773886179203,1
capital_weight,1.0,8,1,Static,0.98,183.75,128,2,3,0.3327286192927724,0.21482094855856473,1
capital_weight,1.0,8,6,Static,0.98,183.75,128,4,3,0.8078276895771004,1.0067418793022773,1
capital_weight,1.0,8,24,Static,0.98,183.75,128,4,3,0.8078276895771004,1.0067418793022773,1
capital_weight,1.0,9,1,Static,0.98,253.25,128,4,3,22.265237584670153,13.611554471764391,1
capital_weight,1.0,9,6,Static,0.98,253.25,128,4,3,132.31624579514818,24.405650498419053,1
capital_weight,1.0,9,24,Static,0.98,253.25,128,4,3,94.07370779500027,21.78472543848683,1
capital_weight,1.0,10,1,Static,0.98,238.5,128,4,3,0.030915483162990726,0.0005463075893699758,1
capital_weight,1.0,10,6,Static,0.98,238.5,128,4,3,1.1317881290789473,0.32135717618934173,1
capital_weight,1.0,10,24,Static,0.98,238.5,128,4,3,1.2451423552100278,0.31195152299257933,1
capital_weight,1.0,11,1,Static,0.98,238.5,128,3,4,0.038890888398818824,0.029927029910599017,1
capital_weight,1.0,11,6,Static,0.98,238.5,128,3,4,3.3703132707236527,37.35560999104294,1
capital_weight,1.0,11,24,Static,0.98,238.5,128,3,4,3.3703132707236527,37.35560999104294,1
capital_weight,1.0,12,1,Static,0.98,519.0,128,0,1,40.22334186207945,39.89824224960062,1
capital_weight,1.0,12,6,Static,0.98,519.0,128,0,1,596.3869782788165,50.54286548085168,1
capital_weight,1.0,12,24,Static,0.98,519.0,128,0,1,1147.1658731363239,112.65153385409599,1
capital_weight,1.0,13,1,Static,0.98,327.5,128,4,3,0.07412950509982352,0.0013083560996683388,1
capital_weight,1.0,13,6,Static,0.98,327.5,128,4,3,1.4886560555062907,0.23454344195952348,1
capital_weight,1.0,13,24,Static,0.98,327.5,128,4,3,5.672317227910014,3.681741247401473,1
capital_weight,1.0,14,1,Static,0.98,492.0,128,4,3,0.31499948592532634,0.017723310448076762,1
capital_weight,1.0,14,6,Static,0.98,492.0,128,4,3,0.9211508179023571,0.6054196657835533,1
capital_weight,1.0,14,24,Static,0.98,492.0,128,4,3,12.451995254471091,14.322900122054616,1
capital_weight,1.0,15,1,Static,0.98,514.5,128,1,3,0.1366440478287232,0.33966141962527463,1
capital_weight,1.0,15,6,Static,0.98,514.5,128,4,3,23.796155214312776,2.056955975277729,1
capital_weight,1.0,15,24,Static,0.98,514.5,128,4,3,184.18096865701483,63.35367922713111,1
capital_weight,1.0,16,1,Static,0.98,253.25,128,0,1,1.1448398144221055,0.5649038602023403,1
capital_weight,1.0,16,6,Static,0.98,253.25,128,3,4,0.15849235343597945,1.0466424055639156,1
capital_weight,1.0,16,24,Static,0.98,253.25,128,3,2,0.6725426850409948,1.288261733460925,1
capital_weight,1.0,17,1,Static,0.98,183.75,128,4,3,0.007306230579232589,0.214823984447681,1
capital_weight,1.0,17,6,Static,0.98,183.75,128,4,3,0.7859906187885859,0.538923513855782,1
capital_weight,1.0,17,24,Static,0.98,183.75,128,4,3,0.7859906187885859,0.538923513855782,1
capital_weight,1.0,18,1,Static,0.98,327.5,128,4,3,0.013844756131123709,0.04152170668924906,1
capital_weight,1.0,18,6,Static,0.98,327.5,128,4,3,5.229779546253722,0.7448304403874042,1
capital_weight,1.0,18,24,Static,0.98,327.5,128,4,3,37.692188335654826,19.174652195667576,1
capital_weight,1.0,19,1,Static,0.98,363.5,128,0,1,0.08810674330618862,0.0030092114586614217,1
capital_weight,1.0,19,6,Static,0.98,363.5,128,0,1,2.7694118806593053,0.1401836988809021,1
capital_weight,1.0,19,24,Static,0.98,363.5,128,2,1,1.1858208218256892,0.4774226583097032,1
capital_weight,1.0,20,1,Static,0.98,363.5,128,2,1,0.017262640150974104,0.029670654999599068,1
capital_weight,1.0,20,6,Static,0.98,363.5,128,0,1,0.6051274331134422,0.06791866920984845,1
capital_weight,1.0,20,24,Static,0.98,363.5,128,1,0,0.08123746756136668,0.8402454043137604,1
capital_weight,1.0,21,1,Static,0.98,492.0,128,0,1,31.198819464694374,4.471075860931194,1
capital_weight,1.0,21,6,Static,0.98,492.0,128,0,1,211.04447734354363,22.48009442797746,1
capital_weight,1.0,21,24,Static,0.98,492.0,128,0,1,356.7459639175584,31.247782300624912,1
capital_weight,1.0,22,1,Static,0.98,279.5,128,0,1,0.2534166078751594,0.17962239504903266,1
capital_weight,1.0,22,6,Static,0.98,279.5,128,2,1,35.56256835707313,20.77603399630986,1
capital_weight,1.0,22,24,Static,0.98,279.5,128,1,2,21.31312502171616,62.92607751045617,1
capital_weight,1.0,23,1,Static,0.98,279.5,128,0,1,0.2154496753276769,1.070316693088451,1
capital_weight,1.0,23,6,Static,0.98,279.5,128,2,1,3.857913012440473,1.353271563217966,1
capital_weight,1.0,23,24,Static,0.98,279.5,128,2,1,3.857913012440473,1.353271563217966,1
capital_weight,1.0,24,1,Static,0.98,183.75,128,3,4,0.007590300131339073,0.21485806731936558,1
capital_weight,1.0,24,6,Static,0.98,183.75,128,2,3,4.664137782388552,2.894970004401197,1
capital_weight,1.0,24,24,Static,0.98,183.75,128,2,3,7.91432413445182,2.7731445311887097,1
capital_weight,1.0,25,1,Static,0.98,514.5,128,1,0,0.007702879711814825,0.021941361148171093,1
capital_weight,1.0,25,6,Static,0.98,514.5,128,4,3,47.25546225975209,25.2161863592538,1
capital_weight,1.0,25,24,Static,0.98,514.5,128,4,3,124.72747568649223,39.93107724415171,1
capital_weight,1.0,26,1,Static,0.98,327.5,128,4,3,0.06351176055892449,0.03294462081744535,1
capital_weight,1.0,26,6,Static,0.98,327.5,128,4,3,22.662156338943397,9.34674682463682,1
capital_weight,1.0,26,24,Static,0.98,327.5,128,4,3,53.58173277947698,20.442456382423703,1
capital_weight,1.0,27,1,Static,0.98,363.5,128,2,1,0.043525927804694955,0.0009877661909789932,1
capital_weight,1.0,27,6,Static,0.98,363.5,128,0,1,0.818051294070534,0.070356528979329,1
capital_weight,1.0,27,24,Static,0.98,363.5,128,1,0,0.3624347472124599,0.24958830026741113,1
capital_weight,1.0,28,1,Static,0.98,492.0,128,0,1,1.9483740337130977,0.4578978997508339,1
capital_weight,1.0,28,6,Static,0.98,492.0,128,4,0,9.439890459380578,77.4507862027362,1
capital_weight,1.0,28,24,Static,0.98,492.0,128,0,1,534.6339644117829,52.076775434578714,1
capital_weight,1.0,29,1,Static,0.98,492.0,128,0,1,0.6754184649624689,0.07402718704133356,1
capital_weight,1.0,29,6,Static,0.98,492.0,128,4,3,8.024773772534699,3.4345366122321686,1
capital_weight,1.0,29,24,Static,0.98,492.0,128,0,1,258.9975259079072,28.870364863824282,1
capital_weight,1.0,30,1,Static,0.98,183.75,128,4,3,0.05512321691223641,0.008410255722819827,1
capital_weight,1.0,30,6,Static,0.98,183.75,128,4,3,1.3361284948266836,0.30862736465195406,1
capital_weight,1.0,30,24,Static,0.98,183.75,128,4,3,1.6758049331659528,0.3181256457131943,1
capital_weight,1.0,31,1,Static,0.98,238.5,128,4,3,0.035037099785833026,0.0007604096075742257,1
capital_weight,1.0,31,6,Static,0.98,238.5,128,4,3,0.17256788964353964,0.01980771414864791,1
capital_weight,1.0,31,24,Static,0.98,238.5,128,4,3,0.17256788964353964,0.01980771414864791,1
capital_weight,1.0,32,1,Static,0.98,519.0,128,2,3,0.8841706638888862,0.7339657883738558,1
capital_weight,1.0,32,6,Static,0.98,519.0,128,4,3,37.72291010840992,35.026806950928744,1
capital_weight,1.0,32,24,Static,0.98,519.0,128,0,1,266.7817712330748,82.05228498499343,1
capital_weight,1.0,33,1,Static,0.98,279.5,128,1,2,0.21871906753594061,0.011634494177130061,1
capital_weight,1.0,33,6,Static,0.98,279.5,128,1,2,0.31272551598129605,0.08670676156166196,1
capital_weight,1.0,33,24,Static,0.98,279.5,128,1,2,0.31272551598129605,0.08670676156166196,1
capital_weight,1.0,34,1,Static,0.98,238.5,128,4,3,0.002678024315509564,0.0011359317980790967,1
capital_weight,1.0,34,6,Static,0.98,238.5,128,4,3,1.1252984689871073,0.08272845952480673,1
capital_weight,1.0,34,24,Static,0.98,238.5,128,4,3,1.1252984689871073,0.08272845952480673,1
capital_weight,1.0,35,1,Static,0.98,514.5,128,0,1,0.036926219362973134,0.13073339863393416,1
capital_weight,1.0,35,6,Static,0.98,514.5,128,4,3,2.9658472377273135,0.12989543966010347,1
capital_weight,1.0,35,24,Static,0.98,514.5,128,4,3,8.213473107944477,2.491776918532671,1
capital_weight,1.0,36,1,Static,0.98,82.5,128,2,1,55.16368052297746,43.57779017864826,1
capital_weight,1.0,36,6,Static,0.98,82.5,128,0,1,52.42890638521646,19.14071270063398,1
capital_weight,1.0,36,24,Static,0.98,82.5,128,0,1,52.42890638521646,19.14071270063398,1
capital_weight,1.0,37,1,Static,0.98,480.0,128,0,1,0.6222638765368873,0.1355329640056007,1
capital_weight,1.0,37,6,Static,0.98,480.0,128,4,3,6.337326798766346,2.4517601279424213,1
capital_weight,1.0,37,24,Static,0.98,480.0,128,4,2,20.74739010718718,78.77396304505949,1
capital_weight,1.0,38,1,Static,0.98,82.5,128,0,1,0.2822163883741563,0.05000622908739846,1
capital_weight,1.0,38,6,Static,0.98,82.5,128,0,1,2.645016537898375,0.13921386603205685,1
capital_weight,1.0,38,24,Static,0.98,82.5,128,0,1,2.849147195322529,0.15251333451179472,1
capital_weight,1.0,39,1,Static,0.98,492.25,128,2,1,0.27137982793673765,0.8741564324100057,1
capital_weight,1.0,39,6,Static,0.98,492.25,128,2,1,168.7423064062457,88.83601933625253,1
capital_weight,1.0,39,24,Static,0.98,492.25,128,0,1,254.64268119221478,66.2598929723335,1
capital_weight,1.0,40,1,Static,0.98,56.75,128,0,1,0.00855294361187689,0.0028865059785964826,1
capital_weight,1.0,40,6,Static,0.98,56.75,128,4,3,0.0041520233778912785,0.013818986124381816,1
capital_weight,1.0,40,24,Static,0.98,56.75,128,4,3,0.0041520233778912785,0.013818986124381816,1
capital_weight,1.0,41,1,Static,0.98,29.5,128,4,3,0.1731335961028371,0.21476785356485192,1
capital_weight,1.0,41,6,Static,0.98,29.5,128,4,3,1.6730806583602968,0.3117165213780955,1
capital_weight,1.0,41,24,Static,0.98,29.5,128,4,3,1.6730806583602968,0.3117165213780955,1
capital_weight,1.0,42,1,Static,0.98,82.5,128,2,1,21.33920595771155,21.599026943146757,1
capital_weight,1.0,42,6,Static,0.98,82.5,128,2,1,74.73099767829589,38.04513769300057,1
capital_weight,1.0,42,24,Static,0.98,82.5,128,2,1,74.73099767829589,38.04513769300057,1
capital_weight,1.0,43,1,Static,0.98,29.5,128,4,3,0.23801954354794194,0.2148255563676767,1
capital_weight,1.0,43,6,Static,0.98,29.5,128,4,3,0.23801954354794194,0.2148255563676767,1
capital_weight,1.0,43,24,Static,0.98,29.5,128,4,3,0.23801954354794194,0.2148255563676767,1
capital_weight,1.0,44,1,Static,0.98,143.25,128,4,3,40.596791856098626,29.668211385686977,1
capital_weight,1.0,44,6,Static,0.98,143.25,128,0,1,293.16069161802955,15.795276390849473,1
capital_weight,1.0,44,24,Static,0.98,143.25,128,0,1,293.16069161802955,15.795276390849473,1
capital_weight,1.0,45,1,Static,0.98,451.5,128,0,1,3.7191962236198153,0.6877573220220038,1
capital_weight,1.0,45,6,Static,0.98,451.5,128,0,1,113.7623240723014,13.229592455704656,1
capital_weight,1.0,45,24,Static,0.98,451.5,128,0,1,154.64099411694446,12.379368678390057,1
capital_weight,1.0,46,1,Static,0.98,76.5,128,2,1,0.016054381253451044,0.0009093021709493862,1
capital_weight,1.0,46,6,Static,0.98,76.5,128,2,1,0.03686787069598285,0.0028014530540949804,1
capital_weight,1.0,46,24,Static,0.98,76.5,128,2,1,0.03686787069598285,0.0028014530540949804,1
capital_weight,1.0,47,1,Static,0.98,180.5,128,1,2,0.9806906628918286,0.6871302725642487,1
capital_weight,1.0,47,6,Static,0.98,180.5,128,1,2,7.80672907299741,23.48320181376715,1
capital_weight,1.0,47,24,Static,0.98,180.5,128,0,1,68.75521325699887,35.296593582736804,1
capital_weight,1.0,48,1,Static,0.98,143.25,128,3,2,0.0010383173764981768,0.015392868710851907,1
capital_weight,1.0,48,6,Static,0.98,143.25,128,4,3,38.85479380559114,16.465197604963397,1
capital_weight,1.0,48,24,Static,0.98,143.25,128,4,3,35.14111224444917,16.59630784084507,1
capital_weight,1.0,49,1,Static,0.98,76.5,128,4,3,2.154899640686969,0.39558764127009144,1
capital_weight,1.0,49,6,Static,0.98,76.5,128,4,3,61.01982043446006,28.072684476147035,1
capital_weight,1.0,49,24,Static,0.98,76.5,128,2,3,30.78625334868584,19.894529621276526,1
capital_weight,1.0,50,1,Static,0.98,451.5,128,2,1,233.54786302476222,101.70222699980002,1
capital_weight,1.0,50,6,Static,0.98,451.5,128,0,1,18.301797864722886,12.577248855675963,1
capital_weight,1.0,50,24,Static,0.98,451.5,128,0,1,18.301797864722886,12.577248855675963,1
capital_weight,1.0,51,1,Static,0.98,76.5,128,4,3,12.4848826240721,7.838328515862799,1
capital_weight,1.0,51,6,Static,0.98,76.5,128,4,3,58.920362318144115,13.58697869888641,1
capital_weight,1.0,51,24,Static,0.98,76.5,128,4,3,60.95058462096276,15.691489461938522,1
capital_weight,1.0,52,1,Static,0.98,143.25,128,2,3,0.02561821114245824,0.0012859116960016734,1
capital_weight,1.0,52,6,Static,0.98,143.25,128,3,4,0.0,0.0,2
capital_weight,1.0,52,24,Static,0.98,143.25,128,3,4,0.0,0.0,2
capital_weight,1.0,53,1,Static,0.98,56.75,128,3,4,0.0,0.0,2
capital_weight,1.0,53,6,Static,0.98,56.75,128,3,4,0.0,0.0,2
capital_weight,1.0,53,24,Static,0.98,56.75,128,3,4,0.0,0.0,2
capital_weight,1.0,54,1,Static,0.98,29.5,128,2,3,1.3493959627894165,0.01773859396688245,1
capital_weight,1.0,54,6,Static,0.98,29.5,128,2,3,0.6570050460678751,0.08478769316933064,1
capital_weight,1.0,54,24,Static,0.98,29.5,128,2,3,0.6570050460678751,0.08478769316933064,1
capital_weight,1.0,55,1,Static,0.98,180.5,128,1,0,0.12429922688011619,0.4565338680600873,1
capital_weight,1.0,55,6,Static,0.98,180.5,128,0,1,0.08292079475553216,23.18541558933376,1
capital_weight,1.0,55,24,Static,0.98,180.5,128,1,0,4.586563560199496,21.313067345944958,1
capital_weight,1.0,56,1,Static,0.98,492.25,128,4,0,4.201936128298367,7.909331853343117,1
capital_weight,1.0,56,6,Static,0.98,492.25,128,4,2,33.0410660640045,46.57317935047466,1
capital_weight,1.0,56,24,Static,0.98,492.25,128,0,1,195.55613915259926,44.927621319704095,1
capital_weight,1.0,57,1,Static,0.98,480.0,128,1,4,132.74874129557278,62.82231109404096,1
capital_weight,1.0,57,6,Static,0.98,480.0,128,0,1,77.92116301942326,20.504973861755452,1
capital_weight,1.0,57,24,Static,0.98,480.0,128,0,1,77.92116301942326,20.504973861755452,1
capital_weight,1.0,58,1,Static,0.98,143.25,128,0,1,5.774307366938379,32.21134627752257,1
capital_weight,1.0,58,6,Static,0.98,143.25,128,0,1,351.52221285159504,36.97863528385527,1
capital_weight,1.0,58,24,Static,0.98,143.25,128,0,1,429.4088464458012,31.445310533424685,1
capital_weight,1.0,59,1,Static,0.98,480.0,128,0,1,1.8780309537135664,0.37808423192816154,1
capital_weight,1.0,59,6,Static,0.98,480.0,128,0,1,265.3300501290943,24.887197058083736,1
capital_weight,1.0,59,24,Static,0.98,480.0,128,0,1,445.8778776652493,23.55093432432776,1
capital_weight,1.0,60,1,Static,0.98,451.5,128,1,2,0.5715013394747324,21.911424150906953,1
capital_weight,1.0,60,6,Static,0.98,451.5,128,1,0,31.129962339890717,51.33522777509322,1
capital_weight,1.0,60,24,Static,0.98,451.5,128,0,1,248.86903407685116,42.882339376644616,1
capital_weight,1.0,61,1,Static,0.98,82.5,128,2,1,35.23956095695214,39.59585723463882,1
capital_weight,1.0,61,6,Static,0.98,82.5,128,0,2,111.61435915159468,114.36579043018018,1
capital_weight,1.0,61,24,Static,0.98,82.5,128,0,2,111.61435915159468,114.36579043018018,1
capital_weight,1.0,62,1,Static,0.98,56.75,128,4,0,0.05809537524002617,0.19266614007620825,1
capital_weight,1.0,62,6,Static,0.98,56.75,128,4,3,3.969360301408085,1.9183967512443767,1
capital_weight,1.0,62,24,Static,0.98,56.75,128,4,3,14.732763343315117,10.264366868711866,1
capital_weight,1.0,63,1,Static,0.98,451.5,128,4,3,19.694875334208973,11.05180825985631,1
capital_weight,1.0,63,6,Static,0.98,451.5,128,0,1,13.813611492772193,4.786016469429991,1
capital_weight,1.0,63,24,Static,0.98,451.5,128,0,1,13.813611492772194,4.786016469429991,1
capital_weight,1.0,64,1,Static,0.98,180.5,128,2,0,26.30274802865268,19.729174367680848,1
capital_weight,1.0,64,6,Static,0.98,180.5,128,2,1,19.64030010977674,20.071468849217727,1
capital_weight,1.0,64,24,Static,0.98,180.5,128,1,0,22.642127863897,39.30845524780132,1
capital_weight,1.0,65,1,Static,0.98,480.0,128,4,3,0.031232395052007172,0.001343286474886317,1
capital_weight,1.0,65,6,Static,0.98,480.0,128,4,3,38.881714557017176,17.60423626882726,1
capital_weight,1.0,65,24,Static,0.98,480.0,128,4,3,63.07520761606768,32.59631864122685,1
capital_weight,1.0,66,1,Static,0.98,492.25,128,0,1,0.39076965947607656,0.07207298294710536,1
capital_weight,1.0,66,6,Static,0.98,492.25,128,2,1,68.03392076268558,42.62338290685335,1
capital_weight,1.0,66,24,Static,0.98,492.25,128,0,1,26.810285595622442,31.311044026064543,1
capital_weight,1.0,67,1,Static,0.98,180.5,128,0,1,0.013507908796533366,0.0007533853495144535,1
capital_weight,1.0,67,6,Static,0.98,180.5,128,3,4,0.2013731099664208,0.040116540672789275,1
capital_weight,1.0,67,24,Static,0.98,180.5,128,3,4,0.22726564793308185,0.051820490446552854,1
capital_weight,1.0,68,1,Static,0.98,29.5,128,2,3,0.45903515976293086,0.06350394250357153,1
capital_weight,1.0,68,6,Static,0.98,29.5,128,2,4,0.7962898464930116,2.9379669928942196,1
capital_weight,1.0,68,24,Static,0.98,29.5,128,2,4,0.6189539055180834,3.0601740448330896,1
capital_weight,1.0,69,1,Static,0.98,56.75,128,4,3,0.04618568735520573,0.0010487306579157149,1
capital_weight,1.0,69,6,Static,0.98,56.75,128,4,3,0.16433875777102896,0.0047028601307689145,1
capital_weight,1.0,69,24,Static,0.98,56.75,128,4,3,0.16433875777102896,0.0047028601307689145,1
capital_weight,1.0,70,1,Static,0.98,492.25,128,4,0,8.141364464931605,8.942261941331461,1
capital_weight,1.0,70,6,Static,0.98,492.25,128,3,2,3.3905433477635114,8.709803446758238,1
capital_weight,1.0,70,24,Static,0.98,492.25,128,1,0,5.275488744186225,10.25378230592627,1
capital_weight,1.0,71,1,Static,0.98,76.5,128,2,3,1.9592969956640398,0.21917407588238835,1
capital_weight,1.0,71,6,Static,0.98,76.5,128,2,3,13.126411045190569,0.7322800241126756,1
capital_weight,1.0,71,24,Static,0.98,76.5,128,2,3,18.352152118991256,0.9194310573124085,1
capital_weight,1.25,0,1,Static,0.98,279.5,128,2,1,0.08898015547187273,0.0045738361135555,1
capital_weight,1.25,0,6,Static,0.98,279.5,128,2,1,1.6973870640571178,0.12637228938973988,1
capital_weight,1.25,0,24,Static,0.98,279.5,128,2,1,1.6973870640571178,0.12637228938973988,1
capital_weight,1.25,1,1,Static,0.98,253.25,128,4,3,0.3089910697941809,0.00032905581545946626,1
capital_weight,1.25,1,6,Static,0.98,253.25,128,4,3,1.9885204620408186,0.47262796337100105,1
capital_weight,1.25,1,24,Static,0.98,253.25,128,4,3,2.9788583759303227,0.5341203907100813,1
capital_weight,1.25,2,1,Static,0.98,519.0,128,0,1,0.6780807076917716,0.05248437735997059,1
capital_weight,1.25,2,6,Static,0.98,519.0,128,3,4,-7.105427357601002e-15,7.105427357601002e-15,2
capital_weight,1.25,2,24,Static,0.98,519.0,128,3,4,-1.2434497875801753e-14,1.4335319025458377e-14,2
capital_weight,1.25,3,1,Static,0.98,327.5,128,0,1,3.9169670108705743,0.6442388827531446,1
capital_weight,1.25,3,6,Static,0.98,327.5,128,0,1,253.48452050849048,48.25878013714837,1
capital_weight,1.25,3,24,Static,0.98,327.5,128,0,1,655.5079095454648,58.1475203282454,1
capital_weight,1.25,4,1,Static,0.98,363.5,128,0,1,0.9985998455481848,1.065422732667659,1
capital_weight,1.25,4,6,Static,0.98,363.5,128,2,1,74.72918304756692,51.569753434247154,1
capital_weight,1.25,4,24,Static,0.98,363.5,128,0,1,217.3389741597489,89.82540247054251,1
capital_weight,1.25,5,1,Static,0.98,253.25,128,4,3,1.0225894024353992,0.1895245639742485,1
capital_weight,1.25,5,6,Static,0.98,253.25,128,4,3,16.81348132638649,2.204211117318536,1
capital_weight,1.25,5,24,Static,0.98,253.25,128,4,3,0.5638655466695712,2.276265249355581,1
capital_weight,1.25,6,1,Static,0.98,514.5,128,0,3,50.128440783671905,24.58343276973482,1
capital_weight,1.25,6,6,Static,0.98,514.5,128,0,1,295.4102161099126,20.73113101303045,1
capital_weight,1.25,6,24,Static,0.98,514.5,128,0,1,302.28549129556177,24.030932748181947,1
capital_weight,1.25,7,1,Static,0.98,519.0,128,4,3,0.10798135818538021,0.0017168880616558828,1
capital_weight,1.25,7,6,Static,0.98,519.0,128,4,2,5.339998982654947,9.318969218096628,1
capital_weight,1.25,7,24,Static,0.98,519.0,128,4,3,15.553535886907905,13.689601557419772,1
capital_weight,1.25,8,1,Static,0.98,183.75,128,2,3,0.4912112148344525,0.21482094855856465,1
capital_weight,1.25,8,6,Static,0.98,183.75,128,2,4,0.509440625002422,1.4412098224964247,1
capital_weight,1.25,8,24,Static,0.98,183.75,128,2,4,0.509440625002422,1.4412098224964247,1
capital_weight,1.25,9,1,Static,0.98,253.25,128,4,3,22.86266604579473,13.615167144386469,1
capital_weight,1.25,9,6,Static,0.98,253.25,128,4,3,148.0633506423335,25.445970156969853,1
capital_weight,1.25,9,24,Static,0.98,253.25,128,4,3,97.26005021020056,21.93817449711819,1
capital_weight,1.25,10,1,Static,0.98,238.5,128,4,3,0.02910736566631285,0.00048816647235470917,1
capital_weight,1.25,10,6,Static,0.98,238.5,128,4,3,1.4006202593497423,0.42235943417054117,1
capital_weight,1.25,10,24,Static,0.98,238.5,128,4,3,1.5522278089777162,0.41351341804470854,1
capital_weight,1.25,11,1,Static,0.98,238.5,128,3,4,0.0677147896855228,0.031715256622807456,1
capital_weight,1.25,11,6,Static,0.98,238.5,128,4,3,4.511492583064527,37.873419375256006,1
capital_weight,1.25,11,24,Static,0.98,238.5,128,4,3,4.511492583064527,37.873419375256006,1
capital_weight,1.25,12,1,Static,0.98,519.0,128,0,1,56.32527775729383,40.03146539607317,1
capital_weight,1.25,12,6,Static,0.98,519.0,128,0,1,708.2536667820586,47.88838173973438,1
capital_weight,1.25,12,24,Static,0.98,519.0,128,0,1,1326.5204923043714,149.14666383609213,1
capital_weight,1.25,13,1,Static,0.98,327.5,128,4,3,0.07041182243012728,0.0012161535315880342,1
capital_weight,1.25,13,6,Static,0.98,327.5,128,4,3,1.7973271621566802,0.2851060197238975,1
capital_weight,1.25,13,24,Static,0.98,327.5,128,4,3,7.172535387918123,4.657789991687742,1
capital_weight,1.25,14,1,Static,0.98,492.0,128,4,3,0.31114331317238714,0.008414043755026728,1
capital_weight,1.25,14,6,Static,0.98,492.0,128,4,3,1.152926472532551,0.8252331025520442,1
capital_weight,1.25,14,24,Static,0.98,492.0,128,4,3,12.682728327383751,14.35857924022831,1
capital_weight,1.25,15,1,Static,0.98,514.5,128,1,3,0.2004359594002113,0.4066005843728563,1
capital_weight,1.25,15,6,Static,0.98,514.5,128,4,3,29.46315501990525,2.55918940305055,1
capital_weight,1.25,15,24,Static,0.98,514.5,128,4,3,209.57477221226088,66.90952188777243,1
capital_weight,1.25,16,1,Static,0.98,253.25,128,0,1,1.3092332053257065,0.5651681429547786,1
capital_weight,1.25,16,6,Static,0.98,253.25,128,1,0,0.2903637751679399,1.018551593530261,1
capital_weight,1.25,16,24,Static,0.98,253.25,128,0,1,0.1411395415791798,1.3029187111692657,1
capital_weight,1.25,17,1,Static,0.98,183.75,128,2,3,0.031047476370092128,0.2161527811176169,1
capital_weight,1.25,17,6,Static,0.98,183.75,128,4,3,0.16425635841126468,0.5430280844767634,1
capital_weight,1.25,17,24,Static,0.98,183.75,128,4,3,0.16425635841126468,0.5430280844767634,1
capital_weight,1.25,18,1,Static,0.98,327.5,128,2,3,0.0006903225223836504,0.043205117920706256,1
capital_weight,1.25,18,6,Static,0.98,327.5,128,4,3,6.3928482397711,0.9222939806119791,1
capital_weight,1.25,18,24,Static,0.98,327.5,128,4,3,47.97128319097979,24.037175309041938,1
capital_weight,1.25,19,1,Static,0.98,363.5,128,0,1,0.1482095708046329,0.0045247816481621605,1
capital_weight,1.25,19,6,Static,0.98,363.5,128,0,1,3.5213260822261834,0.172819672434945,1
capital_weight,1.25,19,24,Static,0.98,363.5,128,2,1,1.4259828086508082,0.5748281840566025,1
capital_weight,1.25,20,1,Static,0.98,363.5,128,2,1,0.009070203337280397,0.029665327816029954,1
capital_weight,1.25,20,6,Static,0.98,363.5,128,0,1,0.8054919593308922,0.07955001834483384,1
capital_weight,1.25,20,24,Static,0.98,363.5,128,1,0,0.21843537694648008,1.0745205205287398,1
capital_weight,1.25,21,1,Static,0.98,492.0,128,0,1,36.75100417446142,4.639508979133473,1
capital_weight,1.25,21,6,Static,0.98,492.0,128,0,1,252.9979641868831,21.899692911425596,1
capital_weight,1.25,21,24,Static,0.98,492.0,128,0,1,413.78741776673894,40.902179597615394,1
capital_weight,1.25,22,1,Static,0.98,279.5,128,0,1,0.3860978251654351,0.18097991371635055,1
capital_weight,1.25,22,6,Static,0.98,279.5,128,2,1,38.56742138191809,20.331007278780756,1
capital_weight,1.25,22,24,Static,0.98,279.5,128,1,2,18.636891354871928,63.4962720623752,1
capital_weight,1.25,23,1,Static,0.98,279.5,128,0,1,0.25077864061896227,1.3046745377184172,1
capital_weight,1.25,23,6,Static,0.98,279.5,128,2,1,4.723383541636327,1.6622972606931823,1
capital_weight,1.25,23,24,Static,0.98,279.5,128,2,1,4.723383541636327,1.6622972606931823,1
capital_weight,1.25,24,1,Static,0.98,183.75,128,2,3,0.029464449714378366,0.21693247079048067,1
capital_weight,1.25,24,6,Static,0.98,183.75,128,2,3,6.846846232195093,2.998503712393482,1
capital_weight,1.25,24,24,Static,0.98,183.75,128,2,3,10.863314953768736,2.836315341737225,1
capital_weight,1.25,25,1,Static,0.98,514.5,128,0,1,0.0574935723071599,0.028306574407418475,1
capital_weight,1.25,25,6,Static,0.98,514.5,128,4,3,52.57275983278826,25.26906492038257,1
capital_weight,1.25,25,24,Static,0.98,514.5,128,4,3,138.15394916563318,41.022318301287925,1
capital_weight,1.25,26,1,Static,0.98,327.5,128,4,3,0.054298019860711685,0.03301075088543952,1
capital_weight,1.25,26,6,Static,0.98,327.5,128,4,3,28.45323660815226,11.785401233799346,1
capital_weight,1.25,26,24,Static,0.98,327.5,128,4,3,62.3985262222255,21.110372137835306,1
capital_weight,1.25,27,1,Static,0.98,363.5,128,2,1,0.037699736139528275,0.0008422046413755214,1
capital_weight,1.25,27,6,Static,0.98,363.5,128,0,1,1.0881817169256185,0.08472220840599856,1
capital_weight,1.25,27,24,Static,0.98,363.5,128,1,0,0.5450754725315816,0.3102603437080269,1
capital_weight,1.25,28,1,Static,0.98,492.0,128,0,1,2.6001109489709098,0.600031920772968,1
capital_weight,1.25,28,6,Static,0.98,492.0,128,4,0,19.10105915548096,81.82957756658618,1
capital_weight,1.25,28,24,Static,0.98,492.0,128,0,1,629.0933820916177,64.40373742908788,1
capital_weight,1.25,29,1,Static,0.98,492.0,128,0,1,0.8419886600468169,0.07554201827384407,1
capital_weight,1.25,29,6,Static,0.98,492.0,128,4,3,10.638340149599571,4.100567836808655,1
capital_weight,1.25,29,24,Static,0.98,492.0,128,0,1,304.21070471302164,34.560295695127394,1
capital_weight,1.25,30,1,Static,0.98,183.75,128,4,3,0.05391103720660107,0.00810306475492336,1
capital_weight,1.25,30,6,Static,0.98,183.75,128,4,3,1.275784473610685,0.31071225336326413,1
capital_weight,1.25,30,24,Static,0.98,183.75,128,4,3,1.5726825969174294,0.32103096696481254,1
capital_weight,1.25,31,1,Static,0.98,238.5,128,4,3,0.03477057414811266,0.0007523150278327337,1
capital_weight,1.25,31,6,Static,0.98,238.5,128,4,3,0.18711321633682249,0.02326608408738244,1
capital_weight,1.25,31,24,Static,0.98,238.5,128,4,3,0.18711321633682249,0.02326608408738244,1
capital_weight,1.25,32,1,Static,0.98,519.0,128,2,3,1.0590189600597784,0.9034061220598215,1
capital_weight,1.25,32,6,Static,0.98,519.0,128,4,3,37.77996615711403,34.20114576912813,1
capital_weight,1.25,32,24,Static,0.98,519.0,128,0,1,299.57035372102416,99.60360122606018,1
capital_weight,1.25,33,1,Static,0.98,279.5,128,1,2,0.31498356251478365,0.015449168167774554,1
capital_weight,1.25,33,6,Static,0.98,279.5,128,1,2,0.4585944766844251,0.09021746377310678,1
capital_weight,1.25,33,24,Static,0.98,279.5,128,1,2,0.4585944766844251,0.09021746377310678,1
capital_weight,1.25,34,1,Static,0.98,238.5,128,1,2,0.000232695007246847,0.002118463103402676,1
capital_weight,1.25,34,6,Static,0.98,238.5,128,4,3,1.3639337452072107,0.09509349247696677,1
capital_weight,1.25,34,24,Static,0.98,238.5,128,4,3,1.3639337452072107,0.09509349247696677,1
capital_weight,1.25,35,1,Static,0.98,514.5,128,0,1,0.06414080373188091,0.16195152917701028,1
capital_weight,1.25,35,6,Static,0.98,514.5,128,4,3,3.6096397871235726,0.1597646756145581,1
capital_weight,1.25,35,24,Static,0.98,514.5,128,4,3,10.549453512625366,3.189192594692085,1
capital_weight,1.25,36,1,Static,0.98,82.5,128,2,1,54.79599416653454,43.57845271950595,1
capital_weight,1.25,36,6,Static,0.98,82.5,128,0,1,61.95802183399531,23.113125731801638,1
capital_weight,1.25,36,24,Static,0.98,82.5,128,0,1,61.95802183399531,23.113125731801638,1
capital_weight,1.25,37,1,Static,0.98,480.0,128,0,1,0.7903837539475043,0.13704285053202853,1
capital_weight,1.25,37,6,Static,0.98,480.0,128,4,3,7.915975560146886,3.0631767482485146,1
capital_weight,1.25,37,24,Static,0.98,480.0,128,0,1,19.326595240920312,79.54495809377973,1
capital_weight,1.25,38,1,Static,0.98,82.5,128,0,1,0.3596979968770775,0.05123405958190427,1
capital_weight,1.25,38,6,Static,0.98,82.5,128,0,1,3.2593981669329732,0.1684641798685474,1
capital_weight,1.25,38,24,Static,0.98,82.5,128,0,1,3.480764350005432,0.18527171449211416,1
capital_weight,1.25,39,1,Static,0.98,492.25,128,2,1,0.29859695225583316,1.0828359832232157,1
capital_weight,1.25,39,6,Static,0.98,492.25,128,2,1,170.08718256564396,91.7137632891748,1
capital_weight,1.25,39,24,Static,0.98,492.25,128,0,1,282.94047114756205,76.47609694077322,1
capital_weight,1.25,40,1,Static,0.98,56.75,128,0,1,0.030514326859597846,0.0039576084314218675,1
capital_weight,1.25,40,6,Static,0.98,56.75,128,3,4,0.03143877724553526,0.016690555815160855,1
capital_weight,1.25,40,24,Static,0.98,56.75,128,3,4,0.03143877724553526,0.016690555815160855,1
capital_weight,1.25,41,1,Static,0.98,29.5,128,4,3,0.14992546160683684,0.21476325100535332,1
capital_weight,1.25,41,6,Static,0.98,29.5,128,4,3,1.619668018597139,0.31177990953758067,1
capital_weight,1.25,41,24,Static,0.98,29.5,128,4,3,1.619668018597139,0.31177990953758067,1
capital_weight,1.25,42,1,Static,0.98,82.5,128,2,1,21.2815364022305,21.598944700204164,1
capital_weight,1.25,42,6,Static,0.98,82.5,128,2,1,73.82713390005165,36.75252811408594,1
capital_weight,1.25,42,24,Static,0.98,82.5,128,2,1,73.82713390005165,36.75252811408594,1
capital_weight,1.25,43,1,Static,0.98,29.5,128,4,3,0.2250303183854082,0.21482490383235803,1
capital_weight,1.25,43,6,Static,0.98,29.5,128,4,3,0.2250303183854082,0.21482490383235803,1
capital_weight,1.25,43,24,Static,0.98,29.5,128,4,3,0.2250303183854082,0.21482490383235803,1
capital_weight,1.25,44,1,Static,0.98,143.25,128,4,0,38.702591415741225,57.538753661163994,1
capital_weight,1.25,44,6,Static,0.98,143.25,128,0,1,306.0980160804518,19.686819261211724,1
capital_weight,1.25,44,24,Static,0.98,143.25,128,0,1,306.0980160804518,19.686819261211724,1
capital_weight,1.25,45,1,Static,0.98,451.5,128,0,1,4.452914525398399,0.7378027121284687,1
capital_weight,1.25,45,6,Static,0.98,451.5,128,0,1,131.9721379355096,14.511758109423758,1
capital_weight,1.25,45,24,Static,0.98,451.5,128,0,1,175.15154542053324,15.410972086058338,1
capital_weight,1.25,46,1,Static,0.98,76.5,128,2,1,0.016972201787256225,0.0009281511449758047,1
capital_weight,1.25,46,6,Static,0.98,76.5,128,2,1,0.04010708850899647,0.0031989587849191275,1
capital_weight,1.25,46,24,Static,0.98,76.5,128,2,1,0.04010708850899647,0.0031989587849191275,1
capital_weight,1.25,47,1,Static,0.98,180.5,128,1,2,1.2078224789233478,0.7163293401769059,1
capital_weight,1.25,47,6,Static,0.98,180.5,128,1,0,19.22003783005632,21.162231832476397,1
capital_weight,1.25,47,24,Static,0.98,180.5,128,0,1,95.45305768795996,49.15435795829972,1
capital_weight,1.25,48,1,Static,0.98,143.25,128,2,3,0.01979670474635231,0.01936853564103636,1
capital_weight,1.25,48,6,Static,0.98,143.25,128,4,3,41.25291138683518,15.880291020869207,1
capital_weight,1.25,48,24,Static,0.98,143.25,128,4,3,36.608567967740065,19.210575118289743,1
capital_weight,1.25,49,1,Static,0.98,76.5,128,4,3,2.616458923245964,0.4824527337833845,1
capital_weight,1.25,49,6,Static,0.98,76.5,128,4,3,61.63411610970503,29.09276191059377,1
capital_weight,1.25,49,24,Static,0.98,76.5,128,2,0,12.31835215461344,45.469433209576586,1
capital_weight,1.25,50,1,Static,0.98,451.5,128,2,1,233.6720976248634,101.7021363083246,1
capital_weight,1.25,50,6,Static,0.98,451.5,128,0,1,25.213586556853357,16.654974566016904,1
capital_weight,1.25,50,24,Static,0.98,451.5,128,0,1,25.213586556853357,16.654974566016904,1
capital_weight,1.25,51,1,Static,0.98,76.5,128,4,3,12.758491328056751,7.8384606890039725,1
capital_weight,1.25,51,6,Static,0.98,76.5,128,4,3,64.13695456855532,14.113647993807591,1
capital_weight,1.25,51,24,Static,0.98,76.5,128,4,3,62.67974918319673,16.059530709155254,1
capital_weight,1.25,52,1,Static,0.98,143.25,128,2,3,0.04618964349472828,0.0018941862633984846,1
capital_weight,1.25,52,6,Static,0.98,143.25,128,3,4,0.0,0.0,2
capital_weight,1.25,52,24,Static,0.98,143.25,128,3,4,0.0,0.0,2
capital_weight,1.25,53,1,Static,0.98,56.75,128,3,4,0.0,0.0,2
capital_weight,1.25,53,6,Static,0.98,56.75,128,3,4,0.0,0.0,2
capital_weight,1.25,53,24,Static,0.98,56.75,128,3,4,0.0,0.0,2
capital_weight,1.25,54,1,Static,0.98,29.5,128,2,3,1.8138041660189717,0.02394823783569009,1
capital_weight,1.25,54,6,Static,0.98,29.5,128,2,3,1.5659308104434173,0.10215124086273053,1
capital_weight,1.25,54,24,Static,0.98,29.5,128,2,3,1.5659308104434173,0.10215124086273053,1
capital_weight,1.25,55,1,Static,0.98,180.5,128,1,0,0.14099493128456597,0.5678782463710591,1
capital_weight,1.25,55,6,Static,0.98,180.5,128,0,1,4.487342093162802,26.075237207469687,1
capital_weight,1.25,55,24,Static,0.98,180.5,128,1,0,1.3175815627457013,25.985625952490842,1
capital_weight,1.25,56,1,Static,0.98,492.25,128,4,0,3.0713346103886434,7.911365887809633,1
capital_weight,1.25,56,6,Static,0.98,492.25,128,4,2,36.35307361759915,46.6909347651254,1
capital_weight,1.25,56,24,Static,0.98,492.25,128,0,1,219.9937734293967,54.566606994404275,1
capital_weight,1.25,57,1,Static,0.98,480.0,128,1,0,135.51730527360183,66.31993330125736,1
capital_weight,1.25,57,6,Static,0.98,480.0,128,0,1,94.24725535687575,26.831997785038805,1
capital_weight,1.25,57,24,Static,0.98,480.0,128,0,1,94.24725535687577,26.831997785038805,1
capital_weight,1.25,58,1,Static,0.98,143.25,128,0,1,14.058512076378516,32.38189662371069,1
capital_weight,1.25,58,6,Static,0.98,143.25,128,0,1,401.9809800235385,38.15526675583363,1
capital_weight,1.25,58,24,Static,0.98,143.25,128,0,1,483.27307874048506,41.78469221762338,1
capital_weight,1.25,59,1,Static,0.98,480.0,128,0,1,2.328252009987514,0.43052804946280354,1
capital_weight,1.25,59,6,Static,0.98,480.0,128,0,1,295.0388913580118,25.247509759514696,1
capital_weight,1.25,59,24,Static,0.98,480.0,128,0,1,493.0102148308823,29.609773016654167,1
capital_weight,1.25,60,1,Static,0.98,451.5,128,1,2,5.3215000638042245,21.93609306086964,1
capital_weight,1.25,60,6,Static,0.98,451.5,128,0,1,10.297547906360755,50.57313540934333,1
capital_weight,1.25,60,24,Static,0.98,451.5,128,0,1,311.5547457989504,56.22728330474053,1
capital_weight,1.25,61,1,Static,0.98,82.5,128,2,1,34.80786535462151,39.596256192276016,1
capital_weight,1.25,61,6,Static,0.98,82.5,128,0,1,150.18678225303685,59.00729764877606,1
capital_weight,1.25,61,24,Static,0.98,82.5,128,0,1,150.18678225303685,59.00729764877606,1
capital_weight,1.25,62,1,Static,0.98,56.75,128,4,0,0.05392838745487327,0.23880560838542597,1
capital_weight,1.25,62,6,Static,0.98,56.75,128,4,3,4.943749709430945,2.412929065104299,1
capital_weight,1.25,62,24,Static,0.98,56.75,128,4,3,15.878894679630296,10.350051583875393,1
capital_weight,1.25,63,1,Static,0.98,451.5,128,4,3,19.743608331086193,11.0515008633117,1
capital_weight,1.25,63,6,Static,0.98,451.5,128,0,1,18.215446989707374,6.180554893609824,1
capital_weight,1.25,63,24,Static,0.98,451.5,128,0,1,18.215446989707374,6.180554893609824,1
capital_weight,1.25,64,1,Static,0.98,180.5,128,2,0,25.978033006008502,19.727359670920844,1
capital_weight,1.25,64,6,Static,0.98,180.5,128,2,0,7.621906894064317,31.296355184543142,1
capital_weight,1.25,64,24,Static,0.98,180.5,128,1,0,14.781847818291013,42.719515489209876,1
capital_weight,1.25,65,1,Static,0.98,480.0,128,4,3,0.01712617150676348,0.0018997117142582638,1
capital_weight,1.25,65,6,Static,0.98,480.0,128,4,3,39.80046525334658,16.932157683170907,1
capital_weight,1.25,65,24,Static,0.98,480.0,128,4,3,57.91815113332725,38.644050128975415,1
capital_weight,1.25,66,1,Static,0.98,492.25,128,0,1,0.46864557940214846,0.07581587099604359,1
capital_weight,1.25,66,6,Static,0.98,492.25,128,2,1,70.69095441011072,43.44422039850566,1
capital_weight,1.25,66,24,Static,0.98,492.25,128,0,1,53.27997924023319,39.69540358432268,1
capital_weight,1.25,67,1,Static,0.98,180.5,128,0,1,0.022972837779910445,0.0010439854023350692,1
capital_weight,1.25,67,6,Static,0.98,180.5,128,3,4,0.2500627154517205,0.048356486727115844,1
capital_weight,1.25,67,24,Static,0.98,180.5,128,3,4,0.2514727293172325,0.06141378782071701,1
capital_weight,1.25,68,1,Static,0.98,29.5,128,2,3,0.6112837251446557,0.0824494687973239,1
capital_weight,1.25,68,6,Static,0.98,29.5,128,2,4,2.4484602080959523,3.1828485560792323,1
capital_weight,1.25,68,24,Static,0.98,29.5,128,2,4,2.728952172248172,3.318149532411093,1
capital_weight,1.25,69,1,Static,0.98,56.75,128,4,3,0.04555409754035451,0.0010323202270727477,1
capital_weight,1.25,69,6,Static,0.98,56.75,128,4,3,0.16071202193777145,0.00480207879091059,1
capital_weight,1.25,69,24,Static,0.98,56.75,128,4,3,0.16071202193777145,0.00480207879091059,1
capital_weight,1.25,70,1,Static,0.98,492.25,128,4,0,7.978342519607947,8.942197281709957,1
capital_weight,1.25,70,6,Static,0.98,492.25,128,3,2,2.020191433021072,8.948627294304623,1
capital_weight,1.25,70,24,Static,0.98,492.25,128,1,0,5.8326508108299,12.247168634501154,1
capital_weight,1.25,71,1,Static,0.98,76.5,128,2,3,2.515271976159589,0.22185065585556127,1
capital_weight,1.25,71,6,Static,0.98,76.5,128,2,3,16.670868593528,0.7510592634193264,1
capital_weight,1.25,71,24,Static,0.98,76.5,128,2,3,23.755339251725303,0.977152956701821,1
capital_weight,1.5,0,1,Static,0.98,279.5,128,2,1,0.08355860827470986,0.00479531885378942,1
capital_weight,1.5,0,6,Static,0.98,279.5,128,2,1,2.052241444169816,0.1511045172597634,1
capital_weight,1.5,0,24,Static,0.98,279.5,128,2,1,2.052241444169816,0.1511045172597634,1
capital_weight,1.5,1,1,Static,0.98,253.25,128,4,3,0.26886457854513224,0.0003290558154594851,1
capital_weight,1.5,1,6,Static,0.98,253.25,128,4,3,1.670884455661275,0.47179498051989843,1
capital_weight,1.5,1,24,Static,0.98,253.25,128,4,3,2.331503129871084,0.5299175549921635,1
capital_weight,1.5,2,1,Static,0.98,519.0,128,0,1,0.8751478694921884,0.06316151224996892,1
capital_weight,1.5,2,6,Static,0.98,519.0,128,3,4,-3.552713678800501e-15,3.552713678800501e-15,2
capital_weight,1.5,2,24,Static,0.98,519.0,128,3,4,0.0,0.0,2
capital_weight,1.5,3,1,Static,0.98,327.5,128,0,1,5.000084635480492,0.808600507565431,1
capital_weight,1.5,3,6,Static,0.98,327.5,128,0,1,296.59748674938913,50.922708889462754,1
capital_weight,1.5,3,24,Static,0.98,327.5,128,0,1,781.1826574144515,59.07739677121482,1
capital_weight,1.5,4,1,Static,0.98,363.5,128,0,1,1.2327865966922538,1.2583712031227838,1
capital_weight,1.5,4,6,Static,0.98,363.5,128,2,1,76.1838504067697,53.98307396124578,1
capital_weight,1.5,4,24,Static,0.98,363.5,128,0,1,283.1209676300083,101.0227367469299,1
capital_weight,1.5,5,1,Static,0.98,253.25,128,4,3,1.2189856067714333,0.2259242224337796,1
capital_weight,1.5,5,6,Static,0.98,253.25,128,4,3,19.06991485360828,2.5671845599635548,1
capital_weight,1.5,5,24,Static,0.98,253.25,128,3,4,2.0960403811535024,2.6116465626976444,1
capital_weight,1.5,6,1,Static,0.98,514.5,128,0,3,62.80196081729617,24.63500804694545,1
capital_weight,1.5,6,6,Static,0.98,514.5,128,0,1,316.13247811196817,23.061705040316376,1
capital_weight,1.5,6,24,Static,0.98,514.5,128,0,1,324.279357282742,29.55426081367062,1
capital_weight,1.5,7,1,Static,0.98,519.0,128,4,3,0.08333534134329054,0.0013714664182311344,1
capital_weight,1.5,7,6,Static,0.98,519.0,128,4,2,6.082609634573493,11.17665585552391,1
capital_weight,1.5,7,24,Static,0.98,519.0,128,4,3,9.674518544254235,18.94167832952488,1
capital_weight,1.5,8,1,Static,0.98,183.75,128,2,3,0.649693810376133,0.21482094855856504,1
capital_weight,1.5,8,6,Static,0.98,183.75,128,2,3,1.4477740995662032,0.5877667965934489,1
capital_weight,1.5,8,24,Static,0.98,183.75,128,2,3,1.4477740995662032,0.5877667965934489,1
capital_weight,1.5,9,1,Static,0.98,253.25,128,4,3,23.4600945069193,13.619675498126101,1
capital_weight,1.5,9,6,Static,0.98,253.25,128,4,3,163.81045548951874,26.67464684198445,1
capital_weight,1.5,9,24,Static,0.98,253.25,128,4,3,100.44639262540079,22.48784766750553,1
capital_weight,1.5,10,1,Static,0.98,238.5,128,4,3,0.0272992481696349,0.0004310736543493717,1
capital_weight,1.5,10,6,Static,0.98,238.5,128,4,3,1.6694523896205409,0.5237822223021349,1
capital_weight,1.5,10,24,Static,0.98,238.5,128,4,3,1.859313262745408,0.5155557935560019,1
capital_weight,1.5,11,1,Static,0.98,238.5,128,3,4,0.09653869097222523,0.03372475492043934,1
capital_weight,1.5,11,6,Static,0.98,238.5,128,4,3,12.393298436852689,38.453990300566886,1
capital_weight,1.5,11,24,Static,0.98,238.5,128,4,3,12.393298436852689,38.453990300566886,1
capital_weight,1.5,12,1,Static,0.98,519.0,128,0,1,72.42721365250807,40.18635562460734,1
capital_weight,1.5,12,6,Static,0.98,519.0,128,0,1,820.1203552853007,47.460052004538724,1
capital_weight,1.5,12,24,Static,0.98,519.0,128,0,1,1505.8751114724196,186.38518122088223,1
capital_weight,1.5,13,1,Static,0.98,327.5,128,4,3,0.0666941397604312,0.0011254628920354354,1
capital_weight,1.5,13,6,Static,0.98,327.5,128,4,3,2.1059982688070757,0.33615016107540885,1
capital_weight,1.5,13,24,Static,0.98,327.5,128,4,3,8.672753547926236,5.633902484362616,1
capital_weight,1.5,14,1,Static,0.98,492.0,128,4,3,0.3072871404194481,0.0040554332184552025,1
capital_weight,1.5,14,6,Static,0.98,492.0,128,4,3,1.3847021271627484,1.0523021890596498,1
capital_weight,1.5,14,24,Static,0.98,492.0,128,4,3,12.913461400296418,14.41124974225548,1
capital_weight,1.5,15,1,Static,0.98,514.5,128,1,3,0.264227870971699,0.47512627201866425,1
capital_weight,1.5,15,6,Static,0.98,514.5,128,4,3,35.13015482549772,3.061897505419811,1
capital_weight,1.5,15,24,Static,0.98,514.5,128,4,3,234.96857576750648,71.36457136147797,1
capital_weight,1.5,16,1,Static,0.98,253.25,128,0,1,1.4736265962293071,0.5654676837928875,1
capital_weight,1.5,16,6,Static,0.98,253.25,128,0,1,0.1521443876057592,1.0188942346929735,1
capital_weight,1.5,16,24,Static,0.98,253.25,128,0,1,1.6751431275631843,1.3095189839998542,1
capital_weight,1.5,17,1,Static,0.98,183.75,128,2,3,0.10168884109986485,0.2161527811176166,1
capital_weight,1.5,17,6,Static,0.98,183.75,128,2,3,0.23824481366115113,0.8242388979689579,1
capital_weight,1.5,17,24,Static,0.98,183.75,128,2,3,0.23824481366115113,0.8242388979689579,1
capital_weight,1.5,18,1,Static,0.98,327.5,128,0,1,0.004172260252015822,0.046324804504106615,1
capital_weight,1.5,18,6,Static,0.98,327.5,128,4,3,7.555916933288463,1.100101267258361,1
capital_weight,1.5,18,24,Static,0.98,327.5,128,4,3,58.250378046304704,28.913020631555188,1
capital_weight,1.5,19,1,Static,0.98,363.5,128,0,1,0.20831239830307702,0.006046013012771013,1
capital_weight,1.5,19,6,Static,0.98,363.5,128,0,1,4.273240283793065,0.20607400418804117,1
capital_weight,1.5,19,24,Static,0.98,363.5,128,2,1,1.666144795475907,0.6759379822867508,1
capital_weight,1.5,20,1,Static,0.98,363.5,128,2,1,0.0008777665235851217,0.029661409497468334,1
capital_weight,1.5,20,6,Static,0.98,363.5,128,0,1,1.0058564855483354,0.09190768061172461,1
capital_weight,1.5,20,24,Static,0.98,363.5,128,1,0,0.3556332863316024,1.3089658312832353,1
capital_weight,1.5,21,1,Static,0.98,492.0,128,0,1,42.30318888422844,4.828221258720052,1
capital_weight,1.5,21,6,Static,0.98,492.0,128,0,1,294.95145103022264,22.04782384454289,1
capital_weight,1.5,21,24,Static,0.98,492.0,128,0,1,470.82887161591975,50.66673369460344,1
capital_weight,1.5,22,1,Static,0.98,279.5,128,0,1,0.5187790424557035,0.1825151687610818,1
capital_weight,1.5,22,6,Static,0.98,279.5,128,2,1,41.572274406763036,19.910079931325434,1
capital_weight,1.5,22,24,Static,0.98,279.5,128,1,2,15.960657688027752,64.08274412303602,1
capital_weight,1.5,23,1,Static,0.98,279.5,128,0,1,0.28610760591023343,1.541852736104859,1
capital_weight,1.5,23,6,Static,0.98,279.5,128,2,1,5.588854070832167,1.9733285241599907,1
capital_weight,1.5,23,24,Static,0.98,279.5,128,2,1,5.588854070832167,1.9733285241599907,1
capital_weight,1.5,24,1,Static,0.98,183.75,128,2,3,0.10348050992045363,0.21693247079048117,1
capital_weight,1.5,24,6,Static,0.98,183.75,128,2,3,9.029554682001633,3.106726612162475,1
capital_weight,1.5,24,24,Static,0.98,183.75,128,2,3,13.812305773085653,2.9047123033444437,1
capital_weight,1.5,25,1,Static,0.98,514.5,128,0,1,0.12269002432613263,0.03469587111654571,1
capital_weight,1.5,25,6,Static,0.98,514.5,128,4,3,57.89005740582434,25.32343561856286,1
capital_weight,1.5,25,24,Static,0.98,514.5,128,4,3,151.58042264477407,43.02710217403644,1
capital_weight,1.5,26,1,Static,0.98,327.5,128,4,3,0.04508427916249552,0.03309768030745635,1
capital_weight,1.5,26,6,Static,0.98,327.5,128,4,3,34.24431687736113,14.224248608035762,1
capital_weight,1.5,26,24,Static,0.98,327.5,128,4,3,71.21531966497396,22.160952226658406,1
capital_weight,1.5,27,1,Static,0.98,363.5,128,2,1,0.0318735444743615,0.0006966936588305647,1
capital_weight,1.5,27,6,Static,0.98,363.5,128,0,1,1.3583121397807014,0.09964365771283555,1
capital_weight,1.5,27,24,Static,0.98,363.5,128,1,2,0.5991720989608893,0.24417752471824936,1
capital_weight,1.5,28,1,Static,0.98,492.0,128,0,1,3.251847864228721,0.7421690149338128,1
capital_weight,1.5,28,6,Static,0.98,492.0,128,4,0,28.762227851581315,86.76281719886599,1
capital_weight,1.5,28,24,Static,0.98,492.0,128,0,1,723.5527997714526,78.83076180678326,1
capital_weight,1.5,29,1,Static,0.98,492.0,128,0,1,1.0085588551311644,0.0772714143377268,1
capital_weight,1.5,29,6,Static,0.98,492.0,128,4,3,13.251906526664442,4.78311115404659,1
capital_weight,1.5,29,24,Static,0.98,492.0,128,0,1,349.4238835181361,40.657136728230576,1
capital_weight,1.5,30,1,Static,0.98,183.75,128,4,3,0.05269885750096579,0.00779588358339537,1
capital_weight,1.5,30,6,Static,0.98,183.75,128,4,3,1.2154404523946827,0.314132457358101,1
capital_weight,1.5,30,24,Static,0.98,183.75,128,4,3,1.4695602606689016,0.3256432876292305,1
capital_weight,1.5,31,1,Static,0.98,238.5,128,4,3,0.03450404851039206,0.0007442252159857999,1
capital_weight,1.5,31,6,Static,0.98,238.5,128,4,3,0.2016585430301059,0.026820361316940045,1
capital_weight,1.5,31,24,Static,0.98,238.5,128,4,3,0.2016585430301059,0.026820361316940045,1
capital_weight,1.5,32,1,Static,0.98,519.0,128,2,4,1.2229961302577612,1.3809358039633484,1
capital_weight,1.5,32,6,Static,0.98,519.0,128,4,3,37.837022205818194,33.37581427824778,1
capital_weight,1.5,32,24,Static,0.98,519.0,128,0,1,332.35893620897366,117.3370204333797,1
capital_weight,1.5,33,1,Static,0.98,279.5,128,1,2,0.41124805749362503,0.01927148684940867,1
capital_weight,1.5,33,6,Static,0.98,279.5,128,1,2,0.6044634373875473,0.09413962303784361,1
capital_weight,1.5,33,24,Static,0.98,279.5,128,1,2,0.6044634373875473,0.09413962303784361,1
capital_weight,1.5,34,1,Static,0.98,238.5,128,1,2,0.011650400787221488,0.0027219951025504647,1
capital_weight,1.5,34,6,Static,0.98,238.5,128,4,3,1.6025690214273105,0.1078004002440432,1
capital_weight,1.5,34,24,Static,0.98,238.5,128,4,3,1.6025690214273105,0.1078004002440432,1
capital_weight,1.5,35,1,Static,0.98,514.5,128,0,1,0.0913553881007877,0.19317035180082132,1
capital_weight,1.5,35,6,Static,0.98,514.5,128,4,3,4.253432336519824,0.18964047979441734,1
capital_weight,1.5,35,24,Static,0.98,514.5,128,4,3,12.88543391730625,3.886709928876275,1
capital_weight,1.5,36,1,Static,0.98,82.5,128,2,1,54.42830781009169,43.579117570193226,1
capital_weight,1.5,36,6,Static,0.98,82.5,128,0,1,71.48713728277414,27.08988965498318,1
capital_weight,1.5,36,24,Static,0.98,82.5,128,0,1,71.48713728277414,27.08988965498318,1
capital_weight,1.5,37,1,Static,0.98,480.0,128,0,1,0.9585036313581179,0.1387411158848902,1
capital_weight,1.5,37,6,Static,0.98,480.0,128,4,3,9.494624321527487,3.676033521730863,1
capital_weight,1.5,37,24,Static,0.98,480.0,128,0,1,48.18668050542462,88.76178313054062,1
capital_weight,1.5,38,1,Static,0.98,82.5,128,0,1,0.4371796053799991,0.05257073464753367,1
capital_weight,1.5,38,6,Static,0.98,82.5,128,0,1,3.87377979596758,0.19857878439802923,1
capital_weight,1.5,38,24,Static,0.98,82.5,128,0,1,4.112381504688319,0.2188220443797044,1
capital_weight,1.5,39,1,Static,0.98,492.25,128,2,1,0.325814076574932,1.291770208875435,1
capital_weight,1.5,39,6,Static,0.98,492.25,128,2,1,171.43205872504234,95.0021716243852,1
capital_weight,1.5,39,24,Static,0.98,492.25,128,0,1,311.23826110290963,86.84155589691134,1
capital_weight,1.5,40,1,Static,0.98,56.75,128,0,1,0.05247571010731886,0.005040018404986455,1
capital_weight,1.5,40,6,Static,0.98,56.75,128,3,4,0.06702957786896266,0.01966486170902919,1
capital_weight,1.5,40,24,Static,0.98,56.75,128,3,4,0.06702957786896266,0.01966486170902919,1
capital_weight,1.5,41,1,Static,0.98,29.5,128,4,3,0.1267173271108366,0.21475969504026063,1
capital_weight,1.5,41,6,Static,0.98,29.5,128,4,3,1.5662553788339801,0.31188530392935554,1
capital_weight,1.5,41,24,Static,0.98,29.5,128,4,3,1.5662553788339801,0.31188530392935554,1
capital_weight,1.5,42,1,Static,0.98,82.5,128,2,1,21.223866846749445,21.598865091310326,1
capital_weight,1.5,42,6,Static,0.98,82.5,128,2,1,72.92327012180743,35.70515060564423,1
capital_weight,1.5,42,24,Static,0.98,82.5,128,2,1,72.92327012180743,35.70515060564423,1
capital_weight,1.5,43,1,Static,0.98,29.5,128,4,3,0.21204109322287273,0.2148242951743814,1
capital_weight,1.5,43,6,Static,0.98,29.5,128,4,3,0.21204109322287273,0.2148242951743814,1
capital_weight,1.5,43,24,Static,0.98,29.5,128,4,3,0.21204109322287273,0.2148242951743814,1
capital_weight,1.5,44,1,Static,0.98,143.25,128,4,0,27.502043286460587,57.58784462589393,1
capital_weight,1.5,44,6,Static,0.98,143.25,128,0,1,319.0353405428742,23.65846847308851,1
capital_weight,1.5,44,24,Static,0.98,143.25,128,0,1,319.0353405428742,23.65846847308851,1
capital_weight,1.5,45,1,Static,0.98,451.5,128,0,1,5.186632827176979,0.7928599436519679,1
capital_weight,1.5,45,6,Static,0.98,451.5,128,0,1,150.1819517987178,16.05181449604613,1
capital_weight,1.5,45,24,Static,0.98,451.5,128,0,1,195.662096724122,18.61820632738943,1
capital_weight,1.5,46,1,Static,0.98,76.5,128,2,1,0.017890022321045862,0.0009476812148567684,1
capital_weight,1.5,46,6,Static,0.98,76.5,128,2,1,0.043346306322020745,0.0035983673027575555,1
capital_weight,1.5,46,24,Static,0.98,76.5,128,2,1,0.043346306322020745,0.0035983673027575555,1
capital_weight,1.5,47,1,Static,0.98,180.5,128,1,2,1.4349542949548661,0.7456314814897415,1
capital_weight,1.5,47,6,Static,0.98,180.5,128,1,0,8.455849050832256,22.00689307352119,1
capital_weight,1.5,47,24,Static,0.98,180.5,128,0,1,122.15090211892088,63.39723576231663,1
capital_weight,1.5,48,1,Static,0.98,143.25,128,2,1,0.03319950154217399,0.027929895505422964,1
capital_weight,1.5,48,6,Static,0.98,143.25,128,4,3,43.651028968079274,15.398533626412986,1
capital_weight,1.5,48,24,Static,0.98,143.25,128,4,3,38.07602369103101,22.74510043499158,1
capital_weight,1.5,49,1,Static,0.98,76.5,128,4,3,3.078018205804955,0.5706738632876487,1
capital_weight,1.5,49,6,Static,0.98,76.5,128,4,3,62.248411784950015,30.37077502925799,1
capital_weight,1.5,49,24,Static,0.98,76.5,128,0,2,39.936273477140475,50.32712382735869,1
capital_weight,1.5,50,1,Static,0.98,451.5,128,2,1,233.79633222496466,101.70204583108192,1
capital_weight,1.5,50,6,Static,0.98,451.5,128,0,1,32.125375248984,20.73281103988203,1
capital_weight,1.5,50,24,Static,0.98,451.5,128,0,1,32.125375248984,20.73281103988203,1
capital_weight,1.5,51,1,Static,0.98,76.5,128,4,3,13.032100032041406,7.8390745462757305,1
capital_weight,1.5,51,6,Static,0.98,76.5,128,4,3,69.35354681896652,14.714393123997079,1
capital_weight,1.5,51,24,Static,0.98,76.5,128,4,3,64.40891374543074,16.504198080356314,1
capital_weight,1.5,52,1,Static,0.98,143.25,128,2,0,0.018906699141938266,0.257006419854633,1
capital_weight,1.5,52,6,Static,0.98,143.25,128,3,4,0.0,0.0,2
capital_weight,1.5,52,24,Static,0.98,143.25,128,3,4,0.0,0.0,2
capital_weight,1.5,53,1,Static,0.98,56.75,128,3,4,0.0,0.0,2
capital_weight,1.5,53,6,Static,0.98,56.75,128,3,4,0.0,0.0,2
capital_weight,1.5,53,24,Static,0.98,56.75,128,3,4,0.0,0.0,2
capital_weight,1.5,54,1,Static,0.98,29.5,128,2,3,2.2782123692485268,0.030158015231352798,1
capital_weight,1.5,54,6,Static,0.98,29.5,128,2,3,2.4748565748189586,0.11953421018373592,1
capital_weight,1.5,54,24,Static,0.98,29.5,128,2,3,2.4748565748189586,0.11953421018373592,1
capital_weight,1.5,55,1,Static,0.98,180.5,128,1,0,0.15769063568903974,0.6792724841786281,1
capital_weight,1.5,55,6,Static,0.98,180.5,128,0,1,8.891763391570187,29.408223889847843,1
capital_weight,1.5,55,24,Static,0.98,180.5,128,0,1,1.9514004347080736,31.339977431423574,1
capital_weight,1.5,56,1,Static,0.98,492.25,128,4,0,1.9407330924789248,7.913701447300619,1
capital_weight,1.5,56,6,Static,0.98,492.25,128,4,2,39.66508117119382,46.90438511372673,1
capital_weight,1.5,56,24,Static,0.98,492.25,128,0,1,244.43140770619422,64.35102893601334,1
capital_weight,1.5,57,1,Static,0.98,480.0,128,1,0,135.61680427320047,66.32041759557595,1
capital_weight,1.5,57,6,Static,0.98,480.0,128,0,1,110.5733476943284,33.17563686475667,1
capital_weight,1.5,57,24,Static,0.98,480.0,128,0,1,110.57334769432842,33.17563686475667,1
capital_weight,1.5,58,1,Static,0.98,143.25,128,0,1,22.342716785818666,32.560627007717756,1
capital_weight,1.5,58,6,Static,0.98,143.25,128,0,1,452.439747195482,40.225597723146436,1
capital_weight,1.5,58,24,Static,0.98,143.25,128,0,1,537.1373110351692,52.581321451892286,1
capital_weight,1.5,59,1,Static,0.98,480.0,128,0,1,2.7784730662614656,0.48923744949861697,1
capital_weight,1.5,59,6,Static,0.98,480.0,128,0,1,324.7477325869294,25.85567838262266,1
capital_weight,1.5,59,24,Static,0.98,480.0,128,0,1,540.1425519965153,35.76750262129156,1
capital_weight,1.5,60,1,Static,0.98,451.5,128,1,2,10.071498788133692,21.962230167660774,1
capital_weight,1.5,60,6,Static,0.98,451.5,128,0,1,51.72505815261211,51.477114030172736,1
capital_weight,1.5,60,24,Static,0.98,451.5,128,0,1,374.2404575210496,69.71952050606265,1
capital_weight,1.5,61,1,Static,0.98,82.5,128,2,1,34.37616975229096,39.596699720200824,1
capital_weight,1.5,61,6,Static,0.98,82.5,128,0,1,187.9055915333048,60.81745158517411,1
capital_weight,1.5,61,24,Static,0.98,82.5,128,0,1,187.9055915333048,60.81745158517411,1
capital_weight,1.5,62,1,Static,0.98,56.75,128,4,0,0.04976139966972126,0.2850527362692793,1
capital_weight,1.5,62,6,Static,0.98,56.75,128,4,3,5.918139117453835,2.907476458028544,1
capital_weight,1.5,62,24,Static,0.98,56.75,128,4,3,17.025026015945464,10.457113971135295,1
capital_weight,1.5,63,1,Static,0.98,451.5,128,4,3,19.792341327963406,11.051218393138097,1
capital_weight,1.5,63,6,Static,0.98,451.5,128,0,1,22.61728248664255,7.57523009583313,1
capital_weight,1.5,63,24,Static,0.98,451.5,128,0,1,22.61728248664255,7.57523009583313,1
capital_weight,1.5,64,1,Static,0.98,180.5,128,2,0,25.6533179833643,19.725573453545373,1
capital_weight,1.5,64,6,Static,0.98,180.5,128,0,2,6.616100338268112,34.39538207363993,1
capital_weight,1.5,64,24,Static,0.98,180.5,128,1,0,6.921567772684988,46.77326618314311,1
capital_weight,1.5,65,1,Static,0.98,480.0,128,4,3,0.0030199479615197616,0.0025086179269962847,1
capital_weight,1.5,65,6,Static,0.98,480.0,128,4,3,40.71921594967597,16.270991828013184,1
capital_weight,1.5,65,24,Static,0.98,480.0,128,4,3,52.76109465058694,45.600161255515125,1
capital_weight,1.5,66,1,Static,0.98,492.25,128,0,1,0.5465214993282226,0.07993200320505704,1
capital_weight,1.5,66,6,Static,0.98,492.25,128,2,1,73.3479880575359,44.286077978183044,1
capital_weight,1.5,66,24,Static,0.98,492.25,128,0,1,79.74967288484382,50.050616429554125,1
capital_weight,1.5,67,1,Static,0.98,180.5,128,0,1,0.03243776676328748,0.0013379764706457965,1
capital_weight,1.5,67,6,Static,0.98,180.5,128,3,4,0.298752320937017,0.056627724150078496,1
capital_weight,1.5,67,24,Static,0.98,180.5,128,3,4,0.27567981070137715,0.07115830619517777,1
capital_weight,1.5,68,1,Static,0.98,29.5,128,2,3,0.7635322905263803,0.10164012725077784,1
capital_weight,1.5,68,6,Static,0.98,29.5,128,2,4,4.100630569698897,3.4507261408736136,1
capital_weight,1.5,68,24,Static,0.98,29.5,128,2,4,4.838950438978266,3.602962176971742,1
capital_weight,1.5,69,1,Static,0.98,56.75,128,4,3,0.04492250772550338,0.0010159132010904063,1
capital_weight,1.5,69,6,Static,0.98,56.75,128,4,3,0.15708528610451594,0.004939034309126101,1
capital_weight,1.5,69,24,Static,0.98,56.75,128,4,3,0.15708528610451594,0.004939034309126101,1
capital_weight,1.5,70,1,Static,0.98,492.25,128,4,0,7.815320574284294,8.942138350011541,1
capital_weight,1.5,70,6,Static,0.98,492.25,128,3,2,0.6498395182786361,9.54386428204017,1
capital_weight,1.5,70,24,Static,0.98,492.25,128,1,0,6.389812877473583,14.243387650963273,1
capital_weight,1.5,71,1,Static,0.98,76.5,128,2,3,3.0712469566551404,0.22511790585064131,1
capital_weight,1.5,71,6,Static,0.98,76.5,128,2,3,20.215326141865425,0.7791961430821244,1
capital_weight,1.5,71,24,Static,0.98,76.5,128,2,3,29.15852638445935,1.056499051735888,1
constraint_weight,0.5,0,1,Static,0.98,279.5,128,2,1,0.09440170266903711,0.00444096158450094,1
constraint_weight,0.5,0,6,Static,0.98,279.5,128,2,1,1.3380696348701784,0.10052214963371327,1
constraint_weight,0.5,0,24,Static,0.98,279.5,128,2,1,1.3380696348701784,0.10052214963371327,1
constraint_weight,0.5,1,1,Static,0.98,253.25,128,4,3,0.34911756104322933,0.00032905581545946674,1
constraint_weight,0.5,1,6,Static,0.98,253.25,128,4,3,2.308908446434997,0.47366165862340903,1
constraint_weight,0.5,1,24,Static,0.98,253.25,128,4,3,3.632232109466296,0.5389194485096575,1
constraint_weight,0.5,2,1,Static,0.98,519.0,128,0,1,0.48101354589136136,0.04185304704742357,1
constraint_weight,0.5,2,6,Static,0.98,519.0,128,3,4,0.0,0.0,2
constraint_weight,0.5,2,24,Static,0.98,519.0,128,3,4,0.0,0.0,2
constraint_weight,0.5,3,1,Static,0.98,327.5,128,0,1,2.8338493862606606,0.4798825444779786,1
constraint_weight,0.5,3,6,Static,0.98,327.5,128,0,1,209.57757496297305,45.575002437616014,1
constraint_weight,0.5,3,24,Static,0.98,327.5,128,0,1,527.1095476080552,57.96655576838677,1
constraint_weight,0.5,4,1,Static,0.98,363.5,128,0,1,0.7644130944041239,0.8749201333278607,1
constraint_weight,0.5,4,6,Static,0.98,363.5,128,2,1,73.1943692646418,50.420052262095226,1
constraint_weight,0.5,4,24,Static,0.98,363.5,128,0,1,150.68756174450573,84.61915256627483,1
constraint_weight,0.5,5,1,Static,0.98,253.25,128,4,3,0.8261931980993638,0.1531249055147175,1
constraint_weight,0.5,5,6,Static,0.98,253.25,128,4,3,13.979163659330403,1.7872696363950142,1
constraint_weight,0.5,5,24,Static,0.98,253.25,128,4,3,3.079676633244948,1.9057034894142673,1
constraint_weight,0.5,6,1,Static,0.98,514.5,128,0,3,37.45492075004771,24.540221201646435,1
constraint_weight,0.5,6,6,Static,0.98,514.5,128,0,1,275.4899199291377,18.79961121784345,1
constraint_weight,0.5,6,24,Static,0.98,514.5,128,0,1,280.97616791766956,17.922927415087987,1
constraint_weight,0.5,7,1,Static,0.98,519.0,128,4,3,0.1326273750274703,0.0021629902704493184,1
constraint_weight,0.5,7,6,Static,0.98,519.0,128,4,2,4.5896943934300864,7.402208217628008,1
constraint_weight,0.5,7,24,Static,0.98,519.0,128,4,3,21.69940584370384,12.2669821981062,1
constraint_weight,0.5,8,1,Static,0.98,183.75,128,2,3,0.3327286192927724,0.21482094855856473,1
constraint_weight,0.5,8,6,Static,0.98,183.75,128,4,3,0.7660029106712871,0.9246971462216236,1
constraint_weight,0.5,8,24,Static,0.98,183.75,128,4,3,0.7660029106712871,0.9246971462216236,1
constraint_weight,0.5,9,1,Static,0.98,253.25,128,4,3,22.265237584670153,13.611554471764391,1
constraint_weight,0.5,9,6,Static,0.98,253.25,128,4,3,129.39267184952132,24.25645562175767,1
constraint_weight,0.5,9,24,Static,0.98,253.25,128,4,3,93.60176691020773,21.874388986750446,1
constraint_weight,0.5,10,1,Static,0.98,238.5,128,4,3,0.030915483162990726,0.0005463075893699758,1
constraint_weight,0.5,10,6,Static,0.98,238.5,128,4,3,1.0897806171696596,0.3076857232828281,1
constraint_weight,0.5,10,24,Static,0.98,238.5,128,4,3,1.1979947143919936,0.29829278614814975,1
constraint_weight,0.5,11,1,Static,0.98,238.5,128,3,4,0.038890888398818824,0.029927029910599017,1
constraint_weight,0.5,11,6,Static,0.98,238.5,128,3,4,4.077587989408091,37.33938342637607,1
constraint_weight,0.5,11,24,Static,0.98,238.5,128,3,4,4.077587989408091,37.33938342637607,1
constraint_weight,0.5,12,1,Static,0.98,519.0,128,0,1,40.22334186207945,39.8982422496006,1
constraint_weight,0.5,12,6,Static,0.98,519.0,128,0,1,595.9386981956991,50.742265072468825,1
constraint_weight,0.5,12,24,Static,0.98,519.0,128,0,1,1147.623503613642,111.30533814168065,1
constraint_weight,0.5,13,1,Static,0.98,327.5,128,4,3,0.07412950509982352,0.0013083560996683388,1
constraint_weight,0.5,13,6,Static,0.98,327.5,128,4,3,1.4740923174332945,0.22949059013916528,1
constraint_weight,0.5,13,24,Static,0.98,327.5,128,4,3,5.551458217278825,3.5837974514784467,1
constraint_weight,0.5,14,1,Static,0.98,492.0,128,4,3,0.31499948592532634,0.017723310448076762,1
constraint_weight,0.5,14,6,Static,0.98,492.0,128,4,3,0.9243964667971584,0.6006177553166512,1
constraint_weight,0.5,14,24,Static,0.98,492.0,128,4,3,12.46102441824605,14.322026014328603,1
constraint_weight,0.5,15,1,Static,0.98,514.5,128,1,3,0.1366440478287233,0.3396614196252745,1
constraint_weight,0.5,15,6,Static,0.98,514.5,128,4,3,23.192003466226637,2.019302666418405,1
constraint_weight,0.5,15,24,Static,0.98,514.5,128,4,3,182.73486682172899,63.31463887020933,1
constraint_weight,0.5,16,1,Static,0.98,253.25,128,0,1,1.1448398144221055,0.5649038602023403,1
constraint_weight,0.5,16,6,Static,0.98,253.25,128,3,4,0.14082985430878509,1.0452007679876767,1
constraint_weight,0.5,16,24,Static,0.98,253.25,128,3,2,0.7258750739495353,1.287745878290747,1
constraint_weight,0.5,17,1,Static,0.98,183.75,128,4,3,0.007306230579232589,0.214823984447681,1
constraint_weight,0.5,17,6,Static,0.98,183.75,128,4,3,0.8120641841761087,0.5380368206868336,1
constraint_weight,0.5,17,24,Static,0.98,183.75,128,4,3,0.8120641841761087,0.5380368206868336,1
constraint_weight,0.5,18,1,Static,0.98,327.5,128,4,3,0.013844756131123709,0.04152170668924906,1
constraint_weight,0.5,18,6,Static,0.98,327.5,128,4,3,5.126719486497952,0.7434344505699113,1
constraint_weight,0.5,18,24,Static,0.98,327.5,128,4,3,37.01641726797777,18.928625182925973,1
constraint_weight,0.5,19,1,Static,0.98,363.5,128,0,1,0.08810674330618862,0.0030092114586614217,1
constraint_weight,0.5,19,6,Static,0.98,363.5,128,0,1,2.642262624561228,0.1362830892109136,1
constraint_weight,0.5,19,24,Static,0.98,363.5,128,2,1,1.2813184615644904,0.4721407649816707,1
constraint_weight,0.5,20,1,Static,0.98,363.5,128,2,1,0.017262640150974104,0.029670654999599068,1
constraint_weight,0.5,20,6,Static,0.98,363.5,128,0,1,0.5944920560303458,0.0662549697675669,1
constraint_weight,0.5,20,24,Static,0.98,363.5,128,1,0,0.07552663986388303,0.8225320717256079,1
constraint_weight,0.5,21,1,Static,0.98,492.0,128,0,1,31.198819464694374,4.471075860931194,1
constraint_weight,0.5,21,6,Static,0.98,492.0,128,0,1,210.00475879535705,22.640428083860385,1
constraint_weight,0.5,21,24,Static,0.98,492.0,128,0,1,355.88526651392203,30.409793678014967,1
constraint_weight,0.5,22,1,Static,0.98,279.5,128,0,1,0.2534166078751594,0.17962239504903266,1
constraint_weight,0.5,22,6,Static,0.98,279.5,128,2,1,35.34757087870987,20.77872137042103,1
constraint_weight,0.5,22,24,Static,0.98,279.5,128,1,2,21.522501402947018,62.918988445556145,1
constraint_weight,0.5,23,1,Static,0.98,279.5,128,0,1,0.2154496753276769,1.070316693088451,1
constraint_weight,0.5,23,6,Static,0.98,279.5,128,2,1,3.797228555730557,1.352923100900622,1
constraint_weight,0.5,23,24,Static,0.98,279.5,128,2,1,3.797228555730557,1.352923100900622,1
constraint_weight,0.5,24,1,Static,0.98,183.75,128,3,4,0.007590300131339073,0.21485806731936558,1
constraint_weight,0.5,24,6,Static,0.98,183.75,128,2,3,4.706248517449123,2.798228496230329,1
constraint_weight,0.5,24,24,Static,0.98,183.75,128,2,3,7.827772136522785,2.702490087079644,1
constraint_weight,0.5,25,1,Static,0.98,514.5,128,1,0,0.007702879711814825,0.021941361148171093,1
constraint_weight,0.5,25,6,Static,0.98,514.5,128,4,3,46.83272555379433,25.215459718592562,1
constraint_weight,0.5,25,24,Static,0.98,514.5,128,4,3,123.93925149173836,39.88976553689835,1
constraint_weight,0.5,26,1,Static,0.98,327.5,128,4,3,0.06351176055892449,0.03294462081744535,1
constraint_weight,0.5,26,6,Static,0.98,327.5,128,4,3,22.367298576520113,9.209341512457835,1
constraint_weight,0.5,26,24,Static,0.98,327.5,128,4,3,53.17659756805165,20.417830652705362,1
constraint_weight,0.5,27,1,Static,0.98,363.5,128,2,1,0.043525927804694955,0.0009877661909789932,1
constraint_weight,0.5,27,6,Static,0.98,363.5,128,0,1,0.8011648922490384,0.0680006495400963,1
constraint_weight,0.5,27,24,Static,0.98,363.5,128,1,0,0.35389084008726146,0.2458456791514764,1
constraint_weight,0.5,28,1,Static,0.98,492.0,128,0,1,1.9483740337130977,0.4578978997508339,1
constraint_weight,0.5,28,6,Static,0.98,492.0,128,4,0,5.864991788918871,77.37499259393493,1
constraint_weight,0.5,28,24,Static,0.98,492.0,128,0,1,533.4175766495725,51.498658714249665,1
constraint_weight,0.5,29,1,Static,0.98,492.0,128,0,1,0.6754184649624689,0.07402718704133356,1
constraint_weight,0.5,29,6,Static,0.98,492.0,128,4,3,7.588486730904474,3.3804054604403757,1
constraint_weight,0.5,29,24,Static,0.98,492.0,128,0,1,259.41769226587866,28.418149565769436,1
constraint_weight,0.5,30,1,Static,0.98,183.75,128,4,3,0.05512321691223641,0.008410255722819827,1
constraint_weight,0.5,30,6,Static,0.98,183.75,128,4,3,1.349592019746236,0.30774557669760044,1
constraint_weight,0.5,30,24,Static,0.98,183.75,128,4,3,1.692161404428938,0.31701133293242323,1
constraint_weight,0.5,31,1,Static,0.98,238.5,128,4,3,0.035037099785833026,0.0007604096075742257,1
constraint_weight,0.5,31,6,Static,0.98,238.5,128,4,3,0.17190937714227084,0.019570716289172233,1
constraint_weight,0.5,31,24,Static,0.98,238.5,128,4,3,0.17190937714227084,0.019570716289172233,1
constraint_weight,0.5,32,1,Static,0.98,519.0,128,2,3,0.8841706638888858,0.7339657883738563,1
constraint_weight,0.5,32,6,Static,0.98,519.0,128,4,3,37.7713037440185,35.13774062363923,1
constraint_weight,0.5,32,24,Static,0.98,519.0,128,0,1,265.9748689817655,81.40805582752236,1
constraint_weight,0.5,33,1,Static,0.98,279.5,128,1,2,0.21871906753594073,0.01163449417713005,1
constraint_weight,0.5,33,6,Static,0.98,279.5,128,1,2,0.31345730765635615,0.08672953243054796,1
constraint_weight,0.5,33,24,Static,0.98,279.5,128,1,2,0.31345730765635615,0.08672953243054796,1
constraint_weight,0.5,34,1,Static,0.98,238.5,128,4,3,0.0026780243155095675,0.0011359317980790971,1
constraint_weight,0.5,34,6,Static,0.98,238.5,128,4,3,1.0775152723765071,0.0791990133088568,1
constraint_weight,0.5,34,24,Static,0.98,238.5,128,4,3,1.0775152723765071,0.0791990133088568,1
constraint_weight,0.5,35,1,Static,0.98,514.5,128,0,1,0.036926219362973134,0.13073339863393416,1
constraint_weight,0.5,35,6,Static,0.98,514.5,128,4,3,2.789478262997491,0.12438401373900775,1
constraint_weight,0.5,35,24,Static,0.98,514.5,128,4,3,7.862161116901531,2.4070058917634856,1
constraint_weight,0.5,36,1,Static,0.98,82.5,128,2,1,55.16368052297745,43.57779017864825,1
constraint_weight,0.5,36,6,Static,0.98,82.5,128,0,1,52.01334989991988,18.958726110991865,1
constraint_weight,0.5,36,24,Static,0.98,82.5,128,0,1,52.01334989991988,18.958726110991865,1
constraint_weight,0.5,37,1,Static,0.98,480.0,128,0,1,0.6222638765368873,0.1355329640056007,1
constraint_weight,0.5,37,6,Static,0.98,480.0,128,4,3,6.229845041429254,2.4336123226513973,1
constraint_weight,0.5,37,24,Static,0.98,480.0,128,4,2,22.934442800600326,78.02306634215343,1
constraint_weight,0.5,38,1,Static,0.98,82.5,128,0,1,0.2822163883741563,0.05000622908739846,1
constraint_weight,0.5,38,6,Static,0.98,82.5,128,0,1,2.5048412673550953,0.13498000776695993,1
constraint_weight,0.5,38,24,Static,0.98,82.5,128,0,1,2.706476586140764,0.14772352935235983,1
constraint_weight,0.5,39,1,Static,0.98,492.25,128,2,1,0.27137982793673765,0.8741564324100057,1
constraint_weight,0.5,39,6,Static,0.98,492.25,128,2,1,168.75664441653217,88.81537826580474,1
constraint_weight,0.5,39,24,Static,0.98,492.25,128,0,1,253.89778426922533,65.90662374378509,1
constraint_weight,0.5,40,1,Static,0.98,56.75,128,0,1,0.00855294361187689,0.0028865059785964826,1
constraint_weight,0.5,40,6,Static,0.98,56.75,128,4,3,0.004485408060746182,0.013427956493814938,1
constraint_weight,0.5,40,24,Static,0.98,56.75,128,4,3,0.004485408060746182,0.013427956493814938,1
constraint_weight,0.5,41,1,Static,0.98,29.5,128,4,3,0.1731335961028371,0.21476785356485192,1
constraint_weight,0.5,41,6,Static,0.98,29.5,128,4,3,1.6730806583602968,0.3117165213780955,1
constraint_weight,0.5,41,24,Static,0.98,29.5,128,4,3,1.6730806583602968,0.3117165213780955,1
constraint_weight,0.5,42,1,Static,0.98,82.5,128,2,1,21.33920595771155,21.599026943146757,1
constraint_weight,0.5,42,6,Static,0.98,82.5,128,2,1,74.95986266772589,38.14787513152768,1
constraint_weight,0.5,42,24,Static,0.98,82.5,128,2,1,74.95986266772589,38.14787513152768,1
constraint_weight,0.5,43,1,Static,0.98,29.5,128,4,3,0.23801954354794194,0.2148255563676767,1
constraint_weight,0.5,43,6,Static,0.98,29.5,128,4,3,0.23801954354794194,0.2148255563676767,1
constraint_weight,0.5,43,24,Static,0.98,29.5,128,4,3,0.23801954354794194,0.2148255563676767,1
constraint_weight,0.5,44,1,Static,0.98,143.25,128,4,3,40.596791856098626,29.668211385686977,1
constraint_weight,0.5,44,6,Static,0.98,143.25,128,0,1,293.89920189948157,15.523374419711834,1
constraint_weight,0.5,44,24,Static,0.98,143.25,128,0,1,293.89920189948157,15.523374419711834,1
constraint_weight,0.5,45,1,Static,0.98,451.5,128,0,1,3.7191962236198153,0.6877573220220038,1
constraint_weight,0.5,45,6,Static,0.98,451.5,128,0,1,113.00840201257333,13.083531513546696,1
constraint_weight,0.5,45,24,Static,0.98,451.5,128,0,1,154.4876410951184,12.012972968996428,1
constraint_weight,0.5,46,1,Static,0.98,76.5,128,2,1,0.016054381253451044,0.0009093021709493862,1
constraint_weight,0.5,46,6,Static,0.98,76.5,128,2,1,0.03620673669654462,0.002691813504007202,1
constraint_weight,0.5,46,24,Static,0.98,76.5,128,2,1,0.03620673669654462,0.002691813504007202,1
constraint_weight,0.5,47,1,Static,0.98,180.5,128,1,2,0.9806906628918286,0.6871302725642487,1
constraint_weight,0.5,47,6,Static,0.98,180.5,128,1,2,6.744779547647157,23.50423608256124,1
constraint_weight,0.5,47,24,Static,0.98,180.5,128,0,1,66.47760627843446,34.167530034161274,1
constraint_weight,0.5,48,1,Static,0.98,143.25,128,3,2,0.0010383173764981768,0.015392868710851907,1
constraint_weight,0.5,48,6,Static,0.98,143.25,128,4,3,38.43328039044687,16.594500966449946,1
constraint_weight,0.5,48,24,Static,0.98,143.25,128,4,3,34.73231148456724,16.523790419742305,1
constraint_weight,0.5,49,1,Static,0.98,76.5,128,4,3,2.154899640686971,0.3955876412700917,1
constraint_weight,0.5,49,6,Static,0.98,76.5,128,4,3,59.91208175600443,27.982012491240045,1
constraint_weight,0.5,49,24,Static,0.98,76.5,128,2,3,29.748240365033524,20.018398112187167,1
constraint_weight,0.5,50,1,Static,0.98,451.5,128,2,1,233.54786302476222,101.7022269998,1
constraint_weight,0.5,50,6,Static,0.98,451.5,128,0,1,18.051895107912827,12.433224795876587,1
constraint_weight,0.5,50,24,Static,0.98,451.5,128,0,1,18.051895107912827,12.433224795876587,1
constraint_weight,0.5,51,1,Static,0.98,76.5,128,4,3,12.4848826240721,7.838328515862799,1
constraint_weight,0.5,51,6,Static,0.98,76.5,128,4,3,56.59451464420954,13.443147227640807,1
constraint_weight,0.5,51,24,Static,0.98,76.5,128,4,3,59.30558372158921,15.547199112846899,1
constraint_weight,0.5,52,1,Static,0.98,143.25,128,2,3,0.02561821114245824,0.0012859116960016734,1
constraint_weight,0.5,52,6,Static,0.98,143.25,128,3,4,0.0,0.0,2
constraint_weight,0.5,52,24,Static,0.98,143.25,128,3,4,0.0,0.0,2
constraint_weight,0.5,53,1,Static,0.98,56.75,128,3,4,0.0,0.0,2
constraint_weight,0.5,53,6,Static,0.98,56.75,128,3,4,0.0,0.0,2
constraint_weight,0.5,53,24,Static,0.98,56.75,128,3,4,0.0,0.0,2
constraint_weight,0.5,54,1,Static,0.98,29.5,128,2,3,1.3493959627894165,0.01773859396688245,1
constraint_weight,0.5,54,6,Static,0.98,29.5,128,2,3,0.6421553223549243,0.08490512333421275,1
constraint_weight,0.5,54,24,Static,0.98,29.5,128,2,3,0.6421553223549243,0.08490512333421275,1
constraint_weight,0.5,55,1,Static,0.98,180.5,128,1,0,0.12429922688011619,0.4565338680600873,1
constraint_weight,0.5,55,6,Static,0.98,180.5,128,1,0,0.4288722113635739,23.05297692803767,1
constraint_weight,0.5,55,24,Static,0.98,180.5,128,1,0,5.168827283826936,21.097519490969315,1
constraint_weight,0.5,56,1,Static,0.98,492.25,128,4,0,4.201936128298367,7.909331853343117,1
constraint_weight,0.5,56,6,Static,0.98,492.25,128,4,2,32.50868639174516,46.605785097197625,1
constraint_weight,0.5,56,24,Static,0.98,492.25,128,0,1,194.70999023794025,44.19444662784109,1
constraint_weight,0.5,57,1,Static,0.98,480.0,128,1,4,132.7487412955728,62.82231109404096,1
constraint_weight,0.5,57,6,Static,0.98,480.0,128,0,1,77.22009997441842,20.200330050901808,1
constraint_weight,0.5,57,24,Static,0.98,480.0,128,0,1,77.22009997441842,20.200330050901808,1
constraint_weight,0.5,58,1,Static,0.98,143.25,128,0,1,5.774307366938379,32.21134627752257,1
constraint_weight,0.5,58,6,Static,0.98,143.25,128,0,1,350.92962990768217,36.99089575276739,1
constraint_weight,0.5,58,24,Static,0.98,143.25,128,0,1,429.109584170752,30.801624573540984,1
constraint_weight,0.5,59,1,Static,0.98,480.0,128,0,1,1.8780309537135664,0.37808423192816154,1
constraint_weight,0.5,59,6,Static,0.98,480.0,128,0,1,265.80152210123947,24.90824138051128,1
constraint_weight,0.5,59,24,Static,0.98,480.0,128,0,1,446.62294033396176,23.265287051108427,1
constraint_weight,0.5,60,1,Static,0.98,451.5,128,1,2,0.5715013394747324,21.911424150906953,1
constraint_weight,0.5,60,6,Static,0.98,451.5,128,1,0,33.6172890501682,51.48815021277396,1
constraint_weight,0.5,60,24,Static,0.98,451.5,128,0,1,244.87836820958168,41.874894326310475,1
constraint_weight,0.5,61,1,Static,0.98,82.5,128,2,1,35.23956095695214,39.59585723463882,1
constraint_weight,0.5,61,6,Static,0.98,82.5,128,0,2,109.73240828963527,114.32938871367699,1
constraint_weight,0.5,61,24,Static,0.98,82.5,128,0,2,109.73240828963527,114.32938871367699,1
constraint_weight,0.5,62,1,Static,0.98,56.75,128,4,0,0.05809537524002617,0.19266614007620825,1
constraint_weight,0.5,62,6,Static,0.98,56.75,128,4,3,3.81610162358683,1.8695753080883295,1
constraint_weight,0.5,62,24,Static,0.98,56.75,128,4,3,14.577917719880755,10.259172882581247,1
constraint_weight,0.5,63,1,Static,0.98,451.5,128,4,3,19.694875334208973,11.051808259856312,1
constraint_weight,0.5,63,6,Static,0.98,451.5,128,0,1,12.665049082416665,4.429011107233978,1
constraint_weight,0.5,63,24,Static,0.98,451.5,128,0,1,12.665049082416663,4.429011107233977,1
constraint_weight,0.5,64,1,Static,0.98,180.5,128,2,0,26.30274802865268,19.729174367680848,1
constraint_weight,0.5,64,6,Static,0.98,180.5,128,2,1,20.388657513773552,20.021885994440836,1
constraint_weight,0.5,64,24,Static,0.98,180.5,128,1,0,23.465991045989504,39.220503517528805,1
constraint_weight,0.5,65,1,Static,0.98,480.0,128,4,3,0.031232395052007172,0.001343286474886317,1
constraint_weight,0.5,65,6,Static,0.98,480.0,128,4,3,38.70592521207918,17.69586160538521,1
constraint_weight,0.5,65,24,Static,0.98,480.0,128,4,3,64.5193706881219,32.077910409010094,1
constraint_weight,0.5,66,1,Static,0.98,492.25,128,0,1,0.39076965947607656,0.07207298294710536,1
constraint_weight,0.5,66,6,Static,0.98,492.25,128,2,1,68.07270758947196,42.65041816713308,1
constraint_weight,0.5,66,24,Static,0.98,492.25,128,0,1,24.939503159831105,30.969428938377266,1
constraint_weight,0.5,67,1,Static,0.98,180.5,128,0,1,0.013507908796533359,0.0007533853495144535,1
constraint_weight,0.5,67,6,Static,0.98,180.5,128,3,4,0.16946730348270803,0.036238588111495544,1
constraint_weight,0.5,67,24,Static,0.98,180.5,128,3,4,0.1749877752338415,0.04749723631300204,1
constraint_weight,0.5,68,1,Static,0.98,29.5,128,2,3,0.45903515976293086,0.06350394250357153,1
constraint_weight,0.5,68,6,Static,0.98,29.5,128,2,4,2.0836204029431094,2.8374108112849763,1
constraint_weight,0.5,68,24,Static,0.98,29.5,128,2,4,1.87756542015339,2.9514359226153215,1
constraint_weight,0.5,69,1,Static,0.98,56.75,128,4,3,0.04618568735520573,0.0010487306579157149,1
constraint_weight,0.5,69,6,Static,0.98,56.75,128,4,3,0.16433875777102896,0.0047028601307689145,1
constraint_weight,0.5,69,24,Static,0.98,56.75,128,4,3,0.16433875777102896,0.0047028601307689145,1
constraint_weight,0.5,70,1,Static,0.98,492.25,128,4,0,8.141364464931604,8.942261941331461,1
constraint_weight,0.5,70,6,Static,0.98,492.25,128,3,2,3.4609414175016866,8.691472143538112,1
constraint_weight,0.5,70,24,Static,0.98,492.25,128,1,0,5.237372648207206,10.054539386225692,1
constraint_weight,0.5,71,1,Static,0.98,76.5,128,2,3,1.9592969956640398,0.21917407588238835,1
constraint_weight,0.5,71,6,Static,0.98,76.5,128,2,3,13.026367355981666,0.726004626538019,1
constraint_weight,0.5,71,24,Static,0.98,76.5,128,2,3,18.003604320084047,0.8878018877671656,1
constraint_weight,0.75,0,1,Static,0.98,279.5,128,2,1,0.09440170266903711,0.00444096158450094,1
constraint_weight,0.75,0,6,Static,0.98,279.5,128,2,1,1.3403011594072987,0.10109116513291859,1
constraint_weight,0.75,0,24,Static,0.98,279.5,128,2,1,1.3403011594072987,0.10109116513291859,1
constraint_weight,0.75,1,1,Static,0.98,253.25,128,4,3,0.34911756104322933,0.00032905581545946674,1
constraint_weight,0.75,1,6,Static,0.98,253.25,128,4,3,2.3075324574276803,0.47370465569039943,1
constraint_weight,0.75,1,24,Static,0.98,253.25,128,4,3,3.629222865727928,0.5389914949136013,1
constraint_weight,0.75,2,1,Static,0.98,519.0,128,0,1,0.4810135458913617,0.04185304704742361,1
constraint_weight,0.75,2,6,Static,0.98,519.0,128,3,4,0.0,0.0,2
constraint_weight,0.75,2,24,Static,0.98,519.0,128,3,4,0.0,0.0,2
constraint_weight,0.75,3,1,Static,0.98,327.5,128,0,1,2.8338493862606633,0.4798825444779793,1
constraint_weight,0.75,3,6,Static,0.98,327.5,128,0,1,209.97456461528242,45.638066288293416,1
constraint_weight,0.75,3,24,Static,0.98,327.5,128,0,1,528.4713546422668,57.96587815801512,1
constraint_weight,0.75,4,1,Static,0.98,363.5,128,0,1,0.7644130944041239,0.8749201333278607,1
constraint_weight,0.75,4,6,Static,0.98,363.5,128,2,1,73.23444247650305,50.40138562604205,1
constraint_weight,0.75,4,24,Static,0.98,363.5,128,0,1,151.1222712169975,84.59169965753077,1
constraint_weight,0.75,5,1,Static,0.98,253.25,128,4,3,0.8261931980993646,0.1531249055147175,1
constraint_weight,0.75,5,6,Static,0.98,253.25,128,4,3,14.268105729247555,1.8183792895072524,1
constraint_weight,0.75,5,24,Static,0.98,253.25,128,4,3,3.1517240538687967,1.9325551727549037,1
constraint_weight,0.75,6,1,Static,0.98,514.5,128,0,3,37.45492075004767,24.540221201646435,1
constraint_weight,0.75,6,6,Static,0.98,514.5,128,0,1,275.0889370184974,18.870587273088347,1
constraint_weight,0.75,6,24,Static,0.98,514.5,128,0,1,280.6338966130255,18.21795713823908,1
constraint_weight,0.75,7,1,Static,0.98,519.0,128,4,3,0.1326273750274703,0.0021629902704493184,1
constraint_weight,0.75,7,6,Static,0.98,519.0,128,4,2,4.59354136208325,7.4319034811895355,1
constraint_weight,0.75,7,24,Static,0.98,519.0,128,4,3,21.565979536632703,12.232534837908627,1
constraint_weight,0.75,8,1,Static,0.98,183.75,128,2,3,0.3327286192927724,0.21482094855856473,1
constraint_weight,0.75,8,6,Static,0.98,183.75,128,4,3,0.7869153001241928,0.9653195944671418,1
constraint_weight,0.75,8,24,Static,0.98,183.75,128,4,3,0.7869153001241928,0.9653195944671418,1
constraint_weight,0.75,9,1,Static,0.98,253.25,128,4,3,22.265237584670153,13.611554471764391,1
constraint_weight,0.75,9,6,Static,0.98,253.25,128,4,3,130.85445882233478,24.330362749614086,1
constraint_weight,0.75,9,24,Static,0.98,253.25,128,4,3,93.83773735260405,21.828027796254304,1
constraint_weight,0.75,10,1,Static,0.98,238.5,128,4,3,0.030915483162990726,0.0005463075893699758,1
constraint_weight,0.75,10,6,Static,0.98,238.5,128,4,3,1.1107843731243032,0.31451611639917,1
constraint_weight,0.75,10,24,Static,0.98,238.5,128,4,3,1.2215685348010108,0.3051165625857086,1
constraint_weight,0.75,11,1,Static,0.98,238.5,128,3,4,0.038890888398818824,0.029927029910599017,1
constraint_weight,0.75,11,6,Static,0.98,238.5,128,3,4,3.7239506300658576,37.34748040690747,1
constraint_weight,0.75,11,24,Static,0.98,238.5,128,3,4,3.7239506300658576,37.34748040690747,1
constraint_weight,0.75,12,1,Static,0.98,519.0,128,0,1,40.22334186207945,39.89824224960062,1
constraint_weight,0.75,12,6,Static,0.98,519.0,128,0,1,596.1628382372578,50.64232103549882,1
constraint_weight,0.75,12,24,Static,0.98,519.0,128,0,1,1147.3946883749832,111.9777363367872,1
constraint_weight,0.75,13,1,Static,0.98,327.5,128,4,3,0.07412950509982352,0.0013083560996683388,1
constraint_weight,0.75,13,6,Static,0.98,327.5,128,4,3,1.48137418646979,0.23201395273811354,1
constraint_weight,0.75,13,24,Static,0.98,327.5,128,4,3,5.611887722594416,3.6327690633249126,1
constraint_weight,0.75,14,1,Static,0.98,492.0,128,4,3,0.31499948592532634,0.017723310448076762,1
constraint_weight,0.75,14,6,Static,0.98,492.0,128,4,3,0.9227736423497577,0.6030177493096083,1
constraint_weight,0.75,14,24,Static,0.98,492.0,128,4,3,12.456509836358574,14.322461754095546,1
constraint_weight,0.75,15,1,Static,0.98,514.5,128,1,3,0.1366440478287232,0.33966141962527463,1
constraint_weight,0.75,15,6,Static,0.98,514.5,128,4,3,23.4940793402697,2.0381210345649126,1
constraint_weight,0.75,15,24,Static,0.98,514.5,128,4,3,183.45791773937208,63.33384346392584,1
constraint_weight,0.75,16,1,Static,0.98,253.25,128,0,1,1.1448398144221055,0.5649038602023403,1
constraint_weight,0.75,16,6,Static,0.98,253.25,128,3,4,0.1496611038723818,1.0459188030999322,1
constraint_weight,0.75,16,24,Static,0.98,253.25,128,3,2,0.6992088794952638,1.2879995682792043,1
constraint_weight,0.75,17,1,Static,0.98,183.75,128,4,3,0.007306230579232589,0.214823984447681,1
constraint_weight,0.75,17,6,Static,0.98,183.75,128,4,3,0.7990274014823473,0.5384740859802439,1
constraint_weight,0.75,17,24,Static,0.98,183.75,128,4,3,0.7990274014823473,0.5384740859802439,1
constraint_weight,0.75,18,1,Static,0.98,327.5,128,4,3,0.013844756131123709,0.04152170668924906,1
constraint_weight,0.75,18,6,Static,0.98,327.5,128,4,3,5.178249516375837,0.7441270493386282,1
constraint_weight,0.75,18,24,Static,0.98,327.5,128,4,3,37.35430280181625,19.051619958501753,1
constraint_weight,0.75,19,1,Static,0.98,363.5,128,0,1,0.08810674330618862,0.0030092114586614217,1
constraint_weight,0.75,19,6,Static,0.98,363.5,128,0,1,2.705837252610264,0.13822355834691177,1
constraint_weight,0.75,19,24,Static,0.98,363.5,128,2,1,1.2335696416951007,0.474770523586477,1
constraint_weight,0.75,20,1,Static,0.98,363.5,128,2,1,0.017262640150974104,0.029670654999599068,1
constraint_weight,0.75,20,6,Static,0.98,363.5,128,0,1,0.5998097445718948,0.06708279217916427,1
constraint_weight,0.75,20,24,Static,0.98,363.5,128,1,0,0.07838205371262452,0.8313881427028817,1
constraint_weight,0.75,21,1,Static,0.98,492.0,128,0,1,31.198819464694374,4.471075860931194,1
constraint_weight,0.75,21,6,Static,0.98,492.0,128,0,1,210.5246180694503,22.559485633509656,1
constraint_weight,0.75,21,24,Static,0.98,492.0,128,0,1,356.3156152157402,30.827561766653883,1
constraint_weight,0.75,22,1,Static,0.98,279.5,128,0,1,0.2534166078751594,0.17962239504903266,1
constraint_weight,0.75,22,6,Static,0.98,279.5,128,2,1,35.45506961789149,20.777376379583554,1
constraint_weight,0.75,22,24,Static,0.98,279.5,128,1,2,21.417813212331627,62.92253246503848,1
constraint_weight,0.75,23,1,Static,0.98,279.5,128,0,1,0.2154496753276769,1.070316693088451,1
constraint_weight,0.75,23,6,Static,0.98,279.5,128,2,1,3.82757078408551,1.3530970960335422,1
constraint_weight,0.75,23,24,Static,0.98,279.5,128,2,1,3.82757078408551,1.3530970960335422,1
constraint_weight,0.75,24,1,Static,0.98,183.75,128,3,4,0.007590300131339073,0.21485806731936558,1
constraint_weight,0.75,24,6,Static,0.98,183.75,128,2,3,4.68519314991884,2.846386237881756,1
constraint_weight,0.75,24,24,Static,0.98,183.75,128,2,3,7.871048135487302,2.737666808221189,1
constraint_weight,0.75,25,1,Static,0.98,514.5,128,1,0,0.007702879711814825,0.021941361148171093,1
constraint_weight,0.75,25,6,Static,0.98,514.5,128,4,3,47.04409390677321,25.215821701952898,1
constraint_weight,0.75,25,24,Static,0.98,514.5,128,4,3,124.33336358911531,39.910250926895834,1
constraint_weight,0.75,26,1,Static,0.98,327.5,128,4,3,0.06351176055892449,0.03294462081744535,1
constraint_weight,0.75,26,6,Static,0.98,327.5,128,4,3,22.51472745773176,9.278041192588882,1
constraint_weight,0.75,26,24,Static,0.98,327.5,128,4,3,53.3791651737643,20.42998771173169,1
constraint_weight,0.75,27,1,Static,0.98,363.5,128,2,1,0.043525927804694955,0.0009877661909789932,1
constraint_weight,0.75,27,6,Static,0.98,363.5,128,0,1,0.8096080931597863,0.06917350205540351,1
constraint_weight,0.75,27,24,Static,0.98,363.5,128,1,0,0.35816279364986225,0.2477113757741867,1
constraint_weight,0.75,28,1,Static,0.98,492.0,128,0,1,1.9483740337130977,0.4578978997508339,1
constraint_weight,0.75,28,6,Static,0.98,492.0,128,4,0,7.652441124149739,77.41271016569284,1
constraint_weight,0.75,28,24,Static,0.98,492.0,128,0,1,534.0257705306778,51.78561905758451,1
constraint_weight,0.75,29,1,Static,0.98,492.0,128,0,1,0.6754184649624689,0.07402718704133356,1
constraint_weight,0.75,29,6,Static,0.98,492.0,128,4,3,7.806630251719581,3.4074344327893953,1
constraint_weight,0.75,29,24,Static,0.98,492.0,128,0,1,259.20760908689294,28.642932428374987,1
constraint_weight,0.75,30,1,Static,0.98,183.75,128,4,3,0.05512321691223641,0.008410255722819827,1
constraint_weight,0.75,30,6,Static,0.98,183.75,128,4,3,1.34286025728646,0.3081773538938264,1
constraint_weight,0.75,30,24,Static,0.98,183.75,128,4,3,1.6839831687974456,0.3175580883930699,1
constraint_weight,0.75,31,1,Static,0.98,238.5,128,4,3,0.035037099785833026,0.0007604096075742257,1
constraint_weight,0.75,31,6,Static,0.98,238.5,128,4,3,0.17223863339290524,0.01968802546226154,1
constraint_weight,0.75,31,24,Static,0.98,238.5,128,4,3,0.17223863339290524,0.01968802546226154,1
constraint_weight,0.75,32,1,Static,0.98,519.0,128,2,3,0.8841706638888862,0.7339657883738554,1
constraint_weight,0.75,32,6,Static,0.98,519.0,128,4,3,37.74710692621411,35.08227369082456,1
constraint_weight,0.75,32,24,Static,0.98,519.0,128,0,1,266.37832010742,81.73006672441022,1
constraint_weight,0.75,33,1,Static,0.98,279.5,128,1,2,0.21871906753594061,0.011634494177130061,1
constraint_weight,0.75,33,6,Static,0.98,279.5,128,1,2,0.3130914118188278,0.08671798531625717,1
constraint_weight,0.75,33,24,Static,0.98,279.5,128,1,2,0.3130914118188278,0.08671798531625717,1
constraint_weight,0.75,34,1,Static,0.98,238.5,128,4,3,0.002678024315509564,0.0011359317980790967,1
constraint_weight,0.75,34,6,Static,0.98,238.5,128,4,3,1.101406870681811,0.0809451505274746,1
constraint_weight,0.75,34,24,Static,0.98,238.5,128,4,3,1.101406870681811,0.0809451505274746,1
constraint_weight,0.75,35,1,Static,0.98,514.5,128,0,1,0.03692621936297319,0.1307333986339341,1
constraint_weight,0.75,35,6,Static,0.98,514.5,128,4,3,2.8776627503624064,0.12713412530612136,1
constraint_weight,0.75,35,24,Static,0.98,514.5,128,4,3,8.037817112423001,2.44937693278629,1
constraint_weight,0.75,36,1,Static,0.98,82.5,128,2,1,55.16368052297746,43.57779017864826,1
constraint_weight,0.75,36,6,Static,0.98,82.5,128,0,1,52.22112814256821,19.049716697948735,1
constraint_weight,0.75,36,24,Static,0.98,82.5,128,0,1,52.22112814256821,19.049716697948735,1
constraint_weight,0.75,37,1,Static,0.98,480.0,128,0,1,0.6222638765368873,0.1355329640056007,1
constraint_weight,0.75,37,6,Static,0.98,480.0,128,4,3,6.283585920097806,2.442680422835807,1
constraint_weight,0.75,37,24,Static,0.98,480.0,128,4,2,21.84091645389382,78.3973074481408,1
constraint_weight,0.75,38,1,Static,0.98,82.5,128,0,1,0.2822163883741563,0.05000622908739846,1
constraint_weight,0.75,38,6,Static,0.98,82.5,128,0,1,2.5749289026267306,0.13708374130715975,1
constraint_weight,0.75,38,24,Static,0.98,82.5,128,0,1,2.7778118907316465,0.15010699299498192,1
constraint_weight,0.75,39,1,Static,0.98,492.25,128,2,1,0.27137982793673765,0.8741564324100057,1
constraint_weight,0.75,39,6,Static,0.98,492.25,128,2,1,168.74947541138886,88.82564593057462,1
constraint_weight,0.75,39,24,Static,0.98,492.25,128,0,1,254.27023273071984,66.08317300941938,1
constraint_weight,0.75,40,1,Static,0.98,56.75,128,0,1,0.00855294361187689,0.0028865059785964826,1
constraint_weight,0.75,40,6,Static,0.98,56.75,128,4,3,0.004318715719318383,0.013622652234269278,1
constraint_weight,0.75,40,24,Static,0.98,56.75,128,4,3,0.004318715719318383,0.013622652234269278,1
constraint_weight,0.75,41,1,Static,0.98,29.5,128,4,3,0.1731335961028371,0.21476785356485192,1
constraint_weight,0.75,41,6,Static,0.98,29.5,128,4,3,1.6730806583602968,0.3117165213780955,1
constraint_weight,0.75,41,24,Static,0.98,29.5,128,4,3,1.6730806583602968,0.3117165213780955,1
constraint_weight,0.75,42,1,Static,0.98,82.5,128,2,1,21.33920595771155,21.599026943146757,1
constraint_weight,0.75,42,6,Static,0.98,82.5,128,2,1,74.84543017301088,38.09635208405244,1
constraint_weight,0.75,42,24,Static,0.98,82.5,128,2,1,74.84543017301088,38.09635208405244,1
constraint_weight,0.75,43,1,Static,0.98,29.5,128,4,3,0.23801954354794194,0.2148255563676767,1
constraint_weight,0.75,43,6,Static,0.98,29.5,128,4,3,0.23801954354794194,0.2148255563676767,1
constraint_weight,0.75,43,24,Static,0.98,29.5,128,4,3,0.23801954354794194,0.2148255563676767,1
constraint_weight,0.75,44,1,Static,0.98,143.25,128,4,3,40.596791856098626,29.668211385686977,1
constraint_weight,0.75,44,6,Static,0.98,143.25,128,0,1,293.5299467587555,15.659022298028262,1
constraint_weight,0.75,44,24,Static,0.98,143.25,128,0,1,293.5299467587555,15.659022298028262,1
constraint_weight,0.75,45,1,Static,0.98,451.5,128,0,1,3.7191962236198153,0.6877573220220038,1
constraint_weight,0.75,45,6,Static,0.98,451.5,128,0,1,113.38536304243736,13.15497569439545,1
constraint_weight,0.75,45,24,Static,0.98,451.5,128,0,1,154.5643176060314,12.192736206221594,1
constraint_weight,0.75,46,1,Static,0.98,76.5,128,2,1,0.016054381253451044,0.0009093021709493862,1
constraint_weight,0.75,46,6,Static,0.98,76.5,128,2,1,0.03653730369626196,0.0027465557162274622,1
constraint_weight,0.75,46,24,Static,0.98,76.5,128,2,1,0.03653730369626196,0.0027465557162274622,1
constraint_weight,0.75,47,1,Static,0.98,180.5,128,1,2,0.9806906628918286,0.6871302725642487,1
constraint_weight,0.75,47,6,Static,0.98,180.5,128,1,2,7.27575431032222,23.492482393817305,1
constraint_weight,0.75,47,24,Static,0.98,180.5,128,0,1,67.61640976771666,34.730941206359205,1
constraint_weight,0.75,48,1,Static,0.98,143.25,128,3,2,0.0010383173764981768,0.015392868710851907,1
constraint_weight,0.75,48,6,Static,0.98,143.25,128,4,3,38.644037098019,16.529773203670516,1
constraint_weight,0.75,48,24,Static,0.98,143.25,128,4,3,34.93671186450818,16.558182249798513,1
constraint_weight,0.75,49,1,Static,0.98,76.5,128,4,3,2.154899640686969,0.39558764127009144,1
constraint_weight,0.75,49,6,Static,0.98,76.5,128,4,3,60.465951095232235,28.026748934058045,1
constraint_weight,0.75,49,24,Static,0.98,76.5,128,2,3,30.26724685685968,19.951394897424365,1
constraint_weight,0.75,50,1,Static,0.98,451.5,128,2,1,233.54786302476225,101.70222699980002,1
constraint_weight,0.75,50,6,Static,0.98,451.5,128,0,1,18.176846486317856,12.505236764745272,1
constraint_weight,0.75,50,24,Static,0.98,451.5,128,0,1,18.176846486317856,12.505236764745272,1
constraint_weight,0.75,51,1,Static,0.98,76.5,128,4,3,12.4848826240721,7.838328515862799,1
constraint_weight,0.75,51,6,Static,0.98,76.5,128,4,3,57.757438481176834,13.514017236639761,1
constraint_weight,0.75,51,24,Static,0.98,76.5,128,4,3,60.12808417127598,15.618343136087534,1
constraint_weight,0.75,52,1,Static,0.98,143.25,128,2,3,0.02561821114245824,0.0012859116960016734,1
constraint_weight,0.75,52,6,Static,0.98,143.25,128,3,4,0.0,0.0,2
constraint_weight,0.75,52,24,Static,0.98,143.25,128,3,4,0.0,0.0,2
constraint_weight,0.75,53,1,Static,0.98,56.75,128,3,4,0.0,0.0,2
constraint_weight,0.75,53,6,Static,0.98,56.75,128,3,4,0.0,0.0,2
constraint_weight,0.75,53,24,Static,0.98,56.75,128,3,4,0.0,0.0,2
constraint_weight,0.75,54,1,Static,0.98,29.5,128,2,3,1.3493959627894159,0.01773859396688243,1
constraint_weight,0.75,54,6,Static,0.98,29.5,128,2,3,0.6495801842113987,0.08481334529972602,1
constraint_weight,0.75,54,24,Static,0.98,29.5,128,2,3,0.6495801842113987,0.08481334529972602,1
constraint_weight,0.75,55,1,Static,0.98,180.5,128,1,0,0.12429922688011619,0.4565338680600873,1
constraint_weight,0.75,55,6,Static,0.98,180.5,128,1,0,0.17297570830402265,23.118794626292207,1
constraint_weight,0.75,55,24,Static,0.98,180.5,128,1,0,4.877695422013209,21.204407625880478,1
constraint_weight,0.75,56,1,Static,0.98,492.25,128,4,0,4.201936128298369,7.90933185334312,1
constraint_weight,0.75,56,6,Static,0.98,492.25,128,4,2,32.774876227874834,46.589410086869464,1
constraint_weight,0.75,56,24,Static,0.98,492.25,128,0,1,195.13306469526978,44.560153651837446,1
constraint_weight,0.75,57,1,Static,0.98,480.0,128,1,4,132.7487412955728,62.82231109404096,1
constraint_weight,0.75,57,6,Static,0.98,480.0,128,0,1,77.5706314969209,20.35263485002285,1
constraint_weight,0.75,57,24,Static,0.98,480.0,128,0,1,77.5706314969209,20.35263485002285,1
constraint_weight,0.75,58,1,Static,0.98,143.25,128,0,1,5.774307366938379,32.21134627752257,1
constraint_weight,0.75,58,6,Static,0.98,143.25,128,0,1,351.2259213796385,36.98407167431325,1
constraint_weight,0.75,58,24,Static,0.98,143.25,128,0,1,429.25921530827657,31.12183271672254,1
constraint_weight,0.75,59,1,Static,0.98,480.0,128,0,1,1.8780309537135667,0.37808423192816154,1
constraint_weight,0.75,59,6,Static,0.98,480.0,128,0,1,265.5657861151669,24.89765688013292,1
constraint_weight,0.75,59,24,Static,0.98,480.0,128,0,1,446.2504089996055,23.407750812460183,1
constraint_weight,0.75,60,1,Static,0.98,451.5,128,1,2,0.5715013394747324,21.911424150906953,1
constraint_weight,0.75,60,6,Static,0.98,451.5,128,1,0,32.373625695029475,51.410445084887066,1
constraint_weight,0.75,60,24,Static,0.98,451.5,128,0,1,246.87370114321638,42.378077972992074,1
constraint_weight,0.75,61,1,Static,0.98,82.5,128,2,1,35.23956095695215,39.59585723463883,1
constraint_weight,0.75,61,6,Static,0.98,82.5,128,0,2,110.67338372061495,114.34724344825948,1
constraint_weight,0.75,61,24,Static,0.98,82.5,128,0,2,110.67338372061495,114.34724344825948,1
constraint_weight,0.75,62,1,Static,0.98,56.75,128,4,0,0.05809537524002617,0.19266614007620825,1
constraint_weight,0.75,62,6,Static,0.98,56.75,128,4,3,3.892730962497434,1.8939851759276742,1
constraint_weight,0.75,62,24,Static,0.98,56.75,128,4,3,14.655340531597934,10.261753776670703,1
constraint_weight,0.75,63,1,Static,0.98,451.5,128,4,3,19.694875334208973,11.05180825985631,1
constraint_weight,0.75,63,6,Static,0.98,451.5,128,0,1,13.239330287594425,4.6075096663141,1
constraint_weight,0.75,63,24,Static,0.98,451.5,128,0,1,13.239330287594427,4.6075096663141,1
constraint_weight,0.75,64,1,Static,0.98,180.5,128,2,0,26.30274802865268,19.729174367680848,1
constraint_weight,0.75,64,6,Static,0.98,180.5,128,2,1,20.014478811775117,20.045015346713676,1
constraint_weight,0.75,64,24,Static,0.98,180.5,128,1,0,23.0540594549433,39.26372777236782,1
constraint_weight,0.75,65,1,Static,0.98,480.0,128,4,3,0.031232395052007172,0.001343286474886317,1
constraint_weight,0.75,65,6,Static,0.98,480.0,128,4,3,38.79381988454819,17.650008624647686,1
constraint_weight,0.75,65,24,Static,0.98,480.0,128,4,3,63.79728915209472,32.33373744074466,1
constraint_weight,0.75,66,1,Static,0.98,492.25,128,0,1,0.39076965947607656,0.07207298294710536,1
constraint_weight,0.75,66,6,Static,0.98,492.25,128,2,1,68.05331417607876,42.63689277574735,1
constraint_weight,0.75,66,24,Static,0.98,492.25,128,0,1,25.874894377726832,31.13818054227485,1
constraint_weight,0.75,67,1,Static,0.98,180.5,128,0,1,0.01350790879653337,0.0007533853495144537,1
constraint_weight,0.75,67,6,Static,0.98,180.5,128,3,4,0.18542020672456552,0.038172201719770656,1
constraint_weight,0.75,67,24,Static,0.98,180.5,128,3,4,0.20112671158346432,0.049640116498160934,1
constraint_weight,0.75,68,1,Static,0.98,29.5,128,2,3,0.45903515976293086,0.06350394250357153,1
constraint_weight,0.75,68,6,Static,0.98,29.5,128,2,4,1.4399551247180604,2.8869957276710743,1
constraint_weight,0.75,68,24,Static,0.98,29.5,128,2,4,1.2482596628357387,3.00504959990548,1
constraint_weight,0.75,69,1,Static,0.98,56.75,128,4,3,0.04618568735520573,0.0010487306579157149,1
constraint_weight,0.75,69,6,Static,0.98,56.75,128,4,3,0.16433875777102896,0.0047028601307689145,1
constraint_weight,0.75,69,24,Static,0.98,56.75,128,4,3,0.16433875777102896,0.0047028601307689145,1
constraint_weight,0.75,70,1,Static,0.98,492.25,128,4,0,8.141364464931605,8.942261941331461,1
constraint_weight,0.75,70,6,Static,0.98,492.25,128,3,2,3.425742382632621,8.69999883571891,1
constraint_weight,0.75,70,24,Static,0.98,492.25,128,1,0,5.25643069619673,10.154055856407075,1
constraint_weight,0.75,71,1,Static,0.98,76.5,128,2,3,1.9592969956640398,0.21917407588238835,1
constraint_weight,0.75,71,6,Static,0.98,76.5,128,2,3,13.076389200586119,0.72907696318825,1
constraint_weight,0.75,71,24,Static,0.98,76.5,128,2,3,18.177878219537654,0.9031957263521972,1
constraint_weight,1.0,0,1,Static,0.98,279.5,128,2,1,0.09440170266903711,0.00444096158450094,1
constraint_weight,1.0,0,6,Static,0.98,279.5,128,2,1,1.3425326839444194,0.10166332312576556,1
constraint_weight,1.0,0,24,Static,0.98,279.5,128,2,1,1.3425326839444194,0.10166332312576556,1
constraint_weight,1.0,1,1,Static,0.98,253.25,128,4,3,0.34911756104322933,0.00032905581545946674,1
constraint_weight,1.0,1,6,Static,0.98,253.25,128,4,3,2.3061564684203635,0.47374862037715876,1
constraint_weight,1.0,1,24,Static,0.98,253.25,128,4,3,3.6262136219895598,0.5390651246331895,1
constraint_weight,1.0,2,1,Static,0.98,519.0,128,0,1,0.48101354589136147,0.041853047047423576,1
constraint_weight,1.0,2,6,Static,0.98,519.0,128,3,4,0.0,0.0,2
constraint_weight,1.0,2,24,Static,0.98,519.0,128,3,4,-1.4210854715202004e-14,1.4210854715202004e-14,2
constraint_weight,1.0,3,1,Static,0.98,327.5,128,0,1,2.8338493862606615,0.47988254447797896,1
constraint_weight,1.0,3,6,Static,0.98,327.5,128,0,1,210.3715542675917,45.70117124095805,1
constraint_weight,1.0,3,24,Static,0.98,327.5,128,0,1,529.8331616764781,57.965553328455634,1
constraint_weight,1.0,4,1,Static,0.98,363.5,128,0,1,0.7644130944041239,0.8749201333278607,1
constraint_weight,1.0,4,6,Static,0.98,363.5,128,2,1,73.27451568836419,50.38294341337377,1
constraint_weight,1.0,4,24,Static,0.98,363.5,128,0,1,151.55698068948934,84.56546520359706,1
constraint_weight,1.0,5,1,Static,0.98,253.25,128,4,3,0.8261931980993636,0.15312490551471744,1
constraint_weight,1.0,5,6,Static,0.98,253.25,128,4,3,14.557047799164707,1.8496427744868513,1
constraint_weight,1.0,5,24,Static,0.98,253.25,128,4,3,3.2237714744926453,1.9596124944282745,1
constraint_weight,1.0,6,1,Static,0.98,514.5,128,0,3,37.45492075004768,24.540221201646435,1
constraint_weight,1.0,6,6,Static,0.98,514.5,128,0,1,274.6879541078571,18.943822676809216,1
constraint_weight,1.0,6,24,Static,0.98,514.5,128,0,1,280.2916253083816,18.513284238895494,1
constraint_weight,1.0,7,1,Static,0.98,519.0,128,4,3,0.1326273750274703,0.0021629902704493184,1
constraint_weight,1.0,7,6,Static,0.98,519.0,128,4,2,4.597388330736412,7.461601000500919,1
constraint_weight,1.0,7,24,Static,0.98,519.0,128,4,3,21.432553229561567,12.199773886179203,1
constraint_weight,1.0,8,1,Static,0.98,183.75,128,2,3,0.3327286192927724,0.21482094855856473,1
constraint_weight,1.0,8,6,Static,0.98,183.75,128,4,3,0.8078276895771004,1.0067418793022773,1
constraint_weight,1.0,8,24,Static,0.98,183.75,128,4,3,0.8078276895771004,1.0067418793022773,1
constraint_weight,1.0,9,1,Static,0.98,253.25,128,4,3,22.265237584670153,13.611554471764391,1
constraint_weight,1.0,9,6,Static,0.98,253.25,128,4,3,132.31624579514818,24.405650498419053,1
constraint_weight,1.0,9,24,Static,0.98,253.25,128,4,3,94.07370779500027,21.78472543848683,1
constraint_weight,1.0,10,1,Static,0.98,238.5,128,4,3,0.030915483162990726,0.0005463075893699758,1
constraint_weight,1.0,10,6,Static,0.98,238.5,128,4,3,1.1317881290789473,0.32135717618934173,1
constraint_weight,1.0,10,24,Static,0.98,238.5,128,4,3,1.2451423552100278,0.31195152299257933,1
constraint_weight,1.0,11,1,Static,0.98,238.5,128,3,4,0.038890888398818824,0.029927029910599017,1
constraint_weight,1.0,11,6,Static,0.98,238.5,128,3,4,3.3703132707236527,37.35560999104294,1
constraint_weight,1.0,11,24,Static,0.98,238.5,128,3,4,3.3703132707236527,37.35560999104294,1
constraint_weight,1.0,12,1,Static,0.98,519.0,128,0,1,40.22334186207945,39.89824224960062,1
constraint_weight,1.0,12,6,Static,0.98,519.0,128,0,1,596.3869782788165,50.54286548085168,1
constraint_weight,1.0,12,24,Static,0.98,519.0,128,0,1,1147.1658731363239,112.65153385409599,1
constraint_weight,1.0,13,1,Static,0.98,327.5,128,4,3,0.07412950509982352,0.0013083560996683388,1
constraint_weight,1.0,13,6,Static,0.98,327.5,128,4,3,1.4886560555062907,0.23454344195952348,1
constraint_weight,1.0,13,24,Static,0.98,327.5,128,4,3,5.672317227910014,3.681741247401473,1
constraint_weight,1.0,14,1,Static,0.98,492.0,128,4,3,0.31499948592532634,0.017723310448076762,1
constraint_weight,1.0,14,6,Static,0.98,492.0,128,4,3,0.9211508179023571,0.6054196657835533,1
constraint_weight,1.0,14,24,Static,0.98,492.0,128,4,3,12.451995254471091,14.322900122054616,1
constraint_weight,1.0,15,1,Static,0.98,514.5,128,1,3,0.1366440478287232,0.33966141962527463,1
constraint_weight,1.0,15,6,Static,0.98,514.5,128,4,3,23.796155214312776,2.056955975277729,1
constraint_weight,1.0,15,24,Static,0.98,514.5,128,4,3,184.18096865701483,63.35367922713111,1
constraint_weight,1.0,16,1,Static,0.98,253.25,128,0,1,1.1448398144221055,0.5649038602023403,1
constraint_weight,1.0,16,6,Static,0.98,253.25,128,3,4,0.15849235343597945,1.0466424055639156,1
constraint_weight,1.0,16,24,Static,0.98,253.25,128,3,2,0.6725426850409948,1.288261733460925,1
constraint_weight,1.0,17,1,Static,0.98,183.75,128,4,3,0.007306230579232589,0.214823984447681,1
constraint_weight,1.0,17,6,Static,0.98,183.75,128,4,3,0.7859906187885859,0.538923513855782,1
constraint_weight,1.0,17,24,Static,0.98,183.75,128,4,3,0.7859906187885859,0.538923513855782,1
constraint_weight,1.0,18,1,Static,0.98,327.5,128,4,3,0.013844756131123709,0.04152170668924906,1
constraint_weight,1.0,18,6,Static,0.98,327.5,128,4,3,5.229779546253722,0.7448304403874042,1
constraint_weight,1.0,18,24,Static,0.98,327.5,128,4,3,37.692188335654826,19.174652195667576,1
constraint_weight,1.0,19,1,Static,0.98,363.5,128,0,1,0.08810674330618862,0.0030092114586614217,1
constraint_weight,1.0,19,6,Static,0.98,363.5,128,0,1,2.7694118806593053,0.1401836988809021,1
constraint_weight,1.0,19,24,Static,0.98,363.5,128,2,1,1.1858208218256892,0.4774226583097032,1
constraint_weight,1.0,20,1,Static,0.98,363.5,128,2,1,0.017262640150974104,0.029670654999599068,1
constraint_weight,1.0,20,6,Static,0.98,363.5,128,0,1,0.6051274331134422,0.06791866920984845,1
constraint_weight,1.0,20,24,Static,0.98,363.5,128,1,0,0.08123746756136668,0.8402454043137604,1
constraint_weight,1.0,21,1,Static,0.98,492.0,128,0,1,31.198819464694374,4.471075860931194,1
constraint_weight,1.0,21,6,Static,0.98,492.0,128,0,1,211.04447734354363,22.48009442797746,1
constraint_weight,1.0,21,24,Static,0.98,492.0,128,0,1,356.7459639175584,31.247782300624912,1
constraint_weight,1.0,22,1,Static,0.98,279.5,128,0,1,0.2534166078751594,0.17962239504903266,1
constraint_weight,1.0,22,6,Static,0.98,279.5,128,2,1,35.56256835707313,20.77603399630986,1
constraint_weight,1.0,22,24,Static,0.98,279.5,128,1,2,21.31312502171616,62.92607751045617,1
constraint_weight,1.0,23,1,Static,0.98,279.5,128,0,1,0.2154496753276769,1.070316693088451,1
constraint_weight,1.0,23,6,Static,0.98,279.5,128,2,1,3.857913012440473,1.353271563217966,1
constraint_weight,1.0,23,24,Static,0.98,279.5,128,2,1,3.857913012440473,1.353271563217966,1
constraint_weight,1.0,24,1,Static,0.98,183.75,128,3,4,0.007590300131339073,0.21485806731936558,1
constraint_weight,1.0,24,6,Static,0.98,183.75,128,2,3,4.664137782388552,2.894970004401197,1
constraint_weight,1.0,24,24,Static,0.98,183.75,128,2,3,7.91432413445182,2.7731445311887097,1
constraint_weight,1.0,25,1,Static,0.98,514.5,128,1,0,0.007702879711814825,0.021941361148171093,1
constraint_weight,1.0,25,6,Static,0.98,514.5,128,4,3,47.25546225975209,25.2161863592538,1
constraint_weight,1.0,25,24,Static,0.98,514.5,128,4,3,124.72747568649223,39.93107724415171,1
constraint_weight,1.0,26,1,Static,0.98,327.5,128,4,3,0.06351176055892449,0.03294462081744535,1
constraint_weight,1.0,26,6,Static,0.98,327.5,128,4,3,22.662156338943397,9.34674682463682,1
constraint_weight,1.0,26,24,Static,0.98,327.5,128,4,3,53.58173277947698,20.442456382423703,1
constraint_weight,1.0,27,1,Static,0.98,363.5,128,2,1,0.043525927804694955,0.0009877661909789932,1
constraint_weight,1.0,27,6,Static,0.98,363.5,128,0,1,0.818051294070534,0.070356528979329,1
constraint_weight,1.0,27,24,Static,0.98,363.5,128,1,0,0.3624347472124599,0.24958830026741113,1
constraint_weight,1.0,28,1,Static,0.98,492.0,128,0,1,1.9483740337130977,0.4578978997508339,1
constraint_weight,1.0,28,6,Static,0.98,492.0,128,4,0,9.439890459380578,77.4507862027362,1
constraint_weight,1.0,28,24,Static,0.98,492.0,128,0,1,534.6339644117829,52.076775434578714,1
constraint_weight,1.0,29,1,Static,0.98,492.0,128,0,1,0.6754184649624689,0.07402718704133356,1
constraint_weight,1.0,29,6,Static,0.98,492.0,128,4,3,8.024773772534699,3.4345366122321686,1
constraint_weight,1.0,29,24,Static,0.98,492.0,128,0,1,258.9975259079072,28.870364863824282,1
constraint_weight,1.0,30,1,Static,0.98,183.75,128,4,3,0.05512321691223641,0.008410255722819827,1
constraint_weight,1.0,30,6,Static,0.98,183.75,128,4,3,1.3361284948266836,0.30862736465195406,1
constraint_weight,1.0,30,24,Static,0.98,183.75,128,4,3,1.6758049331659528,0.3181256457131943,1
constraint_weight,1.0,31,1,Static,0.98,238.5,128,4,3,0.035037099785833026,0.0007604096075742257,1
constraint_weight,1.0,31,6,Static,0.98,238.5,128,4,3,0.17256788964353964,0.01980771414864791,1
constraint_weight,1.0,31,24,Static,0.98,238.5,128,4,3,0.17256788964353964,0.01980771414864791,1
constraint_weight,1.0,32,1,Static,0.98,519.0,128,2,3,0.8841706638888862,0.7339657883738558,1
constraint_weight,1.0,32,6,Static,0.98,519.0,128,4,3,37.72291010840992,35.026806950928744,1
constraint_weight,1.0,32,24,Static,0.98,519.0,128,0,1,266.7817712330748,82.05228498499343,1
constraint_weight,1.0,33,1,Static,0.98,279.5,128,1,2,0.21871906753594061,0.011634494177130061,1
constraint_weight,1.0,33,6,Static,0.98,279.5,128,1,2,0.31272551598129605,0.08670676156166196,1
constraint_weight,1.0,33,24,Static,0.98,279.5,128,1,2,0.31272551598129605,0.08670676156166196,1
constraint_weight,1.0,34,1,Static,0.98,238.5,128,4,3,0.002678024315509564,0.0011359317980790967,1
constraint_weight,1.0,34,6,Static,0.98,238.5,128,4,3,1.1252984689871073,0.08272845952480673,1
constraint_weight,1.0,34,24,Static,0.98,238.5,128,4,3,1.1252984689871073,0.08272845952480673,1
constraint_weight,1.0,35,1,Static,0.98,514.5,128,0,1,0.036926219362973134,0.13073339863393416,1
constraint_weight,1.0,35,6,Static,0.98,514.5,128,4,3,2.9658472377273135,0.12989543966010347,1
constraint_weight,1.0,35,24,Static,0.98,514.5,128,4,3,8.213473107944477,2.491776918532671,1
constraint_weight,1.0,36,1,Static,0.98,82.5,128,2,1,55.16368052297746,43.57779017864826,1
constraint_weight,1.0,36,6,Static,0.98,82.5,128,0,1,52.42890638521646,19.14071270063398,1
constraint_weight,1.0,36,24,Static,0.98,82.5,128,0,1,52.42890638521646,19.14071270063398,1
constraint_weight,1.0,37,1,Static,0.98,480.0,128,0,1,0.6222638765368873,0.1355329640056007,1
constraint_weight,1.0,37,6,Static,0.98,480.0,128,4,3,6.337326798766346,2.4517601279424213,1
constraint_weight,1.0,37,24,Static,0.98,480.0,128,4,2,20.74739010718718,78.77396304505949,1
constraint_weight,1.0,38,1,Static,0.98,82.5,128,0,1,0.2822163883741563,0.05000622908739846,1
constraint_weight,1.0,38,6,Static,0.98,82.5,128,0,1,2.645016537898375,0.13921386603205685,1
constraint_weight,1.0,38,24,Static,0.98,82.5,128,0,1,2.849147195322529,0.15251333451179472,1
constraint_weight,1.0,39,1,Static,0.98,492.25,128,2,1,0.27137982793673765,0.8741564324100057,1
constraint_weight,1.0,39,6,Static,0.98,492.25,128,2,1,168.7423064062457,88.83601933625253,1
constraint_weight,1.0,39,24,Static,0.98,492.25,128,0,1,254.64268119221478,66.2598929723335,1
constraint_weight,1.0,40,1,Static,0.98,56.75,128,0,1,0.00855294361187689,0.0028865059785964826,1
constraint_weight,1.0,40,6,Static,0.98,56.75,128,4,3,0.0041520233778912785,0.013818986124381816,1
constraint_weight,1.0,40,24,Static,0.98,56.75,128,4,3,0.0041520233778912785,0.013818986124381816,1
constraint_weight,1.0,41,1,Static,0.98,29.5,128,4,3,0.1731335961028371,0.21476785356485192,1
constraint_weight,1.0,41,6,Static,0.98,29.5,128,4,3,1.6730806583602968,0.3117165213780955,1
constraint_weight,1.0,41,24,Static,0.98,29.5,128,4,3,1.6730806583602968,0.3117165213780955,1
constraint_weight,1.0,42,1,Static,0.98,82.5,128,2,1,21.33920595771155,21.599026943146757,1
constraint_weight,1.0,42,6,Static,0.98,82.5,128,2,1,74.73099767829589,38.04513769300057,1
constraint_weight,1.0,42,24,Static,0.98,82.5,128,2,1,74.73099767829589,38.04513769300057,1
constraint_weight,1.0,43,1,Static,0.98,29.5,128,4,3,0.23801954354794194,0.2148255563676767,1
constraint_weight,1.0,43,6,Static,0.98,29.5,128,4,3,0.23801954354794194,0.2148255563676767,1
constraint_weight,1.0,43,24,Static,0.98,29.5,128,4,3,0.23801954354794194,0.2148255563676767,1
constraint_weight,1.0,44,1,Static,0.98,143.25,128,4,3,40.596791856098626,29.668211385686977,1
constraint_weight,1.0,44,6,Static,0.98,143.25,128,0,1,293.16069161802955,15.795276390849473,1
constraint_weight,1.0,44,24,Static,0.98,143.25,128,0,1,293.16069161802955,15.795276390849473,1
constraint_weight,1.0,45,1,Static,0.98,451.5,128,0,1,3.7191962236198153,0.6877573220220038,1
constraint_weight,1.0,45,6,Static,0.98,451.5,128,0,1,113.7623240723014,13.229592455704656,1
constraint_weight,1.0,45,24,Static,0.98,451.5,128,0,1,154.64099411694446,12.379368678390057,1
constraint_weight,1.0,46,1,Static,0.98,76.5,128,2,1,0.016054381253451044,0.0009093021709493862,1
constraint_weight,1.0,46,6,Static,0.98,76.5,128,2,1,0.03686787069598285,0.0028014530540949804,1
constraint_weight,1.0,46,24,Static,0.98,76.5,128,2,1,0.03686787069598285,0.0028014530540949804,1
constraint_weight,1.0,47,1,Static,0.98,180.5,128,1,2,0.9806906628918286,0.6871302725642487,1
constraint_weight,1.0,47,6,Static,0.98,180.5,128,1,2,7.80672907299741,23.48320181376715,1
constraint_weight,1.0,47,24,Static,0.98,180.5,128,0,1,68.75521325699887,35.296593582736804,1
constraint_weight,1.0,48,1,Static,0.98,143.25,128,3,2,0.0010383173764981768,0.015392868710851907,1
constraint_weight,1.0,48,6,Static,0.98,143.25,128,4,3,38.85479380559114,16.465197604963397,1
constraint_weight,1.0,48,24,Static,0.98,143.25,128,4,3,35.14111224444917,16.59630784084507,1
constraint_weight,1.0,49,1,Static,0.98,76.5,128,4,3,2.154899640686969,0.39558764127009144,1
constraint_weight,1.0,49,6,Static,0.98,76.5,128,4,3,61.01982043446006,28.072684476147035,1
constraint_weight,1.0,49,24,Static,0.98,76.5,128,2,3,30.78625334868584,19.894529621276526,1
constraint_weight,1.0,50,1,Static,0.98,451.5,128,2,1,233.54786302476222,101.70222699980002,1
constraint_weight,1.0,50,6,Static,0.98,451.5,128,0,1,18.301797864722886,12.577248855675963,1
constraint_weight,1.0,50,24,Static,0.98,451.5,128,0,1,18.301797864722886,12.577248855675963,1
constraint_weight,1.0,51,1,Static,0.98,76.5,128,4,3,12.4848826240721,7.838328515862799,1
constraint_weight,1.0,51,6,Static,0.98,76.5,128,4,3,58.920362318144115,13.58697869888641,1
constraint_weight,1.0,51,24,Static,0.98,76.5,128,4,3,60.95058462096276,15.691489461938522,1
constraint_weight,1.0,52,1,Static,0.98,143.25,128,2,3,0.02561821114245824,0.0012859116960016734,1
constraint_weight,1.0,52,6,Static,0.98,143.25,128,3,4,0.0,0.0,2
constraint_weight,1.0,52,24,Static,0.98,143.25,128,3,4,0.0,0.0,2
constraint_weight,1.0,53,1,Static,0.98,56.75,128,3,4,0.0,0.0,2
constraint_weight,1.0,53,6,Static,0.98,56.75,128,3,4,0.0,0.0,2
constraint_weight,1.0,53,24,Static,0.98,56.75,128,3,4,0.0,0.0,2
constraint_weight,1.0,54,1,Static,0.98,29.5,128,2,3,1.3493959627894165,0.01773859396688245,1
constraint_weight,1.0,54,6,Static,0.98,29.5,128,2,3,0.6570050460678751,0.08478769316933064,1
constraint_weight,1.0,54,24,Static,0.98,29.5,128,2,3,0.6570050460678751,0.08478769316933064,1
constraint_weight,1.0,55,1,Static,0.98,180.5,128,1,0,0.12429922688011619,0.4565338680600873,1
constraint_weight,1.0,55,6,Static,0.98,180.5,128,0,1,0.08292079475553216,23.18541558933376,1
constraint_weight,1.0,55,24,Static,0.98,180.5,128,1,0,4.586563560199496,21.313067345944958,1
constraint_weight,1.0,56,1,Static,0.98,492.25,128,4,0,4.201936128298367,7.909331853343117,1
constraint_weight,1.0,56,6,Static,0.98,492.25,128,4,2,33.0410660640045,46.57317935047466,1
constraint_weight,1.0,56,24,Static,0.98,492.25,128,0,1,195.55613915259926,44.927621319704095,1
constraint_weight,1.0,57,1,Static,0.98,480.0,128,1,4,132.74874129557278,62.82231109404096,1
constraint_weight,1.0,57,6,Static,0.98,480.0,128,0,1,77.92116301942326,20.504973861755452,1
constraint_weight,1.0,57,24,Static,0.98,480.0,128,0,1,77.92116301942326,20.504973861755452,1
constraint_weight,1.0,58,1,Static,0.98,143.25,128,0,1,5.774307366938379,32.21134627752257,1
constraint_weight,1.0,58,6,Static,0.98,143.25,128,0,1,351.52221285159504,36.97863528385527,1
constraint_weight,1.0,58,24,Static,0.98,143.25,128,0,1,429.4088464458012,31.445310533424685,1
constraint_weight,1.0,59,1,Static,0.98,480.0,128,0,1,1.8780309537135664,0.37808423192816154,1
constraint_weight,1.0,59,6,Static,0.98,480.0,128,0,1,265.3300501290943,24.887197058083736,1
constraint_weight,1.0,59,24,Static,0.98,480.0,128,0,1,445.8778776652493,23.55093432432776,1
constraint_weight,1.0,60,1,Static,0.98,451.5,128,1,2,0.5715013394747324,21.911424150906953,1
constraint_weight,1.0,60,6,Static,0.98,451.5,128,1,0,31.129962339890717,51.33522777509322,1
constraint_weight,1.0,60,24,Static,0.98,451.5,128,0,1,248.86903407685116,42.882339376644616,1
constraint_weight,1.0,61,1,Static,0.98,82.5,128,2,1,35.23956095695214,39.59585723463882,1
constraint_weight,1.0,61,6,Static,0.98,82.5,128,0,2,111.61435915159468,114.36579043018018,1
constraint_weight,1.0,61,24,Static,0.98,82.5,128,0,2,111.61435915159468,114.36579043018018,1
constraint_weight,1.0,62,1,Static,0.98,56.75,128,4,0,0.05809537524002617,0.19266614007620825,1
constraint_weight,1.0,62,6,Static,0.98,56.75,128,4,3,3.969360301408085,1.9183967512443767,1
constraint_weight,1.0,62,24,Static,0.98,56.75,128,4,3,14.732763343315117,10.264366868711866,1
constraint_weight,1.0,63,1,Static,0.98,451.5,128,4,3,19.694875334208973,11.05180825985631,1
constraint_weight,1.0,63,6,Static,0.98,451.5,128,0,1,13.813611492772193,4.786016469429991,1
constraint_weight,1.0,63,24,Static,0.98,451.5,128,0,1,13.813611492772194,4.786016469429991,1
constraint_weight,1.0,64,1,Static,0.98,180.5,128,2,0,26.30274802865268,19.729174367680848,1
constraint_weight,1.0,64,6,Static,0.98,180.5,128,2,1,19.64030010977674,20.071468849217727,1
constraint_weight,1.0,64,24,Static,0.98,180.5,128,1,0,22.642127863897,39.30845524780132,1
constraint_weight,1.0,65,1,Static,0.98,480.0,128,4,3,0.031232395052007172,0.001343286474886317,1
constraint_weight,1.0,65,6,Static,0.98,480.0,128,4,3,38.881714557017176,17.60423626882726,1
constraint_weight,1.0,65,24,Static,0.98,480.0,128,4,3,63.07520761606768,32.59631864122685,1
constraint_weight,1.0,66,1,Static,0.98,492.25,128,0,1,0.39076965947607656,0.07207298294710536,1
constraint_weight,1.0,66,6,Static,0.98,492.25,128,2,1,68.03392076268558,42.62338290685335,1
constraint_weight,1.0,66,24,Static,0.98,492.25,128,0,1,26.810285595622442,31.311044026064543,1
constraint_weight,1.0,67,1,Static,0.98,180.5,128,0,1,0.013507908796533366,0.0007533853495144535,1
constraint_weight,1.0,67,6,Static,0.98,180.5,128,3,4,0.2013731099664208,0.040116540672789275,1
constraint_weight,1.0,67,24,Static,0.98,180.5,128,3,4,0.22726564793308185,0.051820490446552854,1
constraint_weight,1.0,68,1,Static,0.98,29.5,128,2,3,0.45903515976293086,0.06350394250357153,1
constraint_weight,1.0,68,6,Static,0.98,29.5,128,2,4,0.7962898464930116,2.9379669928942196,1
constraint_weight,1.0,68,24,Static,0.98,29.5,128,2,4,0.6189539055180834,3.0601740448330896,1
constraint_weight,1.0,69,1,Static,0.98,56.75,128,4,3,0.04618568735520573,0.0010487306579157149,1
constraint_weight,1.0,69,6,Static,0.98,56.75,128,4,3,0.16433875777102896,0.0047028601307689145,1
constraint_weight,1.0,69,24,Static,0.98,56.75,128,4,3,0.16433875777102896,0.0047028601307689145,1
constraint_weight,1.0,70,1,Static,0.98,492.25,128,4,0,8.141364464931605,8.942261941331461,1
constraint_weight,1.0,70,6,Static,0.98,492.25,128,3,2,3.3905433477635114,8.709803446758238,1
constraint_weight,1.0,70,24,Static,0.98,492.25,128,1,0,5.275488744186225,10.25378230592627,1
constraint_weight,1.0,71,1,Static,0.98,76.5,128,2,3,1.9592969956640398,0.21917407588238835,1
constraint_weight,1.0,71,6,Static,0.98,76.5,128,2,3,13.126411045190569,0.7322800241126756,1
constraint_weight,1.0,71,24,Static,0.98,76.5,128,2,3,18.352152118991256,0.9194310573124085,1
constraint_weight,1.25,0,1,Static,0.98,279.5,128,2,1,0.09440170266903711,0.00444096158450094,1
constraint_weight,1.25,0,6,Static,0.98,279.5,128,2,1,1.3447642084815394,0.10223857085323057,1
constraint_weight,1.25,0,24,Static,0.98,279.5,128,2,1,1.3447642084815394,0.10223857085323057,1
constraint_weight,1.25,1,1,Static,0.98,253.25,128,4,3,0.34911756104322933,0.00032905581545946674,1
constraint_weight,1.25,1,6,Static,0.98,253.25,128,4,3,2.3047804794130466,0.47379355241432214,1
constraint_weight,1.25,1,24,Static,0.98,253.25,128,4,3,3.6232043782511916,0.5391403370197274,1
constraint_weight,1.25,2,1,Static,0.98,519.0,128,0,1,0.48101354589136136,0.041853047047423556,1
constraint_weight,1.25,2,6,Static,0.98,519.0,128,3,4,0.0,0.0,2
constraint_weight,1.25,2,24,Static,0.98,519.0,128,3,4,8.881784197001252e-16,8.881784197001252e-16,2
constraint_weight,1.25,3,1,Static,0.98,327.5,128,0,1,2.833849386260661,0.47988254447797873,1
constraint_weight,1.25,3,6,Static,0.98,327.5,128,0,1,210.7685439199011,45.764317125581876,1
constraint_weight,1.25,3,24,Static,0.98,327.5,128,0,1,531.1949687106896,57.96558128563911,1
constraint_weight,1.25,4,1,Static,0.98,363.5,128,0,1,0.7644130944041239,0.8749201333278607,1
constraint_weight,1.25,4,6,Static,0.98,363.5,128,2,1,73.31458890022539,50.364725870623914,1
constraint_weight,1.25,4,24,Static,0.98,363.5,128,0,1,151.99169016198113,84.54045033880044,1
constraint_weight,1.25,5,1,Static,0.98,253.25,128,4,3,0.8261931980993626,0.15312490551471739,1
constraint_weight,1.25,5,6,Static,0.98,253.25,128,4,3,14.845989869081855,1.881052421195943,1
constraint_weight,1.25,5,24,Static,0.98,253.25,128,4,3,3.2958188951164855,1.9868670532521084,1
constraint_weight,1.25,6,1,Static,0.98,514.5,128,0,3,37.45492075004768,24.540221201646435,1
constraint_weight,1.25,6,6,Static,0.98,514.5,128,0,1,274.28697119721676,19.019291329581822,1
constraint_weight,1.25,6,24,Static,0.98,514.5,128,0,1,279.9493540037376,18.80889470927978,1
constraint_weight,1.25,7,1,Static,0.98,519.0,128,4,3,0.1326273750274703,0.0021629902704493184,1
constraint_weight,1.25,7,6,Static,0.98,519.0,128,4,2,4.601235299389572,7.491300748734978,1
constraint_weight,1.25,7,24,Static,0.98,519.0,128,4,3,21.299126922490437,12.168712963514675,1
constraint_weight,1.25,8,1,Static,0.98,183.75,128,2,3,0.3327286192927724,0.21482094855856473,1
constraint_weight,1.25,8,6,Static,0.98,183.75,128,4,3,0.828740079030008,1.048869242788174,1
constraint_weight,1.25,8,24,Static,0.98,183.75,128,4,3,0.828740079030008,1.048869242788174,1
constraint_weight,1.25,9,1,Static,0.98,253.25,128,4,3,22.265237584670153,13.611554471764391,1
constraint_weight,1.25,9,6,Static,0.98,253.25,128,4,3,133.7780327679616,24.482306131159703,1
constraint_weight,1.25,9,24,Static,0.98,253.25,128,4,3,94.3096782373965,21.74450018768617,1
constraint_weight,1.25,10,1,Static,0.98,238.5,128,4,3,0.030915483162990726,0.0005463075893699758,1
constraint_weight,1.25,10,6,Static,0.98,238.5,128,4,3,1.15279188503359,0.3282082356565589,1
constraint_weight,1.25,10,24,Static,0.98,238.5,128,4,3,1.2687161756190437,0.31879694802152514,1
constraint_weight,1.25,11,1,Static,0.98,238.5,128,3,4,0.03889088839881916,0.02992702991059901,1
constraint_weight,1.25,11,6,Static,0.98,238.5,128,3,4,3.0166759113814017,37.36377215750084,1
constraint_weight,1.25,11,24,Static,0.98,238.5,128,3,4,3.0166759113814017,37.36377215750084,1
constraint_weight,1.25,12,1,Static,0.98,519.0,128,0,1,40.22334186207945,39.89824224960062,1
constraint_weight,1.25,12,6,Static,0.98,519.0,128,0,1,596.6111183203752,50.44390129781313,1
constraint_weight,1.25,12,24,Static,0.98,519.0,128,0,1,1146.937057897665,113.32670573409595,1
constraint_weight,1.25,13,1,Static,0.98,327.5,128,4,3,0.07412950509982352,0.0013083560996683388,1
constraint_weight,1.25,13,6,Static,0.98,327.5,128,4,3,1.495937924542786,0.2370788617013134,1
constraint_weight,1.25,13,24,Static,0.98,327.5,128,4,3,5.732746733225606,3.7307139811735484,1
constraint_weight,1.25,14,1,Static,0.98,492.0,128,4,3,0.31499948592532634,0.017723310448076762,1
constraint_weight,1.25,14,6,Static,0.98,492.0,128,4,3,0.9195279934549571,0.6078234819474675,1
constraint_weight,1.25,14,24,Static,0.98,492.0,128,4,3,12.44748067258361,14.323341117964512,1
constraint_weight,1.25,15,1,Static,0.98,514.5,128,1,3,0.1366440478287232,0.33966141962527463,1
constraint_weight,1.25,15,6,Static,0.98,514.5,128,4,3,24.098231088355867,2.0758070374408333,1
constraint_weight,1.25,15,24,Static,0.98,514.5,128,4,3,184.9040195746578,63.37414556716736,1
constraint_weight,1.25,16,1,Static,0.98,253.25,128,0,1,1.1448398144221055,0.5649038602023403,1
constraint_weight,1.25,16,6,Static,0.98,253.25,128,3,4,0.1673236029995766,1.0473715638405994,1
constraint_weight,1.25,16,24,Static,0.98,253.25,128,3,2,0.6458764905867269,1.288532368662815,1
constraint_weight,1.25,17,1,Static,0.98,183.75,128,4,3,0.007306230579232589,0.214823984447681,1
constraint_weight,1.25,17,6,Static,0.98,183.75,128,4,3,0.7729538360948249,0.5393850739110309,1
constraint_weight,1.25,17,24,Static,0.98,183.75,128,4,3,0.7729538360948249,0.5393850739110309,1
constraint_weight,1.25,18,1,Static,0.98,327.5,128,4,3,0.013844756131123709,0.04152170668924906,1
constraint_weight,1.25,18,6,Static,0.98,327.5,128,4,3,5.281309576131617,0.7455445931700051,1
constraint_weight,1.25,18,24,Static,0.98,327.5,128,4,3,38.03007386949338,19.29772117791657,1
constraint_weight,1.25,19,1,Static,0.98,363.5,128,0,1,0.08810674330618862,0.0030092114586614217,1
constraint_weight,1.25,19,6,Static,0.98,363.5,128,0,1,2.832986508708334,0.14216269712697893,1
constraint_weight,1.25,19,24,Static,0.98,363.5,128,2,1,1.1380720019562847,0.48009679832327057,1
constraint_weight,1.25,20,1,Static,0.98,363.5,128,2,1,0.017262640150974104,0.029670654999599068,1
constraint_weight,1.25,20,6,Static,0.98,363.5,128,0,1,0.6104451216549871,0.0687623071235453,1
constraint_weight,1.25,20,24,Static,0.98,363.5,128,1,0,0.08409288141011417,0.8491038192986553,1
constraint_weight,1.25,21,1,Static,0.98,492.0,128,0,1,31.198819464694374,4.471075860931194,1
constraint_weight,1.25,21,6,Static,0.98,492.0,128,0,1,211.56433661763688,22.402270959597317,1
constraint_weight,1.25,21,24,Static,0.98,492.0,128,0,1,357.1763126193765,31.670357658709865,1
constraint_weight,1.25,22,1,Static,0.98,279.5,128,0,1,0.2534166078751594,0.17962239504903266,1
constraint_weight,1.25,22,6,Static,0.98,279.5,128,2,1,35.67006709625475,20.774694221105413,1
constraint_weight,1.25,22,24,Static,0.98,279.5,128,1,2,21.208436831100762,62.92962358163585,1
constraint_weight,1.25,23,1,Static,0.98,279.5,128,0,1,0.2154496753276769,1.070316693088451,1
constraint_weight,1.25,23,6,Static,0.98,279.5,128,2,1,3.888255240795451,1.3534465022713442,1
constraint_weight,1.25,23,24,Static,0.98,279.5,128,2,1,3.888255240795451,1.3534465022713442,1
constraint_weight,1.25,24,1,Static,0.98,183.75,128,3,4,0.007590300131339073,0.21485806731936558,1
constraint_weight,1.25,24,6,Static,0.98,183.75,128,2,3,4.6430824148582674,2.9439587039657145,1
constraint_weight,1.25,24,24,Static,0.98,183.75,128,2,3,7.957600133416339,2.808911850671236,1
constraint_weight,1.25,25,1,Static,0.98,514.5,128,1,0,0.007702879711814825,0.021941361148171093,1
constraint_weight,1.25,25,6,Static,0.98,514.5,128,4,3,47.46683061273097,25.216553690379275,1
constraint_weight,1.25,25,24,Static,0.98,514.5,128,4,3,125.12158778386916,39.95224395551,1
constraint_weight,1.25,26,1,Static,0.98,327.5,128,4,3,0.06351176055892449,0.03294462081744535,1
constraint_weight,1.25,26,6,Static,0.98,327.5,128,4,3,22.809585220155036,9.415458278306287,1
constraint_weight,1.25,26,24,Static,0.98,327.5,128,4,3,53.784300385189624,20.45523609494443,1
constraint_weight,1.25,27,1,Static,0.98,363.5,128,2,1,0.043525927804694955,0.0009877661909789932,1
constraint_weight,1.25,27,6,Static,0.98,363.5,128,0,1,0.8264944949812822,0.07154922562897335,1
constraint_weight,1.25,27,24,Static,0.98,363.5,128,1,0,0.36670670077505424,0.25147620122937026,1
constraint_weight,1.25,28,1,Static,0.98,492.0,128,0,1,1.9483740337130981,0.45789789975083384,1
constraint_weight,1.25,28,6,Static,0.98,492.0,128,4,0,11.227339794611432,77.48922017664553,1
constraint_weight,1.25,28,24,Static,0.98,492.0,128,0,1,535.242158292888,52.37205786319274,1
constraint_weight,1.25,29,1,Static,0.98,492.0,128,0,1,0.6754184649624688,0.07402718704133356,1
constraint_weight,1.25,29,6,Static,0.98,492.0,128,4,3,8.242917293349805,3.461710279325586,1
constraint_weight,1.25,29,24,Static,0.98,492.0,128,0,1,258.78744272892146,29.10038474941685,1
constraint_weight,1.25,30,1,Static,0.98,183.75,128,4,3,0.05512321691223641,0.008410255722819827,1
constraint_weight,1.25,30,6,Static,0.98,183.75,128,4,3,1.3293967323669076,0.30909552933351725,1
constraint_weight,1.25,30,24,Static,0.98,183.75,128,4,3,1.6676266975344602,0.3187138937626028,1
constraint_weight,1.25,31,1,Static,0.98,238.5,128,4,3,0.035037099785833026,0.0007604096075742257,1
constraint_weight,1.25,31,6,Static,0.98,238.5,128,4,3,0.17289714589417415,0.01992973947764839,1
constraint_weight,1.25,31,24,Static,0.98,238.5,128,4,3,0.17289714589417415,0.01992973947764839,1
constraint_weight,1.25,32,1,Static,0.98,519.0,128,2,3,0.8841706638888867,0.7339657883738563,1
constraint_weight,1.25,32,6,Static,0.98,519.0,128,4,3,37.698713290605674,34.971340404869785,1
constraint_weight,1.25,32,24,Static,0.98,519.0,128,0,1,267.1852223587294,82.37470817589033,1
constraint_weight,1.25,33,1,Static,0.98,279.5,128,1,2,0.21871906753594084,0.011634494177130044,1
constraint_weight,1.25,33,6,Static,0.98,279.5,128,1,2,0.31235962014375207,0.08669586129234257,1
constraint_weight,1.25,33,24,Static,0.98,279.5,128,1,2,0.31235962014375207,0.08669586129234257,1
constraint_weight,1.25,34,1,Static,0.98,238.5,128,4,3,0.002678024315509564,0.0011359317980790967,1
constraint_weight,1.25,34,6,Static,0.98,238.5,128,4,3,1.1491900672924062,0.08454658818303519,1
constraint_weight,1.25,34,24,Static,0.98,238.5,128,4,3,1.1491900672924062,0.08454658818303519,1
constraint_weight,1.25,35,1,Static,0.98,514.5,128,0,1,0.036926219362972745,0.1307333986339342,1
constraint_weight,1.25,35,6,Static,0.98,514.5,128,4,3,3.0540317250922224,0.13266725728393886,1
constraint_weight,1.25,35,24,Static,0.98,514.5,128,4,3,8.389129103465942,2.5342043961732696,1
constraint_weight,1.25,36,1,Static,0.98,82.5,128,2,1,55.16368052297746,43.57779017864826,1
constraint_weight,1.25,36,6,Static,0.98,82.5,128,0,1,52.63668462786476,19.23171404217308,1
constraint_weight,1.25,36,24,Static,0.98,82.5,128,0,1,52.63668462786476,19.23171404217308,1
constraint_weight,1.25,37,1,Static,0.98,480.0,128,0,1,0.6222638765368873,0.1355329640056007,1
constraint_weight,1.25,37,6,Static,0.98,480.0,128,4,3,6.391067677434867,2.460851309516573,1
constraint_weight,1.25,37,24,Static,0.98,480.0,128,4,2,19.6538637604807,79.15299866429784,1
constraint_weight,1.25,38,1,Static,0.98,82.5,128,0,1,0.2822163883741563,0.05000622908739846,1
constraint_weight,1.25,38,6,Static,0.98,82.5,128,0,1,2.7151041731700207,0.14136918897425105,1
constraint_weight,1.25,38,24,Static,0.98,82.5,128,0,1,2.920482499913412,0.15494148798191637,1
constraint_weight,1.25,39,1,Static,0.98,492.25,128,2,1,0.27137982793673765,0.8741564324100057,1
constraint_weight,1.25,39,6,Static,0.98,492.25,128,2,1,168.73513740110246,88.84649844580073,1
constraint_weight,1.25,39,24,Static,0.98,492.25,128,0,1,255.01512965370972,66.43678227037766,1
constraint_weight,1.25,40,1,Static,0.98,56.75,128,0,1,0.00855294361187689,0.0028865059785964826,1
constraint_weight,1.25,40,6,Static,0.98,56.75,128,4,3,0.0039853310364635075,0.014016889327872732,1
constraint_weight,1.25,40,24,Static,0.98,56.75,128,4,3,0.0039853310364635075,0.014016889327872732,1
constraint_weight,1.25,41,1,Static,0.98,29.5,128,4,3,0.1731335961028371,0.21476785356485192,1
constraint_weight,1.25,41,6,Static,0.98,29.5,128,4,3,1.6730806583602968,0.3117165213780955,1
constraint_weight,1.25,41,24,Static,0.98,29.5,128,4,3,1.6730806583602968,0.3117165213780955,1
constraint_weight,1.25,42,1,Static,0.98,82.5,128,2,1,21.33920595771155,21.599026943146757,1
constraint_weight,1.25,42,6,Static,0.98,82.5,128,2,1,74.61656518358086,37.99423320653392,1
constraint_weight,1.25,42,24,Static,0.98,82.5,128,2,1,74.61656518358086,37.99423320653392,1
constraint_weight,1.25,43,1,Static,0.98,29.5,128,4,3,0.23801954354794194,0.2148255563676767,1
constraint_weight,1.25,43,6,Static,0.98,29.5,128,4,3,0.23801954354794194,0.2148255563676767,1
constraint_weight,1.25,43,24,Static,0.98,29.5,128,4,3,0.23801954354794194,0.2148255563676767,1
constraint_weight,1.25,44,1,Static,0.98,143.25,128,4,3,40.59679185609862,29.668211385686977,1
constraint_weight,1.25,44,6,Static,0.98,143.25,128,0,1,292.7914364773036,15.932121144847757,1
constraint_weight,1.25,44,24,Static,0.98,143.25,128,0,1,292.7914364773036,15.932121144847757,1
constraint_weight,1.25,45,1,Static,0.98,451.5,128,0,1,3.7191962236198153,0.6877573220220038,1
constraint_weight,1.25,45,6,Static,0.98,451.5,128,0,1,114.13928510216546,13.307328429766704,1
constraint_weight,1.25,45,24,Static,0.98,451.5,128,0,1,154.7176706278575,12.572564479724571,1
constraint_weight,1.25,46,1,Static,0.98,76.5,128,2,1,0.016054381253451044,0.0009093021709493862,1
constraint_weight,1.25,46,6,Static,0.98,76.5,128,2,1,0.03719843769570552,0.0028564965738167476,1
constraint_weight,1.25,46,24,Static,0.98,76.5,128,2,1,0.03719843769570552,0.0028564965738167476,1
constraint_weight,1.25,47,1,Static,0.98,180.5,128,1,2,0.9806906628918286,0.6871302725642487,1
constraint_weight,1.25,47,6,Static,0.98,180.5,128,1,2,8.337703835672484,23.476397275384407,1
constraint_weight,1.25,47,24,Static,0.98,180.5,128,0,1,69.8940167462811,35.864381118754366,1
constraint_weight,1.25,48,1,Static,0.98,143.25,128,3,2,0.0010383173764981768,0.015392868710851907,1
constraint_weight,1.25,48,6,Static,0.98,143.25,128,4,3,39.06555051316326,16.400775967698422,1
constraint_weight,1.25,48,24,Static,0.98,143.25,128,4,3,35.34551262439007,16.638141525640023,1
constraint_weight,1.25,49,1,Static,0.98,76.5,128,4,3,2.154899640686969,0.39558764127009144,1
constraint_weight,1.25,49,6,Static,0.98,76.5,128,4,3,61.57368977368785,28.119813241087915,1
constraint_weight,1.25,49,24,Static,0.98,76.5,128,2,3,31.305259840512036,19.847889421161447,1
constraint_weight,1.25,50,1,Static,0.98,451.5,128,2,1,233.54786302476222,101.7022269998,1
constraint_weight,1.25,50,6,Static,0.98,451.5,128,0,1,18.426749243127865,12.649261066583943,1
constraint_weight,1.25,50,24,Static,0.98,451.5,128,0,1,18.426749243127865,12.649261066583943,1
constraint_weight,1.25,51,1,Static,0.98,76.5,128,4,3,12.4848826240721,7.838328515862798,1
constraint_weight,1.25,51,6,Static,0.98,76.5,128,4,3,60.08328615511141,13.661998106405102,1
constraint_weight,1.25,51,24,Static,0.98,76.5,128,4,3,61.77308507064952,15.766610222466104,1
constraint_weight,1.25,52,1,Static,0.98,143.25,128,2,3,0.02561821114245824,0.0012859116960016734,1
constraint_weight,1.25,52,6,Static,0.98,143.25,128,3,4,0.0,0.0,2
constraint_weight,1.25,52,24,Static,0.98,143.25,128,3,4,0.0,0.0,2
constraint_weight,1.25,53,1,Static,0.98,56.75,128,3,4,0.0,0.0,2
constraint_weight,1.25,53,6,Static,0.98,56.75,128,3,4,0.0,0.0,2
constraint_weight,1.25,53,24,Static,0.98,56.75,128,3,4,0.0,0.0,2
constraint_weight,1.25,54,1,Static,0.98,29.5,128,2,3,1.3493959627894165,0.01773859396688245,1
constraint_weight,1.25,54,6,Static,0.98,29.5,128,2,3,0.6644299079243507,0.08482822693264226,1
constraint_weight,1.25,54,24,Static,0.98,29.5,128,2,3,0.6644299079243507,0.08482822693264226,1
constraint_weight,1.25,55,1,Static,0.98,180.5,128,1,0,0.12429922688011619,0.4565338680600873,1
constraint_weight,1.25,55,6,Static,0.98,180.5,128,0,1,0.3388172978149342,23.252832912936995,1
constraint_weight,1.25,55,24,Static,0.98,180.5,128,1,0,4.295431698385819,21.423471694771862,1
constraint_weight,1.25,56,1,Static,0.98,492.25,128,4,0,4.201936128298367,7.909331853343117,1
constraint_weight,1.25,56,6,Static,0.98,492.25,128,4,2,33.30725590013416,46.55709303890357,1
constraint_weight,1.25,56,24,Static,0.98,492.25,128,0,1,195.97921360992865,45.296806782103324,1
constraint_weight,1.25,57,1,Static,0.98,480.0,128,1,4,132.74874129557278,62.82231109404096,1
constraint_weight,1.25,57,6,Static,0.98,480.0,128,0,1,78.27169454192561,20.657346329189902,1
constraint_weight,1.25,57,24,Static,0.98,480.0,128,0,1,78.27169454192561,20.657346329189902,1
constraint_weight,1.25,58,1,Static,0.98,143.25,128,0,1,5.774307366938379,32.21134627752257,1
constraint_weight,1.25,58,6,Static,0.98,143.25,128,0,1,351.81850432355145,36.97458719349069,1
constraint_weight,1.25,58,24,Static,0.98,143.25,128,0,1,429.5584775833256,31.771958155847233,1
constraint_weight,1.25,59,1,Static,0.98,480.0,128,0,1,1.878030953713566,0.37808423192816154,1
constraint_weight,1.25,59,6,Static,0.98,480.0,128,0,1,265.0943141430218,24.876862071631937,1
constraint_weight,1.25,59,24,Static,0.98,480.0,128,0,1,445.505346330893,23.69482453875067,1
constraint_weight,1.25,60,1,Static,0.98,451.5,128,1,2,0.5715013394747324,21.911424150906953,1
constraint_weight,1.25,60,6,Static,0.98,451.5,128,1,0,29.88629898475198,51.262509234495326,1
constraint_weight,1.25,60,24,Static,0.98,451.5,128,0,1,250.86436701048584,43.3876409594467,1
constraint_weight,1.25,61,1,Static,0.98,82.5,128,2,1,35.23956095695214,39.59585723463882,1
constraint_weight,1.25,61,6,Static,0.98,82.5,128,0,2,112.55533458257437,114.38502932270534,1
constraint_weight,1.25,61,24,Static,0.98,82.5,128,0,2,112.55533458257437,114.38502932270534,1
constraint_weight,1.25,62,1,Static,0.98,56.75,128,4,0,0.05809537524002617,0.19266614007620825,1
constraint_weight,1.25,62,6,Static,0.98,56.75,128,4,3,4.0459896403187035,1.9428099696746421,1
constraint_weight,1.25,62,24,Static,0.98,56.75,128,4,3,14.810186155032298,10.267012134120298,1
constraint_weight,1.25,63,1,Static,0.98,451.5,128,4,3,19.694875334208973,11.051808259856312,1
constraint_weight,1.25,63,6,Static,0.98,451.5,128,0,1,14.387892697949958,4.9645306273034215,1
constraint_weight,1.25,63,24,Static,0.98,451.5,128,0,1,14.387892697949962,4.9645306273034215,1
constraint_weight,1.25,64,1,Static,0.98,180.5,128,2,0,26.30274802865268,19.729174367680848,1
constraint_weight,1.25,64,6,Static,0.98,180.5,128,2,1,19.266121407778336,20.10123337807352,1
constraint_weight,1.25,64,24,Static,0.98,180.5,128,1,0,22.230196272850772,39.35468081849808,1
constraint_weight,1.25,65,1,Static,0.98,480.0,128,4,3,0.031232395052007172,0.001343286474886317,1
constraint_weight,1.25,65,6,Static,0.98,480.0,128,4,3,38.96960922948618,17.558545168453247,1
constraint_weight,1.25,65,24,Static,0.98,480.0,128,4,3,62.353126080040525,32.865492122112215,1
constraint_weight,1.25,66,1,Static,0.98,492.25,128,0,1,0.39076965947607656,0.07207298294710536,1
constraint_weight,1.25,66,6,Static,0.98,492.25,128,2,1,68.0145273492924,42.60988857521574,1
constraint_weight,1.25,66,24,Static,0.98,492.25,128,0,1,27.74567681351816,31.487951669261463,1
constraint_weight,1.25,67,1,Static,0.98,180.5,128,0,1,0.013507908796533366,0.0007533853495144535,1
constraint_weight,1.25,67,6,Static,0.98,180.5,128,3,4,0.21732601320827988,0.042070117929057,1
constraint_weight,1.25,67,24,Static,0.98,180.5,128,3,4,0.25340458428270257,0.05403381950116,1
constraint_weight,1.25,68,1,Static,0.98,29.5,128,2,3,0.45903515976293086,0.06350394250357153,1
constraint_weight,1.25,68,6,Static,0.98,29.5,128,2,4,0.15262456826796522,2.990253713521892,1
constraint_weight,1.25,68,24,Static,0.98,29.5,128,4,2,0.010351851799566658,3.1167290972489456,1
constraint_weight,1.25,69,1,Static,0.98,56.75,128,4,3,0.04618568735520573,0.0010487306579157149,1
constraint_weight,1.25,69,6,Static,0.98,56.75,128,4,3,0.16433875777102896,0.0047028601307689145,1
constraint_weight,1.25,69,24,Static,0.98,56.75,128,4,3,0.16433875777102896,0.0047028601307689145,1
constraint_weight,1.25,70,1,Static,0.98,492.25,128,4,0,8.141364464931605,8.942261941331461,1
constraint_weight,1.25,70,6,Static,0.98,492.25,128,3,2,3.355344312894478,8.720881666486061,1
constraint_weight,1.25,70,24,Static,0.98,492.25,128,1,0,5.2945467921756535,10.353712667253202,1
constraint_weight,1.25,71,1,Static,0.98,76.5,128,2,3,1.9592969956640398,0.21917407588238835,1
constraint_weight,1.25,71,6,Static,0.98,76.5,128,2,3,13.176432889795024,0.7356121016830749,1
constraint_weight,1.25,71,24,Static,0.98,76.5,128,2,3,18.526426018444866,0.9364641152079289,1
constraint_weight,1.5,0,1,Static,0.98,279.5,128,2,1,0.09440170266903711,0.00444096158450094,1
constraint_weight,1.5,0,6,Static,0.98,279.5,128,2,1,1.3469957330186595,0.10281685645526567,1
constraint_weight,1.5,0,24,Static,0.98,279.5,128,2,1,1.3469957330186595,0.10281685645526567,1
constraint_weight,1.5,1,1,Static,0.98,253.25,128,4,3,0.34911756104322933,0.00032905581545946674,1
constraint_weight,1.5,1,6,Static,0.98,253.25,128,4,3,2.30340449040573,0.4738394515267013,1
constraint_weight,1.5,1,24,Static,0.98,253.25,128,4,3,3.620195134512824,0.5392171314109431,1
constraint_weight,1.5,2,1,Static,0.98,519.0,128,0,1,0.4810135458913616,0.041853047047423646,1
constraint_weight,1.5,2,6,Static,0.98,519.0,128,3,4,0.0,0.0,2
constraint_weight,1.5,2,24,Static,0.98,519.0,128,3,4,0.0,0.0,2
constraint_weight,1.5,3,1,Static,0.98,327.5,128,0,1,2.8338493862606633,0.4798825444779791,1
constraint_weight,1.5,3,6,Static,0.98,327.5,128,0,1,211.16553357221042,45.82750377296397,1
constraint_weight,1.5,3,24,Static,0.98,327.5,128,0,1,532.5567757449011,57.96596202905505,1
constraint_weight,1.5,4,1,Static,0.98,363.5,128,0,1,0.7644130944041239,0.8749201333278607,1
constraint_weight,1.5,4,6,Static,0.98,363.5,128,2,1,73.3546621120865,50.34673324167725,1
constraint_weight,1.5,4,24,Static,0.98,363.5,128,0,1,152.42639963447286,84.51665614604663,1
constraint_weight,1.5,5,1,Static,0.98,253.25,128,4,3,0.8261931980993636,0.15312490551471736,1
constraint_weight,1.5,5,6,Static,0.98,253.25,128,4,3,15.134931938999006,1.9126010286350923,1
constraint_weight,1.5,5,24,Static,0.98,253.25,128,4,3,3.36786631574034,2.014310843112275,1
constraint_weight,1.5,6,1,Static,0.98,514.5,128,0,3,37.45492075004764,24.540221201646435,1
constraint_weight,1.5,6,6,Static,0.98,514.5,128,0,1,273.8859882865764,19.096966754921848,1
constraint_weight,1.5,6,24,Static,0.98,514.5,128,0,1,279.60708269909355,19.104775395555578,1
constraint_weight,1.5,7,1,Static,0.98,519.0,128,4,3,0.1326273750274703,0.0021629902704493184,1
constraint_weight,1.5,7,6,Static,0.98,519.0,128,4,2,4.605082268042729,7.521002699486281,1
constraint_weight,1.5,7,24,Static,0.98,519.0,128,4,3,21.165700615419286,12.139365119485383,1
constraint_weight,1.5,8,1,Static,0.98,183.75,128,2,3,0.3327286192927724,0.21482094855856473,1
constraint_weight,1.5,8,6,Static,0.98,183.75,128,4,3,0.8496524684829152,1.0916200576391386,1
constraint_weight,1.5,8,24,Static,0.98,183.75,128,4,3,0.8496524684829152,1.0916200576391386,1
constraint_weight,1.5,9,1,Static,0.98,253.25,128,4,3,22.265237584670153,13.611554471764391,1
constraint_weight,1.5,9,6,Static,0.98,253.25,128,4,3,135.23981974077506,24.56031683986023,1
constraint_weight,1.5,9,24,Static,0.98,253.25,128,4,3,94.5456486797928,21.70736915013278,1
constraint_weight,1.5,10,1,Static,0.98,238.5,128,4,3,0.030915483162990726,0.0005463075893699758,1
constraint_weight,1.5,10,6,Static,0.98,238.5,128,4,3,1.1737956409882337,0.3350686814192388,1
constraint_weight,1.5,10,24,Static,0.98,238.5,128,4,3,1.2922899960280605,0.3256521777532997,1
constraint_weight,1.5,11,1,Static,0.98,238.5,128,3,4,0.03889088839881916,0.02992702991059901,1
constraint_weight,1.5,11,6,Static,0.98,238.5,128,3,4,2.663038552039197,37.3719668849329,1
constraint_weight,1.5,11,24,Static,0.98,238.5,128,3,4,2.663038552039197,37.3719668849329,1
constraint_weight,1.5,12,1,Static,0.98,519.0,128,0,1,40.22334186207945,39.89824224960062,1
constraint_weight,1.5,12,6,Static,0.98,519.0,128,0,1,596.8352583619339,50.345431384055715,1
constraint_weight,1.5,12,24,Static,0.98,519.0,128,0,1,1146.7082426590064,114.00322755824311,1
constraint_weight,1.5,13,1,Static,0.98,327.5,128,4,3,0.07412950509982352,0.0013083560996683388,1
constraint_weight,1.5,13,6,Static,0.98,327.5,128,4,3,1.5032197935792846,0.23962002371103228,1
constraint_weight,1.5,13,24,Static,0.98,327.5,128,4,3,5.793176238541202,3.779687243274217,1
constraint_weight,1.5,14,1,Static,0.98,492.0,128,4,3,0.31499948592532634,0.017723310448076762,1
constraint_weight,1.5,14,6,Static,0.98,492.0,128,4,3,0.9179051690075561,0.6102291753515626,1
constraint_weight,1.5,14,24,Static,0.98,492.0,128,4,3,12.442966090696126,14.323784741582502,1
constraint_weight,1.5,15,1,Static,0.98,514.5,128,1,3,0.13664404782872308,0.33966141962527474,1
constraint_weight,1.5,15,6,Static,0.98,514.5,128,4,3,24.400306962398904,2.094673785798245,1
constraint_weight,1.5,15,24,Static,0.98,514.5,128,4,3,185.62707049230062,63.39524187331363,1
constraint_weight,1.5,16,1,Static,0.98,253.25,128,0,1,1.1448398144221055,0.5649038602023403,1
constraint_weight,1.5,16,6,Static,0.98,253.25,128,3,4,0.17615485256317365,1.0481062663345944,1
constraint_weight,1.5,16,24,Static,0.98,253.25,128,3,2,0.6192102961324556,1.2888114685490597,1
constraint_weight,1.5,17,1,Static,0.98,183.75,128,4,3,0.007306230579232589,0.214823984447681,1
constraint_weight,1.5,17,6,Static,0.98,183.75,128,4,3,0.7599170534010634,0.5398587350282423,1
constraint_weight,1.5,17,24,Static,0.98,183.75,128,4,3,0.7599170534010634,0.5398587350282423,1
constraint_weight,1.5,18,1,Static,0.98,327.5,128,4,3,0.013844756131123709,0.04152170668924906,1
constraint_weight,1.5,18,6,Static,0.98,327.5,128,4,3,5.332839606009503,0.7462694767906665,1
constraint_weight,1.5,18,24,Static,0.98,327.5,128,4,3,38.36795940333195,19.420826206692468,1
constraint_weight,1.5,19,1,Static,0.98,363.5,128,0,1,0.08810674330618862,0.0030092114586614217,1
constraint_weight,1.5,19,6,Static,0.98,363.5,128,0,1,2.8965611367573727,0.14415977646188421,1
constraint_weight,1.5,19,24,Static,0.98,363.5,128,2,1,1.0903231820868635,0.4827925779719858,1
constraint_weight,1.5,20,1,Static,0.98,363.5,128,2,1,0.017262640150974104,0.029670654999599068,1
constraint_weight,1.5,20,6,Static,0.98,363.5,128,0,1,0.6157628101965368,0.069613423760801,1
constraint_weight,1.5,20,24,Static,0.98,363.5,128,1,0,0.08694829525885261,0.8579633519320353,1
constraint_weight,1.5,21,1,Static,0.98,492.0,128,0,1,31.198819464694374,4.471075860931194,1
constraint_weight,1.5,21,6,Static,0.98,492.0,128,0,1,212.0841958917302,22.326031622700707,1
constraint_weight,1.5,21,24,Static,0.98,492.0,128,0,1,357.60666132119457,32.09519482799449,1
constraint_weight,1.5,22,1,Static,0.98,279.5,128,0,1,0.2534166078751594,0.17962239504903266,1
constraint_weight,1.5,22,6,Static,0.98,279.5,128,2,1,35.77756583543637,20.773357054474843,1
constraint_weight,1.5,22,24,Static,0.98,279.5,128,1,2,21.10374864048534,62.93317067840412,1
constraint_weight,1.5,23,1,Static,0.98,279.5,128,0,1,0.2154496753276769,1.070316693088451,1
constraint_weight,1.5,23,6,Static,0.98,279.5,128,2,1,3.918597469150414,1.353621913010727,1
constraint_weight,1.5,23,24,Static,0.98,279.5,128,2,1,3.918597469150414,1.353621913010727,1
constraint_weight,1.5,24,1,Static,0.98,183.75,128,3,4,0.007590300131339073,0.21485806731936558,1
constraint_weight,1.5,24,6,Static,0.98,183.75,128,2,3,4.622027047327982,2.99333245531149,1
constraint_weight,1.5,24,24,Static,0.98,183.75,128,2,3,8.000876132380856,2.844957844111993,1
constraint_weight,1.5,25,1,Static,0.98,514.5,128,1,0,0.007702879711814936,0.021941361148171086,1
constraint_weight,1.5,25,6,Static,0.98,514.5,128,4,3,47.67819896570984,25.21692369521246,1
constraint_weight,1.5,25,24,Static,0.98,514.5,128,4,3,125.51569988124606,39.97375052023906,1
constraint_weight,1.5,26,1,Static,0.98,327.5,128,4,3,0.06351176055892449,0.03294462081744535,1
constraint_weight,1.5,26,6,Static,0.98,327.5,128,4,3,22.95701410136669,9.484175427066903,1
constraint_weight,1.5,26,24,Static,0.98,327.5,128,4,3,53.98686799090231,20.46832626668271,1
constraint_weight,1.5,27,1,Static,0.98,363.5,128,2,1,0.043525927804694955,0.0009877661909789932,1
constraint_weight,1.5,27,6,Static,0.98,363.5,128,0,1,0.8349376958920308,0.0727511164235206,1
constraint_weight,1.5,27,24,Static,0.98,363.5,128,1,0,0.3709786543376537,0.253374833302519,1
constraint_weight,1.5,28,1,Static,0.98,492.0,128,0,1,1.9483740337130984,0.45789789975083384,1
constraint_weight,1.5,28,6,Static,0.98,492.0,128,4,0,13.01478912984227,77.52801155508672,1
constraint_weight,1.5,28,24,Static,0.98,492.0,128,0,1,535.8503521739932,52.67139694999043,1
constraint_weight,1.5,29,1,Static,0.98,492.0,128,0,1,0.6754184649624686,0.07402718704133356,1
constraint_weight,1.5,29,6,Static,0.98,492.0,128,4,3,8.461060814164927,3.488953763728367,1
constraint_weight,1.5,29,24,Static,0.98,492.0,128,0,1,258.5773595499357,29.332931215235128,1
constraint_weight,1.5,30,1,Static,0.98,183.75,128,4,3,0.05512321691223641,0.008410255722819827,1
constraint_weight,1.5,30,6,Static,0.98,183.75,128,4,3,1.3226649699071313,0.30958176557877515,1
constraint_weight,1.5,30,24,Static,0.98,183.75,128,4,3,1.6594484619029681,0.3193227181935376,1
constraint_weight,1.5,31,1,Static,0.98,238.5,128,4,3,0.035037099785833026,0.0007604096075742257,1
constraint_weight,1.5,31,6,Static,0.98,238.5,128,4,3,0.17322640214480867,0.02005405879516231,1
constraint_weight,1.5,31,24,Static,0.98,238.5,128,4,3,0.17322640214480867,0.02005405879516231,1
constraint_weight,1.5,32,1,Static,0.98,519.0,128,2,3,0.8841706638888862,0.7339657883738554,1
constraint_weight,1.5,32,6,Static,0.98,519.0,128,4,3,37.67451647280135,34.91587405357149,1
constraint_weight,1.5,32,24,Static,0.98,519.0,128,0,1,267.58867348438395,82.69733390013302,1
constraint_weight,1.5,33,1,Static,0.98,279.5,128,1,2,0.2187190675359405,0.011634494177130073,1
constraint_weight,1.5,33,6,Static,0.98,279.5,128,1,2,0.3119937243062193,0.08668528463034236,1
constraint_weight,1.5,33,24,Static,0.98,279.5,128,1,2,0.3119937243062193,0.08668528463034236,1
constraint_weight,1.5,34,1,Static,0.98,238.5,128,4,3,0.002678024315509564,0.0011359317980790967,1
constraint_weight,1.5,34,6,Static,0.98,238.5,128,4,3,1.173081665597709,0.08639733831576284,1
constraint_weight,1.5,34,24,Static,0.98,238.5,128,4,3,1.173081665597709,0.08639733831576284,1
constraint_weight,1.5,35,1,Static,0.98,514.5,128,0,1,0.03692621936297308,0.13073339863393416,1
constraint_weight,1.5,35,6,Static,0.98,514.5,128,4,3,3.142216212457135,0.13544893336459513,1
constraint_weight,1.5,35,24,Static,0.98,514.5,128,4,3,8.564785098987418,2.576658007656594,1
constraint_weight,1.5,36,1,Static,0.98,82.5,128,2,1,55.163680522977465,43.57779017864827,1
constraint_weight,1.5,36,6,Static,0.98,82.5,128,0,1,52.84446287051308,19.322720647135235,1
constraint_weight,1.5,36,24,Static,0.98,82.5,128,0,1,52.84446287051308,19.322720647135235,1
constraint_weight,1.5,37,1,Static,0.98,480.0,128,0,1,0.6222638765368873,0.1355329640056007,1
constraint_weight,1.5,37,6,Static,0.98,480.0,128,4,3,6.44480855610337,2.469953840833669,1
constraint_weight,1.5,37,24,Static,0.98,480.0,128,4,2,18.560337413774192,79.53438027856964,1
constraint_weight,1.5,38,1,Static,0.98,82.5,128,0,1,0.2822163883741563,0.05000622908739846,1
constraint_weight,1.5,38,6,Static,0.98,82.5,128,0,1,2.785191808441665,0.14354857511555788,1
constraint_weight,1.5,38,24,Static,0.98,82.5,128,0,1,2.991817804504305,0.1573904438917053,1
constraint_weight,1.5,39,1,Static,0.98,492.25,128,2,1,0.27137982793673765,0.8741564324100057,1
constraint_weight,1.5,39,6,Static,0.98,492.25,128,2,1,168.7279683959591,88.8570832218215,1
constraint_weight,1.5,39,24,Static,0.98,492.25,128,0,1,255.38757811520435,66.61383955457214,1
constraint_weight,1.5,40,1,Static,0.98,56.75,128,0,1,0.00855294361187689,0.0028865059785964826,1
constraint_weight,1.5,40,6,Static,0.98,56.75,128,4,3,0.0038186386950367635,0.014216296306273772,1
constraint_weight,1.5,40,24,Static,0.98,56.75,128,4,3,0.0038186386950367635,0.014216296306273772,1
constraint_weight,1.5,41,1,Static,0.98,29.5,128,4,3,0.1731335961028371,0.21476785356485192,1
constraint_weight,1.5,41,6,Static,0.98,29.5,128,4,3,1.6730806583602968,0.3117165213780955,1
constraint_weight,1.5,41,24,Static,0.98,29.5,128,4,3,1.6730806583602968,0.3117165213780955,1
constraint_weight,1.5,42,1,Static,0.98,82.5,128,2,1,21.33920595771155,21.599026943146757,1
constraint_weight,1.5,42,6,Static,0.98,82.5,128,2,1,74.50213268886583,37.943639871939325,1
constraint_weight,1.5,42,24,Static,0.98,82.5,128,2,1,74.50213268886583,37.943639871939325,1
constraint_weight,1.5,43,1,Static,0.98,29.5,128,4,3,0.23801954354794194,0.2148255563676767,1
constraint_weight,1.5,43,6,Static,0.98,29.5,128,4,3,0.23801954354794194,0.2148255563676767,1
constraint_weight,1.5,43,24,Static,0.98,29.5,128,4,3,0.23801954354794194,0.2148255563676767,1
constraint_weight,1.5,44,1,Static,0.98,143.25,128,4,3,40.59679185609862,29.668211385686977,1
constraint_weight,1.5,44,6,Static,0.98,143.25,128,0,1,292.42218133657747,16.069541470200086,1
constraint_weight,1.5,44,24,Static,0.98,143.25,128,0,1,292.42218133657747,16.069541470200086,1
constraint_weight,1.5,45,1,Static,0.98,451.5,128,0,1,3.7191962236198153,0.6877573220220038,1
constraint_weight,1.5,45,6,Static,0.98,451.5,128,0,1,114.51624613202951,13.388129283102014,1
constraint_weight,1.5,45,24,Static,0.98,451.5,128,0,1,154.79434713877055,12.772025773482005,1
constraint_weight,1.5,46,1,Static,0.98,76.5,128,2,1,0.016054381253451044,0.0009093021709493862,1
constraint_weight,1.5,46,6,Static,0.98,76.5,128,2,1,0.03752900469542375,0.0029116779849648693,1
constraint_weight,1.5,46,24,Static,0.98,76.5,128,2,1,0.03752900469542375,0.0029116779849648693,1
constraint_weight,1.5,47,1,Static,0.98,180.5,128,1,2,0.9806906628918286,0.6871302725642487,1
constraint_weight,1.5,47,6,Static,0.98,180.5,128,1,2,8.868678598347577,23.47207093207787,1
constraint_weight,1.5,47,24,Static,0.98,180.5,128,0,1,71.0328202355633,36.43420399210994,1
constraint_weight,1.5,48,1,Static,0.98,143.25,128,3,2,0.0010383173764982878,0.015392868710851899,1
constraint_weight,1.5,48,6,Static,0.98,143.25,128,4,3,39.276307220735404,16.336510113277228,1
constraint_weight,1.5,48,24,Static,0.98,143.25,128,4,3,35.54991300433099,16.68365541045895,1
constraint_weight,1.5,49,1,Static,0.98,76.5,128,4,3,2.154899640686969,0.39558764127009144,1
constraint_weight,1.5,49,6,Static,0.98,76.5,128,4,3,62.1275591129157,28.16812923965298,1
constraint_weight,1.5,49,24,Static,0.98,76.5,128,2,3,31.82426633233819,19.81154651261182,1
constraint_weight,1.5,50,1,Static,0.98,451.5,128,2,1,233.54786302476225,101.70222699980002,1
constraint_weight,1.5,50,6,Static,0.98,451.5,128,0,1,18.55170062153286,12.721273395431728,1
constraint_weight,1.5,50,24,Static,0.98,451.5,128,0,1,18.55170062153286,12.721273395431728,1
constraint_weight,1.5,51,1,Static,0.98,76.5,128,4,3,12.4848826240721,7.838328515862799,1
constraint_weight,1.5,51,6,Static,0.98,76.5,128,4,3,61.2462099920787,13.739041748188516,1
constraint_weight,1.5,51,24,Static,0.98,76.5,128,4,3,62.5955855203363,15.843677333110126,1
constraint_weight,1.5,52,1,Static,0.98,143.25,128,2,3,0.02561821114245824,0.0012859116960016734,1
constraint_weight,1.5,52,6,Static,0.98,143.25,128,3,4,0.0,0.0,2
constraint_weight,1.5,52,24,Static,0.98,143.25,128,3,4,0.0,0.0,2
constraint_weight,1.5,53,1,Static,0.98,56.75,128,3,4,0.0,0.0,2
constraint_weight,1.5,53,6,Static,0.98,56.75,128,3,4,0.0,0.0,2
constraint_weight,1.5,53,24,Static,0.98,56.75,128,3,4,0.0,0.0,2
constraint_weight,1.5,54,1,Static,0.98,29.5,128,2,3,1.3493959627894165,0.01773859396688245,1
constraint_weight,1.5,54,6,Static,0.98,29.5,128,2,3,0.6718547697808261,0.08493485183132106,1
constraint_weight,1.5,54,24,Static,0.98,29.5,128,2,3,0.6718547697808261,0.08493485183132106,1
constraint_weight,1.5,55,1,Static,0.98,180.5,128,1,0,0.12429922688011619,0.4565338680600873,1
constraint_weight,1.5,55,6,Static,0.98,180.5,128,0,1,0.5947138008745387,23.321039690657305,1
constraint_weight,1.5,55,24,Static,0.98,180.5,128,1,0,4.004299836572027,21.535593840342926,1
constraint_weight,1.5,56,1,Static,0.98,492.25,128,4,0,4.201936128298367,7.909331853343117,1
constraint_weight,1.5,56,6,Static,0.98,492.25,128,4,2,33.57344573626386,46.54115130191157,1
constraint_weight,1.5,56,24,Static,0.98,492.25,128,0,1,196.4022880672581,45.66766837819484,1
constraint_weight,1.5,57,1,Static,0.98,480.0,128,1,4,132.74874129557278,62.82231109404096,1
constraint_weight,1.5,57,6,Static,0.98,480.0,128,0,1,78.62222606442808,20.809751517421542,1
constraint_weight,1.5,57,24,Static,0.98,480.0,128,0,1,78.62222606442808,20.809751517421546,1
constraint_weight,1.5,58,1,Static,0.98,143.25,128,0,1,5.774307366938379,32.21134627752257,1
constraint_weight,1.5,58,6,Static,0.98,143.25,128,0,1,352.1147957955079,36.971927859238285,1
constraint_weight,1.5,58,24,Static,0.98,143.25,128,0,1,429.7081087208502,32.10167882195344,1
constraint_weight,1.5,59,1,Static,0.98,480.0,128,0,1,1.8780309537135664,0.37808423192816154,1
constraint_weight,1.5,59,6,Static,0.98,480.0,128,0,1,264.8585781569492,24.866652076428664,1
constraint_weight,1.5,59,24,Static,0.98,480.0,128,0,1,445.1328149965368,23.83940865915879,1
constraint_weight,1.5,60,1,Static,0.98,451.5,128,1,2,0.5715013394747359,21.911424150906953,1
constraint_weight,1.5,60,6,Static,0.98,451.5,128,1,0,28.642635629613174,51.192300111581595,1
constraint_weight,1.5,60,24,Static,0.98,451.5,128,0,1,252.85969994412062,43.893946798179265,1
constraint_weight,1.5,61,1,Static,0.98,82.5,128,2,1,35.23956095695215,39.595857234638835,1
constraint_weight,1.5,61,6,Static,0.98,82.5,128,0,2,113.49631001355407,114.40495977676979,1
constraint_weight,1.5,61,24,Static,0.98,82.5,128,0,2,113.49631001355407,114.40495977676979,1
constraint_weight,1.5,62,1,Static,0.98,56.75,128,4,0,0.05809537524002617,0.19266614007620825,1
constraint_weight,1.5,62,6,Static,0.98,56.75,128,4,3,4.122618979229301,1.9672247700454568,1
constraint_weight,1.5,62,24,Static,0.98,56.75,128,4,3,14.887608966749454,10.26968954803436,1
constraint_weight,1.5,63,1,Static,0.98,451.5,128,4,3,19.694875334208973,11.05180825985631,1
constraint_weight,1.5,63,6,Static,0.98,451.5,128,0,1,14.962173903127713,5.143051374088502,1
constraint_weight,1.5,63,24,Static,0.98,451.5,128,0,1,14.962173903127713,5.143051374088502,1
constraint_weight,1.5,64,1,Static,0.98,180.5,128,2,0,26.302748028652683,19.729174367680848,1
constraint_weight,1.5,64,6,Static,0.98,180.5,128,2,1,18.891942705779964,20.134294249214857,1
constraint_weight,1.5,64,24,Static,0.98,180.5,128,1,0,21.818264681804408,39.402399211913405,1
constraint_weight,1.5,65,1,Static,0.98,480.0,128,4,3,0.031232395052007172,0.001343286474886317,1
constraint_weight,1.5,65,6,Static,0.98,480.0,128,4,3,39.05750390195519,17.51293595950995,1
constraint_weight,1.5,65,24,Static,0.98,480.0,128,4,3,61.631044544013406,33.14109725539717,1
constraint_weight,1.5,66,1,Static,0.98,492.25,128,0,1,0.39076965947607656,0.07207298294710536,1
constraint_weight,1.5,66,6,Static,0.98,492.25,128,2,1,67.99513393589918,42.59640979560093,1
constraint_weight,1.5,66,24,Static,0.98,492.25,128,0,1,28.681068031413886,31.668835697797338,1
constraint_weight,1.5,67,1,Static,0.98,180.5,128,0,1,0.013507908796533363,0.000753385349514454,1
constraint_weight,1.5,67,6,Static,0.98,180.5,128,3,4,0.23327891645013704,0.04403170386408514,1
constraint_weight,1.5,67,24,Static,0.98,180.5,128,3,4,0.27954352063232424,0.05627621544879409,1
constraint_weight,1.5,68,1,Static,0.98,29.5,128,2,3,0.45903515976293086,0.06350394250357153,1
constraint_weight,1.5,68,6,Static,0.98,29.5,128,4,2,0.4910407099570844,3.0437880989447534,1
constraint_weight,1.5,68,24,Static,0.98,29.5,128,4,2,0.6396576091172217,3.174638300782694,1
constraint_weight,1.5,69,1,Static,0.98,56.75,128,4,3,0.04618568735520573,0.0010487306579157149,1
constraint_weight,1.5,69,6,Static,0.98,56.75,128,4,3,0.16433875777102896,0.0047028601307689145,1
constraint_weight,1.5,69,24,Static,0.98,56.75,128,4,3,0.16433875777102896,0.0047028601307689145,1
constraint_weight,1.5,70,1,Static,0.98,492.25,128,4,0,8.141364464931605,8.942261941331461,1
constraint_weight,1.5,70,6,Static,0.98,492.25,128,3,2,3.3201452780253735,8.733228648133727,1
constraint_weight,1.5,70,24,Static,0.98,492.25,128,1,0,5.313604840165114,10.453841092688036,1
constraint_weight,1.5,71,1,Static,0.98,76.5,128,2,3,1.9592969956640398,0.21917407588238835,1
constraint_weight,1.5,71,6,Static,0.98,76.5,128,2,3,13.226454734399478,0.7390714509005119,1
constraint_weight,1.5,71,24,Static,0.98,76.5,128,2,3,18.700699917898472,0.9542521835791292,1
spend_limit_elasticity,0.5,14,1,Static,0.98,1968.0,128,4,3,0.28545517519457875,0.018064850995876354,1
spend_limit_elasticity,0.5,14,6,Static,0.98,1968.0,128,4,3,0.6135192015668596,0.6058852857273309,1
spend_limit_elasticity,0.5,24,1,Static,0.98,735.0,128,3,4,0.007590300131339073,0.21485806731936558,1
spend_limit_elasticity,0.5,24,6,Static,0.98,735.0,128,2,3,4.664137782388552,2.894970004401197,1
spend_limit_elasticity,0.5,5,1,Static,0.98,1013.0,128,4,3,0.8261931980993636,0.15312490551471744,1
spend_limit_elasticity,0.5,5,6,Static,0.98,1013.0,128,4,3,14.557047799164707,1.8496427744868513,1
spend_limit_elasticity,0.5,32,1,Static,0.98,2076.0,128,4,3,0.38557517685805065,0.5754122569485715,1
spend_limit_elasticity,0.5,32,6,Static,0.98,2076.0,128,4,3,41.23720478755118,34.97527230674706,1
spend_limit_elasticity,0.5,22,1,Static,0.98,1118.0,128,2,1,0.04618326904284607,0.08391278227035147,1
spend_limit_elasticity,0.5,22,6,Static,0.98,1118.0,128,2,1,39.81929025818924,20.835505212853626,1
spend_limit_elasticity,0.5,4,1,Static,0.98,1454.0,128,1,0,0.47485094989027576,0.8366301108426599,1
spend_limit_elasticity,0.5,4,6,Static,0.98,1454.0,128,2,1,93.61963918536868,50.66398237348329,1
spend_limit_elasticity,0.5,25,1,Static,0.98,2058.0,128,4,3,0.1326963411759403,0.009950128337161595,1
spend_limit_elasticity,0.5,25,6,Static,0.98,2058.0,128,4,3,48.99763299871718,25.203241401115754,1
spend_limit_elasticity,0.5,34,1,Static,0.98,954.0,128,4,3,0.015833585637212405,0.0009097668210526937,1
spend_limit_elasticity,0.5,34,6,Static,0.98,954.0,128,4,3,1.2668005380689307,0.07738599215547247,1
spend_limit_elasticity,0.5,13,1,Static,0.98,1310.0,128,4,3,0.0421093111441648,0.0006812226527867983,1
spend_limit_elasticity,0.5,13,6,Static,0.98,1310.0,128,4,3,1.3757053411400673,0.25408015025905495,1
spend_limit_elasticity,0.5,45,1,Static,0.98,1806.0,128,0,1,3.7191962236198153,0.6877573220220038,1
spend_limit_elasticity,0.5,45,6,Static,0.98,1806.0,128,0,1,113.7623240723014,13.229592455704656,1
spend_limit_elasticity,0.5,68,1,Static,0.98,118.0,128,2,3,0.4336281381622025,0.06386824771802109,1
spend_limit_elasticity,0.5,68,6,Static,0.98,118.0,128,2,4,0.46038430762217675,2.9441277328574365,1
spend_limit_elasticity,0.5,71,1,Static,0.98,306.0,128,2,3,1.9539298596282058,0.2193890713719626,1
spend_limit_elasticity,0.5,71,6,Static,0.98,306.0,128,2,3,13.105812307106607,0.7338615166682738,1
spend_limit_elasticity,0.5,39,1,Static,0.98,1969.0,128,2,1,1.0033331998817585,0.8701991916453887,1
spend_limit_elasticity,0.5,39,6,Static,0.98,1969.0,128,2,1,167.54345178593832,89.69916723878409,1
spend_limit_elasticity,0.5,42,1,Static,0.98,330.0,128,2,1,21.721256853849088,21.610867002472915,1
spend_limit_elasticity,0.5,42,6,Static,0.98,330.0,128,2,1,76.58997370542274,38.06855784020491,1
spend_limit_elasticity,0.5,67,1,Static,0.98,722.0,128,1,2,0.0007006088763988616,0.0004347864322810999,1
spend_limit_elasticity,0.5,67,6,Static,0.98,722.0,128,3,4,0.08723438057926115,0.036160067652816076,1
spend_limit_elasticity,0.5,65,1,Static,0.98,1920.0,128,4,3,0.043932514797241085,0.0012312749674407751,1
spend_limit_elasticity,0.5,65,6,Static,0.98,1920.0,128,4,3,40.10286135194813,17.575938578115185,1
spend_limit_elasticity,0.5,53,1,Static,0.98,227.0,128,3,4,0.0,0.0,2
spend_limit_elasticity,0.5,53,6,Static,0.98,227.0,128,3,4,0.0,0.0,2
spend_limit_elasticity,0.5,48,1,Static,0.98,573.0,128,4,3,0.16564724816624987,0.01627096842375958,1
spend_limit_elasticity,0.5,48,6,Static,0.98,573.0,128,4,3,40.075501181331504,16.444928820865535,1
spend_limit_elasticity,0.75,14,1,Static,0.98,1968.0,128,4,3,0.30016917980903146,0.01788923374122745,1
spend_limit_elasticity,0.75,14,6,Static,0.98,1968.0,128,4,3,0.7668578819573625,0.6056070031584985,1
spend_limit_elasticity,0.75,24,1,Static,0.98,735.0,128,3,4,0.007590300131339073,0.21485806731936558,1
spend_limit_elasticity,0.75,24,6,Static,0.98,735.0,128,2,3,4.664137782388552,2.894970004401197,1
spend_limit_elasticity,0.75,5,1,Static,0.98,1013.0,128,4,3,0.8261931980993636,0.15312490551471744,1
spend_limit_elasticity,0.75,5,6,Static,0.98,1013.0,128,4,3,14.557047799164707,1.8496427744868513,1
spend_limit_elasticity,0.75,32,1,Static,0.98,2076.0,128,2,4,0.1477816346362495,0.9279408544617216,1
spend_limit_elasticity,0.75,32,6,Static,0.98,2076.0,128,4,3,39.48598207812118,35.000932218307305,1
spend_limit_elasticity,0.75,22,1,Static,0.98,1118.0,128,0,1,0.07499887029645302,0.1368007131500197,1
spend_limit_elasticity,0.75,22,6,Static,0.98,1118.0,128,2,1,37.67795303136742,20.80473865292763,1
spend_limit_elasticity,0.75,4,1,Static,0.98,1454.0,128,0,1,0.1501590478788586,0.8527541612119139,1
spend_limit_elasticity,0.75,4,6,Static,0.98,1454.0,128,2,1,86.5218233326437,50.66648696450737,1
spend_limit_elasticity,0.75,25,1,Static,0.98,2058.0,128,3,4,0.011557721774676288,0.012305235003043606,1
spend_limit_elasticity,0.75,25,6,Static,0.98,2058.0,128,4,3,48.13248360307816,25.209694994801147,1
spend_limit_elasticity,0.75,34,1,Static,0.98,954.0,128,4,3,0.009282657299916328,0.001015563398250113,1
spend_limit_elasticity,0.75,34,6,Static,0.98,954.0,128,4,3,1.1965033675437704,0.07883377809165178,1
spend_limit_elasticity,0.75,13,1,Static,0.98,1310.0,128,4,3,0.05805659731758453,0.0009910481699312867,1
spend_limit_elasticity,0.75,13,6,Static,0.98,1310.0,128,4,3,1.4320165064189796,0.244238167320864,1
spend_limit_elasticity,0.75,45,1,Static,0.98,1806.0,128,0,1,3.7191962236198153,0.6877573220220038,1
spend_limit_elasticity,0.75,45,6,Static,0.98,1806.0,128,0,1,113.7623240723014,13.229592455704656,1
spend_limit_elasticity,0.75,68,1,Static,0.98,118.0,128,2,3,0.4463169724288541,0.06363835147977423,1
spend_limit_elasticity,0.75,68,6,Static,0.98,118.0,128,2,4,0.6280052422478346,2.9410448422402453,1
spend_limit_elasticity,0.75,71,1,Static,0.98,306.0,128,2,3,1.956609716041282,0.2192808280652485,1
spend_limit_elasticity,0.75,71,6,Static,0.98,306.0,128,2,3,13.116153332265897,0.7330670413811656,1
spend_limit_elasticity,0.75,39,1,Static,0.98,1969.0,128,2,1,0.6368135784547688,0.871779717398347,1
spend_limit_elasticity,0.75,39,6,Static,0.98,1969.0,128,2,1,173.7430683802333,88.85194031810713,1
spend_limit_elasticity,0.75,42,1,Static,0.98,330.0,128,2,1,21.52996484927924,21.604935206456545,1
spend_limit_elasticity,0.75,42,6,Static,0.98,330.0,128,2,1,75.65910823313776,38.05682290181276,1
spend_limit_elasticity,0.75,67,1,Static,0.98,722.0,128,0,1,0.006328082086143189,0.0006271938425403267,1
spend_limit_elasticity,0.75,67,6,Static,0.98,722.0,128,3,4,0.14405252000105098,0.037969135178729733,1
spend_limit_elasticity,0.75,65,1,Static,0.98,1920.0,128,4,3,0.03760900256166977,0.001279627621076123,1
spend_limit_elasticity,0.75,65,6,Static,0.98,1920.0,128,4,3,39.49574241212336,17.589992666427708,1
spend_limit_elasticity,0.75,53,1,Static,0.98,227.0,128,3,4,0.0,0.0,2
spend_limit_elasticity,0.75,53,6,Static,0.98,227.0,128,3,4,0.0,0.0,2
spend_limit_elasticity,0.75,48,1,Static,0.98,573.0,128,4,3,0.06497350909531308,0.013081979161392138,1
spend_limit_elasticity,0.75,48,6,Static,0.98,573.0,128,4,3,39.467684669200004,16.455045422668256,1
spend_limit_elasticity,1.0,14,1,Static,0.98,1968.0,128,4,3,0.31499948592532634,0.017723310448076762,1
spend_limit_elasticity,1.0,14,6,Static,0.98,1968.0,128,4,3,0.9211508179023571,0.6054196657835533,1
spend_limit_elasticity,1.0,24,1,Static,0.98,735.0,128,3,4,0.007590300131339073,0.21485806731936558,1
spend_limit_elasticity,1.0,24,6,Static,0.98,735.0,128,2,3,4.664137782388552,2.894970004401197,1
spend_limit_elasticity,1.0,5,1,Static,0.98,1013.0,128,4,3,0.8261931980993636,0.15312490551471744,1
spend_limit_elasticity,1.0,5,6,Static,0.98,1013.0,128,4,3,14.557047799164707,1.8496427744868513,1
spend_limit_elasticity,1.0,32,1,Static,0.98,2076.0,128,2,3,0.8841706638888862,0.7339657883738558,1
spend_limit_elasticity,1.0,32,6,Static,0.98,2076.0,128,4,3,37.72291010840992,35.026806950928744,1
spend_limit_elasticity,1.0,22,1,Static,0.98,1118.0,128,0,1,0.2534166078751594,0.17962239504903266,1
spend_limit_elasticity,1.0,22,6,Static,0.98,1118.0,128,2,1,35.56256835707313,20.77603399630986,1
spend_limit_elasticity,1.0,4,1,Static,0.98,1454.0,128,0,1,0.7644130944041239,0.8749201333278607,1
spend_limit_elasticity,1.0,4,6,Static,0.98,1454.0,128,2,1,73.27451568836419,50.38294341337377,1
spend_limit_elasticity,1.0,25,1,Static,0.98,2058.0,128,1,0,0.007702879711814825,0.021941361148171093,1
spend_limit_elasticity,1.0,25,6,Static,0.98,2058.0,128,4,3,47.25546225975209,25.2161863592538,1
spend_limit_elasticity,1.0,34,1,Static,0.98,954.0,128,4,3,0.002678024315509564,0.0011359317980790967,1
spend_limit_elasticity,1.0,34,6,Static,0.98,954.0,128,4,3,1.1252984689871073,0.08272845952480673,1
spend_limit_elasticity,1.0,13,1,Static,0.98,1310.0,128,4,3,0.07412950509982352,0.0013083560996683388,1
spend_limit_elasticity,1.0,13,6,Static,0.98,1310.0,128,4,3,1.4886560555062907,0.23454344195952348,1
spend_limit_elasticity,1.0,45,1,Static,0.98,1806.0,128,0,1,3.7191962236198153,0.6877573220220038,1
spend_limit_elasticity,1.0,45,6,Static,0.98,1806.0,128,0,1,113.7623240723014,13.229592455704656,1
spend_limit_elasticity,1.0,68,1,Static,0.98,118.0,128,2,3,0.45903515976293086,0.06350394250357153,1
spend_limit_elasticity,1.0,68,6,Static,0.98,118.0,128,2,4,0.7962898464930116,2.9379669928942196,1
spend_limit_elasticity,1.0,71,1,Static,0.98,306.0,128,2,3,1.9592969956640398,0.21917407588238835,1
spend_limit_elasticity,1.0,71,6,Static,0.98,306.0,128,2,3,13.126411045190569,0.7322800241126756,1
spend_limit_elasticity,1.0,39,1,Static,0.98,1969.0,128,2,1,0.27137982793673765,0.8741564324100057,1
spend_limit_elasticity,1.0,39,6,Static,0.98,1969.0,128,2,1,168.7423064062457,88.83601933625253,1
spend_limit_elasticity,1.0,42,1,Static,0.98,330.0,128,2,1,21.33920595771155,21.599026943146757,1
spend_limit_elasticity,1.0,42,6,Static,0.98,330.0,128,2,1,74.73099767829589,38.04513769300057,1
spend_limit_elasticity,1.0,67,1,Static,0.98,722.0,128,0,1,0.013507908796533366,0.0007533853495144535,1
spend_limit_elasticity,1.0,67,6,Static,0.98,722.0,128,3,4,0.2013731099664208,0.040116540672789275,1
spend_limit_elasticity,1.0,65,1,Static,0.98,1920.0,128,4,3,0.031232395052007172,0.001343286474886317,1
spend_limit_elasticity,1.0,65,6,Static,0.98,1920.0,128,4,3,38.881714557017176,17.60423626882726,1
spend_limit_elasticity,1.0,53,1,Static,0.98,227.0,128,3,4,0.0,0.0,2
spend_limit_elasticity,1.0,53,6,Static,0.98,227.0,128,3,4,0.0,0.0,2
spend_limit_elasticity,1.0,48,1,Static,0.98,573.0,128,3,2,0.0010383173764981768,0.015392868710851907,1
spend_limit_elasticity,1.0,48,6,Static,0.98,573.0,128,4,3,38.85479380559114,16.465197604963397,1
spend_limit_elasticity,1.25,14,1,Static,0.98,1968.0,128,4,3,0.32994681245558183,0.017567596093879482,1
spend_limit_elasticity,1.25,14,6,Static,0.98,1968.0,128,4,3,1.0258256080093968,0.6002065653652823,1
spend_limit_elasticity,1.25,24,1,Static,0.98,735.0,128,3,4,0.007590300131339073,0.21485806731936558,1
spend_limit_elasticity,1.25,24,6,Static,0.98,735.0,128,2,3,4.664137782388552,2.894970004401197,1
spend_limit_elasticity,1.25,5,1,Static,0.98,1013.0,128,4,3,0.8261931980993636,0.15312490551471744,1
spend_limit_elasticity,1.25,5,6,Static,0.98,1013.0,128,4,3,14.557047799164707,1.8496427744868513,1
spend_limit_elasticity,1.25,32,1,Static,0.98,2076.0,128,2,3,1.4354467739344945,0.7499978408803595,1
spend_limit_elasticity,1.25,32,6,Static,0.98,2076.0,128,4,3,91.90234450810092,65.7763605949249,1
spend_limit_elasticity,1.25,22,1,Static,0.98,1118.0,128,0,1,0.42917178530192546,0.22183627046925067,1
spend_limit_elasticity,1.25,22,6,Static,0.98,1118.0,128,2,1,33.483398089872296,20.749278928971016,1
spend_limit_elasticity,1.25,4,1,Static,0.98,1454.0,128,0,1,1.368055126401261,0.9023577288164636,1
spend_limit_elasticity,1.25,4,6,Static,0.98,1454.0,128,2,1,66.27334535808146,50.38712886499694,1
spend_limit_elasticity,1.25,25,1,Static,0.98,2058.0,128,0,1,0.17462663821570823,0.025297647503955637,1
spend_limit_elasticity,1.25,25,6,Static,0.98,2058.0,128,4,3,46.36717722139426,25.22271377360038,1
spend_limit_elasticity,1.25,34,1,Static,0.98,954.0,128,2,3,0.00091394035825745,0.0014426181527644178,1
spend_limit_elasticity,1.25,34,6,Static,0.98,954.0,128,4,3,1.0531045544370106,0.08876873392133423,1
spend_limit_elasticity,1.25,13,1,Static,0.98,1310.0,128,4,3,0.09032880296439502,0.001630292752664399,1
spend_limit_elasticity,1.25,13,6,Static,0.98,1310.0,128,4,3,1.5456218789233271,0.22503435566456945,1
spend_limit_elasticity,1.25,45,1,Static,0.98,1806.0,128,0,1,3.7191962236198153,0.6877573220220038,1
spend_limit_elasticity,1.25,45,6,Static,0.98,1806.0,128,0,1,113.7623240723014,13.229592455704656,1
spend_limit_elasticity,1.25,68,1,Static,0.98,118.0,128,2,3,0.47178276806685515,0.06346629880670819,1
spend_limit_elasticity,1.25,68,6,Static,0.98,118.0,128,2,4,0.9649121129550371,2.9349144654022217,1
spend_limit_elasticity,1.25,71,1,Static,0.98,306.0,128,2,3,1.9619917190587908,0.21906883152212972,1
spend_limit_elasticity,1.25,71,6,Static,0.98,306.0,128,2,3,13.13670241465266,0.7314979189959813,1
spend_limit_elasticity,1.25,39,1,Static,0.98,1969.0,128,1,2,0.09297126873237604,0.8773157723408244,1
spend_limit_elasticity,1.25,39,6,Static,0.98,1969.0,128,2,1,163.8288616523081,88.81962937137037,1
spend_limit_elasticity,1.25,42,1,Static,0.98,330.0,128,2,0,21.137560747056778,21.578566193364818,1
spend_limit_elasticity,1.25,42,6,Static,0.98,330.0,128,2,1,73.80563350733621,38.033501987669034,1
spend_limit_elasticity,1.25,67,1,Static,0.98,722.0,128,0,1,0.020630382386471455,0.0008890944322829281,1
spend_limit_elasticity,1.25,67,6,Static,0.98,722.0,128,3,4,0.2591294795389696,0.04256629520306264,1
spend_limit_elasticity,1.25,65,1,Static,0.98,1920.0,128,4,3,0.0248023459985095,0.0014205925618273679,1
spend_limit_elasticity,1.25,65,6,Static,0.98,1920.0,128,4,3,30.460524618755976,15.872036087562195,1
spend_limit_elasticity,1.25,53,1,Static,0.98,227.0,128,3,4,0.0,0.0,2
spend_limit_elasticity,1.25,53,6,Static,0.98,227.0,128,3,4,0.0,0.0,2
spend_limit_elasticity,1.25,48,1,Static,0.98,573.0,128,1,2,0.06308353107714348,0.0197047163246,1
spend_limit_elasticity,1.25,48,6,Static,0.98,573.0,128,4,3,38.23641651064729,16.475393124209297,1
spend_limit_elasticity,1.5,14,1,Static,0.98,1968.0,128,4,3,0.3450118823892257,0.017422610328151063,1
spend_limit_elasticity,1.5,14,6,Static,0.98,1968.0,128,4,3,1.181897190739455,0.6001438084924922,1
spend_limit_elasticity,1.5,24,1,Static,0.98,735.0,128,3,4,0.007590300131339073,0.21485806731936558,1
spend_limit_elasticity,1.5,24,6,Static,0.98,735.0,128,2,3,4.664137782388552,2.894970004401197,1
spend_limit_elasticity,1.5,5,1,Static,0.98,1013.0,128,4,3,0.8261931980993636,0.15312490551471744,1
spend_limit_elasticity,1.5,5,6,Static,0.98,1013.0,128,4,3,14.557047799164707,1.8496427744868513,1
spend_limit_elasticity,1.5,32,1,Static,0.98,2076.0,128,2,3,1.9882847620975883,0.7697542203889169,1
spend_limit_elasticity,1.5,32,6,Static,0.98,2076.0,128,4,3,90.45977056033465,65.8163889730188,1
spend_limit_elasticity,1.5,22,1,Static,0.98,1118.0,128,0,1,0.6022952499160102,0.2634337804829365,1
spend_limit_elasticity,1.5,22,6,Static,0.98,1118.0,128,2,1,31.422527529782176,20.725328546146343,1
spend_limit_elasticity,1.5,4,1,Static,0.98,1454.0,128,0,1,1.961227306588857,0.9342996281348941,1
spend_limit_elasticity,1.5,4,6,Static,0.98,1454.0,128,2,1,59.313250946299405,50.392052150821456,1
spend_limit_elasticity,1.5,25,1,Static,0.98,2058.0,128,0,1,0.35505890090667547,0.028856702303320058,1
spend_limit_elasticity,1.5,25,6,Static,0.98,2058.0,128,4,3,45.46789238693476,25.229269611450604,1
spend_limit_elasticity,1.5,34,1,Static,0.98,954.0,128,1,2,0.004117974193311627,0.0018219493564498662,1
spend_limit_elasticity,1.5,34,6,Static,0.98,954.0,128,4,3,0.9797085187298433,0.09662401194478684,1
spend_limit_elasticity,1.5,13,1,Static,0.98,1310.0,128,4,3,0.10665526369059314,0.0019558538499375197,1
spend_limit_elasticity,1.5,13,6,Static,0.98,1310.0,128,4,3,1.6028996032499043,0.21575546376032576,1
spend_limit_elasticity,1.5,45,1,Static,0.98,1806.0,128,0,1,3.7191962236198153,0.6877573220220038,1
spend_limit_elasticity,1.5,45,6,Static,0.98,1806.0,128,0,1,113.7623240723014,13.229592455704656,1
spend_limit_elasticity,1.5,68,1,Static,0.98,118.0,128,2,3,0.4845598654001235,0.06352626674409537,1
spend_limit_elasticity,1.5,68,6,Static,0.98,118.0,128,2,4,1.133910349702414,2.9318626614459204,1
spend_limit_elasticity,1.5,71,1,Static,0.98,306.0,128,2,3,1.9645550664703462,0.2189655075746999,1
spend_limit_elasticity,1.5,71,6,Static,0.98,306.0,128,2,3,13.1466331320673,0.730715204766534,1
spend_limit_elasticity,1.5,39,1,Static,0.98,1969.0,128,1,2,0.456242919081572,0.8812423067567725,1
spend_limit_elasticity,1.5,39,6,Static,0.98,1969.0,128,2,1,158.89930809214323,88.804131867284,1
spend_limit_elasticity,1.5,42,1,Static,0.98,330.0,128,2,0,20.742634905130977,21.566469131681703,1
spend_limit_elasticity,1.5,42,6,Static,0.98,330.0,128,2,1,72.88300721490324,38.02191556076101,1
spend_limit_elasticity,1.5,67,1,Static,0.98,722.0,128,0,1,0.027695859775366205,0.001029990532082788,1
spend_limit_elasticity,1.5,67,6,Static,0.98,722.0,128,3,0,0.19412158681077507,1.01205101162106,1
spend_limit_elasticity,1.5,65,1,Static,0.98,1920.0,128,4,3,0.018318507062947242,0.0015098311849546938,1
spend_limit_elasticity,1.5,65,6,Static,0.98,1920.0,128,4,3,31.17106688743409,15.927677351145894,1
spend_limit_elasticity,1.5,53,1,Static,0.98,227.0,128,3,4,0.0,0.0,2
spend_limit_elasticity,1.5,53,6,Static,0.98,227.0,128,3,4,0.0,0.0,2
spend_limit_elasticity,1.5,48,1,Static,0.98,573.0,128,1,2,0.18066033046688923,0.023730340956238705,1
spend_limit_elasticity,1.5,48,6,Static,0.98,573.0,128,4,3,37.61194479385161,16.485636587753504,1
payment_utilization,0.5,14,1,Static,0.98,1968.0,128,4,3,0.19044602204704097,0.019418203523662258,1
payment_utilization,0.5,14,6,Static,0.98,1968.0,128,4,3,0.6238106294834471,0.4582635911173879,1
payment_utilization,0.5,24,1,Static,0.98,735.0,128,3,4,0.0205004187640401,0.21484532174366938,1
payment_utilization,0.5,24,6,Static,0.98,735.0,128,2,3,3.0264464097398482,3.1589385010321114,1
payment_utilization,0.5,5,1,Static,0.98,1013.0,128,4,3,0.64874634735969,0.20010781762336763,1
payment_utilization,0.5,5,6,Static,0.98,1013.0,128,4,3,10.953321669876367,1.8410457653173915,1
payment_utilization,0.5,32,1,Static,0.98,2076.0,128,2,3,1.1284822743240146,0.7647197751244564,1
payment_utilization,0.5,32,6,Static,0.98,2076.0,128,4,3,35.72961343526762,35.5765475913595,1
payment_utilization,0.5,22,1,Static,0.98,1118.0,128,0,1,0.4978161758464884,0.1774969047041408,1
payment_utilization,0.5,22,6,Static,0.98,1118.0,128,2,1,20.83698023537289,13.114924414817189,1
payment_utilization,0.5,4,1,Static,0.98,1454.0,128,0,1,1.4058004953386862,0.8779190989119748,1
payment_utilization,0.5,4,6,Static,0.98,1454.0,128,1,0,14.046886245046636,57.60047193092186,1
payment_utilization,0.5,25,1,Static,0.98,2058.0,128,0,1,0.36265509210351365,0.0184380160589878,1
payment_utilization,0.5,25,6,Static,0.98,2058.0,128,4,3,13.472373900708675,0.5813576089730448,1
payment_utilization,0.5,34,1,Static,0.98,954.0,128,1,2,0.009700265378786061,0.0010724288507814614,1
payment_utilization,0.5,34,6,Static,0.98,954.0,128,4,3,0.6567011651749546,0.07651574915475172,1
payment_utilization,0.5,13,1,Static,0.98,1310.0,128,4,3,0.06867056396686805,0.0012877172733962963,1
payment_utilization,0.5,13,6,Static,0.98,1310.0,128,4,3,1.0442789933627483,0.14711585726050638,1
payment_utilization,0.5,45,1,Static,0.98,1806.0,128,0,1,7.125185061346357,1.126853337132277,1
payment_utilization,0.5,45,6,Static,0.98,1806.0,128,0,1,127.13508542991548,14.545805267782763,1
payment_utilization,0.5,68,1,Static,0.98,118.0,128,2,3,0.39143819039858846,0.05697715154118548,1
payment_utilization,0.5,68,6,Static,0.98,118.0,128,4,2,0.6431066634983359,3.7053820291673465,1
payment_utilization,0.5,71,1,Static,0.98,306.0,128,2,3,1.9076446278313093,0.22129219733857242,1
payment_utilization,0.5,71,6,Static,0.98,306.0,128,2,3,10.713273213941598,0.7881153870228911,1
payment_utilization,0.5,39,1,Static,0.98,1969.0,128,2,1,0.07992552954154686,0.9095136401255277,1
payment_utilization,0.5,39,6,Static,0.98,1969.0,128,2,1,149.63664149606376,81.81368542309478,1
payment_utilization,0.5,42,1,Static,0.98,330.0,128,2,0,21.00457838740808,21.509665833810185,1
payment_utilization,0.5,42,6,Static,0.98,330.0,128,2,1,15.140516066597984,13.582945932333995,1
payment_utilization,0.5,67,1,Static,0.98,722.0,128,0,1,0.021207429949482867,0.0006686369319731745,1
payment_utilization,0.5,67,6,Static,0.98,722.0,128,0,1,0.8315878506975507,0.03341229528414344,1
payment_utilization,0.5,65,1,Static,0.98,1920.0,128,4,3,0.003403665044035359,0.0008473721665886503,1
payment_utilization,0.5,65,6,Static,0.98,1920.0,128,4,3,16.043985811617965,9.342345793431374,1
payment_utilization,0.5,53,1,Static,0.98,227.0,128,3,4,0.0,0.0,2
payment_utilization,0.5,53,6,Static,0.98,227.0,128,3,4,0.0,0.0,2
payment_utilization,0.5,48,1,Static,0.98,573.0,128,1,2,0.20442188863092114,0.019017773841119006,1
payment_utilization,0.5,48,6,Static,0.98,573.0,128,4,3,8.428994903950185,0.6994492049586851,1
payment_utilization,0.75,14,1,Static,0.98,1968.0,128,4,3,0.25037500974085236,0.018654926388949757,1
payment_utilization,0.75,14,6,Static,0.98,1968.0,128,4,3,0.6824446275038758,0.5175689623818923,1
payment_utilization,0.75,24,1,Static,0.98,735.0,128,3,4,0.013660490638451261,0.2148506062155186,1
payment_utilization,0.75,24,6,Static,0.98,735.0,128,2,3,3.8377463983976163,3.033580167884361,1
payment_utilization,0.75,5,1,Static,0.98,1013.0,128,4,3,0.7674745081062377,0.17463927440782787,1
payment_utilization,0.75,5,6,Static,0.98,1013.0,128,4,3,12.346982731669275,2.005546892369527,1
payment_utilization,0.75,32,1,Static,0.98,2076.0,128,2,3,0.9999654045923378,0.7487299845194113,1
payment_utilization,0.75,32,6,Static,0.98,2076.0,128,4,3,36.74935560111171,35.2759848555017,1
payment_utilization,0.75,22,1,Static,0.98,1118.0,128,0,1,0.37515414700250893,0.17855064716626315,1
payment_utilization,0.75,22,6,Static,0.98,1118.0,128,2,1,7.810028139340057,1.778075929904124,1
payment_utilization,0.75,4,1,Static,0.98,1454.0,128,0,1,1.1617731004440466,0.8760349787680282,1
payment_utilization,0.75,4,6,Static,0.98,1454.0,128,2,1,17.80119661266012,35.751650064707846,1
payment_utilization,0.75,25,1,Static,0.98,2058.0,128,0,1,0.17487436169172876,0.019916028289687936,1
payment_utilization,0.75,25,6,Static,0.98,2058.0,128,4,3,17.533929191691424,0.7276396702652582,1
payment_utilization,0.75,34,1,Static,0.98,954.0,128,2,1,0.0007958818575221627,0.0012914216876611347,1
payment_utilization,0.75,34,6,Static,0.98,954.0,128,4,3,0.8656286317539335,0.0750572654512122,1
payment_utilization,0.75,13,1,Static,0.98,1310.0,128,4,3,0.07136099702777399,0.0012970076964791753,1
payment_utilization,0.75,13,6,Static,0.98,1310.0,128,4,3,1.2456198511407675,0.18746126556250572,1
payment_utilization,0.75,45,1,Static,0.98,1806.0,128,0,1,5.284406865248893,0.8893205328825035,1
payment_utilization,0.75,45,6,Static,0.98,1806.0,128,0,1,123.56965539519494,14.808398889741268,1
payment_utilization,0.75,68,1,Static,0.98,118.0,128,2,3,0.4107798149689715,0.05975940003923421,1
payment_utilization,0.75,68,6,Static,0.98,118.0,128,2,4,0.38965061730211353,1.9532033259607982,1
payment_utilization,0.75,71,1,Static,0.98,306.0,128,2,3,1.9377377220112053,0.22016033125207532,1
payment_utilization,0.75,71,6,Static,0.98,306.0,128,2,3,11.886327229885987,0.7630979282133792,1
payment_utilization,0.75,39,1,Static,0.98,1969.0,128,2,1,0.1786430038426523,0.8915935862725667,1
payment_utilization,0.75,39,6,Static,0.98,1969.0,128,2,1,152.4179869385336,80.86104212627005,1
payment_utilization,0.75,42,1,Static,0.98,330.0,128,2,1,21.196680921938764,21.56283093572812,1
payment_utilization,0.75,42,6,Static,0.98,330.0,128,2,1,41.18720927491533,29.74940049364843,1
payment_utilization,0.75,67,1,Static,0.98,722.0,128,0,1,0.01733677940931158,0.0007044698894747143,1
payment_utilization,0.75,67,6,Static,0.98,722.0,128,0,3,0.37310666330211484,1.004711569721575,1
payment_utilization,0.75,65,1,Static,0.98,1920.0,128,4,3,0.01743028013402914,0.0010819680846312798,1
payment_utilization,0.75,65,6,Static,0.98,1920.0,128,4,3,25.462989505141884,11.956908360024821,1
payment_utilization,0.75,53,1,Static,0.98,227.0,128,3,4,0.0,0.0,2
payment_utilization,0.75,53,6,Static,0.98,227.0,128,3,4,0.0,0.0,2
payment_utilization,0.75,48,1,Static,0.98,573.0,128,1,2,0.07280767688086831,0.015824197461896804,1
payment_utilization,0.75,48,6,Static,0.98,573.0,128,4,3,34.35335393272102,16.557958987170473,1
payment_utilization,1.0,14,1,Static,0.98,1968.0,128,4,3,0.31499948592532634,0.017723310448076762,1
payment_utilization,1.0,14,6,Static,0.98,1968.0,128,4,3,0.9211508179023571,0.6054196657835533,1
payment_utilization,1.0,24,1,Static,0.98,735.0,128,3,4,0.007590300131339073,0.21485806731936558,1
payment_utilization,1.0,24,6,Static,0.98,735.0,128,2,3,4.664137782388552,2.894970004401197,1
payment_utilization,1.0,5,1,Static,0.98,1013.0,128,4,3,0.8261931980993636,0.15312490551471744,1
payment_utilization,1.0,5,6,Static,0.98,1013.0,128,4,3,14.557047799164707,1.8496427744868513,1
payment_utilization,1.0,32,1,Static,0.98,2076.0,128,2,3,0.8841706638888862,0.7339657883738558,1
payment_utilization,1.0,32,6,Static,0.98,2076.0,128,4,3,37.72291010840992,35.026806950928744,1
payment_utilization,1.0,22,1,Static,0.98,1118.0,128,0,1,0.2534166078751594,0.17962239504903266,1
payment_utilization,1.0,22,6,Static,0.98,1118.0,128,2,1,35.56256835707313,20.77603399630986,1
payment_utilization,1.0,4,1,Static,0.98,1454.0,128,0,1,0.7644130944041239,0.8749201333278607,1
payment_utilization,1.0,4,6,Static,0.98,1454.0,128,2,1,73.27451568836419,50.38294341337377,1
payment_utilization,1.0,25,1,Static,0.98,2058.0,128,1,0,0.007702879711814825,0.021941361148171093,1
payment_utilization,1.0,25,6,Static,0.98,2058.0,128,4,3,47.25546225975209,25.2161863592538,1
payment_utilization,1.0,34,1,Static,0.98,954.0,128,4,3,0.002678024315509564,0.0011359317980790967,1
payment_utilization,1.0,34,6,Static,0.98,954.0,128,4,3,1.1252984689871073,0.08272845952480673,1
payment_utilization,1.0,13,1,Static,0.98,1310.0,128,4,3,0.07412950509982352,0.0013083560996683388,1
payment_utilization,1.0,13,6,Static,0.98,1310.0,128,4,3,1.4886560555062907,0.23454344195952348,1
payment_utilization,1.0,45,1,Static,0.98,1806.0,128,0,1,3.7191962236198153,0.6877573220220038,1
payment_utilization,1.0,45,6,Static,0.98,1806.0,128,0,1,113.7623240723014,13.229592455704656,1
payment_utilization,1.0,68,1,Static,0.98,118.0,128,2,3,0.45903515976293086,0.06350394250357153,1
payment_utilization,1.0,68,6,Static,0.98,118.0,128,2,4,0.7962898464930116,2.9379669928942196,1
payment_utilization,1.0,71,1,Static,0.98,306.0,128,2,3,1.9592969956640398,0.21917407588238835,1
payment_utilization,1.0,71,6,Static,0.98,306.0,128,2,3,13.126411045190569,0.7322800241126756,1
payment_utilization,1.0,39,1,Static,0.98,1969.0,128,2,1,0.27137982793673765,0.8741564324100057,1
payment_utilization,1.0,39,6,Static,0.98,1969.0,128,2,1,168.7423064062457,88.83601933625253,1
payment_utilization,1.0,42,1,Static,0.98,330.0,128,2,1,21.33920595771155,21.599026943146757,1
payment_utilization,1.0,42,6,Static,0.98,330.0,128,2,1,74.73099767829589,38.04513769300057,1
payment_utilization,1.0,67,1,Static,0.98,722.0,128,0,1,0.013507908796533366,0.0007533853495144535,1
payment_utilization,1.0,67,6,Static,0.98,722.0,128,3,4,0.2013731099664208,0.040116540672789275,1
payment_utilization,1.0,65,1,Static,0.98,1920.0,128,4,3,0.031232395052007172,0.001343286474886317,1
payment_utilization,1.0,65,6,Static,0.98,1920.0,128,4,3,38.881714557017176,17.60423626882726,1
payment_utilization,1.0,53,1,Static,0.98,227.0,128,3,4,0.0,0.0,2
payment_utilization,1.0,53,6,Static,0.98,227.0,128,3,4,0.0,0.0,2
payment_utilization,1.0,48,1,Static,0.98,573.0,128,3,2,0.0010383173764981768,0.015392868710851907,1
payment_utilization,1.0,48,6,Static,0.98,573.0,128,4,3,38.85479380559114,16.465197604963397,1
payment_utilization,1.25,14,1,Static,0.98,1968.0,128,4,3,0.38017398912811934,0.017305347025940675,1
payment_utilization,1.25,14,6,Static,0.98,1968.0,128,4,3,1.4268956047865826,0.705385162120509,1
payment_utilization,1.25,24,1,Static,0.98,735.0,128,3,4,0.00238628144823691,0.21486697638414826,1
payment_utilization,1.25,24,6,Static,0.98,735.0,128,2,3,5.515471683366238,2.756087606825705,1
payment_utilization,1.25,5,1,Static,0.98,1013.0,128,4,3,0.8460155955819433,0.13496641605900864,1
payment_utilization,1.25,5,6,Static,0.98,1013.0,128,4,3,19.568498305592186,3.0454743331983325,1
payment_utilization,1.25,32,1,Static,0.98,2076.0,128,2,4,0.7590484818774534,0.9307072312500734,1
payment_utilization,1.25,32,6,Static,0.98,2076.0,128,4,3,86.27958898772835,58.85186554136856,1
payment_utilization,1.25,22,1,Static,0.98,1118.0,128,0,1,0.13705969768514048,0.18070440044540145,1
payment_utilization,1.25,22,6,Static,0.98,1118.0,128,2,1,45.55984756828155,20.76468208315412,1
payment_utilization,1.25,4,1,Static,0.98,1454.0,128,0,1,0.3495789598089365,0.8743154640545062,1
payment_utilization,1.25,4,6,Static,0.98,1454.0,128,2,1,54.104474309824596,42.63742281831453,1
payment_utilization,1.25,25,1,Static,0.98,2058.0,128,2,3,0.0036829486555990387,0.018124053921724906,1
payment_utilization,1.25,25,6,Static,0.98,2058.0,128,4,3,27.91294768154673,1.3674192890759418,1
payment_utilization,1.25,34,1,Static,0.98,954.0,128,4,3,0.009743593282461327,0.001300106167607449,1
payment_utilization,1.25,34,6,Static,0.98,954.0,128,4,3,1.4020737122615685,0.09145781936327733,1
payment_utilization,1.25,13,1,Static,0.98,1310.0,128,4,3,0.07697125332035837,0.001321658017224407,1
payment_utilization,1.25,13,6,Static,0.98,1310.0,128,4,3,1.7298268931047978,0.2807934621435016,1
payment_utilization,1.25,45,1,Static,0.98,1806.0,128,0,1,2.409593734996215,0.5203395715361174,1
payment_utilization,1.25,45,6,Static,0.98,1806.0,128,0,1,111.8925342077971,13.848946510354832,1
payment_utilization,1.25,68,1,Static,0.98,118.0,128,2,3,0.5227818653468852,0.07685712133274172,1
payment_utilization,1.25,68,6,Static,0.98,118.0,128,2,4,4.4150792721709,3.0136314205569024,1
payment_utilization,1.25,71,1,Static,0.98,306.0,128,2,3,1.9822676053513884,0.21814682283473713,1
payment_utilization,1.25,71,6,Static,0.98,306.0,128,2,3,14.29456997694081,0.7126266040244106,1
payment_utilization,1.25,39,1,Static,0.98,1969.0,128,2,1,0.35810539928242635,0.857202519695603,1
payment_utilization,1.25,39,6,Static,0.98,1969.0,128,2,1,233.4496927642341,90.03725040467108,1
payment_utilization,1.25,42,1,Static,0.98,330.0,128,2,1,21.471008030575927,21.633503405509686,1
payment_utilization,1.25,42,6,Static,0.98,330.0,128,2,1,103.02689987554155,46.49402031920833,1
payment_utilization,1.25,67,1,Static,0.98,722.0,128,0,1,0.009722514247914732,0.0008129628469983466,1
payment_utilization,1.25,67,6,Static,0.98,722.0,128,4,3,0.014522395792001638,0.03937732441605956,1
payment_utilization,1.25,65,1,Static,0.98,1920.0,128,4,3,0.0453936159675076,0.0015321617049223674,1
payment_utilization,1.25,65,6,Static,0.98,1920.0,128,4,3,29.115906053026173,11.958411134750373,1
payment_utilization,1.25,53,1,Static,0.98,227.0,128,3,4,0.0,0.0,2
payment_utilization,1.25,53,6,Static,0.98,227.0,128,3,4,0.0,0.0,2
payment_utilization,1.25,48,1,Static,0.98,573.0,128,4,3,0.049886103375714086,0.016082753564835135,1
payment_utilization,1.25,48,6,Static,0.98,573.0,128,4,3,42.84583684011815,16.346578793300893,1
payment_utilization,1.5,14,1,Static,0.98,1968.0,128,4,3,0.45026021215290946,0.017438497510869396,1
payment_utilization,1.5,14,6,Static,0.98,1968.0,128,4,3,4.260739023373115,2.05072086341103,1
payment_utilization,1.5,24,1,Static,0.98,735.0,128,4,3,0.0018964826642083044,0.21487659803323975,1
payment_utilization,1.5,24,6,Static,0.98,735.0,128,2,3,6.692462285917317,2.6701876546495193,1
payment_utilization,1.5,5,1,Static,0.98,1013.0,128,4,3,0.8328428957963412,0.11988425228720906,1
payment_utilization,1.5,5,6,Static,0.98,1013.0,128,4,3,31.43798888997152,8.932813842077941,1
payment_utilization,1.5,32,1,Static,0.98,2076.0,128,2,4,0.6355590189167524,0.9166409078541242,1
payment_utilization,1.5,32,6,Static,0.98,2076.0,128,4,3,121.85548539213443,67.46514720512711,1
payment_utilization,1.5,22,1,Static,0.98,1118.0,128,0,1,0.02323205120182449,0.18179946246017417,1
payment_utilization,1.5,22,6,Static,0.98,1118.0,128,2,1,90.5276491709364,50.30062820746617,1
payment_utilization,1.5,4,1,Static,0.98,1454.0,128,1,0,0.11060416549830876,0.8741140567443064,1
payment_utilization,1.5,4,6,Static,0.98,1454.0,128,2,1,55.15236774133819,36.183588563302806,1
payment_utilization,1.5,25,1,Static,0.98,2058.0,128,4,3,0.040815626788074044,0.01731710392320081,1
payment_utilization,1.5,25,6,Static,0.98,2058.0,128,4,3,33.97811082913287,1.7263313706259433,1
payment_utilization,1.5,34,1,Static,0.98,954.0,128,4,3,0.016730440782720513,0.0014703127622044641,1
payment_utilization,1.5,34,6,Static,0.98,954.0,128,4,3,1.6986825664565746,0.10042659120830728,1
payment_utilization,1.5,13,1,Static,0.98,1310.0,128,4,3,0.07988095636046491,0.0013367967436578017,1
payment_utilization,1.5,13,6,Static,0.98,1310.0,128,4,3,2.4401631579507423,0.48714719634658427,1
payment_utilization,1.5,45,1,Static,0.98,1806.0,128,0,1,1.3331527130388734,0.38564674968020435,1
payment_utilization,1.5,45,6,Static,0.98,1806.0,128,0,1,110.19873288547561,13.362243540386237,1
payment_utilization,1.5,68,1,Static,0.98,118.0,128,2,3,0.6243636315298602,0.09491098236684764,1
payment_utilization,1.5,68,6,Static,0.98,118.0,128,2,3,7.449919382630464,0.8619757285102114,1
payment_utilization,1.5,71,1,Static,0.98,306.0,128,2,3,2.002013709055004,0.21717907473745407,1
payment_utilization,1.5,71,6,Static,0.98,306.0,128,2,3,15.464809189840333,0.7341807012179694,1
payment_utilization,1.5,39,1,Static,0.98,1969.0,128,2,1,0.43881767074416267,0.8407304449518734,1
payment_utilization,1.5,39,6,Static,0.98,1969.0,128,2,1,279.7905384906702,97.99508596089531,1
payment_utilization,1.5,42,1,Static,0.98,330.0,128,2,1,21.592510272302672,21.66633011435375,1
payment_utilization,1.5,42,6,Static,0.98,330.0,128,2,1,59.98078474385361,30.366326695740884,1
payment_utilization,1.5,67,1,Static,0.98,722.0,128,0,1,0.005982238163021472,0.0008809725043771864,1
payment_utilization,1.5,67,6,Static,0.98,722.0,128,4,3,0.23413550420255463,0.03918370988474546,1
payment_utilization,1.5,65,1,Static,0.98,1920.0,128,4,3,0.05877782152647157,0.0017971409068517415,1
payment_utilization,1.5,65,6,Static,0.98,1920.0,128,4,3,36.74587232737885,16.32117230899294,1
payment_utilization,1.5,53,1,Static,0.98,227.0,128,3,4,0.0,0.0,2
payment_utilization,1.5,53,6,Static,0.98,227.0,128,3,4,0.0,0.0,2
payment_utilization,1.5,48,1,Static,0.98,573.0,128,4,3,0.1334160614465425,0.021028931676310272,1
payment_utilization,1.5,48,6,Static,0.98,573.0,128,4,3,54.7136883327119,17.329821090095702,1
missed_utilization,0.5,14,1,Static,0.98,1968.0,128,4,3,0.29503896229835413,0.01062016723080485,1
missed_utilization,0.5,14,6,Static,0.98,1968.0,128,3,4,2.472571108654347,4.007353687694504,1
missed_utilization,0.5,24,1,Static,0.98,735.0,128,2,3,0.0021388909287040903,0.2148665063399886,1
missed_utilization,0.5,24,6,Static,0.98,735.0,128,2,3,7.095069737907414,0.5437847074035213,1
missed_utilization,0.5,5,1,Static,0.98,1013.0,128,4,3,0.7140491659003088,0.07080911835509322,1
missed_utilization,0.5,5,6,Static,0.98,1013.0,128,4,3,10.796578255409333,0.8440162505329393,1
missed_utilization,0.5,32,1,Static,0.98,2076.0,128,2,3,1.5762499378614514,0.17702366177044826,1
missed_utilization,0.5,32,6,Static,0.98,2076.0,128,4,3,3.301708762164953,0.5523226453507543,1
missed_utilization,0.5,22,1,Static,0.98,1118.0,128,2,0,31.222738673382818,31.41979141045216,1
missed_utilization,0.5,22,6,Static,0.98,1118.0,128,2,1,66.46693402194796,36.47177361304112,1
missed_utilization,0.5,4,1,Static,0.98,1454.0,128,0,1,1.5851995052869912,0.29709303314343166,1
missed_utilization,0.5,4,6,Static,0.98,1454.0,128,2,1,112.11380073246065,65.38818376136084,1
missed_utilization,0.5,25,1,Static,0.98,2058.0,128,1,0,0.007702879711814825,0.021941361148171093,1
missed_utilization,0.5,25,6,Static,0.98,2058.0,128,4,3,55.32141339455053,26.506234040908513,1
missed_utilization,0.5,34,1,Static,0.98,954.0,128,4,3,0.002911321416115248,0.0011083590677784352,1
missed_utilization,0.5,34,6,Static,0.98,954.0,128,4,3,1.1138831930971036,0.08146495906238069,1
missed_utilization,0.5,13,1,Static,0.98,1310.0,128,4,3,0.07412950509982352,0.0013083560996683388,1
missed_utilization,0.5,13,6,Static,0.98,1310.0,128,4,3,1.4387571839872095,0.22962117965325213,1
missed_utilization,0.5,45,1,Static,0.98,1806.0,128,0,1,3.8291472969772866,0.6851592244250372,1
missed_utilization,0.5,45,6,Static,0.98,1806.0,128,0,1,119.00921483990852,11.15123315542138,1
missed_utilization,0.5,68,1,Static,0.98,118.0,128,2,3,0.45903515976293086,0.06350394250357153,1
missed_utilization,0.5,68,6,Static,0.98,118.0,128,4,2,0.2268658852548069,2.672415679030274,1
missed_utilization,0.5,71,1,Static,0.98,306.0,128,2,3,1.9592969956640398,0.21917407588238835,1
missed_utilization,0.5,71,6,Static,0.98,306.0,128,2,3,12.63742340586246,0.7125467797622472,1
missed_utilization,0.5,39,1,Static,0.98,1969.0,128,1,2,0.9482723590978497,0.0890981123387825,1
missed_utilization,0.5,39,6,Static,0.98,1969.0,128,2,1,96.33498078733243,66.86161697025018,1
missed_utilization,0.5,42,1,Static,0.98,330.0,128,2,1,21.369761652762847,21.598768911747445,1
missed_utilization,0.5,42,6,Static,0.98,330.0,128,2,1,75.92812080436599,38.03998465529219,1
missed_utilization,0.5,67,1,Static,0.98,722.0,128,0,1,0.013507908796533366,0.0007533853495144535,1
missed_utilization,0.5,67,6,Static,0.98,722.0,128,0,1,0.0693580319762235,0.037865278633112454,1
missed_utilization,0.5,65,1,Static,0.98,1920.0,128,4,3,0.03172641933799236,0.0012728805951301397,1
missed_utilization,0.5,65,6,Static,0.98,1920.0,128,4,3,31.498438363595486,15.269851788058322,1
missed_utilization,0.5,53,1,Static,0.98,227.0,128,3,4,0.0,0.0,2
missed_utilization,0.5,53,6,Static,0.98,227.0,128,3,4,0.0,0.0,2
missed_utilization,0.5,48,1,Static,0.98,573.0,128,3,4,0.030432906103019297,0.01300012834404689,1
missed_utilization,0.5,48,6,Static,0.98,573.0,128,4,3,16.309320778809713,0.8464932965782085,1
missed_utilization,0.75,14,1,Static,0.98,1968.0,128,4,3,0.3050838787112613,0.014636868111221979,1
missed_utilization,0.75,14,6,Static,0.98,1968.0,128,4,3,1.0020526420814542,0.5911562235979411,1
missed_utilization,0.75,24,1,Static,0.98,735.0,128,3,4,0.0074268085086551805,0.21485924710144785,1
missed_utilization,0.75,24,6,Static,0.98,735.0,128,2,3,7.677330152366516,0.7546941313830089,1
missed_utilization,0.75,5,1,Static,0.98,1013.0,128,4,3,0.7350611293660763,0.10341954354711103,1
missed_utilization,0.75,5,6,Static,0.98,1013.0,128,4,3,20.295443432225447,9.300563261997425,1
missed_utilization,0.75,32,1,Static,0.98,2076.0,128,2,3,1.5879442927167102,0.17677254982655297,1
missed_utilization,0.75,32,6,Static,0.98,2076.0,128,4,3,2.7219988857565696,0.5591270365529598,1
missed_utilization,0.75,22,1,Static,0.98,1118.0,128,0,1,0.2534166078751594,0.17962239504903266,1
missed_utilization,0.75,22,6,Static,0.98,1118.0,128,2,1,46.159644085129045,23.296758945770627,1
missed_utilization,0.75,4,1,Static,0.98,1454.0,128,0,1,1.5851995052869912,0.29709303314343166,1
missed_utilization,0.75,4,6,Static,0.98,1454.0,128,2,1,48.696148909250965,42.41252302751932,1
missed_utilization,0.75,25,1,Static,0.98,2058.0,128,1,0,0.007702879711814825,0.021941361148171093,1
missed_utilization,0.75,25,6,Static,0.98,2058.0,128,4,3,47.3862360833828,25.21587966410393,1
missed_utilization,0.75,34,1,Static,0.98,954.0,128,4,3,0.002911321416115248,0.0011083590677784352,1
missed_utilization,0.75,34,6,Static,0.98,954.0,128,4,3,1.1138831930971036,0.08146495906238069,1
missed_utilization,0.75,13,1,Static,0.98,1310.0,128,4,3,0.07412950509982352,0.0013083560996683388,1
missed_utilization,0.75,13,6,Static,0.98,1310.0,128,4,3,1.4387571839872095,0.22962117965325213,1
missed_utilization,0.75,45,1,Static,0.98,1806.0,128,0,1,3.7922280778890585,0.6858408586965254,1
missed_utilization,0.75,45,6,Static,0.98,1806.0,128,0,1,111.33968803450165,13.100889324819601,1
missed_utilization,0.75,68,1,Static,0.98,118.0,128,2,3,0.45903515976293086,0.06350394250357153,1
missed_utilization,0.75,68,6,Static,0.98,118.0,128,4,2,1.4816716895282522,3.608582767419508,1
missed_utilization,0.75,71,1,Static,0.98,306.0,128,2,3,1.9592969956640398,0.21917407588238835,1
missed_utilization,0.75,71,6,Static,0.98,306.0,128,2,3,12.963057094243155,0.7475735824852677,1
missed_utilization,0.75,39,1,Static,0.98,1969.0,128,1,2,0.9541455081304306,0.0889868862263796,1
missed_utilization,0.75,39,6,Static,0.98,1969.0,128,2,1,73.41567614693874,58.54905514834437,1
missed_utilization,0.75,42,1,Static,0.98,330.0,128,2,0,21.288705688467232,21.588864699362134,1
missed_utilization,0.75,42,6,Static,0.98,330.0,128,2,1,72.38390156697406,37.90162923686356,1
missed_utilization,0.75,67,1,Static,0.98,722.0,128,0,1,0.013507908796533366,0.0007533853495144535,1
missed_utilization,0.75,67,6,Static,0.98,722.0,128,2,3,0.15159414912613783,0.04604806315233273,1
missed_utilization,0.75,65,1,Static,0.98,1920.0,128,4,3,0.03172641933799236,0.0012728805951301397,1
missed_utilization,0.75,65,6,Static,0.98,1920.0,128,4,3,48.58346027078623,23.998826367774537,1
missed_utilization,0.75,53,1,Static,0.98,227.0,128,3,4,0.0,0.0,2
missed_utilization,0.75,53,6,Static,0.98,227.0,128,3,4,0.0,0.0,2
missed_utilization,0.75,48,1,Static,0.98,573.0,128,3,4,0.033410300716923746,0.013172416759321237,1
missed_utilization,0.75,48,6,Static,0.98,573.0,128,4,3,16.104037456641585,0.858434020434229,1
missed_utilization,1.0,14,1,Static,0.98,1968.0,128,4,3,0.31499948592532634,0.017723310448076762,1
missed_utilization,1.0,14,6,Static,0.98,1968.0,128,4,3,0.9211508179023571,0.6054196657835533,1
missed_utilization,1.0,24,1,Static,0.98,735.0,128,3,4,0.007590300131339073,0.21485806731936558,1
missed_utilization,1.0,24,6,Static,0.98,735.0,128,2,3,4.664137782388552,2.894970004401197,1
missed_utilization,1.0,5,1,Static,0.98,1013.0,128,4,3,0.8261931980993636,0.15312490551471744,1
missed_utilization,1.0,5,6,Static,0.98,1013.0,128,4,3,14.557047799164707,1.8496427744868513,1
missed_utilization,1.0,32,1,Static,0.98,2076.0,128,2,3,0.8841706638888862,0.7339657883738558,1
missed_utilization,1.0,32,6,Static,0.98,2076.0,128,4,3,37.72291010840992,35.026806950928744,1
missed_utilization,1.0,22,1,Static,0.98,1118.0,128,0,1,0.2534166078751594,0.17962239504903266,1
missed_utilization,1.0,22,6,Static,0.98,1118.0,128,2,1,35.56256835707313,20.77603399630986,1
missed_utilization,1.0,4,1,Static,0.98,1454.0,128,0,1,0.7644130944041239,0.8749201333278607,1
missed_utilization,1.0,4,6,Static,0.98,1454.0,128,2,1,73.27451568836419,50.38294341337377,1
missed_utilization,1.0,25,1,Static,0.98,2058.0,128,1,0,0.007702879711814825,0.021941361148171093,1
missed_utilization,1.0,25,6,Static,0.98,2058.0,128,4,3,47.25546225975209,25.2161863592538,1
missed_utilization,1.0,34,1,Static,0.98,954.0,128,4,3,0.002678024315509564,0.0011359317980790967,1
missed_utilization,1.0,34,6,Static,0.98,954.0,128,4,3,1.1252984689871073,0.08272845952480673,1
missed_utilization,1.0,13,1,Static,0.98,1310.0,128,4,3,0.07412950509982352,0.0013083560996683388,1
missed_utilization,1.0,13,6,Static,0.98,1310.0,128,4,3,1.4886560555062907,0.23454344195952348,1
missed_utilization,1.0,45,1,Static,0.98,1806.0,128,0,1,3.7191962236198153,0.6877573220220038,1
missed_utilization,1.0,45,6,Static,0.98,1806.0,128,0,1,113.7623240723014,13.229592455704656,1
missed_utilization,1.0,68,1,Static,0.98,118.0,128,2,3,0.45903515976293086,0.06350394250357153,1
missed_utilization,1.0,68,6,Static,0.98,118.0,128,2,4,0.7962898464930116,2.9379669928942196,1
missed_utilization,1.0,71,1,Static,0.98,306.0,128,2,3,1.9592969956640398,0.21917407588238835,1
missed_utilization,1.0,71,6,Static,0.98,306.0,128,2,3,13.126411045190569,0.7322800241126756,1
missed_utilization,1.0,39,1,Static,0.98,1969.0,128,2,1,0.27137982793673765,0.8741564324100057,1
missed_utilization,1.0,39,6,Static,0.98,1969.0,128,2,1,168.7423064062457,88.83601933625253,1
missed_utilization,1.0,42,1,Static,0.98,330.0,128,2,1,21.33920595771155,21.599026943146757,1
missed_utilization,1.0,42,6,Static,0.98,330.0,128,2,1,74.73099767829589,38.04513769300057,1
missed_utilization,1.0,67,1,Static,0.98,722.0,128,0,1,0.013507908796533366,0.0007533853495144535,1
missed_utilization,1.0,67,6,Static,0.98,722.0,128,3,4,0.2013731099664208,0.040116540672789275,1
missed_utilization,1.0,65,1,Static,0.98,1920.0,128,4,3,0.031232395052007172,0.001343286474886317,1
missed_utilization,1.0,65,6,Static,0.98,1920.0,128,4,3,38.881714557017176,17.60423626882726,1
missed_utilization,1.0,53,1,Static,0.98,227.0,128,3,4,0.0,0.0,2
missed_utilization,1.0,53,6,Static,0.98,227.0,128,3,4,0.0,0.0,2
missed_utilization,1.0,48,1,Static,0.98,573.0,128,3,2,0.0010383173764981768,0.015392868710851907,1
missed_utilization,1.0,48,6,Static,0.98,573.0,128,4,3,38.85479380559114,16.465197604963397,1
missed_utilization,1.25,14,1,Static,0.98,1968.0,128,4,3,0.5337841461738777,0.20892910384974325,1
missed_utilization,1.25,14,6,Static,0.98,1968.0,128,4,3,3.348412312266601,1.9984046456209748,1
missed_utilization,1.25,24,1,Static,0.98,735.0,128,4,3,0.023301620942786136,0.20163109688916536,1
missed_utilization,1.25,24,6,Static,0.98,735.0,128,2,3,8.715007608268643,1.0618771957248623,1
missed_utilization,1.25,5,1,Static,0.98,1013.0,128,4,3,1.0866003622279823,0.24991095384983156,1
missed_utilization,1.25,5,6,Static,0.98,1013.0,128,4,3,40.36147054062258,14.278991174702359,1
missed_utilization,1.25,32,1,Static,0.98,2076.0,128,2,3,0.9309201997884857,0.694491685084224,1
missed_utilization,1.25,32,6,Static,0.98,2076.0,128,4,3,66.76877818040288,45.73301009508089,1
missed_utilization,1.25,22,1,Static,0.98,1118.0,128,0,1,0.2534166078751594,0.17962239504903266,1
missed_utilization,1.25,22,6,Static,0.98,1118.0,128,2,1,110.96132196262381,72.39351549790518,1
missed_utilization,1.25,4,1,Static,0.98,1454.0,128,0,1,1.0235210500438727,0.6394343961718393,1
missed_utilization,1.25,4,6,Static,0.98,1454.0,128,2,1,13.355373691998512,31.552116038715646,1
missed_utilization,1.25,25,1,Static,0.98,2058.0,128,2,3,0.12266594170240419,0.01678073810605088,1
missed_utilization,1.25,25,6,Static,0.98,2058.0,128,4,3,65.64619771014584,28.736234404617285,1
missed_utilization,1.25,34,1,Static,0.98,954.0,128,4,3,0.002678024315509564,0.0011359317980790967,1
missed_utilization,1.25,34,6,Static,0.98,954.0,128,4,3,2.1658313319947657,1.0450318053656837,1
missed_utilization,1.25,13,1,Static,0.98,1310.0,128,4,3,0.07412950509982352,0.0013083560996683388,1
missed_utilization,1.25,13,6,Static,0.98,1310.0,128,4,3,2.6235315075440138,1.0481575410365027,1
missed_utilization,1.25,45,1,Static,0.98,1806.0,128,1,0,6.483340940983636,9.501138642178912,1
missed_utilization,1.25,45,6,Static,0.98,1806.0,128,0,1,111.26026986382037,16.438752221752228,1
missed_utilization,1.25,68,1,Static,0.98,118.0,128,2,3,0.4434679159707692,0.0686366001031553,1
missed_utilization,1.25,68,6,Static,0.98,118.0,128,4,2,2.481153482475386,4.035436461107043,1
missed_utilization,1.25,71,1,Static,0.98,306.0,128,2,3,1.9443048191933037,0.22027548531101968,1
missed_utilization,1.25,71,6,Static,0.98,306.0,128,2,3,12.826371668693893,0.9587640390579656,1
missed_utilization,1.25,39,1,Static,0.98,1969.0,128,1,2,0.9686760553733076,0.08894304616847148,1
missed_utilization,1.25,39,6,Static,0.98,1969.0,128,2,1,46.96179856600565,59.52466094837169,1
missed_utilization,1.25,42,1,Static,0.98,330.0,128,2,0,21.08485867000809,21.589729286172723,1
missed_utilization,1.25,42,6,Static,0.98,330.0,128,2,1,107.15822774154299,51.33138044029511,1
missed_utilization,1.25,67,1,Static,0.98,722.0,128,0,1,0.013507908796533366,0.0007533853495144535,1
missed_utilization,1.25,67,6,Static,0.98,722.0,128,1,2,0.21169225453786217,0.04418004470104206,1
missed_utilization,1.25,65,1,Static,0.98,1920.0,128,4,3,0.031232395052007172,0.001343286474886317,1
missed_utilization,1.25,65,6,Static,0.98,1920.0,128,4,3,35.51408477198474,15.895994224160852,1
missed_utilization,1.25,53,1,Static,0.98,227.0,128,3,4,0.0,0.0,2
missed_utilization,1.25,53,6,Static,0.98,227.0,128,3,4,0.0,0.0,2
missed_utilization,1.25,48,1,Static,0.98,573.0,128,3,4,0.036493267545174235,0.013460714263942032,1
missed_utilization,1.25,48,6,Static,0.98,573.0,128,4,3,25.524464976688158,7.832768729405981,1
missed_utilization,1.5,14,1,Static,0.98,1968.0,128,4,3,0.5410504907762972,0.20663107634163333,1
missed_utilization,1.5,14,6,Static,0.98,1968.0,128,4,3,1.9064270557526677,1.3444934989009392,1
missed_utilization,1.5,24,1,Static,0.98,735.0,128,3,4,0.00932629006770623,0.21505524862549164,1
missed_utilization,1.5,24,6,Static,0.98,735.0,128,2,3,6.26445316139833,3.078201631576673,1
missed_utilization,1.5,5,1,Static,0.98,1013.0,128,4,3,1.0609596801508911,0.24981860231225517,1
missed_utilization,1.5,5,6,Static,0.98,1013.0,128,4,3,45.309468769935975,14.15758683333058,1
missed_utilization,1.5,32,1,Static,0.98,2076.0,128,2,3,1.6331807661793944,0.18785297981665067,1
missed_utilization,1.5,32,6,Static,0.98,2076.0,128,4,3,39.65184838182145,34.85322450134685,1
missed_utilization,1.5,22,1,Static,0.98,1118.0,128,0,2,0.12030137789452666,0.5443489853580663,1
missed_utilization,1.5,22,6,Static,0.98,1118.0,128,2,1,113.6588459674443,61.773247106719026,1
missed_utilization,1.5,4,1,Static,0.98,1454.0,128,0,1,1.5942958812441868,0.29709248390721743,1
missed_utilization,1.5,4,6,Static,0.98,1454.0,128,2,1,159.44725571207886,92.11353415215294,1
missed_utilization,1.5,25,1,Static,0.98,2058.0,128,4,2,0.670555469917634,0.6733855286775489,1
missed_utilization,1.5,25,6,Static,0.98,2058.0,128,4,3,64.2020129979046,27.77243842450303,1
missed_utilization,1.5,34,1,Static,0.98,954.0,128,4,3,0.0024735871220541022,0.0011546078049618816,1
missed_utilization,1.5,34,6,Static,0.98,954.0,128,4,3,2.3995794851327155,1.1898367299225454,1
missed_utilization,1.5,13,1,Static,0.98,1310.0,128,4,3,0.07412950509982352,0.0013083560996683388,1
missed_utilization,1.5,13,6,Static,0.98,1310.0,128,4,3,2.6221556327789566,0.9385664939038114,1
missed_utilization,1.5,45,1,Static,0.98,1806.0,128,1,0,15.719348724793415,13.466959919387989,1
missed_utilization,1.5,45,6,Static,0.98,1806.0,128,0,1,87.44928943157477,17.469877558469342,1
missed_utilization,1.5,68,1,Static,0.98,118.0,128,2,3,0.5159414639732613,0.06659435595727706,1
missed_utilization,1.5,68,6,Static,0.98,118.0,128,2,4,3.0657405947891334,3.010797955556613,1
missed_utilization,1.5,71,1,Static,0.98,306.0,128,2,3,1.905874506379014,0.22146009777491443,1
missed_utilization,1.5,71,6,Static,0.98,306.0,128,2,3,12.829096878428125,1.4965687718183365,1
missed_utilization,1.5,39,1,Static,0.98,1969.0,128,1,2,0.18723562887646272,0.5508869823575556,1
missed_utilization,1.5,39,6,Static,0.98,1969.0,128,2,1,78.26705889529902,61.933397829387886,1
missed_utilization,1.5,42,1,Static,0.98,330.0,128,2,0,21.429041222285594,21.589753896540703,1
missed_utilization,1.5,42,6,Static,0.98,330.0,128,2,1,112.01598394435952,46.93401222678952,1
missed_utilization,1.5,67,1,Static,0.98,722.0,128,0,1,0.013507908796533366,0.0007533853495144535,1
missed_utilization,1.5,67,6,Static,0.98,722.0,128,3,4,0.20657006395151692,0.04062476971755572,1
missed_utilization,1.5,65,1,Static,0.98,1920.0,128,4,3,0.031232395052007172,0.001343286474886317,1
missed_utilization,1.5,65,6,Static,0.98,1920.0,128,4,3,34.672860056519895,15.878861279200116,1
missed_utilization,1.5,53,1,Static,0.98,227.0,128,3,4,0.0,0.0,2
missed_utilization,1.5,53,6,Static,0.98,227.0,128,3,4,0.0,0.0,2
missed_utilization,1.5,48,1,Static,0.98,573.0,128,2,1,3.497693932341672e-05,0.05875485176998867,1
missed_utilization,1.5,48,6,Static,0.98,573.0,128,4,3,47.32557302090612,14.57057327040651,1
utilization,0.5,14,1,Static,0.98,1968.0,128,4,3,0.31499948592532634,0.017723310448076762,1
utilization,0.5,14,6,Static,0.98,1968.0,128,4,3,0.9211508179023571,0.6054196657835533,1
utilization,0.5,24,1,Static,0.98,735.0,128,3,4,0.007590300131339073,0.21485806731936558,1
utilization,0.5,24,6,Static,0.98,735.0,128,2,3,4.292118883118845,2.882215149750838,1
utilization,0.5,5,1,Static,0.98,1013.0,128,4,3,0.8261931980993636,0.15312490551471744,1
utilization,0.5,5,6,Static,0.98,1013.0,128,4,3,14.43798999328537,1.8035485830245566,1
utilization,0.5,32,1,Static,0.98,2076.0,128,4,3,0.006681219427477458,0.5788655814491173,1
utilization,0.5,32,6,Static,0.98,2076.0,128,4,3,37.7998129477548,35.02606303476024,1
utilization,0.5,22,1,Static,0.98,1118.0,128,0,1,0.2534166078751594,0.17962239504903266,1
utilization,0.5,22,6,Static,0.98,1118.0,128,2,1,14.828664957918159,2.372041195955461,1
utilization,0.5,4,1,Static,0.98,1454.0,128,0,1,0.7644130944041239,0.8749201333278607,1
utilization,0.5,4,6,Static,0.98,1454.0,128,1,2,38.13487265164702,69.1660931988379,1
utilization,0.5,25,1,Static,0.98,2058.0,128,1,0,0.007702879711814825,0.021941361148171093,1
utilization,0.5,25,6,Static,0.98,2058.0,128,4,3,21.9847007501385,0.8278218939565166,1
utilization,0.5,34,1,Static,0.98,954.0,128,4,3,0.002678024315509564,0.0011359317980790967,1
utilization,0.5,34,6,Static,0.98,954.0,128,4,3,1.1252984689871073,0.08272845952480673,1
utilization,0.5,13,1,Static,0.98,1310.0,128,4,3,0.07412950509982352,0.0013083560996683388,1
utilization,0.5,13,6,Static,0.98,1310.0,128,4,3,1.4886560555062907,0.23454344195952348,1
utilization,0.5,45,1,Static,0.98,1806.0,128,0,1,3.396945335972708,0.5937274754389718,1
utilization,0.5,45,6,Static,0.98,1806.0,128,0,1,97.91419840256066,12.115292769179849,1
utilization,0.5,68,1,Static,0.98,118.0,128,2,3,0.4413010178895286,0.06174161716078935,1
utilization,0.5,68,6,Static,0.98,118.0,128,2,4,1.8560505820202926,1.9581598920934145,1
utilization,0.5,71,1,Static,0.98,306.0,128,2,3,1.7444532456640403,0.0380572857941286,1
utilization,0.5,71,6,Static,0.98,306.0,128,2,3,12.152798508484377,0.6133028888316641,1
utilization,0.5,39,1,Static,0.98,1969.0,128,0,2,0.7325880900502215,0.8835766625421794,1
utilization,0.5,39,6,Static,0.98,1969.0,128,2,1,98.88786469555093,71.52356682150565,1
utilization,0.5,42,1,Static,0.98,330.0,128,1,0,0.2056074474668499,0.4446156187161899,1
utilization,0.5,42,6,Static,0.98,330.0,128,2,1,35.17673124233598,24.011661318149848,1
utilization,0.5,67,1,Static,0.98,722.0,128,0,1,0.013507908796533366,0.0007533853495144535,1
utilization,0.5,67,6,Static,0.98,722.0,128,3,4,0.2013731099664208,0.040116540672789275,1
utilization,0.5,65,1,Static,0.98,1920.0,128,4,3,0.031232395052007172,0.001343286474886317,1
utilization,0.5,65,6,Static,0.98,1920.0,128,4,3,26.41359489675523,13.770348793819075,1
utilization,0.5,53,1,Static,0.98,227.0,128,3,4,0.0,0.0,2
utilization,0.5,53,6,Static,0.98,227.0,128,3,4,0.0,0.0,2
utilization,0.5,48,1,Static,0.98,573.0,128,3,2,0.0010383173764981768,0.015392868710851907,1
utilization,0.5,48,6,Static,0.98,573.0,128,4,3,31.39134081305197,14.68701638316754,1
utilization,0.75,14,1,Static,0.98,1968.0,128,4,3,0.31499948592532634,0.017723310448076762,1
utilization,0.75,14,6,Static,0.98,1968.0,128,4,3,0.9211508179023571,0.6054196657835533,1
utilization,0.75,24,1,Static,0.98,735.0,128,3,4,0.007590300131339073,0.21485806731936558,1
utilization,0.75,24,6,Static,0.98,735.0,128,2,3,6.122246209270909,3.4335186842480607,1
utilization,0.75,5,1,Static,0.98,1013.0,128,4,3,0.8261931980993636,0.15312490551471744,1
utilization,0.75,5,6,Static,0.98,1013.0,128,4,3,14.557047799164707,1.8496427744868513,1
utilization,0.75,32,1,Static,0.98,2076.0,128,0,1,1.1173961232700393,0.692627627390769,1
utilization,0.75,32,6,Static,0.98,2076.0,128,4,3,28.830077465495474,36.21653507397504,1
utilization,0.75,22,1,Static,0.98,1118.0,128,0,1,0.2534166078751594,0.17962239504903266,1
utilization,0.75,22,6,Static,0.98,1118.0,128,2,1,14.828664957918159,2.372041195955461,1
utilization,0.75,4,1,Static,0.98,1454.0,128,0,1,0.7644130944041239,0.8749201333278607,1
utilization,0.75,4,6,Static,0.98,1454.0,128,2,1,15.729626392040494,29.636067465800267,1
utilization,0.75,25,1,Static,0.98,2058.0,128,1,0,0.007702879711814825,0.021941361148171093,1
utilization,0.75,25,6,Static,0.98,2058.0,128,4,3,22.18165702674756,0.8878727747560807,1
utilization,0.75,34,1,Static,0.98,954.0,128,4,3,0.002678024315509564,0.0011359317980790967,1
utilization,0.75,34,6,Static,0.98,954.0,128,4,3,1.1252984689871073,0.08272845952480673,1
utilization,0.75,13,1,Static,0.98,1310.0,128,4,3,0.07412950509982352,0.0013083560996683388,1
utilization,0.75,13,6,Static,0.98,1310.0,128,4,3,1.4886560555062907,0.23454344195952348,1
utilization,0.75,45,1,Static,0.98,1806.0,128,0,1,3.396945335972708,0.5937274754389718,1
utilization,0.75,45,6,Static,0.98,1806.0,128,0,1,103.60415889366854,9.603960533119,1
utilization,0.75,68,1,Static,0.98,118.0,128,2,3,0.4413010178895286,0.06174161716078935,1
utilization,0.75,68,6,Static,0.98,118.0,128,2,4,2.1265964610212635,2.0113999312620012,1
utilization,0.75,71,1,Static,0.98,306.0,128,2,3,1.7444532456640403,0.0380572857941286,1
utilization,0.75,71,6,Static,0.98,306.0,128,2,3,12.452300903643357,0.6530091190566072,1
utilization,0.75,39,1,Static,0.98,1969.0,128,0,2,0.7325880900502215,0.8835766625421794,1
utilization,0.75,39,6,Static,0.98,1969.0,128,2,1,149.34607708760765,82.82517718917175,1
utilization,0.75,42,1,Static,0.98,330.0,128,1,0,0.2056074474668499,0.4446156187161899,1
utilization,0.75,42,6,Static,0.98,330.0,128,2,1,35.17673124233598,24.011661318149848,1
utilization,0.75,67,1,Static,0.98,722.0,128,0,1,0.013507908796533366,0.0007533853495144535,1
utilization,0.75,67,6,Static,0.98,722.0,128,3,4,0.2013731099664208,0.040116540672789275,1
utilization,0.75,65,1,Static,0.98,1920.0,128,4,3,0.031232395052007172,0.001343286474886317,1
utilization,0.75,65,6,Static,0.98,1920.0,128,4,3,31.267368358371357,14.561393821995125,1
utilization,0.75,53,1,Static,0.98,227.0,128,3,4,0.0,0.0,2
utilization,0.75,53,6,Static,0.98,227.0,128,3,4,0.0,0.0,2
utilization,0.75,48,1,Static,0.98,573.0,128,3,2,0.0010383173764981768,0.015392868710851907,1
utilization,0.75,48,6,Static,0.98,573.0,128,4,3,37.489556856882416,15.865977410294624,1
utilization,1.0,14,1,Static,0.98,1968.0,128,4,3,0.31499948592532634,0.017723310448076762,1
utilization,1.0,14,6,Static,0.98,1968.0,128,4,3,0.9211508179023571,0.6054196657835533,1
utilization,1.0,24,1,Static,0.98,735.0,128,3,4,0.007590300131339073,0.21485806731936558,1
utilization,1.0,24,6,Static,0.98,735.0,128,2,3,4.664137782388552,2.894970004401197,1
utilization,1.0,5,1,Static,0.98,1013.0,128,4,3,0.8261931980993636,0.15312490551471744,1
utilization,1.0,5,6,Static,0.98,1013.0,128,4,3,14.557047799164707,1.8496427744868513,1
utilization,1.0,32,1,Static,0.98,2076.0,128,2,3,0.8841706638888862,0.7339657883738558,1
utilization,1.0,32,6,Static,0.98,2076.0,128,4,3,37.72291010840992,35.026806950928744,1
utilization,1.0,22,1,Static,0.98,1118.0,128,0,1,0.2534166078751594,0.17962239504903266,1
utilization,1.0,22,6,Static,0.98,1118.0,128,2,1,35.56256835707313,20.77603399630986,1
utilization,1.0,4,1,Static,0.98,1454.0,128,0,1,0.7644130944041239,0.8749201333278607,1
utilization,1.0,4,6,Static,0.98,1454.0,128,2,1,73.27451568836419,50.38294341337377,1
utilization,1.0,25,1,Static,0.98,2058.0,128,1,0,0.007702879711814825,0.021941361148171093,1
utilization,1.0,25,6,Static,0.98,2058.0,128,4,3,47.25546225975209,25.2161863592538,1
utilization,1.0,34,1,Static,0.98,954.0,128,4,3,0.002678024315509564,0.0011359317980790967,1
utilization,1.0,34,6,Static,0.98,954.0,128,4,3,1.1252984689871073,0.08272845952480673,1
utilization,1.0,13,1,Static,0.98,1310.0,128,4,3,0.07412950509982352,0.0013083560996683388,1
utilization,1.0,13,6,Static,0.98,1310.0,128,4,3,1.4886560555062907,0.23454344195952348,1
utilization,1.0,45,1,Static,0.98,1806.0,128,0,1,3.7191962236198153,0.6877573220220038,1
utilization,1.0,45,6,Static,0.98,1806.0,128,0,1,113.7623240723014,13.229592455704656,1
utilization,1.0,68,1,Static,0.98,118.0,128,2,3,0.45903515976293086,0.06350394250357153,1
utilization,1.0,68,6,Static,0.98,118.0,128,2,4,0.7962898464930116,2.9379669928942196,1
utilization,1.0,71,1,Static,0.98,306.0,128,2,3,1.9592969956640398,0.21917407588238835,1
utilization,1.0,71,6,Static,0.98,306.0,128,2,3,13.126411045190569,0.7322800241126756,1
utilization,1.0,39,1,Static,0.98,1969.0,128,2,1,0.27137982793673765,0.8741564324100057,1
utilization,1.0,39,6,Static,0.98,1969.0,128,2,1,168.7423064062457,88.83601933625253,1
utilization,1.0,42,1,Static,0.98,330.0,128,2,1,21.33920595771155,21.599026943146757,1
utilization,1.0,42,6,Static,0.98,330.0,128,2,1,74.73099767829589,38.04513769300057,1
utilization,1.0,67,1,Static,0.98,722.0,128,0,1,0.013507908796533366,0.0007533853495144535,1
utilization,1.0,67,6,Static,0.98,722.0,128,3,4,0.2013731099664208,0.040116540672789275,1
utilization,1.0,65,1,Static,0.98,1920.0,128,4,3,0.031232395052007172,0.001343286474886317,1
utilization,1.0,65,6,Static,0.98,1920.0,128,4,3,38.881714557017176,17.60423626882726,1
utilization,1.0,53,1,Static,0.98,227.0,128,3,4,0.0,0.0,2
utilization,1.0,53,6,Static,0.98,227.0,128,3,4,0.0,0.0,2
utilization,1.0,48,1,Static,0.98,573.0,128,3,2,0.0010383173764981768,0.015392868710851907,1
utilization,1.0,48,6,Static,0.98,573.0,128,4,3,38.85479380559114,16.465197604963397,1
utilization,1.25,14,1,Static,0.98,1968.0,128,4,3,0.31499948592532634,0.017723310448076762,1
utilization,1.25,14,6,Static,0.98,1968.0,128,4,3,0.9211508179023571,0.6054196657835533,1
utilization,1.25,24,1,Static,0.98,735.0,128,2,3,0.1702921395083051,0.3045699640783418,1
utilization,1.25,24,6,Static,0.98,735.0,128,2,3,7.3322461332245625,1.2586657441132734,1
utilization,1.25,5,1,Static,0.98,1013.0,128,4,3,0.9221897304402624,0.1664148588668668,1
utilization,1.25,5,6,Static,0.98,1013.0,128,4,3,14.074628818442765,1.9015169261739675,1
utilization,1.25,32,1,Static,0.98,2076.0,128,3,4,0.046469350620268024,0.5805326534341242,1
utilization,1.25,32,6,Static,0.98,2076.0,128,4,3,66.70498516082439,45.27250865232134,1
utilization,1.25,22,1,Static,0.98,1118.0,128,0,1,0.2534166078751594,0.17962239504903266,1
utilization,1.25,22,6,Static,0.98,1118.0,128,2,1,31.199789712283042,16.475671811067937,1
utilization,1.25,4,1,Static,0.98,1454.0,128,2,0,31.073153378141555,33.479409541770615,1
utilization,1.25,4,6,Static,0.98,1454.0,128,2,1,79.84133393733302,72.49853607149882,1
utilization,1.25,25,1,Static,0.98,2058.0,128,1,0,0.007702879711814825,0.021941361148171093,1
utilization,1.25,25,6,Static,0.98,2058.0,128,4,3,22.690592865938907,1.0814801503570575,1
utilization,1.25,34,1,Static,0.98,954.0,128,4,3,0.002678024315509564,0.0011359317980790967,1
utilization,1.25,34,6,Static,0.98,954.0,128,4,3,13.349119954454395,12.216702411170225,1
utilization,1.25,13,1,Static,0.98,1310.0,128,4,3,0.07412950509982352,0.0013083560996683388,1
utilization,1.25,13,6,Static,0.98,1310.0,128,4,3,1.4886560555062907,0.23454344195952348,1
utilization,1.25,45,1,Static,0.98,1806.0,128,1,2,2.418518511459025,13.67837150089308,1
utilization,1.25,45,6,Static,0.98,1806.0,128,0,1,122.99528046996724,12.834648583091695,1
utilization,1.25,68,1,Static,0.98,118.0,128,2,3,0.45903515976293086,0.06350394250357153,1
utilization,1.25,68,6,Static,0.98,118.0,128,2,4,2.7923900928561136,2.02013151056363,1
utilization,1.25,71,1,Static,0.98,306.0,128,2,3,1.9592969956640398,0.21917407588238835,1
utilization,1.25,71,6,Static,0.98,306.0,128,2,3,13.631225215360931,0.7818791254987855,1
utilization,1.25,39,1,Static,0.98,1969.0,128,0,2,0.9201245271551193,0.906172339739314,1
utilization,1.25,39,6,Static,0.98,1969.0,128,2,1,307.6417510248002,113.199500263701,1
utilization,1.25,42,1,Static,0.98,330.0,128,1,2,0.26997550817201965,0.059864833458467444,1
utilization,1.25,42,6,Static,0.98,330.0,128,2,1,35.27997014402062,24.01107278846634,1
utilization,1.25,67,1,Static,0.98,722.0,128,0,1,0.013507908796533366,0.0007533853495144535,1
utilization,1.25,67,6,Static,0.98,722.0,128,3,4,0.2013731099664208,0.040116540672789275,1
utilization,1.25,65,1,Static,0.98,1920.0,128,4,3,0.031232395052007172,0.001343286474886317,1
utilization,1.25,65,6,Static,0.98,1920.0,128,4,3,31.09003541654333,15.859299949727545,1
utilization,1.25,53,1,Static,0.98,227.0,128,3,4,0.0,0.0,2
utilization,1.25,53,6,Static,0.98,227.0,128,3,4,0.0,0.0,2
utilization,1.25,48,1,Static,0.98,573.0,128,3,2,0.0010383173764981768,0.015392868710851907,1
utilization,1.25,48,6,Static,0.98,573.0,128,4,3,27.27592217283953,15.127259369409446,1
utilization,1.5,14,1,Static,0.98,1968.0,128,4,3,0.31499948592532634,0.017723310448076762,1
utilization,1.5,14,6,Static,0.98,1968.0,128,4,3,0.9211508179023575,0.6054196657835533,1
utilization,1.5,24,1,Static,0.98,735.0,128,2,3,0.38513588950830546,0.37100238185867374,1
utilization,1.5,24,6,Static,0.98,735.0,128,2,3,10.403774263097603,2.454879364661544,1
utilization,1.5,5,1,Static,0.98,1013.0,128,4,3,14.077260545317403,9.264481915729995,1
utilization,1.5,5,6,Static,0.98,1013.0,128,4,3,31.49529477802605,11.246733527150942,1
utilization,1.5,32,1,Static,0.98,2076.0,128,4,3,29.74616661168536,29.834730010986345,1
utilization,1.5,32,6,Static,0.98,2076.0,128,4,3,81.19522240580208,64.1810927948133,1
utilization,1.5,22,1,Static,0.98,1118.0,128,0,1,0.2534166078751594,0.17962239504903266,1
utilization,1.5,22,6,Static,0.98,1118.0,128,2,1,32.02268387137828,17.347524640429516,1
utilization,1.5,4,1,Static,0.98,1454.0,128,0,1,0.897169608564004,0.8858501620798648,1
utilization,1.5,4,6,Static,0.98,1454.0,128,2,1,103.0844620387164,112.36578199120522,1
utilization,1.5,25,1,Static,0.98,2058.0,128,1,0,0.007702879711814825,0.021941361148171093,1
utilization,1.5,25,6,Static,0.98,2058.0,128,4,3,54.76295675181876,22.677418224486274,1
utilization,1.5,34,1,Static,0.98,954.0,128,4,3,0.002678024315509564,0.0011359317980790967,1
utilization,1.5,34,6,Static,0.98,954.0,128,4,3,1.1111744154340168,0.08658318296632482,1
utilization,1.5,13,1,Static,0.98,1310.0,128,4,3,0.07412950509982352,0.0013083560996683388,1
utilization,1.5,13,6,Static,0.98,1310.0,128,4,3,1.4886560555062907,0.23454344195952348,1
utilization,1.5,45,1,Static,0.98,1806.0,128,1,0,13.845117691647097,12.70549845380633,1
utilization,1.5,45,6,Static,0.98,1806.0,128,0,1,117.93768918123308,10.44883893562373,1
utilization,1.5,68,1,Static,0.98,118.0,128,4,2,1.5560443656993566,2.2037743872368822,1
utilization,1.5,68,6,Static,0.98,118.0,128,4,2,0.8273533263569424,3.3638882235670007,1
utilization,1.5,71,1,Static,0.98,306.0,128,2,3,1.9592969956640398,0.21917407588238835,1
utilization,1.5,71,6,Static,0.98,306.0,128,2,3,16.931682171537954,2.3586832183067368,1
utilization,1.5,39,1,Static,0.98,1969.0,128,0,2,0.9201245271551193,0.906172339739314,1
utilization,1.5,39,6,Static,0.98,1969.0,128,2,1,209.5613955577538,107.01920810600839,1
utilization,1.5,42,1,Static,0.98,330.0,128,1,2,0.2798019837075705,0.06054231356324143,1
utilization,1.5,42,6,Static,0.98,330.0,128,2,1,54.635296331923485,30.702562037626624,1
utilization,1.5,67,1,Static,0.98,722.0,128,0,1,0.013507908796533366,0.0007533853495144535,1
utilization,1.5,67,6,Static,0.98,722.0,128,3,4,0.2013731099664208,0.040116540672789275,1
utilization,1.5,65,1,Static,0.98,1920.0,128,4,3,0.031232395052007172,0.001343286474886317,1
utilization,1.5,65,6,Static,0.98,1920.0,128,4,3,39.369228285217545,17.807282862649537,1
utilization,1.5,53,1,Static,0.98,227.0,128,3,4,0.0,0.0,2
utilization,1.5,53,6,Static,0.98,227.0,128,3,4,0.0,0.0,2
utilization,1.5,48,1,Static,0.98,573.0,128,4,3,7.372776209075677,7.410613566277506,1
utilization,1.5,48,6,Static,0.98,573.0,128,4,3,34.89592208947458,30.4376910138995,1
debt_to_income,0.5,14,1,Static,0.98,1968.0,128,4,3,0.31499948592532634,0.017723310448076762,1
debt_to_income,0.5,14,6,Static,0.98,1968.0,128,4,3,0.9211508179023571,0.6054196657835533,1
debt_to_income,0.5,24,1,Static,0.98,735.0,128,3,4,0.007590300131339073,0.21485806731936558,1
debt_to_income,0.5,24,6,Static,0.98,735.0,128,2,3,4.664137782388552,2.894970004401197,1
debt_to_income,0.5,5,1,Static,0.98,1013.0,128,4,3,0.8261931980993636,0.15312490551471744,1
debt_to_income,0.5,5,6,Static,0.98,1013.0,128,4,3,14.557047799164707,1.8496427744868513,1
debt_to_income,0.5,32,1,Static,0.98,2076.0,128,1,2,0.9596462816992939,0.6851377680133767,1
debt_to_income,0.5,32,6,Static,0.98,2076.0,128,4,3,46.51714073524259,43.628471066067874,1
debt_to_income,0.5,22,1,Static,0.98,1118.0,128,0,1,0.2534166078751594,0.17962239504903266,1
debt_to_income,0.5,22,6,Static,0.98,1118.0,128,2,1,14.828664957918159,2.372041195955461,1
debt_to_income,0.5,4,1,Static,0.98,1454.0,128,0,1,0.7644130944041239,0.8749201333278607,1
debt_to_income,0.5,4,6,Static,0.98,1454.0,128,1,2,22.765366693286836,59.38678126325632,1
debt_to_income,0.5,25,1,Static,0.98,2058.0,128,1,0,0.007702879711814825,0.021941361148171093,1
debt_to_income,0.5,25,6,Static,0.98,2058.0,128,4,3,21.984700750138494,0.8278218939565164,1
debt_to_income,0.5,34,1,Static,0.98,954.0,128,4,3,0.002678024315509564,0.0011359317980790967,1
debt_to_income,0.5,34,6,Static,0.98,954.0,128,4,3,1.1252984689871073,0.08272845952480673,1
debt_to_income,0.5,13,1,Static,0.98,1310.0,128,4,3,0.07412950509982352,0.0013083560996683388,1
debt_to_income,0.5,13,6,Static,0.98,1310.0,128,4,3,1.4886560555062907,0.23454344195952348,1
debt_to_income,0.5,45,1,Static,0.98,1806.0,128,0,1,3.396945335972708,0.5937274754389718,1
debt_to_income,0.5,45,6,Static,0.98,1806.0,128,0,1,107.2127847667508,10.007189164607784,1
debt_to_income,0.5,68,1,Static,0.98,118.0,128,4,2,1.570908449287825,2.2097030592339353,1
debt_to_income,0.5,68,6,Static,0.98,118.0,128,2,4,0.5799598672901977,2.665966394073477,1
debt_to_income,0.5,71,1,Static,0.98,306.0,128,2,3,1.9592969956640398,0.21917407588238835,1
debt_to_income,0.5,71,6,Static,0.98,306.0,128,2,3,14.797454520987259,1.956009055312729,1
debt_to_income,0.5,39,1,Static,0.98,1969.0,128,0,2,0.7325880900502215,0.8835766625421794,1
debt_to_income,0.5,39,6,Static,0.98,1969.0,128,2,1,201.73401249711662,84.29128320116035,1
debt_to_income,0.5,42,1,Static,0.98,330.0,128,1,0,0.2056074474668499,0.4446156187161899,1
debt_to_income,0.5,42,6,Static,0.98,330.0,128,2,1,35.17673124233598,24.011661318149848,1
debt_to_income,0.5,67,1,Static,0.98,722.0,128,0,1,0.013507908796533366,0.0007533853495144535,1
debt_to_income,0.5,67,6,Static,0.98,722.0,128,3,4,0.2013731099664208,0.040116540672789275,1
debt_to_income,0.5,65,1,Static,0.98,1920.0,128,4,3,0.031232395052007172,0.001343286474886317,1
debt_to_income,0.5,65,6,Static,0.98,1920.0,128,4,3,14.634665240235494,4.538038536684359,1
debt_to_income,0.5,53,1,Static,0.98,227.0,128,3,4,0.0,0.0,2
debt_to_income,0.5,53,6,Static,0.98,227.0,128,3,4,0.0,0.0,2
debt_to_income,0.5,48,1,Static,0.98,573.0,128,3,2,0.0010383173764981768,0.015392868710851907,1
debt_to_income,0.5,48,6,Static,0.98,573.0,128,4,3,37.489556856882416,15.865977410294624,1
debt_to_income,0.75,14,1,Static,0.98,1968.0,128,4,3,0.31499948592532634,0.017723310448076762,1
debt_to_income,0.75,14,6,Static,0.98,1968.0,128,4,3,0.9211508179023571,0.6054196657835533,1
debt_to_income,0.75,24,1,Static,0.98,735.0,128,3,4,0.007590300131339073,0.21485806731936558,1
debt_to_income,0.75,24,6,Static,0.98,735.0,128,2,3,4.664137782388552,2.894970004401197,1
debt_to_income,0.75,5,1,Static,0.98,1013.0,128,4,3,0.8261931980993636,0.15312490551471744,1
debt_to_income,0.75,5,6,Static,0.98,1013.0,128,4,3,14.557047799164707,1.8496427744868513,1
debt_to_income,0.75,32,1,Static,0.98,2076.0,128,0,1,1.1173961232700393,0.692627627390769,1
debt_to_income,0.75,32,6,Static,0.98,2076.0,128,4,3,37.80472096702165,35.02616395978292,1
debt_to_income,0.75,22,1,Static,0.98,1118.0,128,0,1,0.2534166078751594,0.17962239504903266,1
debt_to_income,0.75,22,6,Static,0.98,1118.0,128,2,1,38.69313423488451,24.051753606790673,1
debt_to_income,0.75,4,1,Static,0.98,1454.0,128,0,1,0.7644130944041239,0.8749201333278607,1
debt_to_income,0.75,4,6,Static,0.98,1454.0,128,2,1,15.729626392040494,29.636067465800267,1
debt_to_income,0.75,25,1,Static,0.98,2058.0,128,1,0,0.007702879711814825,0.021941361148171093,1
debt_to_income,0.75,25,6,Static,0.98,2058.0,128,4,3,22.18165702674756,0.8878727747560807,1
debt_to_income,0.75,34,1,Static,0.98,954.0,128,4,3,0.002678024315509564,0.0011359317980790967,1
debt_to_income,0.75,34,6,Static,0.98,954.0,128,4,3,1.1252984689871073,0.08272845952480673,1
debt_to_income,0.75,13,1,Static,0.98,1310.0,128,4,3,0.07412950509982352,0.0013083560996683388,1
debt_to_income,0.75,13,6,Static,0.98,1310.0,128,4,3,1.4886560555062907,0.23454344195952348,1
debt_to_income,0.75,45,1,Static,0.98,1806.0,128,1,0,4.978738848552824,8.370889306432323,1
debt_to_income,0.75,45,6,Static,0.98,1806.0,128,0,1,129.4886542082014,14.650131065046276,1
debt_to_income,0.75,68,1,Static,0.98,118.0,128,2,3,0.45903515976293086,0.06350394250357153,1
debt_to_income,0.75,68,6,Static,0.98,118.0,128,2,4,2.3372975837132444,2.002176225293199,1
debt_to_income,0.75,71,1,Static,0.98,306.0,128,2,3,1.9592969956640398,0.21917407588238835,1
debt_to_income,0.75,71,6,Static,0.98,306.0,128,2,3,13.126411045190569,0.7322800241126756,1
debt_to_income,0.75,39,1,Static,0.98,1969.0,128,0,2,0.7325880900502215,0.8835766625421794,1
debt_to_income,0.75,39,6,Static,0.98,1969.0,128,2,1,258.345170664579,99.15926916283665,1
debt_to_income,0.75,42,1,Static,0.98,330.0,128,1,0,0.2056074474668499,0.4446156187161899,1
debt_to_income,0.75,42,6,Static,0.98,330.0,128,2,1,35.17673124233598,24.011661318149848,1
debt_to_income,0.75,67,1,Static,0.98,722.0,128,0,1,0.013507908796533366,0.0007533853495144535,1
debt_to_income,0.75,67,6,Static,0.98,722.0,128,3,4,0.2013731099664208,0.040116540672789275,1
debt_to_income,0.75,65,1,Static,0.98,1920.0,128,4,3,0.031232395052007172,0.001343286474886317,1
debt_to_income,0.75,65,6,Static,0.98,1920.0,128,4,3,31.267368358371357,14.561393821995125,1
debt_to_income,0.75,53,1,Static,0.98,227.0,128,3,4,0.0,0.0,2
debt_to_income,0.75,53,6,Static,0.98,227.0,128,3,4,0.0,0.0,2
debt_to_income,0.75,48,1,Static,0.98,573.0,128,3,2,0.0010383173764981768,0.015392868710851907,1
debt_to_income,0.75,48,6,Static,0.98,573.0,128,4,3,31.27632666925765,14.688216261402111,1
debt_to_income,1.0,14,1,Static,0.98,1968.0,128,4,3,0.31499948592532634,0.017723310448076762,1
debt_to_income,1.0,14,6,Static,0.98,1968.0,128,4,3,0.9211508179023571,0.6054196657835533,1
debt_to_income,1.0,24,1,Static,0.98,735.0,128,3,4,0.007590300131339073,0.21485806731936558,1
debt_to_income,1.0,24,6,Static,0.98,735.0,128,2,3,4.664137782388552,2.894970004401197,1
debt_to_income,1.0,5,1,Static,0.98,1013.0,128,4,3,0.8261931980993636,0.15312490551471744,1
debt_to_income,1.0,5,6,Static,0.98,1013.0,128,4,3,14.557047799164707,1.8496427744868513,1
debt_to_income,1.0,32,1,Static,0.98,2076.0,128,2,3,0.8841706638888862,0.7339657883738558,1
debt_to_income,1.0,32,6,Static,0.98,2076.0,128,4,3,37.72291010840992,35.026806950928744,1
debt_to_income,1.0,22,1,Static,0.98,1118.0,128,0,1,0.2534166078751594,0.17962239504903266,1
debt_to_income,1.0,22,6,Static,0.98,1118.0,128,2,1,35.56256835707313,20.77603399630986,1
debt_to_income,1.0,4,1,Static,0.98,1454.0,128,0,1,0.7644130944041239,0.8749201333278607,1
debt_to_income,1.0,4,6,Static,0.98,1454.0,128,2,1,73.27451568836419,50.38294341337377,1
debt_to_income,1.0,25,1,Static,0.98,2058.0,128,1,0,0.007702879711814825,0.021941361148171093,1
debt_to_income,1.0,25,6,Static,0.98,2058.0,128,4,3,47.25546225975209,25.2161863592538,1
debt_to_income,1.0,34,1,Static,0.98,954.0,128,4,3,0.002678024315509564,0.0011359317980790967,1
debt_to_income,1.0,34,6,Static,0.98,954.0,128,4,3,1.1252984689871073,0.08272845952480673,1
debt_to_income,1.0,13,1,Static,0.98,1310.0,128,4,3,0.07412950509982352,0.0013083560996683388,1
debt_to_income,1.0,13,6,Static,0.98,1310.0,128,4,3,1.4886560555062907,0.23454344195952348,1
debt_to_income,1.0,45,1,Static,0.98,1806.0,128,0,1,3.7191962236198153,0.6877573220220038,1
debt_to_income,1.0,45,6,Static,0.98,1806.0,128,0,1,113.7623240723014,13.229592455704656,1
debt_to_income,1.0,68,1,Static,0.98,118.0,128,2,3,0.45903515976293086,0.06350394250357153,1
debt_to_income,1.0,68,6,Static,0.98,118.0,128,2,4,0.7962898464930116,2.9379669928942196,1
debt_to_income,1.0,71,1,Static,0.98,306.0,128,2,3,1.9592969956640398,0.21917407588238835,1
debt_to_income,1.0,71,6,Static,0.98,306.0,128,2,3,13.126411045190569,0.7322800241126756,1
debt_to_income,1.0,39,1,Static,0.98,1969.0,128,2,1,0.27137982793673765,0.8741564324100057,1
debt_to_income,1.0,39,6,Static,0.98,1969.0,128,2,1,168.7423064062457,88.83601933625253,1
debt_to_income,1.0,42,1,Static,0.98,330.0,128,2,1,21.33920595771155,21.599026943146757,1
debt_to_income,1.0,42,6,Static,0.98,330.0,128,2,1,74.73099767829589,38.04513769300057,1
debt_to_income,1.0,67,1,Static,0.98,722.0,128,0,1,0.013507908796533366,0.0007533853495144535,1
debt_to_income,1.0,67,6,Static,0.98,722.0,128,3,4,0.2013731099664208,0.040116540672789275,1
debt_to_income,1.0,65,1,Static,0.98,1920.0,128,4,3,0.031232395052007172,0.001343286474886317,1
debt_to_income,1.0,65,6,Static,0.98,1920.0,128,4,3,38.881714557017176,17.60423626882726,1
debt_to_income,1.0,53,1,Static,0.98,227.0,128,3,4,0.0,0.0,2
debt_to_income,1.0,53,6,Static,0.98,227.0,128,3,4,0.0,0.0,2
debt_to_income,1.0,48,1,Static,0.98,573.0,128,3,2,0.0010383173764981768,0.015392868710851907,1
debt_to_income,1.0,48,6,Static,0.98,573.0,128,4,3,38.85479380559114,16.465197604963397,1
debt_to_income,1.25,14,1,Static,0.98,1968.0,128,4,3,0.31499948592532634,0.017723310448076762,1
debt_to_income,1.25,14,6,Static,0.98,1968.0,128,4,3,0.9211508179023571,0.6054196657835533,1
debt_to_income,1.25,24,1,Static,0.98,735.0,128,3,4,0.007590300131339073,0.21485806731936558,1
debt_to_income,1.25,24,6,Static,0.98,735.0,128,2,3,4.664137782388552,2.894970004401197,1
debt_to_income,1.25,5,1,Static,0.98,1013.0,128,4,3,0.8261931980993636,0.15312490551471744,1
debt_to_income,1.25,5,6,Static,0.98,1013.0,128,4,3,14.557047799164707,1.8496427744868513,1
debt_to_income,1.25,32,1,Static,0.98,2076.0,128,2,3,1.021285599052883,0.7417610448868788,1
debt_to_income,1.25,32,6,Static,0.98,2076.0,128,4,3,37.697418279870575,35.02716448670322,1
debt_to_income,1.25,22,1,Static,0.98,1118.0,128,0,1,0.2534166078751594,0.17962239504903266,1
debt_to_income,1.25,22,6,Static,0.98,1118.0,128,2,1,31.199789712283042,16.475671811067937,1
debt_to_income,1.25,4,1,Static,0.98,1454.0,128,0,1,0.897169608564004,0.8858501620798648,1
debt_to_income,1.25,4,6,Static,0.98,1454.0,128,2,1,65.92157183548078,71.27726347049044,1
debt_to_income,1.25,25,1,Static,0.98,2058.0,128,1,0,0.007702879711814825,0.021941361148171093,1
debt_to_income,1.25,25,6,Static,0.98,2058.0,128,4,3,22.690592865938907,1.0814801503570575,1
debt_to_income,1.25,34,1,Static,0.98,954.0,128,4,3,0.002678024315509564,0.0011359317980790967,1
debt_to_income,1.25,34,6,Static,0.98,954.0,128,4,3,13.349119954454395,12.216702411170225,1
debt_to_income,1.25,13,1,Static,0.98,1310.0,128,4,3,0.07412950509982352,0.0013083560996683388,1
debt_to_income,1.25,13,6,Static,0.98,1310.0,128,4,3,1.4886560555062907,0.23454344195952348,1
debt_to_income,1.25,45,1,Static,0.98,1806.0,128,1,0,5.729148933210856,9.502506305943815,1
debt_to_income,1.25,45,6,Static,0.98,1806.0,128,0,1,119.99769379408232,11.96537547089234,1
debt_to_income,1.25,68,1,Static,0.98,118.0,128,2,3,0.45903515976293086,0.06350394250357153,1
debt_to_income,1.25,68,6,Static,0.98,118.0,128,2,4,0.7962898464930116,2.9379669928942196,1
debt_to_income,1.25,71,1,Static,0.98,306.0,128,2,3,1.9592969956640398,0.21917407588238835,1
debt_to_income,1.25,71,6,Static,0.98,306.0,128,2,3,13.126411045190569,0.7322800241126756,1
debt_to_income,1.25,39,1,Static,0.98,1969.0,128,0,2,0.9201245271551193,0.906172339739314,1
debt_to_income,1.25,39,6,Static,0.98,1969.0,128,2,1,230.2625440052518,91.10375982087986,1
debt_to_income,1.25,42,1,Static,0.98,330.0,128,1,2,0.2798019837075705,0.06054231356324143,1
debt_to_income,1.25,42,6,Static,0.98,330.0,128,2,1,35.23844688550067,24.011517806964154,1
debt_to_income,1.25,67,1,Static,0.98,722.0,128,0,1,0.013507908796533366,0.0007533853495144535,1
debt_to_income,1.25,67,6,Static,0.98,722.0,128,3,4,0.2013731099664208,0.040116540672789275,1
debt_to_income,1.25,65,1,Static,0.98,1920.0,128,4,3,0.031232395052007172,0.001343286474886317,1
debt_to_income,1.25,65,6,Static,0.98,1920.0,128,4,3,31.09003541654333,15.859299949727545,1
debt_to_income,1.25,53,1,Static,0.98,227.0,128,3,4,0.0,0.0,2
debt_to_income,1.25,53,6,Static,0.98,227.0,128,3,4,0.0,0.0,2
debt_to_income,1.25,48,1,Static,0.98,573.0,128,3,2,0.0010383173764981768,0.015392868710851907,1
debt_to_income,1.25,48,6,Static,0.98,573.0,128,4,3,31.262659453530787,14.68834995074422,1
debt_to_income,1.5,14,1,Static,0.98,1968.0,128,4,3,0.31499948592532634,0.017723310448076762,1
debt_to_income,1.5,14,6,Static,0.98,1968.0,128,4,3,0.9211508179023571,0.6054196657835533,1
debt_to_income,1.5,24,1,Static,0.98,735.0,128,3,4,0.007590300131339073,0.21485806731936558,1
debt_to_income,1.5,24,6,Static,0.98,735.0,128,2,3,4.664137782388552,2.894970004401197,1
debt_to_income,1.5,5,1,Static,0.98,1013.0,128,4,3,0.8261931980993636,0.15312490551471744,1
debt_to_income,1.5,5,6,Static,0.98,1013.0,128,4,3,9.627766249462368,5.287773563325217,1
debt_to_income,1.5,32,1,Static,0.98,2076.0,128,0,1,1.6189683866174058,0.7257712634709632,1
debt_to_income,1.5,32,6,Static,0.98,2076.0,128,4,3,42.48602838668319,35.3250030430215,1
debt_to_income,1.5,22,1,Static,0.98,1118.0,128,0,1,0.2534166078751594,0.17962239504903266,1
debt_to_income,1.5,22,6,Static,0.98,1118.0,128,2,1,32.02268387137828,17.347524640429516,1
debt_to_income,1.5,4,1,Static,0.98,1454.0,128,0,1,0.897169608564004,0.8858501620798648,1
debt_to_income,1.5,4,6,Static,0.98,1454.0,128,1,2,35.78623744453018,69.92601449516164,1
debt_to_income,1.5,25,1,Static,0.98,2058.0,128,1,0,0.007702879711814825,0.021941361148171093,1
debt_to_income,1.5,25,6,Static,0.98,2058.0,128,4,3,22.630436823005027,1.0865494450964444,1
debt_to_income,1.5,34,1,Static,0.98,954.0,128,4,3,0.002678024315509564,0.0011359317980790967,1
debt_to_income,1.5,34,6,Static,0.98,954.0,128,4,3,1.1111744154340168,0.08658318296632483,1
debt_to_income,1.5,13,1,Static,0.98,1310.0,128,4,3,0.07412950509982352,0.0013083560996683388,1
debt_to_income,1.5,13,6,Static,0.98,1310.0,128,4,3,1.4886560555062907,0.23454344195952348,1
debt_to_income,1.5,45,1,Static,0.98,1806.0,128,1,0,15.177494090041527,13.368485178698375,1
debt_to_income,1.5,45,6,Static,0.98,1806.0,128,0,1,114.17600793128642,10.027456564754104,1
debt_to_income,1.5,68,1,Static,0.98,118.0,128,2,3,0.45903515976293086,0.06350394250357153,1
debt_to_income,1.5,68,6,Static,0.98,118.0,128,2,4,0.7962898464930116,2.9379669928942196,1
debt_to_income,1.5,71,1,Static,0.98,306.0,128,2,3,1.9592969956640398,0.21917407588238835,1
debt_to_income,1.5,71,6,Static,0.98,306.0,128,2,3,13.301311555988752,0.752138074424619,1
debt_to_income,1.5,39,1,Static,0.98,1969.0,128,0,2,0.9201245271551193,0.906172339739314,1
debt_to_income,1.5,39,6,Static,0.98,1969.0,128,2,1,213.10713403652494,96.97769776621779,1
debt_to_income,1.5,42,1,Static,0.98,330.0,128,2,1,20.985626803916038,21.26837193480533,1
debt_to_income,1.5,42,6,Static,0.98,330.0,128,2,1,35.315936378973596,24.01199298321622,1
debt_to_income,1.5,67,1,Static,0.98,722.0,128,0,1,0.013507908796533366,0.0007533853495144535,1
debt_to_income,1.5,67,6,Static,0.98,722.0,128,3,4,0.2013731099664208,0.040116540672789275,1
debt_to_income,1.5,65,1,Static,0.98,1920.0,128,4,3,0.031232395052007172,0.001343286474886317,1
debt_to_income,1.5,65,6,Static,0.98,1920.0,128,4,3,38.26106453386704,17.338500194216596,1
debt_to_income,1.5,53,1,Static,0.98,227.0,128,3,4,0.0,0.0,2
debt_to_income,1.5,53,6,Static,0.98,227.0,128,3,4,0.0,0.0,2
debt_to_income,1.5,48,1,Static,0.98,573.0,128,3,2,0.0010383173764981768,0.015392868710851907,1
debt_to_income,1.5,48,6,Static,0.98,573.0,128,4,3,30.622516612605207,14.714910363330034,1
