,avg_reward,portfolio_reward,default_rate,avg_pd,avg_limit
static_maintain,-1371.110471089602,-1371110.471089602,11.8,0.12277737130925585,6933.8988984958805
conservative,-1548.9278745334566,-1548927.8745334565,11.8,0.139235612050936,6240.508998313981
aggressive,-1229.4691381356797,-1229469.1381356798,11.1,0.1101088641247049,7574.42162580795
decrement_high_risk,-1698.7564419952778,-1698756.4419952778,13.9,0.15139148790273302,6220.74296213655
increment_low_risk,-1357.7432420048306,-1357743.2420048306,11.6,0.12119978302092192,7543.622737207859
