customer_id,scenario,source_policy,month,remaining_horizon,phase,pd,utilization,balance,current_limit,income,payment_ratio,delinquency,behavioral_score,macro_regime,macro_stress,pd_bucket,utilization_bucket,income_bucket,latent_creditworthiness,latent_spending_propensity,latent_payment_propensity,latent_income_stability,state_id,weight,experiment_id,seed,action,teacher_action,entropy,requested_teacher_regret,teacher_regret,agreement,effective_action,effective_agreement,probability_0,logit_0,probability_1,logit_1,probability_2,logit_2,probability_3,logit_3,probability_4,logit_4
B_RL_test_00000,baseline,PPO,16,8,late,0.2379555790490246,1.0,500.0,500.0,5985.089705294903,0.23118783353356365,0,730.9437736673831,1,0.0,1,1,high,0.7766626320299265,1.1540687281369808,0.34471001732411144,0.8095158963876717,0,24,Imitation_64x64,101,2,2,1.366465,0.0,0.0,True,0.0,True,0.10696278,-2.2352743,0.16417636,-1.806814,0.40074176,-0.914438,0.029257659,-3.5316138,0.29886138,-1.2077754
B_RL_test_00001,baseline,ObservationPlanner,12,12,middle,0.06837194242154448,1.0,500.0,500.0,2007.3304872982224,0.2888737980221177,0,830.2815138817816,1,0.0,0,1,low,1.6613225481260747,0.841180276874062,0.2960832412250551,0.6198577850919593,1,24,Imitation_64x64,101,4,3,1.3079182,3.6115330164159616,3.6115330164159616,False,0.2,False,0.047989886,-3.0367649,0.09167394,-2.389517,0.23395377,-1.4526317,0.12299972,-2.0955732,0.5033827,-0.6864046
B_RL_test_00002,baseline,MyopicEconomic,13,11,middle,0.10210201177067327,0.11217209360571379,1075.2796781170684,9585.982070520044,2437.259079929716,0.45502879908228483,0,690.9761593017319,1,0.0,0,0,low,0.4546918678629157,0.8585965558808485,0.47150063272009635,0.832595564470931,2,24,Imitation_64x64,101,4,4,0.9068256,0.0,0.0,True,0.2,True,0.009359126,-4.6714034,0.027531516,-3.592424,0.06429083,-2.7443383,0.21275805,-1.5475997,0.6860604,-0.37678957
B_RL_test_00003,baseline,PPO,2,22,early,0.054717952272838925,0.5403214730936744,3796.953775699434,7027.212436995197,7228.707337667853,0.5379484931676871,0,748.6695090541555,1,0.0,0,1,high,1.033632078382112,1.2276235612338229,0.47864155202413344,0.8531424835747992,3,8,Imitation_64x64,101,0,0,0.06394827,0.0,0.0,True,-0.2,True,0.9894294,-0.010626793,0.009133541,-4.6958017,0.0010164786,-6.891411,0.0001439986,-8.845707,0.00027654655,-8.193131
B_RL_test_00004,baseline,ObservationPlanner,3,21,early,0.5968721123186518,0.9999999999999999,3651.982730983609,3651.9827309836096,3627.0039340218054,0.3087336184147029,0,638.3216473516175,1,0.0,1,1,high,0.4602511534154351,1.0830413162393473,0.45980112852588634,0.7412130218716163,4,24,Imitation_64x64,101,0,0,0.044922262,0.0,0.0,True,-0.2,True,0.99281573,-0.0072102547,0.0066637043,-5.01108,3.7432306e-05,-10.192976,0.00033143346,-8.012084,0.00015175693,-8.793231
B_RL_test_00005,baseline,MyopicEconomic,1,23,early,0.4979048576250192,0.3364270541945389,1502.9110351080908,4467.271631011675,1721.8301202996743,0.4036472237693899,0,633.9837050213686,1,0.0,1,0,low,-0.04444196082094837,1.1818582927166443,0.48676356778721747,0.6668066982541053,5,18,Imitation_64x64,101,0,0,0.031233232,0.0,0.0,True,-0.2,True,0.9957045,-0.004304886,0.0018579469,-6.2882833,3.7383434e-06,-12.496868,0.0022819773,-6.082713,0.00015198499,-8.791729
B_RL_test_00006,baseline,PPO,13,11,middle,0.05475255465070265,1.0,602.6021772084498,602.6021772084498,5078.781453664926,0.36775751012369107,0,715.3175253995527,1,0.0,0,1,high,0.9316380738118776,0.6386269675984682,0.5197144407917117,0.5755142980102315,6,24,Imitation_64x64,101,2,0,1.057686,1.1224271131677739,1.1224271131677739,False,0.0,False,0.03165288,-3.4529264,0.0795915,-2.530848,0.6149322,-0.48624337,0.029355986,-3.5282588,0.24446756,-1.4086727
B_RL_test_00007,baseline,ObservationPlanner,1,23,early,0.7906424101315642,0.7179192941709722,8615.031530051667,12000.0,6070.414391389817,0.2917653700524575,0,557.1473599055465,1,0.0,2,1,high,-1.7014713346367327,1.0009109290001965,0.4410433472212441,0.6888284147284123,7,5,Imitation_64x64,101,0,0,0.0046855635,0.0,0.0,True,-0.2,True,0.9994629,-0.0005373955,0.00051730685,-7.5668745,7.5542866e-06,-11.793396,1.024564e-05,-11.488658,2.0840346e-06,-13.081205
B_RL_test_00008,baseline,MyopicEconomic,23,1,late,0.3562722482467574,0.3167653090738204,4751.479636107306,15000.0,4969.615697772818,0.266977695303081,0,616.3304101583744,1,0.0,1,0,high,-0.39024726220835865,0.9356708536559166,0.4388010593340236,0.8167731441495508,8,24,Imitation_64x64,101,2,1,0.90925306,34.28708449154385,34.28708449154385,False,0.0,False,0.20713632,-1.5743783,0.10548089,-2.2492256,0.66871244,-0.4024012,0.00054929534,-7.506874,0.018121013,-4.010683
B_RL_test_00009,baseline,PPO,6,18,early,0.7033396566006782,1.0,2387.8285674671947,2387.8285674671947,3251.035828942063,0.27809642607519547,0,572.0517507533034,1,0.0,2,1,high,-0.11325674064309288,0.5753649050646394,0.44374303847723623,0.8737371263430239,9,7,Imitation_64x64,101,0,0,0.24078996,0.0,0.0,True,-0.2,True,0.9456602,-0.055871964,0.04642153,-3.0699918,0.0006192172,-7.3870544,0.004265775,-5.4571314,0.0030332734,-5.798113
B_RL_test_00010,baseline,ObservationPlanner,0,24,early,0.5818128660363321,0.41951200414734585,1009.1047478201779,2405.425203198115,1701.555300007723,0.4,0,588.9865506153408,1,0.0,1,0,low,-0.4838409806239353,0.8413063321790891,0.4391246703190555,0.6872603844075084,10,4,Imitation_64x64,101,0,0,0.023306765,0.0,0.0,True,-0.2,True,0.9969074,-0.0030975342,0.0011615995,-6.7579575,3.1486315e-06,-12.668543,0.0018650524,-6.2844663,6.284574e-05,-9.674828
B_RL_test_00011,baseline,MyopicEconomic,2,22,early,0.37210149521443003,0.5939540529908843,4663.409728891948,7851.465454960907,3018.192616841782,0.3204942918365675,0,671.5810896528725,1,0.0,1,1,high,0.6701751736113165,1.1556843223065958,0.3527015341276848,0.6125902414428819,11,15,Imitation_64x64,101,0,0,0.037904102,0.0,0.0,True,-0.2,True,0.99420035,-0.0058164597,0.0052993502,-5.240171,0.00018184632,-8.612349,0.00015355024,-8.781483,0.00016503569,-8.709349
B_RL_test_00012,baseline,PPO,21,3,late,0.030994854075521758,1.0,500.0,500.0,1700.7150011455492,0.5600166912975704,0,727.7627978170854,1,0.0,0,1,low,0.9772288051966393,0.9509734753112715,0.46436674060322847,0.7302773060708184,12,24,Imitation_64x64,101,4,4,0.88516545,0.0,0.0,True,0.2,True,0.0008533022,-7.0663967,0.005562346,-5.1917353,0.091967545,-2.3863196,0.25544354,-1.364754,0.6461733,-0.4366877
B_RL_test_00013,baseline,ObservationPlanner,0,24,early,0.7414863323513986,0.05153996531154906,233.57152728401954,4531.85262877313,2645.317637165965,0.4,0,486.97141271942724,1,0.0,2,0,low,-1.736257804977541,1.0740468656905695,0.3667052714676963,0.6175553539035563,13,3,Imitation_64x64,101,0,0,0.034177184,0.0,0.0,True,-0.2,True,0.9949319,-0.0050811768,0.00066267134,-7.3192315,1.1668071e-06,-13.66124,0.004333543,-5.44137,7.063888e-05,-9.55793
B_RL_test_00014,baseline,MyopicEconomic,1,23,early,0.5271408732435738,0.7017806288528439,6543.9437847632835,9324.771183069348,3885.4089210235634,0.42337198126547393,0,675.8104456583286,1,0.0,1,1,high,-0.6684220948261075,1.1138218846795502,0.3991183392656671,0.6578988792549979,14,2,Imitation_64x64,101,0,0,0.0033951264,0.0,0.0,True,-0.2,True,0.99962616,-0.00037384033,0.00035914127,-7.9317946,9.1702583e-07,-13.90213,1.1712011e-05,-11.354896,2.0668374e-06,-13.089491
B_RL_test_00015,baseline,PPO,0,24,early,0.8827892318835304,0.7750439435362315,7010.115307667944,9044.797222314191,5056.69050475539,0.4,0,530.7452935881225,1,0.0,2,1,high,-1.857567923464245,1.5996820862393486,0.20504247408141998,0.6309168474085493,15,1,Imitation_64x64,101,0,0,0.0023725047,0.0,0.0,True,-0.2,True,0.9997503,-0.00024986267,0.00023824781,-8.342199,3.784515e-07,-14.787178,1.0107986e-05,-11.502185,9.624365e-07,-13.853798
B_RL_test_00016,baseline,ObservationPlanner,1,23,early,0.7575848522418619,0.7648472559966231,9178.167071959477,12000.0,6023.664357898624,0.27747791859413073,0,593.4475459693606,1,0.0,2,1,high,-0.4401584506355456,1.0497642801219806,0.40754786971653073,0.5611451094235479,16,3,Imitation_64x64,101,0,0,0.0071536065,0.0,0.0,True,-0.2,True,0.9991296,-0.00087070465,0.0008426229,-7.078991,1.1756068e-05,-11.351141,1.2022477e-05,-11.3287325,3.945695e-06,-12.442885
B_RL_test_00017,baseline,MyopicEconomic,11,13,middle,0.5162938840900015,0.37042864239233037,5556.429635884955,14999.999999999998,4958.497682325035,0.23577242148980457,0,698.095833451383,1,0.0,1,0,high,1.1733858159969814,0.7571982460402745,0.28812725488404634,0.8037034744292322,17,24,Imitation_64x64,101,0,0,0.22952138,0.0,0.0,True,-0.2,True,0.9514519,-0.049766064,0.033091128,-3.40849,0.014139002,-4.258818,0.00013000413,-8.947944,0.0011880202,-6.735467
B_RL_test_00018,baseline,PPO,11,13,middle,0.44546002368694276,1.0801788188977697,712.5405351230945,659.6505343903904,4599.457693830454,0.1925300329586777,0,678.6047451687893,1,0.0,1,2,high,0.783350719956263,0.519994892666678,0.3439098168059432,0.6750775086741557,18,15,Imitation_64x64,101,0,1,1.3941517,69.66007399624488,69.66007399624488,False,-0.2,False,0.34914294,-1.0522739,0.31854284,-1.1439983,0.1094274,-2.212494,0.028735988,-3.5496051,0.19415076,-1.6391203
B_RL_test_00019,baseline,ObservationPlanner,14,10,middle,0.43628357786420313,1.0,986.8792762181879,986.8792762181879,2549.5416782191555,0.15752058515941827,0,614.2332567570838,1,0.0,1,1,low,0.008801761928701954,1.281540519190883,0.5907284257417467,0.640373467956049,19,16,Imitation_64x64,101,2,0,1.5253608,42.19368540547913,42.19368540547913,False,0.0,False,0.24090768,-1.4233414,0.19278626,-1.6461731,0.26217157,-1.3387561,0.06077445,-2.8005857,0.24336,-1.4132134
B_RL_test_00020,baseline,MyopicEconomic,6,18,early,0.9904872805090876,1.0,10354.41707224261,10354.41707224261,5657.078470578648,0.02,2,490.4954424610693,1,0.0,2,1,high,-1.4821096191035665,1.036690732347569,0.2978889158652708,0.5594487500561349,20,9,Imitation_64x64,101,0,0,0.21145277,0.0,0.0,True,-0.2,True,0.9550875,-0.04595232,0.03393678,-3.383256,0.010232291,-4.5822067,0.00030890814,-8.082467,0.0004345977,-7.74109
B_RL_test_00021,baseline,PPO,2,22,early,0.99134664354728,1.2249999999999999,1933.011399525078,1577.9684894082272,2850.588671250648,0.02,3,405.7868496895012,1,0.0,2,2,low,-2.4253689918491133,0.8437459054517884,0.339367546935539,0.6145889537406355,21,3,Imitation_64x64,101,0,0,0.397645,0.0,0.0,True,-0.2,True,0.9006582,-0.10462952,0.07598928,-2.577163,0.015849082,-4.144644,0.004066047,-5.505084,0.0034373067,-5.673067
B_RL_test_00022,baseline,ObservationPlanner,7,17,early,0.17169114823543966,1.0,1306.4095068443337,1306.4095068443337,3277.468032966299,0.36792693239861396,0,673.2894883247873,1,0.0,0,1,high,0.5250911873728785,1.0225740464416466,0.5763159361893628,0.6742307684177278,22,22,Imitation_64x64,101,0,1,1.3209668,11.375790228516536,11.375790228516536,False,-0.2,False,0.45713907,-0.7827677,0.2784493,-1.2785194,0.071000665,-2.6450663,0.042280108,-3.1634388,0.1511309,-1.8896091
B_RL_test_00023,baseline,MyopicEconomic,4,20,early,0.9678035069402425,1.0,12000.0,12000.0,5891.699067860228,0.032024988808005285,2,563.8674519452862,1,0.0,2,1,high,0.24134772804040389,1.3810949496954836,0.24254573603279125,0.7506369767835125,23,5,Imitation_64x64,101,0,0,0.07795748,0.0,0.0,True,-0.2,True,0.9868956,-0.013190746,0.009892664,-4.6159616,0.0030256526,-5.800628,0.00010431928,-9.168055,8.162276e-05,-9.413403
B_RL_test_00024,baseline,PPO,2,22,early,0.8642852064172054,0.6675057313785617,2305.939145833296,3454.5608186329287,2026.5878802852524,0.06325948422561593,0,590.1525426782189,1,0.0,2,1,low,-2.0101277777033815,1.478343626097419,0.4308653496981941,0.530824615742716,24,3,Imitation_64x64,101,0,0,0.04888247,0.0,0.0,True,-0.2,True,0.99243003,-0.007598877,0.006280847,-5.0702505,7.5540345e-05,-9.490844,0.0009534599,-6.9554133,0.0002601026,-8.254435
B_RL_test_00025,baseline,ObservationPlanner,1,23,early,0.9230822556998987,0.7019633566330249,2407.255806884243,3429.3183314164326,2132.473316032242,0.02,1,572.8295723806025,1,0.0,2,1,low,-1.0508383580584602,0.7887385917443512,0.307348428917548,0.5336745085892886,25,4,Imitation_64x64,101,0,0,0.11180007,0.0,0.0,True,-0.2,True,0.97920096,-0.021018505,0.01814309,-4.0094657,0.0010466012,-6.8622074,0.001172324,-6.7487674,0.00043706666,-7.735425
B_RL_test_00026,baseline,MyopicEconomic,7,17,early,0.9365901282485903,0.8443705650804314,12665.558476206472,15000.0,6448.501935164566,0.02,1,585.5290430706376,1,0.0,2,1,high,-0.8487921202430904,0.9644137800497737,0.41649155616272776,0.8018488833642444,26,13,Imitation_64x64,101,0,0,0.113040805,0.0,0.0,True,-0.2,True,0.979913,-0.020291328,0.01168128,-4.4497676,0.008222476,-4.800884,8.185862e-05,-9.410517,0.0001014101,-9.196338
B_RL_test_00027,baseline,PPO,11,13,middle,0.3252033535477799,1.0,609.6849856969869,609.6849856969869,3296.621660629314,0.3299546280846452,0,567.02653296758,1,0.0,1,1,high,-0.4425082286603216,0.8392601629979316,0.5331463867747503,0.7045610005896411,27,24,Imitation_64x64,101,0,0,1.5261743,0.0,0.0,True,-0.17990436,True,0.31718436,-1.1482722,0.23357286,-1.4542613,0.12820007,-2.0541632,0.09407238,-2.3636909,0.2269704,-1.4829357
B_RL_test_00028,baseline,ObservationPlanner,3,21,early,0.9893089746322069,1.0,2404.765648729171,2404.765648729171,2121.9774031476454,0.02,3,432.8680540537394,1,0.0,2,1,low,-2.0485506467438626,0.6815482883078391,0.3819575070249458,0.8591634595862108,28,4,Imitation_64x64,101,0,0,0.2745172,0.0,0.0,True,-0.2,True,0.94087106,-0.060949087,0.041867774,-3.1732388,0.011923468,-4.429247,0.0032528162,-5.7282343,0.0020849952,-6.172989
B_RL_test_00029,baseline,MyopicEconomic,23,1,late,0.9018311721921631,0.5956190380587226,8934.28557088084,15000.0,1928.8363003603918,0.05497909600922661,0,696.4720478215925,1,0.0,2,1,low,1.4081782222310821,1.1454430642322595,0.1524521085135705,0.686066795455444,29,24,Imitation_64x64,101,0,1,0.5803312,9.62374282235669,9.62374282235669,False,-0.2,False,0.8166381,-0.20255923,0.15397184,-1.8709856,0.017035386,-4.0724626,0.00088116445,-7.0342665,0.011473458,-4.467719
B_RL_test_00030,baseline,PPO,18,6,late,0.17458352387309314,1.0,500.0,500.0,4154.559915174503,0.2914746552731627,0,680.746830732853,1,0.0,0,1,high,0.36049063728598935,0.6978249320066493,0.4584913795995479,0.7048195239783651,30,24,Imitation_64x64,101,2,2,1.2219778,0.0,0.0,True,0.0,True,0.041131623,-3.190978,0.06831143,-2.6836784,0.47860765,-0.7368742,0.07103762,-2.6445458,0.34091175,-1.0761317
B_RL_test_00031,baseline,ObservationPlanner,23,1,late,0.3881165845248731,1.0,600.0,600.0,1384.7393957328795,0.35565533850095415,0,628.2226086563135,1,0.0,1,1,low,-0.4494291645959675,1.2133114246152,0.5382540007993669,0.5509989301790695,31,24,Imitation_64x64,101,3,0,1.0506569,34.877724604324385,34.877724604324385,False,0.1,False,0.038885023,-3.2471461,0.029952116,-3.5081556,0.03453695,-3.3657255,0.5334264,-0.6284343,0.36319956,-1.012803
B_RL_test_00032,baseline,MyopicEconomic,14,10,middle,0.11861461159707183,0.39623458995451744,5943.518849317761,14999.999999999998,6538.028638524567,0.4823572270107184,0,663.1472569094424,1,0.0,0,0,high,0.07233569176205216,1.0330987645795806,0.5532516681278125,0.8240805632894571,32,24,Imitation_64x64,101,0,0,1.0740134,0.0,0.0,True,-0.2,True,0.42767873,-0.8493829,0.17952882,-1.7174194,0.38603166,-0.95183575,0.00029253095,-8.13694,0.0064681694,-5.040862
B_RL_test_00033,baseline,PPO,3,21,early,0.8656298298742936,1.2249999999999999,3366.5276172647314,2748.1858100120257,1736.8128697309855,0.02,1,642.2010355136549,1,0.0,2,2,low,-0.569740014719955,0.9772691096688223,0.5020581483713409,0.5604406923181983,33,5,Imitation_64x64,101,0,0,0.648673,0.0,0.0,True,-0.2,True,0.79017717,-0.23549795,0.1724544,-1.7576222,0.020837244,-3.8710132,0.006322698,-5.063609,0.010208522,-4.5845323
B_RL_test_00034,baseline,ObservationPlanner,8,16,middle,0.7209933912032997,1.059538316732895,557.355009681004,526.0357279004483,2206.3188351759422,0.15236934661368406,0,559.6977206594408,1,0.0,2,2,low,-0.5568992969228953,1.1557145411930765,0.33555444694239067,0.7880201275407003,34,19,Imitation_64x64,101,0,1,0.8277867,33.23309480033947,0.0,False,-0.04949422,True,0.7361305,-0.30634797,0.17537774,-1.7408131,0.007878528,-4.843614,0.038828027,-3.2486129,0.041785225,-3.1752124
B_RL_test_00035,baseline,MyopicEconomic,2,22,early,0.7124069971554298,0.3601784377622567,2346.3730929921007,6514.4740689360015,2943.277717707141,0.26742186215069164,0,534.1750857694525,1,0.0,2,0,low,-1.6769227877276522,1.0197454526672802,0.36430119712109293,0.39029351173850463,35,4,Imitation_64x64,101,0,0,0.014398226,0.0,0.0,True,-0.2,True,0.9981554,-0.0018463135,0.0015760439,-6.4528375,1.6427624e-05,-11.016546,0.00020900763,-8.47314,4.3121665e-05,-10.051485
B_RL_test_00036,baseline,PPO,10,14,middle,0.16985238612265544,1.351124932690788,743.3727078413355,550.1879876947398,2712.1614947827516,0.11763269701826078,0,746.4215773999038,1,0.0,0,2,low,0.7987720270045131,0.8271682697862274,0.4029096007715378,0.7093812837974224,36,24,Imitation_64x64,101,2,3,1.2444155,10.061639613274025,10.061639613274025,False,0.0,False,0.08217084,-2.4989548,0.14786911,-1.9114277,0.51120114,-0.67099214,0.017340897,-4.0546875,0.24141802,-1.4212253
B_RL_test_00037,baseline,ObservationPlanner,5,19,early,0.8993257552516476,1.2268159216879904,2290.904721091305,1867.358159110963,2854.9562517245977,0.02,1,633.4964033299018,1,0.0,2,2,low,-1.2539493473761563,1.107970464256297,0.20714979550495394,0.5822403131144498,37,7,Imitation_64x64,101,0,2,0.8205917,11.841537744849802,11.841537744849802,False,-0.2,False,0.7087567,-0.34424293,0.22579755,-1.4881165,0.037660524,-3.2791429,0.00905402,-4.7045465,0.018731315,-3.9775584
B_RL_test_00038,baseline,MyopicEconomic,14,10,middle,0.684448328390616,0.6413451513607958,9620.177270411938,15000.0,4305.019512426003,0.05992413603561583,0,653.8034205228332,1,0.0,2,1,high,0.4441157710907515,0.9390821754564493,0.4005351522638762,0.7348842428889295,38,24,Imitation_64x64,101,0,0,0.5883846,0.0,0.0,True,-0.2,True,0.8303706,-0.18588328,0.09161542,-2.3901558,0.074231066,-2.6005726,0.00024824112,-8.30111,0.003534639,-5.6451445
B_RL_test_00039,baseline,PPO,5,19,early,0.9378959300747195,1.2950503995707228,2458.174595305655,1898.1304481435466,2057.7661936202644,0.031255013014439295,2,545.5440171275179,1,0.0,2,2,low,-0.9910608771563214,1.0687565486503725,0.32931114337766065,0.480487284890949,39,6,Imitation_64x64,101,0,0,0.6044398,0.0,0.0,True,-0.2,True,0.83059996,-0.18560696,0.11709981,-2.1447287,0.035216745,-3.3462336,0.0077106054,-4.8651586,0.009372841,-4.669939
B_RL_test_00040,baseline,ObservationPlanner,6,18,early,0.03798601396408765,0.8618221026318759,1346.2592029839443,1562.1080021882358,2112.7510526336328,0.542259564850849,0,719.0124875867314,1,0.0,0,1,low,0.3911514500331968,1.2544957364432432,0.6953851683896436,0.6634477604756893,40,24,Imitation_64x64,101,0,0,1.4285097,0.0,0.0,True,-0.2,True,0.34018117,-1.078277,0.17487425,-1.7436882,0.02012046,-3.9060183,0.23743007,-1.4378822,0.22739406,-1.4810709
B_RL_test_00041,baseline,MyopicEconomic,19,5,late,0.016633071844414767,0.1169709276912876,1754.563915369314,15000.0,3437.7353052762714,0.6094754641587934,0,764.7739696208452,1,0.0,0,0,high,1.3455774008055212,0.8534561755749168,0.47756049876243367,0.5444764634918892,41,24,Imitation_64x64,101,2,2,0.5591324,0.0,0.0,True,0.0,True,0.0010361274,-6.872265,0.040989008,-3.194451,0.8416619,-0.17237663,0.006743557,-4.9991674,0.1095694,-2.211197
B_RL_test_00042,baseline,PPO,10,14,middle,0.8826765474543761,2.574432043205924,2637.215610419299,1024.3873468631905,3450.7898658345794,0.027796455183778677,2,675.3251678924596,1,0.0,2,2,high,0.22909678781778126,0.879346771579291,0.2553585836990128,0.47150706749456744,42,12,Imitation_64x64,101,1,0,1.2859241,42.212314073346306,42.212314073346306,False,-0.1,False,0.3496103,-1.0509362,0.37110358,-0.99127406,0.20478839,-1.5857781,0.0117204115,-4.4464235,0.06277736,-2.7681608
B_RL_test_00043,baseline,ObservationPlanner,4,20,early,0.9623949810652032,1.5867197334287197,3929.6597847989556,2476.5935042021633,4452.6622712573635,0.02,3,542.2881919852082,1,0.0,2,2,high,-0.4983394640877816,1.1813366229036073,0.33760433114928884,0.7006270214394502,43,7,Imitation_64x64,101,0,0,0.53592294,0.0,0.0,True,-0.2,True,0.85090053,-0.16146016,0.106004976,-2.2442694,0.035543285,-3.3370042,0.0031478337,-5.7610407,0.0044033304,-5.4253945
B_RL_test_00044,baseline,MyopicEconomic,2,22,early,0.379209978329903,0.47810556982222124,2525.127915294928,5281.527919103455,1429.7605211837863,0.19493247158948834,0,762.0436848092071,1,0.0,1,0,low,0.09031488076551453,1.5566656761988789,0.21693195513352462,0.675601763777255,44,8,Imitation_64x64,101,0,0,0.07808517,0.0,0.0,True,-0.2,True,0.98725224,-0.012829781,0.009569539,-4.6491704,0.00016453661,-8.712378,0.0018667454,-6.283559,0.001146884,-6.7707067
B_RL_test_00045,baseline,PPO,5,19,early,0.8222238740449165,1.2249999999999999,1883.35045135406,1537.4289398808653,3348.3448880232113,0.02,1,577.8049262304501,1,0.0,2,2,high,-0.7434848889073253,0.7769566157120102,0.4900627923832935,0.6806089276604373,45,9,Imitation_64x64,101,0,2,1.0598543,6.070997502499495,6.070997502499495,False,-0.2,False,0.59233934,-0.5236757,0.24859643,-1.3919245,0.11990955,-2.1210177,0.010174931,-4.5878286,0.028979786,-3.5411568
B_RL_test_00046,baseline,ObservationPlanner,13,11,middle,0.20288459529389125,0.9999999999999999,776.6788847965151,776.6788847965153,5999.266924562831,0.3460085372071179,0,687.7671178537944,1,0.0,1,1,high,0.04468770119945725,1.1100338854838319,0.466752765563234,0.8465379303694447,46,24,Imitation_64x64,101,2,0,1.4506783,60.698230747747914,60.698230747747914,False,0.0,False,0.15778454,-1.8465248,0.21705382,-1.52761,0.33075696,-1.1063714,0.032287966,-3.4330606,0.2621167,-1.3389654
B_RL_test_00047,baseline,MyopicEconomic,6,18,early,0.6680502290690778,1.0,11664.0,11664.0,5780.583328255228,0.14874161924604068,0,650.2689375648152,1,0.0,2,1,high,0.6794578365423228,1.2605601452914865,0.39418557739057486,0.663345949117258,47,12,Imitation_64x64,101,0,1,0.45884174,22.27562385890087,22.27562385890087,False,-0.2,False,0.8803199,-0.12747002,0.06797682,-2.6885886,0.04925624,-3.0107193,0.00027282443,-8.206682,0.0021741483,-6.1311183
B_RL_test_00048,baseline,PPO,3,21,early,0.22787425817632054,1.0,3496.625410377927,3496.625410377927,4282.18936652522,0.2394748583802661,0,739.214628121166,1,0.0,1,1,high,0.8746453651728925,1.2289568893253286,0.34581064897313346,0.5645890100507188,48,11,Imitation_64x64,101,0,0,1.047666,0.0,0.0,True,-0.2,True,0.6112562,-0.49223912,0.23947082,-1.4293237,0.086991936,-2.4419398,0.0057491073,-5.1587105,0.05653195,-2.8729491
B_RL_test_00049,baseline,ObservationPlanner,10,14,middle,0.3614319639668689,1.0,557.1361346362471,557.1361346362471,1756.1217037408028,0.22041247065985103,0,667.8601291773981,1,0.0,1,1,low,0.2671931472578545,0.946027321721571,0.49805137706200514,0.8348476688154185,49,24,Imitation_64x64,101,0,0,1.4532454,0.0,0.0,True,-0.10255327,True,0.3701043,-0.9939704,0.22523947,-1.4905912,0.05456512,-2.9083605,0.11765408,-2.1400065,0.23243707,-1.4591358
B_RL_test_00050,baseline,MyopicEconomic,1,23,early,0.5640436083834576,0.37198488593015544,2778.8507088085507,7470.332300894378,2832.6429911485493,0.35883944705264603,0,654.4683900435166,1,0.0,1,0,low,-0.44078875144303553,0.8380510296018817,0.3871942516794568,0.6034522769722803,50,24,Imitation_64x64,101,0,0,0.0073134154,0.0,0.0,True,-0.2,True,0.99913496,-0.00086545944,0.0007703961,-7.168606,1.8919624e-06,-13.1778965,7.8824436e-05,-9.448287,1.3988245e-05,-11.177294
B_RL_test_00051,baseline,PPO,0,24,early,0.6279381875877659,0.7097053825658842,5488.279280176071,7733.179732037013,2720.080753335256,0.4,0,652.8067991736757,1,0.0,2,1,low,-1.1207786885627906,1.002766217469849,0.3503577515463789,0.617426829756258,51,4,Imitation_64x64,101,0,0,0.0034812696,0.0,0.0,True,-0.2,True,0.99961865,-0.00038146973,0.00035830095,-7.9341373,8.144616e-07,-14.020739,1.9697081e-05,-10.83504,2.504222e-06,-12.897532
B_RL_test_00052,baseline,ObservationPlanner,22,2,late,0.39494446361012614,1.0,500.0,500.0,1732.4707144893682,0.2174831580160389,0,607.2925577081427,1,0.0,1,1,low,-0.23877457474671135,0.7227125995562862,0.4726893086707423,0.6581244204937098,52,24,Imitation_64x64,101,4,4,1.3272953,0.0,0.0,True,0.2,True,0.05471583,-2.9056022,0.05197976,-2.9569006,0.15408228,-1.8702683,0.31106746,-1.1677454,0.4281547,-0.84827054
B_RL_test_00053,baseline,MyopicEconomic,6,18,early,0.34426507000356177,0.2436763840649301,2049.447590889828,8410.530215122248,2009.1865947564293,0.47200289460980144,0,584.1029467466066,1,0.0,1,0,low,-0.3870103738071509,1.0471457565478777,0.4977787279614221,0.8372278510245246,53,24,Imitation_64x64,101,0,0,0.12644082,0.0,0.0,True,-0.2,True,0.9782938,-0.021945238,0.010620048,-4.5450115,0.0001395356,-8.877191,0.008309357,-4.7903733,0.0026372636,-5.938013
B_RL_test_00054,baseline,PPO,2,22,early,0.8049562963000642,1.0319384677467247,7130.673275385625,6909.979129817411,4895.253327835442,0.15084904971669436,0,600.8959365436986,1,0.0,2,2,high,-1.255506772438249,0.9360305659296442,0.363464744617099,0.5373903131399516,54,7,Imitation_64x64,101,0,0,0.15305716,0.0,0.0,True,-0.2,True,0.96763635,-0.032898903,0.030142987,-3.501803,0.001274155,-6.665472,0.00029211614,-8.138359,0.0006544124,-7.331773
B_RL_test_00055,baseline,ObservationPlanner,0,24,early,0.7703021013594434,0.8046723751405875,8386.849268140477,10422.688198628884,3782.175891677592,0.4,0,657.5751534584275,1,0.0,2,1,high,-0.5512478562946606,1.0949289310713148,0.2282812754865429,0.5039575619771754,55,5,Imitation_64x64,101,0,0,0.0020283898,0.0,0.0,True,-0.2,True,0.9997904,-0.00020980835,0.00020014073,-8.51649,2.962036e-07,-15.032219,8.45508e-06,-11.680743,7.7578295e-07,-14.069393
B_RL_test_00056,baseline,MyopicEconomic,3,21,early,0.5319335139074415,0.2944401741434168,3288.5919463967357,11168.964819301184,2236.5959758467075,0.2618928823547251,0,668.6782541872011,1,0.0,1,0,low,0.491521608931922,0.7981409760756403,0.40301955099779874,0.725467639639309,56,24,Imitation_64x64,101,0,0,0.030344876,0.0,0.0,True,-0.2,True,0.99553216,-0.0044779778,0.004085702,-5.500262,8.260227e-05,-9.401474,0.00015188941,-8.792358,0.00014765695,-8.820619
B_RL_test_00057,baseline,PPO,6,18,early,0.6835475823280572,1.5415926323287827,4138.878045092562,2684.8065813860508,3494.805096494596,0.1028284327062324,0,711.5596795853463,1,0.0,2,2,high,0.29734423011214695,1.2126248846903505,0.3002933541740706,0.833479734810448,57,11,Imitation_64x64,101,0,1,0.77081335,5.88263050868909,5.88263050868909,False,-0.2,False,0.7127079,-0.33868372,0.2405796,-1.4247043,0.013219185,-4.326086,0.005991171,-5.1174684,0.027502269,-3.5934868
B_RL_test_00058,baseline,ObservationPlanner,17,7,late,0.007347530160079491,0.25628247946200927,1319.3906808078113,5148.189152756323,3509.3180928960087,0.6279407830915847,0,813.4735944976718,1,0.0,0,0,high,2.782688012161225,0.6915874271637731,0.4819950280080346,0.698112208087694,58,24,Imitation_64x64,101,4,4,0.7727613,0.0,0.0,True,0.2,True,0.003430426,-5.675071,0.012624051,-4.3721514,0.006489895,-5.037509,0.35982716,-1.0221314,0.6176284,-0.48186827
B_RL_test_00059,baseline,MyopicEconomic,11,13,middle,0.3010701088009395,0.209471918594423,3142.0787789163446,14999.999999999998,1760.7293445204466,0.16035656363609666,0,704.3711085217833,1,0.0,1,0,low,0.971453190840694,1.533171519635366,0.4781722323867211,0.6056363128937179,59,24,Imitation_64x64,101,0,0,0.977136,0.0,0.0,True,-0.2,True,0.53011423,-0.6346626,0.07699233,-2.5640492,0.37514377,-0.98044574,0.0010244548,-6.8835945,0.01672522,-4.0908375
B_RL_test_00060,baseline,PPO,0,24,early,0.5068592473650758,0.168176012802745,546.810907443923,3251.4203323709544,1514.974941648108,0.4,0,625.4025588941706,1,0.0,1,0,low,0.4676162543727831,0.8860136480030804,0.311185290065238,0.9046832844889655,60,4,Imitation_64x64,101,0,0,0.09179981,0.0,0.0,True,-0.2,True,0.98317784,-0.01696539,0.0014366359,-6.545451,2.035401e-06,-13.104817,0.015085258,-4.1940374,0.00029832186,-8.117337
B_RL_test_00061,baseline,ObservationPlanner,1,23,early,0.6723392587564916,0.5264822437685277,4501.6441067295755,8550.419620056096,6653.596928286341,0.3606854027384583,0,595.3492738028834,1,0.0,2,1,high,-0.6019120795535214,1.250066022412253,0.32570285665920384,0.6690632347612712,61,4,Imitation_64x64,101,0,0,0.0051927124,0.0,0.0,True,-0.2,True,0.99939716,-0.000603199,0.0005785939,-7.45491,3.090782e-06,-12.687086,1.7011076e-05,-10.981646,4.0676023e-06,-12.4124565
B_RL_test_00062,baseline,MyopicEconomic,0,24,early,0.6558138612660278,0.22766535990445966,1353.0514007973516,5943.158859850981,3412.923749968226,0.4,1,623.1365100020726,1,0.0,2,0,high,-0.5197297972949666,1.0463883656689934,0.3776908173523991,0.815325111799893,62,24,Imitation_64x64,101,0,0,0.012195038,0.0,0.0,True,-0.2,True,0.9984487,-0.0015525818,0.0013939906,-6.575585,1.3753036e-05,-11.194251,0.00012478977,-8.98888,1.8629182e-05,-10.890781
B_RL_test_00063,baseline,PPO,0,24,early,0.6092112298996989,0.14054555952618597,1225.4641336450247,8719.337258155783,3515.256718321031,0.4,0,570.2458398508572,1,0.0,2,0,high,-1.4160968264962555,1.271300483920626,0.2624403200649598,0.5443897374113016,63,5,Imitation_64x64,101,0,0,0.008686209,0.0,0.0,True,-0.2,True,0.9989767,-0.0010237694,0.0008121514,-7.1158237,3.6010122e-06,-12.534296,0.0001812204,-8.615796,2.635327e-05,-10.543919
B_RL_test_00064,baseline,ObservationPlanner,1,23,early,0.7230093447733669,0.4422362425874765,2831.9463335814994,6403.695719310763,4169.321450676664,0.3816100151721653,0,551.480806362687,1,0.0,2,0,high,-0.2311648484074592,0.750470788967369,0.44116609633456183,0.7340685337223977,64,4,Imitation_64x64,101,0,0,0.0066850036,0.0,0.0,True,-0.2,True,0.99921274,-0.000787735,0.00071719405,-7.2401643,1.9946046e-06,-13.125065,5.9207316e-05,-9.734466,8.829671e-06,-11.637393
B_RL_test_00065,baseline,MyopicEconomic,17,7,late,0.16883788561041613,0.1953397861591348,2930.096792387022,15000.0,2526.854242657849,0.4377581672034112,0,681.087812638456,1,0.0,0,0,low,0.9543120520827897,1.2376231953811616,0.4808156757682948,0.8043152589284366,65,24,Imitation_64x64,101,2,0,0.8817067,27.26733318481513,27.26733318481513,False,0.0,False,0.030393433,-3.4935288,0.14881177,-1.9050732,0.7179426,-0.33136582,0.0050667957,-5.2850466,0.09778541,-2.32498
B_RL_test_00066,baseline,PPO,4,20,early,0.5446765194422268,1.073252499481339,1483.5483753950894,1382.2920292401186,1193.6200672635655,0.14139800041492867,0,709.3255489273176,1,0.0,1,2,low,0.10872647247335987,1.0882603901869417,0.24807577802657751,0.678805264804511,66,5,Imitation_64x64,101,0,1,0.6712414,44.239417380889336,44.239417380889336,False,-0.2,False,0.7979317,-0.22573233,0.14668176,-1.91949,0.004250861,-5.4606338,0.020214863,-3.9013371,0.030920843,-3.4763248
B_RL_test_00067,baseline,ObservationPlanner,2,22,early,0.1097643319784132,0.7714368241331376,4333.73462698888,5617.744047749718,3805.298674699541,0.348534859982811,0,858.1554947232789,1,0.0,0,1,high,1.7860277180715896,1.4976221550110438,0.3431977762345563,0.6947477889754374,67,7,Imitation_64x64,101,0,0,0.3071814,0.0,0.0,True,-0.2,True,0.9254548,-0.077470064,0.06331159,-2.759687,0.0029636996,-5.8213167,0.001462154,-6.5278444,0.00680782,-4.989683
B_RL_test_00068,baseline,MyopicEconomic,0,24,early,0.42653032626779175,0.37421081019193775,2545.965711703852,6803.560031838716,2610.68512423398,0.4,0,666.6578373952274,1,0.0,1,0,low,0.11732619098720778,0.9121918234253104,0.44108451528192855,0.739356466273892,68,14,Imitation_64x64,101,0,0,0.003951973,0.0,0.0,True,-0.2,True,0.999569,-0.0004310608,0.00037792706,-7.8808093,9.256313e-07,-13.89279,4.6672434e-05,-9.972357,5.3044164e-06,-12.146971
B_RL_test_00069,baseline,PPO,1,23,early,0.960812023620709,0.6728979002668548,2168.0837102651412,3222.0099206808827,4198.773867629622,0.2488485489978257,0,483.07543703213923,1,0.0,2,1,high,-1.4919352173107752,1.3055222135338365,0.41763881714870493,0.7592059164002953,69,6,Imitation_64x64,101,0,0,0.008434353,0.0,0.0,True,-0.2,True,0.9989791,-0.0010213852,0.00091519475,-6.9963737,2.135902e-06,-13.056622,9.380459e-05,-9.274297,9.807829e-06,-11.53233
B_RL_test_00070,baseline,ObservationPlanner,4,20,early,0.04844010728093621,1.0,1958.2948491654167,1958.2948491654167,1639.8550914103687,0.3349557074327678,0,910.063873343722,1,0.0,0,1,low,2.389651181165024,1.299545799569939,0.4153647449400546,0.7062253508358912,70,11,Imitation_64x64,101,0,0,1.2792218,0.0,0.0,True,-0.2,True,0.49275193,-0.70774937,0.24825256,-1.3933086,0.057222154,-2.860814,0.038209636,-3.2646675,0.16356371,-1.8105526
B_RL_test_00071,baseline,MyopicEconomic,21,3,late,0.3819574454017667,0.3308075231538171,4962.112847307257,15000.0,3235.427963034861,0.26325602044805047,0,686.9360106943229,1,0.0,1,0,high,0.09105636204004242,1.0313146161355393,0.4853300622396656,0.5238168952882202,71,24,Imitation_64x64,101,0,1,1.164913,20.589489271932962,20.589489271932962,False,-0.2,False,0.42359075,-0.85898745,0.17241895,-1.757828,0.36607963,-1.0049044,0.0014123677,-6.5624876,0.036498327,-3.3104887
B_RL_test_00072,baseline,PPO,0,24,early,0.7588589061208596,0.6809655158039449,4039.6011253995216,5932.166947735064,1816.55993714263,0.4,1,695.702630528886,1,0.0,2,1,low,0.386536536410366,0.930225005718882,0.29112376646152666,0.6081968729634402,72,3,Imitation_64x64,101,0,0,0.0061075753,0.0,0.0,True,-0.2,True,0.9992799,-0.00072050095,0.00067935314,-7.2943697,1.5886527e-06,-13.352625,3.526606e-05,-10.25259,3.9687147e-06,-12.437069
B_RL_test_00073,baseline,ObservationPlanner,22,2,late,0.4137834712644008,1.029344230852175,514.6721154260874,500.0,5830.51050764666,0.14221314095652096,0,696.2288645930913,1,0.0,1,2,high,0.45941812709734065,1.1789910139310849,0.28356995023331066,0.6877866114164769,73,24,Imitation_64x64,101,2,2,1.3867118,0.0,0.0,True,0.0,True,0.10562087,-2.2478993,0.14571315,-1.9261153,0.36216053,-1.0156677,0.042251054,-3.164126,0.34425434,-1.0663745
B_RL_test_00074,baseline,MyopicEconomic,7,17,early,0.04053304116497742,0.13505325496414894,2025.7988244622338,14999.999999999998,4168.7212063130455,0.49730623844293537,0,737.1110563485262,1,0.0,0,0,high,1.5965306398868033,0.7644284406291425,0.5561785363345491,0.7034210583296641,74,24,Imitation_64x64,101,2,1,0.4344854,0.9982117901608092,0.9982117901608092,False,0.0,False,0.011200796,-4.4917707,0.07974767,-2.5288877,0.88987255,-0.116677046,0.00065060676,-7.3376055,0.018528376,-3.988452
B_RL_test_00075,baseline,PPO,1,23,early,0.7564671147100324,0.6119493257231801,3427.4907057391165,5600.938773302232,2612.995156430521,0.28013957570482395,0,586.5806523842683,1,0.0,2,1,low,-1.9380212781880286,0.5667805381576572,0.34706457120354495,0.4642840454103798,75,4,Imitation_64x64,101,0,0,0.01210117,0.0,0.0,True,-0.2,True,0.99845564,-0.0015454292,0.0013987055,-6.572208,4.1450908e-06,-12.393585,0.00012006058,-9.0275135,2.142336e-05,-10.751029
B_RL_test_00076,baseline,ObservationPlanner,3,21,early,0.8732476304401287,1.1162618083955889,3034.364563993472,2718.3269562494356,1933.50347851992,0.10699055328352877,0,582.3405206417185,1,0.0,2,2,low,-0.9456056299759363,0.9330307037393054,0.3516778080616225,0.7294508559928045,76,6,Imitation_64x64,101,0,1,0.20889136,20.356151312253132,20.356151312253132,False,-0.2,False,0.95516884,-0.045867205,0.038023733,-3.2695448,0.001038989,-6.869507,0.0034557155,-5.6677256,0.0023127366,-6.0693235
B_RL_test_00077,baseline,MyopicEconomic,16,8,late,0.11924889965361976,0.10632274977041356,1594.8412465562033,14999.999999999998,2621.478144077052,0.3694256144447483,0,739.7602268363717,1,0.0,0,0,low,0.31858297831781607,0.8479897153648971,0.4532158731317911,0.56086922159226,77,24,Imitation_64x64,101,2,2,0.45712557,0.0,0.0,True,0.0,True,0.0023414826,-6.056971,0.031563845,-3.455743,0.8816625,-0.12594604,0.0033599865,-5.6958184,0.08107217,-2.5124156
B_RL_test_00078,baseline,PPO,3,21,early,0.9540215157636134,1.225,5355.1173299948005,4371.524351016164,3521.0761850454173,0.02,2,565.1217807466435,1,0.0,2,2,high,-0.8075015401694254,1.0321185311846846,0.18971493676975942,0.6519106372702784,78,4,Imitation_64x64,101,0,1,0.33902124,19.22203246319441,19.22203246319441,False,-0.2,False,0.9131787,-0.09082365,0.07490413,-2.5915463,0.008702645,-4.744128,0.0015792055,-6.4508333,0.0016352799,-6.415941
B_RL_test_00079,baseline,ObservationPlanner,0,24,early,0.6107559122745796,0.35881894687930105,1990.6102300783075,5547.673129835883,2877.475817049848,0.4,0,606.0929451374526,1,0.0,2,0,low,-0.2263729641847368,0.7787968829600019,0.42086284106403515,0.720814474587929,79,1,Imitation_64x64,101,0,0,0.007291981,0.0,0.0,True,-0.2,True,0.9991571,-0.00084352493,0.0006708061,-7.3070307,1.1552604e-06,-13.671185,0.00015633908,-8.763484,1.45145605e-05,-11.140359
B_RL_test_00080,baseline,MyopicEconomic,1,23,early,0.6454988717607186,0.6105344746162854,2483.2239255782656,4067.2951795866175,1869.5339146746887,0.31435377533905284,0,598.6720201337081,1,0.0,2,1,low,-1.0123921144009338,1.1258003834783963,0.39749000470481033,0.5241669124696455,80,2,Imitation_64x64,101,0,0,0.019193955,0.0,0.0,True,-0.2,True,0.99746215,-0.0025410652,0.0020183898,-6.2054553,4.7049393e-06,-12.266897,0.00045747653,-7.689785,5.7190347e-05,-9.769125
B_RL_test_00081,baseline,PPO,5,19,early,0.5471971665134849,1.0,820.1402972263885,820.1402972263885,1144.5597734841792,0.21690835041641865,0,654.083534261115,1,0.0,1,1,low,0.4670964360920484,1.0318299041662726,0.39611149708091536,0.7766966329528985,81,24,Imitation_64x64,101,0,0,0.6001125,0.0,0.0,True,-0.2,True,0.83606136,-0.17905354,0.104451,-2.2590375,0.0019318262,-6.24929,0.036006775,-3.3240485,0.021549193,-3.8374171
B_RL_test_00082,baseline,ObservationPlanner,4,20,early,0.979857188575217,1.0,500.00000000000006,500.00000000000006,1287.0936432178305,0.0352510431562565,3,467.9522389366124,1,0.0,2,1,low,-1.8132668856006082,0.8977841514156312,0.379017546862315,0.6711371551218738,82,7,Imitation_64x64,101,0,2,0.41775888,-68.35334460771696,0.0,False,-0.0,True,0.9050512,-0.09976387,0.055723645,-2.8873508,0.020278845,-3.8981771,0.012126195,-4.4123874,0.0068200775,-4.9878845
B_RL_test_00083,baseline,MyopicEconomic,9,15,middle,0.8651092790573723,0.5928297836241365,8892.446754362049,15000.0,2967.3578290978676,0.10333974095211913,0,633.7478036785967,1,0.0,2,1,low,-0.19318881647829222,1.1007255421738986,0.39873602801111796,0.6182139355952364,83,13,Imitation_64x64,101,0,0,0.05655788,0.0,0.0,True,-0.2,True,0.9909937,-0.009047031,0.0073251193,-4.9164457,0.0014457452,-6.53913,9.272698e-05,-9.285851,0.00014273029,-8.854553
B_RL_test_00084,baseline,PPO,0,24,early,0.906174739606605,0.4075748690648555,1513.3767327880428,3713.12572892522,2389.231910536744,0.4,0,427.4413147982198,1,0.0,2,0,low,-2.719303493644447,0.9141938919096755,0.4493131263051819,0.7602119282809829,84,2,Imitation_64x64,101,0,0,0.007476817,0.0,0.0,True,-0.2,True,0.999143,-0.0008573532,0.000600913,-7.4170604,6.958518e-07,-14.178129,0.0002457128,-8.311347,9.61934e-06,-11.551735
B_RL_test_00085,baseline,ObservationPlanner,4,20,early,0.7941548900434988,1.1078584625333887,3538.6924791601796,3194.173803635616,3279.8007078489463,0.113713229973289,0,660.8190807718751,1,0.0,2,2,high,-0.732507953119708,1.414482734313204,0.324414951475154,0.5343499923124448,85,5,Imitation_64x64,101,0,1,0.3111137,53.64015616127699,53.64015616127699,False,-0.2,False,0.9216156,-0.08162713,0.06962937,-2.664569,0.00149615,-6.50486,0.0028586008,-5.857423,0.0044002784,-5.4260874
B_RL_test_00086,baseline,MyopicEconomic,9,15,middle,0.8725517982544201,0.5126492332251752,7689.7384983776265,14999.999999999998,3696.8864482792205,0.17155046543004115,0,578.3838689196426,1,0.0,2,1,high,-0.5739392325338428,0.8405098617483711,0.2825418813098837,0.6386877709365626,86,16,Imitation_64x64,101,0,0,0.082895234,0.0,0.0,True,-0.2,True,0.98541117,-0.014696121,0.012674257,-4.368182,0.001587259,-6.4457464,8.926532e-05,-9.323897,0.00023813371,-8.342678
B_RL_test_00087,baseline,PPO,9,15,middle,0.5014289547566524,1.9666253091615,3959.3397123443137,2013.265920000001,9962.41445462283,0.08991769508881849,0,706.7720228447201,1,0.0,1,2,high,0.6498672710491811,1.088206740370783,0.40818789241107123,0.7330825440302011,87,14,Imitation_64x64,101,1,1,1.3092462,0.0,0.0,True,-0.1,True,0.20028116,-1.6080331,0.3724718,-0.9875939,0.3224272,-1.1318778,0.00430725,-5.447456,0.10051247,-2.2974734
B_RL_test_00088,baseline,ObservationPlanner,10,14,middle,0.01751231497823463,1.0,2062.3705253171834,2062.3705253171834,6848.24600462249,0.42136429596045955,0,823.4542716105796,1,0.0,0,1,high,3.2597985744067355,0.9085305102515508,0.4665674267932232,0.8094894424242502,88,24,Imitation_64x64,101,1,1,1.4244819,0.0,0.0,True,-0.1,True,0.2455938,-1.4040763,0.31595576,-1.1521531,0.22787523,-1.478957,0.013649653,-4.294041,0.19692549,-1.6249299
B_RL_test_00089,baseline,MyopicEconomic,14,10,middle,0.1543903474151127,0.14228358458682816,2028.3947818698225,14256.000000000002,3369.936719339581,0.43161391595669496,0,713.1052669663361,1,0.0,0,0,high,1.7888009368239013,0.6988729541935131,0.3328235380263363,0.8188913977778863,89,24,Imitation_64x64,101,2,3,0.7391654,8.046498553436578,8.046498553436578,False,0.0,False,0.021865956,-3.8228245,0.09828619,-2.319872,0.7868369,-0.23973441,0.0045032427,-5.402958,0.0885077,-2.424666
B_RL_test_00090,baseline,PPO,10,14,middle,0.7534781431339181,2.315642848909248,2176.249783856102,939.8037287491009,4306.620593893453,0.02,1,646.8127409746123,1,0.0,2,2,high,0.043613096896889136,1.037068499561815,0.565620493324281,0.7959980754214587,90,11,Imitation_64x64,101,2,0,1.2656114,12.47295748320471,12.47295748320471,False,0.0,False,0.18484642,-1.6882299,0.28776336,-1.2456167,0.44410533,-0.81169343,0.008580577,-4.758254,0.07470437,-2.5942166
B_RL_test_00091,baseline,ObservationPlanner,20,4,late,0.004203746421753841,0.048369274057587466,725.539110863812,15000.0,1895.838978176145,0.6002317453913092,0,914.2149004138386,1,0.0,0,0,low,2.3382845918220068,0.6741896711819185,0.5199109965055012,0.712837240683555,91,24,Imitation_64x64,101,4,2,0.9493639,-17.73963985028837,0.0,False,0.0,True,0.00033413863,-8.003955,0.022829328,-3.7797096,0.32666218,-1.118829,0.06669018,-2.7076979,0.5834842,-0.53873825
B_RL_test_00092,baseline,MyopicEconomic,17,7,late,0.08960262868948717,0.1692689454392299,2056.6176870866434,12150.0,2114.236479504682,0.4353373723168985,0,580.4005404605385,1,0.0,0,0,low,-0.5862659646754461,1.1181404121059324,0.6389081097596125,0.889545304488342,92,22,Imitation_64x64,101,2,3,0.499268,22.070955021289222,22.070955021289222,False,0.0,False,0.0062154657,-5.080714,0.011969352,-4.425406,0.86821836,-0.14131188,0.015328158,-4.1780634,0.098268636,-2.3200502
B_RL_test_00093,baseline,PPO,5,19,early,0.01220936956066418,1.0,4915.200000000001,4915.200000000001,8492.213570262602,0.4346923481340863,0,876.6096227204597,1,0.0,0,1,high,3.0629373987984785,0.9114223715622548,0.4060270931795948,0.7879782542358003,93,24,Imitation_64x64,101,0,0,0.56488746,0.0,0.0,True,-0.2,True,0.8292489,-0.18723488,0.13840607,-1.9775634,0.020143216,-3.9048877,0.0010151839,-6.8926854,0.0111866575,-4.4930334
B_RL_test_00094,baseline,ObservationPlanner,5,19,early,0.9887958087926114,1.0,500.0,500.0,1405.898611797393,0.02,3,392.42144428152614,1,0.0,2,1,low,-1.3976582755334301,0.7487520285556225,0.4855545079422672,0.6876819511748817,94,8,Imitation_64x64,101,0,2,0.4969164,-87.30987679035434,0.0,False,0.0,True,0.8814397,-0.12619877,0.06480553,-2.7363644,0.031700883,-3.4514108,0.013296712,-4.3202386,0.008757203,-4.737879
B_RL_test_00095,baseline,MyopicEconomic,14,10,middle,0.23804962142462843,0.1728121909906215,2042.0964107147854,11816.853886341905,2929.6763194070577,0.4715160381848498,0,599.3617573811041,1,0.0,1,0,low,-0.2563260662755433,0.9887072235021326,0.5326297737522329,0.6408928626998098,95,24,Imitation_64x64,101,4,0,1.5122911,56.713739767836955,56.713739767836955,False,0.2,False,0.248621,-1.3918257,0.16802315,-1.7836535,0.24027914,-1.425954,0.058641512,-2.8363125,0.28443518,-1.25725
B_RL_test_00096,baseline,PPO,23,1,late,0.057706257325393535,1.0,500.0,500.0,4245.599445238874,0.3531450452789717,0,734.2826019711963,1,0.0,0,1,high,0.63121929203782,0.9721972196766725,0.445765228928636,0.7938713156995721,96,24,Imitation_64x64,101,2,2,0.68316317,0.0,0.0,True,0.0,True,0.0042138644,-5.469375,0.008724251,-4.7416487,0.7793733,-0.2492652,0.037481334,-3.2839122,0.1702073,-1.7707381
B_RL_test_00097,baseline,ObservationPlanner,0,24,early,0.5202720984178253,0.18164222778984737,336.65413188935815,1853.3913395890145,1585.6471968155172,0.4,0,570.907195146081,1,0.0,1,0,low,-0.6422699443344645,0.5751794844401634,0.5138524784076035,0.5242284254912288,97,24,Imitation_64x64,101,0,0,0.13625222,0.0,0.0,True,-0.2,True,0.9716743,-0.028734684,0.0013924179,-6.5767136,6.556265e-06,-11.935089,0.02660017,-3.6268377,0.00032654832,-8.026933
B_RL_test_00098,baseline,MyopicEconomic,8,16,middle,0.36105580188544195,0.5128494073419781,7692.741110129673,15000.0,2999.8299614530706,0.1765400580706997,0,745.413405021207,1,0.0,1,1,low,0.9088657953933286,1.3248086092922042,0.36488819247598553,0.5828741555508058,98,22,Imitation_64x64,101,0,0,0.66153383,0.0,0.0,True,-0.2,True,0.7919978,-0.23319674,0.0695945,-2.6650698,0.13474761,-2.0043519,0.00019178641,-8.559129,0.0034683915,-5.6640644
B_RL_test_00099,baseline,PPO,1,23,early,0.6935374321243797,0.8015197217681155,3446.4035370911242,4299.836227970183,2308.449944443907,0.3122362038919836,0,638.8794272401572,1,0.0,2,1,low,-0.26689171429934844,0.6907053720958345,0.34363800188548893,0.47058435393170817,99,6,Imitation_64x64,101,0,0,0.0116615975,0.0,0.0,True,-0.2,True,0.9985257,-0.0014753342,0.0013152078,-6.6337605,2.4964888e-06,-12.900625,0.00013689353,-8.896307,1.9716796e-05,-10.83404
B_RL_test_00000,severe_stress,PPO,2,22,early,0.4166718720179237,0.5570515438200542,5194.628365429958,9325.220301531006,5113.817957246661,0.2675494669086287,0,735.6133585549072,1,0.0,1,1,high,0.7766626320299265,1.1540687281369808,0.34471001732411144,0.8095158963876717,100,9,Imitation_64x64,101,0,0,0.031203687,0.0,0.0,True,-0.2,True,0.99528295,-0.0047283173,0.004469727,-5.410428,0.00011452216,-9.074742,5.3028114e-05,-9.844688,7.982852e-05,-9.43563
B_RL_test_00001,severe_stress,ObservationPlanner,5,19,early,0.3882490109490616,1.0006186687674683,1876.0181886488513,1874.8582723922927,1967.1722695860833,0.19101578376353281,0,827.2144458947637,2,1.6,1,2,low,1.6613225481260747,0.841180276874062,0.2960832412250551,0.6198577850919593,101,14,Imitation_64x64,101,0,1,0.7866329,18.710098816591994,18.710098816591994,False,-0.2,False,0.7602824,-0.27406538,0.107918434,-2.2263796,0.015404097,-4.173122,0.005911947,-5.13078,0.11048301,-2.2028935
B_RL_test_00002,severe_stress,MyopicEconomic,1,23,early,0.4350840664284275,0.24334980512276738,1594.1887694297345,6551.017242958067,2311.7540353432664,0.35961980914440683,0,678.8660937176784,1,0.0,1,0,low,0.4546918678629157,0.8585965558808485,0.47150063272009635,0.832595564470931,102,8,Imitation_64x64,101,0,0,0.027835853,0.0,0.0,True,-0.2,True,0.99624544,-0.0037617683,0.0023981812,-6.033045,1.1273398e-05,-11.3930645,0.0011251128,-6.789872,0.00021989891,-8.422342
B_RL_test_00003,severe_stress,PPO,4,20,early,0.17384169938551708,0.9999999999999998,4497.415959676926,4497.415959676927,7800.775326931617,0.4070511995665708,0,757.5840193125299,2,1.6,0,1,high,1.033632078382112,1.2276235612338229,0.47864155202413344,0.8531424835747992,103,8,Imitation_64x64,101,0,0,0.17858173,0.0,0.0,True,-0.2,True,0.96101385,-0.03976655,0.035795297,-3.329939,0.0010883809,-6.823064,0.00025756573,-8.2642355,0.001844981,-6.295286
B_RL_test_00004,severe_stress,ObservationPlanner,6,18,early,0.776933689900663,1.008353470396052,2121.113929313534,2103.542053046559,2725.081576561847,0.140064894447816,0,641.2934889559235,2,1.6,2,2,low,0.4602511534154351,1.0830413162393473,0.45980112852588634,0.7412130218716163,104,11,Imitation_64x64,101,0,0,0.31775483,0.0,0.0,True,-0.2,True,0.9244445,-0.07856226,0.059604213,-2.820029,0.0012329087,-6.698379,0.0024911156,-5.9950247,0.012227275,-4.404086
B_RL_test_00005,severe_stress,MyopicEconomic,7,17,early,0.8025142906744749,0.1102030000105691,1470.0200355926197,13339.201613854762,1638.3929991407078,0.3418930605080054,0,636.3318377891824,2,1.6,2,0,low,-0.04444196082094837,1.1818582927166443,0.48676356778721747,0.6668066982541053,105,12,Imitation_64x64,101,0,0,0.22312093,0.0,0.0,True,-0.2,True,0.9461062,-0.05540037,0.050810363,-2.9796548,7.089346e-05,-9.554333,0.00038131367,-7.871888,0.0026311546,-5.9403324
B_RL_test_00006,severe_stress,PPO,5,19,early,0.8721603821264096,1.0998398072478652,3950.3923799281415,3591.7888713386624,5815.632777110655,0.02,1,684.1993287360234,2,1.6,2,2,high,0.9316380738118776,0.6386269675984682,0.5197144407917117,0.5755142980102315,106,7,Imitation_64x64,101,0,0,1.089262,0.0,0.0,True,-0.2,True,0.5613339,-0.5774393,0.25242034,-1.3766595,0.14984466,-1.898156,0.003996699,-5.5222864,0.03240435,-3.4294627
B_RL_test_00007,severe_stress,ObservationPlanner,2,22,early,0.941153837414281,1.0,9600.0,9600.0,6575.139522683609,0.02,1,540.727184687694,1,0.0,2,1,high,-1.7014713346367327,1.0009109290001965,0.4410433472212441,0.6888284147284123,107,5,Imitation_64x64,101,0,0,0.14504156,0.0,0.0,True,-0.2,True,0.972049,-0.028349161,0.021127928,-3.8571596,0.006375302,-5.0553236,0.00020853196,-8.475418,0.00023918386,-8.338278
B_RL_test_00008,severe_stress,MyopicEconomic,3,21,early,0.46800086187321227,0.3932877923561791,4242.888278486691,10788.253184945392,4666.187714582823,0.3364305752596788,0,619.1106237784993,1,0.0,1,0,high,-0.39024726220835865,0.9356708536559166,0.4388010593340236,0.8167731441495508,108,6,Imitation_64x64,101,0,0,0.017220987,0.0,0.0,True,-0.2,True,0.997689,-0.002313614,0.0021023578,-6.1646957,0.00013566045,-8.905355,4.091915e-05,-10.103912,3.1955333e-05,-10.3511715
B_RL_test_00009,severe_stress,PPO,2,22,early,0.6161913093291045,0.5250073090912045,3060.6138934986757,5829.659588542955,3652.883738387161,0.3644789563273006,0,573.8508323546777,1,0.0,2,1,high,-0.11325674064309288,0.5753649050646394,0.44374303847723623,0.8737371263430239,109,5,Imitation_64x64,101,0,0,0.020927338,0.0,0.0,True,-0.2,True,0.9971059,-0.0028982162,0.0026167997,-5.945803,1.6656048e-05,-11.002737,0.00019794011,-8.527546,6.276582e-05,-9.6761
B_RL_test_00010,severe_stress,ObservationPlanner,1,23,early,0.9138404870515462,0.8336148063277276,1604.158451919865,1924.340162558492,1727.6845770750347,0.02,1,575.1760875918158,1,0.0,2,1,low,-0.4838409806239353,0.8413063321790891,0.4391246703190555,0.6872603844075084,110,4,Imitation_64x64,101,0,0,0.20780982,0.0,0.0,True,-0.2,True,0.95656604,-0.04440546,0.035455797,-3.3394685,0.0030932734,-5.7785254,0.0033251543,-5.706239,0.0015597226,-6.4632473
B_RL_test_00011,severe_stress,MyopicEconomic,4,20,early,0.6259546933303869,0.44865801078481937,5072.576936786621,11306.110255143705,2986.8511662016085,0.2571121325345216,0,667.5995820019157,2,1.6,2,0,low,0.6701751736113165,1.1556843223065958,0.3527015341276848,0.6125902414428819,111,6,Imitation_64x64,101,0,0,0.04247555,0.0,0.0,True,-0.2,True,0.9930693,-0.00695467,0.0067307497,-5.0010686,8.530913e-05,-9.369228,3.3823715e-05,-10.294349,8.0710546e-05,-9.424641
B_RL_test_00012,severe_stress,PPO,7,17,early,0.5738788763763731,1.0160239515840837,1150.4354262240656,1132.2916398087082,1935.3231653427192,0.18718083873273306,0,719.5123947019736,2,1.6,1,2,low,0.9772288051966393,0.9509734753112715,0.46436674060322847,0.7302773060708184,112,9,Imitation_64x64,101,0,1,0.6450828,19.62120421677446,19.62120421677446,False,-0.2,False,0.8141889,-0.20556283,0.1020005,-2.2827775,0.0036220455,-5.620716,0.0063387807,-5.0610685,0.07384969,-2.6057234
B_RL_test_00013,severe_stress,ObservationPlanner,2,22,early,0.9314582456168501,0.6919830412331085,2007.0177052663607,2900.385682414804,2408.1872813445257,0.2947446355756634,0,496.3313094061973,1,0.0,2,1,low,-1.736257804977541,1.0740468656905695,0.3667052714676963,0.6175553539035563,113,3,Imitation_64x64,101,0,0,0.0123056695,0.0,0.0,True,-0.2,True,0.9984659,-0.0015354156,0.0012417341,-6.6912465,2.0554899e-06,-13.094996,0.00027091592,-8.213702,1.9524407e-05,-10.843845
B_RL_test_00014,severe_stress,MyopicEconomic,1,23,early,0.5271408732435738,0.7017806288528439,6543.9437847632835,9324.771183069348,3885.4089210235634,0.42337198126547393,0,675.8104456583286,1,0.0,1,1,high,-0.6684220948261075,1.1138218846795502,0.3991183392656671,0.6578988792549979,114,2,Imitation_64x64,101,0,0,0.0033951264,0.0,0.0,True,-0.2,True,0.99962616,-0.00037384033,0.00035914127,-7.9317946,9.1702583e-07,-13.90213,1.1712011e-05,-11.354896,2.0668374e-06,-13.089491
B_RL_test_00015,severe_stress,PPO,0,24,early,0.8827892318835304,0.7750439435362315,7010.115307667944,9044.797222314191,5056.69050475539,0.4,0,530.7452935881225,1,0.0,2,1,high,-1.857567923464245,1.5996820862393486,0.20504247408141998,0.6309168474085493,115,1,Imitation_64x64,101,0,0,0.0023725047,0.0,0.0,True,-0.2,True,0.9997503,-0.00024986267,0.00023824781,-8.342199,3.784515e-07,-14.787178,1.0107986e-05,-11.502185,9.624365e-07,-13.853798
B_RL_test_00016,severe_stress,ObservationPlanner,2,22,early,0.9303009848476829,1.0,9600.0,9600.0,6088.8328922062965,0.02,1,576.6080377234201,1,0.0,2,1,high,-0.4401584506355456,1.0497642801219806,0.40754786971653073,0.5611451094235479,116,3,Imitation_64x64,101,0,0,0.23071207,0.0,0.0,True,-0.2,True,0.9489687,-0.05237937,0.040598355,-3.2040277,0.0096410215,-4.6417284,0.00029134582,-8.141,0.000500626,-7.599651
B_RL_test_00017,severe_stress,MyopicEconomic,6,18,early,0.7768153545458911,0.40930999507012233,6139.649926051834,14999.999999999998,5866.334776902437,0.1954478274580968,0,694.7630917863607,2,1.6,2,0,high,1.1733858159969814,0.7571982460402745,0.28812725488404634,0.8037034744292322,117,9,Imitation_64x64,101,0,0,0.07671257,0.0,0.0,True,-0.2,True,0.98591876,-0.014181137,0.013516679,-4.3038306,0.00045166397,-7.702572,2.0127465e-05,-10.813425,9.272153e-05,-9.28591
B_RL_test_00018,severe_stress,PPO,6,18,early,0.9037274035148669,1.3043053922444858,2625.6889312815624,2013.0936718456728,3661.6467780397475,0.02,1,661.2703781829231,2,1.6,2,2,high,0.783350719956263,0.519994892666678,0.3439098168059432,0.6750775086741557,118,10,Imitation_64x64,101,0,2,1.2990048,44.98419754496899,44.98419754496899,False,-0.2,False,0.40309948,-0.90857196,0.24183807,-1.419487,0.27224633,-1.301048,0.009237117,-4.6845255,0.07357908,-2.6093946
B_RL_test_00019,severe_stress,ObservationPlanner,1,23,early,0.5225384016325821,0.8831844316605247,4188.129520917361,4742.078065215692,2842.7474317976203,0.33006626442034487,0,657.7004203308887,1,0.0,1,1,low,0.008801761928701954,1.281540519190883,0.5907284257417467,0.640373467956049,119,7,Imitation_64x64,101,0,0,0.030913692,0.0,0.0,True,-0.2,True,0.99537885,-0.004631996,0.004292923,-5.4507875,2.2786846e-05,-10.689327,0.00021256019,-8.456285,9.28713e-05,-9.284296
B_RL_test_00020,severe_stress,MyopicEconomic,5,19,early,0.9903273726904043,0.7235343520892216,9364.720559533289,12943.021340303261,5857.857629745934,0.02,1,514.2749941083653,2,1.6,2,1,high,-1.4821096191035665,1.036690732347569,0.2978889158652708,0.5594487500561349,120,7,Imitation_64x64,101,0,0,0.13474037,0.0,0.0,True,-0.2,True,0.9749766,-0.025341988,0.014996527,-4.199937,0.009872354,-4.618017,5.6643246e-05,-9.778738,9.786141e-05,-9.231958
B_RL_test_00021,severe_stress,PPO,0,24,early,0.952856086691239,0.6390721954551879,1575.6809170081594,2465.5757647003547,2983.166026826811,0.4,1,437.37277351007333,1,0.0,2,1,low,-2.4253689918491133,0.8437459054517884,0.339367546935539,0.6145889537406355,121,3,Imitation_64x64,101,0,0,0.029784601,0.0,0.0,True,-0.2,True,0.99563426,-0.0043754578,0.0039166263,-5.542525,3.3321972e-05,-10.309294,0.00037192032,-7.896831,4.3817658e-05,-10.035474
B_RL_test_00022,severe_stress,ObservationPlanner,6,18,early,0.8420111540845878,1.2249999999999999,1778.1684954270095,1451.5661187159262,3270.993987484063,0.02,1,656.6347725637011,2,1.6,2,2,high,0.5250911873728785,1.0225740464416466,0.5763159361893628,0.6742307684177278,122,9,Imitation_64x64,101,2,2,1.336236,0.0,0.0,True,0.0,True,0.2962078,-1.2166941,0.2008612,-1.6051412,0.38783267,-0.9471813,0.011431607,-4.471373,0.103666715,-2.2665741
B_RL_test_00023,severe_stress,MyopicEconomic,2,22,early,0.8311454201682336,0.5229275424069387,7843.913136104081,15000.0,6830.231827298405,0.20253138521525418,0,597.884195380762,1,0.0,2,1,high,0.24134772804040389,1.3810949496954836,0.24254573603279125,0.7506369767835125,123,5,Imitation_64x64,101,0,0,0.0050223023,0.0,0.0,True,-0.2,True,0.99941945,-0.00058078766,0.00055817317,-7.4908414,1.275659e-05,-11.269463,7.5453113e-06,-11.794584,2.1378626e-06,-13.055704
B_RL_test_00024,severe_stress,PPO,2,22,early,0.8642852064172054,0.6675057313785617,2305.939145833296,3454.5608186329287,2026.5878802852524,0.06325948422561593,0,590.1525426782189,1,0.0,2,1,low,-2.0101277777033815,1.478343626097419,0.4308653496981941,0.530824615742716,124,3,Imitation_64x64,101,0,0,0.04888247,0.0,0.0,True,-0.2,True,0.99243003,-0.007598877,0.006280847,-5.0702505,7.5540345e-05,-9.490844,0.0009534599,-6.9554133,0.0002601026,-8.254435
B_RL_test_00025,severe_stress,ObservationPlanner,1,23,early,0.9230822556998987,0.7019633566330249,2407.255806884243,3429.3183314164326,2132.473316032242,0.02,1,572.8295723806025,1,0.0,2,1,low,-1.0508383580584602,0.7887385917443512,0.307348428917548,0.5336745085892886,125,4,Imitation_64x64,101,0,0,0.11180007,0.0,0.0,True,-0.2,True,0.97920096,-0.021018505,0.01814309,-4.0094657,0.0010466012,-6.8622074,0.001172324,-6.7487674,0.00043706666,-7.735425
B_RL_test_00026,severe_stress,MyopicEconomic,3,21,early,0.6771584225464135,0.4334220552491781,6501.330828737671,15000.0,6516.058797860334,0.21084889268126272,0,618.5060310757419,1,0.0,2,0,high,-0.8487921202430904,0.9644137800497737,0.41649155616272776,0.8018488833642444,126,6,Imitation_64x64,101,0,0,0.03752231,0.0,0.0,True,-0.2,True,0.99453694,-0.0054779053,0.0039217793,-5.5412097,0.001462926,-6.5273166,3.096165e-05,-10.382761,4.7458347e-05,-9.955658
B_RL_test_00027,severe_stress,PPO,7,17,early,0.9794303532191574,1.5006249999999994,2233.663407376808,1488.4887346117844,3613.5546788692905,0.02,2,531.7483152393892,2,1.6,2,2,high,-0.4425082286603216,0.8392601629979316,0.5331463867747503,0.7045610005896411,127,8,Imitation_64x64,101,0,0,1.2706398,0.0,0.0,True,-0.2,True,0.36841682,-0.99854034,0.19823204,-1.618317,0.36401263,-1.0105667,0.010252639,-4.58022,0.059085872,-2.8287635
B_RL_test_00028,severe_stress,ObservationPlanner,0,24,early,0.7918132670670824,0.315123682209895,1480.0754024988344,4696.8079076741615,2278.444071317703,0.4,0,476.49642618302425,1,0.0,2,0,low,-2.0485506467438626,0.6815482883078391,0.3819575070249458,0.8591634595862108,128,4,Imitation_64x64,101,0,0,0.006815702,0.0,0.0,True,-0.2,True,0.99923074,-0.0007696152,0.00052496686,-7.5521755,1.1972871e-06,-13.635452,0.00023286887,-8.365035,1.0250102e-05,-11.488223
B_RL_test_00029,severe_stress,MyopicEconomic,4,20,early,0.8033574653262319,0.2934697064267671,2863.7622568244174,9758.289166173427,2106.395876993439,0.1911581694323644,0,707.929516947412,2,1.6,2,0,low,1.4081782222310821,1.1454430642322595,0.1524521085135705,0.686066795455444,129,11,Imitation_64x64,101,0,0,0.027818963,0.0,0.0,True,-0.2,True,0.9958586,-0.004149914,0.003947148,-5.534762,1.6885211e-05,-10.989073,7.91094e-05,-9.444678,9.829169e-05,-9.227571
B_RL_test_00030,severe_stress,PPO,2,22,early,0.3930271272446514,0.7230964992230754,2537.3396605380967,3508.9917642587384,3972.151885512717,0.38976284638487163,0,683.7439944050008,1,0.0,1,1,high,0.36049063728598935,0.6978249320066493,0.4584913795995479,0.7048195239783651,130,7,Imitation_64x64,101,0,0,0.059344824,0.0,0.0,True,-0.2,True,0.9902913,-0.009756088,0.008481722,-4.7698417,6.34016e-05,-9.666021,0.00075772486,-7.18519,0.00040588653,-7.809437
B_RL_test_00031,severe_stress,ObservationPlanner,5,19,early,0.9546987231828551,1.225,1090.0667715457148,889.8504257516039,1181.8525818604196,0.02,1,601.2917641619872,2,1.6,2,2,low,-0.4494291645959675,1.2133114246152,0.5382540007993669,0.5509989301790695,131,6,Imitation_64x64,101,0,0,1.2439382,0.0,0.0,True,-0.2,True,0.5226676,-0.6488097,0.17688759,-1.7322409,0.201454,-1.6021943,0.017847067,-4.025916,0.081143774,-2.5115328
B_RL_test_00032,severe_stress,MyopicEconomic,0,24,early,0.6821034197939189,0.6964197399644306,8738.828413024821,12548.220435955986,6254.032431135801,0.4,0,655.121411864739,1,0.0,2,1,high,0.07233569176205216,1.0330987645795806,0.5532516681278125,0.8240805632894571,132,9,Imitation_64x64,101,0,0,0.0016136909,0.0,0.0,True,-0.2,True,0.99983656,-0.00016355515,0.00015812447,-8.752128,5.837686e-07,-14.353762,4.1631533e-06,-12.389238,4.2823217e-07,-14.663601
B_RL_test_00033,severe_stress,PPO,3,21,early,0.8656298298742936,1.2249999999999999,3366.5276172647314,2748.1858100120257,1736.8128697309855,0.02,1,642.2010355136549,1,0.0,2,2,low,-0.569740014719955,0.9772691096688223,0.5020581483713409,0.5604406923181983,133,5,Imitation_64x64,101,0,0,0.648673,0.0,0.0,True,-0.2,True,0.79017717,-0.23549795,0.1724544,-1.7576222,0.020837244,-3.8710132,0.006322698,-5.063609,0.010208522,-4.5845323
B_RL_test_00034,severe_stress,ObservationPlanner,6,18,early,0.9599025264082925,1.2469872232469077,819.9497895790572,657.5446598755602,2245.722265453572,0.07882788984505502,0,552.4497873515605,2,1.6,2,2,low,-0.5568992969228953,1.1557145411930765,0.33555444694239067,0.7880201275407003,134,8,Imitation_64x64,101,0,2,0.3582704,22.245915802534,22.245915802534,False,-0.2,False,0.9128837,-0.09114671,0.06739746,-2.6971478,0.0018592206,-6.287598,0.0041687656,-5.480135,0.0136908265,-4.291029
B_RL_test_00035,severe_stress,MyopicEconomic,1,23,early,0.7399868189734163,0.3399015402607635,1845.2331416834586,5428.728390780001,2727.8239958769,0.28400901187449423,0,533.8944637613272,1,0.0,2,0,low,-1.6769227877276522,1.0197454526672802,0.36430119712109293,0.39029351173850463,135,4,Imitation_64x64,101,0,0,0.011018692,0.0,0.0,True,-0.2,True,0.9986582,-0.0013427734,0.0010651011,-6.8446856,6.5029017e-06,-11.943262,0.00024187205,-8.327102,2.822642e-05,-10.475252
B_RL_test_00036,severe_stress,PPO,16,8,late,0.3118847260717725,1.0,500.0,500.0,2454.9755549353904,0.1270905630381849,0,761.0107431952268,2,1.6,1,1,low,0.7987720270045131,0.8271682697862274,0.4029096007715378,0.7093812837974224,136,24,Imitation_64x64,101,4,2,0.970761,51.953122851331074,51.953122851331074,False,0.2,False,0.11763482,-2.14017,0.08609947,-2.452252,0.08956547,-2.4127853,0.008592985,-4.756809,0.69810724,-0.3593824
B_RL_test_00037,severe_stress,ObservationPlanner,4,20,early,0.9438664663311256,1.1266676831828484,2337.657878664597,2074.842399012181,2671.2774125862343,0.09866585345372143,0,646.0207764191298,2,1.6,2,2,low,-1.2539493473761563,1.107970464256297,0.20714979550495394,0.5822403131144498,137,5,Imitation_64x64,101,0,0,0.17531523,0.0,0.0,True,-0.2,True,0.96322906,-0.037463903,0.03215773,-3.4371023,0.00034421403,-7.9742465,0.0013473826,-6.609591,0.0029215254,-5.8356495
B_RL_test_00038,severe_stress,MyopicEconomic,4,20,early,0.9109789387204008,0.798495095201021,8951.99355393873,11211.081455278152,4927.59608061142,0.19084067555623632,0,652.9248733731681,2,1.6,2,1,high,0.4441157710907515,0.9390821754564493,0.4005351522638762,0.7348842428889295,138,9,Imitation_64x64,101,0,0,0.024952369,0.0,0.0,True,-0.2,True,0.9963058,-0.00370121,0.0035907992,-5.6293807,5.8404854e-05,-9.748112,2.0330808e-05,-10.803373,2.4683848e-05,-10.609362
B_RL_test_00039,severe_stress,PPO,4,20,early,0.9784827512079856,1.069466509324007,2537.483680772115,2372.663060179433,2137.0096661463617,0.02,1,566.7124163652842,2,1.6,2,2,low,-0.9910608771563214,1.0687565486503725,0.32931114337766065,0.480487284890949,139,6,Imitation_64x64,101,0,1,0.94524777,5.246628571728934,5.246628571728934,False,-0.2,False,0.6870432,-0.3753581,0.1506839,-1.8925711,0.12508479,-2.0787635,0.00830046,-4.7914443,0.028887643,-3.5443413
B_RL_test_00040,severe_stress,ObservationPlanner,4,20,early,0.28512415317950746,0.7535326114404304,1839.2176910013982,2440.7937534191183,2159.6985599955833,0.5363117668805257,0,714.8132690760597,2,1.6,1,1,low,0.3911514500331968,1.2544957364432432,0.6953851683896436,0.6634477604756893,140,10,Imitation_64x64,101,0,0,0.3777827,0.0,0.0,True,-0.2,True,0.9010148,-0.1042335,0.08113579,-2.511631,8.415402e-05,-9.382862,0.002770636,-5.8886786,0.014994696,-4.2000585
B_RL_test_00041,severe_stress,MyopicEconomic,6,18,early,0.20086797113615712,0.12716522241927988,1907.478336289198,15000.0,3748.9872853351985,0.3683525844882146,0,758.9756291691266,2,1.6,1,0,high,1.3455774008055212,0.8534561755749168,0.47756049876243367,0.5444764634918892,141,24,Imitation_64x64,101,1,1,0.7819003,0.0,0.0,True,-0.1,True,0.13853963,-1.9765989,0.7600964,-0.2743101,0.034697935,-3.3610752,0.00039171337,-7.8449802,0.066274405,-2.7139516
B_RL_test_00042,severe_stress,PPO,6,18,early,0.9623827095974269,1.6679803131757132,4171.528143637945,2500.9456710527106,3773.2694503359917,0.019724329481097452,2,669.1783429313944,2,1.6,2,2,high,0.22909678781778126,0.879346771579291,0.2553585836990128,0.47150706749456744,142,7,Imitation_64x64,101,0,0,1.1383076,0.0,0.0,True,-0.2,True,0.5398467,-0.61647,0.2481689,-1.3936456,0.16619039,-1.7946212,0.0073604784,-4.91163,0.038433492,-3.258826
B_RL_test_00043,severe_stress,ObservationPlanner,3,21,early,0.8794035173799283,1.295281415043853,4009.8569232642403,3095.741880252704,4615.157409787453,0.04164321112005153,2,557.8206986773903,1,0.0,2,2,high,-0.4983394640877816,1.1813366229036073,0.33760433114928884,0.7006270214394502,143,5,Imitation_64x64,101,0,0,0.57422966,0.0,0.0,True,-0.2,True,0.83273286,-0.18304229,0.12248817,-2.0997407,0.037145913,-3.2929015,0.0029235017,-5.8349733,0.004709551,-5.358163
B_RL_test_00044,severe_stress,MyopicEconomic,1,23,early,0.3804055255840845,0.4356105149118464,1917.2409136349572,4401.273265919546,1396.0437312022414,0.27772017904346236,0,763.689211874541,1,0.0,1,0,low,0.09031488076551453,1.5566656761988789,0.21693195513352462,0.675601763777255,144,6,Imitation_64x64,101,0,0,0.032551028,0.0,0.0,True,-0.2,True,0.9954977,-0.00451231,0.0028706074,-5.8532314,1.6959219e-05,-10.984699,0.001368699,-6.5938945,0.00024614375,-8.309595
B_RL_test_00045,severe_stress,PPO,1,23,early,0.5252960888755148,0.678798280687371,2547.8616237063934,3753.4886227560182,3463.9678318351735,0.3321768339442812,0,589.1816032979989,1,0.0,1,1,high,-0.7434848889073253,0.7769566157120102,0.4900627923832935,0.6806089276604373,145,5,Imitation_64x64,101,0,0,0.038355853,0.0,0.0,True,-0.2,True,0.99433774,-0.005678177,0.0047264085,-5.3545895,0.00016206045,-8.727541,0.0005716694,-7.4669495,0.0002020496,-8.506997
B_RL_test_00046,severe_stress,ObservationPlanner,3,21,early,0.30996818945811205,0.6254466564642434,4524.096955008408,7233.3857863816875,5497.876932608729,0.3959841218584353,0,678.2001978321048,1,0.0,1,1,high,0.04468770119945725,1.1100338854838319,0.466752765563234,0.8465379303694447,146,10,Imitation_64x64,101,0,0,0.027054697,0.0,0.0,True,-0.2,True,0.99605596,-0.0039520264,0.003671102,-5.6072636,0.00012157918,-9.014945,7.604349e-05,-9.484205,7.545057e-05,-9.492033
B_RL_test_00047,severe_stress,MyopicEconomic,8,16,middle,0.9967577336578811,1.0,13500.0,13500.0,5426.792941577646,0.013091152856206597,5,584.0432940268033,2,1.6,2,1,high,0.6794578365423228,1.2605601452914865,0.39418557739057486,0.663345949117258,147,9,Imitation_64x64,101,0,1,0.724415,72.45552604368004,72.45552604368004,False,-0.2,False,0.7274747,-0.31817603,0.05053541,-2.985081,0.22079434,-1.5105236,0.00019853645,-8.524538,0.0009970353,-6.910724
B_RL_test_00048,severe_stress,PPO,3,21,early,0.22787425817632054,1.0,3496.625410377927,3496.625410377927,4282.18936652522,0.2394748583802661,0,739.214628121166,1,0.0,1,1,high,0.8746453651728925,1.2289568893253286,0.34581064897313346,0.5645890100507188,148,9,Imitation_64x64,101,0,0,1.047666,0.0,0.0,True,-0.2,True,0.6112562,-0.49223912,0.23947082,-1.4293237,0.086991936,-2.4419398,0.0057491073,-5.1587105,0.05653195,-2.8729491
B_RL_test_00049,severe_stress,ObservationPlanner,1,23,early,0.6731811649547996,0.9726606164077489,3588.890871328263,3689.7668218364097,1771.293887873303,0.2761134340909944,0,669.7600350697134,1,0.0,2,1,low,0.2671931472578545,0.946027321721571,0.49805137706200514,0.8348476688154185,149,6,Imitation_64x64,101,0,0,0.021453371,0.0,0.0,True,-0.2,True,0.99703205,-0.002972126,0.0026335241,-5.939432,5.763764e-06,-12.063919,0.0002776454,-8.189166,5.112857e-05,-9.881166
B_RL_test_00050,severe_stress,MyopicEconomic,2,22,early,0.5673679412873048,0.35772344139632345,3206.7755748600625,8964.398761073253,2779.934063955163,0.26209743594497137,0,655.6670458752743,1,0.0,1,0,low,-0.44078875144303553,0.8380510296018817,0.3871942516794568,0.6034522769722803,150,11,Imitation_64x64,101,0,0,0.017879155,0.0,0.0,True,-0.2,True,0.9975756,-0.002427578,0.0022286703,-6.1063504,1.9053301e-05,-10.868271,0.00011551018,-9.066153,6.12447e-05,-9.700634
B_RL_test_00051,severe_stress,PPO,3,21,early,0.9551168147487235,1.5006249999999999,5941.556651718679,3959.3880228029516,2763.0243702744724,0.02,3,599.6707598627692,1,0.0,2,2,low,-1.1207786885627906,1.002766217469849,0.3503577515463789,0.617426829756258,151,4,Imitation_64x64,101,0,0,0.347163,0.0,0.0,True,-0.2,True,0.91465354,-0.089209795,0.06782473,-2.6908283,0.01351421,-4.3040137,0.0020105669,-6.2093387,0.0019968182,-6.2162004
B_RL_test_00052,severe_stress,ObservationPlanner,7,17,early,0.8423116195140266,1.0028847891375086,525.1376631518262,523.627109354655,1764.5634784849206,0.17445580730668783,0,621.9663069438811,2,1.6,2,2,low,-0.23877457474671135,0.7227125995562862,0.4726893086707423,0.6581244204937098,152,12,Imitation_64x64,101,0,0,0.34764972,0.0,0.0,True,-0.04512201,True,0.9186968,-0.08479905,0.05688748,-2.86668,0.00079585507,-7.1360936,0.005252048,-5.249137,0.018367764,-3.997158
B_RL_test_00053,severe_stress,MyopicEconomic,10,14,middle,0.9750360126947729,0.21997445309370525,3299.6167964055785,14999.999999999998,1790.0019683562887,0.09487484313454006,0,548.0169029670456,2,1.6,2,0,low,-0.3870103738071509,1.0471457565478777,0.4977787279614221,0.8372278510245246,153,13,Imitation_64x64,101,0,0,0.1273113,0.0,0.0,True,-0.2,True,0.97623694,-0.024049997,0.018741593,-3.97701,0.00413194,-5.4890084,0.00012910904,-8.954853,0.00076039374,-7.1816745
B_RL_test_00054,severe_stress,PPO,4,20,early,0.9526443675344505,1.2245366026332696,5415.3743154517815,4422.386643083143,4963.6253396735765,0.13322072171365323,0,603.5576050324527,2,1.6,2,2,high,-1.255506772438249,0.9360305659296442,0.363464744617099,0.5373903131399516,154,5,Imitation_64x64,101,0,1,0.14115117,50.931026764490525,50.931026764490525,False,-0.2,False,0.9702948,-0.030155182,0.028211346,-3.5680308,0.00039583922,-7.834502,0.0003053012,-8.094212,0.0007927804,-7.139964
B_RL_test_00055,severe_stress,ObservationPlanner,4,20,early,0.9926894715730625,1.4555291881444832,7864.4011408301085,5403.1215621692145,4714.023653189749,0.017926995087853816,3,612.5651531578951,2,1.6,2,2,high,-0.5512478562946606,1.0949289310713148,0.2282812754865429,0.5039575619771754,155,5,Imitation_64x64,101,0,0,0.5742858,0.0,0.0,True,-0.2,True,0.8327048,-0.18307614,0.11555592,-2.1580007,0.046733607,-3.0632918,0.001231418,-6.699589,0.0037743319,-5.5795317
B_RL_test_00056,severe_stress,MyopicEconomic,1,23,early,0.5035782277571821,0.36165326586457647,2805.064307796412,7756.225568959157,2150.277309475043,0.30578845198468124,0,667.7641115927946,1,0.0,1,0,low,0.491521608931922,0.7981409760756403,0.40301955099779874,0.725467639639309,156,7,Imitation_64x64,101,0,0,0.01549797,0.0,0.0,True,-0.2,True,0.9979728,-0.002029419,0.00178509,-6.3282866,8.344741e-06,-11.693879,0.00018102584,-8.616871,5.264401e-05,-9.851958
B_RL_test_00057,severe_stress,PPO,5,19,early,0.909841616476469,1.4153390976028188,4749.889655171302,3356.0082267325633,3261.7861913498973,0.06668605580810198,0,714.5335659902294,2,1.6,2,2,high,0.29734423011214695,1.2126248846903505,0.3002933541740706,0.833479734810448,157,6,Imitation_64x64,101,0,1,0.23346634,11.318199145885046,11.318199145885046,False,-0.2,False,0.94546705,-0.05607629,0.04925734,-3.010697,0.00071445736,-7.243987,0.0009917791,-6.91601,0.0035693175,-5.6353807
B_RL_test_00058,severe_stress,ObservationPlanner,5,19,early,0.04835967530168532,0.26907861031756075,859.117241974016,3192.8113533814685,2912.9931262002365,0.540473495081097,0,797.0411241109779,2,1.6,0,0,low,2.782688012161225,0.6915874271637731,0.4819950280080346,0.698112208087694,158,24,Imitation_64x64,101,4,0,1.0125468,2.683360583021738,2.683360583021738,False,0.2,False,0.12229293,-2.101336,0.3254031,-1.1226906,0.0011019915,-6.810636,0.011119495,-4.4990554,0.5400825,-0.6160333
B_RL_test_00059,severe_stress,MyopicEconomic,9,15,middle,0.7111854071180429,0.14119385208636528,2117.9077812954793,15000.0,1820.7155674506828,0.2505661397389287,0,726.7811467964113,2,1.6,2,0,low,0.971453190840694,1.533171519635366,0.4781722323867211,0.6056363128937179,159,24,Imitation_64x64,101,0,0,0.4671971,0.0,0.0,True,-0.2,True,0.84802026,-0.16485071,0.14194618,-1.9523072,0.0006417402,-7.351327,0.0004214278,-7.771862,0.008970389,-4.713826
B_RL_test_00060,severe_stress,PPO,3,21,early,0.8255024590965289,0.8644525884552394,1439.0777459067222,1664.7272101739288,1549.1050055627006,0.2061728985927113,0,625.262744109826,1,0.0,2,1,low,0.4676162543727831,0.8860136480030804,0.311185290065238,0.9046832844889655,160,4,Imitation_64x64,101,0,0,0.08305815,0.0,0.0,True,-0.2,True,0.98611635,-0.0139808655,0.009975463,-4.607627,2.8702161e-05,-10.458538,0.003391099,-5.686601,0.00048846216,-7.6242485
B_RL_test_00061,severe_stress,ObservationPlanner,3,21,early,0.9328907340488062,1.2249999999999999,6703.528982123979,5472.268556835902,6488.154144764619,0.02,2,559.1334385848705,1,0.0,2,2,high,-0.6019120795535214,1.250066022412253,0.32570285665920384,0.6690632347612712,161,4,Imitation_64x64,101,0,0,0.47131604,0.0,0.0,True,-0.2,True,0.8664419,-0.14336038,0.10716798,-2.233358,0.02318576,-3.7642171,0.0011268156,-6.78836,0.0020776603,-6.176513
B_RL_test_00062,severe_stress,MyopicEconomic,8,16,middle,0.9487828627568947,0.2782140346366669,4173.2105195500035,15000.0,4276.697932838302,0.11480102279632093,0,619.752387353713,2,1.6,2,0,high,-0.5197297972949666,1.0463883656689934,0.3776908173523991,0.815325111799893,162,13,Imitation_64x64,101,0,0,0.08083617,0.0,0.0,True,-0.2,True,0.98495495,-0.015159607,0.014506093,-4.2331867,0.00034854736,-7.9617367,3.532785e-05,-10.250839,0.00015510032,-8.771439
B_RL_test_00063,severe_stress,PPO,1,23,early,0.791088375339115,0.2913549668642458,2032.3377743425297,6975.469806524627,3403.9167794934497,0.25531621104206104,0,570.2152423770772,1,0.0,2,0,high,-1.4160968264962555,1.271300483920626,0.2624403200649598,0.5443897374113016,163,5,Imitation_64x64,101,0,0,0.0076393215,0.0,0.0,True,-0.2,True,0.99909496,-0.00090551376,0.00079395523,-7.1384835,2.556707e-06,-12.876791,9.445286e-05,-9.26741,1.4222735e-05,-11.160669
B_RL_test_00064,severe_stress,ObservationPlanner,2,22,early,0.6826351159490309,0.5427171272258478,2780.316275530237,5122.95657544861,4374.566437472475,0.3872400641215184,0,558.572914503709,1,0.0,2,1,high,-0.2311648484074592,0.750470788967369,0.44116609633456183,0.7340685337223977,164,4,Imitation_64x64,101,0,0,0.013791807,0.0,0.0,True,-0.2,True,0.9982095,-0.001791954,0.0016157088,-6.4279814,6.6523016e-06,-11.9205475,0.0001394131,-8.878069,2.8714232e-05,-10.4581175
B_RL_test_00065,severe_stress,MyopicEconomic,6,18,early,0.6599472970753796,0.22131611208056978,3319.7416812085467,15000.0,2423.8621118241194,0.25542319236921396,0,672.2526521897478,2,1.6,2,0,low,0.9543120520827897,1.2376231953811616,0.4808156757682948,0.8043152589284366,165,24,Imitation_64x64,101,0,0,0.2545923,0.0,0.0,True,-0.2,True,0.93365383,-0.06864953,0.064366974,-2.7431545,0.0006427771,-7.3497124,0.00010197549,-9.190778,0.0012344703,-6.697113
B_RL_test_00066,severe_stress,PPO,1,23,early,0.5047986667626899,0.6743000935655893,1820.468055960117,2699.7891196096057,1542.9255502075714,0.3062788872447605,0,699.3341725819399,1,0.0,1,1,low,0.10872647247335987,1.0882603901869417,0.24807577802657751,0.678805264804511,166,5,Imitation_64x64,101,0,0,0.058704857,0.0,0.0,True,-0.2,True,0.99090856,-0.009132862,0.0062423414,-5.0764,1.7019833e-05,-10.981131,0.0024257402,-6.0216184,0.00040630982,-7.8083944
B_RL_test_00067,severe_stress,ObservationPlanner,0,24,early,0.19322683130217108,0.5790157421144024,5082.440998150891,8777.725074608934,3890.760815916193,0.4,0,851.5288424890562,1,0.0,0,1,high,1.7860277180715896,1.4976221550110438,0.3431977762345563,0.6947477889754374,167,6,Imitation_64x64,101,0,0,0.007306998,0.0,0.0,True,-0.2,True,0.9991109,-0.0008893013,0.00085528387,-7.064077,3.413413e-06,-12.587798,2.1896705e-05,-10.729174,8.458259e-06,-11.6803665
B_RL_test_00068,severe_stress,MyopicEconomic,3,21,early,0.4693760380215134,0.4605324635086656,5414.273732894595,11756.551735017301,2978.2013228422875,0.2908618117124857,0,666.9668850637144,1,0.0,1,0,low,0.11732619098720778,0.9121918234253104,0.44108451528192855,0.739356466273892,168,8,Imitation_64x64,101,0,0,0.018746803,0.0,0.0,True,-0.2,True,0.99743515,-0.002568245,0.0023700662,-6.0448375,0.000108243396,-9.131128,4.558719e-05,-9.995884,4.102536e-05,-10.10132
B_RL_test_00069,severe_stress,PPO,1,23,early,0.960812023620709,0.6728979002668548,2168.0837102651412,3222.0099206808827,4198.773867629622,0.2488485489978257,0,483.07543703213923,1,0.0,2,1,high,-1.4919352173107752,1.3055222135338365,0.41763881714870493,0.7592059164002953,169,5,Imitation_64x64,101,0,0,0.008434353,0.0,0.0,True,-0.2,True,0.9989791,-0.0010213852,0.00091519475,-6.9963737,2.135902e-06,-13.056622,9.380459e-05,-9.274297,9.807829e-06,-11.53233
B_RL_test_00070,severe_stress,ObservationPlanner,9,15,middle,0.21281686594409158,0.9943826913766872,1211.372964191225,1218.2160597688226,1427.3895968193285,0.22774283708102405,0,911.6582113977641,2,1.6,1,1,low,2.389651181165024,1.299545799569939,0.4153647449400546,0.7062253508358912,170,11,Imitation_64x64,101,4,1,1.102167,82.72933818768631,82.72933818768631,False,0.2,False,0.39839056,-0.92032254,0.15344904,-1.8743869,0.008861478,-4.726042,0.009197425,-4.688832,0.43010157,-0.843734
B_RL_test_00071,severe_stress,MyopicEconomic,2,22,early,0.5740328841145435,0.5951739887626244,7605.021920581621,12777.812982708761,3069.135714804417,0.271378619155672,0,701.5061995753122,1,0.0,1,1,high,0.09105636204004242,1.0313146161355393,0.4853300622396656,0.5238168952882202,171,8,Imitation_64x64,101,0,0,0.0062124827,0.0,0.0,True,-0.2,True,0.9992588,-0.0007414818,0.00071743235,-7.239832,6.566583e-06,-11.933517,1.2525452e-05,-11.287748,4.7048634e-06,-12.266914
B_RL_test_00072,severe_stress,PPO,2,22,early,0.948240488185595,1.2094007530851858,4591.594991371415,3796.5868465504414,1964.8516910922142,0.032479397531851285,3,655.9010008173161,1,0.0,2,2,low,0.386536536410366,0.930225005718882,0.29112376646152666,0.6081968729634402,172,3,Imitation_64x64,101,0,0,0.2709489,0.0,0.0,True,-0.2,True,0.93597263,-0.06616902,0.055763617,-2.8866336,0.004275198,-5.4549246,0.0023724206,-6.043844,0.0016161093,-6.4277334
B_RL_test_00073,severe_stress,ObservationPlanner,0,24,early,0.3919982683599533,0.39116388027494386,3070.9806700840295,7850.879963470754,5150.7503186470285,0.4,0,693.6695826171782,1,0.0,1,0,high,0.45941812709734065,1.1789910139310849,0.28356995023331066,0.6877866114164769,173,7,Imitation_64x64,101,0,0,0.011815108,0.0,0.0,True,-0.2,True,0.99848074,-0.0015206337,0.0014264542,-6.5525637,1.2518277e-05,-11.288321,5.3954886e-05,-9.827362,2.6399435e-05,-10.542169
B_RL_test_00074,severe_stress,MyopicEconomic,17,7,late,0.22671624846750546,0.1250352829349012,1470.5649696539601,11761.2,3054.5463995179625,0.368099186936185,0,743.4137697409599,2,1.6,1,0,high,1.5965306398868033,0.7644284406291425,0.5561785363345491,0.7034210583296641,174,24,Imitation_64x64,101,4,3,0.6673212,8.018704699779732,8.018704699779732,False,0.2,False,0.012697139,-4.366379,0.21737036,-1.5261526,0.013015324,-4.3416276,0.0018261287,-6.3055573,0.755091,-0.28091693
B_RL_test_00075,severe_stress,PPO,0,24,early,0.7382116592789666,0.44562027441056534,3119.864841394645,7001.17346662779,2564.9616727005878,0.4,0,584.3411001869044,1,0.0,2,0,low,-1.9380212781880286,0.5667805381576572,0.34706457120354495,0.4642840454103798,175,4,Imitation_64x64,101,0,0,0.004970423,0.0,0.0,True,-0.2,True,0.99944,-0.00056028366,0.0004982902,-7.604328,7.4360014e-07,-14.111763,5.5365017e-05,-9.801563,5.6373574e-06,-12.086096
B_RL_test_00076,severe_stress,ObservationPlanner,5,19,early,0.9861656369292241,1.1911753786479151,2914.2037272593307,2446.494260624492,1925.3084133675156,0.02,2,551.460830049257,2,1.6,2,2,low,-0.9456056299759363,0.9330307037393054,0.3516778080616225,0.7294508559928045,176,6,Imitation_64x64,101,0,2,0.970626,3.9271038647229943,3.9271038647229943,False,-0.2,False,0.66846126,-0.40277684,0.13715439,-1.9866481,0.15984638,-1.8335421,0.008778164,-4.735488,0.02575988,-3.658937
B_RL_test_00077,severe_stress,MyopicEconomic,7,17,early,0.8133018746959686,0.21092219713511243,3163.8329570266865,15000.0,2650.88745591375,0.02,2,702.6792521180745,2,1.6,2,0,low,0.31858297831781607,0.8479897153648971,0.4532158731317911,0.56086922159226,177,8,Imitation_64x64,101,0,0,0.78998005,0.0,0.0,True,-0.2,True,0.6856008,-0.37745976,0.059257574,-2.8258617,0.25256932,-1.3760695,0.00026276248,-8.24426,0.002309512,-6.070719
B_RL_test_00078,severe_stress,PPO,0,24,early,0.6781150053141439,0.4063975228559522,3469.876303432505,8538.133498078443,3593.4336285579748,0.4,0,602.921827198942,1,0.0,2,0,high,-0.8075015401694254,1.0321185311846846,0.18971493676975942,0.6519106372702784,178,4,Imitation_64x64,101,0,0,0.0037654517,0.0,0.0,True,-0.2,True,0.9995845,-0.000415802,0.00038804143,-7.8543987,7.6231623e-07,-14.086905,2.3781775e-05,-10.646591,2.9920127e-06,-12.719564
B_RL_test_00079,severe_stress,ObservationPlanner,0,24,early,0.6107559122745796,0.35881894687930105,1990.6102300783075,5547.673129835883,2877.475817049848,0.4,0,606.0929451374526,1,0.0,2,0,low,-0.2263729641847368,0.7787968829600019,0.42086284106403515,0.720814474587929,179,1,Imitation_64x64,101,0,0,0.007291981,0.0,0.0,True,-0.2,True,0.9991571,-0.00084352493,0.0006708061,-7.3070307,1.1552604e-06,-13.671185,0.00015633908,-8.763484,1.45145605e-05,-11.140359
B_RL_test_00080,severe_stress,MyopicEconomic,0,24,early,0.7354091066480801,0.5930537031491864,2010.1037233788988,3389.4126496555145,1826.9041858791115,0.4,0,595.0018162256957,1,0.0,2,1,low,-1.0123921144009338,1.1258003834783963,0.39749000470481033,0.5241669124696455,180,2,Imitation_64x64,101,0,0,0.009609751,0.0,0.0,True,-0.2,True,0.9988611,-0.0011396408,0.0008140781,-7.1134543,8.472543e-07,-13.981265,0.00030736378,-8.087479,1.6615595e-05,-11.005169
B_RL_test_00081,severe_stress,PPO,7,17,early,0.8637487281169084,1.1574111765469668,607.5133096616789,524.8897902248887,1080.4656295288282,0.13589993967529646,0,646.2908866331807,2,1.6,2,2,low,0.4670964360920484,1.0318299041662726,0.39611149708091536,0.7766966329528985,181,15,Imitation_64x64,101,0,0,0.36496037,0.0,0.0,True,-0.04741908,True,0.9126253,-0.09142995,0.062593356,-2.7710962,0.00077062304,-7.168311,0.005565837,-5.191108,0.018444914,-3.9929667
B_RL_test_00082,severe_stress,ObservationPlanner,2,22,early,0.9544134655698913,1.0,500.00000000000006,500.00000000000006,1244.384148533584,0.02,1,491.3351177864671,1,0.0,2,1,low,-1.8132668856006082,0.8977841514156312,0.379017546862315,0.6711371551218738,182,5,Imitation_64x64,101,0,2,0.47421956,-29.274250616486597,0.0,False,-0.0,True,0.8795301,-0.12836742,0.08747588,-2.436392,0.013323264,-4.3182435,0.011417765,-4.4725847,0.008252974,-4.7971816
B_RL_test_00083,severe_stress,MyopicEconomic,1,23,early,0.44889426720552517,0.2508102518258211,1744.1830852366552,6954.193748220184,2849.055309425812,0.370098954312864,0,662.4626308330324,1,0.0,1,0,low,-0.19318881647829222,1.1007255421738986,0.39873602801111796,0.6182139355952364,183,5,Imitation_64x64,101,0,0,0.019713841,0.0,0.0,True,-0.2,True,0.99742883,-0.0025744438,0.0019177726,-6.256591,9.462085e-06,-11.568218,0.00052616064,-7.549904,0.0001177621,-9.0468445
B_RL_test_00084,severe_stress,PPO,0,24,early,0.906174739606605,0.4075748690648555,1513.3767327880428,3713.12572892522,2389.231910536744,0.4,0,427.4413147982198,1,0.0,2,0,low,-2.719303493644447,0.9141938919096755,0.4493131263051819,0.7602119282809829,184,2,Imitation_64x64,101,0,0,0.007476817,0.0,0.0,True,-0.2,True,0.999143,-0.0008573532,0.000600913,-7.4170604,6.958518e-07,-14.178129,0.0002457128,-8.311347,9.61934e-06,-11.551735
B_RL_test_00085,severe_stress,ObservationPlanner,2,22,early,0.7156070245290534,0.7720575387076455,3853.2593203739866,4990.896568180649,3266.1664997181333,0.2422690917029213,0,662.0574850946882,1,0.0,2,1,high,-0.732507953119708,1.414482734313204,0.324414951475154,0.5343499923124448,185,5,Imitation_64x64,101,0,0,0.024468448,0.0,0.0,True,-0.2,True,0.9964876,-0.0035185814,0.003255241,-5.727489,1.4109038e-05,-11.168695,0.0001815321,-8.6140785,6.1525796e-05,-9.6960535
B_RL_test_00086,severe_stress,MyopicEconomic,1,23,early,0.8920782681027297,0.3920585714152794,3395.6772059953346,8661.147730394952,4318.752576105708,0.02,1,567.6569911013944,1,0.0,2,0,high,-0.5739392325338428,0.8405098617483711,0.2825418813098837,0.6386877709365626,186,8,Imitation_64x64,101,0,0,0.050292514,0.0,0.0,True,-0.2,True,0.9920813,-0.007950306,0.0067903376,-4.9922547,0.0008261263,-7.098763,0.00020251235,-8.504709,9.9787314e-05,-9.212469
B_RL_test_00087,severe_stress,PPO,3,21,early,0.461061449263551,1.0,7680.0,7680.0,9723.863609157772,0.06976507968158221,0,721.1089281234724,1,0.0,1,1,high,0.6498672710491811,1.088206740370783,0.40818789241107123,0.7330825440302011,187,8,Imitation_64x64,101,0,0,0.46033812,0.0,0.0,True,-0.2,True,0.877491,-0.13068867,0.08455032,-2.4704084,0.034513593,-3.3664021,0.00031920386,-8.049681,0.0031258452,-5.7680507
B_RL_test_00088,severe_stress,ObservationPlanner,17,7,late,0.07739497711327707,1.0,500.0,500.0,6272.689955570892,0.38472936597363283,0,811.1148786198856,2,1.6,0,1,high,3.2597985744067355,0.9085305102515508,0.4665674267932232,0.8094894424242502,188,24,Imitation_64x64,101,4,2,0.92017376,6.009713793044114,6.009713793044114,False,0.2,False,0.050488796,-2.9860039,0.080896154,-2.514589,0.16117315,-1.825276,0.004444173,-5.4161615,0.7029977,-0.35240173
B_RL_test_00089,severe_stress,MyopicEconomic,16,8,late,0.7229369882006237,0.14861354874064336,2229.20323110965,14999.999999999998,2735.064122068475,0.2363326258881103,0,707.7435596413802,2,1.6,2,0,low,1.7888009368239013,0.6988729541935131,0.3328235380263363,0.8188913977778863,189,24,Imitation_64x64,101,0,0,0.82787776,0.0,0.0,True,-0.2,True,0.6337025,-0.45617557,0.31326163,-1.1607165,0.004412007,-5.4234257,0.0008397936,-7.082354,0.04778406,-3.041063
B_RL_test_00090,severe_stress,PPO,3,21,early,0.5244930043330686,1.0,4481.333392854215,4481.333392854215,3797.9454635062593,0.2976828633712957,0,683.097292396233,1,0.0,1,1,high,0.043613096896889136,1.037068499561815,0.565620493324281,0.7959980754214587,190,6,Imitation_64x64,101,0,0,0.11269718,0.0,0.0,True,-0.2,True,0.9780688,-0.022175312,0.020372858,-3.8935518,0.00028296607,-8.170184,0.0005608871,-7.485991,0.00071433146,-7.2441635
B_RL_test_00091,severe_stress,ObservationPlanner,12,12,middle,0.1314375777650269,0.09160768946575051,703.1913595104816,7676.117186356771,1410.425767369461,0.4364607552809321,0,901.4144503999852,2,1.6,0,0,low,2.3382845918220068,0.6741896711819185,0.5199109965055012,0.712837240683555,191,24,Imitation_64x64,101,4,4,0.4418331,0.0,0.0,True,0.2,True,0.008576611,-4.7587166,0.112937264,-2.180923,0.00078334915,-7.1519322,0.0057445746,-5.1594996,0.87195826,-0.13701391
B_RL_test_00092,severe_stress,MyopicEconomic,1,23,early,0.5499265600721283,0.39625834560462464,2335.970820093433,5895.070339853986,2255.5974127143027,0.4565248883135144,0,582.2224444759813,1,0.0,1,0,low,-0.5862659646754461,1.1181404121059324,0.6389081097596125,0.889545304488342,192,15,Imitation_64x64,101,0,0,0.011273349,0.0,0.0,True,-0.2,True,0.998632,-0.0013689995,0.0010217368,-6.8862514,1.9012231e-06,-13.173014,0.00031487198,-8.063344,2.935169e-05,-10.436161
B_RL_test_00093,severe_stress,PPO,10,14,middle,0.18774314801565403,1.0,1610.612736000001,1610.612736000001,7664.366127220601,0.21580289813715575,0,876.1027641372767,2,1.6,0,1,high,3.0629373987984785,0.9114223715622548,0.4060270931795948,0.7879782542358003,193,24,Imitation_64x64,101,4,0,1.3236747,192.33891732843642,192.33891732843642,False,0.2,False,0.32716405,-1.1172936,0.16003336,-1.832373,0.13535963,-1.9998202,0.004967023,-5.3049345,0.37247598,-0.9875828
B_RL_test_00094,severe_stress,ObservationPlanner,0,24,early,0.9134142587402432,0.6704764770377748,335.2382385188874,500.0,1436.6262834547883,0.4,0,442.07399217630456,1,0.0,2,1,low,-1.3976582755334301,0.7487520285556225,0.4855545079422672,0.6876819511748817,194,5,Imitation_64x64,101,0,2,0.03868127,-171.31036415083236,0.0,False,0.0,True,0.99439335,-0.005622387,0.0019856927,-6.2217875,2.5398315e-06,-12.883413,0.0035443625,-5.642397,7.406792e-05,-9.510528
B_RL_test_00095,severe_stress,MyopicEconomic,1,23,early,0.38207848776653847,0.37966025159672456,2239.0167184562933,5897.421995164716,3385.2681834928144,0.5235643202147016,0,594.6158875921458,1,0.0,1,0,high,-0.2563260662755433,0.9887072235021326,0.5326297737522329,0.6408928626998098,195,5,Imitation_64x64,101,0,0,0.010971943,0.0,0.0,True,-0.2,True,0.9986687,-0.001332283,0.0010497795,-6.859175,7.879708e-06,-11.75122,0.00023978458,-8.33577,3.3956443e-05,-10.290432
B_RL_test_00096,severe_stress,PPO,7,17,early,0.5173000165120831,1.0178676466583578,1341.141251347273,1317.5988604709237,3361.2853566205335,0.19868212231416982,0,732.0243629244239,2,1.6,1,2,high,0.63121929203782,0.9721972196766725,0.445765228928636,0.7938713156995721,196,12,Imitation_64x64,101,0,1,0.7185177,8.870301368558557,8.870301368558557,False,-0.2,False,0.7841866,-0.24310827,0.11686408,-2.1467438,0.008158917,-4.808644,0.0052074664,-5.257662,0.0855829,-2.4582698
B_RL_test_00097,severe_stress,ObservationPlanner,2,22,early,0.5668801786211263,0.608260194430912,721.5002730079889,1186.1704573369695,1672.7002940307505,0.41289897448631335,0,571.3184386201295,1,0.0,1,1,low,-0.6422699443344645,0.5751794844401634,0.5138524784076035,0.5242284254912288,197,9,Imitation_64x64,101,0,0,0.101823464,0.0,0.0,True,-0.2,True,0.98244745,-0.017708302,0.005529,-5.197748,3.6479847e-05,-10.21875,0.011419845,-4.4724026,0.00056735595,-7.4745235
B_RL_test_00098,severe_stress,MyopicEconomic,3,21,early,0.24065976927050703,0.49491688522671456,4775.830233659442,9649.76216455355,3235.053675493276,0.3000075878322623,0,758.1077622426095,1,0.0,1,0,high,0.9088657953933286,1.3248086092922042,0.36488819247598553,0.5828741555508058,198,11,Imitation_64x64,101,0,0,0.100002825,0.0,0.0,True,-0.2,True,0.98142666,-0.018747807,0.01680665,-4.0859804,0.0008128409,-7.114975,0.0002194974,-8.4241705,0.00073430204,-7.21659
B_RL_test_00099,severe_stress,PPO,1,23,early,0.6935374321243797,0.8015197217681155,3446.4035370911242,4299.836227970183,2308.449944443907,0.3122362038919836,0,638.8794272401572,1,0.0,2,1,low,-0.26689171429934844,0.6907053720958345,0.34363800188548893,0.47058435393170817,199,6,Imitation_64x64,101,0,0,0.011661595,0.0,0.0,True,-0.2,True,0.9985257,-0.0014753342,0.0013152072,-6.633761,2.4964888e-06,-12.900625,0.00013689353,-8.896307,1.9716796e-05,-10.83404
B_RL_test_00000,baseline,PPO,16,8,late,0.2379555790490246,1.0,500.0,500.0,5985.089705294903,0.23118783353356365,0,730.9437736673831,1,0.0,1,1,high,0.7766626320299265,1.1540687281369808,0.34471001732411144,0.8095158963876717,0,24,Imitation_64x64,202,2,2,1.2593595,0.0,0.0,True,0.0,True,0.103344955,-2.269683,0.1274222,-2.0602493,0.5129932,-0.66749275,0.020303037,-3.896985,0.23593657,-1.4441924
B_RL_test_00001,baseline,ObservationPlanner,12,12,middle,0.06837194242154448,1.0,500.0,500.0,2007.3304872982224,0.2888737980221177,0,830.2815138817816,1,0.0,0,1,low,1.6613225481260747,0.841180276874062,0.2960832412250551,0.6198577850919593,1,24,Imitation_64x64,202,4,3,1.319722,3.6115330164159616,3.6115330164159616,False,0.2,False,0.045805916,-3.083342,0.09347827,-2.3700264,0.2644481,-1.3301103,0.11818479,-2.135506,0.47808295,-0.73797107
B_RL_test_00002,baseline,MyopicEconomic,13,11,middle,0.10210201177067327,0.11217209360571379,1075.2796781170684,9585.982070520044,2437.259079929716,0.45502879908228483,0,690.9761593017319,1,0.0,0,0,low,0.4546918678629157,0.8585965558808485,0.47150063272009635,0.832595564470931,2,24,Imitation_64x64,202,4,4,0.9355178,0.0,0.0,True,0.2,True,0.013063838,-4.3379073,0.040492043,-3.2066498,0.06874027,-2.6774201,0.18383758,-1.6937026,0.6938662,-0.36547613
B_RL_test_00003,baseline,PPO,2,22,early,0.054717952272838925,0.5403214730936744,3796.953775699434,7027.212436995197,7228.707337667853,0.5379484931676871,0,748.6695090541555,1,0.0,0,1,high,1.033632078382112,1.2276235612338229,0.47864155202413344,0.8531424835747992,3,8,Imitation_64x64,202,0,0,0.06444798,0.0,0.0,True,-0.2,True,0.98940814,-0.010648251,0.00889725,-4.722013,0.0013518394,-6.606289,0.00014908261,-8.81101,0.00019361953,-8.549616
B_RL_test_00004,baseline,ObservationPlanner,3,21,early,0.5968721123186518,0.9999999999999999,3651.982730983609,3651.9827309836096,3627.0039340218054,0.3087336184147029,0,638.3216473516175,1,0.0,1,1,high,0.4602511534154351,1.0830413162393473,0.45980112852588634,0.7412130218716163,4,24,Imitation_64x64,202,0,0,0.04584428,0.0,0.0,True,-0.2,True,0.99253184,-0.007496357,0.007083928,-4.949927,2.97261e-05,-10.423485,0.0002536898,-8.279398,0.00010093817,-9.201002
B_RL_test_00005,baseline,MyopicEconomic,1,23,early,0.4979048576250192,0.3364270541945389,1502.9110351080908,4467.271631011675,1721.8301202996743,0.4036472237693899,0,633.9837050213686,1,0.0,1,0,low,-0.04444196082094837,1.1818582927166443,0.48676356778721747,0.6668066982541053,5,18,Imitation_64x64,202,0,0,0.04187794,0.0,0.0,True,-0.2,True,0.9938133,-0.0062060356,0.0016957955,-6.3796034,1.6808954e-06,-13.296185,0.0043560066,-5.4361997,0.00013328755,-8.923002
B_RL_test_00006,baseline,PPO,13,11,middle,0.05475255465070265,1.0,602.6021772084498,602.6021772084498,5078.781453664926,0.36775751012369107,0,715.3175253995527,1,0.0,0,1,high,0.9316380738118776,0.6386269675984682,0.5197144407917117,0.5755142980102315,6,24,Imitation_64x64,202,2,0,0.8682169,1.1224271131677739,1.1224271131677739,False,0.0,False,0.025630802,-3.6639602,0.06791765,-2.689459,0.72666156,-0.3192942,0.0147922225,-4.2136536,0.16499773,-1.8018234
B_RL_test_00007,baseline,ObservationPlanner,1,23,early,0.7906424101315642,0.7179192941709722,8615.031530051667,12000.0,6070.414391389817,0.2917653700524575,0,557.1473599055465,1,0.0,2,1,high,-1.7014713346367327,1.0009109290001965,0.4410433472212441,0.6888284147284123,7,5,Imitation_64x64,202,0,0,0.0066796266,0.0,0.0,True,-0.2,True,0.999191,-0.00080919266,0.00078947016,-7.1441483,1.1243952e-05,-11.395679,6.3211596e-06,-11.971607,2.07811e-06,-13.084052
B_RL_test_00008,baseline,MyopicEconomic,23,1,late,0.3562722482467574,0.3167653090738204,4751.479636107306,15000.0,4969.615697772818,0.266977695303081,0,616.3304101583744,1,0.0,1,0,high,-0.39024726220835865,0.9356708536559166,0.4388010593340236,0.8167731441495508,8,24,Imitation_64x64,202,2,1,0.8286458,34.28708449154385,34.28708449154385,False,0.0,False,0.19896504,-1.6146262,0.06771897,-2.692389,0.71250474,-0.33896875,0.00067032635,-7.307746,0.020140955,-3.905
B_RL_test_00009,baseline,PPO,6,18,early,0.7033396566006782,1.0,2387.8285674671947,2387.8285674671947,3251.035828942063,0.27809642607519547,0,572.0517507533034,1,0.0,2,1,high,-0.11325674064309288,0.5753649050646394,0.44374303847723623,0.8737371263430239,9,7,Imitation_64x64,202,0,0,0.22605988,0.0,0.0,True,-0.2,True,0.94776344,-0.05365038,0.047322165,-3.0507765,0.0005605328,-7.486623,0.002479743,-5.9996004,0.0018741107,-6.279621
B_RL_test_00010,baseline,ObservationPlanner,0,24,early,0.5818128660363321,0.41951200414734585,1009.1047478201779,2405.425203198115,1701.555300007723,0.4,0,588.9865506153408,1,0.0,1,0,low,-0.4838409806239353,0.8413063321790891,0.4391246703190555,0.6872603844075084,10,4,Imitation_64x64,202,0,0,0.029637713,0.0,0.0,True,-0.2,True,0.9958715,-0.004137039,0.0012556692,-6.6800866,1.6034649e-06,-13.343344,0.002808293,-5.8751783,6.297646e-05,-9.6727495
B_RL_test_00011,baseline,MyopicEconomic,2,22,early,0.37210149521443003,0.5939540529908843,4663.409728891948,7851.465454960907,3018.192616841782,0.3204942918365675,0,671.5810896528725,1,0.0,1,1,high,0.6701751736113165,1.1556843223065958,0.3527015341276848,0.6125902414428819,11,15,Imitation_64x64,202,0,0,0.038908746,0.0,0.0,True,-0.2,True,0.99393266,-0.0060858727,0.005673364,-5.171973,0.00012649824,-8.975283,0.00015485976,-8.772991,0.000112556656,-9.092054
B_RL_test_00012,baseline,PPO,21,3,late,0.030994854075521758,1.0,500.0,500.0,1700.7150011455492,0.5600166912975704,0,727.7627978170854,1,0.0,0,1,low,0.9772288051966393,0.9509734753112715,0.46436674060322847,0.7302773060708184,12,24,Imitation_64x64,202,4,4,0.91782975,0.0,0.0,True,0.2,True,0.0012355213,-6.6962624,0.0058301454,-5.1447134,0.11005333,-2.2067902,0.25064486,-1.3837183,0.6322362,-0.45849228
B_RL_test_00013,baseline,ObservationPlanner,0,24,early,0.7414863323513986,0.05153996531154906,233.57152728401954,4531.85262877313,2645.317637165965,0.4,0,486.97141271942724,1,0.0,2,0,low,-1.736257804977541,1.0740468656905695,0.3667052714676963,0.6175553539035563,13,3,Imitation_64x64,202,0,0,0.07973975,0.0,0.0,True,-0.2,True,0.9853705,-0.014737606,0.0007079942,-7.2530746,4.810723e-07,-14.547249,0.013825357,-4.281251,9.571929e-05,-9.254091
B_RL_test_00014,baseline,MyopicEconomic,1,23,early,0.5271408732435738,0.7017806288528439,6543.9437847632835,9324.771183069348,3885.4089210235634,0.42337198126547393,0,675.8104456583286,1,0.0,1,1,high,-0.6684220948261075,1.1138218846795502,0.3991183392656671,0.6578988792549979,14,2,Imitation_64x64,202,0,0,0.0055148313,0.0,0.0,True,-0.2,True,0.9993505,-0.00064992905,0.00063084887,-7.3684444,1.3292287e-06,-13.530911,1.4191494e-05,-11.1628685,3.2050013e-06,-12.650798
B_RL_test_00015,baseline,PPO,0,24,early,0.8827892318835304,0.7750439435362315,7010.115307667944,9044.797222314191,5056.69050475539,0.4,0,530.7452935881225,1,0.0,2,1,high,-1.857567923464245,1.5996820862393486,0.20504247408141998,0.6309168474085493,15,1,Imitation_64x64,202,0,0,0.0047169914,0.0,0.0,True,-0.2,True,0.99945444,-0.0005455017,0.0005317572,-7.5393233,5.873029e-07,-14.347725,1.1591512e-05,-11.365237,1.6956485e-06,-13.287445
B_RL_test_00016,baseline,ObservationPlanner,1,23,early,0.7575848522418619,0.7648472559966231,9178.167071959477,12000.0,6023.664357898624,0.27747791859413073,0,593.4475459693606,1,0.0,2,1,high,-0.4401584506355456,1.0497642801219806,0.40754786971653073,0.5611451094235479,16,3,Imitation_64x64,202,0,0,0.007957,0.0,0.0,True,-0.2,True,0.9990113,-0.0009889603,0.0009664459,-6.941885,1.182117e-05,-11.345618,7.4534432e-06,-11.806834,2.9821463e-06,-12.722867
B_RL_test_00017,baseline,MyopicEconomic,11,13,middle,0.5162938840900015,0.37042864239233037,5556.429635884955,14999.999999999998,4958.497682325035,0.23577242148980457,0,698.095833451383,1,0.0,1,0,high,1.1733858159969814,0.7571982460402745,0.28812725488404634,0.8037034744292322,17,24,Imitation_64x64,202,0,0,0.212263,0.0,0.0,True,-0.2,True,0.9569753,-0.043977737,0.026973665,-3.6128943,0.014174146,-4.2563357,0.00018794039,-8.579386,0.0016890279,-6.383602
B_RL_test_00018,baseline,PPO,11,13,middle,0.44546002368694276,1.0801788188977697,712.5405351230945,659.6505343903904,4599.457693830454,0.1925300329586777,0,678.6047451687893,1,0.0,1,2,high,0.783350719956263,0.519994892666678,0.3439098168059432,0.6750775086741557,18,15,Imitation_64x64,202,0,1,1.3873405,69.66007399624488,69.66007399624488,False,-0.2,False,0.37481612,-0.9813198,0.29780823,-1.2113056,0.14457542,-1.933954,0.022680625,-3.7862444,0.16011962,-1.8318342
B_RL_test_00019,baseline,ObservationPlanner,14,10,middle,0.43628357786420313,1.0,986.8792762181879,986.8792762181879,2549.5416782191555,0.15752058515941827,0,614.2332567570838,1,0.0,1,1,low,0.008801761928701954,1.281540519190883,0.5907284257417467,0.640373467956049,19,16,Imitation_64x64,202,2,0,1.4892843,42.19368540547913,42.19368540547913,False,0.0,False,0.26015452,-1.3464795,0.19766384,-1.6211874,0.283868,-1.2592459,0.04005425,-3.2175205,0.21825948,-1.5220706
B_RL_test_00020,baseline,MyopicEconomic,6,18,early,0.9904872805090876,1.0,10354.41707224261,10354.41707224261,5657.078470578648,0.02,2,490.4954424610693,1,0.0,2,1,high,-1.4821096191035665,1.036690732347569,0.2978889158652708,0.5594487500561349,20,9,Imitation_64x64,202,0,0,0.20324144,0.0,0.0,True,-0.2,True,0.957469,-0.043462038,0.030565532,-3.4878824,0.011553334,-4.4607816,0.00014883974,-8.81264,0.0002633204,-8.242139
B_RL_test_00021,baseline,PPO,2,22,early,0.99134664354728,1.2249999999999999,1933.011399525078,1577.9684894082272,2850.588671250648,0.02,3,405.7868496895012,1,0.0,2,2,low,-2.4253689918491133,0.8437459054517884,0.339367546935539,0.6145889537406355,21,3,Imitation_64x64,202,0,0,0.3306138,0.0,0.0,True,-0.2,True,0.92283183,-0.0803082,0.05583066,-2.885432,0.01717924,-4.0640535,0.0016463551,-6.409191,0.002511915,-5.9867096
B_RL_test_00022,baseline,ObservationPlanner,7,17,early,0.17169114823543966,1.0,1306.4095068443337,1306.4095068443337,3277.468032966299,0.36792693239861396,0,673.2894883247873,1,0.0,0,1,high,0.5250911873728785,1.0225740464416466,0.5763159361893628,0.6742307684177278,22,22,Imitation_64x64,202,0,1,1.275781,11.375790228516536,11.375790228516536,False,-0.2,False,0.4698054,-0.7554368,0.30601215,-1.1841305,0.08159817,-2.5059485,0.03231197,-3.4323177,0.11027233,-2.2048023
B_RL_test_00023,baseline,MyopicEconomic,4,20,early,0.9678035069402425,1.0,12000.0,12000.0,5891.699067860228,0.032024988808005285,2,563.8674519452862,1,0.0,2,1,high,0.24134772804040389,1.3810949496954836,0.24254573603279125,0.7506369767835125,23,5,Imitation_64x64,202,0,0,0.08817353,0.0,0.0,True,-0.2,True,0.98465526,-0.015463829,0.011763905,-4.4427195,0.0034830794,-5.6598387,5.0112256e-05,-9.901245,4.7563026e-05,-9.953455
B_RL_test_00024,baseline,PPO,2,22,early,0.8642852064172054,0.6675057313785617,2305.939145833296,3454.5608186329287,2026.5878802852524,0.06325948422561593,0,590.1525426782189,1,0.0,2,1,low,-2.0101277777033815,1.478343626097419,0.4308653496981941,0.530824615742716,24,3,Imitation_64x64,202,0,0,0.048157588,0.0,0.0,True,-0.2,True,0.9924468,-0.007581711,0.006501887,-5.0356627,5.2208667e-05,-9.860262,0.0008167923,-7.1101255,0.00018229635,-8.609877
B_RL_test_00025,baseline,ObservationPlanner,1,23,early,0.9230822556998987,0.7019633566330249,2407.255806884243,3429.3183314164326,2132.473316032242,0.02,1,572.8295723806025,1,0.0,2,1,low,-1.0508383580584602,0.7887385917443512,0.307348428917548,0.5336745085892886,25,4,Imitation_64x64,202,0,0,0.10113997,0.0,0.0,True,-0.2,True,0.9813995,-0.018775702,0.016499108,-4.1044493,0.0011988729,-6.7263737,0.00055203063,-7.5019073,0.00035046658,-7.9562454
B_RL_test_00026,baseline,MyopicEconomic,7,17,early,0.9365901282485903,0.8443705650804314,12665.558476206472,15000.0,6448.501935164566,0.02,1,585.5290430706376,1,0.0,2,1,high,-0.8487921202430904,0.9644137800497737,0.41649155616272776,0.8018488833642444,26,13,Imitation_64x64,202,0,0,0.12713389,0.0,0.0,True,-0.2,True,0.9765721,-0.023706913,0.014808736,-4.2125382,0.00851648,-4.7657523,4.180921e-05,-10.082394,6.0891125e-05,-9.706423
B_RL_test_00027,baseline,PPO,11,13,middle,0.3252033535477799,1.0,609.6849856969869,609.6849856969869,3296.621660629314,0.3299546280846452,0,567.02653296758,1,0.0,1,1,high,-0.4425082286603216,0.8392601629979316,0.5331463867747503,0.7045610005896411,27,24,Imitation_64x64,202,0,0,1.492862,0.0,0.0,True,-0.17990436,True,0.34326077,-1.0692649,0.2610752,-1.3429468,0.14683664,-1.9184346,0.06952148,-2.6661196,0.17930587,-1.7186621
B_RL_test_00028,baseline,ObservationPlanner,3,21,early,0.9893089746322069,1.0,2404.765648729171,2404.765648729171,2121.9774031476454,0.02,3,432.8680540537394,1,0.0,2,1,low,-2.0485506467438626,0.6815482883078391,0.3819575070249458,0.8591634595862108,28,4,Imitation_64x64,202,0,0,0.26408637,0.0,0.0,True,-0.2,True,0.94292563,-0.058767796,0.039584063,-3.2293286,0.014486845,-4.234514,0.0012966205,-6.647994,0.0017068778,-6.3730893
B_RL_test_00029,baseline,MyopicEconomic,23,1,late,0.9018311721921631,0.5956190380587226,8934.28557088084,15000.0,1928.8363003603918,0.05497909600922661,0,696.4720478215925,1,0.0,2,1,low,1.4081782222310821,1.1454430642322595,0.1524521085135705,0.686066795455444,29,24,Imitation_64x64,202,0,1,0.51633453,9.62374282235669,9.62374282235669,False,-0.2,False,0.85136765,-0.16091132,0.12031244,-2.1176634,0.011306077,-4.4824147,0.0012912431,-6.65215,0.015722578,-4.1526575
B_RL_test_00030,baseline,PPO,18,6,late,0.17458352387309314,1.0,500.0,500.0,4154.559915174503,0.2914746552731627,0,680.746830732853,1,0.0,0,1,high,0.36049063728598935,0.6978249320066493,0.4584913795995479,0.7048195239783651,30,24,Imitation_64x64,202,2,2,1.1254797,0.0,0.0,True,0.0,True,0.04133701,-3.185997,0.0608335,-2.7996147,0.5674221,-0.5666518,0.047497887,-3.04707,0.28290948,-1.2626283
B_RL_test_00031,baseline,ObservationPlanner,23,1,late,0.3881165845248731,1.0,600.0,600.0,1384.7393957328795,0.35565533850095415,0,628.2226086563135,1,0.0,1,1,low,-0.4494291645959675,1.2133114246152,0.5382540007993669,0.5509989301790695,31,24,Imitation_64x64,202,3,0,0.99472046,34.877724604324385,34.877724604324385,False,0.1,False,0.0454164,-3.091882,0.02593633,-3.6521106,0.024622183,-3.7041075,0.60015965,-0.51055956,0.30386546,-1.1911702
B_RL_test_00032,baseline,MyopicEconomic,14,10,middle,0.11861461159707183,0.39623458995451744,5943.518849317761,14999.999999999998,6538.028638524567,0.4823572270107184,0,663.1472569094424,1,0.0,0,0,high,0.07233569176205216,1.0330987645795806,0.5532516681278125,0.8240805632894571,32,24,Imitation_64x64,202,0,0,1.0361725,0.0,0.0,True,-0.2,True,0.48099244,-0.7319038,0.14073242,-1.960895,0.3702275,-0.9936377,0.00036646888,-7.9115973,0.0076811584,-4.8689847
B_RL_test_00033,baseline,PPO,3,21,early,0.8656298298742936,1.2249999999999999,3366.5276172647314,2748.1858100120257,1736.8128697309855,0.02,1,642.2010355136549,1,0.0,2,2,low,-0.569740014719955,0.9772691096688223,0.5020581483713409,0.5604406923181983,33,5,Imitation_64x64,202,0,0,0.5446779,0.0,0.0,True,-0.2,True,0.83970547,-0.17470407,0.1295078,-2.0440142,0.019921718,-3.9159448,0.0027216626,-5.9065123,0.00814342,-4.810545
B_RL_test_00034,baseline,ObservationPlanner,8,16,middle,0.7209933912032997,1.059538316732895,557.355009681004,526.0357279004483,2206.3188351759422,0.15236934661368406,0,559.6977206594408,1,0.0,2,2,low,-0.5568992969228953,1.1557145411930765,0.33555444694239067,0.7880201275407003,34,19,Imitation_64x64,202,0,1,0.8482296,33.23309480033947,0.0,False,-0.04949422,True,0.7204768,-0.32784212,0.19398302,-1.6399847,0.010694572,-4.538019,0.03294116,-3.4130325,0.041904535,-3.1723611
B_RL_test_00035,baseline,MyopicEconomic,2,22,early,0.7124069971554298,0.3601784377622567,2346.3730929921007,6514.4740689360015,2943.277717707141,0.26742186215069164,0,534.1750857694525,1,0.0,2,0,low,-1.6769227877276522,1.0197454526672802,0.36430119712109293,0.39029351173850463,35,4,Imitation_64x64,202,0,0,0.017906837,0.0,0.0,True,-0.2,True,0.9976295,-0.0023732185,0.0020014974,-6.2138596,1.0900779e-05,-11.426676,0.0003123349,-8.071435,4.569676e-05,-9.993483
B_RL_test_00036,baseline,PPO,10,14,middle,0.16985238612265544,1.351124932690788,743.3727078413355,550.1879876947398,2712.1614947827516,0.11763269701826078,0,746.4215773999038,1,0.0,0,2,low,0.7987720270045131,0.8271682697862274,0.4029096007715378,0.7093812837974224,36,24,Imitation_64x64,202,2,3,1.1661927,10.061639613274025,10.061639613274025,False,0.0,False,0.08634988,-2.449348,0.11628398,-2.15172,0.57642275,-0.55091405,0.01443328,-4.238219,0.20651013,-1.5774059
B_RL_test_00037,baseline,ObservationPlanner,5,19,early,0.8993257552516476,1.2268159216879904,2290.904721091305,1867.358159110963,2854.9562517245977,0.02,1,633.4964033299018,1,0.0,2,2,low,-1.2539493473761563,1.107970464256297,0.20714979550495394,0.5822403131144498,37,7,Imitation_64x64,202,0,2,0.78788227,11.841537744849802,11.841537744849802,False,-0.2,False,0.7342599,-0.30889213,0.1950905,-1.6342916,0.04800849,-3.0363772,0.004096093,-5.4977217,0.018545037,-3.9875531
B_RL_test_00038,baseline,MyopicEconomic,14,10,middle,0.684448328390616,0.6413451513607958,9620.177270411938,15000.0,4305.019512426003,0.05992413603561583,0,653.8034205228332,1,0.0,2,1,high,0.4441157710907515,0.9390821754564493,0.4005351522638762,0.7348842428889295,38,24,Imitation_64x64,202,0,0,0.6050318,0.0,0.0,True,-0.2,True,0.82291996,-0.19489646,0.09683059,-2.3347924,0.07648673,-2.5706382,0.00025889938,-8.259071,0.0035038325,-5.653898
B_RL_test_00039,baseline,PPO,5,19,early,0.9378959300747195,1.2950503995707228,2458.174595305655,1898.1304481435466,2057.7661936202644,0.031255013014439295,2,545.5440171275179,1,0.0,2,2,low,-0.9910608771563214,1.0687565486503725,0.32931114337766065,0.480487284890949,39,6,Imitation_64x64,202,0,0,0.56307,0.0,0.0,True,-0.2,True,0.84597313,-0.1672678,0.1010966,-2.291679,0.04143557,-3.1836157,0.0030359537,-5.79723,0.008458783,-4.77255
B_RL_test_00040,baseline,ObservationPlanner,6,18,early,0.03798601396408765,0.8618221026318759,1346.2592029839443,1562.1080021882358,2112.7510526336328,0.542259564850849,0,719.0124875867314,1,0.0,0,1,low,0.3911514500331968,1.2544957364432432,0.6953851683896436,0.6634477604756893,40,24,Imitation_64x64,202,0,0,1.4378605,0.0,0.0,True,-0.2,True,0.3563839,-1.0317469,0.24076863,-1.423919,0.027798072,-3.5827887,0.18473178,-1.6888504,0.19031763,-1.659061
B_RL_test_00041,baseline,MyopicEconomic,19,5,late,0.016633071844414767,0.1169709276912876,1754.563915369314,15000.0,3437.7353052762714,0.6094754641587934,0,764.7739696208452,1,0.0,0,0,high,1.3455774008055212,0.8534561755749168,0.47756049876243367,0.5444764634918892,41,24,Imitation_64x64,202,2,2,0.54868126,0.0,0.0,True,0.0,True,0.0021041676,-6.1638355,0.061446417,-2.7895896,0.8495143,-0.16309047,0.003108412,-5.773643,0.0838267,-2.4790037
B_RL_test_00042,baseline,PPO,10,14,middle,0.8826765474543761,2.574432043205924,2637.215610419299,1024.3873468631905,3450.7898658345794,0.027796455183778677,2,675.3251678924596,1,0.0,2,2,high,0.22909678781778126,0.879346771579291,0.2553585836990128,0.47150706749456744,42,12,Imitation_64x64,202,0,0,1.2969908,0.0,0.0,True,-0.2,True,0.34786937,-1.0559282,0.3258735,-1.121246,0.24854253,-1.3921413,0.005449735,-5.2121882,0.07226487,-2.627417
B_RL_test_00043,baseline,ObservationPlanner,4,20,early,0.9623949810652032,1.5867197334287197,3929.6597847989556,2476.5935042021633,4452.6622712573635,0.02,3,542.2881919852082,1,0.0,2,2,high,-0.4983394640877816,1.1813366229036073,0.33760433114928884,0.7006270214394502,43,7,Imitation_64x64,202,0,0,0.45102704,0.0,0.0,True,-0.2,True,0.8851375,-0.12201238,0.072331294,-2.6264985,0.037371986,-3.286834,0.0014267517,-6.5523553,0.0037324915,-5.590679
B_RL_test_00044,baseline,MyopicEconomic,2,22,early,0.379209978329903,0.47810556982222124,2525.127915294928,5281.527919103455,1429.7605211837863,0.19493247158948834,0,762.0436848092071,1,0.0,1,0,low,0.09031488076551453,1.5566656761988789,0.21693195513352462,0.675601763777255,44,8,Imitation_64x64,202,0,0,0.085456,0.0,0.0,True,-0.2,True,0.98559606,-0.014508724,0.011094005,-4.5013504,8.792764e-05,-9.338997,0.0023211436,-6.0656953,0.00090098794,-7.0120187
B_RL_test_00045,baseline,PPO,5,19,early,0.8222238740449165,1.2249999999999999,1883.35045135406,1537.4289398808653,3348.3448880232113,0.02,1,577.8049262304501,1,0.0,2,2,high,-0.7434848889073253,0.7769566157120102,0.4900627923832935,0.6806089276604373,45,9,Imitation_64x64,202,0,2,1.0490494,6.070997502499495,6.070997502499495,False,-0.2,False,0.6064795,-0.5000843,0.20595242,-1.5801101,0.15121993,-1.88902,0.0048041693,-5.338271,0.0315439,-3.4563751
B_RL_test_00046,baseline,ObservationPlanner,13,11,middle,0.20288459529389125,0.9999999999999999,776.6788847965151,776.6788847965153,5999.266924562831,0.3460085372071179,0,687.7671178537944,1,0.0,1,1,high,0.04468770119945725,1.1100338854838319,0.466752765563234,0.8465379303694447,46,24,Imitation_64x64,202,2,0,1.3719251,60.698230747747914,60.698230747747914,False,0.0,False,0.15897916,-1.8389821,0.19966471,-1.6111157,0.4309144,-0.84184575,0.020467719,-3.8889062,0.18997405,-1.6608677
B_RL_test_00047,baseline,MyopicEconomic,6,18,early,0.6680502290690778,1.0,11664.0,11664.0,5780.583328255228,0.14874161924604068,0,650.2689375648152,1,0.0,2,1,high,0.6794578365423228,1.2605601452914865,0.39418557739057486,0.663345949117258,47,12,Imitation_64x64,202,0,1,0.35345083,22.27562385890087,22.27562385890087,False,-0.2,False,0.9137957,-0.09014821,0.057339303,-2.858769,0.027864125,-3.5804152,0.00018280138,-8.60711,0.0008180949,-7.108532
B_RL_test_00048,baseline,PPO,3,21,early,0.22787425817632054,1.0,3496.625410377927,3496.625410377927,4282.18936652522,0.2394748583802661,0,739.214628121166,1,0.0,1,1,high,0.8746453651728925,1.2289568893253286,0.34581064897313346,0.5645890100507188,48,11,Imitation_64x64,202,0,0,0.9290645,0.0,0.0,True,-0.2,True,0.6589359,-0.41712904,0.2369647,-1.4398441,0.070406474,-2.65347,0.003841243,-5.5619593,0.029851696,-3.5115137
B_RL_test_00049,baseline,ObservationPlanner,10,14,middle,0.3614319639668689,1.0,557.1361346362471,557.1361346362471,1756.1217037408028,0.22041247065985103,0,667.8601291773981,1,0.0,1,1,low,0.2671931472578545,0.946027321721571,0.49805137706200514,0.8348476688154185,49,24,Imitation_64x64,202,0,0,1.4682422,0.0,0.0,True,-0.10255327,True,0.36671972,-1.0031574,0.22567075,-1.4886781,0.05770396,-2.8524294,0.1330138,-2.0173023,0.21689177,-1.5283568
B_RL_test_00050,baseline,MyopicEconomic,1,23,early,0.5640436083834576,0.37198488593015544,2778.8507088085507,7470.332300894378,2832.6429911485493,0.35883944705264603,0,654.4683900435166,1,0.0,1,0,low,-0.44078875144303553,0.8380510296018817,0.3871942516794568,0.6034522769722803,50,24,Imitation_64x64,202,0,0,0.010042395,0.0,0.0,True,-0.2,True,0.9987717,-0.0012288094,0.0010477103,-6.861148,1.5403399e-06,-13.383508,0.00015920374,-8.745326,1.9725358e-05,-10.833605
B_RL_test_00051,baseline,PPO,0,24,early,0.6279381875877659,0.7097053825658842,5488.279280176071,7733.179732037013,2720.080753335256,0.4,0,652.8067991736757,1,0.0,2,1,low,-1.1207786885627906,1.002766217469849,0.3503577515463789,0.617426829756258,51,4,Imitation_64x64,202,0,0,0.006671776,0.0,0.0,True,-0.2,True,0.9992009,-0.0007996559,0.00076089025,-7.1810217,1.0029364e-06,-13.812579,3.2424825e-05,-10.336587,4.8880734e-06,-12.228712
B_RL_test_00052,baseline,ObservationPlanner,22,2,late,0.39494446361012614,1.0,500.0,500.0,1732.4707144893682,0.2174831580160389,0,607.2925577081427,1,0.0,1,1,low,-0.23877457474671135,0.7227125995562862,0.4726893086707423,0.6581244204937098,52,24,Imitation_64x64,202,4,4,1.3331909,0.0,0.0,True,0.2,True,0.06437431,-2.7430406,0.04954627,-3.0048482,0.13936143,-1.9706845,0.3423127,-1.0720307,0.40440533,-0.9053376
B_RL_test_00053,baseline,MyopicEconomic,6,18,early,0.34426507000356177,0.2436763840649301,2049.447590889828,8410.530215122248,2009.1865947564293,0.47200289460980144,0,584.1029467466066,1,0.0,1,0,low,-0.3870103738071509,1.0471457565478777,0.4977787279614221,0.8372278510245246,53,24,Imitation_64x64,202,0,0,0.13670751,0.0,0.0,True,-0.2,True,0.9759738,-0.024319649,0.0072004907,-4.933606,0.00013190713,-8.933413,0.013637879,-4.294904,0.0030559592,-5.790662
B_RL_test_00054,baseline,PPO,2,22,early,0.8049562963000642,1.0319384677467247,7130.673275385625,6909.979129817411,4895.253327835442,0.15084904971669436,0,600.8959365436986,1,0.0,2,2,high,-1.255506772438249,0.9360305659296442,0.363464744617099,0.5373903131399516,54,7,Imitation_64x64,202,0,0,0.12842727,0.0,0.0,True,-0.2,True,0.97366816,-0.026684761,0.024972936,-3.6899626,0.0007719597,-7.1665783,0.00024027788,-8.3337145,0.00034656783,-7.967432
B_RL_test_00055,baseline,ObservationPlanner,0,24,early,0.7703021013594434,0.8046723751405875,8386.849268140477,10422.688198628884,3782.175891677592,0.4,0,657.5751534584275,1,0.0,2,1,high,-0.5512478562946606,1.0949289310713148,0.2282812754865429,0.5039575619771754,55,5,Imitation_64x64,202,0,0,0.0041641174,0.0,0.0,True,-0.2,True,0.99952567,-0.00047445297,0.00046320117,-7.677349,4.8113645e-07,-14.547115,9.388218e-06,-11.576056,1.3347542e-06,-13.526764
B_RL_test_00056,baseline,MyopicEconomic,3,21,early,0.5319335139074415,0.2944401741434168,3288.5919463967357,11168.964819301184,2236.5959758467075,0.2618928823547251,0,668.6782541872011,1,0.0,1,0,low,0.491521608931922,0.7981409760756403,0.40301955099779874,0.725467639639309,56,24,Imitation_64x64,202,0,0,0.029396482,0.0,0.0,True,-0.2,True,0.99579334,-0.0042157173,0.0036574036,-5.611002,8.452057e-05,-9.378516,0.00026470338,-8.236901,0.00020004617,-8.516962
B_RL_test_00057,baseline,PPO,6,18,early,0.6835475823280572,1.5415926323287827,4138.878045092562,2684.8065813860508,3494.805096494596,0.1028284327062324,0,711.5596795853463,1,0.0,2,2,high,0.29734423011214695,1.2126248846903505,0.3002933541740706,0.833479734810448,57,11,Imitation_64x64,202,0,1,0.6931657,5.88263050868909,5.88263050868909,False,-0.2,False,0.74218094,-0.29816198,0.22746971,-1.4807379,0.012146324,-4.4107285,0.0032590905,-5.726307,0.014943869,-4.203454
B_RL_test_00058,baseline,ObservationPlanner,17,7,late,0.007347530160079491,0.25628247946200927,1319.3906808078113,5148.189152756323,3509.3180928960087,0.6279407830915847,0,813.4735944976718,1,0.0,0,0,high,2.782688012161225,0.6915874271637731,0.4819950280080346,0.698112208087694,58,24,Imitation_64x64,202,4,4,0.7541387,0.0,0.0,True,0.2,True,0.004489442,-5.406027,0.013477821,-4.30671,0.00583455,-5.143958,0.32103488,-1.1362054,0.65516335,-0.42287064
B_RL_test_00059,baseline,MyopicEconomic,11,13,middle,0.3010701088009395,0.209471918594423,3142.0787789163446,14999.999999999998,1760.7293445204466,0.16035656363609666,0,704.3711085217833,1,0.0,1,0,low,0.971453190840694,1.533171519635366,0.4781722323867211,0.6056363128937179,59,24,Imitation_64x64,202,0,0,1.0071628,0.0,0.0,True,-0.2,True,0.47203815,-0.7506956,0.06797922,-2.6885533,0.43164584,-0.84015,0.0016931602,-6.381159,0.026643602,-3.6252065
B_RL_test_00060,baseline,PPO,0,24,early,0.5068592473650758,0.168176012802745,546.810907443923,3251.4203323709544,1514.974941648108,0.4,0,625.4025588941706,1,0.0,1,0,low,0.4676162543727831,0.8860136480030804,0.311185290065238,0.9046832844889655,60,4,Imitation_64x64,202,0,0,0.15782396,0.0,0.0,True,-0.2,True,0.96519655,-0.035423756,0.0011897503,-6.734012,7.484103e-07,-14.105314,0.033343814,-3.4008832,0.00026912687,-8.220327
B_RL_test_00061,baseline,ObservationPlanner,1,23,early,0.6723392587564916,0.5264822437685277,4501.6441067295755,8550.419620056096,6653.596928286341,0.3606854027384583,0,595.3492738028834,1,0.0,2,1,high,-0.6019120795535214,1.250066022412253,0.32570285665920384,0.6690632347612712,61,4,Imitation_64x64,202,0,0,0.007842588,0.0,0.0,True,-0.2,True,0.99903107,-0.00096940994,0.00094129716,-6.9682517,4.502923e-06,-12.310784,1.7906752e-05,-10.930332,5.244186e-06,-12.15839
B_RL_test_00062,baseline,MyopicEconomic,0,24,early,0.6558138612660278,0.22766535990445966,1353.0514007973516,5943.158859850981,3412.923749968226,0.4,1,623.1365100020726,1,0.0,2,0,high,-0.5197297972949666,1.0463883656689934,0.3776908173523991,0.815325111799893,62,24,Imitation_64x64,202,0,0,0.019331673,0.0,0.0,True,-0.2,True,0.9972851,-0.0027184486,0.0025963339,-5.953655,1.2510277e-05,-11.2889595,8.591544e-05,-9.362146,2.0096997e-05,-10.8149395
B_RL_test_00063,baseline,PPO,0,24,early,0.6092112298996989,0.14054555952618597,1225.4641336450247,8719.337258155783,3515.256718321031,0.4,0,570.2458398508572,1,0.0,2,0,high,-1.4160968264962555,1.271300483920626,0.2624403200649598,0.5443897374113016,63,5,Imitation_64x64,202,0,0,0.010584205,0.0,0.0,True,-0.2,True,0.9987513,-0.0012493134,0.0007578928,-7.1849685,3.6315034e-06,-12.525864,0.0004502991,-7.7055984,3.679751e-05,-10.21008
B_RL_test_00064,baseline,ObservationPlanner,1,23,early,0.7230093447733669,0.4422362425874765,2831.9463335814994,6403.695719310763,4169.321450676664,0.3816100151721653,0,551.480806362687,1,0.0,2,0,high,-0.2311648484074592,0.750470788967369,0.44116609633456183,0.7340685337223977,64,4,Imitation_64x64,202,0,0,0.009876703,0.0,0.0,True,-0.2,True,0.9987752,-0.0012254715,0.0011055907,-6.8073754,1.7744065e-06,-13.242044,0.0001043088,-9.168155,1.3047674e-05,-11.246901
B_RL_test_00065,baseline,MyopicEconomic,17,7,late,0.16883788561041613,0.1953397861591348,2930.096792387022,15000.0,2526.854242657849,0.4377581672034112,0,681.087812638456,1,0.0,0,0,low,0.9543120520827897,1.2376231953811616,0.4808156757682948,0.8043152589284366,65,24,Imitation_64x64,202,2,0,0.9057388,27.26733318481513,27.26733318481513,False,0.0,False,0.040393732,-3.2090807,0.15781541,-1.8463293,0.70594823,-0.34821343,0.003239315,-5.7323937,0.09260328,-2.3794308
B_RL_test_00066,baseline,PPO,4,20,early,0.5446765194422268,1.073252499481339,1483.5483753950894,1382.2920292401186,1193.6200672635655,0.14139800041492867,0,709.3255489273176,1,0.0,1,2,low,0.10872647247335987,1.0882603901869417,0.24807577802657751,0.678805264804511,66,5,Imitation_64x64,202,0,1,0.64965487,44.239417380889336,44.239417380889336,False,-0.2,False,0.80720186,-0.21418142,0.14077216,-1.9606125,0.0039111106,-5.543934,0.021585088,-3.8357525,0.026529824,-3.6294856
B_RL_test_00067,baseline,ObservationPlanner,2,22,early,0.1097643319784132,0.7714368241331376,4333.73462698888,5617.744047749718,3805.298674699541,0.348534859982811,0,858.1554947232789,1,0.0,0,1,high,1.7860277180715896,1.4976221550110438,0.3431977762345563,0.6947477889754374,67,7,Imitation_64x64,202,0,0,0.32290047,0.0,0.0,True,-0.2,True,0.9152242,-0.08858633,0.07731397,-2.5598807,0.0022014778,-6.1186266,0.0012085867,-6.7183037,0.004051843,-5.5085835
B_RL_test_00068,baseline,MyopicEconomic,0,24,early,0.42653032626779175,0.37421081019193775,2545.965711703852,6803.560031838716,2610.68512423398,0.4,0,666.6578373952274,1,0.0,1,0,low,0.11732619098720778,0.9121918234253104,0.44108451528192855,0.739356466273892,68,14,Imitation_64x64,202,0,0,0.0070929886,0.0,0.0,True,-0.2,True,0.9991709,-0.00082969666,0.0007108247,-7.249085,1.0583209e-06,-13.758827,0.00010685702,-9.144019,1.0415351e-05,-11.47223
B_RL_test_00069,baseline,PPO,1,23,early,0.960812023620709,0.6728979002668548,2168.0837102651412,3222.0099206808827,4198.773867629622,0.2488485489978257,0,483.07543703213923,1,0.0,2,1,high,-1.4919352173107752,1.3055222135338365,0.41763881714870493,0.7592059164002953,69,6,Imitation_64x64,202,0,0,0.012428502,0.0,0.0,True,-0.2,True,0.99840575,-0.0015954971,0.0014383206,-6.544279,1.7870568e-06,-13.234941,0.0001402039,-8.872413,1.387308e-05,-11.18556
B_RL_test_00070,baseline,ObservationPlanner,4,20,early,0.04844010728093621,1.0,1958.2948491654167,1958.2948491654167,1639.8550914103687,0.3349557074327678,0,910.063873343722,1,0.0,0,1,low,2.389651181165024,1.299545799569939,0.4153647449400546,0.7062253508358912,70,11,Imitation_64x64,202,0,0,1.2568233,0.0,0.0,True,-0.2,True,0.49780232,-0.6975523,0.27547288,-1.2892662,0.051715683,-2.9619944,0.041803423,-3.174777,0.1332057,-2.0158608
B_RL_test_00071,baseline,MyopicEconomic,21,3,late,0.3819574454017667,0.3308075231538171,4962.112847307257,15000.0,3235.427963034861,0.26325602044805047,0,686.9360106943229,1,0.0,1,0,high,0.09105636204004242,1.0313146161355393,0.4853300622396656,0.5238168952882202,71,24,Imitation_64x64,202,0,1,1.1150692,20.589489271932962,20.589489271932962,False,-0.2,False,0.5001785,-0.69279027,0.11821937,-2.1352134,0.33559155,-1.0918605,0.0019417205,-6.244181,0.044068903,-3.122001
B_RL_test_00072,baseline,PPO,0,24,early,0.7588589061208596,0.6809655158039449,4039.6011253995216,5932.166947735064,1816.55993714263,0.4,1,695.702630528886,1,0.0,2,1,low,0.386536536410366,0.930225005718882,0.29112376646152666,0.6081968729634402,72,3,Imitation_64x64,202,0,0,0.01147367,0.0,0.0,True,-0.2,True,0.99850225,-0.0014986992,0.0014506625,-6.5357347,1.5941401e-06,-13.349176,3.9294948e-05,-10.144415,6.3658727e-06,-11.96456
B_RL_test_00073,baseline,ObservationPlanner,22,2,late,0.4137834712644008,1.029344230852175,514.6721154260874,500.0,5830.51050764666,0.14221314095652096,0,696.2288645930913,1,0.0,1,2,high,0.45941812709734065,1.1789910139310849,0.28356995023331066,0.6877866114164769,73,24,Imitation_64x64,202,2,2,1.2928369,0.0,0.0,True,0.0,True,0.107133396,-2.2336805,0.10258228,-2.27709,0.46737093,-0.76063204,0.029820323,-3.5125651,0.29309312,-1.2272649
B_RL_test_00074,baseline,MyopicEconomic,7,17,early,0.04053304116497742,0.13505325496414894,2025.7988244622338,14999.999999999998,4168.7212063130455,0.49730623844293537,0,737.1110563485262,1,0.0,0,0,high,1.5965306398868033,0.7644284406291425,0.5561785363345491,0.7034210583296641,74,24,Imitation_64x64,202,2,1,0.38856375,0.9982117901608092,0.9982117901608092,False,0.0,False,0.010082921,-4.5969124,0.069857866,-2.6612926,0.9047202,-0.100129604,0.0003410988,-7.9833384,0.014997897,-4.1998453
B_RL_test_00075,baseline,PPO,1,23,early,0.7564671147100324,0.6119493257231801,3427.4907057391165,5600.938773302232,2612.995156430521,0.28013957570482395,0,586.5806523842683,1,0.0,2,1,low,-1.9380212781880286,0.5667805381576572,0.34706457120354495,0.4642840454103798,75,4,Imitation_64x64,202,0,0,0.014749,0.0,0.0,True,-0.2,True,0.9980634,-0.001938343,0.0017419975,-6.3527226,2.5409431e-06,-12.882976,0.00016921571,-8.684337,2.3008428e-05,-10.67965
B_RL_test_00076,baseline,ObservationPlanner,3,21,early,0.8732476304401287,1.1162618083955889,3034.364563993472,2718.3269562494356,1933.50347851992,0.10699055328352877,0,582.3405206417185,1,0.0,2,2,low,-0.9456056299759363,0.9330307037393054,0.3516778080616225,0.7294508559928045,76,6,Imitation_64x64,202,0,1,0.19331479,20.356151312253132,20.356151312253132,False,-0.2,False,0.9580248,-0.04288149,0.03744238,-3.284952,0.0010249425,-6.8831186,0.0021220257,-6.155384,0.0013857213,-6.5815344
B_RL_test_00077,baseline,MyopicEconomic,16,8,late,0.11924889965361976,0.10632274977041356,1594.8412465562033,14999.999999999998,2621.478144077052,0.3694256144447483,0,739.7602268363717,1,0.0,0,0,low,0.31858297831781607,0.8479897153648971,0.4532158731317911,0.56086922159226,77,24,Imitation_64x64,202,2,2,0.41497558,0.0,0.0,True,0.0,True,0.002955756,-5.824001,0.032665156,-3.4214463,0.8977339,-0.107881546,0.0019052072,-6.2631645,0.064739935,-2.737377
B_RL_test_00078,baseline,PPO,3,21,early,0.9540215157636134,1.225,5355.1173299948005,4371.524351016164,3521.0761850454173,0.02,2,565.1217807466435,1,0.0,2,2,high,-0.8075015401694254,1.0321185311846846,0.18971493676975942,0.6519106372702784,78,4,Imitation_64x64,202,0,1,0.2960352,19.22203246319441,19.22203246319441,False,-0.2,False,0.929576,-0.07302666,0.057527732,-2.855488,0.010496218,-4.5567403,0.00087557774,-7.0406265,0.0015245836,-6.486034
B_RL_test_00079,baseline,ObservationPlanner,0,24,early,0.6107559122745796,0.35881894687930105,1990.6102300783075,5547.673129835883,2877.475817049848,0.4,0,606.0929451374526,1,0.0,2,0,low,-0.2263729641847368,0.7787968829600019,0.42086284106403515,0.720814474587929,79,1,Imitation_64x64,202,0,0,0.011201777,0.0,0.0,True,-0.2,True,0.99864477,-0.0013561249,0.00096866157,-6.939595,8.0484074e-07,-14.032621,0.00036456567,-7.916804,2.1173117e-05,-10.762778
B_RL_test_00080,baseline,MyopicEconomic,1,23,early,0.6454988717607186,0.6105344746162854,2483.2239255782656,4067.2951795866175,1869.5339146746887,0.31435377533905284,0,598.6720201337081,1,0.0,2,1,low,-1.0123921144009338,1.1258003834783963,0.39749000470481033,0.5241669124696455,80,2,Imitation_64x64,202,0,0,0.019905336,0.0,0.0,True,-0.2,True,0.9973621,-0.002641201,0.0020275027,-6.20095,2.3728662e-06,-12.951412,0.0005613131,-7.4852314,4.6776808e-05,-9.970123
B_RL_test_00081,baseline,PPO,5,19,early,0.5471971665134849,1.0,820.1402972263885,820.1402972263885,1144.5597734841792,0.21690835041641865,0,654.083534261115,1,0.0,1,1,low,0.4670964360920484,1.0318299041662726,0.39611149708091536,0.7766966329528985,81,24,Imitation_64x64,202,0,0,0.6900946,0.0,0.0,True,-0.2,True,0.8021214,-0.22049522,0.12068629,-2.1145606,0.0026444092,-5.9353075,0.047577493,-3.0453954,0.026970414,-3.6130147
B_RL_test_00082,baseline,ObservationPlanner,4,20,early,0.979857188575217,1.0,500.00000000000006,500.00000000000006,1287.0936432178305,0.0352510431562565,3,467.9522389366124,1,0.0,2,1,low,-1.8132668856006082,0.8977841514156312,0.379017546862315,0.6711371551218738,82,7,Imitation_64x64,202,0,2,0.39766258,-68.35334460771696,0.0,False,-0.0,True,0.90644205,-0.098228216,0.060724527,-2.8014076,0.023230199,-3.7623022,0.0039309603,-5.538872,0.005672326,-5.1721563
B_RL_test_00083,baseline,MyopicEconomic,9,15,middle,0.8651092790573723,0.5928297836241365,8892.446754362049,15000.0,2967.3578290978676,0.10333974095211913,0,633.7478036785967,1,0.0,2,1,low,-0.19318881647829222,1.1007255421738986,0.39873602801111796,0.6182139355952364,83,13,Imitation_64x64,202,0,0,0.055229302,0.0,0.0,True,-0.2,True,0.99110425,-0.0089354515,0.007512204,-4.8912263,0.0012526269,-6.6825123,5.2220246e-05,-9.86004,7.8718505e-05,-9.449633
B_RL_test_00084,baseline,PPO,0,24,early,0.906174739606605,0.4075748690648555,1513.3767327880428,3713.12572892522,2389.231910536744,0.4,0,427.4413147982198,1,0.0,2,0,low,-2.719303493644447,0.9141938919096755,0.4493131263051819,0.7602119282809829,84,2,Imitation_64x64,202,0,0,0.013321568,0.0,0.0,True,-0.2,True,0.9983669,-0.0016345978,0.0008887567,-7.025687,3.8403383e-07,-14.772535,0.00072703796,-7.226532,1.6917604e-05,-10.987156
B_RL_test_00085,baseline,ObservationPlanner,4,20,early,0.7941548900434988,1.1078584625333887,3538.6924791601796,3194.173803635616,3279.8007078489463,0.113713229973289,0,660.8190807718751,1,0.0,2,2,high,-0.732507953119708,1.414482734313204,0.324414951475154,0.5343499923124448,85,5,Imitation_64x64,202,0,1,0.28419477,53.64015616127699,53.64015616127699,False,-0.2,False,0.92774373,-0.07499957,0.066906124,-2.7044647,0.0012459849,-6.687829,0.0016918927,-6.3819075,0.0024121706,-6.0272284
B_RL_test_00086,baseline,MyopicEconomic,9,15,middle,0.8725517982544201,0.5126492332251752,7689.7384983776265,14999.999999999998,3696.8864482792205,0.17155046543004115,0,578.3838689196426,1,0.0,2,1,high,-0.5739392325338428,0.8405098617483711,0.2825418813098837,0.6386877709365626,86,16,Imitation_64x64,202,0,0,0.06251249,0.0,0.0,True,-0.2,True,0.98955524,-0.010499477,0.00923327,-4.684942,0.0009805565,-6.92739,6.649036e-05,-9.618454,0.00016448517,-8.71269
B_RL_test_00087,baseline,PPO,9,15,middle,0.5014289547566524,1.9666253091615,3959.3397123443137,2013.265920000001,9962.41445462283,0.08991769508881849,0,706.7720228447201,1,0.0,1,2,high,0.6498672710491811,1.088206740370783,0.40818789241107123,0.7330825440302011,87,14,Imitation_64x64,202,2,1,1.2817192,55.73651992605255,55.73651992605255,False,0.0,False,0.30659378,-1.1822317,0.31101707,-1.1679076,0.3154478,-1.1537621,0.002619887,-5.9446244,0.064321496,-2.7438614
B_RL_test_00088,baseline,ObservationPlanner,10,14,middle,0.01751231497823463,1.0,2062.3705253171834,2062.3705253171834,6848.24600462249,0.42136429596045955,0,823.4542716105796,1,0.0,0,1,high,3.2597985744067355,0.9085305102515508,0.4665674267932232,0.8094894424242502,88,24,Imitation_64x64,202,1,1,1.3662853,0.0,0.0,True,-0.1,True,0.20976958,-1.5617456,0.33055973,-1.1069679,0.31868252,-1.1435599,0.008503036,-4.767332,0.13248521,-2.0212843
B_RL_test_00089,baseline,MyopicEconomic,14,10,middle,0.1543903474151127,0.14228358458682816,2028.3947818698225,14256.000000000002,3369.936719339581,0.43161391595669496,0,713.1052669663361,1,0.0,0,0,high,1.7888009368239013,0.6988729541935131,0.3328235380263363,0.8188913977778863,89,24,Imitation_64x64,202,2,3,0.7036858,8.046498553436578,8.046498553436578,False,0.0,False,0.02330464,-3.7591028,0.09786358,-2.3241808,0.800635,-0.22235012,0.0025747488,-5.962003,0.07562207,-2.5820072
B_RL_test_00090,baseline,PPO,10,14,middle,0.7534781431339181,2.315642848909248,2176.249783856102,939.8037287491009,4306.620593893453,0.02,1,646.8127409746123,1,0.0,2,2,high,0.043613096896889136,1.037068499561815,0.565620493324281,0.7959980754214587,90,11,Imitation_64x64,202,2,0,1.2262844,12.47295748320471,12.47295748320471,False,0.0,False,0.1841672,-1.6919112,0.21496673,-1.5372721,0.5067908,-0.679657,0.0042847996,-5.4526815,0.0897905,-2.4102762
B_RL_test_00091,baseline,ObservationPlanner,20,4,late,0.004203746421753841,0.048369274057587466,725.539110863812,15000.0,1895.838978176145,0.6002317453913092,0,914.2149004138386,1,0.0,0,0,low,2.3382845918220068,0.6741896711819185,0.5199109965055012,0.712837240683555,91,24,Imitation_64x64,202,4,2,0.99562865,-17.73963985028837,0.0,False,0.0,True,0.0011748354,-6.7466273,0.038184725,-3.2653198,0.33369857,-1.0975173,0.062807515,-2.7676806,0.5641343,-0.57246304
B_RL_test_00092,baseline,MyopicEconomic,17,7,late,0.08960262868948717,0.1692689454392299,2056.6176870866434,12150.0,2114.236479504682,0.4353373723168985,0,580.4005404605385,1,0.0,0,0,low,-0.5862659646754461,1.1181404121059324,0.6389081097596125,0.889545304488342,92,22,Imitation_64x64,202,2,3,0.46173376,22.070955021289222,22.070955021289222,False,0.0,False,0.006878014,-4.9794254,0.018499488,-3.9900122,0.88377213,-0.1235559,0.0077845925,-4.855609,0.08306577,-2.4881225
B_RL_test_00093,baseline,PPO,5,19,early,0.01220936956066418,1.0,4915.200000000001,4915.200000000001,8492.213570262602,0.4346923481340863,0,876.6096227204597,1,0.0,0,1,high,3.0629373987984785,0.9114223715622548,0.4060270931795948,0.7879782542358003,93,24,Imitation_64x64,202,0,0,0.6636562,0.0,0.0,True,-0.2,True,0.75798494,-0.27709174,0.21229005,-1.5498018,0.021718191,-3.829605,0.0008894919,-7.0248604,0.007117303,-4.9452267
B_RL_test_00094,baseline,ObservationPlanner,5,19,early,0.9887958087926114,1.0,500.0,500.0,1405.898611797393,0.02,3,392.42144428152614,1,0.0,2,1,low,-1.3976582755334301,0.7487520285556225,0.4855545079422672,0.6876819511748817,94,8,Imitation_64x64,202,0,2,0.47988117,-87.30987679035434,0.0,False,0.0,True,0.88061917,-0.12713003,0.07188074,-2.632747,0.035931963,-3.326128,0.004204397,-5.4716244,0.0073638186,-4.9111767
B_RL_test_00095,baseline,MyopicEconomic,14,10,middle,0.23804962142462843,0.1728121909906215,2042.0964107147854,11816.853886341905,2929.6763194070577,0.4715160381848498,0,599.3617573811041,1,0.0,1,0,low,-0.2563260662755433,0.9887072235021326,0.5326297737522329,0.6408928626998098,95,24,Imitation_64x64,202,0,0,1.4878988,0.0,0.0,True,-0.2,True,0.27283913,-1.298873,0.18422286,-1.691609,0.23606761,-1.443637,0.03989347,-3.2215426,0.2669769,-1.3205932
B_RL_test_00096,baseline,PPO,23,1,late,0.057706257325393535,1.0,500.0,500.0,4245.599445238874,0.3531450452789717,0,734.2826019711963,1,0.0,0,1,high,0.63121929203782,0.9721972196766725,0.445765228928636,0.7938713156995721,96,24,Imitation_64x64,202,2,2,0.6322923,0.0,0.0,True,0.0,True,0.0045920652,-5.383425,0.008409434,-4.778401,0.79533553,-0.22899127,0.022158312,-3.8095427,0.16950472,-1.7748746
B_RL_test_00097,baseline,ObservationPlanner,0,24,early,0.5202720984178253,0.18164222778984737,336.65413188935815,1853.3913395890145,1585.6471968155172,0.4,0,570.907195146081,1,0.0,1,0,low,-0.6422699443344645,0.5751794844401634,0.5138524784076035,0.5242284254912288,97,24,Imitation_64x64,202,0,0,0.17107931,0.0,0.0,True,-0.2,True,0.96114165,-0.039633274,0.0011435705,-6.7735996,1.9608726e-06,-13.142121,0.03744303,-3.2849345,0.00026968683,-8.218248
B_RL_test_00098,baseline,MyopicEconomic,8,16,middle,0.36105580188544195,0.5128494073419781,7692.741110129673,15000.0,2999.8299614530706,0.1765400580706997,0,745.413405021207,1,0.0,1,1,low,0.9088657953933286,1.3248086092922042,0.36488819247598553,0.5828741555508058,98,22,Imitation_64x64,202,0,0,0.60900605,0.0,0.0,True,-0.2,True,0.8201916,-0.19821739,0.06561416,-2.723964,0.109745964,-2.209587,0.00030728875,-8.087723,0.00414095,-5.48683
B_RL_test_00099,baseline,PPO,1,23,early,0.6935374321243797,0.8015197217681155,3446.4035370911242,4299.836227970183,2308.449944443907,0.3122362038919836,0,638.8794272401572,1,0.0,2,1,low,-0.26689171429934844,0.6907053720958345,0.34363800188548893,0.47058435393170817,99,6,Imitation_64x64,202,0,0,0.014036796,0.0,0.0,True,-0.2,True,0.9981731,-0.0018286705,0.0016327923,-6.417464,1.5788112e-06,-13.358838,0.00017242967,-8.665521,2.0142767e-05,-10.812665
B_RL_test_00000,severe_stress,PPO,2,22,early,0.4166718720179237,0.5570515438200542,5194.628365429958,9325.220301531006,5113.817957246661,0.2675494669086287,0,735.6133585549072,1,0.0,1,1,high,0.7766626320299265,1.1540687281369808,0.34471001732411144,0.8095158963876717,100,9,Imitation_64x64,202,0,0,0.031206764,0.0,0.0,True,-0.2,True,0.99524224,-0.0047693253,0.0045644552,-5.3894563,8.597592e-05,-9.3614435,5.2285217e-05,-9.858797,5.5047836e-05,-9.807308
B_RL_test_00001,severe_stress,ObservationPlanner,5,19,early,0.3882490109490616,1.0006186687674683,1876.0181886488513,1874.8582723922927,1967.1722695860833,0.19101578376353281,0,827.2144458947637,2,1.6,1,2,low,1.6613225481260747,0.841180276874062,0.2960832412250551,0.6198577850919593,101,14,Imitation_64x64,202,0,1,0.7684611,18.710098816591994,18.710098816591994,False,-0.2,False,0.7641199,-0.26903045,0.10290033,-2.2739942,0.01147848,-4.4672813,0.0052127037,-5.2566566,0.116288565,-2.1516805
B_RL_test_00002,severe_stress,MyopicEconomic,1,23,early,0.4350840664284275,0.24334980512276738,1594.1887694297345,6551.017242958067,2311.7540353432664,0.35961980914440683,0,678.8660937176784,1,0.0,1,0,low,0.4546918678629157,0.8585965558808485,0.47150063272009635,0.832595564470931,102,8,Imitation_64x64,202,0,0,0.033323176,0.0,0.0,True,-0.2,True,0.99539316,-0.004617691,0.0021735402,-6.131398,6.1786586e-06,-11.99441,0.002218614,-6.1108727,0.0002086319,-8.474939
B_RL_test_00003,severe_stress,PPO,4,20,early,0.17384169938551708,0.9999999999999998,4497.415959676926,4497.415959676927,7800.775326931617,0.4070511995665708,0,757.5840193125299,2,1.6,0,1,high,1.033632078382112,1.2276235612338229,0.47864155202413344,0.8531424835747992,103,8,Imitation_64x64,202,0,0,0.22204213,0.0,0.0,True,-0.2,True,0.94592303,-0.055594206,0.051772688,-2.9608927,0.0008346264,-7.0885267,0.00024246705,-8.324645,0.0012272437,-6.702985
B_RL_test_00004,severe_stress,ObservationPlanner,6,18,early,0.776933689900663,1.008353470396052,2121.113929313534,2103.542053046559,2725.081576561847,0.140064894447816,0,641.2934889559235,2,1.6,2,2,low,0.4602511534154351,1.0830413162393473,0.45980112852588634,0.7412130218716163,104,11,Imitation_64x64,202,0,0,0.27029097,0.0,0.0,True,-0.2,True,0.9377477,-0.06427431,0.05046619,-2.9864516,0.0008064797,-7.122832,0.0013140037,-6.6346765,0.009665637,-4.6391783
B_RL_test_00005,severe_stress,MyopicEconomic,7,17,early,0.8025142906744749,0.1102030000105691,1470.0200355926197,13339.201613854762,1638.3929991407078,0.3418930605080054,0,636.3318377891824,2,1.6,2,0,low,-0.04444196082094837,1.1818582927166443,0.48676356778721747,0.6668066982541053,105,12,Imitation_64x64,202,0,0,0.1823975,0.0,0.0,True,-0.2,True,0.95849377,-0.042392254,0.03928552,-3.2368994,4.6115074e-05,-9.98437,0.00026658998,-8.229798,0.0019079583,-6.2617216
B_RL_test_00006,severe_stress,PPO,5,19,early,0.8721603821264096,1.0998398072478652,3950.3923799281415,3591.7888713386624,5815.632777110655,0.02,1,684.1993287360234,2,1.6,2,2,high,0.9316380738118776,0.6386269675984682,0.5197144407917117,0.5755142980102315,106,7,Imitation_64x64,202,0,0,1.0725332,0.0,0.0,True,-0.2,True,0.5849913,-0.53615844,0.22883654,-1.4747474,0.14690478,-1.9179707,0.0038193087,-5.567686,0.03544808,-3.3396864
B_RL_test_00007,severe_stress,ObservationPlanner,2,22,early,0.941153837414281,1.0,9600.0,9600.0,6575.139522683609,0.02,1,540.727184687694,1,0.0,2,1,high,-1.7014713346367327,1.0009109290001965,0.4410433472212441,0.6888284147284123,107,5,Imitation_64x64,202,0,0,0.13124104,0.0,0.0,True,-0.2,True,0.97528946,-0.025021076,0.01821205,-4.005672,0.006266688,-5.0725074,0.00010569253,-9.154976,0.00012599198,-8.979293
B_RL_test_00008,severe_stress,MyopicEconomic,3,21,early,0.46800086187321227,0.3932877923561791,4242.888278486691,10788.253184945392,4666.187714582823,0.3364305752596788,0,619.1106237784993,1,0.0,1,0,high,-0.39024726220835865,0.9356708536559166,0.4388010593340236,0.8167731441495508,108,6,Imitation_64x64,202,0,0,0.019379403,0.0,0.0,True,-0.2,True,0.99737525,-0.0026283264,0.0023259558,-6.0636244,0.0002178239,-8.431824,4.6730387e-05,-9.971116,3.4195626e-05,-10.283413
B_RL_test_00009,severe_stress,PPO,2,22,early,0.6161913093291045,0.5250073090912045,3060.6138934986757,5829.659588542955,3652.883738387161,0.3644789563273006,0,573.8508323546777,1,0.0,2,1,high,-0.11325674064309288,0.5753649050646394,0.44374303847723623,0.8737371263430239,109,5,Imitation_64x64,202,0,0,0.023112137,0.0,0.0,True,-0.2,True,0.996741,-0.0032644272,0.002956268,-5.8238277,1.1402656e-05,-11.381664,0.00023727553,-8.346289,5.4087206e-05,-9.824913
B_RL_test_00010,severe_stress,ObservationPlanner,1,23,early,0.9138404870515462,0.8336148063277276,1604.158451919865,1924.340162558492,1727.6845770750347,0.02,1,575.1760875918158,1,0.0,2,1,low,-0.4838409806239353,0.8413063321790891,0.4391246703190555,0.6872603844075084,110,4,Imitation_64x64,202,0,0,0.16845495,0.0,0.0,True,-0.2,True,0.9662751,-0.034306765,0.027965622,-3.5767794,0.003349947,-5.698811,0.0012978413,-6.647053,0.0011115527,-6.801997
B_RL_test_00011,severe_stress,MyopicEconomic,4,20,early,0.6259546933303869,0.44865801078481937,5072.576936786621,11306.110255143705,2986.8511662016085,0.2571121325345216,0,667.5995820019157,2,1.6,2,0,low,0.6701751736113165,1.1556843223065958,0.3527015341276848,0.6125902414428819,111,6,Imitation_64x64,202,0,0,0.029712535,0.0,0.0,True,-0.2,True,0.99544626,-0.0045642853,0.004447088,-5.415506,2.3618948e-05,-10.653461,3.0272138e-05,-10.405283,5.2705243e-05,-9.850796
B_RL_test_00012,severe_stress,PPO,7,17,early,0.5738788763763731,1.0160239515840837,1150.4354262240656,1132.2916398087082,1935.3231653427192,0.18718083873273306,0,719.5123947019736,2,1.6,1,2,low,0.9772288051966393,0.9509734753112715,0.46436674060322847,0.7302773060708184,112,9,Imitation_64x64,202,0,1,0.60055864,19.62120421677446,19.62120421677446,False,-0.2,False,0.8314177,-0.184623,0.08208083,-2.5000508,0.0027266815,-5.90467,0.004671384,-5.3662996,0.07910348,-2.5369985
B_RL_test_00013,severe_stress,ObservationPlanner,2,22,early,0.9314582456168501,0.6919830412331085,2007.0177052663607,2900.385682414804,2408.1872813445257,0.2947446355756634,0,496.3313094061973,1,0.0,2,1,low,-1.736257804977541,1.0740468656905695,0.3667052714676963,0.6175553539035563,113,3,Imitation_64x64,202,0,0,0.014366855,0.0,0.0,True,-0.2,True,0.9981748,-0.0018267632,0.0014369178,-6.5452547,1.148354e-06,-13.677181,0.00036602898,-7.912798,2.1022805e-05,-10.769902
B_RL_test_00014,severe_stress,MyopicEconomic,1,23,early,0.5271408732435738,0.7017806288528439,6543.9437847632835,9324.771183069348,3885.4089210235634,0.42337198126547393,0,675.8104456583286,1,0.0,1,1,high,-0.6684220948261075,1.1138218846795502,0.3991183392656671,0.6578988792549979,114,2,Imitation_64x64,202,0,0,0.0055148313,0.0,0.0,True,-0.2,True,0.9993505,-0.00064992905,0.00063084887,-7.3684444,1.3292287e-06,-13.530911,1.4191494e-05,-11.1628685,3.2050013e-06,-12.650798
B_RL_test_00015,severe_stress,PPO,0,24,early,0.8827892318835304,0.7750439435362315,7010.115307667944,9044.797222314191,5056.69050475539,0.4,0,530.7452935881225,1,0.0,2,1,high,-1.857567923464245,1.5996820862393486,0.20504247408141998,0.6309168474085493,115,1,Imitation_64x64,202,0,0,0.0047169914,0.0,0.0,True,-0.2,True,0.99945444,-0.0005455017,0.0005317572,-7.5393233,5.873029e-07,-14.347725,1.1591512e-05,-11.365237,1.6956485e-06,-13.287445
B_RL_test_00016,severe_stress,ObservationPlanner,2,22,early,0.9303009848476829,1.0,9600.0,9600.0,6088.8328922062965,0.02,1,576.6080377234201,1,0.0,2,1,high,-0.4401584506355456,1.0497642801219806,0.40754786971653073,0.5611451094235479,116,3,Imitation_64x64,202,0,0,0.17459151,0.0,0.0,True,-0.2,True,0.96417457,-0.03648281,0.028356196,-3.5629096,0.007074417,-4.95127,0.0001535558,-8.781446,0.00024122541,-8.329779
B_RL_test_00017,severe_stress,MyopicEconomic,6,18,early,0.7768153545458911,0.40930999507012233,6139.649926051834,14999.999999999998,5866.334776902437,0.1954478274580968,0,694.7630917863607,2,1.6,2,0,high,1.1733858159969814,0.7571982460402745,0.28812725488404634,0.8037034744292322,117,9,Imitation_64x64,202,0,0,0.050944995,0.0,0.0,True,-0.2,True,0.99130225,-0.008735657,0.008522559,-4.7650385,0.0001019579,-9.19095,1.8647681e-05,-10.889789,5.447679e-05,-9.817736
B_RL_test_00018,severe_stress,PPO,6,18,early,0.9037274035148669,1.3043053922444858,2625.6889312815624,2013.0936718456728,3661.6467780397475,0.02,1,661.2703781829231,2,1.6,2,2,high,0.783350719956263,0.519994892666678,0.3439098168059432,0.6750775086741557,118,10,Imitation_64x64,202,0,2,1.2772834,44.98419754496899,44.98419754496899,False,-0.2,False,0.4315661,-0.84033465,0.22581688,-1.4880309,0.25900146,-1.3509216,0.00585617,-5.1402597,0.07775939,-2.554136
B_RL_test_00019,severe_stress,ObservationPlanner,1,23,early,0.5225384016325821,0.8831844316605247,4188.129520917361,4742.078065215692,2842.7474317976203,0.33006626442034487,0,657.7004203308887,1,0.0,1,1,low,0.008801761928701954,1.281540519190883,0.5907284257417467,0.640373467956049,119,7,Imitation_64x64,202,0,0,0.031381924,0.0,0.0,True,-0.2,True,0.99524975,-0.004761696,0.004481788,-5.4077334,1.4843898e-05,-11.117922,0.00019110624,-8.562681,6.2511004e-05,-9.680168
B_RL_test_00020,severe_stress,MyopicEconomic,5,19,early,0.9903273726904043,0.7235343520892216,9364.720559533289,12943.021340303261,5857.857629745934,0.02,1,514.2749941083653,2,1.6,2,1,high,-1.4821096191035665,1.036690732347569,0.2978889158652708,0.5594487500561349,120,7,Imitation_64x64,202,0,0,0.094455734,0.0,0.0,True,-0.2,True,0.9831405,-0.01700306,0.013526016,-4.30314,0.0032327492,-5.734422,5.027921e-05,-9.897919,5.047345e-05,-9.894063
B_RL_test_00021,severe_stress,PPO,0,24,early,0.952856086691239,0.6390721954551879,1575.6809170081594,2465.5757647003547,2983.166026826811,0.4,1,437.37277351007333,1,0.0,2,1,low,-2.4253689918491133,0.8437459054517884,0.339367546935539,0.6145889537406355,121,3,Imitation_64x64,202,0,0,0.030431813,0.0,0.0,True,-0.2,True,0.99537957,-0.0046310425,0.004417208,-5.4222474,2.040302e-05,-10.799828,0.00015553102,-8.768665,2.7293561e-05,-10.50886
B_RL_test_00022,severe_stress,ObservationPlanner,6,18,early,0.8420111540845878,1.2249999999999999,1778.1684954270095,1451.5661187159262,3270.993987484063,0.02,1,656.6347725637011,2,1.6,2,2,high,0.5250911873728785,1.0225740464416466,0.5763159361893628,0.6742307684177278,122,9,Imitation_64x64,202,2,2,1.3194901,0.0,0.0,True,0.0,True,0.31360003,-1.1596369,0.19264607,-1.6469005,0.38138127,-0.96395564,0.0066626947,-5.0112314,0.105709895,-2.2470567
B_RL_test_00023,severe_stress,MyopicEconomic,2,22,early,0.8311454201682336,0.5229275424069387,7843.913136104081,15000.0,6830.231827298405,0.20253138521525418,0,597.884195380762,1,0.0,2,1,high,0.24134772804040389,1.3810949496954836,0.24254573603279125,0.7506369767835125,123,5,Imitation_64x64,202,0,0,0.005460349,0.0,0.0,True,-0.2,True,0.99935836,-0.0006418228,0.0006224635,-7.3818254,1.2894669e-05,-11.258697,4.3813616e-06,-12.338151,1.879954e-06,-13.184263
B_RL_test_00024,severe_stress,PPO,2,22,early,0.8642852064172054,0.6675057313785617,2305.939145833296,3454.5608186329287,2026.5878802852524,0.06325948422561593,0,590.1525426782189,1,0.0,2,1,low,-2.0101277777033815,1.478343626097419,0.4308653496981941,0.530824615742716,124,3,Imitation_64x64,202,0,0,0.048157588,0.0,0.0,True,-0.2,True,0.9924468,-0.007581711,0.006501887,-5.0356627,5.2208667e-05,-9.860262,0.0008167923,-7.1101255,0.00018229635,-8.609877
B_RL_test_00025,severe_stress,ObservationPlanner,1,23,early,0.9230822556998987,0.7019633566330249,2407.255806884243,3429.3183314164326,2132.473316032242,0.02,1,572.8295723806025,1,0.0,2,1,low,-1.0508383580584602,0.7887385917443512,0.307348428917548,0.5336745085892886,125,4,Imitation_64x64,202,0,0,0.10113997,0.0,0.0,True,-0.2,True,0.9813995,-0.018775702,0.016499108,-4.1044493,0.0011988729,-6.7263737,0.00055203063,-7.5019073,0.00035046658,-7.9562454
B_RL_test_00026,severe_stress,MyopicEconomic,3,21,early,0.6771584225464135,0.4334220552491781,6501.330828737671,15000.0,6516.058797860334,0.21084889268126272,0,618.5060310757419,1,0.0,2,0,high,-0.8487921202430904,0.9644137800497737,0.41649155616272776,0.8018488833642444,126,6,Imitation_64x64,202,0,0,0.028429784,0.0,0.0,True,-0.2,True,0.99602306,-0.003984928,0.002960669,-5.82234,0.0009702565,-6.93795,2.078591e-05,-10.781236,2.5216472e-05,-10.588013
B_RL_test_00027,severe_stress,PPO,7,17,early,0.9794303532191574,1.5006249999999994,2233.663407376808,1488.4887346117844,3613.5546788692905,0.02,2,531.7483152393892,2,1.6,2,2,high,-0.4425082286603216,0.8392601629979316,0.5331463867747503,0.7045610005896411,127,8,Imitation_64x64,202,0,0,1.2079761,0.0,0.0,True,-0.2,True,0.41449142,-0.8807031,0.14885323,-1.9047946,0.3748411,-0.98125315,0.005920697,-5.129301,0.05589367,-2.884304
B_RL_test_00028,severe_stress,ObservationPlanner,0,24,early,0.7918132670670824,0.315123682209895,1480.0754024988344,4696.8079076741615,2278.444071317703,0.4,0,476.49642618302425,1,0.0,2,0,low,-2.0485506467438626,0.6815482883078391,0.3819575070249458,0.8591634595862108,128,4,Imitation_64x64,202,0,0,0.012520145,0.0,0.0,True,-0.2,True,0.9984804,-0.0015206337,0.000826841,-7.097898,7.5305513e-07,-14.099127,0.0006731453,-7.3035493,1.8946408e-05,-10.873897
B_RL_test_00029,severe_stress,MyopicEconomic,4,20,early,0.8033574653262319,0.2934697064267671,2863.7622568244174,9758.289166173427,2106.395876993439,0.1911581694323644,0,707.929516947412,2,1.6,2,0,low,1.4081782222310821,1.1454430642322595,0.1524521085135705,0.686066795455444,129,11,Imitation_64x64,202,0,0,0.02030393,0.0,0.0,True,-0.2,True,0.9971464,-0.002857685,0.0026968087,-5.915686,5.6701656e-06,-12.080293,6.6114204e-05,-9.624126,8.493362e-05,-9.37364
B_RL_test_00030,severe_stress,PPO,2,22,early,0.3930271272446514,0.7230964992230754,2537.3396605380967,3508.9917642587384,3972.151885512717,0.38976284638487163,0,683.7439944050008,1,0.0,1,1,high,0.36049063728598935,0.6978249320066493,0.4584913795995479,0.7048195239783651,130,7,Imitation_64x64,202,0,0,0.057781644,0.0,0.0,True,-0.2,True,0.9903923,-0.009654045,0.008742686,-4.7395377,4.9792023e-05,-9.907656,0.0005767073,-7.4581757,0.00023852648,-8.34103
B_RL_test_00031,severe_stress,ObservationPlanner,5,19,early,0.9546987231828551,1.225,1090.0667715457148,889.8504257516039,1181.8525818604196,0.02,1,601.2917641619872,2,1.6,2,2,low,-0.4494291645959675,1.2133114246152,0.5382540007993669,0.5509989301790695,131,6,Imitation_64x64,202,0,0,1.1255715,0.0,0.0,True,-0.2,True,0.5972676,-0.51539016,0.16227323,-1.8184739,0.15945815,-1.835974,0.008092529,-4.8168144,0.072908595,-2.6185489
B_RL_test_00032,severe_stress,MyopicEconomic,0,24,early,0.6821034197939189,0.6964197399644306,8738.828413024821,12548.220435955986,6254.032431135801,0.4,0,655.121411864739,1,0.0,2,1,high,0.07233569176205216,1.0330987645795806,0.5532516681278125,0.8240805632894571,132,9,Imitation_64x64,202,0,0,0.0032547468,0.0,0.0,True,-0.2,True,0.9996388,-0.00036144257,0.00035604945,-7.940441,1.0453887e-06,-13.771122,3.3168124e-06,-12.616507,7.0621303e-07,-14.163349
B_RL_test_00033,severe_stress,PPO,3,21,early,0.8656298298742936,1.2249999999999999,3366.5276172647314,2748.1858100120257,1736.8128697309855,0.02,1,642.2010355136549,1,0.0,2,2,low,-0.569740014719955,0.9772691096688223,0.5020581483713409,0.5604406923181983,133,5,Imitation_64x64,202,0,0,0.5446779,0.0,0.0,True,-0.2,True,0.83970547,-0.17470407,0.1295078,-2.0440142,0.019921718,-3.9159448,0.0027216626,-5.9065123,0.00814342,-4.810545
B_RL_test_00034,severe_stress,ObservationPlanner,6,18,early,0.9599025264082925,1.2469872232469077,819.9497895790572,657.5446598755602,2245.722265453572,0.07882788984505502,0,552.4497873515605,2,1.6,2,2,low,-0.5568992969228953,1.1557145411930765,0.33555444694239067,0.7880201275407003,134,8,Imitation_64x64,202,0,2,0.30021554,22.245915802534,22.245915802534,False,-0.2,False,0.9306087,-0.07191634,0.05382529,-2.9220119,0.0018240713,-6.3066845,0.0019384907,-6.2458453,0.01180353,-4.439357
B_RL_test_00035,severe_stress,MyopicEconomic,1,23,early,0.7399868189734163,0.3399015402607635,1845.2331416834586,5428.728390780001,2727.8239958769,0.28400901187449423,0,533.8944637613272,1,0.0,2,0,low,-1.6769227877276522,1.0197454526672802,0.36430119712109293,0.39029351173850463,135,4,Imitation_64x64,202,0,0,0.015109937,0.0,0.0,True,-0.2,True,0.99808383,-0.001917839,0.0014533415,-6.53389,4.0885107e-06,-12.40733,0.0004243893,-7.764859,3.4422166e-05,-10.27681
B_RL_test_00036,severe_stress,PPO,16,8,late,0.3118847260717725,1.0,500.0,500.0,2454.9755549353904,0.1270905630381849,0,761.0107431952268,2,1.6,1,1,low,0.7987720270045131,0.8271682697862274,0.4029096007715378,0.7093812837974224,136,24,Imitation_64x64,202,4,2,0.91345185,51.953122851331074,51.953122851331074,False,0.2,False,0.12326969,-2.0933807,0.06975453,-2.662773,0.07832874,-2.5468407,0.0070047732,-4.9611635,0.72164226,-0.32622576
B_RL_test_00037,severe_stress,ObservationPlanner,4,20,early,0.9438664663311256,1.1266676831828484,2337.657878664597,2074.842399012181,2671.2774125862343,0.09866585345372143,0,646.0207764191298,2,1.6,2,2,low,-1.2539493473761563,1.107970464256297,0.20714979550495394,0.5822403131144498,137,5,Imitation_64x64,202,0,0,0.13631691,0.0,0.0,True,-0.2,True,0.9727595,-0.027618408,0.024390256,-3.7135715,0.00022338872,-8.406597,0.00058172015,-7.449521,0.0020451997,-6.19226
B_RL_test_00038,severe_stress,MyopicEconomic,4,20,early,0.9109789387204008,0.798495095201021,8951.99355393873,11211.081455278152,4927.59608061142,0.19084067555623632,0,652.9248733731681,2,1.6,2,1,high,0.4441157710907515,0.9390821754564493,0.4005351522638762,0.7348842428889295,138,9,Imitation_64x64,202,0,0,0.018804783,0.0,0.0,True,-0.2,True,0.9973295,-0.0026741028,0.002618617,-5.945109,1.6562628e-05,-11.008362,1.8334626e-05,-10.906719,1.7086459e-05,-10.977224
B_RL_test_00039,severe_stress,PPO,4,20,early,0.9784827512079856,1.069466509324007,2537.483680772115,2372.663060179433,2137.0096661463617,0.02,1,566.7124163652842,2,1.6,2,2,low,-0.9910608771563214,1.0687565486503725,0.32931114337766065,0.480487284890949,139,6,Imitation_64x64,202,0,1,0.7566289,5.246628571728934,5.246628571728934,False,-0.2,False,0.7786525,-0.25019038,0.09858215,-2.316865,0.09647926,-2.3384273,0.0045802193,-5.3860083,0.021705845,-3.8301735
B_RL_test_00040,severe_stress,ObservationPlanner,4,20,early,0.28512415317950746,0.7535326114404304,1839.2176910013982,2440.7937534191183,2159.6985599955833,0.5363117668805257,0,714.8132690760597,2,1.6,1,1,low,0.3911514500331968,1.2544957364432432,0.6953851683896436,0.6634477604756893,140,10,Imitation_64x64,202,0,0,0.30342227,0.0,0.0,True,-0.2,True,0.92327625,-0.07982683,0.06720678,-2.6999812,6.620595e-05,-9.62274,0.0011859036,-6.7372503,0.008264871,-4.795741
B_RL_test_00041,severe_stress,MyopicEconomic,6,18,early,0.20086797113615712,0.12716522241927988,1907.478336289198,15000.0,3748.9872853351985,0.3683525844882146,0,758.9756291691266,2,1.6,1,0,high,1.3455774008055212,0.8534561755749168,0.47756049876243367,0.5444764634918892,141,24,Imitation_64x64,202,1,1,0.7694451,0.0,0.0,True,-0.1,True,0.16425744,-1.8063202,0.7544732,-0.28173542,0.031756405,-3.4496608,0.00029801938,-8.118352,0.049214877,-3.0115592
B_RL_test_00042,severe_stress,PPO,6,18,early,0.9623827095974269,1.6679803131757132,4171.528143637945,2500.9456710527106,3773.2694503359917,0.019724329481097452,2,669.1783429313944,2,1.6,2,2,high,0.22909678781778126,0.879346771579291,0.2553585836990128,0.47150706749456744,142,7,Imitation_64x64,202,0,0,1.0356358,0.0,0.0,True,-0.2,True,0.62624335,-0.46801627,0.17495507,-1.7432262,0.1575325,-1.8481236,0.004815012,-5.3360167,0.036454063,-3.3117025
B_RL_test_00043,severe_stress,ObservationPlanner,3,21,early,0.8794035173799283,1.295281415043853,4009.8569232642403,3095.741880252704,4615.157409787453,0.04164321112005153,2,557.8206986773903,1,0.0,2,2,high,-0.4983394640877816,1.1813366229036073,0.33760433114928884,0.7006270214394502,143,5,Imitation_64x64,202,0,0,0.4558315,0.0,0.0,True,-0.2,True,0.88265467,-0.124821186,0.076582894,-2.5693815,0.035624612,-3.3347185,0.0013978423,-6.5728254,0.0037398636,-5.588706
B_RL_test_00044,severe_stress,MyopicEconomic,1,23,early,0.3804055255840845,0.4356105149118464,1917.2409136349572,4401.273265919546,1396.0437312022414,0.27772017904346236,0,763.689211874541,1,0.0,1,0,low,0.09031488076551453,1.5566656761988789,0.21693195513352462,0.675601763777255,144,6,Imitation_64x64,202,0,0,0.03883006,0.0,0.0,True,-0.2,True,0.9944587,-0.0055565834,0.003298129,-5.7144,8.823645e-06,-11.638075,0.0020154398,-6.206918,0.00021895884,-8.426626
B_RL_test_00045,severe_stress,PPO,1,23,early,0.5252960888755148,0.678798280687371,2547.8616237063934,3753.4886227560182,3463.9678318351735,0.3321768339442812,0,589.1816032979989,1,0.0,1,1,high,-0.7434848889073253,0.7769566157120102,0.4900627923832935,0.6806089276604373,145,5,Imitation_64x64,202,0,0,0.04749937,0.0,0.0,True,-0.2,True,0.99251044,-0.0075178146,0.006671787,-5.0098677,0.00019618262,-8.536465,0.00046691694,-7.669359,0.00015471177,-8.773947
B_RL_test_00046,severe_stress,ObservationPlanner,3,21,early,0.30996818945811205,0.6254466564642434,4524.096955008408,7233.3857863816875,5497.876932608729,0.3959841218584353,0,678.2001978321048,1,0.0,1,1,high,0.04468770119945725,1.1100338854838319,0.466752765563234,0.8465379303694447,146,10,Imitation_64x64,202,0,0,0.031799875,0.0,0.0,True,-0.2,True,0.99518895,-0.004822731,0.0045397356,-5.3948865,0.00013516251,-8.909033,7.682959e-05,-9.473921,5.9275164e-05,-9.73332
B_RL_test_00047,severe_stress,MyopicEconomic,8,16,middle,0.9967577336578811,1.0,13500.0,13500.0,5426.792941577646,0.013091152856206597,5,584.0432940268033,2,1.6,2,1,high,0.6794578365423228,1.2605601452914865,0.39418557739057486,0.663345949117258,147,9,Imitation_64x64,202,0,1,0.53435326,72.45552604368004,72.45552604368004,False,-0.2,False,0.84306866,-0.17070699,0.045047577,-3.1000361,0.11098475,-2.1983626,0.00021557973,-8.44218,0.00068352505,-7.288247
B_RL_test_00048,severe_stress,PPO,3,21,early,0.22787425817632054,1.0,3496.625410377927,3496.625410377927,4282.18936652522,0.2394748583802661,0,739.214628121166,1,0.0,1,1,high,0.8746453651728925,1.2289568893253286,0.34581064897313346,0.5645890100507188,148,9,Imitation_64x64,202,0,0,0.9290645,0.0,0.0,True,-0.2,True,0.6589359,-0.41712904,0.2369647,-1.4398441,0.070406474,-2.65347,0.003841243,-5.5619593,0.029851696,-3.5115137
B_RL_test_00049,severe_stress,ObservationPlanner,1,23,early,0.6731811649547996,0.9726606164077489,3588.890871328263,3689.7668218364097,1771.293887873303,0.2761134340909944,0,669.7600350697134,1,0.0,2,1,low,0.2671931472578545,0.946027321721571,0.49805137706200514,0.8348476688154185,149,6,Imitation_64x64,202,0,0,0.022086408,0.0,0.0,True,-0.2,True,0.9969097,-0.00309515,0.0027816787,-5.884701,3.5136388e-06,-12.558858,0.0002655866,-8.23357,3.9513514e-05,-10.138868
B_RL_test_00050,severe_stress,MyopicEconomic,2,22,early,0.5673679412873048,0.35772344139632345,3206.7755748600625,8964.398761073253,2779.934063955163,0.26209743594497137,0,655.6670458752743,1,0.0,1,0,low,-0.44078875144303553,0.8380510296018817,0.3871942516794568,0.6034522769722803,150,11,Imitation_64x64,202,0,0,0.018731857,0.0,0.0,True,-0.2,True,0.99745387,-0.0025491714,0.00230442,-6.072926,1.2654937e-05,-11.277463,0.00016915881,-8.684672,5.994596e-05,-9.722067
B_RL_test_00051,severe_stress,PPO,3,21,early,0.9551168147487235,1.5006249999999999,5941.556651718679,3959.3880228029516,2763.0243702744724,0.02,3,599.6707598627692,1,0.0,2,2,low,-1.1207786885627906,1.002766217469849,0.3503577515463789,0.617426829756258,151,4,Imitation_64x64,202,0,0,0.2795146,0.0,0.0,True,-0.2,True,0.936774,-0.0653131,0.047582813,-3.0452836,0.013200846,-4.3274746,0.0009083573,-7.0038724,0.0015338833,-6.479953
B_RL_test_00052,severe_stress,ObservationPlanner,7,17,early,0.8423116195140266,1.0028847891375086,525.1376631518262,523.627109354655,1764.5634784849206,0.17445580730668783,0,621.9663069438811,2,1.6,2,2,low,-0.23877457474671135,0.7227125995562862,0.4726893086707423,0.6581244204937098,152,12,Imitation_64x64,202,0,0,0.28353155,0.0,0.0,True,-0.04512201,True,0.93813586,-0.06386042,0.039636295,-3.22801,0.00059679867,-7.4239306,0.0027915563,-5.881156,0.018839682,-3.9717898
B_RL_test_00053,severe_stress,MyopicEconomic,10,14,middle,0.9750360126947729,0.21997445309370525,3299.6167964055785,14999.999999999998,1790.0019683562887,0.09487484313454006,0,548.0169029670456,2,1.6,2,0,low,-0.3870103738071509,1.0471457565478777,0.4977787279614221,0.8372278510245246,153,13,Imitation_64x64,202,0,0,0.07355658,0.0,0.0,True,-0.2,True,0.98735565,-0.012724876,0.011201214,-4.491733,0.0008310487,-7.092822,9.0754016e-05,-9.307358,0.00052129617,-7.559192
B_RL_test_00054,severe_stress,PPO,4,20,early,0.9526443675344505,1.2245366026332696,5415.3743154517815,4422.386643083143,4963.6253396735765,0.13322072171365323,0,603.5576050324527,2,1.6,2,2,high,-1.255506772438249,0.9360305659296442,0.363464744617099,0.5373903131399516,154,5,Imitation_64x64,202,0,1,0.12019917,50.931026764490525,50.931026764490525,False,-0.2,False,0.97543067,-0.024876118,0.023640804,-3.744781,0.0002144144,-8.4476,0.00019630452,-8.535843,0.0005178104,-7.5659013
B_RL_test_00055,severe_stress,ObservationPlanner,4,20,early,0.9926894715730625,1.4555291881444832,7864.4011408301085,5403.1215621692145,4714.023653189749,0.017926995087853816,3,612.5651531578951,2,1.6,2,2,high,-0.5512478562946606,1.0949289310713148,0.2282812754865429,0.5039575619771754,155,5,Imitation_64x64,202,0,0,0.40474123,0.0,0.0,True,-0.2,True,0.90000457,-0.1053555,0.06592022,-2.71931,0.029766615,-3.5143678,0.0012372307,-6.6948795,0.003071268,-5.7856646
B_RL_test_00056,severe_stress,MyopicEconomic,1,23,early,0.5035782277571821,0.36165326586457647,2805.064307796412,7756.225568959157,2150.277309475043,0.30578845198468124,0,667.7641115927946,1,0.0,1,0,low,0.491521608931922,0.7981409760756403,0.40301955099779874,0.725467639639309,156,7,Imitation_64x64,202,0,0,0.02020943,0.0,0.0,True,-0.2,True,0.99729013,-0.0027136803,0.0022429302,-6.0999722,7.3100186e-06,-11.826264,0.00038651418,-7.858342,7.325222e-05,-9.521602
B_RL_test_00057,severe_stress,PPO,5,19,early,0.909841616476469,1.4153390976028188,4749.889655171302,3356.0082267325633,3261.7861913498973,0.06668605580810198,0,714.5335659902294,2,1.6,2,2,high,0.29734423011214695,1.2126248846903505,0.3002933541740706,0.833479734810448,157,6,Imitation_64x64,202,0,1,0.21328305,11.318199145885046,11.318199145885046,False,-0.2,False,0.95017934,-0.051104546,0.04636218,-3.0712712,0.00047520656,-7.651761,0.00050107826,-7.598748,0.0024822485,-5.9985905
B_RL_test_00058,severe_stress,ObservationPlanner,5,19,early,0.04835967530168532,0.26907861031756075,859.117241974016,3192.8113533814685,2912.9931262002365,0.540473495081097,0,797.0411241109779,2,1.6,0,0,low,2.782688012161225,0.6915874271637731,0.4819950280080346,0.698112208087694,158,24,Imitation_64x64,202,4,0,1.0415962,2.683360583021738,2.683360583021738,False,0.2,False,0.1431083,-1.9441535,0.4040045,-0.90632915,0.0013770936,-6.58778,0.0053655747,-5.2277517,0.44614455,-0.8071122
B_RL_test_00059,severe_stress,MyopicEconomic,9,15,middle,0.7111854071180429,0.14119385208636528,2117.9077812954793,15000.0,1820.7155674506828,0.2505661397389287,0,726.7811467964113,2,1.6,2,0,low,0.971453190840694,1.533171519635366,0.4781722323867211,0.6056363128937179,159,24,Imitation_64x64,202,0,0,0.4611813,0.0,0.0,True,-0.2,True,0.8529049,-0.15910721,0.13579938,-1.9965767,0.00048063346,-7.6404057,0.00040078082,-7.822096,0.010414322,-4.5645733
B_RL_test_00060,severe_stress,PPO,3,21,early,0.8255024590965289,0.8644525884552394,1439.0777459067222,1664.7272101739288,1549.1050055627006,0.2061728985927113,0,625.262744109826,1,0.0,2,1,low,0.4676162543727831,0.8860136480030804,0.311185290065238,0.9046832844889655,160,4,Imitation_64x64,202,0,0,0.067437544,0.0,0.0,True,-0.2,True,0.98914486,-0.010914326,0.007864494,-4.845397,1.7354856e-05,-10.961638,0.0026389447,-5.937376,0.000334427,-8.003092
B_RL_test_00061,severe_stress,ObservationPlanner,3,21,early,0.9328907340488062,1.2249999999999999,6703.528982123979,5472.268556835902,6488.154144764619,0.02,2,559.1334385848705,1,0.0,2,2,high,-0.6019120795535214,1.250066022412253,0.32570285665920384,0.6690632347612712,161,4,Imitation_64x64,202,0,0,0.33394232,0.0,0.0,True,-0.2,True,0.919361,-0.084076405,0.06023048,-2.8095767,0.018326743,-3.999394,0.0006260248,-7.3761206,0.0014558997,-6.532131
B_RL_test_00062,severe_stress,MyopicEconomic,8,16,middle,0.9487828627568947,0.2782140346366669,4173.2105195500035,15000.0,4276.697932838302,0.11480102279632093,0,619.752387353713,2,1.6,2,0,high,-0.5197297972949666,1.0463883656689934,0.3776908173523991,0.815325111799893,162,13,Imitation_64x64,202,0,0,0.049140025,0.0,0.0,True,-0.2,True,0.9917076,-0.008327007,0.008092526,-4.8168144,7.68283e-05,-9.473938,2.8527093e-05,-10.464657,9.447069e-05,-9.267221
B_RL_test_00063,severe_stress,PPO,1,23,early,0.791088375339115,0.2913549668642458,2032.3377743425297,6975.469806524627,3403.9167794934497,0.25531621104206104,0,570.2152423770772,1,0.0,2,0,high,-1.4160968264962555,1.271300483920626,0.2624403200649598,0.5443897374113016,163,5,Imitation_64x64,202,0,0,0.010747511,0.0,0.0,True,-0.2,True,0.9986785,-0.0013222694,0.0011040382,-6.8087807,1.6498415e-06,-13.314831,0.00019568916,-8.538982,2.0049523e-05,-10.817305
B_RL_test_00064,severe_stress,ObservationPlanner,2,22,early,0.6826351159490309,0.5427171272258478,2780.316275530237,5122.95657544861,4374.566437472475,0.3872400641215184,0,558.572914503709,1,0.0,2,1,high,-0.2311648484074592,0.750470788967369,0.44116609633456183,0.7340685337223977,164,4,Imitation_64x64,202,0,0,0.016975194,0.0,0.0,True,-0.2,True,0.9977188,-0.00228405,0.0020675114,-6.18141,5.2559963e-06,-12.156141,0.000178865,-8.62888,2.9627625e-05,-10.426804
B_RL_test_00065,severe_stress,MyopicEconomic,6,18,early,0.6599472970753796,0.22131611208056978,3319.7416812085467,15000.0,2423.8621118241194,0.25542319236921396,0,672.2526521897478,2,1.6,2,0,low,0.9543120520827897,1.2376231953811616,0.4808156757682948,0.8043152589284366,165,24,Imitation_64x64,202,0,0,0.23388372,0.0,0.0,True,-0.2,True,0.9406722,-0.061160564,0.05766777,-2.853057,0.00033030869,-8.015483,0.00010532336,-9.158476,0.0012244172,-6.7052903
B_RL_test_00066,severe_stress,PPO,1,23,early,0.5047986667626899,0.6743000935655893,1820.468055960117,2699.7891196096057,1542.9255502075714,0.3062788872447605,0,699.3341725819399,1,0.0,1,1,low,0.10872647247335987,1.0882603901869417,0.24807577802657751,0.678805264804511,166,5,Imitation_64x64,202,0,0,0.052794404,0.0,0.0,True,-0.2,True,0.9919933,-0.008038998,0.0051551857,-5.267752,8.675647e-06,-11.654991,0.0025717956,-5.963151,0.00027108067,-8.213094
B_RL_test_00067,severe_stress,ObservationPlanner,0,24,early,0.19322683130217108,0.5790157421144024,5082.440998150891,8777.725074608934,3890.760815916193,0.4,0,851.5288424890562,1,0.0,0,1,high,1.7860277180715896,1.4976221550110438,0.3431977762345563,0.6947477889754374,167,6,Imitation_64x64,202,0,0,0.00910805,0.0,0.0,True,-0.2,True,0.9988549,-0.0011458397,0.0011051497,-6.8077745,4.4686435e-06,-12.318426,2.5264591e-05,-10.586107,1.0217284e-05,-11.49143
B_RL_test_00068,severe_stress,MyopicEconomic,3,21,early,0.4693760380215134,0.4605324635086656,5414.273732894595,11756.551735017301,2978.2013228422875,0.2908618117124857,0,666.9668850637144,1,0.0,1,0,low,0.11732619098720778,0.9121918234253104,0.44108451528192855,0.739356466273892,168,8,Imitation_64x64,202,0,0,0.016573925,0.0,0.0,True,-0.2,True,0.9977762,-0.0022263527,0.0020540832,-6.187926,9.433988e-05,-9.268606,4.2994594e-05,-10.054436,3.244214e-05,-10.336052
B_RL_test_00069,severe_stress,PPO,1,23,early,0.960812023620709,0.6728979002668548,2168.0837102651412,3222.0099206808827,4198.773867629622,0.2488485489978257,0,483.07543703213923,1,0.0,2,1,high,-1.4919352173107752,1.3055222135338365,0.41763881714870493,0.7592059164002953,169,5,Imitation_64x64,202,0,0,0.012428502,0.0,0.0,True,-0.2,True,0.99840575,-0.0015954971,0.0014383206,-6.544279,1.7870568e-06,-13.234941,0.0001402039,-8.872413,1.387308e-05,-11.18556
B_RL_test_00070,severe_stress,ObservationPlanner,9,15,middle,0.21281686594409158,0.9943826913766872,1211.372964191225,1218.2160597688226,1427.3895968193285,0.22774283708102405,0,911.6582113977641,2,1.6,1,1,low,2.389651181165024,1.299545799569939,0.4153647449400546,0.7062253508358912,170,11,Imitation_64x64,202,4,1,1.0497174,82.72933818768631,82.72933818768631,False,0.2,False,0.38538057,-0.9535239,0.12109379,-2.1111898,0.0071402737,-4.942004,0.007987803,-4.8298397,0.47839755,-0.73731315
B_RL_test_00071,severe_stress,MyopicEconomic,2,22,early,0.5740328841145435,0.5951739887626244,7605.021920581621,12777.812982708761,3069.135714804417,0.271378619155672,0,701.5061995753122,1,0.0,1,1,high,0.09105636204004242,1.0313146161355393,0.4853300622396656,0.5238168952882202,171,8,Imitation_64x64,202,0,0,0.0064028935,0.0,0.0,True,-0.2,True,0.99923086,-0.0007696152,0.0007480464,-7.1980457,6.3444895e-06,-11.967924,1.0395931e-05,-11.474096,4.392462e-06,-12.335621
B_RL_test_00072,severe_stress,PPO,2,22,early,0.948240488185595,1.2094007530851858,4591.594991371415,3796.5868465504414,1964.8516910922142,0.032479397531851285,3,655.9010008173161,1,0.0,2,2,low,0.386536536410366,0.930225005718882,0.29112376646152666,0.6081968729634402,172,3,Imitation_64x64,202,0,0,0.20196818,0.0,0.0,True,-0.2,True,0.95602226,-0.04497409,0.038469683,-3.2578847,0.0035068712,-5.6530313,0.0009360886,-6.9738,0.0010649876,-6.8447924
B_RL_test_00073,severe_stress,ObservationPlanner,0,24,early,0.3919982683599533,0.39116388027494386,3070.9806700840295,7850.879963470754,5150.7503186470285,0.4,0,693.6695826171782,1,0.0,1,0,high,0.45941812709734065,1.1789910139310849,0.28356995023331066,0.6877866114164769,173,7,Imitation_64x64,202,0,0,0.013188916,0.0,0.0,True,-0.2,True,0.9982747,-0.0017266273,0.0016209052,-6.4247704,1.3461896e-05,-11.215647,6.5258995e-05,-9.637147,2.5679656e-05,-10.569811
B_RL_test_00074,severe_stress,MyopicEconomic,17,7,late,0.22671624846750546,0.1250352829349012,1470.5649696539601,11761.2,3054.5463995179625,0.368099186936185,0,743.4137697409599,2,1.6,1,0,high,1.5965306398868033,0.7644284406291425,0.5561785363345491,0.7034210583296641,174,24,Imitation_64x64,202,4,3,0.7224545,8.018704699779732,8.018704699779732,False,0.2,False,0.018872967,-3.9700246,0.23423989,-1.4514093,0.017262843,-4.059199,0.0009831956,-6.9247026,0.7286411,-0.31657386
B_RL_test_00075,severe_stress,PPO,0,24,early,0.7382116592789666,0.44562027441056534,3119.864841394645,7001.17346662779,2564.9616727005878,0.4,0,584.3411001869044,1,0.0,2,0,low,-1.9380212781880286,0.5667805381576572,0.34706457120354495,0.4642840454103798,175,4,Imitation_64x64,202,0,0,0.008202938,0.0,0.0,True,-0.2,True,0.9990227,-0.0009775162,0.00083129824,-7.0925217,6.0130833e-07,-14.324158,0.00013505925,-8.909797,1.0312821e-05,-11.482122
B_RL_test_00076,severe_stress,ObservationPlanner,5,19,early,0.9861656369292241,1.1911753786479151,2914.2037272593307,2446.494260624492,1925.3084133675156,0.02,2,551.460830049257,2,1.6,2,2,low,-0.9456056299759363,0.9330307037393054,0.3516778080616225,0.7294508559928045,176,6,Imitation_64x64,202,0,2,0.7745742,3.9271038647229943,3.9271038647229943,False,-0.2,False,0.76581,-0.26682103,0.08314628,-2.4871538,0.12701483,-2.0634513,0.0046198107,-5.3774014,0.019409103,-3.942013
B_RL_test_00077,severe_stress,MyopicEconomic,7,17,early,0.8133018746959686,0.21092219713511243,3163.8329570266865,15000.0,2650.88745591375,0.02,2,702.6792521180745,2,1.6,2,0,low,0.31858297831781607,0.8479897153648971,0.4532158731317911,0.56086922159226,177,8,Imitation_64x64,202,0,0,0.68270224,0.0,0.0,True,-0.2,True,0.78459376,-0.24258924,0.08195039,-2.5016413,0.1296457,-2.04295,0.00039804887,-7.8289356,0.0034120139,-5.6804523
B_RL_test_00078,severe_stress,PPO,0,24,early,0.6781150053141439,0.4063975228559522,3469.876303432505,8538.133498078443,3593.4336285579748,0.4,0,602.921827198942,1,0.0,2,0,high,-0.8075015401694254,1.0321185311846846,0.18971493676975942,0.6519106372702784,178,4,Imitation_64x64,202,0,0,0.006401253,0.0,0.0,True,-0.2,True,0.9992449,-0.00075531006,0.00070072175,-7.2633996,1.1296469e-06,-13.693605,4.7364847e-05,-9.95763,5.786095e-06,-12.060053
B_RL_test_00079,severe_stress,ObservationPlanner,0,24,early,0.6107559122745796,0.35881894687930105,1990.6102300783075,5547.673129835883,2877.475817049848,0.4,0,606.0929451374526,1,0.0,2,0,low,-0.2263729641847368,0.7787968829600019,0.42086284106403515,0.720814474587929,179,1,Imitation_64x64,202,0,0,0.011201777,0.0,0.0,True,-0.2,True,0.99864477,-0.0013561249,0.00096866157,-6.939595,8.0484074e-07,-14.032621,0.00036456567,-7.916804,2.1173117e-05,-10.762778
B_RL_test_00080,severe_stress,MyopicEconomic,0,24,early,0.7354091066480801,0.5930537031491864,2010.1037233788988,3389.4126496555145,1826.9041858791115,0.4,0,595.0018162256957,1,0.0,2,1,low,-1.0123921144009338,1.1258003834783963,0.39749000470481033,0.5241669124696455,180,2,Imitation_64x64,202,0,0,0.013336815,0.0,0.0,True,-0.2,True,0.9983582,-0.0016431808,0.0010449176,-6.863817,4.5827318e-07,-14.5958,0.0005760771,-7.459269,2.0408783e-05,-10.799545
B_RL_test_00081,severe_stress,PPO,7,17,early,0.8637487281169084,1.1574111765469668,607.5133096616789,524.8897902248887,1080.4656295288282,0.13589993967529646,0,646.2908866331807,2,1.6,2,2,low,0.4670964360920484,1.0318299041662726,0.39611149708091536,0.7766966329528985,181,15,Imitation_64x64,202,0,0,0.3385313,0.0,0.0,True,-0.04741908,True,0.9225488,-0.08061504,0.047578406,-3.0453763,0.00082033384,-7.105799,0.0034713116,-5.663223,0.025581133,-3.6659002
B_RL_test_00082,severe_stress,ObservationPlanner,2,22,early,0.9544134655698913,1.0,500.00000000000006,500.00000000000006,1244.384148533584,0.02,1,491.3351177864671,1,0.0,2,1,low,-1.8132668856006082,0.8977841514156312,0.379017546862315,0.6711371551218738,182,5,Imitation_64x64,202,0,2,0.42924285,-29.274250616486597,0.0,False,-0.0,True,0.8922591,-0.11399865,0.08007995,-2.5247297,0.016508672,-4.1038694,0.0043427874,-5.4392385,0.006809449,-4.9894443
B_RL_test_00083,severe_stress,MyopicEconomic,1,23,early,0.44889426720552517,0.2508102518258211,1744.1830852366552,6954.193748220184,2849.055309425812,0.370098954312864,0,662.4626308330324,1,0.0,1,0,low,-0.19318881647829222,1.1007255421738986,0.39873602801111796,0.6182139355952364,183,5,Imitation_64x64,202,0,0,0.022232218,0.0,0.0,True,-0.2,True,0.9970927,-0.0029115677,0.0017962616,-6.3220477,6.224327e-06,-11.987045,0.0009861912,-6.9216604,0.00011863193,-9.039485
B_RL_test_00084,severe_stress,PPO,0,24,early,0.906174739606605,0.4075748690648555,1513.3767327880428,3713.12572892522,2389.231910536744,0.4,0,427.4413147982198,1,0.0,2,0,low,-2.719303493644447,0.9141938919096755,0.4493131263051819,0.7602119282809829,184,2,Imitation_64x64,202,0,0,0.013321568,0.0,0.0,True,-0.2,True,0.9983669,-0.0016345978,0.0008887567,-7.025687,3.8403383e-07,-14.772535,0.00072703796,-7.226532,1.6917604e-05,-10.987156
B_RL_test_00085,severe_stress,ObservationPlanner,2,22,early,0.7156070245290534,0.7720575387076455,3853.2593203739866,4990.896568180649,3266.1664997181333,0.2422690917029213,0,662.0574850946882,1,0.0,2,1,high,-0.732507953119708,1.414482734313204,0.324414951475154,0.5343499923124448,185,5,Imitation_64x64,202,0,0,0.026499609,0.0,0.0,True,-0.2,True,0.9961158,-0.003891945,0.0036428808,-5.6149807,9.1043e-06,-11.606764,0.00018288831,-8.606635,4.923447e-05,-9.918917
B_RL_test_00086,severe_stress,MyopicEconomic,1,23,early,0.8920782681027297,0.3920585714152794,3395.6772059953346,8661.147730394952,4318.752576105708,0.02,1,567.6569911013944,1,0.0,2,0,high,-0.5739392325338428,0.8405098617483711,0.2825418813098837,0.6386877709365626,186,8,Imitation_64x64,202,0,0,0.06740565,0.0,0.0,True,-0.2,True,0.9886801,-0.011384487,0.009674052,-4.638308,0.0014513832,-6.5352383,0.000113614195,-9.082703,8.08379e-05,-9.423065
B_RL_test_00087,severe_stress,PPO,3,21,early,0.461061449263551,1.0,7680.0,7680.0,9723.863609157772,0.06976507968158221,0,721.1089281234724,1,0.0,1,1,high,0.6498672710491811,1.088206740370783,0.40818789241107123,0.7330825440302011,187,8,Imitation_64x64,202,0,0,0.39061797,0.0,0.0,True,-0.2,True,0.89839387,-0.10714674,0.07812605,-2.5494318,0.021705516,-3.830189,0.00029829907,-8.1174135,0.0014763834,-6.51816
B_RL_test_00088,severe_stress,ObservationPlanner,17,7,late,0.07739497711327707,1.0,500.0,500.0,6272.689955570892,0.38472936597363283,0,811.1148786198856,2,1.6,0,1,high,3.2597985744067355,0.9085305102515508,0.4665674267932232,0.8094894424242502,188,24,Imitation_64x64,202,4,2,1.0032322,6.009713793044114,6.009713793044114,False,0.2,False,0.034001093,-3.3813627,0.093609326,-2.3686254,0.25741076,-1.3570822,0.0028623892,-5.8560987,0.61211646,-0.4908328
B_RL_test_00089,severe_stress,MyopicEconomic,16,8,late,0.7229369882006237,0.14861354874064336,2229.20323110965,14999.999999999998,2735.064122068475,0.2363326258881103,0,707.7435596413802,2,1.6,2,0,low,1.7888009368239013,0.6988729541935131,0.3328235380263363,0.8188913977778863,189,24,Imitation_64x64,202,0,0,0.8138821,0.0,0.0,True,-0.2,True,0.6567844,-0.42039943,0.28523207,-1.2544521,0.0026878652,-5.919008,0.00074913446,-7.1965923,0.05454658,-2.9087002
B_RL_test_00090,severe_stress,PPO,3,21,early,0.5244930043330686,1.0,4481.333392854215,4481.333392854215,3797.9454635062593,0.2976828633712957,0,683.097292396233,1,0.0,1,1,high,0.043613096896889136,1.037068499561815,0.565620493324281,0.7959980754214587,190,6,Imitation_64x64,202,0,0,0.11443958,0.0,0.0,True,-0.2,True,0.97710025,-0.02316618,0.021862257,-3.8229938,0.00020930517,-8.471717,0.00041398875,-7.789672,0.0004142514,-7.7890377
B_RL_test_00091,severe_stress,ObservationPlanner,12,12,middle,0.1314375777650269,0.09160768946575051,703.1913595104816,7676.117186356771,1410.425767369461,0.4364607552809321,0,901.4144503999852,2,1.6,0,0,low,2.3382845918220068,0.6741896711819185,0.5199109965055012,0.712837240683555,191,24,Imitation_64x64,202,4,4,0.41144702,0.0,0.0,True,0.2,True,0.009208546,-4.687623,0.10472807,-2.2563877,0.0012113376,-6.7160296,0.0022333732,-6.104242,0.88261867,-0.12486172
B_RL_test_00092,severe_stress,MyopicEconomic,1,23,early,0.5499265600721283,0.39625834560462464,2335.970820093433,5895.070339853986,2255.5974127143027,0.4565248883135144,0,582.2224444759813,1,0.0,1,0,low,-0.5862659646754461,1.1181404121059324,0.6389081097596125,0.889545304488342,192,15,Imitation_64x64,202,0,0,0.015178519,0.0,0.0,True,-0.2,True,0.9981061,-0.0018954277,0.0011695747,-6.751115,1.2999903e-06,-13.553153,0.0006867066,-7.283603,3.633377e-05,-10.222763
B_RL_test_00093,severe_stress,PPO,10,14,middle,0.18774314801565403,1.0,1610.612736000001,1610.612736000001,7664.366127220601,0.21580289813715575,0,876.1027641372767,2,1.6,0,1,high,3.0629373987984785,0.9114223715622548,0.4060270931795948,0.7879782542358003,193,24,Imitation_64x64,202,4,0,1.3700336,192.33891732843642,192.33891732843642,False,0.2,False,0.22761331,-1.4801071,0.20331119,-1.5930176,0.19138673,-1.6534591,0.0046488694,-5.3711314,0.37303987,-0.98607
B_RL_test_00094,severe_stress,ObservationPlanner,0,24,early,0.9134142587402432,0.6704764770377748,335.2382385188874,500.0,1436.6262834547883,0.4,0,442.07399217630456,1,0.0,2,1,low,-1.3976582755334301,0.7487520285556225,0.4855545079422672,0.6876819511748817,194,5,Imitation_64x64,202,0,2,0.0373817,-171.31036415083236,0.0,False,0.0,True,0.99454814,-0.005466938,0.0015173495,-6.4907904,1.1880487e-06,-13.643198,0.003876902,-5.552719,5.6451343e-05,-9.782131
B_RL_test_00095,severe_stress,MyopicEconomic,1,23,early,0.38207848776653847,0.37966025159672456,2239.0167184562933,5897.421995164716,3385.2681834928144,0.5235643202147016,0,594.6158875921458,1,0.0,1,0,high,-0.2563260662755433,0.9887072235021326,0.5326297737522329,0.6408928626998098,195,5,Imitation_64x64,202,0,0,0.013761587,0.0,0.0,True,-0.2,True,0.9982829,-0.0017185211,0.0013056855,-6.641027,7.925235e-06,-11.745459,0.0003638668,-7.9187226,3.9497743e-05,-10.139267
B_RL_test_00096,severe_stress,PPO,7,17,early,0.5173000165120831,1.0178676466583578,1341.141251347273,1317.5988604709237,3361.2853566205335,0.19868212231416982,0,732.0243629244239,2,1.6,1,2,high,0.63121929203782,0.9721972196766725,0.445765228928636,0.7938713156995721,196,12,Imitation_64x64,202,0,1,0.7088212,8.870301368558557,8.870301368558557,False,-0.2,False,0.7861789,-0.24057102,0.11560206,-2.1576016,0.0070855594,-4.9496965,0.004155482,-5.483327,0.086977966,-2.4421005
B_RL_test_00097,severe_stress,ObservationPlanner,2,22,early,0.5668801786211263,0.608260194430912,721.5002730079889,1186.1704573369695,1672.7002940307505,0.41289897448631335,0,571.3184386201295,1,0.0,1,1,low,-0.6422699443344645,0.5751794844401634,0.5138524784076035,0.5242284254912288,197,9,Imitation_64x64,202,0,0,0.08986515,0.0,0.0,True,-0.2,True,0.9847943,-0.015322685,0.0045539793,-5.391754,2.153555e-05,-10.745806,0.010235993,-4.5818453,0.0003942546,-7.838514
B_RL_test_00098,severe_stress,MyopicEconomic,3,21,early,0.24065976927050703,0.49491688522671456,4775.830233659442,9649.76216455355,3235.053675493276,0.3000075878322623,0,758.1077622426095,1,0.0,1,0,high,0.9088657953933286,1.3248086092922042,0.36488819247598553,0.5828741555508058,198,11,Imitation_64x64,202,0,0,0.08795669,0.0,0.0,True,-0.2,True,0.98414665,-0.015980244,0.01434866,-4.2440987,0.0006197376,-7.3862143,0.00025717315,-8.26576,0.00062787195,-7.373174
B_RL_test_00099,severe_stress,PPO,1,23,early,0.6935374321243797,0.8015197217681155,3446.4035370911242,4299.836227970183,2308.449944443907,0.3122362038919836,0,638.8794272401572,1,0.0,2,1,low,-0.26689171429934844,0.6907053720958345,0.34363800188548893,0.47058435393170817,199,6,Imitation_64x64,202,0,0,0.014036796,0.0,0.0,True,-0.2,True,0.9981731,-0.0018286705,0.0016327923,-6.417464,1.5788112e-06,-13.358838,0.00017242967,-8.665521,2.0142767e-05,-10.812665
B_RL_test_00000,baseline,PPO,16,8,late,0.2379555790490246,1.0,500.0,500.0,5985.089705294903,0.23118783353356365,0,730.9437736673831,1,0.0,1,1,high,0.7766626320299265,1.1540687281369808,0.34471001732411144,0.8095158963876717,0,24,Imitation_64x64,303,2,2,1.3184735,0.0,0.0,True,0.0,True,0.09791835,-2.3236215,0.1832155,-1.6970923,0.45922157,-0.77822256,0.020829571,-3.8713818,0.23881505,-1.432066
B_RL_test_00001,baseline,ObservationPlanner,12,12,middle,0.06837194242154448,1.0,500.0,500.0,2007.3304872982224,0.2888737980221177,0,830.2815138817816,1,0.0,0,1,low,1.6613225481260747,0.841180276874062,0.2960832412250551,0.6198577850919593,1,24,Imitation_64x64,303,4,3,1.3279189,3.6115330164159616,3.6115330164159616,False,0.2,False,0.052422535,-2.9484189,0.099366345,-2.3089418,0.19088663,-1.6560756,0.14914978,-1.9028043,0.50817466,-0.67693007
B_RL_test_00002,baseline,MyopicEconomic,13,11,middle,0.10210201177067327,0.11217209360571379,1075.2796781170684,9585.982070520044,2437.259079929716,0.45502879908228483,0,690.9761593017319,1,0.0,0,0,low,0.4546918678629157,0.8585965558808485,0.47150063272009635,0.832595564470931,2,24,Imitation_64x64,303,4,4,0.9013499,0.0,0.0,True,0.2,True,0.013053071,-4.338732,0.03811032,-3.26727,0.05325994,-2.9325707,0.19184506,-1.6510671,0.7037316,-0.35135818
B_RL_test_00003,baseline,PPO,2,22,early,0.054717952272838925,0.5403214730936744,3796.953775699434,7027.212436995197,7228.707337667853,0.5379484931676871,0,748.6695090541555,1,0.0,0,1,high,1.033632078382112,1.2276235612338229,0.47864155202413344,0.8531424835747992,3,8,Imitation_64x64,303,0,0,0.06823414,0.0,0.0,True,-0.2,True,0.98850423,-0.011562347,0.009878233,-4.6174216,0.0013949245,-6.574915,8.76264e-05,-9.342428,0.00013496388,-8.910503
B_RL_test_00004,baseline,ObservationPlanner,3,21,early,0.5968721123186518,0.9999999999999999,3651.982730983609,3651.9827309836096,3627.0039340218054,0.3087336184147029,0,638.3216473516175,1,0.0,1,1,high,0.4602511534154351,1.0830413162393473,0.45980112852588634,0.7412130218716163,4,24,Imitation_64x64,303,0,0,0.05071333,0.0,0.0,True,-0.2,True,0.9915781,-0.008457661,0.007979663,-4.830859,3.1943924e-05,-10.351529,0.00028982674,-8.146227,0.00012040391,-9.024659
B_RL_test_00005,baseline,MyopicEconomic,1,23,early,0.4979048576250192,0.3364270541945389,1502.9110351080908,4467.271631011675,1721.8301202996743,0.4036472237693899,0,633.9837050213686,1,0.0,1,0,low,-0.04444196082094837,1.1818582927166443,0.48676356778721747,0.6668066982541053,5,18,Imitation_64x64,303,0,0,0.054213896,0.0,0.0,True,-0.2,True,0.99159735,-0.00843811,0.0021598493,-6.137717,9.868792e-07,-13.828718,0.0060404064,-5.109284,0.00020145184,-8.50996
B_RL_test_00006,baseline,PPO,13,11,middle,0.05475255465070265,1.0,602.6021772084498,602.6021772084498,5078.781453664926,0.36775751012369107,0,715.3175253995527,1,0.0,0,1,high,0.9316380738118776,0.6386269675984682,0.5197144407917117,0.5755142980102315,6,24,Imitation_64x64,303,2,0,0.847339,1.1224271131677739,1.1224271131677739,False,0.0,False,0.02255173,-3.7919436,0.07606036,-2.5762281,0.73998386,-0.30112696,0.014457055,-4.2365727,0.14694697,-1.9176836
B_RL_test_00007,baseline,ObservationPlanner,1,23,early,0.7906424101315642,0.7179192941709722,8615.031530051667,12000.0,6070.414391389817,0.2917653700524575,0,557.1473599055465,1,0.0,2,1,high,-1.7014713346367327,1.0009109290001965,0.4410433472212441,0.6888284147284123,7,5,Imitation_64x64,303,0,0,0.0052270507,0.0,0.0,True,-0.2,True,0.9993887,-0.00061130524,0.0005944433,-7.427885,1.0302205e-05,-11.483152,4.8932134e-06,-12.227661,1.695474e-06,-13.287548
B_RL_test_00008,baseline,MyopicEconomic,23,1,late,0.3562722482467574,0.3167653090738204,4751.479636107306,15000.0,4969.615697772818,0.266977695303081,0,616.3304101583744,1,0.0,1,0,high,-0.39024726220835865,0.9356708536559166,0.4388010593340236,0.8167731441495508,8,24,Imitation_64x64,303,2,1,0.8383801,34.28708449154385,34.28708449154385,False,0.0,False,0.19650981,-1.627043,0.08506978,-2.4642835,0.7043843,-0.3504312,0.0005422819,-7.519725,0.013493847,-4.3055215
B_RL_test_00009,baseline,PPO,6,18,early,0.7033396566006782,1.0,2387.8285674671947,2387.8285674671947,3251.035828942063,0.27809642607519547,0,572.0517507533034,1,0.0,2,1,high,-0.11325674064309288,0.5753649050646394,0.44374303847723623,0.8737371263430239,9,7,Imitation_64x64,303,0,0,0.24319409,0.0,0.0,True,-0.2,True,0.94271034,-0.05899644,0.051601954,-2.964196,0.00050246314,-7.5959888,0.0030371144,-5.7968473,0.0021482315,-6.1431103
B_RL_test_00010,baseline,ObservationPlanner,0,24,early,0.5818128660363321,0.41951200414734585,1009.1047478201779,2405.425203198115,1701.555300007723,0.4,0,588.9865506153408,1,0.0,1,0,low,-0.4838409806239353,0.8413063321790891,0.4391246703190555,0.6872603844075084,10,4,Imitation_64x64,303,0,0,0.04558289,0.0,0.0,True,-0.2,True,0.9931277,-0.006896019,0.001860956,-6.286665,1.0356707e-06,-13.780461,0.00491161,-5.3161535,9.864634e-05,-9.223969
B_RL_test_00011,baseline,MyopicEconomic,2,22,early,0.37210149521443003,0.5939540529908843,4663.409728891948,7851.465454960907,3018.192616841782,0.3204942918365675,0,671.5810896528725,1,0.0,1,1,high,0.6701751736113165,1.1556843223065958,0.3527015341276848,0.6125902414428819,11,15,Imitation_64x64,303,0,0,0.03573127,0.0,0.0,True,-0.2,True,0.9945245,-0.00549078,0.0051044384,-5.277645,0.00015608924,-8.765082,0.000117001364,-9.053325,9.7897864e-05,-9.2315855
B_RL_test_00012,baseline,PPO,21,3,late,0.030994854075521758,1.0,500.0,500.0,1700.7150011455492,0.5600166912975704,0,727.7627978170854,1,0.0,0,1,low,0.9772288051966393,0.9509734753112715,0.46436674060322847,0.7302773060708184,12,24,Imitation_64x64,303,4,4,0.8478673,0.0,0.0,True,0.2,True,0.0009878476,-6.919982,0.007280671,-4.9225326,0.06671111,-2.7073839,0.263282,-1.3345296,0.66173846,-0.41288495
B_RL_test_00013,baseline,ObservationPlanner,0,24,early,0.7414863323513986,0.05153996531154906,233.57152728401954,4531.85262877313,2645.317637165965,0.4,0,486.97141271942724,1,0.0,2,0,low,-1.736257804977541,1.0740468656905695,0.3667052714676963,0.6175553539035563,13,3,Imitation_64x64,303,0,0,0.07392629,0.0,0.0,True,-0.2,True,0.98685014,-0.0132369995,0.00090556504,-7.0069513,2.2766487e-07,-15.295391,0.012138214,-4.4113965,0.00010575841,-9.154353
B_RL_test_00014,baseline,MyopicEconomic,1,23,early,0.5271408732435738,0.7017806288528439,6543.9437847632835,9324.771183069348,3885.4089210235634,0.42337198126547393,0,675.8104456583286,1,0.0,1,1,high,-0.6684220948261075,1.1138218846795502,0.3991183392656671,0.6578988792549979,14,2,Imitation_64x64,303,0,0,0.0040410957,0.0,0.0,True,-0.2,True,0.99954337,-0.00045681,0.00044289793,-7.7221713,1.880293e-06,-13.184083,9.317145e-06,-11.583654,2.4492676e-06,-12.919722
B_RL_test_00015,baseline,PPO,0,24,early,0.8827892318835304,0.7750439435362315,7010.115307667944,9044.797222314191,5056.69050475539,0.4,0,530.7452935881225,1,0.0,2,1,high,-1.857567923464245,1.5996820862393486,0.20504247408141998,0.6309168474085493,15,1,Imitation_64x64,303,0,0,0.0030413494,0.0,0.0,True,-0.2,True,0.99966764,-0.0003323555,0.0003233676,-8.03672,8.3909606e-07,-13.99094,6.629221e-06,-11.924023,1.4507133e-06,-13.443455
B_RL_test_00016,baseline,ObservationPlanner,1,23,early,0.7575848522418619,0.7648472559966231,9178.167071959477,12000.0,6023.664357898624,0.27747791859413073,0,593.4475459693606,1,0.0,2,1,high,-0.4401584506355456,1.0497642801219806,0.40754786971653073,0.5611451094235479,16,3,Imitation_64x64,303,0,0,0.007438385,0.0,0.0,True,-0.2,True,0.9990885,-0.00091171265,0.0008837554,-7.03133,1.9179404e-05,-10.861673,5.9920553e-06,-12.025076,2.57604e-06,-12.869257
B_RL_test_00017,baseline,MyopicEconomic,11,13,middle,0.5162938840900015,0.37042864239233037,5556.429635884955,14999.999999999998,4958.497682325035,0.23577242148980457,0,698.095833451383,1,0.0,1,0,high,1.1733858159969814,0.7571982460402745,0.28812725488404634,0.8037034744292322,17,24,Imitation_64x64,303,0,0,0.26116276,0.0,0.0,True,-0.2,True,0.94193906,-0.05981469,0.041069303,-3.1924944,0.015903326,-4.141227,0.00014267644,-8.854931,0.0009455891,-6.963702
B_RL_test_00018,baseline,PPO,11,13,middle,0.44546002368694276,1.0801788188977697,712.5405351230945,659.6505343903904,4599.457693830454,0.1925300329586777,0,678.6047451687893,1,0.0,1,2,high,0.783350719956263,0.519994892666678,0.3439098168059432,0.6750775086741557,18,15,Imitation_64x64,303,1,1,1.3774731,0.0,0.0,True,-0.1,True,0.3314599,-1.1042483,0.3522178,-1.0435054,0.11875195,-2.1307182,0.022719298,-3.7845404,0.17485097,-1.7438211
B_RL_test_00019,baseline,ObservationPlanner,14,10,middle,0.43628357786420313,1.0,986.8792762181879,986.8792762181879,2549.5416782191555,0.15752058515941827,0,614.2332567570838,1,0.0,1,1,low,0.008801761928701954,1.281540519190883,0.5907284257417467,0.640373467956049,19,16,Imitation_64x64,303,0,0,1.5086739,0.0,0.0,True,-0.2,True,0.26462075,-1.3294576,0.2115056,-1.5535038,0.2318969,-1.4614624,0.047668763,-3.043479,0.24430795,-1.4093258
B_RL_test_00020,baseline,MyopicEconomic,6,18,early,0.9904872805090876,1.0,10354.41707224261,10354.41707224261,5657.078470578648,0.02,2,490.4954424610693,1,0.0,2,1,high,-1.4821096191035665,1.036690732347569,0.2978889158652708,0.5594487500561349,20,9,Imitation_64x64,303,0,0,0.23377186,0.0,0.0,True,-0.2,True,0.9485363,-0.052835226,0.040155366,-3.2149992,0.010342735,-4.5714707,0.00026802154,-8.224443,0.00069765566,-7.267785
B_RL_test_00021,baseline,PPO,2,22,early,0.99134664354728,1.2249999999999999,1933.011399525078,1577.9684894082272,2850.588671250648,0.02,3,405.7868496895012,1,0.0,2,2,low,-2.4253689918491133,0.8437459054517884,0.339367546935539,0.6145889537406355,21,3,Imitation_64x64,303,0,0,0.4422843,0.0,0.0,True,-0.2,True,0.88416994,-0.12310624,0.08944688,-2.4141107,0.018149398,-4.009118,0.0027162097,-5.908518,0.005517702,-5.199794
B_RL_test_00022,baseline,ObservationPlanner,7,17,early,0.17169114823543966,1.0,1306.4095068443337,1306.4095068443337,3277.468032966299,0.36792693239861396,0,673.2894883247873,1,0.0,0,1,high,0.5250911873728785,1.0225740464416466,0.5763159361893628,0.6742307684177278,22,22,Imitation_64x64,303,0,1,1.2545333,11.375790228516536,11.375790228516536,False,-0.2,False,0.46434247,-0.767133,0.32389742,-1.1273285,0.0609168,-2.7982464,0.031581044,-3.4551983,0.119262315,-2.12643
B_RL_test_00023,baseline,MyopicEconomic,4,20,early,0.9678035069402425,1.0,12000.0,12000.0,5891.699067860228,0.032024988808005285,2,563.8674519452862,1,0.0,2,1,high,0.24134772804040389,1.3810949496954836,0.24254573603279125,0.7506369767835125,23,5,Imitation_64x64,303,0,0,0.07773429,0.0,0.0,True,-0.2,True,0.9864346,-0.013658047,0.011789205,-4.440571,0.0016111173,-6.430827,6.957956e-05,-9.57304,9.548003e-05,-9.256594
B_RL_test_00024,baseline,PPO,2,22,early,0.8642852064172054,0.6675057313785617,2305.939145833296,3454.5608186329287,2026.5878802852524,0.06325948422561593,0,590.1525426782189,1,0.0,2,1,low,-2.0101277777033815,1.478343626097419,0.4308653496981941,0.530824615742716,24,3,Imitation_64x64,303,0,0,0.05719134,0.0,0.0,True,-0.2,True,0.99076045,-0.009282589,0.007889394,-4.842236,5.436016e-05,-9.819879,0.001040847,-6.8677206,0.00025503003,-8.27413
B_RL_test_00025,baseline,ObservationPlanner,1,23,early,0.9230822556998987,0.7019633566330249,2407.255806884243,3429.3183314164326,2132.473316032242,0.02,1,572.8295723806025,1,0.0,2,1,low,-1.0508383580584602,0.7887385917443512,0.307348428917548,0.5336745085892886,25,4,Imitation_64x64,303,0,0,0.106119655,0.0,0.0,True,-0.2,True,0.9800382,-0.020163774,0.018095955,-4.012067,0.0006046082,-7.4109297,0.0007366883,-7.2133455,0.00052448834,-7.553087
B_RL_test_00026,baseline,MyopicEconomic,7,17,early,0.9365901282485903,0.8443705650804314,12665.558476206472,15000.0,6448.501935164566,0.02,1,585.5290430706376,1,0.0,2,1,high,-0.8487921202430904,0.9644137800497737,0.41649155616272776,0.8018488833642444,26,13,Imitation_64x64,303,0,0,0.1162505,0.0,0.0,True,-0.2,True,0.97843605,-0.021800041,0.016985392,-4.075402,0.0043541007,-5.4366374,7.164284e-05,-9.5438175,0.00015283558,-8.786148
B_RL_test_00027,baseline,PPO,11,13,middle,0.3252033535477799,1.0,609.6849856969869,609.6849856969869,3296.621660629314,0.3299546280846452,0,567.02653296758,1,0.0,1,1,high,-0.4425082286603216,0.8392601629979316,0.5331463867747503,0.7045610005896411,27,24,Imitation_64x64,303,0,0,1.4925683,0.0,0.0,True,-0.17990436,True,0.32397285,-1.1270955,0.26893038,-1.3133026,0.13098562,-2.0326676,0.066686116,-2.7077584,0.20942502,-1.5633894
B_RL_test_00028,baseline,ObservationPlanner,3,21,early,0.9893089746322069,1.0,2404.765648729171,2404.765648729171,2121.9774031476454,0.02,3,432.8680540537394,1,0.0,2,1,low,-2.0485506467438626,0.6815482883078391,0.3819575070249458,0.8591634595862108,28,4,Imitation_64x64,303,0,0,0.30331796,0.0,0.0,True,-0.2,True,0.93170947,-0.07073426,0.050292242,-2.9899044,0.012511279,-4.381125,0.0021402296,-6.1468425,0.0033468269,-5.6997423
B_RL_test_00029,baseline,MyopicEconomic,23,1,late,0.9018311721921631,0.5956190380587226,8934.28557088084,15000.0,1928.8363003603918,0.05497909600922661,0,696.4720478215925,1,0.0,2,1,low,1.4081782222310821,1.1454430642322595,0.1524521085135705,0.686066795455444,29,24,Imitation_64x64,303,0,1,0.5271828,9.62374282235669,9.62374282235669,False,-0.2,False,0.83946824,-0.1749866,0.13719375,-1.986361,0.011700243,-4.4481454,0.0012164292,-6.7118354,0.0104213385,-4.5638995
B_RL_test_00030,baseline,PPO,18,6,late,0.17458352387309314,1.0,500.0,500.0,4154.559915174503,0.2914746552731627,0,680.746830732853,1,0.0,0,1,high,0.36049063728598935,0.6978249320066493,0.4584913795995479,0.7048195239783651,30,24,Imitation_64x64,303,2,2,1.1246667,0.0,0.0,True,0.0,True,0.035806533,-3.329625,0.06570891,-2.7225206,0.56775045,-0.5660733,0.04927663,-3.0103054,0.28145754,-1.2677736
B_RL_test_00031,baseline,ObservationPlanner,23,1,late,0.3881165845248731,1.0,600.0,600.0,1384.7393957328795,0.35565533850095415,0,628.2226086563135,1,0.0,1,1,low,-0.4494291645959675,1.2133114246152,0.5382540007993669,0.5509989301790695,31,24,Imitation_64x64,303,3,0,0.8889781,34.877724604324385,34.877724604324385,False,0.1,False,0.030879075,-3.4776764,0.018271027,-4.0024385,0.017597513,-4.0399976,0.6499278,-0.4308939,0.28332454,-1.2611622
B_RL_test_00032,baseline,MyopicEconomic,14,10,middle,0.11861461159707183,0.39623458995451744,5943.518849317761,14999.999999999998,6538.028638524567,0.4823572270107184,0,663.1472569094424,1,0.0,0,0,high,0.07233569176205216,1.0330987645795806,0.5532516681278125,0.8240805632894571,32,24,Imitation_64x64,303,0,0,1.0489236,0.0,0.0,True,-0.2,True,0.4971245,-0.6989149,0.18986414,-1.6614466,0.3089835,-1.1744674,0.0002451004,-8.313843,0.0037828416,-5.57728
B_RL_test_00033,baseline,PPO,3,21,early,0.8656298298742936,1.2249999999999999,3366.5276172647314,2748.1858100120257,1736.8128697309855,0.02,1,642.2010355136549,1,0.0,2,2,low,-0.569740014719955,0.9772691096688223,0.5020581483713409,0.5604406923181983,33,5,Imitation_64x64,303,0,0,0.58692026,0.0,0.0,True,-0.2,True,0.8161704,-0.20313215,0.15445639,-1.8678435,0.013634114,-4.2951803,0.0038230123,-5.5667167,0.011916157,-4.42986
B_RL_test_00034,baseline,ObservationPlanner,8,16,middle,0.7209933912032997,1.059538316732895,557.355009681004,526.0357279004483,2206.3188351759422,0.15236934661368406,0,559.6977206594408,1,0.0,2,2,low,-0.5568992969228953,1.1557145411930765,0.33555444694239067,0.7880201275407003,34,19,Imitation_64x64,303,0,1,0.83879346,33.23309480033947,0.0,False,-0.04949422,True,0.7199746,-0.32853937,0.1987315,-1.6158006,0.008474798,-4.7706585,0.032015122,-3.441547,0.040804043,-3.1989741
B_RL_test_00035,baseline,MyopicEconomic,2,22,early,0.7124069971554298,0.3601784377622567,2346.3730929921007,6514.4740689360015,2943.277717707141,0.26742186215069164,0,534.1750857694525,1,0.0,2,0,low,-1.6769227877276522,1.0197454526672802,0.36430119712109293,0.39029351173850463,35,4,Imitation_64x64,303,0,0,0.020181503,0.0,0.0,True,-0.2,True,0.9972729,-0.0027308464,0.0023272147,-6.063083,1.3073216e-05,-11.244946,0.00033025563,-8.015644,5.663073e-05,-9.778959
B_RL_test_00036,baseline,PPO,10,14,middle,0.16985238612265544,1.351124932690788,743.3727078413355,550.1879876947398,2712.1614947827516,0.11763269701826078,0,746.4215773999038,1,0.0,0,2,low,0.7987720270045131,0.8271682697862274,0.4029096007715378,0.7093812837974224,36,24,Imitation_64x64,303,2,3,1.1538076,10.061639613274025,10.061639613274025,False,0.0,False,0.065598525,-2.7242022,0.15497373,-1.8644997,0.5781302,-0.5479562,0.012444596,-4.386469,0.18885292,-1.6667868
B_RL_test_00037,baseline,ObservationPlanner,5,19,early,0.8993257552516476,1.2268159216879904,2290.904721091305,1867.358159110963,2854.9562517245977,0.02,1,633.4964033299018,1,0.0,2,2,low,-1.2539493473761563,1.107970464256297,0.20714979550495394,0.5822403131144498,37,7,Imitation_64x64,303,0,2,0.8293565,11.841537744849802,11.841537744849802,False,-0.2,False,0.69996476,-0.35672522,0.23426813,-1.4512889,0.034256488,-3.3738792,0.0058683166,-5.1381874,0.025642315,-3.6635113
B_RL_test_00038,baseline,MyopicEconomic,14,10,middle,0.684448328390616,0.6413451513607958,9620.177270411938,15000.0,4305.019512426003,0.05992413603561583,0,653.8034205228332,1,0.0,2,1,high,0.4441157710907515,0.9390821754564493,0.4005351522638762,0.7348842428889295,38,24,Imitation_64x64,303,0,0,0.62160563,0.0,0.0,True,-0.2,True,0.8153986,-0.2040782,0.09539782,-2.3496995,0.085810155,-2.455618,0.00030785514,-8.085881,0.003085657,-5.7809906
B_RL_test_00039,baseline,PPO,5,19,early,0.9378959300747195,1.2950503995707228,2458.174595305655,1898.1304481435466,2057.7661936202644,0.031255013014439295,2,545.5440171275179,1,0.0,2,2,low,-0.9910608771563214,1.0687565486503725,0.32931114337766065,0.480487284890949,39,6,Imitation_64x64,303,0,0,0.65016735,0.0,0.0,True,-0.2,True,0.80811137,-0.21305549,0.13741612,-1.9847416,0.034677174,-3.3616738,0.0048688245,-5.324903,0.01492642,-4.2046227
B_RL_test_00040,baseline,ObservationPlanner,6,18,early,0.03798601396408765,0.8618221026318759,1346.2592029839443,1562.1080021882358,2112.7510526336328,0.542259564850849,0,719.0124875867314,1,0.0,0,1,low,0.3911514500331968,1.2544957364432432,0.6953851683896436,0.6634477604756893,40,24,Imitation_64x64,303,0,0,1.4248011,0.0,0.0,True,-0.2,True,0.32232082,-1.1322081,0.19651158,-1.6270342,0.014371583,-4.2425027,0.23599179,-1.4439585,0.23080428,-1.4661853
B_RL_test_00041,baseline,MyopicEconomic,19,5,late,0.016633071844414767,0.1169709276912876,1754.563915369314,15000.0,3437.7353052762714,0.6094754641587934,0,764.7739696208452,1,0.0,0,0,high,1.3455774008055212,0.8534561755749168,0.47756049876243367,0.5444764634918892,41,24,Imitation_64x64,303,2,2,0.5383594,0.0,0.0,True,0.0,True,0.0014318319,-6.5488005,0.0366625,-3.3060007,0.8469735,-0.16608572,0.0043349033,-5.441056,0.1105973,-2.2018595
B_RL_test_00042,baseline,PPO,10,14,middle,0.8826765474543761,2.574432043205924,2637.215610419299,1024.3873468631905,3450.7898658345794,0.027796455183778677,2,675.3251678924596,1,0.0,2,2,high,0.22909678781778126,0.879346771579291,0.2553585836990128,0.47150706749456744,42,12,Imitation_64x64,303,1,0,1.3216197,42.212314073346306,42.212314073346306,False,-0.1,False,0.30848065,-1.1760961,0.37153763,-0.9901051,0.21814296,-1.5226047,0.007261835,-4.9251227,0.09457689,-2.3583422
B_RL_test_00043,baseline,ObservationPlanner,4,20,early,0.9623949810652032,1.5867197334287197,3929.6597847989556,2476.5935042021633,4452.6622712573635,0.02,3,542.2881919852082,1,0.0,2,2,high,-0.4983394640877816,1.1813366229036073,0.33760433114928884,0.7006270214394502,43,7,Imitation_64x64,303,0,0,0.5757772,0.0,0.0,True,-0.2,True,0.8385183,-0.17611885,0.11068122,-2.201101,0.039482478,-3.2318983,0.002645701,-5.934819,0.008672251,-4.747627
B_RL_test_00044,baseline,MyopicEconomic,2,22,early,0.379209978329903,0.47810556982222124,2525.127915294928,5281.527919103455,1429.7605211837863,0.19493247158948834,0,762.0436848092071,1,0.0,1,0,low,0.09031488076551453,1.5566656761988789,0.21693195513352462,0.675601763777255,44,8,Imitation_64x64,303,0,0,0.08263053,0.0,0.0,True,-0.2,True,0.98645496,-0.013637543,0.009459839,-4.6607,6.04529e-05,-9.713646,0.002981179,-5.8154364,0.0010435602,-6.865117
B_RL_test_00045,baseline,PPO,5,19,early,0.8222238740449165,1.2249999999999999,1883.35045135406,1537.4289398808653,3348.3448880232113,0.02,1,577.8049262304501,1,0.0,2,2,high,-0.7434848889073253,0.7769566157120102,0.4900627923832935,0.6806089276604373,45,9,Imitation_64x64,303,0,2,1.153997,6.070997502499495,6.070997502499495,False,-0.2,False,0.52999353,-0.63489044,0.2693883,-1.3116014,0.14309181,-1.9442687,0.007205619,-4.932894,0.050320696,-2.9893389
B_RL_test_00046,baseline,ObservationPlanner,13,11,middle,0.20288459529389125,0.9999999999999999,776.6788847965151,776.6788847965153,5999.266924562831,0.3460085372071179,0,687.7671178537944,1,0.0,1,1,high,0.04468770119945725,1.1100338854838319,0.466752765563234,0.8465379303694447,46,24,Imitation_64x64,303,2,0,1.3958865,60.698230747747914,60.698230747747914,False,0.0,False,0.14702848,-1.9171289,0.2540243,-1.3703253,0.382916,-0.9599396,0.020295536,-3.8973541,0.1957357,-1.63099
B_RL_test_00047,baseline,MyopicEconomic,6,18,early,0.6680502290690778,1.0,11664.0,11664.0,5780.583328255228,0.14874161924604068,0,650.2689375648152,1,0.0,2,1,high,0.6794578365423228,1.2605601452914865,0.39418557739057486,0.663345949117258,47,12,Imitation_64x64,303,0,1,0.47751296,22.27562385890087,22.27562385890087,False,-0.2,False,0.8727528,-0.13610291,0.058933586,-2.8313441,0.06664958,-2.7083066,0.0002546645,-8.275563,0.0014094638,-6.5645456
B_RL_test_00048,baseline,PPO,3,21,early,0.22787425817632054,1.0,3496.625410377927,3496.625410377927,4282.18936652522,0.2394748583802661,0,739.214628121166,1,0.0,1,1,high,0.8746453651728925,1.2289568893253286,0.34581064897313346,0.5645890100507188,48,11,Imitation_64x64,303,0,0,1.0572066,0.0,0.0,True,-0.2,True,0.5875374,-0.5318153,0.25514734,-1.365914,0.114939354,-2.1633506,0.0041689505,-5.480091,0.03820692,-3.2647386
B_RL_test_00049,baseline,ObservationPlanner,10,14,middle,0.3614319639668689,1.0,557.1361346362471,557.1361346362471,1756.1217037408028,0.22041247065985103,0,667.8601291773981,1,0.0,1,1,low,0.2671931472578545,0.946027321721571,0.49805137706200514,0.8348476688154185,49,24,Imitation_64x64,303,0,0,1.4335767,0.0,0.0,True,-0.10255327,True,0.37484586,-0.9812405,0.23035343,-1.4681406,0.040771946,-3.1997612,0.12436589,-2.0845275,0.22966291,-1.4711428
B_RL_test_00050,baseline,MyopicEconomic,1,23,early,0.5640436083834576,0.37198488593015544,2778.8507088085507,7470.332300894378,2832.6429911485493,0.35883944705264603,0,654.4683900435166,1,0.0,1,0,low,-0.44078875144303553,0.8380510296018817,0.3871942516794568,0.6034522769722803,50,24,Imitation_64x64,303,0,0,0.009661366,0.0,0.0,True,-0.2,True,0.99883026,-0.0011706352,0.000979717,-6.928247,1.4969169e-06,-13.412104,0.00016699173,-8.697566,2.1583135e-05,-10.743599
B_RL_test_00051,baseline,PPO,0,24,early,0.6279381875877659,0.7097053825658842,5488.279280176071,7733.179732037013,2720.080753335256,0.4,0,652.8067991736757,1,0.0,2,1,low,-1.1207786885627906,1.002766217469849,0.3503577515463789,0.617426829756258,51,4,Imitation_64x64,303,0,0,0.0050890376,0.0,0.0,True,-0.2,True,0.99941266,-0.0005874634,0.0005585168,-7.490226,1.3882365e-06,-13.487476,2.350161e-05,-10.658442,3.9624715e-06,-12.4386425
B_RL_test_00052,baseline,ObservationPlanner,22,2,late,0.39494446361012614,1.0,500.0,500.0,1732.4707144893682,0.2174831580160389,0,607.2925577081427,1,0.0,1,1,low,-0.23877457474671135,0.7227125995562862,0.4726893086707423,0.6581244204937098,52,24,Imitation_64x64,303,4,4,1.2981628,0.0,0.0,True,0.2,True,0.052772798,-2.9417596,0.040571,-3.204702,0.14557247,-1.9270813,0.34701228,-1.0583953,0.4140715,-0.8817167
B_RL_test_00053,baseline,MyopicEconomic,6,18,early,0.34426507000356177,0.2436763840649301,2049.447590889828,8410.530215122248,2009.1865947564293,0.47200289460980144,0,584.1029467466066,1,0.0,1,0,low,-0.3870103738071509,1.0471457565478777,0.4977787279614221,0.8372278510245246,53,24,Imitation_64x64,303,0,0,0.1503267,0.0,0.0,True,-0.2,True,0.9729662,-0.027405977,0.012635889,-4.3712144,7.267746e-05,-9.529479,0.0116387075,-4.4534187,0.002686506,-5.9195137
B_RL_test_00054,baseline,PPO,2,22,early,0.8049562963000642,1.0319384677467247,7130.673275385625,6909.979129817411,4895.253327835442,0.15084904971669436,0,600.8959365436986,1,0.0,2,2,high,-1.255506772438249,0.9360305659296442,0.363464744617099,0.5373903131399516,54,7,Imitation_64x64,303,0,0,0.12164274,0.0,0.0,True,-0.2,True,0.9759184,-0.024376392,0.022211837,-3.80713,0.001290727,-6.6525497,0.0002254488,-8.397418,0.0003536039,-7.9473333
B_RL_test_00055,baseline,ObservationPlanner,0,24,early,0.7703021013594434,0.8046723751405875,8386.849268140477,10422.688198628884,3782.175891677592,0.4,0,657.5751534584275,1,0.0,2,1,high,-0.5512478562946606,1.0949289310713148,0.2282812754865429,0.5039575619771754,55,5,Imitation_64x64,303,0,0,0.0024983662,0.0,0.0,True,-0.2,True,0.9997341,-0.00026607513,0.00025700952,-8.266397,4.4816653e-07,-14.618101,6.8571762e-06,-11.890215,1.4693302e-06,-13.430704
B_RL_test_00056,baseline,MyopicEconomic,3,21,early,0.5319335139074415,0.2944401741434168,3288.5919463967357,11168.964819301184,2236.5959758467075,0.2618928823547251,0,668.6782541872011,1,0.0,1,0,low,0.491521608931922,0.7981409760756403,0.40301955099779874,0.725467639639309,56,24,Imitation_64x64,303,0,0,0.029844783,0.0,0.0,True,-0.2,True,0.9956215,-0.0043883324,0.0039955457,-5.5225754,7.46658e-05,-9.502488,0.00018409496,-8.6000595,0.00012422701,-8.993401
B_RL_test_00057,baseline,PPO,6,18,early,0.6835475823280572,1.5415926323287827,4138.878045092562,2684.8065813860508,3494.805096494596,0.1028284327062324,0,711.5596795853463,1,0.0,2,2,high,0.29734423011214695,1.2126248846903505,0.3002933541740706,0.833479734810448,57,11,Imitation_64x64,303,0,1,0.70960546,5.88263050868909,5.88263050868909,False,-0.2,False,0.7425062,-0.297724,0.22122642,-1.5085685,0.011939848,-4.427874,0.0044237818,-5.42076,0.019903746,-3.9168472
B_RL_test_00058,baseline,ObservationPlanner,17,7,late,0.007347530160079491,0.25628247946200927,1319.3906808078113,5148.189152756323,3509.3180928960087,0.6279407830915847,0,813.4735944976718,1,0.0,0,0,high,2.782688012161225,0.6915874271637731,0.4819950280080346,0.698112208087694,58,24,Imitation_64x64,303,4,4,0.7692746,0.0,0.0,True,0.2,True,0.0035748505,-5.6338325,0.014270218,-4.249581,0.0027358637,-5.901308,0.37545812,-0.97960854,0.60396093,-0.504246
B_RL_test_00059,baseline,MyopicEconomic,11,13,middle,0.3010701088009395,0.209471918594423,3142.0787789163446,14999.999999999998,1760.7293445204466,0.16035656363609666,0,704.3711085217833,1,0.0,1,0,low,0.971453190840694,1.533171519635366,0.4781722323867211,0.6056363128937179,59,24,Imitation_64x64,303,0,0,1.0063878,0.0,0.0,True,-0.2,True,0.5322156,-0.63070655,0.09266277,-2.3787885,0.3553234,-1.0347269,0.0013684286,-6.5940924,0.01842979,-3.9937868
B_RL_test_00060,baseline,PPO,0,24,early,0.5068592473650758,0.168176012802745,546.810907443923,3251.4203323709544,1514.974941648108,0.4,0,625.4025588941706,1,0.0,1,0,low,0.4676162543727831,0.8860136480030804,0.311185290065238,0.9046832844889655,60,4,Imitation_64x64,303,0,0,0.16947207,0.0,0.0,True,-0.2,True,0.9622217,-0.038510323,0.0015945676,-6.4411526,3.079518e-07,-14.993322,0.03581809,-3.329302,0.00036539038,-7.914544
B_RL_test_00061,baseline,ObservationPlanner,1,23,early,0.6723392587564916,0.5264822437685277,4501.6441067295755,8550.419620056096,6653.596928286341,0.3606854027384583,0,595.3492738028834,1,0.0,2,1,high,-0.6019120795535214,1.250066022412253,0.32570285665920384,0.6690632347612712,61,4,Imitation_64x64,303,0,0,0.006225893,0.0,0.0,True,-0.2,True,0.999255,-0.0007452965,0.00072396937,-7.2307615,6.8863155e-06,-11.885975,1.049351e-05,-11.464753,3.5152343e-06,-12.558404
B_RL_test_00062,baseline,MyopicEconomic,0,24,early,0.6558138612660278,0.22766535990445966,1353.0514007973516,5943.158859850981,3412.923749968226,0.4,1,623.1365100020726,1,0.0,2,0,high,-0.5197297972949666,1.0463883656689934,0.3776908173523991,0.815325111799893,62,24,Imitation_64x64,303,0,0,0.014768712,0.0,0.0,True,-0.2,True,0.9980357,-0.0019659996,0.0018344785,-6.300995,6.8916356e-06,-11.885202,0.00010001241,-9.2102165,2.2881228e-05,-10.685194
B_RL_test_00063,baseline,PPO,0,24,early,0.6092112298996989,0.14054555952618597,1225.4641336450247,8719.337258155783,3515.256718321031,0.4,0,570.2458398508572,1,0.0,2,0,high,-1.4160968264962555,1.271300483920626,0.2624403200649598,0.5443897374113016,63,5,Imitation_64x64,303,0,0,0.0103892675,0.0,0.0,True,-0.2,True,0.99875915,-0.001241684,0.00090058596,-7.012465,2.3774912e-06,-12.949465,0.000307156,-8.088155,3.0665098e-05,-10.3923855
B_RL_test_00064,baseline,ObservationPlanner,1,23,early,0.7230093447733669,0.4422362425874765,2831.9463335814994,6403.695719310763,4169.321450676664,0.3816100151721653,0,551.480806362687,1,0.0,2,0,high,-0.2311648484074592,0.750470788967369,0.44116609633456183,0.7340685337223977,64,4,Imitation_64x64,303,0,0,0.009915869,0.0,0.0,True,-0.2,True,0.99876606,-0.0012345314,0.0011265028,-6.788637,2.48945e-06,-12.903448,9.136009e-05,-9.300701,1.3718954e-05,-11.196732
B_RL_test_00065,baseline,MyopicEconomic,17,7,late,0.16883788561041613,0.1953397861591348,2930.096792387022,15000.0,2526.854242657849,0.4377581672034112,0,681.087812638456,1,0.0,0,0,low,0.9543120520827897,1.2376231953811616,0.4808156757682948,0.8043152589284366,65,24,Imitation_64x64,303,2,0,0.88704103,27.26733318481513,27.26733318481513,False,0.0,False,0.03745456,-3.284627,0.13571134,-1.9972253,0.72013587,-0.3283155,0.004222533,-5.4673204,0.10247569,-2.2781298
B_RL_test_00066,baseline,PPO,4,20,early,0.5446765194422268,1.073252499481339,1483.5483753950894,1382.2920292401186,1193.6200672635655,0.14139800041492867,0,709.3255489273176,1,0.0,1,2,low,0.10872647247335987,1.0882603901869417,0.24807577802657751,0.678805264804511,66,5,Imitation_64x64,303,0,1,0.629864,44.239417380889336,44.239417380889336,False,-0.2,False,0.8148102,-0.20480013,0.13544843,-1.9991645,0.0027391547,-5.900106,0.02109845,-3.8585558,0.025903827,-3.6533647
B_RL_test_00067,baseline,ObservationPlanner,2,22,early,0.1097643319784132,0.7714368241331376,4333.73462698888,5617.744047749718,3805.298674699541,0.348534859982811,0,858.1554947232789,1,0.0,0,1,high,1.7860277180715896,1.4976221550110438,0.3431977762345563,0.6947477889754374,67,7,Imitation_64x64,303,0,0,0.2885316,0.0,0.0,True,-0.2,True,0.92890096,-0.07375312,0.063393995,-2.7583861,0.0032794792,-5.720071,0.0010376635,-6.8707833,0.0033878786,-5.6875515
B_RL_test_00068,baseline,MyopicEconomic,0,24,early,0.42653032626779175,0.37421081019193775,2545.965711703852,6803.560031838716,2610.68512423398,0.4,0,666.6578373952274,1,0.0,1,0,low,0.11732619098720778,0.9121918234253104,0.44108451528192855,0.739356466273892,68,14,Imitation_64x64,303,0,0,0.006087038,0.0,0.0,True,-0.2,True,0.9993118,-0.00068855286,0.0005498839,-7.5058036,7.610203e-07,-14.088606,0.00012704235,-8.97099,1.0581033e-05,-11.456448
B_RL_test_00069,baseline,PPO,1,23,early,0.960812023620709,0.6728979002668548,2168.0837102651412,3222.0099206808827,4198.773867629622,0.2488485489978257,0,483.07543703213923,1,0.0,2,1,high,-1.4919352173107752,1.3055222135338365,0.41763881714870493,0.7592059164002953,69,6,Imitation_64x64,303,0,0,0.017464738,0.0,0.0,True,-0.2,True,0.9976343,-0.0023684502,0.0021551982,-6.1398726,3.3973865e-06,-12.5925045,0.00018518136,-8.594174,2.1902075e-05,-10.7289295
B_RL_test_00070,baseline,ObservationPlanner,4,20,early,0.04844010728093621,1.0,1958.2948491654167,1958.2948491654167,1639.8550914103687,0.3349557074327678,0,910.063873343722,1,0.0,0,1,low,2.389651181165024,1.299545799569939,0.4153647449400546,0.7062253508358912,70,11,Imitation_64x64,303,0,0,1.1696773,0.0,0.0,True,-0.2,True,0.5526882,-0.5929613,0.25091425,-1.382644,0.025901917,-3.6534383,0.0453776,-3.0927367,0.12511802,-2.078498
B_RL_test_00071,baseline,MyopicEconomic,21,3,late,0.3819574454017667,0.3308075231538171,4962.112847307257,15000.0,3235.427963034861,0.26325602044805047,0,686.9360106943229,1,0.0,1,0,high,0.09105636204004242,1.0313146161355393,0.4853300622396656,0.5238168952882202,71,24,Imitation_64x64,303,0,1,1.1291244,20.589489271932962,20.589489271932962,False,-0.2,False,0.47821382,-0.73769736,0.1633185,-1.812053,0.32703573,-1.1176859,0.0015344892,-6.479558,0.02989747,-3.5099814
B_RL_test_00072,baseline,PPO,0,24,early,0.7588589061208596,0.6809655158039449,4039.6011253995216,5932.166947735064,1816.55993714263,0.4,1,695.702630528886,1,0.0,2,1,low,0.386536536410366,0.930225005718882,0.29112376646152666,0.6081968729634402,72,3,Imitation_64x64,303,0,0,0.00973506,0.0,0.0,True,-0.2,True,0.99876934,-0.0012311935,0.0011738624,-6.7474556,1.7305208e-06,-13.267088,4.6744142e-05,-9.970821,8.174483e-06,-11.714493
B_RL_test_00073,baseline,ObservationPlanner,22,2,late,0.4137834712644008,1.029344230852175,514.6721154260874,500.0,5830.51050764666,0.14221314095652096,0,696.2288645930913,1,0.0,1,2,high,0.45941812709734065,1.1789910139310849,0.28356995023331066,0.6877866114164769,73,24,Imitation_64x64,303,2,2,1.3341382,0.0,0.0,True,0.0,True,0.09635576,-2.339708,0.14198688,-1.9520206,0.42741922,-0.84999,0.030436283,-3.4921198,0.3038019,-1.1913794
B_RL_test_00074,baseline,MyopicEconomic,7,17,early,0.04053304116497742,0.13505325496414894,2025.7988244622338,14999.999999999998,4168.7212063130455,0.49730623844293537,0,737.1110563485262,1,0.0,0,0,high,1.5965306398868033,0.7644284406291425,0.5561785363345491,0.7034210583296641,74,24,Imitation_64x64,303,2,1,0.37854788,0.9982117901608092,0.9982117901608092,False,0.0,False,0.01083058,-4.5253816,0.06316082,-2.7620711,0.9096185,-0.09473014,0.00030856245,-8.083587,0.016081534,-4.1300836
B_RL_test_00075,baseline,PPO,1,23,early,0.7564671147100324,0.6119493257231801,3427.4907057391165,5600.938773302232,2612.995156430521,0.28013957570482395,0,586.5806523842683,1,0.0,2,1,low,-1.9380212781880286,0.5667805381576572,0.34706457120354495,0.4642840454103798,75,4,Imitation_64x64,303,0,0,0.017883565,0.0,0.0,True,-0.2,True,0.9975816,-0.002421379,0.0021771279,-6.129749,3.9006973e-06,-12.454355,0.00020557918,-8.489679,3.1756044e-05,-10.357428
B_RL_test_00076,baseline,ObservationPlanner,3,21,early,0.8732476304401287,1.1162618083955889,3034.364563993472,2718.3269562494356,1933.50347851992,0.10699055328352877,0,582.3405206417185,1,0.0,2,2,low,-0.9456056299759363,0.9330307037393054,0.3516778080616225,0.7294508559928045,76,6,Imitation_64x64,303,0,1,0.17615747,20.356151312253132,20.356151312253132,False,-0.2,False,0.9631004,-0.037597656,0.032405894,-3.429415,0.0007537699,-7.1904235,0.0023011079,-6.0743647,0.0014389395,-6.543849
B_RL_test_00077,baseline,MyopicEconomic,16,8,late,0.11924889965361976,0.10632274977041356,1594.8412465562033,14999.999999999998,2621.478144077052,0.3694256144447483,0,739.7602268363717,1,0.0,0,0,low,0.31858297831781607,0.8479897153648971,0.4532158731317911,0.56086922159226,77,24,Imitation_64x64,303,2,2,0.36740956,0.0,0.0,True,0.0,True,0.0023599511,-6.049114,0.019612808,-3.9315724,0.9101361,-0.09416103,0.0016352346,-6.415969,0.06625591,-2.7142305
B_RL_test_00078,baseline,PPO,3,21,early,0.9540215157636134,1.225,5355.1173299948005,4371.524351016164,3521.0761850454173,0.02,2,565.1217807466435,1,0.0,2,2,high,-0.8075015401694254,1.0321185311846846,0.18971493676975942,0.6519106372702784,78,4,Imitation_64x64,303,0,1,0.33495402,19.22203246319441,19.22203246319441,False,-0.2,False,0.9154631,-0.08832502,0.07242346,-2.6252248,0.007843383,-4.848085,0.001325274,-6.626136,0.0029447163,-5.8277426
B_RL_test_00079,baseline,ObservationPlanner,0,24,early,0.6107559122745796,0.35881894687930105,1990.6102300783075,5547.673129835883,2877.475817049848,0.4,0,606.0929451374526,1,0.0,2,0,low,-0.2263729641847368,0.7787968829600019,0.42086284106403515,0.720814474587929,79,1,Imitation_64x64,303,0,0,0.012619567,0.0,0.0,True,-0.2,True,0.9984584,-0.001543045,0.0010287934,-6.879369,7.142542e-07,-14.152027,0.00048332135,-7.634829,2.8816816e-05,-10.454552
B_RL_test_00080,baseline,MyopicEconomic,1,23,early,0.6454988717607186,0.6105344746162854,2483.2239255782656,4067.2951795866175,1869.5339146746887,0.31435377533905284,0,598.6720201337081,1,0.0,2,1,low,-1.0123921144009338,1.1258003834783963,0.39749000470481033,0.5241669124696455,80,2,Imitation_64x64,303,0,0,0.02791963,0.0,0.0,True,-0.2,True,0.9961152,-0.0038924217,0.0029081488,-5.8402386,2.6324524e-06,-12.847594,0.00089690514,-7.0165606,7.720274e-05,-9.469076
B_RL_test_00081,baseline,PPO,5,19,early,0.5471971665134849,1.0,820.1402972263885,820.1402972263885,1144.5597734841792,0.21690835041641865,0,654.083534261115,1,0.0,1,1,low,0.4670964360920484,1.0318299041662726,0.39611149708091536,0.7766966329528985,81,24,Imitation_64x64,303,0,0,0.6225325,0.0,0.0,True,-0.2,True,0.8280491,-0.1886828,0.10401657,-2.263205,0.0012699694,-6.668762,0.0452096,-3.0964458,0.021454668,-3.841813
B_RL_test_00082,baseline,ObservationPlanner,4,20,early,0.979857188575217,1.0,500.00000000000006,500.00000000000006,1287.0936432178305,0.0352510431562565,3,467.9522389366124,1,0.0,2,1,low,-1.8132668856006082,0.8977841514156312,0.379017546862315,0.6711371551218738,82,7,Imitation_64x64,303,0,2,0.44897524,-68.35334460771696,0.0,False,-0.0,True,0.8879603,-0.1188283,0.080290675,-2.5221019,0.01746182,-4.0477386,0.005631586,-5.179364,0.008655608,-4.749548
B_RL_test_00083,baseline,MyopicEconomic,9,15,middle,0.8651092790573723,0.5928297836241365,8892.446754362049,15000.0,2967.3578290978676,0.10333974095211913,0,633.7478036785967,1,0.0,2,1,low,-0.19318881647829222,1.1007255421738986,0.39873602801111796,0.6182139355952364,83,13,Imitation_64x64,303,0,0,0.04882695,0.0,0.0,True,-0.2,True,0.992241,-0.007789135,0.006798954,-4.9909863,0.0008190709,-7.10734,5.5445424e-05,-9.800112,8.5392894e-05,-9.368248
B_RL_test_00084,baseline,PPO,0,24,early,0.906174739606605,0.4075748690648555,1513.3767327880428,3713.12572892522,2389.231910536744,0.4,0,427.4413147982198,1,0.0,2,0,low,-2.719303493644447,0.9141938919096755,0.4493131263051819,0.7602119282809829,84,2,Imitation_64x64,303,0,0,0.019583281,0.0,0.0,True,-0.2,True,0.9974656,-0.0025377274,0.0012631068,-6.674181,4.3972875e-07,-14.637108,0.0012408037,-6.691996,2.9942748e-05,-10.416224
B_RL_test_00085,baseline,ObservationPlanner,4,20,early,0.7941548900434988,1.1078584625333887,3538.6924791601796,3194.173803635616,3279.8007078489463,0.113713229973289,0,660.8190807718751,1,0.0,2,2,high,-0.732507953119708,1.414482734313204,0.324414951475154,0.5343499923124448,85,5,Imitation_64x64,303,0,1,0.27175036,53.64015616127699,53.64015616127699,False,-0.2,False,0.9331575,-0.069181204,0.06086432,-2.799108,0.0011627589,-6.75696,0.0020237935,-6.2027817,0.0027915887,-5.8811445
B_RL_test_00086,baseline,MyopicEconomic,9,15,middle,0.8725517982544201,0.5126492332251752,7689.7384983776265,14999.999999999998,3696.8864482792205,0.17155046543004115,0,578.3838689196426,1,0.0,2,1,high,-0.5739392325338428,0.8405098617483711,0.2825418813098837,0.6386877709365626,86,16,Imitation_64x64,303,0,0,0.07560879,0.0,0.0,True,-0.2,True,0.98680764,-0.013279915,0.011682154,-4.4496927,0.0013102439,-6.637542,6.0558024e-05,-9.711908,0.00013934079,-8.878588
B_RL_test_00087,baseline,PPO,9,15,middle,0.5014289547566524,1.9666253091615,3959.3397123443137,2013.265920000001,9962.41445462283,0.08991769508881849,0,706.7720228447201,1,0.0,1,2,high,0.6498672710491811,1.088206740370783,0.40818789241107123,0.7330825440302011,87,14,Imitation_64x64,303,2,1,1.1419646,55.73651992605255,55.73651992605255,False,0.0,False,0.1286614,-2.0505712,0.2452594,-1.4054389,0.5512179,-0.59562516,0.002533737,-5.9780602,0.07232757,-2.62655
B_RL_test_00088,baseline,ObservationPlanner,10,14,middle,0.01751231497823463,1.0,2062.3705253171834,2062.3705253171834,6848.24600462249,0.42136429596045955,0,823.4542716105796,1,0.0,0,1,high,3.2597985744067355,0.9085305102515508,0.4665674267932232,0.8094894424242502,88,24,Imitation_64x64,303,1,1,1.3273938,0.0,0.0,True,-0.1,True,0.22104932,-1.5093694,0.39292488,-0.9341368,0.27554563,-1.2890021,0.007781363,-4.856024,0.102698766,-2.2759552
B_RL_test_00089,baseline,MyopicEconomic,14,10,middle,0.1543903474151127,0.14228358458682816,2028.3947818698225,14256.000000000002,3369.936719339581,0.43161391595669496,0,713.1052669663361,1,0.0,0,0,high,1.7888009368239013,0.6988729541935131,0.3328235380263363,0.8188913977778863,89,24,Imitation_64x64,303,2,3,0.68115115,8.046498553436578,8.046498553436578,False,0.0,False,0.024237994,-3.7198339,0.08329817,-2.4853287,0.81196755,-0.20829487,0.0027607263,-5.8922615,0.07773549,-2.5544434
B_RL_test_00090,baseline,PPO,10,14,middle,0.7534781431339181,2.315642848909248,2176.249783856102,939.8037287491009,4306.620593893453,0.02,1,646.8127409746123,1,0.0,2,2,high,0.043613096896889136,1.037068499561815,0.565620493324281,0.7959980754214587,90,11,Imitation_64x64,303,2,0,1.2009466,12.47295748320471,12.47295748320471,False,0.0,False,0.1250927,-2.0787003,0.23264413,-1.4582454,0.53040934,-0.6341063,0.0049608997,-5.306168,0.10689294,-2.2359276
B_RL_test_00091,baseline,ObservationPlanner,20,4,late,0.004203746421753841,0.048369274057587466,725.539110863812,15000.0,1895.838978176145,0.6002317453913092,0,914.2149004138386,1,0.0,0,0,low,2.3382845918220068,0.6741896711819185,0.5199109965055012,0.712837240683555,91,24,Imitation_64x64,303,4,2,0.9199754,-17.73963985028837,0.0,False,0.0,True,0.0007265434,-7.227212,0.024031477,-3.7283907,0.22990233,-1.4701006,0.08675167,-2.4447055,0.65858793,-0.41765714
B_RL_test_00092,baseline,MyopicEconomic,17,7,late,0.08960262868948717,0.1692689454392299,2056.6176870866434,12150.0,2114.236479504682,0.4353373723168985,0,580.4005404605385,1,0.0,0,0,low,-0.5862659646754461,1.1181404121059324,0.6389081097596125,0.889545304488342,92,22,Imitation_64x64,303,2,3,0.46003556,22.070955021289222,22.070955021289222,False,0.0,False,0.00600807,-5.1146517,0.013584793,-4.2988043,0.8802019,-0.12760401,0.00807006,-4.8195944,0.09213526,-2.3844976
B_RL_test_00093,baseline,PPO,5,19,early,0.01220936956066418,1.0,4915.200000000001,4915.200000000001,8492.213570262602,0.4346923481340863,0,876.6096227204597,1,0.0,0,1,high,3.0629373987984785,0.9114223715622548,0.4060270931795948,0.7879782542358003,93,24,Imitation_64x64,303,0,0,0.6816295,0.0,0.0,True,-0.2,True,0.76970285,-0.26175094,0.17945915,-1.7178078,0.044911627,-3.1030588,0.0006872924,-7.2827506,0.00523916,-5.2515945
B_RL_test_00094,baseline,ObservationPlanner,5,19,early,0.9887958087926114,1.0,500.0,500.0,1405.898611797393,0.02,3,392.42144428152614,1,0.0,2,1,low,-1.3976582755334301,0.7487520285556225,0.4855545079422672,0.6876819511748817,94,8,Imitation_64x64,303,0,2,0.578078,-87.30987679035434,0.0,False,0.0,True,0.8451791,-0.16820681,0.101589054,-2.2868195,0.03378286,-3.3878016,0.0066919765,-5.006846,0.012757022,-4.3616734
B_RL_test_00095,baseline,MyopicEconomic,14,10,middle,0.23804962142462843,0.1728121909906215,2042.0964107147854,11816.853886341905,2929.6763194070577,0.4715160381848498,0,599.3617573811041,1,0.0,1,0,low,-0.2563260662755433,0.9887072235021326,0.5326297737522329,0.6408928626998098,95,24,Imitation_64x64,303,0,0,1.5016245,0.0,0.0,True,-0.2,True,0.26420033,-1.3310478,0.21020117,-1.5596904,0.22005898,-1.5138599,0.044432413,-3.1137862,0.2611072,-1.3428243
B_RL_test_00096,baseline,PPO,23,1,late,0.057706257325393535,1.0,500.0,500.0,4245.599445238874,0.3531450452789717,0,734.2826019711963,1,0.0,0,1,high,0.63121929203782,0.9721972196766725,0.445765228928636,0.7938713156995721,96,24,Imitation_64x64,303,2,2,0.5284517,0.0,0.0,True,0.0,True,0.0026265848,-5.942071,0.0068147397,-4.9886675,0.8477778,-0.16513681,0.021752575,-3.8280232,0.12102826,-2.1117313
B_RL_test_00097,baseline,ObservationPlanner,0,24,early,0.5202720984178253,0.18164222778984737,336.65413188935815,1853.3913395890145,1585.6471968155172,0.4,0,570.907195146081,1,0.0,1,0,low,-0.6422699443344645,0.5751794844401634,0.5138524784076035,0.5242284254912288,97,24,Imitation_64x64,303,0,0,0.20084372,0.0,0.0,True,-0.2,True,0.9526026,-0.04855728,0.0018201522,-6.308835,1.013458e-06,-13.802142,0.045167353,-3.0973806,0.00040892384,-7.8019814
B_RL_test_00098,baseline,MyopicEconomic,8,16,middle,0.36105580188544195,0.5128494073419781,7692.741110129673,15000.0,2999.8299614530706,0.1765400580706997,0,745.413405021207,1,0.0,1,1,low,0.9088657953933286,1.3248086092922042,0.36488819247598553,0.5828741555508058,98,22,Imitation_64x64,303,0,0,0.7496771,0.0,0.0,True,-0.2,True,0.74392277,-0.2958181,0.08646258,-2.4480436,0.16635953,-1.793604,0.00026584754,-8.232588,0.0029891855,-5.8127546
B_RL_test_00099,baseline,PPO,1,23,early,0.6935374321243797,0.8015197217681155,3446.4035370911242,4299.836227970183,2308.449944443907,0.3122362038919836,0,638.8794272401572,1,0.0,2,1,low,-0.26689171429934844,0.6907053720958345,0.34363800188548893,0.47058435393170817,99,6,Imitation_64x64,303,0,0,0.018424192,0.0,0.0,True,-0.2,True,0.9975116,-0.0024914742,0.0021941622,-6.121955,2.1506667e-06,-13.049732,0.00025986639,-8.2553425,3.2193602e-05,-10.343742
B_RL_test_00000,severe_stress,PPO,2,22,early,0.4166718720179237,0.5570515438200542,5194.628365429958,9325.220301531006,5113.817957246661,0.2675494669086287,0,735.6133585549072,1,0.0,1,1,high,0.7766626320299265,1.1540687281369808,0.34471001732411144,0.8095158963876717,100,9,Imitation_64x64,303,0,0,0.029803809,0.0,0.0,True,-0.2,True,0.99553466,-0.0044751167,0.004213663,-5.469423,0.00016919922,-8.684434,3.8573042e-05,-10.162956,4.3953263e-05,-10.032383
B_RL_test_00001,severe_stress,ObservationPlanner,5,19,early,0.3882490109490616,1.0006186687674683,1876.0181886488513,1874.8582723922927,1967.1722695860833,0.19101578376353281,0,827.2144458947637,2,1.6,1,2,low,1.6613225481260747,0.841180276874062,0.2960832412250551,0.6198577850919593,101,14,Imitation_64x64,303,0,1,0.7242683,18.710098816591994,18.710098816591994,False,-0.2,False,0.7850349,-0.24202704,0.113507956,-2.1758823,0.01424962,-4.251025,0.0032787723,-5.7202864,0.083928846,-2.4777858
B_RL_test_00002,severe_stress,MyopicEconomic,1,23,early,0.4350840664284275,0.24334980512276738,1594.1887694297345,6551.017242958067,2311.7540353432664,0.35961980914440683,0,678.8660937176784,1,0.0,1,0,low,0.4546918678629157,0.8585965558808485,0.47150063272009635,0.832595564470931,102,8,Imitation_64x64,303,0,0,0.036213327,0.0,0.0,True,-0.2,True,0.99492884,-0.005084038,0.002501061,-5.99104,4.3637183e-06,-12.342186,0.0023198214,-6.066265,0.00024604087,-8.310013
B_RL_test_00003,severe_stress,PPO,4,20,early,0.17384169938551708,0.9999999999999998,4497.415959676926,4497.415959676927,7800.775326931617,0.4070511995665708,0,757.5840193125299,2,1.6,0,1,high,1.033632078382112,1.2276235612338229,0.47864155202413344,0.8531424835747992,103,8,Imitation_64x64,303,0,0,0.17213903,0.0,0.0,True,-0.2,True,0.9614509,-0.039311886,0.03676472,-3.3032167,0.00071016024,-7.25002,0.00013583453,-8.904074,0.00093851535,-6.9712114
B_RL_test_00004,severe_stress,ObservationPlanner,6,18,early,0.776933689900663,1.008353470396052,2121.113929313534,2103.542053046559,2725.081576561847,0.140064894447816,0,641.2934889559235,2,1.6,2,2,low,0.4602511534154351,1.0830413162393473,0.45980112852588634,0.7412130218716163,104,11,Imitation_64x64,303,0,0,0.33791488,0.0,0.0,True,-0.2,True,0.9124104,-0.09166551,0.07658495,-2.5693548,0.0015862271,-6.446397,0.0010735007,-6.83683,0.008344927,-4.7861013
B_RL_test_00005,severe_stress,MyopicEconomic,7,17,early,0.8025142906744749,0.1102030000105691,1470.0200355926197,13339.201613854762,1638.3929991407078,0.3418930605080054,0,636.3318377891824,2,1.6,2,0,low,-0.04444196082094837,1.1818582927166443,0.48676356778721747,0.6668066982541053,105,12,Imitation_64x64,303,0,0,0.19916442,0.0,0.0,True,-0.2,True,0.95355624,-0.047556877,0.043848358,-3.127018,2.890632e-05,-10.45145,0.0003876437,-7.855424,0.0021789211,-6.1289253
B_RL_test_00006,severe_stress,PPO,5,19,early,0.8721603821264096,1.0998398072478652,3950.3923799281415,3591.7888713386624,5815.632777110655,0.02,1,684.1993287360234,2,1.6,2,2,high,0.9316380738118776,0.6386269675984682,0.5197144407917117,0.5755142980102315,106,7,Imitation_64x64,303,0,0,1.0708394,0.0,0.0,True,-0.2,True,0.5573051,-0.5846424,0.2676078,-1.3182328,0.14570266,-1.9261873,0.002251877,-6.095991,0.027132602,-3.6070192
B_RL_test_00007,severe_stress,ObservationPlanner,2,22,early,0.941153837414281,1.0,9600.0,9600.0,6575.139522683609,0.02,1,540.727184687694,1,0.0,2,1,high,-1.7014713346367327,1.0009109290001965,0.4410433472212441,0.6888284147284123,107,5,Imitation_64x64,303,0,0,0.13296477,0.0,0.0,True,-0.2,True,0.9746094,-0.02571845,0.02020068,-3.902039,0.0047575594,-5.34802,0.0001555103,-8.768799,0.00027690205,-8.191847
B_RL_test_00008,severe_stress,MyopicEconomic,3,21,early,0.46800086187321227,0.3932877923561791,4242.888278486691,10788.253184945392,4666.187714582823,0.3364305752596788,0,619.1106237784993,1,0.0,1,0,high,-0.39024726220835865,0.9356708536559166,0.4388010593340236,0.8167731441495508,108,6,Imitation_64x64,303,0,0,0.018496333,0.0,0.0,True,-0.2,True,0.9974688,-0.0025343895,0.0023358853,-6.0593643,0.00014405994,-8.845281,2.9114772e-05,-10.444265,2.2010961e-05,-10.72397
B_RL_test_00009,severe_stress,PPO,2,22,early,0.6161913093291045,0.5250073090912045,3060.6138934986757,5829.659588542955,3652.883738387161,0.3644789563273006,0,573.8508323546777,1,0.0,2,1,high,-0.11325674064309288,0.5753649050646394,0.44374303847723623,0.8737371263430239,109,5,Imitation_64x64,303,0,0,0.025717687,0.0,0.0,True,-0.2,True,0.9962902,-0.0037164688,0.0034104101,-5.6809225,1.6256188e-05,-11.027037,0.00022214925,-8.412161,6.1084465e-05,-9.703253
B_RL_test_00010,severe_stress,ObservationPlanner,1,23,early,0.9138404870515462,0.8336148063277276,1604.158451919865,1924.340162558492,1727.6845770750347,0.02,1,575.1760875918158,1,0.0,2,1,low,-0.4838409806239353,0.8413063321790891,0.4391246703190555,0.6872603844075084,110,4,Imitation_64x64,303,0,0,0.18574248,0.0,0.0,True,-0.2,True,0.96096504,-0.039817333,0.033884086,-3.38481,0.0018164954,-6.3108463,0.0017481265,-6.3492107,0.0015862146,-6.446405
B_RL_test_00011,severe_stress,MyopicEconomic,4,20,early,0.6259546933303869,0.44865801078481937,5072.576936786621,11306.110255143705,2986.8511662016085,0.2571121325345216,0,667.5995820019157,2,1.6,2,0,low,0.6701751736113165,1.1556843223065958,0.3527015341276848,0.6125902414428819,111,6,Imitation_64x64,303,0,0,0.03519188,0.0,0.0,True,-0.2,True,0.9944528,-0.0055627823,0.0053957044,-5.222152,3.7186073e-05,-10.199576,2.9670346e-05,-10.425363,8.469708e-05,-9.37643
B_RL_test_00012,severe_stress,PPO,7,17,early,0.5738788763763731,1.0160239515840837,1150.4354262240656,1132.2916398087082,1935.3231653427192,0.18718083873273306,0,719.5123947019736,2,1.6,1,2,low,0.9772288051966393,0.9509734753112715,0.46436674060322847,0.7302773060708184,112,9,Imitation_64x64,303,0,1,0.5969099,19.62120421677446,19.62120421677446,False,-0.2,False,0.8296858,-0.18670821,0.1065953,-2.238716,0.004184418,-5.476388,0.003207934,-5.7421284,0.05632654,-2.8765895
B_RL_test_00013,severe_stress,ObservationPlanner,2,22,early,0.9314582456168501,0.6919830412331085,2007.0177052663607,2900.385682414804,2408.1872813445257,0.2947446355756634,0,496.3313094061973,1,0.0,2,1,low,-1.736257804977541,1.0740468656905695,0.3667052714676963,0.6175553539035563,113,3,Imitation_64x64,303,0,0,0.023898358,0.0,0.0,True,-0.2,True,0.9967264,-0.0032787323,0.002549419,-5.9718895,1.8298452e-06,-13.211279,0.0006817627,-7.2908287,4.0620147e-05,-10.111246
B_RL_test_00014,severe_stress,MyopicEconomic,1,23,early,0.5271408732435738,0.7017806288528439,6543.9437847632835,9324.771183069348,3885.4089210235634,0.42337198126547393,0,675.8104456583286,1,0.0,1,1,high,-0.6684220948261075,1.1138218846795502,0.3991183392656671,0.6578988792549979,114,2,Imitation_64x64,303,0,0,0.0040410957,0.0,0.0,True,-0.2,True,0.99954337,-0.00045681,0.00044289793,-7.7221713,1.880293e-06,-13.184083,9.317145e-06,-11.583654,2.4492676e-06,-12.919722
B_RL_test_00015,severe_stress,PPO,0,24,early,0.8827892318835304,0.7750439435362315,7010.115307667944,9044.797222314191,5056.69050475539,0.4,0,530.7452935881225,1,0.0,2,1,high,-1.857567923464245,1.5996820862393486,0.20504247408141998,0.6309168474085493,115,1,Imitation_64x64,303,0,0,0.0030413494,0.0,0.0,True,-0.2,True,0.99966764,-0.0003323555,0.0003233676,-8.03672,8.3909606e-07,-13.99094,6.629221e-06,-11.924023,1.4507133e-06,-13.443455
B_RL_test_00016,severe_stress,ObservationPlanner,2,22,early,0.9303009848476829,1.0,9600.0,9600.0,6088.8328922062965,0.02,1,576.6080377234201,1,0.0,2,1,high,-0.4401584506355456,1.0497642801219806,0.40754786971653073,0.5611451094235479,116,3,Imitation_64x64,303,0,0,0.20900084,0.0,0.0,True,-0.2,True,0.95483834,-0.04621315,0.036633186,-3.3068006,0.0077392072,-4.861456,0.00022719716,-8.389692,0.0005620278,-7.483959
B_RL_test_00017,severe_stress,MyopicEconomic,6,18,early,0.7768153545458911,0.40930999507012233,6139.649926051834,14999.999999999998,5866.334776902437,0.1954478274580968,0,694.7630917863607,2,1.6,2,0,high,1.1733858159969814,0.7571982460402745,0.28812725488404634,0.8037034744292322,117,9,Imitation_64x64,303,0,0,0.05833111,0.0,0.0,True,-0.2,True,0.9898198,-0.010232449,0.009906773,-4.614537,0.00015721326,-8.757907,2.3220868e-05,-10.67046,9.296509e-05,-9.283287
B_RL_test_00018,severe_stress,PPO,6,18,early,0.9037274035148669,1.3043053922444858,2625.6889312815624,2013.0936718456728,3661.6467780397475,0.02,1,661.2703781829231,2,1.6,2,2,high,0.783350719956263,0.519994892666678,0.3439098168059432,0.6750775086741557,118,10,Imitation_64x64,303,0,2,1.2478405,44.98419754496899,44.98419754496899,False,-0.2,False,0.40933177,-0.89322925,0.25211874,-1.3778552,0.28073278,-1.270352,0.0035687776,-5.635532,0.05424799,-2.9141893
B_RL_test_00019,severe_stress,ObservationPlanner,1,23,early,0.5225384016325821,0.8831844316605247,4188.129520917361,4742.078065215692,2842.7474317976203,0.33006626442034487,0,657.7004203308887,1,0.0,1,1,low,0.008801761928701954,1.281540519190883,0.5907284257417467,0.640373467956049,119,7,Imitation_64x64,303,0,0,0.03407304,0.0,0.0,True,-0.2,True,0.9947707,-0.0052428246,0.004928501,-5.3127203,1.9569074e-05,-10.84156,0.00020622644,-8.486535,7.490869e-05,-9.49924
B_RL_test_00020,severe_stress,MyopicEconomic,5,19,early,0.9903273726904043,0.7235343520892216,9364.720559533289,12943.021340303261,5857.857629745934,0.02,1,514.2749941083653,2,1.6,2,1,high,-1.4821096191035665,1.036690732347569,0.2978889158652708,0.5594487500561349,120,7,Imitation_64x64,303,0,0,0.07746168,0.0,0.0,True,-0.2,True,0.98688436,-0.01320219,0.010173621,-4.587957,0.0028113152,-5.8741026,3.2366203e-05,-10.338396,9.8407974e-05,-9.226389
B_RL_test_00021,severe_stress,PPO,0,24,early,0.952856086691239,0.6390721954551879,1575.6809170081594,2465.5757647003547,2983.166026826811,0.4,1,437.37277351007333,1,0.0,2,1,low,-2.4253689918491133,0.8437459054517884,0.339367546935539,0.6145889537406355,121,3,Imitation_64x64,303,0,0,0.03661626,0.0,0.0,True,-0.2,True,0.9942749,-0.005741596,0.00543372,-5.2151313,2.223564e-05,-10.713814,0.00022499087,-8.399451,4.4062144e-05,-10.02991
B_RL_test_00022,severe_stress,ObservationPlanner,6,18,early,0.8420111540845878,1.2249999999999999,1778.1684954270095,1451.5661187159262,3270.993987484063,0.02,1,656.6347725637011,2,1.6,2,2,high,0.5250911873728785,1.0225740464416466,0.5763159361893628,0.6742307684177278,122,9,Imitation_64x64,303,2,2,1.2643216,0.0,0.0,True,0.0,True,0.29757407,-1.2120923,0.20918672,-1.5645282,0.41696656,-0.8747494,0.0038783653,-5.5523415,0.07239433,-2.6256275
B_RL_test_00023,severe_stress,MyopicEconomic,2,22,early,0.8311454201682336,0.5229275424069387,7843.913136104081,15000.0,6830.231827298405,0.20253138521525418,0,597.884195380762,1,0.0,2,1,high,0.24134772804040389,1.3810949496954836,0.24254573603279125,0.7506369767835125,123,5,Imitation_64x64,303,0,0,0.0053628003,0.0,0.0,True,-0.2,True,0.99937314,-0.00062704086,0.00060469314,-7.4107895,1.5929618e-05,-11.04733,4.334389e-06,-12.34893,1.929911e-06,-13.158036
B_RL_test_00024,severe_stress,PPO,2,22,early,0.8642852064172054,0.6675057313785617,2305.939145833296,3454.5608186329287,2026.5878802852524,0.06325948422561593,0,590.1525426782189,1,0.0,2,1,low,-2.0101277777033815,1.478343626097419,0.4308653496981941,0.530824615742716,124,3,Imitation_64x64,303,0,0,0.05719134,0.0,0.0,True,-0.2,True,0.99076045,-0.009282589,0.007889394,-4.842236,5.436016e-05,-9.819879,0.001040847,-6.8677206,0.00025503003,-8.27413
B_RL_test_00025,severe_stress,ObservationPlanner,1,23,early,0.9230822556998987,0.7019633566330249,2407.255806884243,3429.3183314164326,2132.473316032242,0.02,1,572.8295723806025,1,0.0,2,1,low,-1.0508383580584602,0.7887385917443512,0.307348428917548,0.5336745085892886,125,4,Imitation_64x64,303,0,0,0.106119655,0.0,0.0,True,-0.2,True,0.9800382,-0.020163774,0.018095955,-4.012067,0.0006046082,-7.4109297,0.0007366883,-7.2133455,0.00052448834,-7.553087
B_RL_test_00026,severe_stress,MyopicEconomic,3,21,early,0.6771584225464135,0.4334220552491781,6501.330828737671,15000.0,6516.058797860334,0.21084889268126272,0,618.5060310757419,1,0.0,2,0,high,-0.8487921202430904,0.9644137800497737,0.41649155616272776,0.8018488833642444,126,6,Imitation_64x64,303,0,0,0.0362651,0.0,0.0,True,-0.2,True,0.9946709,-0.005343437,0.00415507,-5.483426,0.0011227418,-6.7919817,2.0995829e-05,-10.771187,3.0201489e-05,-10.407619
B_RL_test_00027,severe_stress,PPO,7,17,early,0.9794303532191574,1.5006249999999994,2233.663407376808,1488.4887346117844,3613.5546788692905,0.02,2,531.7483152393892,2,1.6,2,2,high,-0.4425082286603216,0.8392601629979316,0.5331463867747503,0.7045610005896411,127,8,Imitation_64x64,303,2,0,1.218651,4.361273791280155,4.361273791280155,False,0.0,False,0.31779912,-1.1463357,0.19935966,-1.6126447,0.42950386,-0.8451245,0.0037334736,-5.590416,0.04960387,-3.0036864
B_RL_test_00028,severe_stress,ObservationPlanner,0,24,early,0.7918132670670824,0.315123682209895,1480.0754024988344,4696.8079076741615,2278.444071317703,0.4,0,476.49642618302425,1,0.0,2,0,low,-2.0485506467438626,0.6815482883078391,0.3819575070249458,0.8591634595862108,128,4,Imitation_64x64,303,0,0,0.01664092,0.0,0.0,True,-0.2,True,0.99789846,-0.0021038055,0.0009980387,-6.9097185,6.6329784e-07,-14.226042,0.0010759644,-6.834538,2.6809139e-05,-10.526768
B_RL_test_00029,severe_stress,MyopicEconomic,4,20,early,0.8033574653262319,0.2934697064267671,2863.7622568244174,9758.289166173427,2106.395876993439,0.1911581694323644,0,707.929516947412,2,1.6,2,0,low,1.4081782222310821,1.1454430642322595,0.1524521085135705,0.686066795455444,129,11,Imitation_64x64,303,0,0,0.027472157,0.0,0.0,True,-0.2,True,0.99592775,-0.0040807724,0.0038602739,-5.5570173,8.063303e-06,-11.728188,6.7237044e-05,-9.607286,0.00013664183,-8.898148
B_RL_test_00030,severe_stress,PPO,2,22,early,0.3930271272446514,0.7230964992230754,2537.3396605380967,3508.9917642587384,3972.151885512717,0.38976284638487163,0,683.7439944050008,1,0.0,1,1,high,0.36049063728598935,0.6978249320066493,0.4584913795995479,0.7048195239783651,130,7,Imitation_64x64,303,0,0,0.062349726,0.0,0.0,True,-0.2,True,0.9894895,-0.010566235,0.009531885,-4.653113,4.6983463e-05,-9.965715,0.00064861856,-7.340666,0.00028299494,-8.170082
B_RL_test_00031,severe_stress,ObservationPlanner,5,19,early,0.9546987231828551,1.225,1090.0667715457148,889.8504257516039,1181.8525818604196,0.02,1,601.2917641619872,2,1.6,2,2,low,-0.4494291645959675,1.2133114246152,0.5382540007993669,0.5509989301790695,131,6,Imitation_64x64,303,0,0,1.1586462,0.0,0.0,True,-0.2,True,0.53957343,-0.6169764,0.18975201,-1.6620373,0.21322612,-1.545402,0.0048906086,-5.3204384,0.05255782,-2.9458413
B_RL_test_00032,severe_stress,MyopicEconomic,0,24,early,0.6821034197939189,0.6964197399644306,8738.828413024821,12548.220435955986,6254.032431135801,0.4,0,655.121411864739,1,0.0,2,1,high,0.07233569176205216,1.0330987645795806,0.5532516681278125,0.8240805632894571,132,9,Imitation_64x64,303,0,0,0.0020881435,0.0,0.0,True,-0.2,True,0.99978155,-0.00021839142,0.0002134444,-8.452134,8.460801e-07,-13.982652,3.3047943e-06,-12.620136,8.7471597e-07,-13.949367
B_RL_test_00033,severe_stress,PPO,3,21,early,0.8656298298742936,1.2249999999999999,3366.5276172647314,2748.1858100120257,1736.8128697309855,0.02,1,642.2010355136549,1,0.0,2,2,low,-0.569740014719955,0.9772691096688223,0.5020581483713409,0.5604406923181983,133,5,Imitation_64x64,303,0,0,0.58692026,0.0,0.0,True,-0.2,True,0.8161704,-0.20313215,0.15445639,-1.8678435,0.013634114,-4.2951803,0.0038230123,-5.5667167,0.011916157,-4.42986
B_RL_test_00034,severe_stress,ObservationPlanner,6,18,early,0.9599025264082925,1.2469872232469077,819.9497895790572,657.5446598755602,2245.722265453572,0.07882788984505502,0,552.4497873515605,2,1.6,2,2,low,-0.5568992969228953,1.1557145411930765,0.33555444694239067,0.7880201275407003,134,8,Imitation_64x64,303,0,2,0.44710836,22.245915802534,22.245915802534,False,-0.2,False,0.8740346,-0.13463545,0.107603244,-2.2293046,0.0050092596,-5.2964673,0.0018595131,-6.287441,0.011493302,-4.465991
B_RL_test_00035,severe_stress,MyopicEconomic,1,23,early,0.7399868189734163,0.3399015402607635,1845.2331416834586,5428.728390780001,2727.8239958769,0.28400901187449423,0,533.8944637613272,1,0.0,2,0,low,-1.6769227877276522,1.0197454526672802,0.36430119712109293,0.39029351173850463,135,4,Imitation_64x64,303,0,0,0.018047081,0.0,0.0,True,-0.2,True,0.9976538,-0.0023488998,0.0017671948,-6.3383617,4.624512e-06,-12.28414,0.000528877,-7.5447545,4.5568664e-05,-9.99629
B_RL_test_00036,severe_stress,PPO,16,8,late,0.3118847260717725,1.0,500.0,500.0,2454.9755549353904,0.1270905630381849,0,761.0107431952268,2,1.6,1,1,low,0.7987720270045131,0.8271682697862274,0.4029096007715378,0.7093812837974224,136,24,Imitation_64x64,303,4,2,0.97294056,51.953122851331074,51.953122851331074,False,0.2,False,0.116716795,-2.148005,0.07112365,-2.6433353,0.11440827,-2.167982,0.006119731,-5.096237,0.69163156,-0.36870205
B_RL_test_00037,severe_stress,ObservationPlanner,4,20,early,0.9438664663311256,1.1266676831828484,2337.657878664597,2074.842399012181,2671.2774125862343,0.09866585345372143,0,646.0207764191298,2,1.6,2,2,low,-1.2539493473761563,1.107970464256297,0.20714979550495394,0.5822403131144498,137,5,Imitation_64x64,303,0,0,0.21563467,0.0,0.0,True,-0.2,True,0.94934416,-0.051983833,0.047314502,-3.0509384,0.0005346851,-7.5338326,0.00056613336,-7.4766808,0.002240511,-6.1010513
B_RL_test_00038,severe_stress,MyopicEconomic,4,20,early,0.9109789387204008,0.798495095201021,8951.99355393873,11211.081455278152,4927.59608061142,0.19084067555623632,0,652.9248733731681,2,1.6,2,1,high,0.4441157710907515,0.9390821754564493,0.4005351522638762,0.7348842428889295,138,9,Imitation_64x64,303,0,0,0.019503536,0.0,0.0,True,-0.2,True,0.99723476,-0.0027689934,0.0026813983,-5.9214168,4.9931565e-05,-9.904857,1.1592636e-05,-11.365141,2.2233155e-05,-10.713926
B_RL_test_00039,severe_stress,PPO,4,20,early,0.9784827512079856,1.069466509324007,2537.483680772115,2372.663060179433,2137.0096661463617,0.02,1,566.7124163652842,2,1.6,2,2,low,-0.9910608771563214,1.0687565486503725,0.32931114337766065,0.480487284890949,139,6,Imitation_64x64,303,0,1,0.9122933,5.246628571728934,5.246628571728934,False,-0.2,False,0.6914647,-0.3689432,0.15724522,-1.8499489,0.124521784,-2.0832746,0.0032808487,-5.719653,0.02348741,-3.7512908
B_RL_test_00040,severe_stress,ObservationPlanner,4,20,early,0.28512415317950746,0.7535326114404304,1839.2176910013982,2440.7937534191183,2159.6985599955833,0.5363117668805257,0,714.8132690760597,2,1.6,1,1,low,0.3911514500331968,1.2544957364432432,0.6953851683896436,0.6634477604756893,140,10,Imitation_64x64,303,0,0,0.36049652,0.0,0.0,True,-0.2,True,0.90007585,-0.105276346,0.09015494,-2.4062257,3.4845332e-05,-10.264591,0.0010638462,-6.8458643,0.008670502,-4.7478285
B_RL_test_00041,severe_stress,MyopicEconomic,6,18,early,0.20086797113615712,0.12716522241927988,1907.478336289198,15000.0,3748.9872853351985,0.3683525844882146,0,758.9756291691266,2,1.6,1,0,high,1.3455774008055212,0.8534561755749168,0.47756049876243367,0.5444764634918892,141,24,Imitation_64x64,303,1,1,0.74982786,0.0,0.0,True,-0.1,True,0.15494172,-1.8647063,0.75633705,-0.27926826,0.010192638,-4.5860896,0.0005229614,-7.556003,0.07800559,-2.5509748
B_RL_test_00042,severe_stress,PPO,6,18,early,0.9623827095974269,1.6679803131757132,4171.528143637945,2500.9456710527106,3773.2694503359917,0.019724329481097452,2,669.1783429313944,2,1.6,2,2,high,0.22909678781778126,0.879346771579291,0.2553585836990128,0.47150706749456744,142,7,Imitation_64x64,303,0,0,1.0945097,0.0,0.0,True,-0.2,True,0.55279195,-0.59277356,0.25902197,-1.3508425,0.1522803,-1.8820324,0.0032396363,-5.732294,0.032666117,-3.4214168
B_RL_test_00043,severe_stress,ObservationPlanner,3,21,early,0.8794035173799283,1.295281415043853,4009.8569232642403,3095.741880252704,4615.157409787453,0.04164321112005153,2,557.8206986773903,1,0.0,2,2,high,-0.4983394640877816,1.1813366229036073,0.33760433114928884,0.7006270214394502,143,5,Imitation_64x64,303,0,0,0.61400735,0.0,0.0,True,-0.2,True,0.8210868,-0.19712639,0.12510486,-2.078603,0.041741535,-3.1762586,0.00254892,-5.9720855,0.009517914,-4.6545796
B_RL_test_00044,severe_stress,MyopicEconomic,1,23,early,0.3804055255840845,0.4356105149118464,1917.2409136349572,4401.273265919546,1396.0437312022414,0.27772017904346236,0,763.689211874541,1,0.0,1,0,low,0.09031488076551453,1.5566656761988789,0.21693195513352462,0.675601763777255,144,6,Imitation_64x64,303,0,0,0.04709225,0.0,0.0,True,-0.2,True,0.99309194,-0.006931782,0.0032416524,-5.731672,5.0109506e-06,-12.203884,0.0033662347,-5.69396,0.00029527926,-8.127588
B_RL_test_00045,severe_stress,PPO,1,23,early,0.5252960888755148,0.678798280687371,2547.8616237063934,3753.4886227560182,3463.9678318351735,0.3321768339442812,0,589.1816032979989,1,0.0,1,1,high,-0.7434848889073253,0.7769566157120102,0.4900627923832935,0.6806089276604373,145,5,Imitation_64x64,303,0,0,0.041526552,0.0,0.0,True,-0.2,True,0.99361426,-0.006406307,0.0056754956,-5.1715975,0.00011524279,-9.06847,0.00043615495,-7.737513,0.00015890149,-8.747226
B_RL_test_00046,severe_stress,ObservationPlanner,3,21,early,0.30996818945811205,0.6254466564642434,4524.096955008408,7233.3857863816875,5497.876932608729,0.3959841218584353,0,678.2001978321048,1,0.0,1,1,high,0.04468770119945725,1.1100338854838319,0.466752765563234,0.8465379303694447,146,10,Imitation_64x64,303,0,0,0.02796973,0.0,0.0,True,-0.2,True,0.9958599,-0.0041484833,0.003906747,-5.54505,0.00013916337,-8.879862,5.095783e-05,-9.884512,4.3390537e-05,-10.045269
B_RL_test_00047,severe_stress,MyopicEconomic,8,16,middle,0.9967577336578811,1.0,13500.0,13500.0,5426.792941577646,0.013091152856206597,5,584.0432940268033,2,1.6,2,1,high,0.6794578365423228,1.2605601452914865,0.39418557739057486,0.663345949117258,147,9,Imitation_64x64,303,0,1,0.7304773,72.45552604368004,72.45552604368004,False,-0.2,False,0.7534957,-0.28303194,0.08201252,-2.5008833,0.16167277,-1.8221809,0.00030274803,-8.10261,0.0025163249,-5.984956
B_RL_test_00048,severe_stress,PPO,3,21,early,0.22787425817632054,1.0,3496.625410377927,3496.625410377927,4282.18936652522,0.2394748583802661,0,739.214628121166,1,0.0,1,1,high,0.8746453651728925,1.2289568893253286,0.34581064897313346,0.5645890100507188,148,9,Imitation_64x64,303,0,0,1.0572066,0.0,0.0,True,-0.2,True,0.5875374,-0.5318153,0.25514734,-1.365914,0.114939354,-2.1633506,0.0041689505,-5.480091,0.03820692,-3.2647386
B_RL_test_00049,severe_stress,ObservationPlanner,1,23,early,0.6731811649547996,0.9726606164077489,3588.890871328263,3689.7668218364097,1771.293887873303,0.2761134340909944,0,669.7600350697134,1,0.0,2,1,low,0.2671931472578545,0.946027321721571,0.49805137706200514,0.8348476688154185,149,6,Imitation_64x64,303,0,0,0.02848766,0.0,0.0,True,-0.2,True,0.9958664,-0.0041422844,0.0036602751,-5.610217,4.1176972e-06,-12.400217,0.00040889296,-7.8020573,6.0346727e-05,-9.7154045
B_RL_test_00050,severe_stress,MyopicEconomic,2,22,early,0.5673679412873048,0.35772344139632345,3206.7755748600625,8964.398761073253,2779.934063955163,0.26209743594497137,0,655.6670458752743,1,0.0,1,0,low,-0.44078875144303553,0.8380510296018817,0.3871942516794568,0.6034522769722803,150,11,Imitation_64x64,303,0,0,0.018682126,0.0,0.0,True,-0.2,True,0.997451,-0.0025520325,0.0023342348,-6.060071,1.7077331e-05,-10.977758,0.00014050465,-8.87027,5.7017456e-05,-9.772153
B_RL_test_00051,severe_stress,PPO,3,21,early,0.9551168147487235,1.5006249999999999,5941.556651718679,3959.3880228029516,2763.0243702744724,0.02,3,599.6707598627692,1,0.0,2,2,low,-1.1207786885627906,1.002766217469849,0.3503577515463789,0.617426829756258,151,4,Imitation_64x64,303,0,0,0.30875644,0.0,0.0,True,-0.2,True,0.92736363,-0.07540941,0.057983793,-2.8475916,0.01016359,-4.5889435,0.0014207801,-6.556549,0.0030682296,-5.7866545
B_RL_test_00052,severe_stress,ObservationPlanner,7,17,early,0.8423116195140266,1.0028847891375086,525.1376631518262,523.627109354655,1764.5634784849206,0.17445580730668783,0,621.9663069438811,2,1.6,2,2,low,-0.23877457474671135,0.7227125995562862,0.4726893086707423,0.6581244204937098,152,12,Imitation_64x64,303,0,0,0.34858343,0.0,0.0,True,-0.04512201,True,0.91375697,-0.09019065,0.06834512,-2.683185,0.0011900141,-6.7337904,0.0021474045,-6.1434956,0.014560438,-4.2294474
B_RL_test_00053,severe_stress,MyopicEconomic,10,14,middle,0.9750360126947729,0.21997445309370525,3299.6167964055785,14999.999999999998,1790.0019683562887,0.09487484313454006,0,548.0169029670456,2,1.6,2,0,low,-0.3870103738071509,1.0471457565478777,0.4977787279614221,0.8372278510245246,153,13,Imitation_64x64,303,0,0,0.11604385,0.0,0.0,True,-0.2,True,0.9787492,-0.021479845,0.017316403,-4.0561013,0.0025745213,-5.9620914,0.00014358526,-8.848581,0.0012162292,-6.712
B_RL_test_00054,severe_stress,PPO,4,20,early,0.9526443675344505,1.2245366026332696,5415.3743154517815,4422.386643083143,4963.6253396735765,0.13322072171365323,0,603.5576050324527,2,1.6,2,2,high,-1.255506772438249,0.9360305659296442,0.363464744617099,0.5373903131399516,154,5,Imitation_64x64,303,0,1,0.17775056,50.931026764490525,50.931026764490525,False,-0.2,False,0.95961666,-0.04122138,0.038714875,-3.2515314,0.0006891524,-7.2800484,0.00021020927,-8.467407,0.000769028,-7.1703835
B_RL_test_00055,severe_stress,ObservationPlanner,4,20,early,0.9926894715730625,1.4555291881444832,7864.4011408301085,5403.1215621692145,4714.023653189749,0.017926995087853816,3,612.5651531578951,2,1.6,2,2,high,-0.5512478562946606,1.0949289310713148,0.2282812754865429,0.5039575619771754,155,5,Imitation_64x64,303,0,0,0.5945799,0.0,0.0,True,-0.2,True,0.821821,-0.19623256,0.13071959,-2.0347006,0.04058126,-3.2044487,0.0011145443,-6.7993093,0.0057635247,-5.156206
B_RL_test_00056,severe_stress,MyopicEconomic,1,23,early,0.5035782277571821,0.36165326586457647,2805.064307796412,7756.225568959157,2150.277309475043,0.30578845198468124,0,667.7641115927946,1,0.0,1,0,low,0.491521608931922,0.7981409760756403,0.40301955099779874,0.725467639639309,156,7,Imitation_64x64,303,0,0,0.018748675,0.0,0.0,True,-0.2,True,0.99752396,-0.0024790764,0.002010534,-6.209355,5.8428463e-06,-12.050292,0.00039419567,-7.838663,6.552911e-05,-9.633017
B_RL_test_00057,severe_stress,PPO,5,19,early,0.909841616476469,1.4153390976028188,4749.889655171302,3356.0082267325633,3261.7861913498973,0.06668605580810198,0,714.5335659902294,2,1.6,2,2,high,0.29734423011214695,1.2126248846903505,0.3002933541740706,0.833479734810448,157,6,Imitation_64x64,303,0,1,0.27974224,11.318199145885046,11.318199145885046,False,-0.2,False,0.92719656,-0.07558966,0.06884716,-2.6758664,0.0009797323,-6.9282312,0.00048791792,-7.6253633,0.0024885759,-5.9960446
B_RL_test_00058,severe_stress,ObservationPlanner,5,19,early,0.04835967530168532,0.26907861031756075,859.117241974016,3192.8113533814685,2912.9931262002365,0.540473495081097,0,797.0411241109779,2,1.6,0,0,low,2.782688012161225,0.6915874271637731,0.4819950280080346,0.698112208087694,158,24,Imitation_64x64,303,4,0,1.0432332,2.683360583021738,2.683360583021738,False,0.2,False,0.15721539,-1.8501384,0.36604527,-1.0049981,0.00045892282,-7.6866283,0.004983257,-5.3016715,0.47129712,-0.7522664
B_RL_test_00059,severe_stress,MyopicEconomic,9,15,middle,0.7111854071180429,0.14119385208636528,2117.9077812954793,15000.0,1820.7155674506828,0.2505661397389287,0,726.7811467964113,2,1.6,2,0,low,0.971453190840694,1.533171519635366,0.4781722323867211,0.6056363128937179,159,24,Imitation_64x64,303,0,0,0.46008497,0.0,0.0,True,-0.2,True,0.85322094,-0.1587367,0.13567665,-1.9974808,0.00025314477,-8.281549,0.00065063447,-7.3375626,0.0101985345,-4.585511
B_RL_test_00060,severe_stress,PPO,3,21,early,0.8255024590965289,0.8644525884552394,1439.0777459067222,1664.7272101739288,1549.1050055627006,0.2061728985927113,0,625.262744109826,1,0.0,2,1,low,0.4676162543727831,0.8860136480030804,0.311185290065238,0.9046832844889655,160,4,Imitation_64x64,303,0,0,0.08755559,0.0,0.0,True,-0.2,True,0.9851607,-0.014950275,0.010575604,-4.5492053,1.5094735e-05,-11.101164,0.0038390558,-5.5625286,0.00040947075,-7.800645
B_RL_test_00061,severe_stress,ObservationPlanner,3,21,early,0.9328907340488062,1.2249999999999999,6703.528982123979,5472.268556835902,6488.154144764619,0.02,2,559.1334385848705,1,0.0,2,2,high,-0.6019120795535214,1.250066022412253,0.32570285665920384,0.6690632347612712,161,4,Imitation_64x64,303,0,0,0.46909013,0.0,0.0,True,-0.2,True,0.87207055,-0.13688493,0.09753923,-2.3275006,0.02524401,-3.6791663,0.0011225925,-6.7921143,0.0040236064,-5.5155764
B_RL_test_00062,severe_stress,MyopicEconomic,8,16,middle,0.9487828627568947,0.2782140346366669,4173.2105195500035,15000.0,4276.697932838302,0.11480102279632093,0,619.752387353713,2,1.6,2,0,high,-0.5197297972949666,1.0463883656689934,0.3776908173523991,0.815325111799893,162,13,Imitation_64x64,303,0,0,0.06932497,0.0,0.0,True,-0.2,True,0.9875085,-0.012570381,0.012088261,-4.4155207,0.00015204414,-8.79134,4.4460005e-05,-10.020921,0.00020666685,-8.484403
B_RL_test_00063,severe_stress,PPO,1,23,early,0.791088375339115,0.2913549668642458,2032.3377743425297,6975.469806524627,3403.9167794934497,0.25531621104206104,0,570.2152423770772,1,0.0,2,0,high,-1.4160968264962555,1.271300483920626,0.2624403200649598,0.5443897374113016,163,5,Imitation_64x64,303,0,0,0.011854023,0.0,0.0,True,-0.2,True,0.9985221,-0.0014791489,0.0012408149,-6.691987,2.193764e-06,-13.029892,0.00020955614,-8.470519,2.5520862e-05,-10.5760145
B_RL_test_00064,severe_stress,ObservationPlanner,2,22,early,0.6826351159490309,0.5427171272258478,2780.316275530237,5122.95657544861,4374.566437472475,0.3872400641215184,0,558.572914503709,1,0.0,2,1,high,-0.2311648484074592,0.750470788967369,0.44116609633456183,0.7340685337223977,164,4,Imitation_64x64,303,0,0,0.019440243,0.0,0.0,True,-0.2,True,0.99731857,-0.00268507,0.0024630316,-6.0063624,7.412979e-06,-11.812278,0.00017648573,-8.642271,3.4633522e-05,-10.270689
B_RL_test_00065,severe_stress,MyopicEconomic,6,18,early,0.6599472970753796,0.22131611208056978,3319.7416812085467,15000.0,2423.8621118241194,0.25542319236921396,0,672.2526521897478,2,1.6,2,0,low,0.9543120520827897,1.2376231953811616,0.4808156757682948,0.8043152589284366,165,24,Imitation_64x64,303,0,0,0.23656186,0.0,0.0,True,-0.2,True,0.9399922,-0.061883688,0.058119893,-2.8452473,0.0002004389,-8.515001,0.00016754199,-8.694277,0.0015199014,-6.48911
B_RL_test_00066,severe_stress,PPO,1,23,early,0.5047986667626899,0.6743000935655893,1820.468055960117,2699.7891196096057,1542.9255502075714,0.3062788872447605,0,699.3341725819399,1,0.0,1,1,low,0.10872647247335987,1.0882603901869417,0.24807577802657751,0.678805264804511,166,5,Imitation_64x64,303,0,0,0.06737777,0.0,0.0,True,-0.2,True,0.9893652,-0.010691643,0.006389159,-5.0531526,6.028165e-06,-12.019068,0.0038595495,-5.5572047,0.0003801525,-7.874938
B_RL_test_00067,severe_stress,ObservationPlanner,0,24,early,0.19322683130217108,0.5790157421144024,5082.440998150891,8777.725074608934,3890.760815916193,0.4,0,851.5288424890562,1,0.0,0,1,high,1.7860277180715896,1.4976221550110438,0.3431977762345563,0.6947477889754374,167,6,Imitation_64x64,303,0,0,0.0074920426,0.0,0.0,True,-0.2,True,0.99908555,-0.0009150505,0.00088009366,-7.0354824,5.8829814e-06,-12.0434475,2.039292e-05,-10.8003235,8.088984e-06,-11.725008
B_RL_test_00068,severe_stress,MyopicEconomic,3,21,early,0.4693760380215134,0.4605324635086656,5414.273732894595,11756.551735017301,2978.2013228422875,0.2908618117124857,0,666.9668850637144,1,0.0,1,0,low,0.11732619098720778,0.9121918234253104,0.44108451528192855,0.739356466273892,168,8,Imitation_64x64,303,0,0,0.017081656,0.0,0.0,True,-0.2,True,0.99767786,-0.002325058,0.0021763672,-6.1300983,9.188777e-05,-9.294943,3.0215895e-05,-10.407143,2.366824e-05,-10.651377
B_RL_test_00069,severe_stress,PPO,1,23,early,0.960812023620709,0.6728979002668548,2168.0837102651412,3222.0099206808827,4198.773867629622,0.2488485489978257,0,483.07543703213923,1,0.0,2,1,high,-1.4919352173107752,1.3055222135338365,0.41763881714870493,0.7592059164002953,169,5,Imitation_64x64,303,0,0,0.017464738,0.0,0.0,True,-0.2,True,0.9976343,-0.0023684502,0.0021551982,-6.1398726,3.3973865e-06,-12.5925045,0.00018518136,-8.594174,2.1902075e-05,-10.7289295
B_RL_test_00070,severe_stress,ObservationPlanner,9,15,middle,0.21281686594409158,0.9943826913766872,1211.372964191225,1218.2160597688226,1427.3895968193285,0.22774283708102405,0,911.6582113977641,2,1.6,1,1,low,2.389651181165024,1.299545799569939,0.4153647449400546,0.7062253508358912,170,11,Imitation_64x64,303,4,1,1.0689666,82.72933818768631,82.72933818768631,False,0.2,False,0.39752534,-0.92249656,0.14328994,-1.9428852,0.006377359,-5.0550013,0.0062239445,-5.0793514,0.44658348,-0.80612886
B_RL_test_00071,severe_stress,MyopicEconomic,2,22,early,0.5740328841145435,0.5951739887626244,7605.021920581621,12777.812982708761,3069.135714804417,0.271378619155672,0,701.5061995753122,1,0.0,1,1,high,0.09105636204004242,1.0313146161355393,0.4853300622396656,0.5238168952882202,171,8,Imitation_64x64,303,0,0,0.0060443725,0.0,0.0,True,-0.2,True,0.99928004,-0.0007200241,0.0006993594,-7.2653456,8.850677e-06,-11.635016,8.18347e-06,-11.713394,3.584413e-06,-12.538916
B_RL_test_00072,severe_stress,PPO,2,22,early,0.948240488185595,1.2094007530851858,4591.594991371415,3796.5868465504414,1964.8516910922142,0.032479397531851285,3,655.9010008173161,1,0.0,2,2,low,0.386536536410366,0.930225005718882,0.29112376646152666,0.6081968729634402,172,3,Imitation_64x64,303,0,0,0.22794785,0.0,0.0,True,-0.2,True,0.9475743,-0.053849936,0.047278725,-3.0516949,0.002149673,-6.1424394,0.0012109047,-6.7163873,0.0017864193,-6.3275423
B_RL_test_00073,severe_stress,ObservationPlanner,0,24,early,0.3919982683599533,0.39116388027494386,3070.9806700840295,7850.879963470754,5150.7503186470285,0.4,0,693.6695826171782,1,0.0,1,0,high,0.45941812709734065,1.1789910139310849,0.28356995023331066,0.6877866114164769,173,7,Imitation_64x64,303,0,0,0.012334527,0.0,0.0,True,-0.2,True,0.9983961,-0.0016050339,0.0015205228,-6.488701,1.887966e-05,-10.877425,4.4339606e-05,-10.023632,1.99643e-05,-10.821565
B_RL_test_00074,severe_stress,MyopicEconomic,17,7,late,0.22671624846750546,0.1250352829349012,1470.5649696539601,11761.2,3054.5463995179625,0.368099186936185,0,743.4137697409599,2,1.6,1,0,high,1.5965306398868033,0.7644284406291425,0.5561785363345491,0.7034210583296641,174,24,Imitation_64x64,303,4,3,0.68407476,8.018704699779732,8.018704699779732,False,0.2,False,0.016592098,-4.098829,0.25435925,-1.3690078,0.0043085157,-5.447162,0.0015461049,-6.472017,0.723194,-0.32407784
B_RL_test_00075,severe_stress,PPO,0,24,early,0.7382116592789666,0.44562027441056534,3119.864841394645,7001.17346662779,2564.9616727005878,0.4,0,584.3411001869044,1,0.0,2,0,low,-1.9380212781880286,0.5667805381576572,0.34706457120354495,0.4642840454103798,175,4,Imitation_64x64,303,0,0,0.0080380365,0.0,0.0,True,-0.2,True,0.999052,-0.0009484291,0.00077985314,-7.156405,6.7216536e-07,-14.212761,0.00015494616,-8.772432,1.2464167e-05,-11.292652
B_RL_test_00076,severe_stress,ObservationPlanner,5,19,early,0.9861656369292241,1.1911753786479151,2914.2037272593307,2446.494260624492,1925.3084133675156,0.02,2,551.460830049257,2,1.6,2,2,low,-0.9456056299759363,0.9330307037393054,0.3516778080616225,0.7294508559928045,176,6,Imitation_64x64,303,0,2,0.95717037,3.9271038647229943,3.9271038647229943,False,-0.2,False,0.66570777,-0.40690458,0.14984053,-1.8981837,0.15602288,-1.8577527,0.0035981657,-5.6273313,0.024830636,-3.6956773
B_RL_test_00077,severe_stress,MyopicEconomic,7,17,early,0.8133018746959686,0.21092219713511243,3163.8329570266865,15000.0,2650.88745591375,0.02,2,702.6792521180745,2,1.6,2,0,low,0.31858297831781607,0.8479897153648971,0.4532158731317911,0.56086922159226,177,8,Imitation_64x64,303,0,0,0.65538025,0.0,0.0,True,-0.2,True,0.7893692,-0.236521,0.049890585,-2.997923,0.15520626,-1.8630003,0.00031235523,-8.071369,0.005221598,-5.254952
B_RL_test_00078,severe_stress,PPO,0,24,early,0.6781150053141439,0.4063975228559522,3469.876303432505,8538.133498078443,3593.4336285579748,0.4,0,602.921827198942,1,0.0,2,0,high,-0.8075015401694254,1.0321185311846846,0.18971493676975942,0.6519106372702784,178,4,Imitation_64x64,303,0,0,0.004917765,0.0,0.0,True,-0.2,True,0.99944156,-0.0005583763,0.00051322684,-7.5747924,1.0693959e-06,-13.748417,3.9286402e-05,-10.144632,4.8071283e-06,-12.24541
B_RL_test_00079,severe_stress,ObservationPlanner,0,24,early,0.6107559122745796,0.35881894687930105,1990.6102300783075,5547.673129835883,2877.475817049848,0.4,0,606.0929451374526,1,0.0,2,0,low,-0.2263729641847368,0.7787968829600019,0.42086284106403515,0.720814474587929,179,1,Imitation_64x64,303,0,0,0.012619567,0.0,0.0,True,-0.2,True,0.9984584,-0.001543045,0.0010287934,-6.879369,7.142542e-07,-14.152027,0.00048332135,-7.634829,2.8816816e-05,-10.454552
B_RL_test_00080,severe_stress,MyopicEconomic,0,24,early,0.7354091066480801,0.5930537031491864,2010.1037233788988,3389.4126496555145,1826.9041858791115,0.4,0,595.0018162256957,1,0.0,2,1,low,-1.0123921144009338,1.1258003834783963,0.39749000470481033,0.5241669124696455,180,2,Imitation_64x64,303,0,0,0.021726875,0.0,0.0,True,-0.2,True,0.9971456,-0.0028586388,0.0015465124,-6.471753,4.429446e-07,-14.629822,0.0012671619,-6.6709757,4.0328607e-05,-10.118449
B_RL_test_00081,severe_stress,PPO,7,17,early,0.8637487281169084,1.1574111765469668,607.5133096616789,524.8897902248887,1080.4656295288282,0.13589993967529646,0,646.2908866331807,2,1.6,2,2,low,0.4670964360920484,1.0318299041662726,0.39611149708091536,0.7766966329528985,181,15,Imitation_64x64,303,0,0,0.38598397,0.0,0.0,True,-0.04741908,True,0.9011529,-0.1040802,0.077936076,-2.5518663,0.0012804685,-6.660529,0.0025704391,-5.9636784,0.017059974,-4.07102
B_RL_test_00082,severe_stress,ObservationPlanner,2,22,early,0.9544134655698913,1.0,500.00000000000006,500.00000000000006,1244.384148533584,0.02,1,491.3351177864671,1,0.0,2,1,low,-1.8132668856006082,0.8977841514156312,0.379017546862315,0.6711371551218738,182,5,Imitation_64x64,303,0,2,0.47090572,-29.274250616486597,0.0,False,-0.0,True,0.874035,-0.13463473,0.0997692,-2.3048956,0.011507537,-4.4647527,0.0059099565,-5.131117,0.008778376,-4.735464
B_RL_test_00083,severe_stress,MyopicEconomic,1,23,early,0.44889426720552517,0.2508102518258211,1744.1830852366552,6954.193748220184,2849.055309425812,0.370098954312864,0,662.4626308330324,1,0.0,1,0,low,-0.19318881647829222,1.1007255421738986,0.39873602801111796,0.6182139355952364,183,5,Imitation_64x64,303,0,0,0.023607604,0.0,0.0,True,-0.2,True,0.9968706,-0.0031342506,0.0020547763,-6.187588,4.819951e-06,-12.242747,0.00094125303,-6.9682984,0.00012847545,-8.959773
B_RL_test_00084,severe_stress,PPO,0,24,early,0.906174739606605,0.4075748690648555,1513.3767327880428,3713.12572892522,2389.231910536744,0.4,0,427.4413147982198,1,0.0,2,0,low,-2.719303493644447,0.9141938919096755,0.4493131263051819,0.7602119282809829,184,2,Imitation_64x64,303,0,0,0.019583281,0.0,0.0,True,-0.2,True,0.9974656,-0.0025377274,0.0012631068,-6.674181,4.3972875e-07,-14.637108,0.0012408037,-6.691996,2.9942748e-05,-10.416224
B_RL_test_00085,severe_stress,ObservationPlanner,2,22,early,0.7156070245290534,0.7720575387076455,3853.2593203739866,4990.896568180649,3266.1664997181333,0.2422690917029213,0,662.0574850946882,1,0.0,2,1,high,-0.732507953119708,1.414482734313204,0.324414951475154,0.5343499923124448,185,5,Imitation_64x64,303,0,0,0.030246528,0.0,0.0,True,-0.2,True,0.99546945,-0.0045409203,0.004241612,-5.462812,1.2474313e-05,-11.29184,0.00021322134,-8.45318,6.328107e-05,-9.667924
B_RL_test_00086,severe_stress,MyopicEconomic,1,23,early,0.8920782681027297,0.3920585714152794,3395.6772059953346,8661.147730394952,4318.752576105708,0.02,1,567.6569911013944,1,0.0,2,0,high,-0.5739392325338428,0.8405098617483711,0.2825418813098837,0.6386877709365626,186,8,Imitation_64x64,303,0,0,0.05875112,0.0,0.0,True,-0.2,True,0.9902644,-0.009783268,0.008775226,-4.7358227,0.00064023735,-7.3536716,0.0001650202,-8.709443,0.00015502333,-8.7719345
B_RL_test_00087,severe_stress,PPO,3,21,early,0.461061449263551,1.0,7680.0,7680.0,9723.863609157772,0.06976507968158221,0,721.1089281234724,1,0.0,1,1,high,0.6498672710491811,1.088206740370783,0.40818789241107123,0.7330825440302011,187,8,Imitation_64x64,303,0,0,0.5353932,0.0,0.0,True,-0.2,True,0.85109746,-0.16122866,0.07889433,-2.539646,0.06754939,-2.6948962,0.00034468243,-7.972887,0.0021141863,-6.1590853
B_RL_test_00088,severe_stress,ObservationPlanner,17,7,late,0.07739497711327707,1.0,500.0,500.0,6272.689955570892,0.38472936597363283,0,811.1148786198856,2,1.6,0,1,high,3.2597985744067355,0.9085305102515508,0.4665674267932232,0.8094894424242502,188,24,Imitation_64x64,303,4,2,1.0371087,6.009713793044114,6.009713793044114,False,0.2,False,0.06394007,-2.7498088,0.10285935,-2.2743926,0.1976793,-1.6211091,0.0029505796,-5.825753,0.6325706,-0.45796323
B_RL_test_00089,severe_stress,MyopicEconomic,16,8,late,0.7229369882006237,0.14861354874064336,2229.20323110965,14999.999999999998,2735.064122068475,0.2363326258881103,0,707.7435596413802,2,1.6,2,0,low,1.7888009368239013,0.6988729541935131,0.3328235380263363,0.8188913977778863,189,24,Imitation_64x64,303,0,0,0.8420531,0.0,0.0,True,-0.2,True,0.6385262,-0.44859266,0.29578927,-1.218108,0.0020159457,-6.206667,0.0015940754,-6.4414616,0.062074542,-2.7794194
B_RL_test_00090,severe_stress,PPO,3,21,early,0.5244930043330686,1.0,4481.333392854215,4481.333392854215,3797.9454635062593,0.2976828633712957,0,683.097292396233,1,0.0,1,1,high,0.043613096896889136,1.037068499561815,0.565620493324281,0.7959980754214587,190,6,Imitation_64x64,303,0,0,0.10767282,0.0,0.0,True,-0.2,True,0.978914,-0.021311283,0.019998103,-3.9121177,0.00022549691,-8.397203,0.00043195434,-7.7471905,0.00043040738,-7.750778
B_RL_test_00091,severe_stress,ObservationPlanner,12,12,middle,0.1314375777650269,0.09160768946575051,703.1913595104816,7676.117186356771,1410.425767369461,0.4364607552809321,0,901.4144503999852,2,1.6,0,0,low,2.3382845918220068,0.6741896711819185,0.5199109965055012,0.712837240683555,191,24,Imitation_64x64,303,4,4,0.4673244,0.0,0.0,True,0.2,True,0.010989146,-4.510847,0.12785041,-2.0568943,0.00026107908,-8.250687,0.0036680636,-5.6080914,0.85723126,-0.15404749
B_RL_test_00092,severe_stress,MyopicEconomic,1,23,early,0.5499265600721283,0.39625834560462464,2335.970820093433,5895.070339853986,2255.5974127143027,0.4565248883135144,0,582.2224444759813,1,0.0,1,0,low,-0.5862659646754461,1.1181404121059324,0.6389081097596125,0.889545304488342,192,15,Imitation_64x64,303,0,0,0.01732857,0.0,0.0,True,-0.2,True,0.99779993,-0.0022025108,0.0013189403,-6.6309266,9.549016e-07,-13.861658,0.00083447807,-7.088704,4.5678247e-05,-9.993889
B_RL_test_00093,severe_stress,PPO,10,14,middle,0.18774314801565403,1.0,1610.612736000001,1610.612736000001,7664.366127220601,0.21580289813715575,0,876.1027641372767,2,1.6,0,1,high,3.0629373987984785,0.9114223715622548,0.4060270931795948,0.7879782542358003,193,24,Imitation_64x64,303,0,0,1.3876942,0.0,0.0,True,-0.2,True,0.30767417,-1.1787138,0.18698874,-1.6767068,0.23561256,-1.4455664,0.0032249955,-5.7368236,0.2664995,-1.3223828
B_RL_test_00094,severe_stress,ObservationPlanner,0,24,early,0.9134142587402432,0.6704764770377748,335.2382385188874,500.0,1436.6262834547883,0.4,0,442.07399217630456,1,0.0,2,1,low,-1.3976582755334301,0.7487520285556225,0.4855545079422672,0.6876819511748817,194,5,Imitation_64x64,303,0,2,0.066708885,-171.31036415083236,0.0,False,0.0,True,0.9892811,-0.010776997,0.0035877633,-5.6302266,1.4108751e-06,-13.4713,0.0070163812,-4.959508,0.00011346035,-9.084057
B_RL_test_00095,severe_stress,MyopicEconomic,1,23,early,0.38207848776653847,0.37966025159672456,2239.0167184562933,5897.421995164716,3385.2681834928144,0.5235643202147016,0,594.6158875921458,1,0.0,1,0,high,-0.2563260662755433,0.9887072235021326,0.5326297737522329,0.6408928626998098,195,5,Imitation_64x64,303,0,0,0.013050279,0.0,0.0,True,-0.2,True,0.99837214,-0.0016293526,0.00128742,-6.655115,5.2961655e-06,-12.148528,0.00030171667,-8.106022,3.3543547e-05,-10.302666
B_RL_test_00096,severe_stress,PPO,7,17,early,0.5173000165120831,1.0178676466583578,1341.141251347273,1317.5988604709237,3361.2853566205335,0.19868212231416982,0,732.0243629244239,2,1.6,1,2,high,0.63121929203782,0.9721972196766725,0.445765228928636,0.7938713156995721,196,12,Imitation_64x64,303,0,1,0.68579733,8.870301368558557,8.870301368558557,False,-0.2,False,0.7931286,-0.2317698,0.13327779,-2.0153196,0.010465743,-4.5596476,0.0027349812,-5.9016304,0.0603929,-2.8068836
B_RL_test_00097,severe_stress,ObservationPlanner,2,22,early,0.5668801786211263,0.608260194430912,721.5002730079889,1186.1704573369695,1672.7002940307505,0.41289897448631335,0,571.3184386201295,1,0.0,1,1,low,-0.6422699443344645,0.5751794844401634,0.5138524784076035,0.5242284254912288,197,9,Imitation_64x64,303,0,0,0.113375425,0.0,0.0,True,-0.2,True,0.97990143,-0.02030325,0.0065420964,-5.0294976,1.2677062e-05,-11.275717,0.013034151,-4.3401823,0.0005095271,-7.5820274
B_RL_test_00098,severe_stress,MyopicEconomic,3,21,early,0.24065976927050703,0.49491688522671456,4775.830233659442,9649.76216455355,3235.053675493276,0.3000075878322623,0,758.1077622426095,1,0.0,1,0,high,0.9088657953933286,1.3248086092922042,0.36488819247598553,0.5828741555508058,198,11,Imitation_64x64,303,0,0,0.09221761,0.0,0.0,True,-0.2,True,0.98316526,-0.016978264,0.015216035,-4.1854057,0.0010155401,-6.892335,0.00018172017,-8.613043,0.00042142792,-7.771862
B_RL_test_00099,severe_stress,PPO,1,23,early,0.6935374321243797,0.8015197217681155,3446.4035370911242,4299.836227970183,2308.449944443907,0.3122362038919836,0,638.8794272401572,1,0.0,2,1,low,-0.26689171429934844,0.6907053720958345,0.34363800188548893,0.47058435393170817,199,6,Imitation_64x64,303,0,0,0.018424198,0.0,0.0,True,-0.2,True,0.9975116,-0.0024914742,0.0021941634,-6.1219544,2.1506667e-06,-13.049732,0.00025986639,-8.2553425,3.2193602e-05,-10.343742
B_RL_test_00000,baseline,PPO,16,8,late,0.2379555790490246,1.0,500.0,500.0,5985.089705294903,0.23118783353356365,0,730.9437736673831,1,0.0,1,1,high,0.7766626320299265,1.1540687281369808,0.34471001732411144,0.8095158963876717,0,24,Imitation_64x64,404,2,2,1.3002722,0.0,0.0,True,0.0,True,0.098360576,-2.3191152,0.14613059,-1.9232545,0.4826597,-0.7284434,0.025689257,-3.6616824,0.24715987,-1.3977199
B_RL_test_00001,baseline,ObservationPlanner,12,12,middle,0.06837194242154448,1.0,500.0,500.0,2007.3304872982224,0.2888737980221177,0,830.2815138817816,1,0.0,0,1,low,1.6613225481260747,0.841180276874062,0.2960832412250551,0.6198577850919593,1,24,Imitation_64x64,404,4,3,1.3426098,3.6115330164159616,3.6115330164159616,False,0.2,False,0.05893699,-2.8312864,0.09188606,-2.387206,0.25706476,-1.3584274,0.11884956,-2.1298969,0.47326267,-0.7481048
B_RL_test_00002,baseline,MyopicEconomic,13,11,middle,0.10210201177067327,0.11217209360571379,1075.2796781170684,9585.982070520044,2437.259079929716,0.45502879908228483,0,690.9761593017319,1,0.0,0,0,low,0.4546918678629157,0.8585965558808485,0.47150063272009635,0.832595564470931,2,24,Imitation_64x64,404,4,4,0.9653468,0.0,0.0,True,0.2,True,0.015982203,-4.1362796,0.039846145,-3.2227297,0.06867956,-2.6783037,0.19999118,-1.6094822,0.6755009,-0.39230084
B_RL_test_00003,baseline,PPO,2,22,early,0.054717952272838925,0.5403214730936744,3796.953775699434,7027.212436995197,7228.707337667853,0.5379484931676871,0,748.6695090541555,1,0.0,0,1,high,1.033632078382112,1.2276235612338229,0.47864155202413344,0.8531424835747992,3,8,Imitation_64x64,404,0,0,0.08634873,0.0,0.0,True,-0.2,True,0.9848261,-0.01529026,0.012908877,-4.34984,0.001842741,-6.296501,0.00012302955,-9.003086,0.00029928944,-8.1140995
B_RL_test_00004,baseline,ObservationPlanner,3,21,early,0.5968721123186518,0.9999999999999999,3651.982730983609,3651.9827309836096,3627.0039340218054,0.3087336184147029,0,638.3216473516175,1,0.0,1,1,high,0.4602511534154351,1.0830413162393473,0.45980112852588634,0.7412130218716163,4,24,Imitation_64x64,404,0,0,0.046322912,0.0,0.0,True,-0.2,True,0.9925774,-0.0074501038,0.0068413415,-4.9847713,5.1612125e-05,-9.871754,0.0003742348,-7.890627,0.0001554456,-8.769215
B_RL_test_00005,baseline,MyopicEconomic,1,23,early,0.4979048576250192,0.3364270541945389,1502.9110351080908,4467.271631011675,1721.8301202996743,0.4036472237693899,0,633.9837050213686,1,0.0,1,0,low,-0.04444196082094837,1.1818582927166443,0.48676356778721747,0.6668066982541053,5,18,Imitation_64x64,404,0,0,0.039110593,0.0,0.0,True,-0.2,True,0.9943936,-0.005622387,0.0020738265,-6.17836,5.5305777e-06,-12.105218,0.0033430818,-5.7008624,0.00018386547,-8.601307
B_RL_test_00006,baseline,PPO,13,11,middle,0.05475255465070265,1.0,602.6021772084498,602.6021772084498,5078.781453664926,0.36775751012369107,0,715.3175253995527,1,0.0,0,1,high,0.9316380738118776,0.6386269675984682,0.5197144407917117,0.5755142980102315,6,24,Imitation_64x64,404,2,0,0.98268163,1.1224271131677739,1.1224271131677739,False,0.0,False,0.03609963,-3.3214726,0.07606039,-2.5762277,0.6728088,-0.39629412,0.021411572,-3.843824,0.19361961,-1.6418599
B_RL_test_00007,baseline,ObservationPlanner,1,23,early,0.7906424101315642,0.7179192941709722,8615.031530051667,12000.0,6070.414391389817,0.2917653700524575,0,557.1473599055465,1,0.0,2,1,high,-1.7014713346367327,1.0009109290001965,0.4410433472212441,0.6888284147284123,7,5,Imitation_64x64,404,0,0,0.007677456,0.0,0.0,True,-0.2,True,0.9990532,-0.00094747543,0.00092183606,-6.9891434,1.5489308e-05,-11.075361,6.8175614e-06,-11.896009,2.7644808e-06,-12.798657
B_RL_test_00008,baseline,MyopicEconomic,23,1,late,0.3562722482467574,0.3167653090738204,4751.479636107306,15000.0,4969.615697772818,0.266977695303081,0,616.3304101583744,1,0.0,1,0,high,-0.39024726220835865,0.9356708536559166,0.4388010593340236,0.8167731441495508,8,24,Imitation_64x64,404,2,1,0.8287348,34.28708449154385,34.28708449154385,False,0.0,False,0.15910466,-1.8381929,0.10470201,-2.2566369,0.721352,-0.32662797,0.00041531885,-7.7864637,0.014425984,-4.238724
B_RL_test_00009,baseline,PPO,6,18,early,0.7033396566006782,1.0,2387.8285674671947,2387.8285674671947,3251.035828942063,0.27809642607519547,0,572.0517507533034,1,0.0,2,1,high,-0.11325674064309288,0.5753649050646394,0.44374303847723623,0.8737371263430239,9,7,Imitation_64x64,404,0,0,0.23624724,0.0,0.0,True,-0.2,True,0.9467109,-0.05476165,0.045928013,-3.0806801,0.0007482934,-7.1977158,0.0041982005,-5.473099,0.002414634,-6.026208
B_RL_test_00010,baseline,ObservationPlanner,0,24,early,0.5818128660363321,0.41951200414734585,1009.1047478201779,2405.425203198115,1701.555300007723,0.4,0,588.9865506153408,1,0.0,1,0,low,-0.4838409806239353,0.8413063321790891,0.4391246703190555,0.6872603844075084,10,4,Imitation_64x64,404,0,0,0.029400159,0.0,0.0,True,-0.2,True,0.995946,-0.0040621758,0.0014960945,-6.504897,5.694231e-06,-12.076057,0.0024839866,-5.9978905,6.829536e-05,-9.591669
B_RL_test_00011,baseline,MyopicEconomic,2,22,early,0.37210149521443003,0.5939540529908843,4663.409728891948,7851.465454960907,3018.192616841782,0.3204942918365675,0,671.5810896528725,1,0.0,1,1,high,0.6701751736113165,1.1556843223065958,0.3527015341276848,0.6125902414428819,11,15,Imitation_64x64,404,0,0,0.033010744,0.0,0.0,True,-0.2,True,0.99507636,-0.0049357414,0.004491133,-5.40565,0.00016971947,-8.681363,0.00012978364,-8.949642,0.0001329813,-8.9253025
B_RL_test_00012,baseline,PPO,21,3,late,0.030994854075521758,1.0,500.0,500.0,1700.7150011455492,0.5600166912975704,0,727.7627978170854,1,0.0,0,1,low,0.9772288051966393,0.9509734753112715,0.46436674060322847,0.7302773060708184,12,24,Imitation_64x64,404,4,4,0.95746684,0.0,0.0,True,0.2,True,0.0020357366,-6.1968975,0.008752389,-4.7384286,0.10191326,-2.2836332,0.2954358,-1.2193038,0.59186286,-0.52448034
B_RL_test_00013,baseline,ObservationPlanner,0,24,early,0.7414863323513986,0.05153996531154906,233.57152728401954,4531.85262877313,2645.317637165965,0.4,0,486.97141271942724,1,0.0,2,0,low,-1.736257804977541,1.0740468656905695,0.3667052714676963,0.6175553539035563,13,3,Imitation_64x64,404,0,0,0.04091502,0.0,0.0,True,-0.2,True,0.9937093,-0.006310463,0.000771412,-7.167288,1.5518742e-06,-13.376047,0.005441184,-5.2137585,7.655413e-05,-9.477512
B_RL_test_00014,baseline,MyopicEconomic,1,23,early,0.5271408732435738,0.7017806288528439,6543.9437847632835,9324.771183069348,3885.4089210235634,0.42337198126547393,0,675.8104456583286,1,0.0,1,1,high,-0.6684220948261075,1.1138218846795502,0.3991183392656671,0.6578988792549979,14,2,Imitation_64x64,404,0,0,0.004945461,0.0,0.0,True,-0.2,True,0.9994288,-0.0005712509,0.0005500636,-7.5054765,3.0496278e-06,-12.700491,1.3641283e-05,-11.20241,4.4203553e-06,-12.32929
B_RL_test_00015,baseline,PPO,0,24,early,0.8827892318835304,0.7750439435362315,7010.115307667944,9044.797222314191,5056.69050475539,0.4,0,530.7452935881225,1,0.0,2,1,high,-1.857567923464245,1.5996820862393486,0.20504247408141998,0.6309168474085493,15,1,Imitation_64x64,404,0,0,0.0041454462,0.0,0.0,True,-0.2,True,0.99953115,-0.00046920776,0.00045251052,-7.7007,1.7733836e-06,-13.242621,1.2030406e-05,-11.3280735,2.4829606e-06,-12.906059
B_RL_test_00016,baseline,ObservationPlanner,1,23,early,0.7575848522418619,0.7648472559966231,9178.167071959477,12000.0,6023.664357898624,0.27747791859413073,0,593.4475459693606,1,0.0,2,1,high,-0.4401584506355456,1.0497642801219806,0.40754786971653073,0.5611451094235479,16,3,Imitation_64x64,404,0,0,0.008837785,0.0,0.0,True,-0.2,True,0.99888927,-0.0011115074,0.0010793462,-6.8314,1.9531568e-05,-10.843478,7.727165e-06,-11.770769,4.140592e-06,-12.394672
B_RL_test_00017,baseline,MyopicEconomic,11,13,middle,0.5162938840900015,0.37042864239233037,5556.429635884955,14999.999999999998,4958.497682325035,0.23577242148980457,0,698.095833451383,1,0.0,1,0,high,1.1733858159969814,0.7571982460402745,0.28812725488404634,0.8037034744292322,17,24,Imitation_64x64,404,0,0,0.24638616,0.0,0.0,True,-0.2,True,0.9457006,-0.055829287,0.03935987,-3.2350085,0.014119939,-4.2601676,8.86434e-05,-9.330889,0.00073096785,-7.221141
B_RL_test_00018,baseline,PPO,11,13,middle,0.44546002368694276,1.0801788188977697,712.5405351230945,659.6505343903904,4599.457693830454,0.1925300329586777,0,678.6047451687893,1,0.0,1,2,high,0.783350719956263,0.519994892666678,0.3439098168059432,0.6750775086741557,18,15,Imitation_64x64,404,0,1,1.4167091,69.66007399624488,69.66007399624488,False,-0.2,False,0.34978172,-1.050446,0.30968213,-1.172209,0.13866583,-1.9756885,0.03262283,-3.422743,0.16924746,-1.7763934
B_RL_test_00019,baseline,ObservationPlanner,14,10,middle,0.43628357786420313,1.0,986.8792762181879,986.8792762181879,2549.5416782191555,0.15752058515941827,0,614.2332567570838,1,0.0,1,1,low,0.008801761928701954,1.281540519190883,0.5907284257417467,0.640373467956049,19,16,Imitation_64x64,404,2,0,1.5219388,42.19368540547913,42.19368540547913,False,0.0,False,0.23970878,-1.4283304,0.19547619,-1.6323167,0.2797413,-1.27389,0.059738494,-2.8177786,0.22533526,-1.490166
B_RL_test_00020,baseline,MyopicEconomic,6,18,early,0.9904872805090876,1.0,10354.41707224261,10354.41707224261,5657.078470578648,0.02,2,490.4954424610693,1,0.0,2,1,high,-1.4821096191035665,1.036690732347569,0.2978889158652708,0.5594487500561349,20,9,Imitation_64x64,404,0,0,0.15777831,0.0,0.0,True,-0.2,True,0.96832746,-0.032185078,0.025464144,-3.670484,0.0058516944,-5.141024,0.00012606892,-8.978682,0.00023060068,-8.374824
B_RL_test_00021,baseline,PPO,2,22,early,0.99134664354728,1.2249999999999999,1933.011399525078,1577.9684894082272,2850.588671250648,0.02,3,405.7868496895012,1,0.0,2,2,low,-2.4253689918491133,0.8437459054517884,0.339367546935539,0.6145889537406355,21,3,Imitation_64x64,404,0,0,0.33215603,0.0,0.0,True,-0.2,True,0.9241992,-0.07882762,0.05354397,-2.927252,0.015768081,-4.149768,0.0028307003,-5.8672314,0.003658042,-5.6108274
B_RL_test_00022,baseline,ObservationPlanner,7,17,early,0.17169114823543966,1.0,1306.4095068443337,1306.4095068443337,3277.468032966299,0.36792693239861396,0,673.2894883247873,1,0.0,0,1,high,0.5250911873728785,1.0225740464416466,0.5763159361893628,0.6742307684177278,22,22,Imitation_64x64,404,0,1,1.289857,11.375790228516536,11.375790228516536,False,-0.2,False,0.47197586,-0.7508274,0.2922136,-1.2302703,0.080038816,-2.5252435,0.03601433,-3.3238382,0.1197575,-2.1222863
B_RL_test_00023,baseline,MyopicEconomic,4,20,early,0.9678035069402425,1.0,12000.0,12000.0,5891.699067860228,0.032024988808005285,2,563.8674519452862,1,0.0,2,1,high,0.24134772804040389,1.3810949496954836,0.24254573603279125,0.7506369767835125,23,5,Imitation_64x64,404,0,0,0.07828349,0.0,0.0,True,-0.2,True,0.98630893,-0.013785839,0.011790468,-4.440464,0.0018107948,-6.3139896,4.384966e-05,-10.034744,4.5830802e-05,-9.990555
B_RL_test_00024,baseline,PPO,2,22,early,0.8642852064172054,0.6675057313785617,2305.939145833296,3454.5608186329287,2026.5878802852524,0.06325948422561593,0,590.1525426782189,1,0.0,2,1,low,-2.0101277777033815,1.478343626097419,0.4308653496981941,0.530824615742716,24,3,Imitation_64x64,404,0,0,0.05056952,0.0,0.0,True,-0.2,True,0.99214727,-0.007883549,0.006424563,-5.0476265,9.1755115e-05,-9.296387,0.0011004998,-6.8119907,0.00023579645,-8.352541
B_RL_test_00025,baseline,ObservationPlanner,1,23,early,0.9230822556998987,0.7019633566330249,2407.255806884243,3429.3183314164326,2132.473316032242,0.02,1,572.8295723806025,1,0.0,2,1,low,-1.0508383580584602,0.7887385917443512,0.307348428917548,0.5336745085892886,25,4,Imitation_64x64,404,0,0,0.09048801,0.0,0.0,True,-0.2,True,0.9839679,-0.016161919,0.013978822,-4.2702117,0.0008974303,-7.015975,0.0006885192,-7.280967,0.000467259,-7.668627
B_RL_test_00026,baseline,MyopicEconomic,7,17,early,0.9365901282485903,0.8443705650804314,12665.558476206472,15000.0,6448.501935164566,0.02,1,585.5290430706376,1,0.0,2,1,high,-0.8487921202430904,0.9644137800497737,0.41649155616272776,0.8018488833642444,26,13,Imitation_64x64,404,0,0,0.112825006,0.0,0.0,True,-0.2,True,0.9792088,-0.021010399,0.0159647,-4.1373754,0.004747407,-5.350157,3.2789343e-05,-10.325407,4.623977e-05,-9.98167
B_RL_test_00027,baseline,PPO,11,13,middle,0.3252033535477799,1.0,609.6849856969869,609.6849856969869,3296.621660629314,0.3299546280846452,0,567.02653296758,1,0.0,1,1,high,-0.4425082286603216,0.8392601629979316,0.5331463867747503,0.7045610005896411,27,24,Imitation_64x64,404,0,0,1.5029206,0.0,0.0,True,-0.17990436,True,0.33960217,-1.0799806,0.25618094,-1.3618715,0.13885477,-1.9743268,0.078420915,-2.5456648,0.1869413,-1.6769608
B_RL_test_00028,baseline,ObservationPlanner,3,21,early,0.9893089746322069,1.0,2404.765648729171,2404.765648729171,2121.9774031476454,0.02,3,432.8680540537394,1,0.0,2,1,low,-2.0485506467438626,0.6815482883078391,0.3819575070249458,0.8591634595862108,28,4,Imitation_64x64,404,0,0,0.25030315,0.0,0.0,True,-0.2,True,0.9487915,-0.05256629,0.03208099,-3.4394917,0.014153449,-4.257797,0.002394331,-6.0346518,0.002579647,-5.9601026
B_RL_test_00029,baseline,MyopicEconomic,23,1,late,0.9018311721921631,0.5956190380587226,8934.28557088084,15000.0,1928.8363003603918,0.05497909600922661,0,696.4720478215925,1,0.0,2,1,low,1.4081782222310821,1.1454430642322595,0.1524521085135705,0.686066795455444,29,24,Imitation_64x64,404,0,1,0.5147907,9.62374282235669,9.62374282235669,False,-0.2,False,0.8416714,-0.17236567,0.13802099,-1.9803495,0.0093333805,-4.674158,0.000954188,-6.95465,0.010020038,-4.6031685
B_RL_test_00030,baseline,PPO,18,6,late,0.17458352387309314,1.0,500.0,500.0,4154.559915174503,0.2914746552731627,0,680.746830732853,1,0.0,0,1,high,0.36049063728598935,0.6978249320066493,0.4584913795995479,0.7048195239783651,30,24,Imitation_64x64,404,2,2,1.1908665,0.0,0.0,True,0.0,True,0.045466684,-3.0907753,0.06675239,-2.706765,0.51680535,-0.6600888,0.05788903,-2.8492272,0.31308645,-1.1612757
B_RL_test_00031,baseline,ObservationPlanner,23,1,late,0.3881165845248731,1.0,600.0,600.0,1384.7393957328795,0.35565533850095415,0,628.2226086563135,1,0.0,1,1,low,-0.4494291645959675,1.2133114246152,0.5382540007993669,0.5509989301790695,31,24,Imitation_64x64,404,3,0,1.1203048,34.877724604324385,34.877724604324385,False,0.1,False,0.051865518,-2.959101,0.039313883,-3.2361774,0.03842404,-3.2590718,0.500227,-0.69269323,0.37016964,-0.99379385
B_RL_test_00032,baseline,MyopicEconomic,14,10,middle,0.11861461159707183,0.39623458995451744,5943.518849317761,14999.999999999998,6538.028638524567,0.4823572270107184,0,663.1472569094424,1,0.0,0,0,high,0.07233569176205216,1.0330987645795806,0.5532516681278125,0.8240805632894571,32,24,Imitation_64x64,404,0,0,1.0582092,0.0,0.0,True,-0.2,True,0.46705613,-0.7613059,0.18908347,-1.6655668,0.3402784,-1.0779912,0.00018022068,-8.621328,0.0034019228,-5.6834145
B_RL_test_00033,baseline,PPO,3,21,early,0.8656298298742936,1.2249999999999999,3366.5276172647314,2748.1858100120257,1736.8128697309855,0.02,1,642.2010355136549,1,0.0,2,2,low,-0.569740014719955,0.9772691096688223,0.5020581483713409,0.5604406923181983,33,5,Imitation_64x64,404,0,0,0.53810775,0.0,0.0,True,-0.2,True,0.84226906,-0.1716559,0.12939645,-2.0448744,0.014399201,-4.240583,0.003959108,-5.5317364,0.009976261,-4.6075473
B_RL_test_00034,baseline,ObservationPlanner,8,16,middle,0.7209933912032997,1.059538316732895,557.355009681004,526.0357279004483,2206.3188351759422,0.15236934661368406,0,559.6977206594408,1,0.0,2,2,low,-0.5568992969228953,1.1557145411930765,0.33555444694239067,0.7880201275407003,34,19,Imitation_64x64,404,0,1,0.8671764,33.23309480033947,0.0,False,-0.04949422,True,0.7200594,-0.32842147,0.18225192,-1.7023653,0.010448604,-4.561287,0.048198894,-3.0324192,0.039041124,-3.2431395
B_RL_test_00035,baseline,MyopicEconomic,2,22,early,0.7124069971554298,0.3601784377622567,2346.3730929921007,6514.4740689360015,2943.277717707141,0.26742186215069164,0,534.1750857694525,1,0.0,2,0,low,-1.6769227877276522,1.0197454526672802,0.36430119712109293,0.39029351173850463,35,4,Imitation_64x64,404,0,0,0.013869103,0.0,0.0,True,-0.2,True,0.99825996,-0.0017414093,0.0013916537,-6.5772624,1.9233548e-05,-10.858854,0.00028507318,-8.162765,4.4026034e-05,-10.030729
B_RL_test_00036,baseline,PPO,10,14,middle,0.16985238612265544,1.351124932690788,743.3727078413355,550.1879876947398,2712.1614947827516,0.11763269701826078,0,746.4215773999038,1,0.0,0,2,low,0.7987720270045131,0.8271682697862274,0.4029096007715378,0.7093812837974224,36,24,Imitation_64x64,404,2,3,1.134044,10.061639613274025,10.061639613274025,False,0.0,False,0.07021343,-2.6562157,0.12586927,-2.0725114,0.5980485,-0.5140834,0.015048464,-4.1964793,0.1908204,-1.6564226
B_RL_test_00037,baseline,ObservationPlanner,5,19,early,0.8993257552516476,1.2268159216879904,2290.904721091305,1867.358159110963,2854.9562517245977,0.02,1,633.4964033299018,1,0.0,2,2,low,-1.2539493473761563,1.107970464256297,0.20714979550495394,0.5822403131144498,37,7,Imitation_64x64,404,0,2,0.768803,11.841537744849802,11.841537744849802,False,-0.2,False,0.7432521,-0.2967199,0.19488332,-1.6353542,0.034540392,-3.3656259,0.006460975,-5.041975,0.020863276,-3.8697646
B_RL_test_00038,baseline,MyopicEconomic,14,10,middle,0.684448328390616,0.6413451513607958,9620.177270411938,15000.0,4305.019512426003,0.05992413603561583,0,653.8034205228332,1,0.0,2,1,high,0.4441157710907515,0.9390821754564493,0.4005351522638762,0.7348842428889295,38,24,Imitation_64x64,404,0,0,0.49448475,0.0,0.0,True,-0.2,True,0.8636826,-0.14654994,0.08892924,-2.4199142,0.04556943,-3.0885181,0.00014020062,-8.872437,0.0016784418,-6.3898897
B_RL_test_00039,baseline,PPO,5,19,early,0.9378959300747195,1.2950503995707228,2458.174595305655,1898.1304481435466,2057.7661936202644,0.031255013014439295,2,545.5440171275179,1,0.0,2,2,low,-0.9910608771563214,1.0687565486503725,0.32931114337766065,0.480487284890949,39,6,Imitation_64x64,404,0,0,0.5720004,0.0,0.0,True,-0.2,True,0.8474753,-0.16549349,0.09754166,-2.3274755,0.037675805,-3.278737,0.005724019,-5.163084,0.011583216,-4.458198
B_RL_test_00040,baseline,ObservationPlanner,6,18,early,0.03798601396408765,0.8618221026318759,1346.2592029839443,1562.1080021882358,2112.7510526336328,0.542259564850849,0,719.0124875867314,1,0.0,0,1,low,0.3911514500331968,1.2544957364432432,0.6953851683896436,0.6634477604756893,40,24,Imitation_64x64,404,0,0,1.4131162,0.0,0.0,True,-0.2,True,0.38242608,-0.9612199,0.21015248,-1.559922,0.021870112,-3.8226345,0.18195482,-1.7039969,0.20359649,-1.5916152
B_RL_test_00041,baseline,MyopicEconomic,19,5,late,0.016633071844414767,0.1169709276912876,1754.563915369314,15000.0,3437.7353052762714,0.6094754641587934,0,764.7739696208452,1,0.0,0,0,high,1.3455774008055212,0.8534561755749168,0.47756049876243367,0.5444764634918892,41,24,Imitation_64x64,404,2,2,0.5176969,0.0,0.0,True,0.0,True,0.0012405096,-6.692233,0.04291548,-3.1485229,0.85944235,-0.15147161,0.0046348292,-5.374156,0.09176674,-2.3885055
B_RL_test_00042,baseline,PPO,10,14,middle,0.8826765474543761,2.574432043205924,2637.215610419299,1024.3873468631905,3450.7898658345794,0.027796455183778677,2,675.3251678924596,1,0.0,2,2,high,0.22909678781778126,0.879346771579291,0.2553585836990128,0.47150706749456744,42,12,Imitation_64x64,404,1,0,1.3103417,42.212314073346306,42.212314073346306,False,-0.1,False,0.33877602,-1.0824159,0.34632766,-1.0603698,0.23047121,-1.4676292,0.00939198,-4.667899,0.07503311,-2.5898256
B_RL_test_00043,baseline,ObservationPlanner,4,20,early,0.9623949810652032,1.5867197334287197,3929.6597847989556,2476.5935042021633,4452.6622712573635,0.02,3,542.2881919852082,1,0.0,2,2,high,-0.4983394640877816,1.1813366229036073,0.33760433114928884,0.7006270214394502,43,7,Imitation_64x64,404,0,0,0.51504153,0.0,0.0,True,-0.2,True,0.8660266,-0.1438396,0.07887031,-2.5399504,0.045905158,-3.0811777,0.0027111017,-5.9104004,0.0064867646,-5.0379915
B_RL_test_00044,baseline,MyopicEconomic,2,22,early,0.379209978329903,0.47810556982222124,2525.127915294928,5281.527919103455,1429.7605211837863,0.19493247158948834,0,762.0436848092071,1,0.0,1,0,low,0.09031488076551453,1.5566656761988789,0.21693195513352462,0.675601763777255,44,8,Imitation_64x64,404,0,0,0.07806347,0.0,0.0,True,-0.2,True,0.9872658,-0.012815952,0.009511829,-4.655219,0.00017959232,-8.624822,0.0020105427,-6.2093506,0.0010322822,-6.875983
B_RL_test_00045,baseline,PPO,5,19,early,0.8222238740449165,1.2249999999999999,1883.35045135406,1537.4289398808653,3348.3448880232113,0.02,1,577.8049262304501,1,0.0,2,2,high,-0.7434848889073253,0.7769566157120102,0.4900627923832935,0.6806089276604373,45,9,Imitation_64x64,404,0,2,1.0927231,6.070997502499495,6.070997502499495,False,-0.2,False,0.5845471,-0.5369179,0.22024855,-1.5129986,0.14997147,-1.8973101,0.007965807,-4.832597,0.03726714,-3.2896433
B_RL_test_00046,baseline,ObservationPlanner,13,11,middle,0.20288459529389125,0.9999999999999999,776.6788847965151,776.6788847965153,5999.266924562831,0.3460085372071179,0,687.7671178537944,1,0.0,1,1,high,0.04468770119945725,1.1100338854838319,0.466752765563234,0.8465379303694447,46,24,Imitation_64x64,404,2,0,1.4065078,60.698230747747914,60.698230747747914,False,0.0,False,0.15831482,-1.8431697,0.21314977,-1.5457602,0.4001009,-0.9160385,0.026230935,-3.6408157,0.20220357,-1.5984802
B_RL_test_00047,baseline,MyopicEconomic,6,18,early,0.6680502290690778,1.0,11664.0,11664.0,5780.583328255228,0.14874161924604068,0,650.2689375648152,1,0.0,2,1,high,0.6794578365423228,1.2605601452914865,0.39418557739057486,0.663345949117258,47,12,Imitation_64x64,404,0,1,0.32662937,22.27562385890087,22.27562385890087,False,-0.2,False,0.92231715,-0.0808661,0.052318204,-2.9504108,0.02440268,-3.7130623,0.00013718638,-8.89417,0.00082476216,-7.100415
B_RL_test_00048,baseline,PPO,3,21,early,0.22787425817632054,1.0,3496.625410377927,3496.625410377927,4282.18936652522,0.2394748583802661,0,739.214628121166,1,0.0,1,1,high,0.8746453651728925,1.2289568893253286,0.34581064897313346,0.5645890100507188,48,11,Imitation_64x64,404,0,0,0.99599344,0.0,0.0,True,-0.2,True,0.6311292,-0.46024454,0.23686211,-1.440277,0.08960535,-2.4123402,0.0044302843,-5.4192915,0.037972987,-3.2708802
B_RL_test_00049,baseline,ObservationPlanner,10,14,middle,0.3614319639668689,1.0,557.1361346362471,557.1361346362471,1756.1217037408028,0.22041247065985103,0,667.8601291773981,1,0.0,1,1,low,0.2671931472578545,0.946027321721571,0.49805137706200514,0.8348476688154185,49,24,Imitation_64x64,404,0,0,1.4684463,0.0,0.0,True,-0.10255327,True,0.3638125,-1.0111167,0.23349686,-1.4545867,0.05980417,-2.81668,0.12601449,-2.0713584,0.21687205,-1.5284479
B_RL_test_00050,baseline,MyopicEconomic,1,23,early,0.5640436083834576,0.37198488593015544,2778.8507088085507,7470.332300894378,2832.6429911485493,0.35883944705264603,0,654.4683900435166,1,0.0,1,0,low,-0.44078875144303553,0.8380510296018817,0.3871942516794568,0.6034522769722803,50,24,Imitation_64x64,404,0,0,0.008470382,0.0,0.0,True,-0.2,True,0.999,-0.0010004044,0.00081897754,-7.107454,3.5775593e-06,-12.54083,0.00015260003,-8.78769,2.493221e-05,-10.59935
B_RL_test_00051,baseline,PPO,0,24,early,0.6279381875877659,0.7097053825658842,5488.279280176071,7733.179732037013,2720.080753335256,0.4,0,652.8067991736757,1,0.0,2,1,low,-1.1207786885627906,1.002766217469849,0.3503577515463789,0.617426829756258,51,4,Imitation_64x64,404,0,0,0.005110307,0.0,0.0,True,-0.2,True,0.99941325,-0.00058698654,0.00055154896,-7.50278,2.4119772e-06,-12.935064,2.7563317e-05,-10.499025,5.3487765e-06,-12.138643
B_RL_test_00052,baseline,ObservationPlanner,22,2,late,0.39494446361012614,1.0,500.0,500.0,1732.4707144893682,0.2174831580160389,0,607.2925577081427,1,0.0,1,1,low,-0.23877457474671135,0.7227125995562862,0.4726893086707423,0.6581244204937098,52,24,Imitation_64x64,404,4,4,1.3372878,0.0,0.0,True,0.2,True,0.06567405,-2.7230513,0.05827834,-2.8425245,0.14020741,-1.9646323,0.285946,-1.251952,0.44989416,-0.7987428
B_RL_test_00053,baseline,MyopicEconomic,6,18,early,0.34426507000356177,0.2436763840649301,2049.447590889828,8410.530215122248,2009.1865947564293,0.47200289460980144,0,584.1029467466066,1,0.0,1,0,low,-0.3870103738071509,1.0471457565478777,0.4977787279614221,0.8372278510245246,53,24,Imitation_64x64,404,0,0,0.12338032,0.0,0.0,True,-0.2,True,0.97892696,-0.02129817,0.009571524,-4.648963,0.00013230526,-8.930399,0.008896942,-4.7220473,0.0024722486,-6.002627
B_RL_test_00054,baseline,PPO,2,22,early,0.8049562963000642,1.0319384677467247,7130.673275385625,6909.979129817411,4895.253327835442,0.15084904971669436,0,600.8959365436986,1,0.0,2,2,high,-1.255506772438249,0.9360305659296442,0.363464744617099,0.5373903131399516,54,7,Imitation_64x64,404,0,0,0.10827914,0.0,0.0,True,-0.2,True,0.9790237,-0.021199226,0.019606609,-3.9318883,0.0006862271,-7.2843018,0.00026023822,-8.253913,0.0004231502,-7.767783
B_RL_test_00055,baseline,ObservationPlanner,0,24,early,0.7703021013594434,0.8046723751405875,8386.849268140477,10422.688198628884,3782.175891677592,0.4,0,657.5751534584275,1,0.0,2,1,high,-0.5512478562946606,1.0949289310713148,0.2282812754865429,0.5039575619771754,55,5,Imitation_64x64,404,0,0,0.0035961473,0.0,0.0,True,-0.2,True,0.99960023,-0.00040006638,0.00038679483,-7.8576164,1.466257e-06,-13.432797,9.401462e-06,-11.574646,2.181843e-06,-13.03534
B_RL_test_00056,baseline,MyopicEconomic,3,21,early,0.5319335139074415,0.2944401741434168,3288.5919463967357,11168.964819301184,2236.5959758467075,0.2618928823547251,0,668.6782541872011,1,0.0,1,0,low,0.491521608931922,0.7981409760756403,0.40301955099779874,0.725467639639309,56,24,Imitation_64x64,404,0,0,0.027097953,0.0,0.0,True,-0.2,True,0.99614525,-0.003862381,0.0034187853,-5.67847,9.421999e-05,-9.269878,0.00018222744,-8.610255,0.00015949702,-8.743485
B_RL_test_00057,baseline,PPO,6,18,early,0.6835475823280572,1.5415926323287827,4138.878045092562,2684.8065813860508,3494.805096494596,0.1028284327062324,0,711.5596795853463,1,0.0,2,2,high,0.29734423011214695,1.2126248846903505,0.3002933541740706,0.833479734810448,57,11,Imitation_64x64,404,0,1,0.70084786,5.88263050868909,5.88263050868909,False,-0.2,False,0.74785155,-0.2905507,0.21695682,-1.5280569,0.010021996,-4.602973,0.00551045,-5.201109,0.01965924,-3.9292078
B_RL_test_00058,baseline,ObservationPlanner,17,7,late,0.007347530160079491,0.25628247946200927,1319.3906808078113,5148.189152756323,3509.3180928960087,0.6279407830915847,0,813.4735944976718,1,0.0,0,0,high,2.782688012161225,0.6915874271637731,0.4819950280080346,0.698112208087694,58,24,Imitation_64x64,404,4,4,0.80283684,0.0,0.0,True,0.2,True,0.00542754,-5.216269,0.019739661,-3.9251254,0.006511203,-5.0342307,0.34925035,-1.0519662,0.61907125,-0.47953486
B_RL_test_00059,baseline,MyopicEconomic,11,13,middle,0.3010701088009395,0.209471918594423,3142.0787789163446,14999.999999999998,1760.7293445204466,0.16035656363609666,0,704.3711085217833,1,0.0,1,0,low,0.971453190840694,1.533171519635366,0.4781722323867211,0.6056363128937179,59,24,Imitation_64x64,404,2,0,1.0121331,31.973798988726912,31.973798988726912,False,0.0,False,0.43236095,-0.8384944,0.09551646,-2.3484566,0.45672575,-0.7836721,0.00078522833,-7.149536,0.014611498,-4.2259464
B_RL_test_00060,baseline,PPO,0,24,early,0.5068592473650758,0.168176012802745,546.810907443923,3251.4203323709544,1514.974941648108,0.4,0,625.4025588941706,1,0.0,1,0,low,0.4676162543727831,0.8860136480030804,0.311185290065238,0.9046832844889655,60,4,Imitation_64x64,404,0,0,0.099683374,0.0,0.0,True,-0.2,True,0.98156035,-0.018611908,0.0018942357,-6.26894,2.8142924e-06,-12.7808,0.01620466,-4.1224566,0.00033791226,-7.9927244
B_RL_test_00061,baseline,ObservationPlanner,1,23,early,0.6723392587564916,0.5264822437685277,4501.6441067295755,8550.419620056096,6653.596928286341,0.3606854027384583,0,595.3492738028834,1,0.0,2,1,high,-0.6019120795535214,1.250066022412253,0.32570285665920384,0.6690632347612712,61,4,Imitation_64x64,404,0,0,0.006637971,0.0,0.0,True,-0.2,True,0.9992047,-0.0007958412,0.0007633206,-7.1778326,7.852347e-06,-11.754698,1.7495084e-05,-10.953591,6.7017527e-06,-11.913141
B_RL_test_00062,baseline,MyopicEconomic,0,24,early,0.6558138612660278,0.22766535990445966,1353.0514007973516,5943.158859850981,3412.923749968226,0.4,1,623.1365100020726,1,0.0,2,0,high,-0.5197297972949666,1.0463883656689934,0.3776908173523991,0.815325111799893,62,24,Imitation_64x64,404,0,0,0.016604368,0.0,0.0,True,-0.2,True,0.997766,-0.0022363663,0.0020687424,-6.1808143,2.9810648e-05,-10.420645,0.00010655078,-9.146889,2.8812903e-05,-10.454687
B_RL_test_00063,baseline,PPO,0,24,early,0.6092112298996989,0.14054555952618597,1225.4641336450247,8719.337258155783,3515.256718321031,0.4,0,570.2458398508572,1,0.0,2,0,high,-1.4160968264962555,1.271300483920626,0.2624403200649598,0.5443897374113016,63,5,Imitation_64x64,404,0,0,0.010294883,0.0,0.0,True,-0.2,True,0.99878806,-0.0012125969,0.0008005318,-7.1302342,5.92313e-06,-12.036646,0.0003626012,-7.922207,4.2949716e-05,-10.055481
B_RL_test_00064,baseline,ObservationPlanner,1,23,early,0.7230093447733669,0.4422362425874765,2831.9463335814994,6403.695719310763,4169.321450676664,0.3816100151721653,0,551.480806362687,1,0.0,2,0,high,-0.2311648484074592,0.750470788967369,0.44116609633456183,0.7340685337223977,64,4,Imitation_64x64,404,0,0,0.0077394387,0.0,0.0,True,-0.2,True,0.9990864,-0.00091409683,0.00078655785,-7.1478443,4.081692e-06,-12.408999,0.00010808077,-9.132631,1.4966419e-05,-11.109701
B_RL_test_00065,baseline,MyopicEconomic,17,7,late,0.16883788561041613,0.1953397861591348,2930.096792387022,15000.0,2526.854242657849,0.4377581672034112,0,681.087812638456,1,0.0,0,0,low,0.9543120520827897,1.2376231953811616,0.4808156757682948,0.8043152589284366,65,24,Imitation_64x64,404,2,0,0.83950245,27.26733318481513,27.26733318481513,False,0.0,False,0.036072154,-3.322234,0.14133476,-1.9566239,0.7413238,-0.2993176,0.004448178,-5.415261,0.07682106,-2.5662763
B_RL_test_00066,baseline,PPO,4,20,early,0.5446765194422268,1.073252499481339,1483.5483753950894,1382.2920292401186,1193.6200672635655,0.14139800041492867,0,709.3255489273176,1,0.0,1,2,low,0.10872647247335987,1.0882603901869417,0.24807577802657751,0.678805264804511,66,5,Imitation_64x64,404,0,1,0.71809995,44.239417380889336,44.239417380889336,False,-0.2,False,0.78068733,-0.24758065,0.1549578,-1.8646026,0.005446589,-5.2127657,0.02730712,-3.600608,0.031601183,-3.4545608
B_RL_test_00067,baseline,ObservationPlanner,2,22,early,0.1097643319784132,0.7714368241331376,4333.73462698888,5617.744047749718,3805.298674699541,0.348534859982811,0,858.1554947232789,1,0.0,0,1,high,1.7860277180715896,1.4976221550110438,0.3431977762345563,0.6947477889754374,67,7,Imitation_64x64,404,0,0,0.32515132,0.0,0.0,True,-0.2,True,0.9176242,-0.0859673,0.07214922,-2.6290188,0.0032773735,-5.7207127,0.0012695382,-6.6691017,0.0056795757,-5.170879
B_RL_test_00068,baseline,MyopicEconomic,0,24,early,0.42653032626779175,0.37421081019193775,2545.965711703852,6803.560031838716,2610.68512423398,0.4,0,666.6578373952274,1,0.0,1,0,low,0.11732619098720778,0.9121918234253104,0.44108451528192855,0.739356466273892,68,14,Imitation_64x64,404,0,0,0.0058122296,0.0,0.0,True,-0.2,True,0.9993438,-0.00065660477,0.0005452559,-7.5142555,2.2952627e-06,-12.984664,9.6557014e-05,-9.245378,1.2037469e-05,-11.327487
B_RL_test_00069,baseline,PPO,1,23,early,0.960812023620709,0.6728979002668548,2168.0837102651412,3222.0099206808827,4198.773867629622,0.2488485489978257,0,483.07543703213923,1,0.0,2,1,high,-1.4919352173107752,1.3055222135338365,0.41763881714870493,0.7592059164002953,69,6,Imitation_64x64,404,0,0,0.012143552,0.0,0.0,True,-0.2,True,0.99847084,-0.0015301704,0.0013142424,-6.634495,5.0677277e-06,-12.192617,0.00019267587,-8.554502,1.6965254e-05,-10.984343
B_RL_test_00070,baseline,ObservationPlanner,4,20,early,0.04844010728093621,1.0,1958.2948491654167,1958.2948491654167,1639.8550914103687,0.3349557074327678,0,910.063873343722,1,0.0,0,1,low,2.389651181165024,1.299545799569939,0.4153647449400546,0.7062253508358912,70,11,Imitation_64x64,404,0,0,1.2851626,0.0,0.0,True,-0.2,True,0.47870976,-0.7366609,0.2731233,-1.297832,0.062780164,-2.7681162,0.036406595,-3.3130054,0.14898022,-1.9039418
B_RL_test_00071,baseline,MyopicEconomic,21,3,late,0.3819574454017667,0.3308075231538171,4962.112847307257,15000.0,3235.427963034861,0.26325602044805047,0,686.9360106943229,1,0.0,1,0,high,0.09105636204004242,1.0313146161355393,0.4853300622396656,0.5238168952882202,71,24,Imitation_64x64,404,2,1,1.1700083,13.14568020308596,13.14568020308596,False,0.0,False,0.37885004,-0.9706149,0.19108498,-1.6550372,0.39659595,-0.92483735,0.0013172664,-6.6321964,0.032151796,-3.437287
B_RL_test_00072,baseline,PPO,0,24,early,0.7588589061208596,0.6809655158039449,4039.6011253995216,5932.166947735064,1816.55993714263,0.4,1,695.702630528886,1,0.0,2,1,low,0.386536536410366,0.930225005718882,0.29112376646152666,0.6081968729634402,72,3,Imitation_64x64,404,0,0,0.009563728,0.0,0.0,True,-0.2,True,0.9987925,-0.0012083054,0.0011576001,-6.7614064,4.630453e-06,-12.282856,3.766462e-05,-10.1867895,7.575609e-06,-11.790577
B_RL_test_00073,baseline,ObservationPlanner,22,2,late,0.4137834712644008,1.029344230852175,514.6721154260874,500.0,5830.51050764666,0.14221314095652096,0,696.2288645930913,1,0.0,1,2,high,0.45941812709734065,1.1789910139310849,0.28356995023331066,0.6877866114164769,73,24,Imitation_64x64,404,2,2,1.3562442,0.0,0.0,True,0.0,True,0.10111249,-2.2915215,0.12556055,-2.0749671,0.40334648,-0.90795934,0.041519787,-3.1815853,0.32846072,-1.113338
B_RL_test_00074,baseline,MyopicEconomic,7,17,early,0.04053304116497742,0.13505325496414894,2025.7988244622338,14999.999999999998,4168.7212063130455,0.49730623844293537,0,737.1110563485262,1,0.0,0,0,high,1.5965306398868033,0.7644284406291425,0.5561785363345491,0.7034210583296641,74,24,Imitation_64x64,404,2,1,0.40432492,0.9982117901608092,0.9982117901608092,False,0.0,False,0.0149385175,-4.203812,0.06954477,-2.6657846,0.9013965,-0.10381007,0.000575882,-7.459608,0.013544358,-4.3017855
B_RL_test_00075,baseline,PPO,1,23,early,0.7564671147100324,0.6119493257231801,3427.4907057391165,5600.938773302232,2612.995156430521,0.28013957570482395,0,586.5806523842683,1,0.0,2,1,low,-1.9380212781880286,0.5667805381576572,0.34706457120354495,0.4642840454103798,75,4,Imitation_64x64,404,0,0,0.0134287095,0.0,0.0,True,-0.2,True,0.998287,-0.0017142296,0.00147714,-6.5176473,6.738748e-06,-11.907637,0.00019887794,-8.522819,3.0240863e-05,-10.406317
B_RL_test_00076,baseline,ObservationPlanner,3,21,early,0.8732476304401287,1.1162618083955889,3034.364563993472,2718.3269562494356,1933.50347851992,0.10699055328352877,0,582.3405206417185,1,0.0,2,2,low,-0.9456056299759363,0.9330307037393054,0.3516778080616225,0.7294508559928045,76,6,Imitation_64x64,404,0,1,0.17883953,20.356151312253132,20.356151312253132,False,-0.2,False,0.96314085,-0.037555695,0.031353146,-3.4624407,0.0009505223,-6.958499,0.0029836055,-5.814623,0.0015718254,-6.455518
B_RL_test_00077,baseline,MyopicEconomic,16,8,late,0.11924889965361976,0.10632274977041356,1594.8412465562033,14999.999999999998,2621.478144077052,0.3694256144447483,0,739.7602268363717,1,0.0,0,0,low,0.31858297831781607,0.8479897153648971,0.4532158731317911,0.56086922159226,77,24,Imitation_64x64,404,2,2,0.40400434,0.0,0.0,True,0.0,True,0.0027632394,-5.8913517,0.028257394,-3.5664,0.9014076,-0.103797674,0.002690019,-5.918207,0.06488176,-2.7351887
B_RL_test_00078,baseline,PPO,3,21,early,0.9540215157636134,1.225,5355.1173299948005,4371.524351016164,3521.0761850454173,0.02,2,565.1217807466435,1,0.0,2,2,high,-0.8075015401694254,1.0321185311846846,0.18971493676975942,0.6519106372702784,78,4,Imitation_64x64,404,0,1,0.26141927,19.22203246319441,19.22203246319441,False,-0.2,False,0.93982995,-0.062056303,0.05057164,-2.9843643,0.006820963,-4.987755,0.0009805213,-6.9274263,0.0017968008,-6.321748
B_RL_test_00079,baseline,ObservationPlanner,0,24,early,0.6107559122745796,0.35881894687930105,1990.6102300783075,5547.673129835883,2877.475817049848,0.4,0,606.0929451374526,1,0.0,2,0,low,-0.2263729641847368,0.7787968829600019,0.42086284106403515,0.720814474587929,79,1,Imitation_64x64,404,0,0,0.009827473,0.0,0.0,True,-0.2,True,0.99884194,-0.0011587143,0.00077774865,-7.159107,2.3031394e-06,-12.981237,0.00035263295,-7.950083,2.540047e-05,-10.580743
B_RL_test_00080,baseline,MyopicEconomic,1,23,early,0.6454988717607186,0.6105344746162854,2483.2239255782656,4067.2951795866175,1869.5339146746887,0.31435377533905284,0,598.6720201337081,1,0.0,2,1,low,-1.0123921144009338,1.1258003834783963,0.39749000470481033,0.5241669124696455,80,2,Imitation_64x64,404,0,0,0.021904835,0.0,0.0,True,-0.2,True,0.9970841,-0.0029201508,0.0021307333,-6.151289,7.660376e-06,-11.779449,0.0007100786,-7.250135,6.74783e-05,-9.603704
B_RL_test_00081,baseline,PPO,5,19,early,0.5471971665134849,1.0,820.1402972263885,820.1402972263885,1144.5597734841792,0.21690835041641865,0,654.083534261115,1,0.0,1,1,low,0.4670964360920484,1.0318299041662726,0.39611149708091536,0.7766966329528985,81,24,Imitation_64x64,404,0,0,0.70953983,0.0,0.0,True,-0.2,True,0.7934483,-0.23136687,0.12760347,-2.0588276,0.0033834458,-5.6888604,0.0492605,-3.0106328,0.026304197,-3.6380267
B_RL_test_00082,baseline,ObservationPlanner,4,20,early,0.979857188575217,1.0,500.00000000000006,500.00000000000006,1287.0936432178305,0.0352510431562565,3,467.9522389366124,1,0.0,2,1,low,-1.8132668856006082,0.8977841514156312,0.379017546862315,0.6711371551218738,82,7,Imitation_64x64,404,0,2,0.40338895,-68.35334460771696,0.0,False,-0.0,True,0.90912175,-0.095276356,0.052813828,-2.9409823,0.022015387,-3.8160138,0.008234362,-4.7994394,0.007814777,-4.851739
B_RL_test_00083,baseline,MyopicEconomic,9,15,middle,0.8651092790573723,0.5928297836241365,8892.446754362049,15000.0,2967.3578290978676,0.10333974095211913,0,633.7478036785967,1,0.0,2,1,low,-0.19318881647829222,1.1007255421738986,0.39873602801111796,0.6182139355952364,83,13,Imitation_64x64,404,0,0,0.04298761,0.0,0.0,True,-0.2,True,0.9933289,-0.006693363,0.0058146915,-5.1473675,0.0007617068,-7.179949,3.6304442e-05,-10.22357,5.8293965e-05,-9.750011
B_RL_test_00084,baseline,PPO,0,24,early,0.906174739606605,0.4075748690648555,1513.3767327880428,3713.12572892522,2389.231910536744,0.4,0,427.4413147982198,1,0.0,2,0,low,-2.719303493644447,0.9141938919096755,0.4493131263051819,0.7602119282809829,84,2,Imitation_64x64,404,0,0,0.01239056,0.0,0.0,True,-0.2,True,0.9984989,-0.001502037,0.0007378308,-7.211796,1.5537711e-06,-13.3748255,0.00074488646,-7.2022786,1.6732882e-05,-10.998135
B_RL_test_00085,baseline,ObservationPlanner,4,20,early,0.7941548900434988,1.1078584625333887,3538.6924791601796,3194.173803635616,3279.8007078489463,0.113713229973289,0,660.8190807718751,1,0.0,2,2,high,-0.732507953119708,1.414482734313204,0.324414951475154,0.5343499923124448,85,5,Imitation_64x64,404,0,1,0.28313679,53.64015616127699,53.64015616127699,False,-0.2,False,0.93062603,-0.071897745,0.062006257,-2.78052,0.001334124,-6.61948,0.0027155797,-5.9087496,0.0033179738,-5.7084007
B_RL_test_00086,baseline,MyopicEconomic,9,15,middle,0.8725517982544201,0.5126492332251752,7689.7384983776265,14999.999999999998,3696.8864482792205,0.17155046543004115,0,578.3838689196426,1,0.0,2,1,high,-0.5739392325338428,0.8405098617483711,0.2825418813098837,0.6386877709365626,86,16,Imitation_64x64,404,0,0,0.06039631,0.0,0.0,True,-0.2,True,0.98985845,-0.010193348,0.009153484,-4.6936207,0.0008406629,-7.08132,4.4184846e-05,-10.027128,0.000103205966,-9.178784
B_RL_test_00087,baseline,PPO,9,15,middle,0.5014289547566524,1.9666253091615,3959.3397123443137,2013.265920000001,9962.41445462283,0.08991769508881849,0,706.7720228447201,1,0.0,1,2,high,0.6498672710491811,1.088206740370783,0.40818789241107123,0.7330825440302011,87,14,Imitation_64x64,404,2,1,1.2060317,55.73651992605255,55.73651992605255,False,0.0,False,0.16392857,-1.8083245,0.26422644,-1.3309488,0.4955244,-0.70213866,0.003314623,-5.7094116,0.07300596,-2.6172142
B_RL_test_00088,baseline,ObservationPlanner,10,14,middle,0.01751231497823463,1.0,2062.3705253171834,2062.3705253171834,6848.24600462249,0.42136429596045955,0,823.4542716105796,1,0.0,0,1,high,3.2597985744067355,0.9085305102515508,0.4665674267932232,0.8094894424242502,88,24,Imitation_64x64,404,1,1,1.3896778,0.0,0.0,True,-0.1,True,0.2619285,-1.3396838,0.32349047,-1.1285857,0.26630172,-1.3231254,0.010657593,-4.541483,0.13762175,-1.9832464
B_RL_test_00089,baseline,MyopicEconomic,14,10,middle,0.1543903474151127,0.14228358458682816,2028.3947818698225,14256.000000000002,3369.936719339581,0.43161391595669496,0,713.1052669663361,1,0.0,0,0,high,1.7888009368239013,0.6988729541935131,0.3328235380263363,0.8188913977778863,89,24,Imitation_64x64,404,2,3,0.67389655,8.046498553436578,8.046498553436578,False,0.0,False,0.02373416,-3.74084,0.091407925,-2.3924232,0.8152849,-0.20421767,0.003712,-5.5961847,0.06586106,-2.720208
B_RL_test_00090,baseline,PPO,10,14,middle,0.7534781431339181,2.315642848909248,2176.249783856102,939.8037287491009,4306.620593893453,0.02,1,646.8127409746123,1,0.0,2,2,high,0.043613096896889136,1.037068499561815,0.565620493324281,0.7959980754214587,90,11,Imitation_64x64,404,2,0,1.1075423,12.47295748320471,12.47295748320471,False,0.0,False,0.118508965,-2.1327667,0.20327131,-1.5932138,0.5973799,-0.51520205,0.0054003554,-5.2212906,0.07543939,-2.5844257
B_RL_test_00091,baseline,ObservationPlanner,20,4,late,0.004203746421753841,0.048369274057587466,725.539110863812,15000.0,1895.838978176145,0.6002317453913092,0,914.2149004138386,1,0.0,0,0,low,2.3382845918220068,0.6741896711819185,0.5199109965055012,0.712837240683555,91,24,Imitation_64x64,404,4,2,0.9855193,-17.73963985028837,0.0,False,0.0,True,0.00071723486,-7.2401075,0.03903154,-3.2433853,0.34326988,-1.0692384,0.056432568,-2.874709,0.5605488,-0.57883906
B_RL_test_00092,baseline,MyopicEconomic,17,7,late,0.08960262868948717,0.1692689454392299,2056.6176870866434,12150.0,2114.236479504682,0.4353373723168985,0,580.4005404605385,1,0.0,0,0,low,-0.5862659646754461,1.1181404121059324,0.6389081097596125,0.889545304488342,92,22,Imitation_64x64,404,2,3,0.4840971,22.070955021289222,22.070955021289222,False,0.0,False,0.006777622,-4.994129,0.018262114,-4.002927,0.8756311,-0.1328106,0.009563696,-4.649781,0.08976553,-2.4105544
B_RL_test_00093,baseline,PPO,5,19,early,0.01220936956066418,1.0,4915.200000000001,4915.200000000001,8492.213570262602,0.4346923481340863,0,876.6096227204597,1,0.0,0,1,high,3.0629373987984785,0.9114223715622548,0.4060270931795948,0.7879782542358003,93,24,Imitation_64x64,404,0,0,0.666598,0.0,0.0,True,-0.2,True,0.77011603,-0.26121402,0.1920615,-1.6499395,0.027730715,-3.5852146,0.00077769463,-7.159177,0.009314104,-4.6762257
B_RL_test_00094,baseline,ObservationPlanner,5,19,early,0.9887958087926114,1.0,500.0,500.0,1405.898611797393,0.02,3,392.42144428152614,1,0.0,2,1,low,-1.3976582755334301,0.7487520285556225,0.4855545079422672,0.6876819511748817,94,8,Imitation_64x64,404,0,2,0.47201312,-87.30987679035434,0.0,False,0.0,True,0.8889489,-0.1177156,0.059601035,-2.8200824,0.032786172,-3.4177485,0.009096462,-4.69987,0.00956752,-4.6493816
B_RL_test_00095,baseline,MyopicEconomic,14,10,middle,0.23804962142462843,0.1728121909906215,2042.0964107147854,11816.853886341905,2929.6763194070577,0.4715160381848498,0,599.3617573811041,1,0.0,1,0,low,-0.2563260662755433,0.9887072235021326,0.5326297737522329,0.6408928626998098,95,24,Imitation_64x64,404,0,0,1.51055,0.0,0.0,True,-0.2,True,0.2792526,-1.2756386,0.19447774,-1.6374376,0.23227143,-1.4598486,0.051809452,-2.9601827,0.24218872,-1.418038
B_RL_test_00096,baseline,PPO,23,1,late,0.057706257325393535,1.0,500.0,500.0,4245.599445238874,0.3531450452789717,0,734.2826019711963,1,0.0,0,1,high,0.63121929203782,0.9721972196766725,0.445765228928636,0.7938713156995721,96,24,Imitation_64x64,404,2,2,0.65380883,0.0,0.0,True,0.0,True,0.0045782416,-5.3864403,0.008646865,-4.7505584,0.7878788,-0.23841095,0.027013198,-3.6114297,0.17188281,-1.7609423
B_RL_test_00097,baseline,ObservationPlanner,0,24,early,0.5202720984178253,0.18164222778984737,336.65413188935815,1853.3913395890145,1585.6471968155172,0.4,0,570.907195146081,1,0.0,1,0,low,-0.6422699443344645,0.5751794844401634,0.5138524784076035,0.5242284254912288,97,24,Imitation_64x64,404,0,0,0.11643091,0.0,0.0,True,-0.2,True,0.97734106,-0.022919655,0.0019043154,-6.263633,8.3951e-06,-11.687862,0.020437717,-3.8903732,0.00030854854,-8.0836315
B_RL_test_00098,baseline,MyopicEconomic,8,16,middle,0.36105580188544195,0.5128494073419781,7692.741110129673,15000.0,2999.8299614530706,0.1765400580706997,0,745.413405021207,1,0.0,1,1,low,0.9088657953933286,1.3248086092922042,0.36488819247598553,0.5828741555508058,98,22,Imitation_64x64,404,0,0,0.6494101,0.0,0.0,True,-0.2,True,0.79920506,-0.22413778,0.08596192,-2.453851,0.11276653,-2.1824358,0.00012077248,-9.021603,0.001945658,-6.242155
B_RL_test_00099,baseline,PPO,1,23,early,0.6935374321243797,0.8015197217681155,3446.4035370911242,4299.836227970183,2308.449944443907,0.3122362038919836,0,638.8794272401572,1,0.0,2,1,low,-0.26689171429934844,0.6907053720958345,0.34363800188548893,0.47058435393170817,99,6,Imitation_64x64,404,0,0,0.0142662795,0.0,0.0,True,-0.2,True,0.9981627,-0.0018391609,0.0015810346,-6.449676,4.796959e-06,-12.247528,0.00022234,-8.411303,2.91502e-05,-10.4430485
B_RL_test_00000,severe_stress,PPO,2,22,early,0.4166718720179237,0.5570515438200542,5194.628365429958,9325.220301531006,5113.817957246661,0.2675494669086287,0,735.6133585549072,1,0.0,1,1,high,0.7766626320299265,1.1540687281369808,0.34471001732411144,0.8095158963876717,100,9,Imitation_64x64,404,0,0,0.030137096,0.0,0.0,True,-0.2,True,0.99549085,-0.0045194626,0.004240953,-5.4629674,0.0001485151,-8.814824,4.6040044e-05,-9.985999,7.365785e-05,-9.51608
B_RL_test_00001,severe_stress,ObservationPlanner,5,19,early,0.3882490109490616,1.0006186687674683,1876.0181886488513,1874.8582723922927,1967.1722695860833,0.19101578376353281,0,827.2144458947637,2,1.6,1,2,low,1.6613225481260747,0.841180276874062,0.2960832412250551,0.6198577850919593,101,14,Imitation_64x64,404,0,1,0.7448704,18.710098816591994,18.710098816591994,False,-0.2,False,0.7765827,-0.25285208,0.10737814,-2.2313986,0.014045764,-4.2654343,0.0037784756,-5.5784345,0.09821486,-2.320598
B_RL_test_00002,severe_stress,MyopicEconomic,1,23,early,0.4350840664284275,0.24334980512276738,1594.1887694297345,6551.017242958067,2311.7540353432664,0.35961980914440683,0,678.8660937176784,1,0.0,1,0,low,0.4546918678629157,0.8585965558808485,0.47150063272009635,0.832595564470931,102,8,Imitation_64x64,404,0,0,0.033285834,0.0,0.0,True,-0.2,True,0.9954209,-0.0045895576,0.0025355213,-5.977356,1.5733569e-05,-11.059713,0.0017482261,-6.3491535,0.0002796123,-8.182106
B_RL_test_00003,severe_stress,PPO,4,20,early,0.17384169938551708,0.9999999999999998,4497.415959676926,4497.415959676927,7800.775326931617,0.4070511995665708,0,757.5840193125299,2,1.6,0,1,high,1.033632078382112,1.2276235612338229,0.47864155202413344,0.8531424835747992,103,8,Imitation_64x64,404,0,0,0.17679746,0.0,0.0,True,-0.2,True,0.96199006,-0.038751125,0.0343107,-3.372298,0.0018133469,-6.312581,0.0001546431,-8.77439,0.0017313822,-6.358835
B_RL_test_00004,severe_stress,ObservationPlanner,6,18,early,0.776933689900663,1.008353470396052,2121.113929313534,2103.542053046559,2725.081576561847,0.140064894447816,0,641.2934889559235,2,1.6,2,2,low,0.4602511534154351,1.0830413162393473,0.45980112852588634,0.7412130218716163,104,11,Imitation_64x64,404,0,0,0.34262013,0.0,0.0,True,-0.2,True,0.9160555,-0.087678194,0.06667481,-2.707928,0.0021394659,-6.1471987,0.0016382342,-6.414136,0.01349197,-4.3056607
B_RL_test_00005,severe_stress,MyopicEconomic,7,17,early,0.8025142906744749,0.1102030000105691,1470.0200355926197,13339.201613854762,1638.3929991407078,0.3418930605080054,0,636.3318377891824,2,1.6,2,0,low,-0.04444196082094837,1.1818582927166443,0.48676356778721747,0.6668066982541053,105,12,Imitation_64x64,404,0,0,0.180663,0.0,0.0,True,-0.2,True,0.96084034,-0.039947033,0.034773014,-3.3589137,5.7991827e-05,-9.755209,0.00040999014,-7.7993774,0.0039186827,-5.542
B_RL_test_00006,severe_stress,PPO,5,19,early,0.8721603821264096,1.0998398072478652,3950.3923799281415,3591.7888713386624,5815.632777110655,0.02,1,684.1993287360234,2,1.6,2,2,high,0.9316380738118776,0.6386269675984682,0.5197144407917117,0.5755142980102315,106,7,Imitation_64x64,404,0,0,0.9998482,0.0,0.0,True,-0.2,True,0.62919426,-0.46331525,0.22128819,-1.5082895,0.11438199,-2.1682117,0.0024583994,-6.008245,0.032677185,-3.4210782
B_RL_test_00007,severe_stress,ObservationPlanner,2,22,early,0.941153837414281,1.0,9600.0,9600.0,6575.139522683609,0.02,1,540.727184687694,1,0.0,2,1,high,-1.7014713346367327,1.0009109290001965,0.4410433472212441,0.6888284147284123,107,5,Imitation_64x64,404,0,0,0.108401604,0.0,0.0,True,-0.2,True,0.98001206,-0.020190239,0.0163684,-4.1124024,0.0034063926,-5.6821012,8.637868e-05,-9.35677,0.00012680229,-8.972881
B_RL_test_00008,severe_stress,MyopicEconomic,3,21,early,0.46800086187321227,0.3932877923561791,4242.888278486691,10788.253184945392,4666.187714582823,0.3364305752596788,0,619.1106237784993,1,0.0,1,0,high,-0.39024726220835865,0.9356708536559166,0.4388010593340236,0.8167731441495508,108,6,Imitation_64x64,404,0,0,0.019177597,0.0,0.0,True,-0.2,True,0.99737996,-0.002623558,0.0023783417,-6.041352,0.00018076517,-8.618312,3.0117846e-05,-10.410393,3.092073e-05,-10.384084
B_RL_test_00009,severe_stress,PPO,2,22,early,0.6161913093291045,0.5250073090912045,3060.6138934986757,5829.659588542955,3652.883738387161,0.3644789563273006,0,573.8508323546777,1,0.0,2,1,high,-0.11325674064309288,0.5753649050646394,0.44374303847723623,0.8737371263430239,109,5,Imitation_64x64,404,0,0,0.020552935,0.0,0.0,True,-0.2,True,0.9972064,-0.0027976036,0.0024318595,-6.019099,2.3342007e-05,-10.665256,0.0002683961,-8.223046,6.9985e-05,-9.56723
B_RL_test_00010,severe_stress,ObservationPlanner,1,23,early,0.9138404870515462,0.8336148063277276,1604.158451919865,1924.340162558492,1727.6845770750347,0.02,1,575.1760875918158,1,0.0,2,1,low,-0.4838409806239353,0.8413063321790891,0.4391246703190555,0.6872603844075084,110,4,Imitation_64x64,404,0,0,0.17478782,0.0,0.0,True,-0.2,True,0.96526027,-0.035357475,0.02815607,-3.5699923,0.0028443898,-5.8624067,0.0020778566,-6.1764183,0.001661382,-6.4001055
B_RL_test_00011,severe_stress,MyopicEconomic,4,20,early,0.6259546933303869,0.44865801078481937,5072.576936786621,11306.110255143705,2986.8511662016085,0.2571121325345216,0,667.5995820019157,2,1.6,2,0,low,0.6701751736113165,1.1556843223065958,0.3527015341276848,0.6125902414428819,111,6,Imitation_64x64,404,0,0,0.027812857,0.0,0.0,True,-0.2,True,0.9958799,-0.004128456,0.0039006632,-5.5466084,7.316977e-05,-9.522728,3.331281e-05,-10.309568,0.00011284958,-9.089455
B_RL_test_00012,severe_stress,PPO,7,17,early,0.5738788763763731,1.0160239515840837,1150.4354262240656,1132.2916398087082,1935.3231653427192,0.18718083873273306,0,719.5123947019736,2,1.6,1,2,low,0.9772288051966393,0.9509734753112715,0.46436674060322847,0.7302773060708184,112,9,Imitation_64x64,404,0,1,0.6524081,19.62120421677446,19.62120421677446,False,-0.2,False,0.81085706,-0.20966363,0.0998105,-2.304482,0.0046729976,-5.3659544,0.0047441702,-5.3508387,0.07991529,-2.5267882
B_RL_test_00013,severe_stress,ObservationPlanner,2,22,early,0.9314582456168501,0.6919830412331085,2007.0177052663607,2900.385682414804,2408.1872813445257,0.2947446355756634,0,496.3313094061973,1,0.0,2,1,low,-1.736257804977541,1.0740468656905695,0.3667052714676963,0.6175553539035563,113,3,Imitation_64x64,404,0,0,0.017078437,0.0,0.0,True,-0.2,True,0.9978005,-0.002202034,0.0016094532,-6.431861,4.5300612e-06,-12.304775,0.0005564806,-7.4938784,2.9055986e-05,-10.446286
B_RL_test_00014,severe_stress,MyopicEconomic,1,23,early,0.5271408732435738,0.7017806288528439,6543.9437847632835,9324.771183069348,3885.4089210235634,0.42337198126547393,0,675.8104456583286,1,0.0,1,1,high,-0.6684220948261075,1.1138218846795502,0.3991183392656671,0.6578988792549979,114,2,Imitation_64x64,404,0,0,0.004945461,0.0,0.0,True,-0.2,True,0.9994288,-0.0005712509,0.0005500636,-7.5054765,3.0496278e-06,-12.700491,1.3641283e-05,-11.20241,4.4203553e-06,-12.32929
B_RL_test_00015,severe_stress,PPO,0,24,early,0.8827892318835304,0.7750439435362315,7010.115307667944,9044.797222314191,5056.69050475539,0.4,0,530.7452935881225,1,0.0,2,1,high,-1.857567923464245,1.5996820862393486,0.20504247408141998,0.6309168474085493,115,1,Imitation_64x64,404,0,0,0.0041454462,0.0,0.0,True,-0.2,True,0.99953115,-0.00046920776,0.00045251052,-7.7007,1.7733836e-06,-13.242621,1.2030406e-05,-11.3280735,2.4829606e-06,-12.906059
B_RL_test_00016,severe_stress,ObservationPlanner,2,22,early,0.9303009848476829,1.0,9600.0,9600.0,6088.8328922062965,0.02,1,576.6080377234201,1,0.0,2,1,high,-0.4401584506355456,1.0497642801219806,0.40754786971653073,0.5611451094235479,116,3,Imitation_64x64,404,0,0,0.16101842,0.0,0.0,True,-0.2,True,0.9669366,-0.033622265,0.027942711,-3.5775988,0.0047598598,-5.347537,0.000116499396,-9.057625,0.00024421708,-8.317453
B_RL_test_00017,severe_stress,MyopicEconomic,6,18,early,0.7768153545458911,0.40930999507012233,6139.649926051834,14999.999999999998,5866.334776902437,0.1954478274580968,0,694.7630917863607,2,1.6,2,0,high,1.1733858159969814,0.7571982460402745,0.28812725488404634,0.8037034744292322,117,9,Imitation_64x64,404,0,0,0.046837356,0.0,0.0,True,-0.2,True,0.9923577,-0.007671833,0.0072054886,-4.9329123,0.00032441356,-8.033491,1.9628536e-05,-10.838526,9.274433e-05,-9.285665
B_RL_test_00018,severe_stress,PPO,6,18,early,0.9037274035148669,1.3043053922444858,2625.6889312815624,2013.0936718456728,3661.6467780397475,0.02,1,661.2703781829231,2,1.6,2,2,high,0.783350719956263,0.519994892666678,0.3439098168059432,0.6750775086741557,118,10,Imitation_64x64,404,0,2,1.2337191,44.98419754496899,44.98419754496899,False,-0.2,False,0.47323895,-0.74815476,0.24127175,-1.4218313,0.2137007,-1.5431788,0.0048469137,-5.329413,0.066941656,-2.7039337
B_RL_test_00019,severe_stress,ObservationPlanner,1,23,early,0.5225384016325821,0.8831844316605247,4188.129520917361,4742.078065215692,2842.7474317976203,0.33006626442034487,0,657.7004203308887,1,0.0,1,1,low,0.008801761928701954,1.281540519190883,0.5907284257417467,0.640373467956049,119,7,Imitation_64x64,404,0,0,0.031084862,0.0,0.0,True,-0.2,True,0.9953804,-0.004630089,0.00423719,-5.463855,3.0261273e-05,-10.405642,0.0002532668,-8.281067,9.896906e-05,-9.220703
B_RL_test_00020,severe_stress,MyopicEconomic,5,19,early,0.9903273726904043,0.7235343520892216,9364.720559533289,12943.021340303261,5857.857629745934,0.02,1,514.2749941083653,2,1.6,2,1,high,-1.4821096191035665,1.036690732347569,0.2978889158652708,0.5594487500561349,120,7,Imitation_64x64,404,0,0,0.06580179,0.0,0.0,True,-0.2,True,0.9892651,-0.010792732,0.008084378,-4.8178215,0.0025605715,-5.9675245,3.1263586e-05,-10.373056,5.8623802e-05,-9.7443695
B_RL_test_00021,severe_stress,PPO,0,24,early,0.952856086691239,0.6390721954551879,1575.6809170081594,2465.5757647003547,2983.166026826811,0.4,1,437.37277351007333,1,0.0,2,1,low,-2.4253689918491133,0.8437459054517884,0.339367546935539,0.6145889537406355,121,3,Imitation_64x64,404,0,0,0.026737345,0.0,0.0,True,-0.2,True,0.996114,-0.0038933754,0.0035838478,-5.631318,3.599369e-05,-10.232166,0.00022290806,-8.408751,4.3254833e-05,-10.048401
B_RL_test_00022,severe_stress,ObservationPlanner,6,18,early,0.8420111540845878,1.2249999999999999,1778.1684954270095,1451.5661187159262,3270.993987484063,0.02,1,656.6347725637011,2,1.6,2,2,high,0.5250911873728785,1.0225740464416466,0.5763159361893628,0.6742307684177278,122,9,Imitation_64x64,404,0,2,1.310914,41.854852230903816,41.854852230903816,False,-0.2,False,0.3719869,-0.98889667,0.22066705,-1.5111003,0.311659,-1.1658456,0.0057401657,-5.1602674,0.089946836,-2.4085364
B_RL_test_00023,severe_stress,MyopicEconomic,2,22,early,0.8311454201682336,0.5229275424069387,7843.913136104081,15000.0,6830.231827298405,0.20253138521525418,0,597.884195380762,1,0.0,2,1,high,0.24134772804040389,1.3810949496954836,0.24254573603279125,0.7506369767835125,123,5,Imitation_64x64,404,0,0,0.0073808013,0.0,0.0,True,-0.2,True,0.9990983,-0.0009021759,0.00087032927,-7.046639,2.4467778e-05,-10.618154,4.4721205e-06,-12.317648,2.4501226e-06,-12.919373
B_RL_test_00024,severe_stress,PPO,2,22,early,0.8642852064172054,0.6675057313785617,2305.939145833296,3454.5608186329287,2026.5878802852524,0.06325948422561593,0,590.1525426782189,1,0.0,2,1,low,-2.0101277777033815,1.478343626097419,0.4308653496981941,0.530824615742716,124,3,Imitation_64x64,404,0,0,0.05056952,0.0,0.0,True,-0.2,True,0.99214727,-0.007883549,0.006424563,-5.0476265,9.1755115e-05,-9.296387,0.0011004998,-6.8119907,0.00023579645,-8.352541
B_RL_test_00025,severe_stress,ObservationPlanner,1,23,early,0.9230822556998987,0.7019633566330249,2407.255806884243,3429.3183314164326,2132.473316032242,0.02,1,572.8295723806025,1,0.0,2,1,low,-1.0508383580584602,0.7887385917443512,0.307348428917548,0.5336745085892886,125,4,Imitation_64x64,404,0,0,0.09048801,0.0,0.0,True,-0.2,True,0.9839679,-0.016161919,0.013978822,-4.2702117,0.0008974303,-7.015975,0.0006885192,-7.280967,0.000467259,-7.668627
B_RL_test_00026,severe_stress,MyopicEconomic,3,21,early,0.6771584225464135,0.4334220552491781,6501.330828737671,15000.0,6516.058797860334,0.21084889268126272,0,618.5060310757419,1,0.0,2,0,high,-0.8487921202430904,0.9644137800497737,0.41649155616272776,0.8018488833642444,126,6,Imitation_64x64,404,0,0,0.031687167,0.0,0.0,True,-0.2,True,0.9954407,-0.0045695305,0.00356456,-5.6367145,0.0009608144,-6.947729,1.2780655e-05,-11.267578,2.103953e-05,-10.769107
B_RL_test_00027,severe_stress,PPO,7,17,early,0.9794303532191574,1.5006249999999994,2233.663407376808,1488.4887346117844,3613.5546788692905,0.02,2,531.7483152393892,2,1.6,2,2,high,-0.4425082286603216,0.8392601629979316,0.5331463867747503,0.7045610005896411,127,8,Imitation_64x64,404,0,0,1.2369952,0.0,0.0,True,-0.2,True,0.43742976,-0.8268391,0.19345751,-1.6426973,0.30521128,-1.186751,0.0058471407,-5.1418023,0.05805429,-2.8463764
B_RL_test_00028,severe_stress,ObservationPlanner,0,24,early,0.7918132670670824,0.315123682209895,1480.0754024988344,4696.8079076741615,2278.444071317703,0.4,0,476.49642618302425,1,0.0,2,0,low,-2.0485506467438626,0.6815482883078391,0.3819575070249458,0.8591634595862108,128,4,Imitation_64x64,404,0,0,0.010372365,0.0,0.0,True,-0.2,True,0.9987752,-0.0012254715,0.0006357977,-7.36063,2.2187255e-06,-13.018578,0.0005706261,-7.468776,1.6106811e-05,-11.036268
B_RL_test_00029,severe_stress,MyopicEconomic,4,20,early,0.8033574653262319,0.2934697064267671,2863.7622568244174,9758.289166173427,2106.395876993439,0.1911581694323644,0,707.929516947412,2,1.6,2,0,low,1.4081782222310821,1.1454430642322595,0.1524521085135705,0.686066795455444,129,11,Imitation_64x64,404,0,0,0.019872632,0.0,0.0,True,-0.2,True,0.9972709,-0.0027327538,0.0024807386,-5.999199,1.9483341e-05,-10.845951,6.3452324e-05,-9.665222,0.00016541741,-8.707038
B_RL_test_00030,severe_stress,PPO,2,22,early,0.3930271272446514,0.7230964992230754,2537.3396605380967,3508.9917642587384,3972.151885512717,0.38976284638487163,0,683.7439944050008,1,0.0,1,1,high,0.36049063728598935,0.6978249320066493,0.4584913795995479,0.7048195239783651,130,7,Imitation_64x64,404,0,0,0.06263538,0.0,0.0,True,-0.2,True,0.9896668,-0.010386944,0.008995092,-4.7110763,9.664074e-05,-9.244511,0.00084402884,-7.077324,0.0003974695,-7.8303924
B_RL_test_00031,severe_stress,ObservationPlanner,5,19,early,0.9546987231828551,1.225,1090.0667715457148,889.8504257516039,1181.8525818604196,0.02,1,601.2917641619872,2,1.6,2,2,low,-0.4494291645959675,1.2133114246152,0.5382540007993669,0.5509989301790695,131,6,Imitation_64x64,404,0,0,1.1174613,0.0,0.0,True,-0.2,True,0.5946362,-0.51980555,0.18519826,-1.6863284,0.14838086,-1.9079729,0.007422422,-4.9032497,0.06436228,-2.7432277
B_RL_test_00032,severe_stress,MyopicEconomic,0,24,early,0.6821034197939189,0.6964197399644306,8738.828413024821,12548.220435955986,6254.032431135801,0.4,0,655.121411864739,1,0.0,2,1,high,0.07233569176205216,1.0330987645795806,0.5532516681278125,0.8240805632894571,132,9,Imitation_64x64,404,0,0,0.0037017895,0.0,0.0,True,-0.2,True,0.999584,-0.00041627884,0.00040810608,-7.8039837,3.0387866e-06,-12.704053,3.7410096e-06,-12.496156,1.1303212e-06,-13.693008
B_RL_test_00033,severe_stress,PPO,3,21,early,0.8656298298742936,1.2249999999999999,3366.5276172647314,2748.1858100120257,1736.8128697309855,0.02,1,642.2010355136549,1,0.0,2,2,low,-0.569740014719955,0.9772691096688223,0.5020581483713409,0.5604406923181983,133,5,Imitation_64x64,404,0,0,0.53810775,0.0,0.0,True,-0.2,True,0.84226906,-0.1716559,0.12939645,-2.0448744,0.014399201,-4.240583,0.003959108,-5.5317364,0.009976261,-4.6075473
B_RL_test_00034,severe_stress,ObservationPlanner,6,18,early,0.9599025264082925,1.2469872232469077,819.9497895790572,657.5446598755602,2245.722265453572,0.07882788984505502,0,552.4497873515605,2,1.6,2,2,low,-0.5568992969228953,1.1557145411930765,0.33555444694239067,0.7880201275407003,134,8,Imitation_64x64,404,0,2,0.42327973,22.245915802534,22.245915802534,False,-0.2,False,0.89069897,-0.11574888,0.08513717,-2.4634917,0.0046017044,-5.3813286,0.003204564,-5.7431793,0.01635763,-4.113061
B_RL_test_00035,severe_stress,MyopicEconomic,1,23,early,0.7399868189734163,0.3399015402607635,1845.2331416834586,5428.728390780001,2727.8239958769,0.28400901187449423,0,533.8944637613272,1,0.0,2,0,low,-1.6769227877276522,1.0197454526672802,0.36430119712109293,0.39029351173850463,135,4,Imitation_64x64,404,0,0,0.012777135,0.0,0.0,True,-0.2,True,0.99843425,-0.0015668869,0.0011205914,-6.7938986,9.522942e-06,-11.561807,0.00040192026,-7.819257,3.36627e-05,-10.29912
B_RL_test_00036,severe_stress,PPO,16,8,late,0.3118847260717725,1.0,500.0,500.0,2454.9755549353904,0.1270905630381849,0,761.0107431952268,2,1.6,1,1,low,0.7987720270045131,0.8271682697862274,0.4029096007715378,0.7093812837974224,136,24,Imitation_64x64,404,4,2,1.0144582,51.953122851331074,51.953122851331074,False,0.2,False,0.16989768,-1.7725592,0.079304315,-2.534463,0.07824466,-2.547915,0.008630053,-4.752505,0.6639233,-0.4095888
B_RL_test_00037,severe_stress,ObservationPlanner,4,20,early,0.9438664663311256,1.1266676831828484,2337.657878664597,2074.842399012181,2671.2774125862343,0.09866585345372143,0,646.0207764191298,2,1.6,2,2,low,-1.2539493473761563,1.107970464256297,0.20714979550495394,0.5822403131144498,137,5,Imitation_64x64,404,0,0,0.20586626,0.0,0.0,True,-0.2,True,0.95448,-0.04658842,0.040233932,-3.2130444,0.00074422004,-7.2031736,0.000902229,-7.010642,0.0036395162,-5.6159043
B_RL_test_00038,severe_stress,MyopicEconomic,4,20,early,0.9109789387204008,0.798495095201021,8951.99355393873,11211.081455278152,4927.59608061142,0.19084067555623632,0,652.9248733731681,2,1.6,2,1,high,0.4441157710907515,0.9390821754564493,0.4005351522638762,0.7348842428889295,138,9,Imitation_64x64,404,0,0,0.0150769865,0.0,0.0,True,-0.2,True,0.9979703,-0.0020318031,0.0019377732,-6.246216,5.0492643e-05,-9.893683,1.5886335e-05,-11.050052,2.5577789e-05,-10.573786
B_RL_test_00039,severe_stress,PPO,4,20,early,0.9784827512079856,1.069466509324007,2537.483680772115,2372.663060179433,2137.0096661463617,0.02,1,566.7124163652842,2,1.6,2,2,low,-0.9910608771563214,1.0687565486503725,0.32931114337766065,0.480487284890949,139,6,Imitation_64x64,404,0,1,0.7814045,5.246628571728934,5.246628571728934,False,-0.2,False,0.76537293,-0.26739204,0.12143559,-2.1083713,0.08549592,-2.4592867,0.0038302583,-5.564823,0.023865338,-3.735328
B_RL_test_00040,severe_stress,ObservationPlanner,4,20,early,0.28512415317950746,0.7535326114404304,1839.2176910013982,2440.7937534191183,2159.6985599955833,0.5363117668805257,0,714.8132690760597,2,1.6,1,1,low,0.3911514500331968,1.2544957364432432,0.6953851683896436,0.6634477604756893,140,10,Imitation_64x64,404,0,0,0.43478277,0.0,0.0,True,-0.2,True,0.87821496,-0.12986398,0.09992569,-2.3033285,0.000100582256,-9.204535,0.0018630172,-6.2855577,0.019895773,-3.917248
B_RL_test_00041,severe_stress,MyopicEconomic,6,18,early,0.20086797113615712,0.12716522241927988,1907.478336289198,15000.0,3748.9872853351985,0.3683525844882146,0,758.9756291691266,2,1.6,1,0,high,1.3455774008055212,0.8534561755749168,0.47756049876243367,0.5444764634918892,141,24,Imitation_64x64,404,1,1,0.7932895,0.0,0.0,True,-0.1,True,0.18279564,-1.6993866,0.735622,-0.30703902,0.023675267,-3.7433245,0.0005670982,-7.4749784,0.057340026,-2.8587565
B_RL_test_00042,severe_stress,PPO,6,18,early,0.9623827095974269,1.6679803131757132,4171.528143637945,2500.9456710527106,3773.2694503359917,0.019724329481097452,2,669.1783429313944,2,1.6,2,2,high,0.22909678781778126,0.879346771579291,0.2553585836990128,0.47150706749456744,142,7,Imitation_64x64,404,0,0,1.0136601,0.0,0.0,True,-0.2,True,0.6300976,-0.46188056,0.21392104,-1.5421484,0.11520962,-2.1610022,0.0040998026,-5.4968166,0.03667195,-3.3057432
B_RL_test_00043,severe_stress,ObservationPlanner,3,21,early,0.8794035173799283,1.295281415043853,4009.8569232642403,3095.741880252704,4615.157409787453,0.04164321112005153,2,557.8206986773903,1,0.0,2,2,high,-0.4983394640877816,1.1813366229036073,0.33760433114928884,0.7006270214394502,143,5,Imitation_64x64,404,0,0,0.5225955,0.0,0.0,True,-0.2,True,0.8607966,-0.1498971,0.08834383,-2.426519,0.042442523,-3.1596045,0.0022462276,-6.098503,0.0061707674,-5.087932
B_RL_test_00044,severe_stress,MyopicEconomic,1,23,early,0.3804055255840845,0.4356105149118464,1917.2409136349572,4401.273265919546,1396.0437312022414,0.27772017904346236,0,763.689211874541,1,0.0,1,0,low,0.09031488076551453,1.5566656761988789,0.21693195513352462,0.675601763777255,144,6,Imitation_64x64,404,0,0,0.039242197,0.0,0.0,True,-0.2,True,0.99440706,-0.0056085587,0.0035168687,-5.650184,2.580588e-05,-10.564908,0.0017625738,-6.34098,0.00028758534,-8.153991
B_RL_test_00045,severe_stress,PPO,1,23,early,0.5252960888755148,0.678798280687371,2547.8616237063934,3753.4886227560182,3463.9678318351735,0.3321768339442812,0,589.1816032979989,1,0.0,1,1,high,-0.7434848889073253,0.7769566157120102,0.4900627923832935,0.6806089276604373,145,5,Imitation_64x64,404,0,0,0.036627185,0.0,0.0,True,-0.2,True,0.9945886,-0.00542593,0.004630567,-5.375076,0.0001766204,-8.641508,0.0004559759,-7.6930704,0.00014822208,-8.816799
B_RL_test_00046,severe_stress,ObservationPlanner,3,21,early,0.30996818945811205,0.6254466564642434,4524.096955008408,7233.3857863816875,5497.876932608729,0.3959841218584353,0,678.2001978321048,1,0.0,1,1,high,0.04468770119945725,1.1100338854838319,0.466752765563234,0.8465379303694447,146,10,Imitation_64x64,404,0,0,0.028255746,0.0,0.0,True,-0.2,True,0.9958521,-0.0041565895,0.0038518265,-5.559208,0.00016041602,-8.7377405,6.406359e-05,-9.655634,7.1560586e-05,-9.544966
B_RL_test_00047,severe_stress,MyopicEconomic,8,16,middle,0.9967577336578811,1.0,13500.0,13500.0,5426.792941577646,0.013091152856206597,5,584.0432940268033,2,1.6,2,1,high,0.6794578365423228,1.2605601452914865,0.39418557739057486,0.663345949117258,147,9,Imitation_64x64,404,0,1,0.5552074,72.45552604368004,72.45552604368004,False,-0.2,False,0.83541197,-0.17983031,0.048732422,-3.0214107,0.114486665,-2.167297,0.00020700278,-8.482779,0.0011618999,-6.7576985
B_RL_test_00048,severe_stress,PPO,3,21,early,0.22787425817632054,1.0,3496.625410377927,3496.625410377927,4282.18936652522,0.2394748583802661,0,739.214628121166,1,0.0,1,1,high,0.8746453651728925,1.2289568893253286,0.34581064897313346,0.5645890100507188,148,9,Imitation_64x64,404,0,0,0.99599344,0.0,0.0,True,-0.2,True,0.6311292,-0.46024454,0.23686211,-1.440277,0.08960535,-2.4123402,0.0044302843,-5.4192915,0.037972987,-3.2708802
B_RL_test_00049,severe_stress,ObservationPlanner,1,23,early,0.6731811649547996,0.9726606164077489,3588.890871328263,3689.7668218364097,1771.293887873303,0.2761134340909944,0,669.7600350697134,1,0.0,2,1,low,0.2671931472578545,0.946027321721571,0.49805137706200514,0.8348476688154185,149,6,Imitation_64x64,404,0,0,0.024939988,0.0,0.0,True,-0.2,True,0.9964849,-0.0035214424,0.0030687512,-5.7864847,1.0092617e-05,-11.503707,0.00037229416,-7.8958263,6.3993495e-05,-9.656729
B_RL_test_00050,severe_stress,MyopicEconomic,2,22,early,0.5673679412873048,0.35772344139632345,3206.7755748600625,8964.398761073253,2779.934063955163,0.26209743594497137,0,655.6670458752743,1,0.0,1,0,low,-0.44078875144303553,0.8380510296018817,0.3871942516794568,0.6034522769722803,150,11,Imitation_64x64,404,0,0,0.015662553,0.0,0.0,True,-0.2,True,0.9979558,-0.0020461082,0.0018002321,-6.3198395,2.3284194e-05,-10.667735,0.00015094326,-8.798606,6.9682355e-05,-9.571563
B_RL_test_00051,severe_stress,PPO,3,21,early,0.9551168147487235,1.5006249999999999,5941.556651718679,3959.3880228029516,2763.0243702744724,0.02,3,599.6707598627692,1,0.0,2,2,low,-1.1207786885627906,1.002766217469849,0.3503577515463789,0.617426829756258,151,4,Imitation_64x64,404,0,0,0.2782785,0.0,0.0,True,-0.2,True,0.93840975,-0.06356859,0.045442503,-3.0913074,0.012228832,-4.403959,0.0014356428,-6.5461426,0.0024832832,-5.9981737
B_RL_test_00052,severe_stress,ObservationPlanner,7,17,early,0.8423116195140266,1.0028847891375086,525.1376631518262,523.627109354655,1764.5634784849206,0.17445580730668783,0,621.9663069438811,2,1.6,2,2,low,-0.23877457474671135,0.7227125995562862,0.4726893086707423,0.6581244204937098,152,12,Imitation_64x64,404,0,0,0.38756213,0.0,0.0,True,-0.04512201,True,0.90623003,-0.098462105,0.06430214,-2.7441623,0.0017159126,-6.3678102,0.0040173004,-5.517145,0.023734521,-3.7408247
B_RL_test_00053,severe_stress,MyopicEconomic,10,14,middle,0.9750360126947729,0.21997445309370525,3299.6167964055785,14999.999999999998,1790.0019683562887,0.09487484313454006,0,548.0169029670456,2,1.6,2,0,low,-0.3870103738071509,1.0471457565478777,0.4977787279614221,0.8372278510245246,153,13,Imitation_64x64,404,0,0,0.070005625,0.0,0.0,True,-0.2,True,0.98870987,-0.011354446,0.008578881,-4.758452,0.0019248198,-6.252923,0.00010032324,-9.207113,0.00068607746,-7.28452
B_RL_test_00054,severe_stress,PPO,4,20,early,0.9526443675344505,1.2245366026332696,5415.3743154517815,4422.386643083143,4963.6253396735765,0.13322072171365323,0,603.5576050324527,2,1.6,2,2,high,-1.255506772438249,0.9360305659296442,0.363464744617099,0.5373903131399516,154,5,Imitation_64x64,404,0,1,0.14676826,50.931026764490525,50.931026764490525,False,-0.2,False,0.96910155,-0.0313859,0.029017258,-3.5398645,0.00064700295,-7.3431597,0.00024704286,-8.305948,0.0009871941,-6.920644
B_RL_test_00055,severe_stress,ObservationPlanner,4,20,early,0.9926894715730625,1.4555291881444832,7864.4011408301085,5403.1215621692145,4714.023653189749,0.017926995087853816,3,612.5651531578951,2,1.6,2,2,high,-0.5512478562946606,1.0949289310713148,0.2282812754865429,0.5039575619771754,155,5,Imitation_64x64,404,0,0,0.40691096,0.0,0.0,True,-0.2,True,0.8976316,-0.10799551,0.073839165,-2.605866,0.023288546,-3.7597935,0.0009469501,-6.962264,0.0042935815,-5.450634
B_RL_test_00056,severe_stress,MyopicEconomic,1,23,early,0.5035782277571821,0.36165326586457647,2805.064307796412,7756.225568959157,2150.277309475043,0.30578845198468124,0,667.7641115927946,1,0.0,1,0,low,0.491521608931922,0.7981409760756403,0.40301955099779874,0.725467639639309,156,7,Imitation_64x64,404,0,0,0.017107077,0.0,0.0,True,-0.2,True,0.99777824,-0.0022244453,0.0018171731,-6.3104734,1.3571314e-05,-11.207552,0.0003099162,-8.079208,8.115051e-05,-9.419206
B_RL_test_00057,severe_stress,PPO,5,19,early,0.909841616476469,1.4153390976028188,4749.889655171302,3356.0082267325633,3261.7861913498973,0.06668605580810198,0,714.5335659902294,2,1.6,2,2,high,0.29734423011214695,1.2126248846903505,0.3002933541740706,0.833479734810448,157,6,Imitation_64x64,404,0,1,0.27302536,11.318199145885046,11.318199145885046,False,-0.2,False,0.9321073,-0.070307255,0.06199041,-2.7807755,0.0011419491,-6.7750187,0.0006608344,-7.322007,0.0040995395,-5.4968805
B_RL_test_00058,severe_stress,ObservationPlanner,5,19,early,0.04835967530168532,0.26907861031756075,859.117241974016,3192.8113533814685,2912.9931262002365,0.540473495081097,0,797.0411241109779,2,1.6,0,0,low,2.782688012161225,0.6915874271637731,0.4819950280080346,0.698112208087694,158,24,Imitation_64x64,404,4,0,1.0399519,2.683360583021738,2.683360583021738,False,0.2,False,0.14703697,-1.9170711,0.34227923,-1.0721283,0.0007251571,-7.229122,0.0083075315,-4.7905927,0.5016511,-0.68985033
B_RL_test_00059,severe_stress,MyopicEconomic,9,15,middle,0.7111854071180429,0.14119385208636528,2117.9077812954793,15000.0,1820.7155674506828,0.2505661397389287,0,726.7811467964113,2,1.6,2,0,low,0.971453190840694,1.533171519635366,0.4781722323867211,0.6056363128937179,159,24,Imitation_64x64,404,0,0,0.41507176,0.0,0.0,True,-0.2,True,0.8798223,-0.1280353,0.106092975,-2.2434394,0.00048348663,-7.634487,0.0005385331,-7.5266614,0.013062651,-4.3379984
B_RL_test_00060,severe_stress,PPO,3,21,early,0.8255024590965289,0.8644525884552394,1439.0777459067222,1664.7272101739288,1549.1050055627006,0.2061728985927113,0,625.262744109826,1,0.0,2,1,low,0.4676162543727831,0.8860136480030804,0.311185290065238,0.9046832844889655,160,4,Imitation_64x64,404,0,0,0.096252166,0.0,0.0,True,-0.2,True,0.9835165,-0.016620636,0.01133273,-4.48006,5.422974e-05,-9.822281,0.0045690374,-5.3884525,0.0005275383,-7.547289
B_RL_test_00061,severe_stress,ObservationPlanner,3,21,early,0.9328907340488062,1.2249999999999999,6703.528982123979,5472.268556835902,6488.154144764619,0.02,2,559.1334385848705,1,0.0,2,2,high,-0.6019120795535214,1.250066022412253,0.32570285665920384,0.6690632347612712,161,4,Imitation_64x64,404,0,0,0.34352148,0.0,0.0,True,-0.2,True,0.9159502,-0.08779335,0.06440602,-2.7425482,0.017002683,-4.074384,0.0006893205,-7.279804,0.0019517351,-6.2390366
B_RL_test_00062,severe_stress,MyopicEconomic,8,16,middle,0.9487828627568947,0.2782140346366669,4173.2105195500035,15000.0,4276.697932838302,0.11480102279632093,0,619.752387353713,2,1.6,2,0,high,-0.5197297972949666,1.0463883656689934,0.3776908173523991,0.815325111799893,162,13,Imitation_64x64,404,0,0,0.04482969,0.0,0.0,True,-0.2,True,0.99279636,-0.007229805,0.0067470334,-4.9986525,0.00023836894,-8.341691,3.6513877e-05,-10.217818,0.00018161965,-8.613596
B_RL_test_00063,severe_stress,PPO,1,23,early,0.791088375339115,0.2913549668642458,2032.3377743425297,6975.469806524627,3403.9167794934497,0.25531621104206104,0,570.2152423770772,1,0.0,2,0,high,-1.4160968264962555,1.271300483920626,0.2624403200649598,0.5443897374113016,163,5,Imitation_64x64,404,0,0,0.008614055,0.0,0.0,True,-0.2,True,0.9989874,-0.001013279,0.00079586304,-7.1360836,4.3471937e-06,-12.34598,0.00018950649,-8.571087,2.2883265e-05,-10.685105
B_RL_test_00064,severe_stress,ObservationPlanner,2,22,early,0.6826351159490309,0.5427171272258478,2780.316275530237,5122.95657544861,4374.566437472475,0.3872400641215184,0,558.572914503709,1,0.0,2,1,high,-0.2311648484074592,0.750470788967369,0.44116609633456183,0.7340685337223977,164,4,Imitation_64x64,404,0,0,0.014884012,0.0,0.0,True,-0.2,True,0.9980736,-0.0019283295,0.0016652049,-6.397807,1.1471175e-05,-11.375673,0.0002129203,-8.454593,3.673073e-05,-10.211897
B_RL_test_00065,severe_stress,MyopicEconomic,6,18,early,0.6599472970753796,0.22131611208056978,3319.7416812085467,15000.0,2423.8621118241194,0.25542319236921396,0,672.2526521897478,2,1.6,2,0,low,0.9543120520827897,1.2376231953811616,0.4808156757682948,0.8043152589284366,165,24,Imitation_64x64,404,0,0,0.20475751,0.0,0.0,True,-0.2,True,0.9517923,-0.049408436,0.045711752,-3.0853999,0.0004733128,-7.655754,0.00014492213,-8.8393135,0.0018776419,-6.2777386
B_RL_test_00066,severe_stress,PPO,1,23,early,0.5047986667626899,0.6743000935655893,1820.468055960117,2699.7891196096057,1542.9255502075714,0.3062788872447605,0,699.3341725819399,1,0.0,1,1,low,0.10872647247335987,1.0882603901869417,0.24807577802657751,0.678805264804511,166,5,Imitation_64x64,404,0,0,0.06804276,0.0,0.0,True,-0.2,True,0.9892216,-0.010837078,0.0070384094,-4.956373,2.8609156e-05,-10.461784,0.0032624565,-5.725275,0.000448797,-7.70894
B_RL_test_00067,severe_stress,ObservationPlanner,0,24,early,0.19322683130217108,0.5790157421144024,5082.440998150891,8777.725074608934,3890.760815916193,0.4,0,851.5288424890562,1,0.0,0,1,high,1.7860277180715896,1.4976221550110438,0.3431977762345563,0.6947477889754374,167,6,Imitation_64x64,404,0,0,0.010514537,0.0,0.0,True,-0.2,True,0.99865544,-0.0013456345,0.0012906089,-6.6526413,9.432566e-06,-11.571342,2.7472506e-05,-10.502325,1.7038312e-05,-10.980046
B_RL_test_00068,severe_stress,MyopicEconomic,3,21,early,0.4693760380215134,0.4605324635086656,5414.273732894595,11756.551735017301,2978.2013228422875,0.2908618117124857,0,666.9668850637144,1,0.0,1,0,low,0.11732619098720778,0.9121918234253104,0.44108451528192855,0.739356466273892,168,8,Imitation_64x64,404,0,0,0.017046634,0.0,0.0,True,-0.2,True,0.9976978,-0.0023050308,0.0021318446,-6.150768,0.000107353524,-9.139383,3.0887193e-05,-10.385169,3.214144e-05,-10.345365
B_RL_test_00069,severe_stress,PPO,1,23,early,0.960812023620709,0.6728979002668548,2168.0837102651412,3222.0099206808827,4198.773867629622,0.2488485489978257,0,483.07543703213923,1,0.0,2,1,high,-1.4919352173107752,1.3055222135338365,0.41763881714870493,0.7592059164002953,169,5,Imitation_64x64,404,0,0,0.012143552,0.0,0.0,True,-0.2,True,0.99847084,-0.0015301704,0.0013142424,-6.634495,5.0677277e-06,-12.192617,0.00019267587,-8.554502,1.6965254e-05,-10.984343
B_RL_test_00070,severe_stress,ObservationPlanner,9,15,middle,0.21281686594409158,0.9943826913766872,1211.372964191225,1218.2160597688226,1427.3895968193285,0.22774283708102405,0,911.6582113977641,2,1.6,1,1,low,2.389651181165024,1.299545799569939,0.4153647449400546,0.7062253508358912,170,11,Imitation_64x64,404,4,1,1.0735065,82.72933818768631,82.72933818768631,False,0.2,False,0.40252823,-0.9099901,0.14624417,-1.9224776,0.005202597,-5.2585974,0.00762579,-4.8762193,0.43839914,-0.8246255
B_RL_test_00071,severe_stress,MyopicEconomic,2,22,early,0.5740328841145435,0.5951739887626244,7605.021920581621,12777.812982708761,3069.135714804417,0.271378619155672,0,701.5061995753122,1,0.0,1,1,high,0.09105636204004242,1.0313146161355393,0.4853300622396656,0.5238168952882202,171,8,Imitation_64x64,404,0,0,0.0073019243,0.0,0.0,True,-0.2,True,0.99910897,-0.00089120865,0.0008627535,-7.0553813,1.21171215e-05,-11.32089,9.9727295e-06,-11.5156555,6.026575e-06,-12.019331
B_RL_test_00072,severe_stress,PPO,2,22,early,0.948240488185595,1.2094007530851858,4591.594991371415,3796.5868465504414,1964.8516910922142,0.032479397531851285,3,655.9010008173161,1,0.0,2,2,low,0.386536536410366,0.930225005718882,0.29112376646152666,0.6081968729634402,172,3,Imitation_64x64,404,0,0,0.20418568,0.0,0.0,True,-0.2,True,0.9557359,-0.045273542,0.03855893,-3.2555676,0.002857487,-5.857813,0.0012620557,-6.6750135,0.0015856074,-6.446788
B_RL_test_00073,severe_stress,ObservationPlanner,0,24,early,0.3919982683599533,0.39116388027494386,3070.9806700840295,7850.879963470754,5150.7503186470285,0.4,0,693.6695826171782,1,0.0,1,0,high,0.45941812709734065,1.1789910139310849,0.28356995023331066,0.6877866114164769,173,7,Imitation_64x64,404,0,0,0.013118088,0.0,0.0,True,-0.2,True,0.99830174,-0.0016994476,0.0015685649,-6.457594,2.438033e-05,-10.621734,6.772495e-05,-9.600056,3.7617112e-05,-10.188051
B_RL_test_00074,severe_stress,MyopicEconomic,17,7,late,0.22671624846750546,0.1250352829349012,1470.5649696539601,11761.2,3054.5463995179625,0.368099186936185,0,743.4137697409599,2,1.6,1,0,high,1.5965306398868033,0.7644284406291425,0.5561785363345491,0.7034210583296641,174,24,Imitation_64x64,404,4,3,0.81783795,8.018704699779732,8.018704699779732,False,0.2,False,0.02934086,-3.528774,0.3105791,-1.1693165,0.012418772,-4.388546,0.0023053747,-6.0725117,0.6453559,-0.43795323
B_RL_test_00075,severe_stress,PPO,0,24,early,0.7382116592789666,0.44562027441056534,3119.864841394645,7001.17346662779,2564.9616727005878,0.4,0,584.3411001869044,1,0.0,2,0,low,-1.9380212781880286,0.5667805381576572,0.34706457120354495,0.4642840454103798,175,4,Imitation_64x64,404,0,0,0.006333495,0.0,0.0,True,-0.2,True,0.99928063,-0.0007195473,0.0005764862,-7.458559,1.6441963e-06,-13.318258,0.00012935523,-8.952948,1.1877409e-05,-11.340873
B_RL_test_00076,severe_stress,ObservationPlanner,5,19,early,0.9861656369292241,1.1911753786479151,2914.2037272593307,2446.494260624492,1925.3084133675156,0.02,2,551.460830049257,2,1.6,2,2,low,-0.9456056299759363,0.9330307037393054,0.3516778080616225,0.7294508559928045,176,6,Imitation_64x64,404,0,2,0.7944411,3.9271038647229943,3.9271038647229943,False,-0.2,False,0.7604814,-0.27380383,0.107945345,-2.2261305,0.10430156,-2.2604692,0.0043195714,-5.444599,0.022952102,-3.774346
B_RL_test_00077,severe_stress,MyopicEconomic,7,17,early,0.8133018746959686,0.21092219713511243,3163.8329570266865,15000.0,2650.88745591375,0.02,2,702.6792521180745,2,1.6,2,0,low,0.31858297831781607,0.8479897153648971,0.4532158731317911,0.56086922159226,177,8,Imitation_64x64,404,0,0,0.63783383,0.0,0.0,True,-0.2,True,0.7868815,-0.23967767,0.042312905,-3.1626632,0.16833235,-1.781815,0.00017513457,-8.649956,0.0022980764,-6.0756826
B_RL_test_00078,severe_stress,PPO,0,24,early,0.6781150053141439,0.4063975228559522,3469.876303432505,8538.133498078443,3593.4336285579748,0.4,0,602.921827198942,1,0.0,2,0,high,-0.8075015401694254,1.0321185311846846,0.18971493676975942,0.6519106372702784,178,4,Imitation_64x64,404,0,0,0.0050113616,0.0,0.0,True,-0.2,True,0.9994331,-0.0005669594,0.00051377167,-7.5737314,2.2225997e-06,-13.016832,4.363077e-05,-10.039748,7.3221922e-06,-11.824601
B_RL_test_00079,severe_stress,ObservationPlanner,0,24,early,0.6107559122745796,0.35881894687930105,1990.6102300783075,5547.673129835883,2877.475817049848,0.4,0,606.0929451374526,1,0.0,2,0,low,-0.2263729641847368,0.7787968829600019,0.42086284106403515,0.720814474587929,179,1,Imitation_64x64,404,0,0,0.009827473,0.0,0.0,True,-0.2,True,0.99884194,-0.0011587143,0.00077774865,-7.159107,2.3031394e-06,-12.981237,0.00035263295,-7.950083,2.540047e-05,-10.580743
B_RL_test_00080,severe_stress,MyopicEconomic,0,24,early,0.7354091066480801,0.5930537031491864,2010.1037233788988,3389.4126496555145,1826.9041858791115,0.4,0,595.0018162256957,1,0.0,2,1,low,-1.0123921144009338,1.1258003834783963,0.39749000470481033,0.5241669124696455,180,2,Imitation_64x64,404,0,0,0.014065598,0.0,0.0,True,-0.2,True,0.99826235,-0.0017390251,0.0010548206,-6.8543844,1.8773783e-06,-13.185635,0.0006552273,-7.3305283,2.5690459e-05,-10.569391
B_RL_test_00081,severe_stress,PPO,7,17,early,0.8637487281169084,1.1574111765469668,607.5133096616789,524.8897902248887,1080.4656295288282,0.13589993967529646,0,646.2908866331807,2,1.6,2,2,low,0.4670964360920484,1.0318299041662726,0.39611149708091536,0.7766966329528985,181,15,Imitation_64x64,404,0,0,0.42983782,0.0,0.0,True,-0.04741908,True,0.8920672,-0.11421394,0.07387608,-2.6053662,0.0017840142,-6.3288894,0.0046894364,-5.362443,0.02758343,-3.5905402
B_RL_test_00082,severe_stress,ObservationPlanner,2,22,early,0.9544134655698913,1.0,500.00000000000006,500.00000000000006,1244.384148533584,0.02,1,491.3351177864671,1,0.0,2,1,low,-1.8132668856006082,0.8977841514156312,0.379017546862315,0.6711371551218738,182,5,Imitation_64x64,404,0,2,0.43322235,-29.274250616486597,0.0,False,-0.0,True,0.8936893,-0.112397194,0.076729245,-2.5674725,0.0133011695,-4.3199034,0.00785532,-4.8465643,0.0084251175,-4.776538
B_RL_test_00083,severe_stress,MyopicEconomic,1,23,early,0.44889426720552517,0.2508102518258211,1744.1830852366552,6954.193748220184,2849.055309425812,0.370098954312864,0,662.4626308330324,1,0.0,1,0,low,-0.19318881647829222,1.1007255421738986,0.39873602801111796,0.6182139355952364,183,5,Imitation_64x64,404,0,0,0.022492232,0.0,0.0,True,-0.2,True,0.9970578,-0.0029463768,0.0019173864,-6.256792,1.3742694e-05,-11.195003,0.0008574682,-7.0615263,0.0001536212,-8.781021
B_RL_test_00084,severe_stress,PPO,0,24,early,0.906174739606605,0.4075748690648555,1513.3767327880428,3713.12572892522,2389.231910536744,0.4,0,427.4413147982198,1,0.0,2,0,low,-2.719303493644447,0.9141938919096755,0.4493131263051819,0.7602119282809829,184,2,Imitation_64x64,404,0,0,0.01239056,0.0,0.0,True,-0.2,True,0.9984989,-0.001502037,0.0007378308,-7.211796,1.5537711e-06,-13.3748255,0.00074488646,-7.2022786,1.6732882e-05,-10.998135
B_RL_test_00085,severe_stress,ObservationPlanner,2,22,early,0.7156070245290534,0.7720575387076455,3853.2593203739866,4990.896568180649,3266.1664997181333,0.2422690917029213,0,662.0574850946882,1,0.0,2,1,high,-0.732507953119708,1.414482734313204,0.324414951475154,0.5343499923124448,185,5,Imitation_64x64,404,0,0,0.025655301,0.0,0.0,True,-0.2,True,0.99631965,-0.003686905,0.0033503175,-5.6987,1.9924604e-05,-10.823555,0.00023755031,-8.345131,7.254734e-05,-9.531271
B_RL_test_00086,severe_stress,MyopicEconomic,1,23,early,0.8920782681027297,0.3920585714152794,3395.6772059953346,8661.147730394952,4318.752576105708,0.02,1,567.6569911013944,1,0.0,2,0,high,-0.5739392325338428,0.8405098617483711,0.2825418813098837,0.6386877709365626,186,8,Imitation_64x64,404,0,0,0.050451133,0.0,0.0,True,-0.2,True,0.99199957,-0.008032799,0.006916082,-4.973906,0.0008736229,-7.042862,0.00010641605,-9.148154,0.00010431152,-9.168129
B_RL_test_00087,severe_stress,PPO,3,21,early,0.461061449263551,1.0,7680.0,7680.0,9723.863609157772,0.06976507968158221,0,721.1089281234724,1,0.0,1,1,high,0.6498672710491811,1.088206740370783,0.40818789241107123,0.7330825440302011,187,8,Imitation_64x64,404,0,0,0.42268914,0.0,0.0,True,-0.2,True,0.88882816,-0.11785126,0.08097043,-2.5136712,0.027974207,-3.5764723,0.00023761606,-8.344854,0.0019895565,-6.2198434
B_RL_test_00088,severe_stress,ObservationPlanner,17,7,late,0.07739497711327707,1.0,500.0,500.0,6272.689955570892,0.38472936597363283,0,811.1148786198856,2,1.6,0,1,high,3.2597985744067355,0.9085305102515508,0.4665674267932232,0.8094894424242502,188,24,Imitation_64x64,404,4,2,1.1015248,6.009713793044114,6.009713793044114,False,0.2,False,0.08908636,-2.418149,0.108053386,-2.2251298,0.19425724,-1.638572,0.004210632,-5.4701424,0.60439235,-0.5035317
B_RL_test_00089,severe_stress,MyopicEconomic,16,8,late,0.7229369882006237,0.14861354874064336,2229.20323110965,14999.999999999998,2735.064122068475,0.2363326258881103,0,707.7435596413802,2,1.6,2,0,low,1.7888009368239013,0.6988729541935131,0.3328235380263363,0.8188913977778863,189,24,Imitation_64x64,404,0,0,0.77583206,0.0,0.0,True,-0.2,True,0.70596594,-0.34818816,0.23246889,-1.4589987,0.0037083123,-5.5971785,0.0010414298,-6.867161,0.056815382,-2.867948
B_RL_test_00090,severe_stress,PPO,3,21,early,0.5244930043330686,1.0,4481.333392854215,4481.333392854215,3797.9454635062593,0.2976828633712957,0,683.097292396233,1,0.0,1,1,high,0.043613096896889136,1.037068499561815,0.565620493324281,0.7959980754214587,190,6,Imitation_64x64,404,0,0,0.109923854,0.0,0.0,True,-0.2,True,0.9787416,-0.021487713,0.019750047,-3.9245994,0.00029188962,-8.139135,0.00058136194,-7.450137,0.0006350249,-7.3618464
B_RL_test_00091,severe_stress,ObservationPlanner,12,12,middle,0.1314375777650269,0.09160768946575051,703.1913595104816,7676.117186356771,1410.425767369461,0.4364607552809321,0,901.4144503999852,2,1.6,0,0,low,2.3382845918220068,0.6741896711819185,0.5199109965055012,0.712837240683555,191,24,Imitation_64x64,404,4,4,0.5716108,0.0,0.0,True,0.2,True,0.0209299,-3.8665764,0.1551421,-1.8634138,0.00058115856,-7.450487,0.0063503953,-5.0592384,0.8169964,-0.20212054
B_RL_test_00092,severe_stress,MyopicEconomic,1,23,early,0.5499265600721283,0.39625834560462464,2335.970820093433,5895.070339853986,2255.5974127143027,0.4565248883135144,0,582.2224444759813,1,0.0,1,0,low,-0.5862659646754461,1.1181404121059324,0.6389081097596125,0.889545304488342,192,15,Imitation_64x64,404,0,0,0.014174188,0.0,0.0,True,-0.2,True,0.9982552,-0.0017461777,0.0010708488,-6.8393035,3.255535e-06,-12.635154,0.0006258737,-7.376362,4.4888457e-05,-10.01133
B_RL_test_00093,severe_stress,PPO,10,14,middle,0.18774314801565403,1.0,1610.612736000001,1610.612736000001,7664.366127220601,0.21580289813715575,0,876.1027641372767,2,1.6,0,1,high,3.0629373987984785,0.9114223715622548,0.4060270931795948,0.7879782542358003,193,24,Imitation_64x64,404,0,0,1.3537245,0.0,0.0,True,-0.2,True,0.37424523,-0.9828438,0.1686812,-1.7797445,0.19003598,-1.6605417,0.0032459144,-5.730358,0.26379165,-1.3325956
B_RL_test_00094,severe_stress,ObservationPlanner,0,24,early,0.9134142587402432,0.6704764770377748,335.2382385188874,500.0,1436.6262834547883,0.4,0,442.07399217630456,1,0.0,2,1,low,-1.3976582755334301,0.7487520285556225,0.4855545079422672,0.6876819511748817,194,5,Imitation_64x64,404,0,2,0.049787804,-171.31036415083236,0.0,False,0.0,True,0.9924062,-0.007622719,0.0023754865,-6.042553,6.12778e-06,-12.002678,0.005136035,-5.271474,7.601186e-05,-9.484621
B_RL_test_00095,severe_stress,MyopicEconomic,1,23,early,0.38207848776653847,0.37966025159672456,2239.0167184562933,5897.421995164716,3385.2681834928144,0.5235643202147016,0,594.6158875921458,1,0.0,1,0,high,-0.2563260662755433,0.9887072235021326,0.5326297737522329,0.6408928626998098,195,5,Imitation_64x64,404,0,0,0.013458414,0.0,0.0,True,-0.2,True,0.99833137,-0.0016698837,0.0012721157,-6.6670737,1.3863781e-05,-11.186231,0.00033538547,-8.00023,4.7380567e-05,-9.957298
B_RL_test_00096,severe_stress,PPO,7,17,early,0.5173000165120831,1.0178676466583578,1341.141251347273,1317.5988604709237,3361.2853566205335,0.19868212231416982,0,732.0243629244239,2,1.6,1,2,high,0.63121929203782,0.9721972196766725,0.445765228928636,0.7938713156995721,196,12,Imitation_64x64,404,0,1,0.712432,8.870301368558557,8.870301368558557,False,-0.2,False,0.78745013,-0.23895526,0.116851926,-2.1468477,0.010777999,-4.530248,0.0036832816,-5.6039515,0.08123661,-2.5103893
B_RL_test_00097,severe_stress,ObservationPlanner,2,22,early,0.5668801786211263,0.608260194430912,721.5002730079889,1186.1704573369695,1672.7002940307505,0.41289897448631335,0,571.3184386201295,1,0.0,1,1,low,-0.6422699443344645,0.5751794844401634,0.5138524784076035,0.5242284254912288,197,9,Imitation_64x64,404,0,0,0.101831764,0.0,0.0,True,-0.2,True,0.9825373,-0.017616749,0.006411798,-5.0496154,6.045505e-05,-9.713611,0.010506837,-4.555729,0.00048361137,-7.6342287
B_RL_test_00098,severe_stress,MyopicEconomic,3,21,early,0.24065976927050703,0.49491688522671456,4775.830233659442,9649.76216455355,3235.053675493276,0.3000075878322623,0,758.1077622426095,1,0.0,1,0,high,0.9088657953933286,1.3248086092922042,0.36488819247598553,0.5828741555508058,198,11,Imitation_64x64,404,0,0,0.096114695,0.0,0.0,True,-0.2,True,0.9823169,-0.01784134,0.015981957,-4.136295,0.00088182173,-7.0335207,0.00020168426,-8.508807,0.0006176773,-7.3895445
B_RL_test_00099,severe_stress,PPO,1,23,early,0.6935374321243797,0.8015197217681155,3446.4035370911242,4299.836227970183,2308.449944443907,0.3122362038919836,0,638.8794272401572,1,0.0,2,1,low,-0.26689171429934844,0.6907053720958345,0.34363800188548893,0.47058435393170817,199,6,Imitation_64x64,404,0,0,0.0142662795,0.0,0.0,True,-0.2,True,0.9981627,-0.0018391609,0.0015810346,-6.449676,4.796959e-06,-12.247528,0.00022234,-8.411303,2.91502e-05,-10.4430485
B_RL_test_00000,baseline,PPO,16,8,late,0.2379555790490246,1.0,500.0,500.0,5985.089705294903,0.23118783353356365,0,730.9437736673831,1,0.0,1,1,high,0.7766626320299265,1.1540687281369808,0.34471001732411144,0.8095158963876717,0,24,Imitation_64x64,505,2,2,1.2964368,0.0,0.0,True,0.0,True,0.08550271,-2.4592073,0.14915447,-1.9027728,0.47569498,-0.74297845,0.027115786,-3.6076393,0.2625321,-1.3373821
B_RL_test_00001,baseline,ObservationPlanner,12,12,middle,0.06837194242154448,1.0,500.0,500.0,2007.3304872982224,0.2888737980221177,0,830.2815138817816,1,0.0,0,1,low,1.6613225481260747,0.841180276874062,0.2960832412250551,0.6198577850919593,1,24,Imitation_64x64,505,4,3,1.3363265,3.6115330164159616,3.6115330164159616,False,0.2,False,0.054823462,-2.903637,0.095354654,-2.350152,0.21711779,-1.5273151,0.13796413,-1.9807614,0.49473992,-0.70372295
B_RL_test_00002,baseline,MyopicEconomic,13,11,middle,0.10210201177067327,0.11217209360571379,1075.2796781170684,9585.982070520044,2437.259079929716,0.45502879908228483,0,690.9761593017319,1,0.0,0,0,low,0.4546918678629157,0.8585965558808485,0.47150063272009635,0.832595564470931,2,24,Imitation_64x64,505,4,4,0.94706553,0.0,0.0,True,0.2,True,0.0153972125,-4.1735687,0.036363535,-3.3141887,0.070890576,-2.6466177,0.19111782,-1.6548651,0.68623084,-0.37654114
B_RL_test_00003,baseline,PPO,2,22,early,0.054717952272838925,0.5403214730936744,3796.953775699434,7027.212436995197,7228.707337667853,0.5379484931676871,0,748.6695090541555,1,0.0,0,1,high,1.033632078382112,1.2276235612338229,0.47864155202413344,0.8531424835747992,3,8,Imitation_64x64,505,0,0,0.08674894,0.0,0.0,True,-0.2,True,0.98498464,-0.015129089,0.012091721,-4.415234,0.002537771,-5.976469,0.00015278393,-8.786486,0.00023313392,-8.363897
B_RL_test_00004,baseline,ObservationPlanner,3,21,early,0.5968721123186518,0.9999999999999999,3651.982730983609,3651.9827309836096,3627.0039340218054,0.3087336184147029,0,638.3216473516175,1,0.0,1,1,high,0.4602511534154351,1.0830413162393473,0.45980112852588634,0.7412130218716163,4,24,Imitation_64x64,505,0,0,0.037183173,0.0,0.0,True,-0.2,True,0.99426407,-0.0057525635,0.005317057,-5.2368355,4.217875e-05,-10.073594,0.00027017258,-8.21645,0.00010651342,-9.14724
B_RL_test_00005,baseline,MyopicEconomic,1,23,early,0.4979048576250192,0.3364270541945389,1502.9110351080908,4467.271631011675,1721.8301202996743,0.4036472237693899,0,633.9837050213686,1,0.0,1,0,low,-0.04444196082094837,1.1818582927166443,0.48676356778721747,0.6668066982541053,5,18,Imitation_64x64,505,0,0,0.03326141,0.0,0.0,True,-0.2,True,0.99533784,-0.004673004,0.0015732483,-6.4546127,3.3189315e-06,-12.615868,0.0029433859,-5.8281946,0.0001421159,-8.858868
B_RL_test_00006,baseline,PPO,13,11,middle,0.05475255465070265,1.0,602.6021772084498,602.6021772084498,5078.781453664926,0.36775751012369107,0,715.3175253995527,1,0.0,0,1,high,0.9316380738118776,0.6386269675984682,0.5197144407917117,0.5755142980102315,6,24,Imitation_64x64,505,2,0,0.9224673,1.1224271131677739,1.1224271131677739,False,0.0,False,0.024304217,-3.7171056,0.075268805,-2.5866897,0.7017843,-0.3541293,0.021383686,-3.845127,0.177259,-1.7301435
B_RL_test_00007,baseline,ObservationPlanner,1,23,early,0.7906424101315642,0.7179192941709722,8615.031530051667,12000.0,6070.414391389817,0.2917653700524575,0,557.1473599055465,1,0.0,2,1,high,-1.7014713346367327,1.0009109290001965,0.4410433472212441,0.6888284147284123,7,5,Imitation_64x64,505,0,0,0.005691629,0.0,0.0,True,-0.2,True,0.9993278,-0.0006723404,0.0006518741,-7.335659,9.871488e-06,-11.52586,9.047122e-06,-11.613064,1.4081627e-06,-13.473225
B_RL_test_00008,baseline,MyopicEconomic,23,1,late,0.3562722482467574,0.3167653090738204,4751.479636107306,15000.0,4969.615697772818,0.266977695303081,0,616.3304101583744,1,0.0,1,0,high,-0.39024726220835865,0.9356708536559166,0.4388010593340236,0.8167731441495508,8,24,Imitation_64x64,505,2,1,0.8456715,34.28708449154385,34.28708449154385,False,0.0,False,0.16724975,-1.7882671,0.084805876,-2.4673905,0.7206664,-0.32757902,0.000634576,-7.3625536,0.026643299,-3.6252177
B_RL_test_00009,baseline,PPO,6,18,early,0.7033396566006782,1.0,2387.8285674671947,2387.8285674671947,3251.035828942063,0.27809642607519547,0,572.0517507533034,1,0.0,2,1,high,-0.11325674064309288,0.5753649050646394,0.44374303847723623,0.8737371263430239,9,7,Imitation_64x64,505,0,0,0.20171067,0.0,0.0,True,-0.2,True,0.9559197,-0.045081377,0.038847826,-3.2481031,0.00052295695,-7.556011,0.0025468431,-5.9729004,0.0021627068,-6.136395
B_RL_test_00010,baseline,ObservationPlanner,0,24,early,0.5818128660363321,0.41951200414734585,1009.1047478201779,2405.425203198115,1701.555300007723,0.4,0,588.9865506153408,1,0.0,1,0,low,-0.4838409806239353,0.8413063321790891,0.4391246703190555,0.6872603844075084,10,4,Imitation_64x64,505,0,0,0.022682454,0.0,0.0,True,-0.2,True,0.9969862,-0.0030183792,0.0010035194,-6.904242,3.2864023e-06,-12.625717,0.0019559732,-6.2368674,5.0991384e-05,-9.883854
B_RL_test_00011,baseline,MyopicEconomic,2,22,early,0.37210149521443003,0.5939540529908843,4663.409728891948,7851.465454960907,3018.192616841782,0.3204942918365675,0,671.5810896528725,1,0.0,1,1,high,0.6701751736113165,1.1556843223065958,0.3527015341276848,0.6125902414428819,11,15,Imitation_64x64,505,0,0,0.03406226,0.0,0.0,True,-0.2,True,0.99488634,-0.005126953,0.004664955,-5.367677,0.0002236518,-8.40542,0.00013268813,-8.927509,9.2248985e-05,-9.291019
B_RL_test_00012,baseline,PPO,21,3,late,0.030994854075521758,1.0,500.0,500.0,1700.7150011455492,0.5600166912975704,0,727.7627978170854,1,0.0,0,1,low,0.9772288051966393,0.9509734753112715,0.46436674060322847,0.7302773060708184,12,24,Imitation_64x64,505,4,4,0.8619154,0.0,0.0,True,0.2,True,0.0013329561,-6.6203566,0.0050271717,-5.2928977,0.09323729,-2.3726077,0.22921906,-1.4730773,0.6711835,-0.39871287
B_RL_test_00013,baseline,ObservationPlanner,0,24,early,0.7414863323513986,0.05153996531154906,233.57152728401954,4531.85262877313,2645.317637165965,0.4,0,486.97141271942724,1,0.0,2,0,low,-1.736257804977541,1.0740468656905695,0.3667052714676963,0.6175553539035563,13,3,Imitation_64x64,505,0,0,0.044967193,0.0,0.0,True,-0.2,True,0.9929047,-0.0071206093,0.00071062014,-7.2493725,1.1088457e-06,-13.712191,0.006294861,-5.068022,8.873185e-05,-9.329892
B_RL_test_00014,baseline,MyopicEconomic,1,23,early,0.5271408732435738,0.7017806288528439,6543.9437847632835,9324.771183069348,3885.4089210235634,0.42337198126547393,0,675.8104456583286,1,0.0,1,1,high,-0.6684220948261075,1.1138218846795502,0.3991183392656671,0.6578988792549979,14,2,Imitation_64x64,505,0,0,0.0042367973,0.0,0.0,True,-0.2,True,0.9995183,-0.00048208237,0.0004670121,-7.6691556,1.8838715e-06,-13.182182,1.1395489e-05,-11.382294,1.3957884e-06,-13.482051
B_RL_test_00015,baseline,PPO,0,24,early,0.8827892318835304,0.7750439435362315,7010.115307667944,9044.797222314191,5056.69050475539,0.4,0,530.7452935881225,1,0.0,2,1,high,-1.857567923464245,1.5996820862393486,0.20504247408141998,0.6309168474085493,15,1,Imitation_64x64,505,0,0,0.0030708506,0.0,0.0,True,-0.2,True,0.99966407,-0.0003361702,0.00032636855,-8.027484,8.426311e-07,-13.986737,8.075904e-06,-11.726626,5.843028e-07,-14.352847
B_RL_test_00016,baseline,ObservationPlanner,1,23,early,0.7575848522418619,0.7648472559966231,9178.167071959477,12000.0,6023.664357898624,0.27747791859413073,0,593.4475459693606,1,0.0,2,1,high,-0.4401584506355456,1.0497642801219806,0.40754786971653073,0.5611451094235479,16,3,Imitation_64x64,505,0,0,0.0069206776,0.0,0.0,True,-0.2,True,0.9991605,-0.00083971024,0.00081436447,-7.1131024,1.3750548e-05,-11.194431,9.238357e-06,-11.592146,2.1446078e-06,-13.052554
B_RL_test_00017,baseline,MyopicEconomic,11,13,middle,0.5162938840900015,0.37042864239233037,5556.429635884955,14999.999999999998,4958.497682325035,0.23577242148980457,0,698.095833451383,1,0.0,1,0,high,1.1733858159969814,0.7571982460402745,0.28812725488404634,0.8037034744292322,17,24,Imitation_64x64,505,0,0,0.24438684,0.0,0.0,True,-0.2,True,0.94648784,-0.054997206,0.039620798,-3.2284012,0.012484682,-4.383253,0.00014181795,-8.860967,0.0012649501,-6.672723
B_RL_test_00018,baseline,PPO,11,13,middle,0.44546002368694276,1.0801788188977697,712.5405351230945,659.6505343903904,4599.457693830454,0.1925300329586777,0,678.6047451687893,1,0.0,1,2,high,0.783350719956263,0.519994892666678,0.3439098168059432,0.6750775086741557,18,15,Imitation_64x64,505,0,1,1.409477,69.66007399624488,69.66007399624488,False,-0.2,False,0.33527628,-1.0928004,0.31190673,-1.1650511,0.13194877,-2.0253415,0.025444089,-3.6712718,0.19542414,-1.632583
B_RL_test_00019,baseline,ObservationPlanner,14,10,middle,0.43628357786420313,1.0,986.8792762181879,986.8792762181879,2549.5416782191555,0.15752058515941827,0,614.2332567570838,1,0.0,1,1,low,0.008801761928701954,1.281540519190883,0.5907284257417467,0.640373467956049,19,16,Imitation_64x64,505,2,0,1.5009432,42.19368540547913,42.19368540547913,False,0.0,False,0.22385499,-1.4967567,0.17866738,-1.7222294,0.29721054,-1.2133144,0.050691124,-2.9820044,0.2495759,-1.3879921
B_RL_test_00020,baseline,MyopicEconomic,6,18,early,0.9904872805090876,1.0,10354.41707224261,10354.41707224261,5657.078470578648,0.02,2,490.4954424610693,1,0.0,2,1,high,-1.4821096191035665,1.036690732347569,0.2978889158652708,0.5594487500561349,20,9,Imitation_64x64,505,0,0,0.15665464,0.0,0.0,True,-0.2,True,0.96979976,-0.030665636,0.020213457,-3.9014068,0.009560345,-4.6501317,0.0001723641,-8.665901,0.00025413538,-8.277643
B_RL_test_00021,baseline,PPO,2,22,early,0.99134664354728,1.2249999999999999,1933.011399525078,1577.9684894082272,2850.588671250648,0.02,3,405.7868496895012,1,0.0,2,2,low,-2.4253689918491133,0.8437459054517884,0.339367546935539,0.6145889537406355,21,3,Imitation_64x64,505,0,0,0.3884871,0.0,0.0,True,-0.2,True,0.9061558,-0.09854412,0.06713477,-2.7010534,0.019180482,-3.9538622,0.0035855991,-5.63083,0.0039433525,-5.535724
B_RL_test_00022,baseline,ObservationPlanner,7,17,early,0.17169114823543966,1.0,1306.4095068443337,1306.4095068443337,3277.468032966299,0.36792693239861396,0,673.2894883247873,1,0.0,0,1,high,0.5250911873728785,1.0225740464416466,0.5763159361893628,0.6742307684177278,22,22,Imitation_64x64,505,0,1,1.2600998,11.375790228516536,11.375790228516536,False,-0.2,False,0.46648854,-0.76252186,0.31884652,-1.1430454,0.061762337,-2.7844615,0.033837803,-3.3861766,0.11906485,-2.128087
B_RL_test_00023,baseline,MyopicEconomic,4,20,early,0.9678035069402425,1.0,12000.0,12000.0,5891.699067860228,0.032024988808005285,2,563.8674519452862,1,0.0,2,1,high,0.24134772804040389,1.3810949496954836,0.24254573603279125,0.7506369767835125,23,5,Imitation_64x64,505,0,0,0.0679432,0.0,0.0,True,-0.2,True,0.9889396,-0.011122227,0.008111743,-4.8144426,0.002794571,-5.880077,8.439107e-05,-9.380049,6.963754e-05,-9.5722065
B_RL_test_00024,baseline,PPO,2,22,early,0.8642852064172054,0.6675057313785617,2305.939145833296,3454.5608186329287,2026.5878802852524,0.06325948422561593,0,590.1525426782189,1,0.0,2,1,low,-2.0101277777033815,1.478343626097419,0.4308653496981941,0.530824615742716,24,3,Imitation_64x64,505,0,0,0.048839968,0.0,0.0,True,-0.2,True,0.9924845,-0.0075440407,0.0061102435,-5.097789,9.043794e-05,-9.310846,0.00106492,-6.844856,0.0002498768,-8.294542
B_RL_test_00025,baseline,ObservationPlanner,1,23,early,0.9230822556998987,0.7019633566330249,2407.255806884243,3429.3183314164326,2132.473316032242,0.02,1,572.8295723806025,1,0.0,2,1,low,-1.0508383580584602,0.7887385917443512,0.307348428917548,0.5336745085892886,25,4,Imitation_64x64,505,0,0,0.102720305,0.0,0.0,True,-0.2,True,0.9813643,-0.018811464,0.016092138,-4.129424,0.0011045561,-6.808312,0.0010154311,-6.8924417,0.0004234816,-7.767
B_RL_test_00026,baseline,MyopicEconomic,7,17,early,0.9365901282485903,0.8443705650804314,12665.558476206472,15000.0,6448.501935164566,0.02,1,585.5290430706376,1,0.0,2,1,high,-0.8487921202430904,0.9644137800497737,0.41649155616272776,0.8018488833642444,26,13,Imitation_64x64,505,0,0,0.10250988,0.0,0.0,True,-0.2,True,0.9821216,-0.01804018,0.011231535,-4.48903,0.00644342,-5.044696,8.743287e-05,-9.344639,0.00011602763,-9.061683
B_RL_test_00027,baseline,PPO,11,13,middle,0.3252033535477799,1.0,609.6849856969869,609.6849856969869,3296.621660629314,0.3299546280846452,0,567.02653296758,1,0.0,1,1,high,-0.4425082286603216,0.8392601629979316,0.5331463867747503,0.7045610005896411,27,24,Imitation_64x64,505,0,0,1.5036541,0.0,0.0,True,-0.17990436,True,0.31931695,-1.141571,0.27123296,-1.3047771,0.13035958,-2.0374587,0.076029964,-2.5766277,0.20306043,-1.5942516
B_RL_test_00028,baseline,ObservationPlanner,3,21,early,0.9893089746322069,1.0,2404.765648729171,2404.765648729171,2121.9774031476454,0.02,3,432.8680540537394,1,0.0,2,1,low,-2.0485506467438626,0.6815482883078391,0.3819575070249458,0.8591634595862108,28,4,Imitation_64x64,505,0,0,0.28948012,0.0,0.0,True,-0.2,True,0.9376282,-0.064401865,0.042305354,-3.1628418,0.013733905,-4.287888,0.0035409094,-5.6433716,0.0027916173,-5.8811345
B_RL_test_00029,baseline,MyopicEconomic,23,1,late,0.9018311721921631,0.5956190380587226,8934.28557088084,15000.0,1928.8363003603918,0.05497909600922661,0,696.4720478215925,1,0.0,2,1,low,1.4081782222310821,1.1454430642322595,0.1524521085135705,0.686066795455444,29,24,Imitation_64x64,505,0,1,0.48246345,9.62374282235669,9.62374282235669,False,-0.2,False,0.8549679,-0.15669131,0.12703423,-2.0632987,0.010833688,-4.5250945,0.0005672144,-7.4747734,0.0065970276,-5.0211363
B_RL_test_00030,baseline,PPO,18,6,late,0.17458352387309314,1.0,500.0,500.0,4154.559915174503,0.2914746552731627,0,680.746830732853,1,0.0,0,1,high,0.36049063728598935,0.6978249320066493,0.4584913795995479,0.7048195239783651,30,24,Imitation_64x64,505,2,2,1.143296,0.0,0.0,True,0.0,True,0.032650825,-3.4218853,0.060954705,-2.797624,0.5504323,-0.59705126,0.06206831,-2.7795198,0.2938938,-1.2245368
B_RL_test_00031,baseline,ObservationPlanner,23,1,late,0.3881165845248731,1.0,600.0,600.0,1384.7393957328795,0.35565533850095415,0,628.2226086563135,1,0.0,1,1,low,-0.4494291645959675,1.2133114246152,0.5382540007993669,0.5509989301790695,31,24,Imitation_64x64,505,3,0,1.0127151,34.877724604324385,34.877724604324385,False,0.1,False,0.040629838,-3.2032526,0.025348464,-3.6750371,0.023869986,-3.7351334,0.5409467,-0.6144345,0.369205,-0.9964032
B_RL_test_00032,baseline,MyopicEconomic,14,10,middle,0.11861461159707183,0.39623458995451744,5943.518849317761,14999.999999999998,6538.028638524567,0.4823572270107184,0,663.1472569094424,1,0.0,0,0,high,0.07233569176205216,1.0330987645795806,0.5532516681278125,0.8240805632894571,32,24,Imitation_64x64,505,0,0,1.0772921,0.0,0.0,True,-0.2,True,0.4641317,-0.7675868,0.16974425,-1.7734623,0.35485807,-1.0360373,0.0004252859,-7.7627487,0.01084065,-4.524452
B_RL_test_00033,baseline,PPO,3,21,early,0.8656298298742936,1.2249999999999999,3366.5276172647314,2748.1858100120257,1736.8128697309855,0.02,1,642.2010355136549,1,0.0,2,2,low,-0.569740014719955,0.9772691096688223,0.5020581483713409,0.5604406923181983,33,5,Imitation_64x64,505,0,0,0.56901056,0.0,0.0,True,-0.2,True,0.8270417,-0.18990016,0.14284526,-1.9459933,0.016903235,-4.0802503,0.0037208213,-5.593811,0.009489027,-4.657619
B_RL_test_00034,baseline,ObservationPlanner,8,16,middle,0.7209933912032997,1.059538316732895,557.355009681004,526.0357279004483,2206.3188351759422,0.15236934661368406,0,559.6977206594408,1,0.0,2,2,low,-0.5568992969228953,1.1557145411930765,0.33555444694239067,0.7880201275407003,34,19,Imitation_64x64,505,0,1,0.8005091,33.23309480033947,0.0,False,-0.04949422,True,0.74974805,-0.288018,0.16719876,-1.788572,0.009020164,-4.708293,0.030976092,-3.4745395,0.043056853,-3.1452339
B_RL_test_00035,baseline,MyopicEconomic,2,22,early,0.7124069971554298,0.3601784377622567,2346.3730929921007,6514.4740689360015,2943.277717707141,0.26742186215069164,0,534.1750857694525,1,0.0,2,0,low,-1.6769227877276522,1.0197454526672802,0.36430119712109293,0.39029351173850463,35,4,Imitation_64x64,505,0,0,0.013780364,0.0,0.0,True,-0.2,True,0.9982456,-0.0017561913,0.0014946454,-6.5058665,2.0270882e-05,-10.806326,0.00021098784,-8.463711,2.8523942e-05,-10.464767
B_RL_test_00036,baseline,PPO,10,14,middle,0.16985238612265544,1.351124932690788,743.3727078413355,550.1879876947398,2712.1614947827516,0.11763269701826078,0,746.4215773999038,1,0.0,0,2,low,0.7987720270045131,0.8271682697862274,0.4029096007715378,0.7093812837974224,36,24,Imitation_64x64,505,2,3,1.2032855,10.061639613274025,10.061639613274025,False,0.0,False,0.07190442,-2.6324177,0.13708816,-1.987131,0.54125345,-0.61386764,0.017292628,-4.057475,0.23246129,-1.4590316
B_RL_test_00037,baseline,ObservationPlanner,5,19,early,0.8993257552516476,1.2268159216879904,2290.904721091305,1867.358159110963,2854.9562517245977,0.02,1,633.4964033299018,1,0.0,2,2,low,-1.2539493473761563,1.107970464256297,0.20714979550495394,0.5822403131144498,37,7,Imitation_64x64,505,0,2,0.79275477,11.841537744849802,11.841537744849802,False,-0.2,False,0.73037654,-0.31419492,0.20252824,-1.5968758,0.041126966,-3.191091,0.005818162,-5.146771,0.02015013,-3.9045444
B_RL_test_00038,baseline,MyopicEconomic,14,10,middle,0.684448328390616,0.6413451513607958,9620.177270411938,15000.0,4305.019512426003,0.05992413603561583,0,653.8034205228332,1,0.0,2,1,high,0.4441157710907515,0.9390821754564493,0.4005351522638762,0.7348842428889295,38,24,Imitation_64x64,505,0,0,0.580272,0.0,0.0,True,-0.2,True,0.83311737,-0.18258071,0.091947116,-2.3865416,0.07157263,-2.6370425,0.0002279651,-8.386318,0.0031349463,-5.7651434
B_RL_test_00039,baseline,PPO,5,19,early,0.9378959300747195,1.2950503995707228,2458.174595305655,1898.1304481435466,2057.7661936202644,0.031255013014439295,2,545.5440171275179,1,0.0,2,2,low,-0.9910608771563214,1.0687565486503725,0.32931114337766065,0.480487284890949,39,6,Imitation_64x64,505,0,0,0.59670913,0.0,0.0,True,-0.2,True,0.83585656,-0.17929816,0.109518066,-2.2116656,0.037080757,-3.294657,0.00642108,-5.048169,0.011123479,-4.4986973
B_RL_test_00040,baseline,ObservationPlanner,6,18,early,0.03798601396408765,0.8618221026318759,1346.2592029839443,1562.1080021882358,2112.7510526336328,0.542259564850849,0,719.0124875867314,1,0.0,0,1,low,0.3911514500331968,1.2544957364432432,0.6953851683896436,0.6634477604756893,40,24,Imitation_64x64,505,0,0,1.4260145,0.0,0.0,True,-0.2,True,0.36038136,-1.0205923,0.19001345,-1.6606603,0.021587668,-3.8356328,0.21151674,-1.5534511,0.21650073,-1.5301613
B_RL_test_00041,baseline,MyopicEconomic,19,5,late,0.016633071844414767,0.1169709276912876,1754.563915369314,15000.0,3437.7353052762714,0.6094754641587934,0,764.7739696208452,1,0.0,0,0,high,1.3455774008055212,0.8534561755749168,0.47756049876243367,0.5444764634918892,41,24,Imitation_64x64,505,2,2,0.5941525,0.0,0.0,True,0.0,True,0.0017817038,-6.330185,0.048286773,-3.0305977,0.8251852,-0.1921475,0.0041854894,-5.4761314,0.12056089,-2.1156003
B_RL_test_00042,baseline,PPO,10,14,middle,0.8826765474543761,2.574432043205924,2637.215610419299,1024.3873468631905,3450.7898658345794,0.027796455183778677,2,675.3251678924596,1,0.0,2,2,high,0.22909678781778126,0.879346771579291,0.2553585836990128,0.47150706749456744,42,12,Imitation_64x64,505,0,0,1.3193825,0.0,0.0,True,-0.2,True,0.32605863,-1.120678,0.32135597,-1.1352057,0.26461533,-1.3294779,0.006638658,-5.0148454,0.081331454,-2.5092223
B_RL_test_00043,baseline,ObservationPlanner,4,20,early,0.9623949810652032,1.5867197334287197,3929.6597847989556,2476.5935042021633,4452.6622712573635,0.02,3,542.2881919852082,1,0.0,2,2,high,-0.4983394640877816,1.1813366229036073,0.33760433114928884,0.7006270214394502,43,7,Imitation_64x64,505,0,0,0.5458577,0.0,0.0,True,-0.2,True,0.8514781,-0.16078162,0.09465358,-2.3575318,0.045462504,-3.0908675,0.0025021331,-5.990612,0.005903728,-5.132171
B_RL_test_00044,baseline,MyopicEconomic,2,22,early,0.379209978329903,0.47810556982222124,2525.127915294928,5281.527919103455,1429.7605211837863,0.19493247158948834,0,762.0436848092071,1,0.0,1,0,low,0.09031488076551453,1.5566656761988789,0.21693195513352462,0.675601763777255,44,8,Imitation_64x64,505,0,0,0.075917386,0.0,0.0,True,-0.2,True,0.98770964,-0.012366295,0.009021971,-4.708092,0.00015931712,-8.744614,0.002194799,-6.1216645,0.0009143226,-6.997327
B_RL_test_00045,baseline,PPO,5,19,early,0.8222238740449165,1.2249999999999999,1883.35045135406,1537.4289398808653,3348.3448880232113,0.02,1,577.8049262304501,1,0.0,2,2,high,-0.7434848889073253,0.7769566157120102,0.4900627923832935,0.6806089276604373,45,9,Imitation_64x64,505,0,2,1.0967731,6.070997502499495,6.070997502499495,False,-0.2,False,0.5716345,-0.5592555,0.2292667,-1.4728693,0.1587049,-1.8407087,0.006395119,-5.0522203,0.0339988,-3.38143
B_RL_test_00046,baseline,ObservationPlanner,13,11,middle,0.20288459529389125,0.9999999999999999,776.6788847965151,776.6788847965153,5999.266924562831,0.3460085372071179,0,687.7671178537944,1,0.0,1,1,high,0.04468770119945725,1.1100338854838319,0.466752765563234,0.8465379303694447,46,24,Imitation_64x64,505,2,0,1.4076307,60.698230747747914,60.698230747747914,False,0.0,False,0.13865793,-1.9757451,0.23362075,-1.454056,0.38349885,-0.9584185,0.025695357,-3.6614447,0.21852697,-1.5208457
B_RL_test_00047,baseline,MyopicEconomic,6,18,early,0.6680502290690778,1.0,11664.0,11664.0,5780.583328255228,0.14874161924604068,0,650.2689375648152,1,0.0,2,1,high,0.6794578365423228,1.2605601452914865,0.39418557739057486,0.663345949117258,47,12,Imitation_64x64,505,0,1,0.4319061,22.27562385890087,22.27562385890087,False,-0.2,False,0.88920945,-0.11742258,0.048894323,-3.018094,0.06037504,-2.8071797,0.00018903648,-8.57357,0.0013322796,-6.620864
B_RL_test_00048,baseline,PPO,3,21,early,0.22787425817632054,1.0,3496.625410377927,3496.625410377927,4282.18936652522,0.2394748583802661,0,739.214628121166,1,0.0,1,1,high,0.8746453651728925,1.2289568893253286,0.34581064897313346,0.5645890100507188,48,11,Imitation_64x64,505,0,0,0.9899535,0.0,0.0,True,-0.2,True,0.641273,-0.44429994,0.22296984,-1.5007187,0.090283975,-2.4047952,0.003674435,-5.6063557,0.0417987,-3.17489
B_RL_test_00049,baseline,ObservationPlanner,10,14,middle,0.3614319639668689,1.0,557.1361346362471,557.1361346362471,1756.1217037408028,0.22041247065985103,0,667.8601291773981,1,0.0,1,1,low,0.2671931472578545,0.946027321721571,0.49805137706200514,0.8348476688154185,49,24,Imitation_64x64,505,0,0,1.4528676,0.0,0.0,True,-0.10255327,True,0.36085248,-1.019286,0.23745713,-1.4377682,0.04902572,-3.0154102,0.123308204,-2.0930684,0.22935651,-1.4724777
B_RL_test_00050,baseline,MyopicEconomic,1,23,early,0.5640436083834576,0.37198488593015544,2778.8507088085507,7470.332300894378,2832.6429911485493,0.35883944705264603,0,654.4683900435166,1,0.0,1,0,low,-0.44078875144303553,0.8380510296018817,0.3871942516794568,0.6034522769722803,50,24,Imitation_64x64,505,0,0,0.007979376,0.0,0.0,True,-0.2,True,0.9990483,-0.0009522438,0.0008355859,-7.0873775,3.105774e-06,-12.682247,0.00010049153,-9.205437,1.2533686e-05,-11.28709
B_RL_test_00051,baseline,PPO,0,24,early,0.6279381875877659,0.7097053825658842,5488.279280176071,7733.179732037013,2720.080753335256,0.4,0,652.8067991736757,1,0.0,2,1,low,-1.1207786885627906,1.002766217469849,0.3503577515463789,0.617426829756258,51,4,Imitation_64x64,505,0,0,0.0043067797,0.0,0.0,True,-0.2,True,0.99951255,-0.0004878044,0.00046515482,-7.6731405,1.8483822e-06,-13.2012005,1.8699182e-05,-10.887031,1.6553503e-06,-13.311498
B_RL_test_00052,baseline,ObservationPlanner,22,2,late,0.39494446361012614,1.0,500.0,500.0,1732.4707144893682,0.2174831580160389,0,607.2925577081427,1,0.0,1,1,low,-0.23877457474671135,0.7227125995562862,0.4726893086707423,0.6581244204937098,52,24,Imitation_64x64,505,4,4,1.3099693,0.0,0.0,True,0.2,True,0.05752212,-2.8555856,0.047920477,-3.0382123,0.1363333,-1.9926528,0.3277979,-1.1153581,0.43042615,-0.84297955
B_RL_test_00053,baseline,MyopicEconomic,6,18,early,0.34426507000356177,0.2436763840649301,2049.447590889828,8410.530215122248,2009.1865947564293,0.47200289460980144,0,584.1029467466066,1,0.0,1,0,low,-0.3870103738071509,1.0471457565478777,0.4977787279614221,0.8372278510245246,53,24,Imitation_64x64,505,0,0,0.1597966,0.0,0.0,True,-0.2,True,0.97131395,-0.029105663,0.012886098,-4.3516064,0.00020536139,-8.490739,0.011648738,-4.4525576,0.003945775,-5.53511
B_RL_test_00054,baseline,PPO,2,22,early,0.8049562963000642,1.0319384677467247,7130.673275385625,6909.979129817411,4895.253327835442,0.15084904971669436,0,600.8959365436986,1,0.0,2,2,high,-1.255506772438249,0.9360305659296442,0.363464744617099,0.5373903131399516,54,7,Imitation_64x64,505,0,0,0.0959676,0.0,0.0,True,-0.2,True,0.9822681,-0.01789093,0.016038626,-4.1327553,0.0012245176,-6.7052083,0.00016699893,-8.697523,0.0003019061,-8.105394
B_RL_test_00055,baseline,ObservationPlanner,0,24,early,0.7703021013594434,0.8046723751405875,8386.849268140477,10422.688198628884,3782.175891677592,0.4,0,657.5751534584275,1,0.0,2,1,high,-0.5512478562946606,1.0949289310713148,0.2282812754865429,0.5039575619771754,55,5,Imitation_64x64,505,0,0,0.0027332199,0.0,0.0,True,-0.2,True,0.9997054,-0.00029468536,0.00028599252,-8.159545,5.786937e-07,-14.362493,7.5459297e-06,-11.794502,5.360864e-07,-14.438971
B_RL_test_00056,baseline,MyopicEconomic,3,21,early,0.5319335139074415,0.2944401741434168,3288.5919463967357,11168.964819301184,2236.5959758467075,0.2618928823547251,0,668.6782541872011,1,0.0,1,0,low,0.491521608931922,0.7981409760756403,0.40301955099779874,0.725467639639309,56,24,Imitation_64x64,505,0,0,0.03262719,0.0,0.0,True,-0.2,True,0.99513924,-0.004872799,0.0044412566,-5.416818,0.00013314477,-8.924073,0.00015955081,-8.743149,0.00012675789,-8.973232
B_RL_test_00057,baseline,PPO,6,18,early,0.6835475823280572,1.5415926323287827,4138.878045092562,2684.8065813860508,3494.805096494596,0.1028284327062324,0,711.5596795853463,1,0.0,2,2,high,0.29734423011214695,1.2126248846903505,0.3002933541740706,0.833479734810448,57,11,Imitation_64x64,505,0,1,0.71233684,5.88263050868909,5.88263050868909,False,-0.2,False,0.7478403,-0.29056597,0.21134326,-1.5542717,0.012662493,-4.369111,0.0035771544,-5.633188,0.0245768,-3.7059524
B_RL_test_00058,baseline,ObservationPlanner,17,7,late,0.007347530160079491,0.25628247946200927,1319.3906808078113,5148.189152756323,3509.3180928960087,0.6279407830915847,0,813.4735944976718,1,0.0,0,0,high,2.782688012161225,0.6915874271637731,0.4819950280080346,0.698112208087694,58,24,Imitation_64x64,505,4,4,0.7560531,0.0,0.0,True,0.2,True,0.004162434,-5.481655,0.014355119,-4.2436485,0.0060321856,-5.110646,0.31998193,-1.1394906,0.6554683,-0.42240524
B_RL_test_00059,baseline,MyopicEconomic,11,13,middle,0.3010701088009395,0.209471918594423,3142.0787789163446,14999.999999999998,1760.7293445204466,0.16035656363609666,0,704.3711085217833,1,0.0,1,0,low,0.971453190840694,1.533171519635366,0.4781722323867211,0.6056363128937179,59,24,Imitation_64x64,505,2,0,1.0156138,31.973798988726912,31.973798988726912,False,0.0,False,0.4304615,-0.8428973,0.07782214,-2.5533292,0.46629956,-0.76292694,0.0012493517,-6.6851306,0.024167297,-3.722755
B_RL_test_00060,baseline,PPO,0,24,early,0.5068592473650758,0.168176012802745,546.810907443923,3251.4203323709544,1514.974941648108,0.4,0,625.4025588941706,1,0.0,1,0,low,0.4676162543727831,0.8860136480030804,0.311185290065238,0.9046832844889655,60,4,Imitation_64x64,505,0,0,0.12594475,0.0,0.0,True,-0.2,True,0.9743973,-0.025936127,0.0012776325,-6.6627464,1.5296984e-06,-13.39044,0.023993818,-3.729959,0.00032975193,-8.01717
B_RL_test_00061,baseline,ObservationPlanner,1,23,early,0.6723392587564916,0.5264822437685277,4501.6441067295755,8550.419620056096,6653.596928286341,0.3606854027384583,0,595.3492738028834,1,0.0,2,1,high,-0.6019120795535214,1.250066022412253,0.32570285665920384,0.6690632347612712,61,4,Imitation_64x64,505,0,0,0.0062195915,0.0,0.0,True,-0.2,True,0.99925727,-0.0007429123,0.00071921886,-7.2373447,7.0058572e-06,-11.868764,1.4096952e-05,-11.169552,2.427844e-06,-12.928507
B_RL_test_00062,baseline,MyopicEconomic,0,24,early,0.6558138612660278,0.22766535990445966,1353.0514007973516,5943.158859850981,3412.923749968226,0.4,1,623.1365100020726,1,0.0,2,0,high,-0.5197297972949666,1.0463883656689934,0.3776908173523991,0.815325111799893,62,24,Imitation_64x64,505,0,0,0.014364012,0.0,0.0,True,-0.2,True,0.9981014,-0.0019001961,0.0017701144,-6.336711,2.6257761e-05,-10.547548,9.1229485e-05,-9.302132,1.095614e-05,-11.421611
B_RL_test_00063,baseline,PPO,0,24,early,0.6092112298996989,0.14054555952618597,1225.4641336450247,8719.337258155783,3515.256718321031,0.4,0,570.2458398508572,1,0.0,2,0,high,-1.4160968264962555,1.271300483920626,0.2624403200649598,0.5443897374113016,63,5,Imitation_64x64,505,0,0,0.009975104,0.0,0.0,True,-0.2,True,0.9987986,-0.0012021065,0.00096820306,-6.9400687,6.34808e-06,-11.967358,0.00020308404,-8.50189,2.370735e-05,-10.649725
B_RL_test_00064,baseline,ObservationPlanner,1,23,early,0.7230093447733669,0.4422362425874765,2831.9463335814994,6403.695719310763,4169.321450676664,0.3816100151721653,0,551.480806362687,1,0.0,2,0,high,-0.2311648484074592,0.750470788967369,0.44116609633456183,0.7340685337223977,64,4,Imitation_64x64,505,0,0,0.0071088243,0.0,0.0,True,-0.2,True,0.99915445,-0.0008459091,0.0007740895,-7.163823,3.615339e-06,-12.530325,6.122369e-05,-9.700976,6.6212133e-06,-11.925232
B_RL_test_00065,baseline,MyopicEconomic,17,7,late,0.16883788561041613,0.1953397861591348,2930.096792387022,15000.0,2526.854242657849,0.4377581672034112,0,681.087812638456,1,0.0,0,0,low,0.9543120520827897,1.2376231953811616,0.4808156757682948,0.8043152589284366,65,24,Imitation_64x64,505,2,0,1.0232102,27.26733318481513,27.26733318481513,False,0.0,False,0.04789085,-3.038831,0.15603633,-1.8576665,0.6472194,-0.43507004,0.005243217,-5.25082,0.14361024,-1.9406524
B_RL_test_00066,baseline,PPO,4,20,early,0.5446765194422268,1.073252499481339,1483.5483753950894,1382.2920292401186,1193.6200672635655,0.14139800041492867,0,709.3255489273176,1,0.0,1,2,low,0.10872647247335987,1.0882603901869417,0.24807577802657751,0.678805264804511,66,5,Imitation_64x64,505,0,1,0.645924,44.239417380889336,44.239417380889336,False,-0.2,False,0.8066636,-0.21484852,0.14292087,-1.9454641,0.0035341303,-5.645288,0.017854445,-4.0255027,0.029026972,-3.5395298
B_RL_test_00067,baseline,ObservationPlanner,2,22,early,0.1097643319784132,0.7714368241331376,4333.73462698888,5617.744047749718,3805.298674699541,0.348534859982811,0,858.1554947232789,1,0.0,0,1,high,1.7860277180715896,1.4976221550110438,0.3431977762345563,0.6947477889754374,67,7,Imitation_64x64,505,0,0,0.28720504,0.0,0.0,True,-0.2,True,0.93081313,-0.07169676,0.060151838,-2.8108833,0.0034171566,-5.6789465,0.0011683231,-6.752186,0.004449612,-5.4149384
B_RL_test_00068,baseline,MyopicEconomic,0,24,early,0.42653032626779175,0.37421081019193775,2545.965711703852,6803.560031838716,2610.68512423398,0.4,0,666.6578373952274,1,0.0,1,0,low,0.11732619098720778,0.9121918234253104,0.44108451528192855,0.739356466273892,68,14,Imitation_64x64,505,0,0,0.0052861725,0.0,0.0,True,-0.2,True,0.9994031,-0.0005970001,0.00051972055,-7.562219,1.859775e-06,-13.195055,6.994452e-05,-9.567808,5.403139e-06,-12.1285305
B_RL_test_00069,baseline,PPO,1,23,early,0.960812023620709,0.6728979002668548,2168.0837102651412,3222.0099206808827,4198.773867629622,0.2488485489978257,0,483.07543703213923,1,0.0,2,1,high,-1.4919352173107752,1.3055222135338365,0.41763881714870493,0.7592059164002953,69,6,Imitation_64x64,505,0,0,0.008989227,0.0,0.0,True,-0.2,True,0.9989072,-0.0010933876,0.00096413045,-6.944284,3.446655e-06,-12.578106,0.00011524553,-9.068445,9.834612e-06,-11.529603
B_RL_test_00070,baseline,ObservationPlanner,4,20,early,0.04844010728093621,1.0,1958.2948491654167,1958.2948491654167,1639.8550914103687,0.3349557074327678,0,910.063873343722,1,0.0,0,1,low,2.389651181165024,1.299545799569939,0.4153647449400546,0.7062253508358912,70,11,Imitation_64x64,505,0,0,1.2396976,0.0,0.0,True,-0.2,True,0.4936979,-0.70583165,0.2927725,-1.2283596,0.04779602,-3.040813,0.037300494,-3.2887487,0.1284331,-2.0523474
B_RL_test_00071,baseline,MyopicEconomic,21,3,late,0.3819574454017667,0.3308075231538171,4962.112847307257,15000.0,3235.427963034861,0.26325602044805047,0,686.9360106943229,1,0.0,1,0,high,0.09105636204004242,1.0313146161355393,0.4853300622396656,0.5238168952882202,71,24,Imitation_64x64,505,0,1,1.1886203,20.589489271932962,20.589489271932962,False,-0.2,False,0.43645626,-0.8290671,0.15990931,-1.8331485,0.34914374,-1.0522716,0.0017339677,-6.357343,0.052756842,-2.942062
B_RL_test_00072,baseline,PPO,0,24,early,0.7588589061208596,0.6809655158039449,4039.6011253995216,5932.166947735064,1816.55993714263,0.4,1,695.702630528886,1,0.0,2,1,low,0.386536536410366,0.930225005718882,0.29112376646152666,0.6081968729634402,72,3,Imitation_64x64,505,0,0,0.0066092247,0.0,0.0,True,-0.2,True,0.9992073,-0.0007929802,0.0007592888,-7.1831284,2.8384009e-06,-12.772269,2.8283774e-05,-10.473223,2.3392176e-06,-12.965693
B_RL_test_00073,baseline,ObservationPlanner,22,2,late,0.4137834712644008,1.029344230852175,514.6721154260874,500.0,5830.51050764666,0.14221314095652096,0,696.2288645930913,1,0.0,1,2,high,0.45941812709734065,1.1789910139310849,0.28356995023331066,0.6877866114164769,73,24,Imitation_64x64,505,2,2,1.3290619,0.0,0.0,True,0.0,True,0.092070326,-2.3852026,0.11502393,-2.162615,0.4303697,-0.8431107,0.042008318,-3.1698875,0.3205277,-1.1377866
B_RL_test_00074,baseline,MyopicEconomic,7,17,early,0.04053304116497742,0.13505325496414894,2025.7988244622338,14999.999999999998,4168.7212063130455,0.49730623844293537,0,737.1110563485262,1,0.0,0,0,high,1.5965306398868033,0.7644284406291425,0.5561785363345491,0.7034210583296641,74,24,Imitation_64x64,505,2,1,0.35641864,0.9982117901608092,0.9982117901608092,False,0.0,False,0.01111467,-4.4994893,0.05128623,-2.9703329,0.9189292,-0.08454609,0.0004329291,-7.7449365,0.018236926,-4.004307
B_RL_test_00075,baseline,PPO,1,23,early,0.7564671147100324,0.6119493257231801,3427.4907057391165,5600.938773302232,2612.995156430521,0.28013957570482395,0,586.5806523842683,1,0.0,2,1,low,-1.9380212781880286,0.5667805381576572,0.34706457120354495,0.4642840454103798,75,4,Imitation_64x64,505,0,0,0.01090215,0.0,0.0,True,-0.2,True,0.99863607,-0.001364708,0.0012163115,-6.711932,5.2086048e-06,-12.165198,0.00012606605,-8.978704,1.6353155e-05,-11.02109
B_RL_test_00076,baseline,ObservationPlanner,3,21,early,0.8732476304401287,1.1162618083955889,3034.364563993472,2718.3269562494356,1933.50347851992,0.10699055328352877,0,582.3405206417185,1,0.0,2,2,low,-0.9456056299759363,0.9330307037393054,0.3516778080616225,0.7294508559928045,76,6,Imitation_64x64,505,0,1,0.17895779,20.356151312253132,20.356151312253132,False,-0.2,False,0.9634389,-0.037246227,0.030756611,-3.4816504,0.0011900263,-6.73378,0.0026154877,-5.946305,0.0019989416,-6.2151375
B_RL_test_00077,baseline,MyopicEconomic,16,8,late,0.11924889965361976,0.10632274977041356,1594.8412465562033,14999.999999999998,2621.478144077052,0.3694256144447483,0,739.7602268363717,1,0.0,0,0,low,0.31858297831781607,0.8479897153648971,0.4532158731317911,0.56086922159226,77,24,Imitation_64x64,505,2,2,0.46211088,0.0,0.0,True,0.0,True,0.003927603,-5.5397263,0.026610387,-3.6264536,0.87852526,-0.12951064,0.002668215,-5.926346,0.088268586,-2.427371
B_RL_test_00078,baseline,PPO,3,21,early,0.9540215157636134,1.225,5355.1173299948005,4371.524351016164,3521.0761850454173,0.02,2,565.1217807466435,1,0.0,2,2,high,-0.8075015401694254,1.0321185311846846,0.18971493676975942,0.6519106372702784,78,4,Imitation_64x64,505,0,1,0.32679677,19.22203246319441,19.22203246319441,False,-0.2,False,0.9199416,-0.08344507,0.065282576,-2.7290301,0.011697602,-4.4483714,0.0011531733,-6.765238,0.0019251106,-6.252772
B_RL_test_00079,baseline,ObservationPlanner,0,24,early,0.6107559122745796,0.35881894687930105,1990.6102300783075,5547.673129835883,2877.475817049848,0.4,0,606.0929451374526,1,0.0,2,0,low,-0.2263729641847368,0.7787968829600019,0.42086284106403515,0.720814474587929,79,1,Imitation_64x64,505,0,0,0.008340878,0.0,0.0,True,-0.2,True,0.99902594,-0.00097465515,0.00073271996,-7.218747,1.7289344e-06,-13.268005,0.00022414996,-8.403195,1.546822e-05,-11.076723
B_RL_test_00080,baseline,MyopicEconomic,1,23,early,0.6454988717607186,0.6105344746162854,2483.2239255782656,4067.2951795866175,1869.5339146746887,0.31435377533905284,0,598.6720201337081,1,0.0,2,1,low,-1.0123921144009338,1.1258003834783963,0.39749000470481033,0.5241669124696455,80,2,Imitation_64x64,505,0,0,0.016447026,0.0,0.0,True,-0.2,True,0.99789315,-0.0021090508,0.0015837227,-6.447977,4.486493e-06,-12.31444,0.00047403874,-7.6542215,4.4618922e-05,-10.017353
B_RL_test_00081,baseline,PPO,5,19,early,0.5471971665134849,1.0,820.1402972263885,820.1402972263885,1144.5597734841792,0.21690835041641865,0,654.083534261115,1,0.0,1,1,low,0.4670964360920484,1.0318299041662726,0.39611149708091536,0.7766966329528985,81,24,Imitation_64x64,505,0,0,0.64283574,0.0,0.0,True,-0.2,True,0.81916416,-0.19947076,0.11598746,-2.1542733,0.0022970662,-6.0761223,0.03718764,-3.2917788,0.025363602,-3.6744401
B_RL_test_00082,baseline,ObservationPlanner,4,20,early,0.979857188575217,1.0,500.00000000000006,500.00000000000006,1287.0936432178305,0.0352510431562565,3,467.9522389366124,1,0.0,2,1,low,-1.8132668856006082,0.8977841514156312,0.379017546862315,0.6711371551218738,82,7,Imitation_64x64,505,0,2,0.45654437,-68.35334460771696,0.0,False,-0.0,True,0.8945158,-0.111472845,0.059476744,-2.82217,0.02291714,-3.7758703,0.014105869,-4.2611647,0.008984451,-4.7122602
B_RL_test_00083,baseline,MyopicEconomic,9,15,middle,0.8651092790573723,0.5928297836241365,8892.446754362049,15000.0,2967.3578290978676,0.10333974095211913,0,633.7478036785967,1,0.0,2,1,low,-0.19318881647829222,1.1007255421738986,0.39873602801111796,0.6182139355952364,83,13,Imitation_64x64,505,0,0,0.05872132,0.0,0.0,True,-0.2,True,0.9905627,-0.009481907,0.007627894,-4.875943,0.0016293983,-6.419544,8.179896e-05,-9.411246,9.815725e-05,-9.228939
B_RL_test_00084,baseline,PPO,0,24,early,0.906174739606605,0.4075748690648555,1513.3767327880428,3713.12572892522,2389.231910536744,0.4,0,427.4413147982198,1,0.0,2,0,low,-2.719303493644447,0.9141938919096755,0.4493131263051819,0.7602119282809829,84,2,Imitation_64x64,505,0,0,0.008305045,0.0,0.0,True,-0.2,True,0.9990409,-0.00095939636,0.00061969174,-7.386288,9.522963e-07,-13.864389,0.00032684172,-8.026034,1.1703512e-05,-11.355621
B_RL_test_00085,baseline,ObservationPlanner,4,20,early,0.7941548900434988,1.1078584625333887,3538.6924791601796,3194.173803635616,3279.8007078489463,0.113713229973289,0,660.8190807718751,1,0.0,2,2,high,-0.732507953119708,1.414482734313204,0.324414951475154,0.5343499923124448,85,5,Imitation_64x64,505,0,1,0.26638266,53.64015616127699,53.64015616127699,False,-0.2,False,0.9358257,-0.0663259,0.057549816,-2.8551042,0.0013380911,-6.616511,0.0018693465,-6.2821665,0.0034170656,-5.6789727
B_RL_test_00086,baseline,MyopicEconomic,9,15,middle,0.8725517982544201,0.5126492332251752,7689.7384983776265,14999.999999999998,3696.8864482792205,0.17155046543004115,0,578.3838689196426,1,0.0,2,1,high,-0.5739392325338428,0.8405098617483711,0.2825418813098837,0.6386877709365626,86,16,Imitation_64x64,505,0,0,0.06823938,0.0,0.0,True,-0.2,True,0.9883106,-0.0117583275,0.010460748,-4.5601254,0.0010239306,-6.8841066,6.502511e-05,-9.640737,0.0001397585,-8.875595
B_RL_test_00087,baseline,PPO,9,15,middle,0.5014289547566524,1.9666253091615,3959.3397123443137,2013.265920000001,9962.41445462283,0.08991769508881849,0,706.7720228447201,1,0.0,1,2,high,0.6498672710491811,1.088206740370783,0.40818789241107123,0.7330825440302011,87,14,Imitation_64x64,505,2,1,1.2768425,55.73651992605255,55.73651992605255,False,0.0,False,0.20225741,-1.598214,0.2731792,-1.2976272,0.42774546,-0.84922695,0.002013823,-6.2077203,0.094804,-2.3559437
B_RL_test_00088,baseline,ObservationPlanner,10,14,middle,0.01751231497823463,1.0,2062.3705253171834,2062.3705253171834,6848.24600462249,0.42136429596045955,0,823.4542716105796,1,0.0,0,1,high,3.2597985744067355,0.9085305102515508,0.4665674267932232,0.8094894424242502,88,24,Imitation_64x64,505,1,1,1.3660312,0.0,0.0,True,-0.1,True,0.22415769,-1.4954054,0.37353724,-0.9847375,0.25692636,-1.3589658,0.008900711,-4.721624,0.13647798,-1.9915919
B_RL_test_00089,baseline,MyopicEconomic,14,10,middle,0.1543903474151127,0.14228358458682816,2028.3947818698225,14256.000000000002,3369.936719339581,0.43161391595669496,0,713.1052669663361,1,0.0,0,0,high,1.7888009368239013,0.6988729541935131,0.3328235380263363,0.8188913977778863,89,24,Imitation_64x64,505,2,3,0.7479822,8.046498553436578,8.046498553436578,False,0.0,False,0.028214602,-3.5679157,0.08299709,-2.4889498,0.7850791,-0.24197078,0.003634882,-5.617179,0.10007432,-2.3018422
B_RL_test_00090,baseline,PPO,10,14,middle,0.7534781431339181,2.315642848909248,2176.249783856102,939.8037287491009,4306.620593893453,0.02,1,646.8127409746123,1,0.0,2,2,high,0.043613096896889136,1.037068499561815,0.565620493324281,0.7959980754214587,90,11,Imitation_64x64,505,2,0,1.1543609,12.47295748320471,12.47295748320471,False,0.0,False,0.14732562,-1.91511,0.20839159,-1.5683362,0.5614303,-0.57726765,0.003639369,-5.615945,0.07921318,-2.5356126
B_RL_test_00091,baseline,ObservationPlanner,20,4,late,0.004203746421753841,0.048369274057587466,725.539110863812,15000.0,1895.838978176145,0.6002317453913092,0,914.2149004138386,1,0.0,0,0,low,2.3382845918220068,0.6741896711819185,0.5199109965055012,0.712837240683555,91,24,Imitation_64x64,505,4,2,0.91573167,-17.73963985028837,0.0,False,0.0,True,0.0008138263,-7.113764,0.028709948,-3.5505116,0.2843429,-1.2575743,0.055176366,-2.8972206,0.63095695,-0.46051764
B_RL_test_00092,baseline,MyopicEconomic,17,7,late,0.08960262868948717,0.1692689454392299,2056.6176870866434,12150.0,2114.236479504682,0.4353373723168985,0,580.4005404605385,1,0.0,0,0,low,-0.5862659646754461,1.1181404121059324,0.6389081097596125,0.889545304488342,92,22,Imitation_64x64,505,2,3,0.4598035,22.070955021289222,22.070955021289222,False,0.0,False,0.0073936223,-4.907138,0.011935085,-4.428273,0.882307,-0.12521529,0.009882397,-4.617,0.08848189,-2.4249575
B_RL_test_00093,baseline,PPO,5,19,early,0.01220936956066418,1.0,4915.200000000001,4915.200000000001,8492.213570262602,0.4346923481340863,0,876.6096227204597,1,0.0,0,1,high,3.0629373987984785,0.9114223715622548,0.4060270931795948,0.7879782542358003,93,24,Imitation_64x64,505,0,0,0.7049178,0.0,0.0,True,-0.2,True,0.7594298,-0.27518725,0.18851143,-1.6685965,0.04230183,-3.1629248,0.0006593344,-7.3242793,0.0090975445,-4.6997504
B_RL_test_00094,baseline,ObservationPlanner,5,19,early,0.9887958087926114,1.0,500.0,500.0,1405.898611797393,0.02,3,392.42144428152614,1,0.0,2,1,low,-1.3976582755334301,0.7487520285556225,0.4855545079422672,0.6876819511748817,94,8,Imitation_64x64,505,0,2,0.52076274,-87.30987679035434,0.0,False,0.0,True,0.8752228,-0.1332767,0.06575698,-2.7217894,0.033062715,-3.409349,0.015117705,-4.1918883,0.010839856,-4.5245256
B_RL_test_00095,baseline,MyopicEconomic,14,10,middle,0.23804962142462843,0.1728121909906215,2042.0964107147854,11816.853886341905,2929.6763194070577,0.4715160381848498,0,599.3617573811041,1,0.0,1,0,low,-0.2563260662755433,0.9887072235021326,0.5326297737522329,0.6408928626998098,95,24,Imitation_64x64,505,4,0,1.4881597,56.713739767836955,56.713739767836955,False,0.2,False,0.24228165,-1.4176543,0.18365405,-1.6947013,0.21828236,-1.5219656,0.04421859,-3.11861,0.31156334,-1.1661525
B_RL_test_00096,baseline,PPO,23,1,late,0.057706257325393535,1.0,500.0,500.0,4245.599445238874,0.3531450452789717,0,734.2826019711963,1,0.0,0,1,high,0.63121929203782,0.9721972196766725,0.445765228928636,0.7938713156995721,96,24,Imitation_64x64,505,2,2,0.50287724,0.0,0.0,True,0.0,True,0.0021268823,-6.153098,0.005936302,-5.126669,0.85809875,-0.15303612,0.021430537,-3.8429384,0.11240745,-2.185625
B_RL_test_00097,baseline,ObservationPlanner,0,24,early,0.5202720984178253,0.18164222778984737,336.65413188935815,1853.3913395890145,1585.6471968155172,0.4,0,570.907195146081,1,0.0,1,0,low,-0.6422699443344645,0.5751794844401634,0.5138524784076035,0.5242284254912288,97,24,Imitation_64x64,505,0,0,0.13083437,0.0,0.0,True,-0.2,True,0.972773,-0.02760458,0.00108968,-6.8218713,4.385323e-06,-12.337248,0.025916973,-3.6528573,0.00021593603,-8.440529
B_RL_test_00098,baseline,MyopicEconomic,8,16,middle,0.36105580188544195,0.5128494073419781,7692.741110129673,15000.0,2999.8299614530706,0.1765400580706997,0,745.413405021207,1,0.0,1,1,low,0.9088657953933286,1.3248086092922042,0.36488819247598553,0.5828741555508058,98,22,Imitation_64x64,505,0,0,0.62642103,0.0,0.0,True,-0.2,True,0.81197083,-0.20829082,0.07562392,-2.5819826,0.10891088,-2.2172253,0.00020824982,-8.476772,0.0032860818,-5.7180595
B_RL_test_00099,baseline,PPO,1,23,early,0.6935374321243797,0.8015197217681155,3446.4035370911242,4299.836227970183,2308.449944443907,0.3122362038919836,0,638.8794272401572,1,0.0,2,1,low,-0.26689171429934844,0.6907053720958345,0.34363800188548893,0.47058435393170817,99,6,Imitation_64x64,505,0,0,0.010773838,0.0,0.0,True,-0.2,True,0.99866354,-0.0013375282,0.0011601388,-6.759216,3.1462346e-06,-12.669304,0.00015600455,-8.765625,1.72438e-05,-10.968058
B_RL_test_00000,severe_stress,PPO,2,22,early,0.4166718720179237,0.5570515438200542,5194.628365429958,9325.220301531006,5113.817957246661,0.2675494669086287,0,735.6133585549072,1,0.0,1,1,high,0.7766626320299265,1.1540687281369808,0.34471001732411144,0.8095158963876717,100,9,Imitation_64x64,505,0,0,0.032230403,0.0,0.0,True,-0.2,True,0.9951154,-0.004896641,0.0045928657,-5.383251,0.00018979044,-8.569591,4.8596474e-05,-9.931959,5.3253916e-05,-9.840439
B_RL_test_00001,severe_stress,ObservationPlanner,5,19,early,0.3882490109490616,1.0006186687674683,1876.0181886488513,1874.8582723922927,1967.1722695860833,0.19101578376353281,0,827.2144458947637,2,1.6,1,2,low,1.6613225481260747,0.841180276874062,0.2960832412250551,0.6198577850919593,101,14,Imitation_64x64,505,0,1,0.7491525,18.710098816591994,18.710098816591994,False,-0.2,False,0.7745246,-0.25550568,0.114759974,-2.1649125,0.013157728,-4.3307457,0.004680749,-5.364297,0.09287685,-2.3764808
B_RL_test_00002,severe_stress,MyopicEconomic,1,23,early,0.4350840664284275,0.24334980512276738,1594.1887694297345,6551.017242958067,2311.7540353432664,0.35961980914440683,0,678.8660937176784,1,0.0,1,0,low,0.4546918678629157,0.8585965558808485,0.47150063272009635,0.832595564470931,102,8,Imitation_64x64,505,0,0,0.029879695,0.0,0.0,True,-0.2,True,0.99594396,-0.004064083,0.0023170514,-6.0674596,1.28757865e-05,-11.260162,0.0015122069,-6.494185,0.000213966,-8.449694
B_RL_test_00003,severe_stress,PPO,4,20,early,0.17384169938551708,0.9999999999999998,4497.415959676926,4497.415959676927,7800.775326931617,0.4070511995665708,0,757.5840193125299,2,1.6,0,1,high,1.033632078382112,1.2276235612338229,0.47864155202413344,0.8531424835747992,103,8,Imitation_64x64,505,0,0,0.2526334,0.0,0.0,True,-0.2,True,0.9377113,-0.06431317,0.057912968,-2.848814,0.002319865,-6.0662465,0.0001555488,-8.768551,0.0019001733,-6.26581
B_RL_test_00004,severe_stress,ObservationPlanner,6,18,early,0.776933689900663,1.008353470396052,2121.113929313534,2103.542053046559,2725.081576561847,0.140064894447816,0,641.2934889559235,2,1.6,2,2,low,0.4602511534154351,1.0830413162393473,0.45980112852588634,0.7412130218716163,104,11,Imitation_64x64,505,0,0,0.28647628,0.0,0.0,True,-0.2,True,0.9324374,-0.0699532,0.05576473,-2.8866136,0.0010409945,-6.867579,0.0015172533,-6.4908533,0.0092396075,-4.684256
B_RL_test_00005,severe_stress,MyopicEconomic,7,17,early,0.8025142906744749,0.1102030000105691,1470.0200355926197,13339.201613854762,1638.3929991407078,0.3418930605080054,0,636.3318377891824,2,1.6,2,0,low,-0.04444196082094837,1.1818582927166443,0.48676356778721747,0.6668066982541053,105,12,Imitation_64x64,505,0,0,0.15649019,0.0,0.0,True,-0.2,True,0.9659501,-0.034643173,0.03229525,-3.432835,2.0274809e-05,-10.806131,0.00038445304,-7.863689,0.0013499472,-6.60769
B_RL_test_00006,severe_stress,PPO,5,19,early,0.8721603821264096,1.0998398072478652,3950.3923799281415,3591.7888713386624,5815.632777110655,0.02,1,684.1993287360234,2,1.6,2,2,high,0.9316380738118776,0.6386269675984682,0.5197144407917117,0.5755142980102315,106,7,Imitation_64x64,505,0,0,1.0886445,0.0,0.0,True,-0.2,True,0.55644846,-0.58618057,0.26300207,-1.3355932,0.14263962,-1.9474338,0.0025551324,-5.969651,0.035354707,-3.3423238
B_RL_test_00007,severe_stress,ObservationPlanner,2,22,early,0.941153837414281,1.0,9600.0,9600.0,6575.139522683609,0.02,1,540.727184687694,1,0.0,2,1,high,-1.7014713346367327,1.0009109290001965,0.4410433472212441,0.6888284147284123,107,5,Imitation_64x64,505,0,0,0.10255781,0.0,0.0,True,-0.2,True,0.98209196,-0.018070221,0.011630009,-4.4541664,0.0060401927,-5.109319,0.00011075757,-9.108167,0.00012697038,-8.971557
B_RL_test_00008,severe_stress,MyopicEconomic,3,21,early,0.46800086187321227,0.3932877923561791,4242.888278486691,10788.253184945392,4666.187714582823,0.3364305752596788,0,619.1106237784993,1,0.0,1,0,high,-0.39024726220835865,0.9356708536559166,0.4388010593340236,0.8167731441495508,108,6,Imitation_64x64,505,0,0,0.023908444,0.0,0.0,True,-0.2,True,0.9966203,-0.0033855438,0.0030478593,-5.793316,0.0002612541,-8.250017,4.2446245e-05,-10.067272,2.8097937e-05,-10.479815
B_RL_test_00009,severe_stress,PPO,2,22,early,0.6161913093291045,0.5250073090912045,3060.6138934986757,5829.659588542955,3652.883738387161,0.3644789563273006,0,573.8508323546777,1,0.0,2,1,high,-0.11325674064309288,0.5753649050646394,0.44374303847723623,0.8737371263430239,109,5,Imitation_64x64,505,0,0,0.018492777,0.0,0.0,True,-0.2,True,0.99749136,-0.0025119781,0.002270166,-6.0879025,2.1458423e-05,-10.749393,0.00017632199,-8.643199,4.074972e-05,-10.108062
B_RL_test_00010,severe_stress,ObservationPlanner,1,23,early,0.9138404870515462,0.8336148063277276,1604.158451919865,1924.340162558492,1727.6845770750347,0.02,1,575.1760875918158,1,0.0,2,1,low,-0.4838409806239353,0.8413063321790891,0.4391246703190555,0.6872603844075084,110,4,Imitation_64x64,505,0,0,0.19128737,0.0,0.0,True,-0.2,True,0.96115685,-0.039617777,0.031329054,-3.4632094,0.003114895,-5.77156,0.0028388936,-5.8643413,0.0015601792,-6.4629545
B_RL_test_00011,severe_stress,MyopicEconomic,4,20,early,0.6259546933303869,0.44865801078481937,5072.576936786621,11306.110255143705,2986.8511662016085,0.2571121325345216,0,667.5995820019157,2,1.6,2,0,low,0.6701751736113165,1.1556843223065958,0.3527015341276848,0.6125902414428819,111,6,Imitation_64x64,505,0,0,0.01998772,0.0,0.0,True,-0.2,True,0.9971687,-0.0028352737,0.0027280292,-5.9041758,5.1486873e-05,-9.874184,2.0185982e-05,-10.810522,3.1562206e-05,-10.36355
B_RL_test_00012,severe_stress,PPO,7,17,early,0.5738788763763731,1.0160239515840837,1150.4354262240656,1132.2916398087082,1935.3231653427192,0.18718083873273306,0,719.5123947019736,2,1.6,1,2,low,0.9772288051966393,0.9509734753112715,0.46436674060322847,0.7302773060708184,112,9,Imitation_64x64,505,0,1,0.5803417,19.62120421677446,19.62120421677446,False,-0.2,False,0.840877,-0.17331004,0.083266035,-2.4857147,0.0026981283,-5.9151974,0.0058363504,-5.1436496,0.067322426,-2.698262
B_RL_test_00013,severe_stress,ObservationPlanner,2,22,early,0.9314582456168501,0.6919830412331085,2007.0177052663607,2900.385682414804,2408.1872813445257,0.2947446355756634,0,496.3313094061973,1,0.0,2,1,low,-1.736257804977541,1.0740468656905695,0.3667052714676963,0.6175553539035563,113,3,Imitation_64x64,505,0,0,0.011784013,0.0,0.0,True,-0.2,True,0.9985474,-0.0014538765,0.0011421927,-6.7748055,2.437002e-06,-12.924743,0.00028887088,-8.149531,1.9193052e-05,-10.860962
B_RL_test_00014,severe_stress,MyopicEconomic,1,23,early,0.5271408732435738,0.7017806288528439,6543.9437847632835,9324.771183069348,3885.4089210235634,0.42337198126547393,0,675.8104456583286,1,0.0,1,1,high,-0.6684220948261075,1.1138218846795502,0.3991183392656671,0.6578988792549979,114,2,Imitation_64x64,505,0,0,0.0042367973,0.0,0.0,True,-0.2,True,0.9995183,-0.00048208237,0.0004670121,-7.6691556,1.8838715e-06,-13.182182,1.1395489e-05,-11.382294,1.3957884e-06,-13.482051
B_RL_test_00015,severe_stress,PPO,0,24,early,0.8827892318835304,0.7750439435362315,7010.115307667944,9044.797222314191,5056.69050475539,0.4,0,530.7452935881225,1,0.0,2,1,high,-1.857567923464245,1.5996820862393486,0.20504247408141998,0.6309168474085493,115,1,Imitation_64x64,505,0,0,0.0030708506,0.0,0.0,True,-0.2,True,0.99966407,-0.0003361702,0.00032636855,-8.027484,8.426311e-07,-13.986737,8.075904e-06,-11.726626,5.843028e-07,-14.352847
B_RL_test_00016,severe_stress,ObservationPlanner,2,22,early,0.9303009848476829,1.0,9600.0,9600.0,6088.8328922062965,0.02,1,576.6080377234201,1,0.0,2,1,high,-0.4401584506355456,1.0497642801219806,0.40754786971653073,0.5611451094235479,116,3,Imitation_64x64,505,0,0,0.14477739,0.0,0.0,True,-0.2,True,0.9724419,-0.027944803,0.019203799,-3.952647,0.007994429,-4.8290105,0.00013509828,-8.909508,0.00022475069,-8.400518
B_RL_test_00017,severe_stress,MyopicEconomic,6,18,early,0.7768153545458911,0.40930999507012233,6139.649926051834,14999.999999999998,5866.334776902437,0.1954478274580968,0,694.7630917863607,2,1.6,2,0,high,1.1733858159969814,0.7571982460402745,0.28812725488404634,0.8037034744292322,117,9,Imitation_64x64,505,0,0,0.03225,0.0,0.0,True,-0.2,True,0.9950671,-0.004945278,0.004689032,-5.3625293,0.00019106771,-8.562882,1.2530424e-05,-11.287352,4.0159273e-05,-10.122658
B_RL_test_00018,severe_stress,PPO,6,18,early,0.9037274035148669,1.3043053922444858,2625.6889312815624,2013.0936718456728,3661.6467780397475,0.02,1,661.2703781829231,2,1.6,2,2,high,0.783350719956263,0.519994892666678,0.3439098168059432,0.6750775086741557,118,10,Imitation_64x64,505,0,2,1.2769436,44.98419754496899,44.98419754496899,False,-0.2,False,0.4260201,-0.85326874,0.24400066,-1.4105843,0.24903828,-1.3901486,0.0052967174,-5.240668,0.07564429,-2.5817132
B_RL_test_00019,severe_stress,ObservationPlanner,1,23,early,0.5225384016325821,0.8831844316605247,4188.129520917361,4742.078065215692,2842.7474317976203,0.33006626442034487,0,657.7004203308887,1,0.0,1,1,low,0.008801761928701954,1.281540519190883,0.5907284257417467,0.640373467956049,119,7,Imitation_64x64,505,0,0,0.024727019,0.0,0.0,True,-0.2,True,0.99645656,-0.0035495758,0.0032672347,-5.723811,2.5800442e-05,-10.565119,0.0001892692,-8.57234,6.12228e-05,-9.700991
B_RL_test_00020,severe_stress,MyopicEconomic,5,19,early,0.9903273726904043,0.7235343520892216,9364.720559533289,12943.021340303261,5857.857629745934,0.02,1,514.2749941083653,2,1.6,2,1,high,-1.4821096191035665,1.036690732347569,0.2978889158652708,0.5594487500561349,120,7,Imitation_64x64,505,0,0,0.059785888,0.0,0.0,True,-0.2,True,0.9905223,-0.009522915,0.0067144185,-5.003498,0.0026679637,-5.92644,4.151673e-05,-10.089415,5.3615877e-05,-9.833665
B_RL_test_00021,severe_stress,PPO,0,24,early,0.952856086691239,0.6390721954551879,1575.6809170081594,2465.5757647003547,2983.166026826811,0.4,1,437.37277351007333,1,0.0,2,1,low,-2.4253689918491133,0.8437459054517884,0.339367546935539,0.6145889537406355,121,3,Imitation_64x64,505,0,0,0.022761103,0.0,0.0,True,-0.2,True,0.99676645,-0.003238678,0.0029979702,-5.8098197,2.595711e-05,-10.559065,0.00019049952,-8.565861,1.9284462e-05,-10.856211
B_RL_test_00022,severe_stress,ObservationPlanner,6,18,early,0.8420111540845878,1.2249999999999999,1778.1684954270095,1451.5661187159262,3270.993987484063,0.02,1,656.6347725637011,2,1.6,2,2,high,0.5250911873728785,1.0225740464416466,0.5763159361893628,0.6742307684177278,122,9,Imitation_64x64,505,2,2,1.3119409,0.0,0.0,True,0.0,True,0.3161944,-1.1513981,0.19139948,-1.6533924,0.38592738,-0.952106,0.0068731476,-4.980133,0.099605545,-2.3065374
B_RL_test_00023,severe_stress,MyopicEconomic,2,22,early,0.8311454201682336,0.5229275424069387,7843.913136104081,15000.0,6830.231827298405,0.20253138521525418,0,597.884195380762,1,0.0,2,1,high,0.24134772804040389,1.3810949496954836,0.24254573603279125,0.7506369767835125,123,5,Imitation_64x64,505,0,0,0.005988226,0.0,0.0,True,-0.2,True,0.99928844,-0.0007119179,0.000688967,-7.2803173,1.2587302e-05,-11.282823,7.993319e-06,-11.736905,1.9040374e-06,-13.171534
B_RL_test_00024,severe_stress,PPO,2,22,early,0.8642852064172054,0.6675057313785617,2305.939145833296,3454.5608186329287,2026.5878802852524,0.06325948422561593,0,590.1525426782189,1,0.0,2,1,low,-2.0101277777033815,1.478343626097419,0.4308653496981941,0.530824615742716,124,3,Imitation_64x64,505,0,0,0.048839968,0.0,0.0,True,-0.2,True,0.9924845,-0.0075440407,0.0061102435,-5.097789,9.043794e-05,-9.310846,0.00106492,-6.844856,0.0002498768,-8.294542
B_RL_test_00025,severe_stress,ObservationPlanner,1,23,early,0.9230822556998987,0.7019633566330249,2407.255806884243,3429.3183314164326,2132.473316032242,0.02,1,572.8295723806025,1,0.0,2,1,low,-1.0508383580584602,0.7887385917443512,0.307348428917548,0.5336745085892886,125,4,Imitation_64x64,505,0,0,0.102720305,0.0,0.0,True,-0.2,True,0.9813643,-0.018811464,0.016092138,-4.129424,0.0011045561,-6.808312,0.0010154311,-6.8924417,0.0004234816,-7.767
B_RL_test_00026,severe_stress,MyopicEconomic,3,21,early,0.6771584225464135,0.4334220552491781,6501.330828737671,15000.0,6516.058797860334,0.21084889268126272,0,618.5060310757419,1,0.0,2,0,high,-0.8487921202430904,0.9644137800497737,0.41649155616272776,0.8018488833642444,126,6,Imitation_64x64,505,0,0,0.039163098,0.0,0.0,True,-0.2,True,0.99419785,-0.005818844,0.0044343923,-5.4183645,0.0012961577,-6.6483507,3.1068026e-05,-10.379332,4.0660478e-05,-10.110254
B_RL_test_00027,severe_stress,PPO,7,17,early,0.9794303532191574,1.5006249999999994,2233.663407376808,1488.4887346117844,3613.5546788692905,0.02,2,531.7483152393892,2,1.6,2,2,high,-0.4425082286603216,0.8392601629979316,0.5331463867747503,0.7045610005896411,127,8,Imitation_64x64,505,0,0,1.2453207,0.0,0.0,True,-0.2,True,0.40166512,-0.91213655,0.16232851,-1.8181331,0.36333397,-1.0124328,0.008112577,-4.8143396,0.06455983,-2.7401628
B_RL_test_00028,severe_stress,ObservationPlanner,0,24,early,0.7918132670670824,0.315123682209895,1480.0754024988344,4696.8079076741615,2278.444071317703,0.4,0,476.49642618302425,1,0.0,2,0,low,-2.0485506467438626,0.6815482883078391,0.3819575070249458,0.8591634595862108,128,4,Imitation_64x64,505,0,0,0.0077006742,0.0,0.0,True,-0.2,True,0.999119,-0.00088119507,0.00057832315,-7.4553776,1.7286503e-06,-13.268169,0.00029023224,-8.144829,1.0637345e-05,-11.451139
B_RL_test_00029,severe_stress,MyopicEconomic,4,20,early,0.8033574653262319,0.2934697064267671,2863.7622568244174,9758.289166173427,2106.395876993439,0.1911581694323644,0,707.929516947412,2,1.6,2,0,low,1.4081782222310821,1.1454430642322595,0.1524521085135705,0.686066795455444,129,11,Imitation_64x64,505,0,0,0.016141651,0.0,0.0,True,-0.2,True,0.99782467,-0.0021777153,0.0020398102,-6.1948986,1.1134079e-05,-11.4055,6.808532e-05,-9.594749,5.6427383e-05,-9.782556
B_RL_test_00030,severe_stress,PPO,2,22,early,0.3930271272446514,0.7230964992230754,2537.3396605380967,3508.9917642587384,3972.151885512717,0.38976284638487163,0,683.7439944050008,1,0.0,1,1,high,0.36049063728598935,0.6978249320066493,0.4584913795995479,0.7048195239783651,130,7,Imitation_64x64,505,0,0,0.051578924,0.0,0.0,True,-0.2,True,0.9917802,-0.008253574,0.007198443,-4.9338903,7.739786e-05,-9.466551,0.000669922,-7.308349,0.00027409688,-8.202029
B_RL_test_00031,severe_stress,ObservationPlanner,5,19,early,0.9546987231828551,1.225,1090.0667715457148,889.8504257516039,1181.8525818604196,0.02,1,601.2917641619872,2,1.6,2,2,low,-0.4494291645959675,1.2133114246152,0.5382540007993669,0.5509989301790695,131,6,Imitation_64x64,505,0,0,1.0802133,0.0,0.0,True,-0.2,True,0.6318978,-0.45902753,0.14711842,-1.9165174,0.14568171,-1.926331,0.011874941,-4.433325,0.06342704,-2.757865
B_RL_test_00032,severe_stress,MyopicEconomic,0,24,early,0.6821034197939189,0.6964197399644306,8738.828413024821,12548.220435955986,6254.032431135801,0.4,0,655.121411864739,1,0.0,2,1,high,0.07233569176205216,1.0330987645795806,0.5532516681278125,0.8240805632894571,132,9,Imitation_64x64,505,0,0,0.0026475065,0.0,0.0,True,-0.2,True,0.99971503,-0.00028514862,0.00027785913,-8.188396,7.362442e-07,-14.121704,5.8027294e-06,-12.057182,4.7062997e-07,-14.569194
B_RL_test_00033,severe_stress,PPO,3,21,early,0.8656298298742936,1.2249999999999999,3366.5276172647314,2748.1858100120257,1736.8128697309855,0.02,1,642.2010355136549,1,0.0,2,2,low,-0.569740014719955,0.9772691096688223,0.5020581483713409,0.5604406923181983,133,5,Imitation_64x64,505,0,0,0.56901056,0.0,0.0,True,-0.2,True,0.8270417,-0.18990016,0.14284526,-1.9459933,0.016903235,-4.0802503,0.0037208213,-5.593811,0.009489027,-4.657619
B_RL_test_00034,severe_stress,ObservationPlanner,6,18,early,0.9599025264082925,1.2469872232469077,819.9497895790572,657.5446598755602,2245.722265453572,0.07882788984505502,0,552.4497873515605,2,1.6,2,2,low,-0.5568992969228953,1.1557145411930765,0.33555444694239067,0.7880201275407003,134,8,Imitation_64x64,505,0,2,0.29225284,22.245915802534,22.245915802534,False,-0.2,False,0.9330978,-0.06924534,0.05254124,-2.946157,0.001946329,-6.2418103,0.0024819078,-5.998728,0.009932608,-4.6119323
B_RL_test_00035,severe_stress,MyopicEconomic,1,23,early,0.7399868189734163,0.3399015402607635,1845.2331416834586,5428.728390780001,2727.8239958769,0.28400901187449423,0,533.8944637613272,1,0.0,2,0,low,-1.6769227877276522,1.0197454526672802,0.36430119712109293,0.39029351173850463,135,4,Imitation_64x64,505,0,0,0.011378731,0.0,0.0,True,-0.2,True,0.99861085,-0.0013899803,0.001082745,-6.8282557,8.4723315e-06,-11.678705,0.00027529596,-8.197663,2.2592452e-05,-10.697895
B_RL_test_00036,severe_stress,PPO,16,8,late,0.3118847260717725,1.0,500.0,500.0,2454.9755549353904,0.1270905630381849,0,761.0107431952268,2,1.6,1,1,low,0.7987720270045131,0.8271682697862274,0.4029096007715378,0.7093812837974224,136,24,Imitation_64x64,505,4,2,0.9169853,51.953122851331074,51.953122851331074,False,0.2,False,0.1292435,-2.046057,0.07401907,-2.6034324,0.065733954,-2.7221396,0.009768062,-4.6286373,0.7212354,-0.32678962
B_RL_test_00037,severe_stress,ObservationPlanner,4,20,early,0.9438664663311256,1.1266676831828484,2337.657878664597,2074.842399012181,2671.2774125862343,0.09866585345372143,0,646.0207764191298,2,1.6,2,2,low,-1.2539493473761563,1.107970464256297,0.20714979550495394,0.5822403131144498,137,5,Imitation_64x64,505,0,0,0.16929615,0.0,0.0,True,-0.2,True,0.9640631,-0.036598444,0.032407854,-3.4293544,0.0003810406,-7.8726044,0.00076018844,-7.181944,0.0023876894,-6.037429
B_RL_test_00038,severe_stress,MyopicEconomic,4,20,early,0.9109789387204008,0.798495095201021,8951.99355393873,11211.081455278152,4927.59608061142,0.19084067555623632,0,652.9248733731681,2,1.6,2,1,high,0.4441157710907515,0.9390821754564493,0.4005351522638762,0.7348842428889295,138,9,Imitation_64x64,505,0,0,0.013868811,0.0,0.0,True,-0.2,True,0.99814844,-0.001853466,0.0017772176,-6.3327065,5.4409753e-05,-9.818968,1.0076874e-05,-11.505268,9.892077e-06,-11.523776
B_RL_test_00039,severe_stress,PPO,4,20,early,0.9784827512079856,1.069466509324007,2537.483680772115,2372.663060179433,2137.0096661463617,0.02,1,566.7124163652842,2,1.6,2,2,low,-0.9910608771563214,1.0687565486503725,0.32931114337766065,0.480487284890949,139,6,Imitation_64x64,505,0,1,0.7563696,5.246628571728934,5.246628571728934,False,-0.2,False,0.78006643,-0.24837625,0.110065624,-2.2066786,0.08173494,-2.504274,0.0060119745,-5.114002,0.022121027,-3.8112266
B_RL_test_00040,severe_stress,ObservationPlanner,4,20,early,0.28512415317950746,0.7535326114404304,1839.2176910013982,2440.7937534191183,2159.6985599955833,0.5363117668805257,0,714.8132690760597,2,1.6,1,1,low,0.3911514500331968,1.2544957364432432,0.6953851683896436,0.6634477604756893,140,10,Imitation_64x64,505,0,0,0.42445305,0.0,0.0,True,-0.2,True,0.8865236,-0.120447636,0.08811405,-2.4291234,5.0002334e-05,-9.90344,0.003449615,-5.6694927,0.021862766,-3.8229704
B_RL_test_00041,severe_stress,MyopicEconomic,6,18,early,0.20086797113615712,0.12716522241927988,1907.478336289198,15000.0,3748.9872853351985,0.3683525844882146,0,758.9756291691266,2,1.6,1,0,high,1.3455774008055212,0.8534561755749168,0.47756049876243367,0.5444764634918892,141,24,Imitation_64x64,505,1,1,0.79346406,0.0,0.0,True,-0.1,True,0.18333593,-1.696435,0.73432595,-0.30880213,0.022178788,-3.8086188,0.00034431837,-7.9739437,0.059815083,-2.8164973
B_RL_test_00042,severe_stress,PPO,6,18,early,0.9623827095974269,1.6679803131757132,4171.528143637945,2500.9456710527106,3773.2694503359917,0.019724329481097452,2,669.1783429313944,2,1.6,2,2,high,0.22909678781778126,0.879346771579291,0.2553585836990128,0.47150706749456744,142,7,Imitation_64x64,505,0,0,1.1036512,0.0,0.0,True,-0.2,True,0.58170825,-0.5417862,0.20751485,-1.5725523,0.15985586,-1.8334827,0.005509714,-5.2012424,0.045411266,-3.091995
B_RL_test_00043,severe_stress,ObservationPlanner,3,21,early,0.8794035173799283,1.295281415043853,4009.8569232642403,3095.741880252704,4615.157409787453,0.04164321112005153,2,557.8206986773903,1,0.0,2,2,high,-0.4983394640877816,1.1813366229036073,0.33760433114928884,0.7006270214394502,143,5,Imitation_64x64,505,0,0,0.5592505,0.0,0.0,True,-0.2,True,0.8439932,-0.16961074,0.10256984,-2.2772112,0.045954652,-3.0801,0.002010725,-6.20926,0.005471569,-5.20819
B_RL_test_00044,severe_stress,MyopicEconomic,1,23,early,0.3804055255840845,0.4356105149118464,1917.2409136349572,4401.273265919546,1396.0437312022414,0.27772017904346236,0,763.689211874541,1,0.0,1,0,low,0.09031488076551453,1.5566656761988789,0.21693195513352462,0.675601763777255,144,6,Imitation_64x64,505,0,0,0.03378304,0.0,0.0,True,-0.2,True,0.9953128,-0.0046982765,0.0026787508,-5.922405,1.7177848e-05,-10.9718895,0.0017812678,-6.33043,0.00020988102,-8.468969
B_RL_test_00045,severe_stress,PPO,1,23,early,0.5252960888755148,0.678798280687371,2547.8616237063934,3753.4886227560182,3463.9678318351735,0.3321768339442812,0,589.1816032979989,1,0.0,1,1,high,-0.7434848889073253,0.7769566157120102,0.4900627923832935,0.6806089276604373,145,5,Imitation_64x64,505,0,0,0.034901116,0.0,0.0,True,-0.2,True,0.9949557,-0.005056858,0.004166443,-5.4806924,0.00025396276,-8.278323,0.00048667518,-7.6279135,0.0001371752,-8.894251
B_RL_test_00046,severe_stress,ObservationPlanner,3,21,early,0.30996818945811205,0.6254466564642434,4524.096955008408,7233.3857863816875,5497.876932608729,0.3959841218584353,0,678.2001978321048,1,0.0,1,1,high,0.04468770119945725,1.1100338854838319,0.466752765563234,0.8465379303694447,146,10,Imitation_64x64,505,0,0,0.029860202,0.0,0.0,True,-0.2,True,0.9955851,-0.004424572,0.004070248,-5.504051,0.00022520013,-8.39852,7.0060174e-05,-9.566156,4.9504073e-05,-9.913455
B_RL_test_00047,severe_stress,MyopicEconomic,8,16,middle,0.9967577336578811,1.0,13500.0,13500.0,5426.792941577646,0.013091152856206597,5,584.0432940268033,2,1.6,2,1,high,0.6794578365423228,1.2605601452914865,0.39418557739057486,0.663345949117258,147,9,Imitation_64x64,505,0,1,0.5413206,72.45552604368004,72.45552604368004,False,-0.2,False,0.84476215,-0.16870022,0.054834727,-2.9034317,0.09882827,-2.3143716,0.00026377235,-8.240424,0.0013110329,-6.63694
B_RL_test_00048,severe_stress,PPO,3,21,early,0.22787425817632054,1.0,3496.625410377927,3496.625410377927,4282.18936652522,0.2394748583802661,0,739.214628121166,1,0.0,1,1,high,0.8746453651728925,1.2289568893253286,0.34581064897313346,0.5645890100507188,148,9,Imitation_64x64,505,0,0,0.9899535,0.0,0.0,True,-0.2,True,0.641273,-0.44429994,0.22296984,-1.5007187,0.090283975,-2.4047952,0.003674435,-5.6063557,0.0417987,-3.17489
B_RL_test_00049,severe_stress,ObservationPlanner,1,23,early,0.6731811649547996,0.9726606164077489,3588.890871328263,3689.7668218364097,1771.293887873303,0.2761134340909944,0,669.7600350697134,1,0.0,2,1,low,0.2671931472578545,0.946027321721571,0.49805137706200514,0.8348476688154185,149,6,Imitation_64x64,505,0,0,0.01850757,0.0,0.0,True,-0.2,True,0.99751425,-0.0024886131,0.0021617375,-6.1368427,6.2789045e-06,-11.978315,0.00027524863,-8.197835,4.2438558e-05,-10.067452
B_RL_test_00050,severe_stress,MyopicEconomic,2,22,early,0.5673679412873048,0.35772344139632345,3206.7755748600625,8964.398761073253,2779.934063955163,0.26209743594497137,0,655.6670458752743,1,0.0,1,0,low,-0.44078875144303553,0.8380510296018817,0.3871942516794568,0.6034522769722803,150,11,Imitation_64x64,505,0,0,0.016797824,0.0,0.0,True,-0.2,True,0.9977424,-0.0022602081,0.0020786626,-6.1760306,2.5206797e-05,-10.588397,0.000113505084,-9.083663,4.0200408e-05,-10.121634
B_RL_test_00051,severe_stress,PPO,3,21,early,0.9551168147487235,1.5006249999999999,5941.556651718679,3959.3880228029516,2763.0243702744724,0.02,3,599.6707598627692,1,0.0,2,2,low,-1.1207786885627906,1.002766217469849,0.3503577515463789,0.617426829756258,151,4,Imitation_64x64,505,0,0,0.30863288,0.0,0.0,True,-0.2,True,0.92855865,-0.07412195,0.054062206,-2.9176202,0.013604659,-4.2973433,0.001533781,-6.4800196,0.0022407111,-6.100962
B_RL_test_00052,severe_stress,ObservationPlanner,7,17,early,0.8423116195140266,1.0028847891375086,525.1376631518262,523.627109354655,1764.5634784849206,0.17445580730668783,0,621.9663069438811,2,1.6,2,2,low,-0.23877457474671135,0.7227125995562862,0.4726893086707423,0.6581244204937098,152,12,Imitation_64x64,505,0,0,0.2857954,0.0,0.0,True,-0.04512201,True,0.9382945,-0.06369138,0.039963365,-3.2197921,0.0006664817,-7.3134975,0.0046658763,-5.36748,0.016409747,-4.1098795
B_RL_test_00053,severe_stress,MyopicEconomic,10,14,middle,0.9750360126947729,0.21997445309370525,3299.6167964055785,14999.999999999998,1790.0019683562887,0.09487484313454006,0,548.0169029670456,2,1.6,2,0,low,-0.3870103738071509,1.0471457565478777,0.4977787279614221,0.8372278510245246,153,13,Imitation_64x64,505,0,0,0.059336923,0.0,0.0,True,-0.2,True,0.9905088,-0.009536743,0.0076743597,-4.8698707,0.0014787171,-6.5165806,7.5092365e-05,-9.496792,0.00026303288,-8.243232
B_RL_test_00054,severe_stress,PPO,4,20,early,0.9526443675344505,1.2245366026332696,5415.3743154517815,4422.386643083143,4963.6253396735765,0.13322072171365323,0,603.5576050324527,2,1.6,2,2,high,-1.255506772438249,0.9360305659296442,0.363464744617099,0.5373903131399516,154,5,Imitation_64x64,505,0,1,0.15468362,50.931026764490525,50.931026764490525,False,-0.2,False,0.9661473,-0.034439087,0.03254976,-3.4249854,0.0004816384,-7.638317,0.00016683261,-8.69852,0.0006543866,-7.3318124
B_RL_test_00055,severe_stress,ObservationPlanner,4,20,early,0.9926894715730625,1.4555291881444832,7864.4011408301085,5403.1215621692145,4714.023653189749,0.017926995087853816,3,612.5651531578951,2,1.6,2,2,high,-0.5512478562946606,1.0949289310713148,0.2282812754865429,0.5039575619771754,155,5,Imitation_64x64,505,0,0,0.53227,0.0,0.0,True,-0.2,True,0.852175,-0.15996337,0.100568786,-2.2969134,0.041409228,-3.1842515,0.0012497302,-6.684828,0.004597253,-5.3822966
B_RL_test_00056,severe_stress,MyopicEconomic,1,23,early,0.5035782277571821,0.36165326586457647,2805.064307796412,7756.225568959157,2150.277309475043,0.30578845198468124,0,667.7641115927946,1,0.0,1,0,low,0.491521608931922,0.7981409760756403,0.40301955099779874,0.725467639639309,156,7,Imitation_64x64,505,0,0,0.017342577,0.0,0.0,True,-0.2,True,0.9977131,-0.0022892952,0.001957644,-6.2360134,1.534069e-05,-11.085001,0.0002570716,-8.266155,5.683442e-05,-9.775369
B_RL_test_00057,severe_stress,PPO,5,19,early,0.909841616476469,1.4153390976028188,4749.889655171302,3356.0082267325633,3261.7861913498973,0.06668605580810198,0,714.5335659902294,2,1.6,2,2,high,0.29734423011214695,1.2126248846903505,0.3002933541740706,0.833479734810448,157,6,Imitation_64x64,505,0,1,0.24744862,11.318199145885046,11.318199145885046,False,-0.2,False,0.9391887,-0.062738895,0.0567477,-2.8691401,0.0007819734,-7.15369,0.00046808593,-7.6668587,0.002813604,-5.873289
B_RL_test_00058,severe_stress,ObservationPlanner,5,19,early,0.04835967530168532,0.26907861031756075,859.117241974016,3192.8113533814685,2912.9931262002365,0.540473495081097,0,797.0411241109779,2,1.6,0,0,low,2.782688012161225,0.6915874271637731,0.4819950280080346,0.698112208087694,158,24,Imitation_64x64,505,4,0,1.0393924,2.683360583021738,2.683360583021738,False,0.2,False,0.13279992,-2.0189116,0.34500948,-1.0641834,0.00040513824,-7.811282,0.0131928185,-4.3280826,0.5085926,-0.6761079
B_RL_test_00059,severe_stress,MyopicEconomic,9,15,middle,0.7111854071180429,0.14119385208636528,2117.9077812954793,15000.0,1820.7155674506828,0.2505661397389287,0,726.7811467964113,2,1.6,2,0,low,0.971453190840694,1.533171519635366,0.4781722323867211,0.6056363128937179,159,24,Imitation_64x64,505,0,0,0.38153073,0.0,0.0,True,-0.2,True,0.8869556,-0.11996055,0.106163315,-2.2427769,0.00025488823,-8.274686,0.00046349788,-7.6767087,0.0061626337,-5.0892515
B_RL_test_00060,severe_stress,PPO,3,21,early,0.8255024590965289,0.8644525884552394,1439.0777459067222,1664.7272101739288,1549.1050055627006,0.2061728985927113,0,625.262744109826,1,0.0,2,1,low,0.4676162543727831,0.8860136480030804,0.311185290065238,0.9046832844889655,160,4,Imitation_64x64,505,0,0,0.070500396,0.0,0.0,True,-0.2,True,0.9885484,-0.011517525,0.008433416,-4.775553,2.4479372e-05,-10.61768,0.0025900917,-5.956062,0.00040355755,-7.8151913
B_RL_test_00061,severe_stress,ObservationPlanner,3,21,early,0.9328907340488062,1.2249999999999999,6703.528982123979,5472.268556835902,6488.154144764619,0.02,2,559.1334385848705,1,0.0,2,2,high,-0.6019120795535214,1.250066022412253,0.32570285665920384,0.6690632347612712,161,4,Imitation_64x64,505,0,0,0.38953945,0.0,0.0,True,-0.2,True,0.9019512,-0.10319495,0.06925587,-2.6699474,0.026475085,-3.6315513,0.0006189948,-7.3874135,0.0016988068,-6.3778296
B_RL_test_00062,severe_stress,MyopicEconomic,8,16,middle,0.9487828627568947,0.2782140346366669,4173.2105195500035,15000.0,4276.697932838302,0.11480102279632093,0,619.752387353713,2,1.6,2,0,high,-0.5197297972949666,1.0463883656689934,0.3776908173523991,0.815325111799893,162,13,Imitation_64x64,505,0,0,0.031806543,0.0,0.0,True,-0.2,True,0.99512625,-0.0048856735,0.0046767965,-5.365142,0.00012398939,-8.995315,1.9687974e-05,-10.835503,5.328909e-05,-9.839779
B_RL_test_00063,severe_stress,PPO,1,23,early,0.791088375339115,0.2913549668642458,2032.3377743425297,6975.469806524627,3403.9167794934497,0.25531621104206104,0,570.2152423770772,1,0.0,2,0,high,-1.4160968264962555,1.271300483920626,0.2624403200649598,0.5443897374113016,163,5,Imitation_64x64,505,0,0,0.008101716,0.0,0.0,True,-0.2,True,0.9990337,-0.00096702576,0.0008412257,-7.080651,3.7890459e-06,-12.483397,0.0001096732,-9.118006,1.1606782e-05,-11.363921
B_RL_test_00064,severe_stress,ObservationPlanner,2,22,early,0.6826351159490309,0.5427171272258478,2780.316275530237,5122.95657544861,4374.566437472475,0.3872400641215184,0,558.572914503709,1,0.0,2,1,high,-0.2311648484074592,0.750470788967369,0.44116609633456183,0.7340685337223977,164,4,Imitation_64x64,505,0,0,0.012800538,0.0,0.0,True,-0.2,True,0.9983576,-0.0016436577,0.0014789924,-6.516394,9.819701e-06,-11.53112,0.00013332185,-8.922745,2.0270834e-05,-10.806328
B_RL_test_00065,severe_stress,MyopicEconomic,6,18,early,0.6599472970753796,0.22131611208056978,3319.7416812085467,15000.0,2423.8621118241194,0.25542319236921396,0,672.2526521897478,2,1.6,2,0,low,0.9543120520827897,1.2376231953811616,0.4808156757682948,0.8043152589284366,165,24,Imitation_64x64,505,0,0,0.17724389,0.0,0.0,True,-0.2,True,0.9589964,-0.041867733,0.03986551,-3.2222435,0.0002638416,-8.240161,9.754332e-05,-9.235214,0.000776707,-7.160447
B_RL_test_00066,severe_stress,PPO,1,23,early,0.5047986667626899,0.6743000935655893,1820.468055960117,2699.7891196096057,1542.9255502075714,0.3062788872447605,0,699.3341725819399,1,0.0,1,1,low,0.10872647247335987,1.0882603901869417,0.24807577802657751,0.678805264804511,166,5,Imitation_64x64,505,0,0,0.051315576,0.0,0.0,True,-0.2,True,0.9922765,-0.007753372,0.004991328,-5.300053,1.3579887e-05,-11.206921,0.0024134242,-6.0267086,0.00030521883,-8.094481
B_RL_test_00067,severe_stress,ObservationPlanner,0,24,early,0.19322683130217108,0.5790157421144024,5082.440998150891,8777.725074608934,3890.760815916193,0.4,0,851.5288424890562,1,0.0,0,1,high,1.7860277180715896,1.4976221550110438,0.3431977762345563,0.6947477889754374,167,6,Imitation_64x64,505,0,0,0.009036706,0.0,0.0,True,-0.2,True,0.99886847,-0.0011320114,0.0010863915,-6.8248935,6.9249622e-06,-11.880378,3.0180232e-05,-10.408323,8.110297e-06,-11.722376
B_RL_test_00068,severe_stress,MyopicEconomic,3,21,early,0.4693760380215134,0.4605324635086656,5414.273732894595,11756.551735017301,2978.2013228422875,0.2908618117124857,0,666.9668850637144,1,0.0,1,0,low,0.11732619098720778,0.9121918234253104,0.44108451528192855,0.739356466273892,168,8,Imitation_64x64,505,0,0,0.018941516,0.0,0.0,True,-0.2,True,0.99739206,-0.0026111603,0.00242437,-6.0221834,0.000121710575,-9.0138645,3.8904374e-05,-10.154404,2.2937103e-05,-10.6827545
B_RL_test_00069,severe_stress,PPO,1,23,early,0.960812023620709,0.6728979002668548,2168.0837102651412,3222.0099206808827,4198.773867629622,0.2488485489978257,0,483.07543703213923,1,0.0,2,1,high,-1.4919352173107752,1.3055222135338365,0.41763881714870493,0.7592059164002953,169,5,Imitation_64x64,505,0,0,0.008989227,0.0,0.0,True,-0.2,True,0.9989072,-0.0010933876,0.00096413045,-6.944284,3.446655e-06,-12.578106,0.00011524553,-9.068445,9.834612e-06,-11.529603
B_RL_test_00070,severe_stress,ObservationPlanner,9,15,middle,0.21281686594409158,0.9943826913766872,1211.372964191225,1218.2160597688226,1427.3895968193285,0.22774283708102405,0,911.6582113977641,2,1.6,1,1,low,2.389651181165024,1.299545799569939,0.4153647449400546,0.7062253508358912,170,11,Imitation_64x64,505,4,1,1.0474529,82.72933818768631,82.72933818768631,False,0.2,False,0.42598617,-0.8533484,0.11146379,-2.1940556,0.0051222206,-5.274167,0.011741969,-4.444586,0.44568583,-0.808141
B_RL_test_00071,severe_stress,MyopicEconomic,2,22,early,0.5740328841145435,0.5951739887626244,7605.021920581621,12777.812982708761,3069.135714804417,0.271378619155672,0,701.5061995753122,1,0.0,1,1,high,0.09105636204004242,1.0313146161355393,0.4853300622396656,0.5238168952882202,171,8,Imitation_64x64,505,0,0,0.0065043913,0.0,0.0,True,-0.2,True,0.9992174,-0.0007829666,0.0007601793,-7.1819563,7.658273e-06,-11.779724,1.182193e-05,-11.345554,2.9977132e-06,-12.717661
B_RL_test_00072,severe_stress,PPO,2,22,early,0.948240488185595,1.2094007530851858,4591.594991371415,3796.5868465504414,1964.8516910922142,0.032479397531851285,3,655.9010008173161,1,0.0,2,2,low,0.386536536410366,0.930225005718882,0.29112376646152666,0.6081968729634402,172,3,Imitation_64x64,505,0,0,0.23991483,0.0,0.0,True,-0.2,True,0.94586796,-0.05565238,0.046639953,-3.0652978,0.003938635,-5.536921,0.0018394283,-6.2983007,0.001714029,-6.368909
B_RL_test_00073,severe_stress,ObservationPlanner,0,24,early,0.3919982683599533,0.39116388027494386,3070.9806700840295,7850.879963470754,5150.7503186470285,0.4,0,693.6695826171782,1,0.0,1,0,high,0.45941812709734065,1.1789910139310849,0.28356995023331066,0.6877866114164769,173,7,Imitation_64x64,505,0,0,0.013538337,0.0,0.0,True,-0.2,True,0.9982231,-0.0017786026,0.0016697595,-6.395076,2.696782e-05,-10.520866,5.971244e-05,-9.72597,2.0384781e-05,-10.800722
B_RL_test_00074,severe_stress,MyopicEconomic,17,7,late,0.22671624846750546,0.1250352829349012,1470.5649696539601,11761.2,3054.5463995179625,0.368099186936185,0,743.4137697409599,2,1.6,1,0,high,1.5965306398868033,0.7644284406291425,0.5561785363345491,0.7034210583296641,174,24,Imitation_64x64,505,4,3,0.6913745,8.018704699779732,8.018704699779732,False,0.2,False,0.014750816,-4.216457,0.2607989,-1.3440056,0.0057463525,-5.15919,0.001641759,-6.4119873,0.7170622,-0.33259273
B_RL_test_00075,severe_stress,PPO,0,24,early,0.7382116592789666,0.44562027441056534,3119.864841394645,7001.17346662779,2564.9616727005878,0.4,0,584.3411001869044,1,0.0,2,0,low,-1.9380212781880286,0.5667805381576572,0.34706457120354495,0.4642840454103798,175,4,Imitation_64x64,505,0,0,0.005503348,0.0,0.0,True,-0.2,True,0.9993718,-0.0006284714,0.00055845827,-7.4903307,1.3341886e-06,-13.527187,6.3438514e-05,-9.66544,4.9995656e-06,-12.20616
B_RL_test_00076,severe_stress,ObservationPlanner,5,19,early,0.9861656369292241,1.1911753786479151,2914.2037272593307,2446.494260624492,1925.3084133675156,0.02,2,551.460830049257,2,1.6,2,2,low,-0.9456056299759363,0.9330307037393054,0.3516778080616225,0.7294508559928045,176,6,Imitation_64x64,505,0,2,0.8354348,3.9271038647229943,3.9271038647229943,False,-0.2,False,0.7465719,-0.2922634,0.10012216,-2.3013644,0.11975498,-2.1223075,0.008299821,-4.7915215,0.025251105,-3.6788855
B_RL_test_00077,severe_stress,MyopicEconomic,7,17,early,0.8133018746959686,0.21092219713511243,3163.8329570266865,15000.0,2650.88745591375,0.02,2,702.6792521180745,2,1.6,2,0,low,0.31858297831781607,0.8479897153648971,0.4532158731317911,0.56086922159226,177,8,Imitation_64x64,505,0,0,0.624787,0.0,0.0,True,-0.2,True,0.80168325,-0.22104168,0.050124574,-2.993244,0.14543521,-1.9280245,0.00027533574,-8.197519,0.0024816035,-5.9988503
B_RL_test_00078,severe_stress,PPO,0,24,early,0.6781150053141439,0.4063975228559522,3469.876303432505,8538.133498078443,3593.4336285579748,0.4,0,602.921827198942,1,0.0,2,0,high,-0.8075015401694254,1.0321185311846846,0.18971493676975942,0.6519106372702784,178,4,Imitation_64x64,505,0,0,0.004852325,0.0,0.0,True,-0.2,True,0.99944395,-0.0005559921,0.0005273044,-7.5477324,2.0537082e-06,-13.095863,2.4344201e-05,-10.623217,2.4104277e-06,-12.935706
B_RL_test_00079,severe_stress,ObservationPlanner,0,24,early,0.6107559122745796,0.35881894687930105,1990.6102300783075,5547.673129835883,2877.475817049848,0.4,0,606.0929451374526,1,0.0,2,0,low,-0.2263729641847368,0.7787968829600019,0.42086284106403515,0.720814474587929,179,1,Imitation_64x64,505,0,0,0.008340878,0.0,0.0,True,-0.2,True,0.99902594,-0.00097465515,0.00073271996,-7.218747,1.7289344e-06,-13.268005,0.00022414996,-8.403195,1.546822e-05,-11.076723
B_RL_test_00080,severe_stress,MyopicEconomic,0,24,early,0.7354091066480801,0.5930537031491864,2010.1037233788988,3389.4126496555145,1826.9041858791115,0.4,0,595.0018162256957,1,0.0,2,1,low,-1.0123921144009338,1.1258003834783963,0.39749000470481033,0.5241669124696455,180,2,Imitation_64x64,505,0,0,0.0100401,0.0,0.0,True,-0.2,True,0.99881256,-0.0011882782,0.00076719804,-7.1727657,1.0241292e-06,-13.791668,0.000400748,-7.822178,1.848442e-05,-10.898582
B_RL_test_00081,severe_stress,PPO,7,17,early,0.8637487281169084,1.1574111765469668,607.5133096616789,524.8897902248887,1080.4656295288282,0.13589993967529646,0,646.2908866331807,2,1.6,2,2,low,0.4670964360920484,1.0318299041662726,0.39611149708091536,0.7766966329528985,181,15,Imitation_64x64,505,0,0,0.32581544,0.0,0.0,True,-0.04741908,True,0.9273444,-0.07543039,0.04527279,-3.0950491,0.0007928782,-7.139841,0.0055605834,-5.1920524,0.021029424,-3.8618329
B_RL_test_00082,severe_stress,ObservationPlanner,2,22,early,0.9544134655698913,1.0,500.00000000000006,500.00000000000006,1244.384148533584,0.02,1,491.3351177864671,1,0.0,2,1,low,-1.8132668856006082,0.8977841514156312,0.379017546862315,0.6711371551218738,182,5,Imitation_64x64,505,0,2,0.44272378,-29.274250616486597,0.0,False,-0.0,True,0.8906963,-0.11575174,0.078500286,-2.544653,0.014258773,-4.250383,0.00901137,-4.709268,0.007533293,-4.888423
B_RL_test_00083,severe_stress,MyopicEconomic,1,23,early,0.44889426720552517,0.2508102518258211,1744.1830852366552,6954.193748220184,2849.055309425812,0.370098954312864,0,662.4626308330324,1,0.0,1,0,low,-0.19318881647829222,1.1007255421738986,0.39873602801111796,0.6182139355952364,183,5,Imitation_64x64,505,0,0,0.020657929,0.0,0.0,True,-0.2,True,0.99730563,-0.0026979446,0.001887357,-6.272578,1.2366586e-05,-11.300512,0.00068616046,-7.284399,0.000108521315,-9.128564
B_RL_test_00084,severe_stress,PPO,0,24,early,0.906174739606605,0.4075748690648555,1513.3767327880428,3713.12572892522,2389.231910536744,0.4,0,427.4413147982198,1,0.0,2,0,low,-2.719303493644447,0.9141938919096755,0.4493131263051819,0.7602119282809829,184,2,Imitation_64x64,505,0,0,0.008305045,0.0,0.0,True,-0.2,True,0.9990409,-0.00095939636,0.00061969174,-7.386288,9.522963e-07,-13.864389,0.00032684172,-8.026034,1.1703512e-05,-11.355621
B_RL_test_00085,severe_stress,ObservationPlanner,2,22,early,0.7156070245290534,0.7720575387076455,3853.2593203739866,4990.896568180649,3266.1664997181333,0.2422690917029213,0,662.0574850946882,1,0.0,2,1,high,-0.732507953119708,1.414482734313204,0.324414951475154,0.5343499923124448,185,5,Imitation_64x64,505,0,0,0.021198545,0.0,0.0,True,-0.2,True,0.9970391,-0.0029654503,0.0027226678,-5.906143,1.6634567e-05,-11.004028,0.00017607957,-8.644574,4.564768e-05,-9.994558
B_RL_test_00086,severe_stress,MyopicEconomic,1,23,early,0.8920782681027297,0.3920585714152794,3395.6772059953346,8661.147730394952,4318.752576105708,0.02,1,567.6569911013944,1,0.0,2,0,high,-0.5739392325338428,0.8405098617483711,0.2825418813098837,0.6386877709365626,186,8,Imitation_64x64,505,0,0,0.04782324,0.0,0.0,True,-0.2,True,0.9926031,-0.0074243546,0.006075698,-5.1034584,0.0011199794,-6.794445,0.00013928076,-8.879019,6.19693e-05,-9.688871
B_RL_test_00087,severe_stress,PPO,3,21,early,0.461061449263551,1.0,7680.0,7680.0,9723.863609157772,0.06976507968158221,0,721.1089281234724,1,0.0,1,1,high,0.6498672710491811,1.088206740370783,0.40818789241107123,0.7330825440302011,187,8,Imitation_64x64,505,0,0,0.50223136,0.0,0.0,True,-0.2,True,0.8647717,-0.14528966,0.07033235,-2.6545234,0.062085766,-2.7792385,0.00024448163,-8.31637,0.0025657096,-5.96552
B_RL_test_00088,severe_stress,ObservationPlanner,17,7,late,0.07739497711327707,1.0,500.0,500.0,6272.689955570892,0.38472936597363283,0,811.1148786198856,2,1.6,0,1,high,3.2597985744067355,0.9085305102515508,0.4665674267932232,0.8094894424242502,188,24,Imitation_64x64,505,4,2,1.0474569,6.009713793044114,6.009713793044114,False,0.2,False,0.055035464,-2.8997777,0.08775422,-2.4332154,0.2530382,-1.3742148,0.0036275012,-5.619211,0.60054463,-0.50991833
B_RL_test_00089,severe_stress,MyopicEconomic,16,8,late,0.7229369882006237,0.14861354874064336,2229.20323110965,14999.999999999998,2735.064122068475,0.2363326258881103,0,707.7435596413802,2,1.6,2,0,low,1.7888009368239013,0.6988729541935131,0.3328235380263363,0.8188913977778863,189,24,Imitation_64x64,505,0,0,0.8011182,0.0,0.0,True,-0.2,True,0.63967377,-0.4467969,0.31566748,-1.1530658,0.0019683994,-6.2305346,0.0009167715,-6.9946523,0.04177369,-3.1754885
B_RL_test_00090,severe_stress,PPO,3,21,early,0.5244930043330686,1.0,4481.333392854215,4481.333392854215,3797.9454635062593,0.2976828633712957,0,683.097292396233,1,0.0,1,1,high,0.043613096896889136,1.037068499561815,0.565620493324281,0.7959980754214587,190,6,Imitation_64x64,505,0,0,0.094292484,0.0,0.0,True,-0.2,True,0.9823841,-0.017772675,0.01641445,-4.109593,0.00030213417,-8.104639,0.00041269447,-7.792803,0.0004865452,-7.6281805
B_RL_test_00091,severe_stress,ObservationPlanner,12,12,middle,0.1314375777650269,0.09160768946575051,703.1913595104816,7676.117186356771,1410.425767369461,0.4364607552809321,0,901.4144503999852,2,1.6,0,0,low,2.3382845918220068,0.6741896711819185,0.5199109965055012,0.712837240683555,191,24,Imitation_64x64,505,4,4,0.51446736,0.0,0.0,True,0.2,True,0.013081635,-4.336546,0.13599631,-1.9951276,0.00024670677,-8.30731,0.008321004,-4.7889724,0.84235436,-0.17155457
B_RL_test_00092,severe_stress,MyopicEconomic,1,23,early,0.5499265600721283,0.39625834560462464,2335.970820093433,5895.070339853986,2255.5974127143027,0.4565248883135144,0,582.2224444759813,1,0.0,1,0,low,-0.5862659646754461,1.1181404121059324,0.6389081097596125,0.889545304488342,192,15,Imitation_64x64,505,0,0,0.011762207,0.0,0.0,True,-0.2,True,0.99857426,-0.0014266968,0.0009953962,-6.9123697,2.537409e-06,-12.884367,0.00039905918,-7.8264008,2.8800048e-05,-10.455133
B_RL_test_00093,severe_stress,PPO,10,14,middle,0.18774314801565403,1.0,1610.612736000001,1610.612736000001,7664.366127220601,0.21580289813715575,0,876.1027641372767,2,1.6,0,1,high,3.0629373987984785,0.9114223715622548,0.4060270931795948,0.7879782542358003,193,24,Imitation_64x64,505,0,0,1.3847198,0.0,0.0,True,-0.2,True,0.30137417,-1.1994028,0.20430169,-1.5881577,0.20141488,-1.6023885,0.0029243464,-5.8346844,0.2899849,-1.2379265
B_RL_test_00094,severe_stress,ObservationPlanner,0,24,early,0.9134142587402432,0.6704764770377748,335.2382385188874,500.0,1436.6262834547883,0.4,0,442.07399217630456,1,0.0,2,1,low,-1.3976582755334301,0.7487520285556225,0.4855545079422672,0.6876819511748817,194,5,Imitation_64x64,505,0,2,0.0317952,-171.31036415083236,0.0,False,0.0,True,0.9955396,-0.0044703484,0.0015440128,-6.4733706,2.5949141e-06,-12.861958,0.0028504697,-5.8602715,6.329579e-05,-9.667692
B_RL_test_00095,severe_stress,MyopicEconomic,1,23,early,0.38207848776653847,0.37966025159672456,2239.0167184562933,5897.421995164716,3385.2681834928144,0.5235643202147016,0,594.6158875921458,1,0.0,1,0,high,-0.2563260662755433,0.9887072235021326,0.5326297737522329,0.6408928626998098,195,5,Imitation_64x64,505,0,0,0.012114317,0.0,0.0,True,-0.2,True,0.99850345,-0.0014977455,0.0012030336,-6.722909,1.4054314e-05,-11.172582,0.00025302966,-8.282003,2.6399985e-05,-10.542147
B_RL_test_00096,severe_stress,PPO,7,17,early,0.5173000165120831,1.0178676466583578,1341.141251347273,1317.5988604709237,3361.2853566205335,0.19868212231416982,0,732.0243629244239,2,1.6,1,2,high,0.63121929203782,0.9721972196766725,0.445765228928636,0.7938713156995721,196,12,Imitation_64x64,505,0,1,0.6781838,8.870301368558557,8.870301368558557,False,-0.2,False,0.79953265,-0.22372794,0.11700269,-2.1455584,0.0075426986,-4.8871756,0.004003594,-5.520563,0.07191839,-2.6322234
B_RL_test_00097,severe_stress,ObservationPlanner,2,22,early,0.5668801786211263,0.608260194430912,721.5002730079889,1186.1704573369695,1672.7002940307505,0.41289897448631335,0,571.3184386201295,1,0.0,1,1,low,-0.6422699443344645,0.5751794844401634,0.5138524784076035,0.5242284254912288,197,9,Imitation_64x64,505,0,0,0.07576764,0.0,0.0,True,-0.2,True,0.9877109,-0.012365341,0.0042590033,-5.45872,3.2966498e-05,-10.320019,0.0076749073,-4.869799,0.0003221252,-8.04057
B_RL_test_00098,severe_stress,MyopicEconomic,3,21,early,0.24065976927050703,0.49491688522671456,4775.830233659442,9649.76216455355,3235.053675493276,0.3000075878322623,0,758.1077622426095,1,0.0,1,0,high,0.9088657953933286,1.3248086092922042,0.36488819247598553,0.5828741555508058,198,11,Imitation_64x64,505,0,0,0.093926325,0.0,0.0,True,-0.2,True,0.9828839,-0.017264366,0.0153534375,-4.176416,0.0010072545,-6.900527,0.0002190584,-8.426172,0.0005362892,-7.530837
B_RL_test_00099,severe_stress,PPO,1,23,early,0.6935374321243797,0.8015197217681155,3446.4035370911242,4299.836227970183,2308.449944443907,0.3122362038919836,0,638.8794272401572,1,0.0,2,1,low,-0.26689171429934844,0.6907053720958345,0.34363800188548893,0.47058435393170817,199,6,Imitation_64x64,505,0,0,0.010773838,0.0,0.0,True,-0.2,True,0.99866354,-0.0013375282,0.0011601388,-6.759216,3.1462346e-06,-12.669304,0.00015600455,-8.765625,1.72438e-05,-10.968058
B_RL_test_00000,baseline,PPO,16,8,late,0.2379555790490246,1.0,500.0,500.0,5985.089705294903,0.23118783353356365,0,730.9437736673831,1,0.0,1,1,high,0.7766626320299265,1.1540687281369808,0.34471001732411144,0.8095158963876717,0,24,Imitation_128x128,101,2,2,1.2351435,0.0,0.0,True,0.0,True,0.06887206,-2.6755047,0.13785377,-1.9815618,0.52391976,-0.64641666,0.02610359,-3.6456823,0.2432508,-1.4136622
B_RL_test_00001,baseline,ObservationPlanner,12,12,middle,0.06837194242154448,1.0,500.0,500.0,2007.3304872982224,0.2888737980221177,0,830.2815138817816,1,0.0,0,1,low,1.6613225481260747,0.841180276874062,0.2960832412250551,0.6198577850919593,1,24,Imitation_128x128,101,4,3,1.246724,3.6115330164159616,3.6115330164159616,False,0.2,False,0.03340629,-3.3990111,0.07595104,-2.5776663,0.20404182,-1.5894302,0.14573568,-1.9259607,0.5408651,-0.6145853
B_RL_test_00002,baseline,MyopicEconomic,13,11,middle,0.10210201177067327,0.11217209360571379,1075.2796781170684,9585.982070520044,2437.259079929716,0.45502879908228483,0,690.9761593017319,1,0.0,0,0,low,0.4546918678629157,0.8585965558808485,0.47150063272009635,0.832595564470931,2,24,Imitation_128x128,101,4,4,0.9291691,0.0,0.0,True,0.2,True,0.011915578,-4.4299088,0.034129564,-3.3775914,0.06797675,-2.6885896,0.1983098,-1.6179249,0.68766826,-0.37444878
B_RL_test_00003,baseline,PPO,2,22,early,0.054717952272838925,0.5403214730936744,3796.953775699434,7027.212436995197,7228.707337667853,0.5379484931676871,0,748.6695090541555,1,0.0,0,1,high,1.033632078382112,1.2276235612338229,0.47864155202413344,0.8531424835747992,3,8,Imitation_128x128,101,0,0,0.107428126,0.0,0.0,True,-0.2,True,0.9804387,-0.019755125,0.015792655,-4.14821,0.0033699463,-5.692858,0.00011912795,-9.035313,0.00027952692,-8.182412
B_RL_test_00004,baseline,ObservationPlanner,3,21,early,0.5968721123186518,0.9999999999999999,3651.982730983609,3651.9827309836096,3627.0039340218054,0.3087336184147029,0,638.3216473516175,1,0.0,1,1,high,0.4602511534154351,1.0830413162393473,0.45980112852588634,0.7412130218716163,4,24,Imitation_128x128,101,0,0,0.07071784,0.0,0.0,True,-0.2,True,0.98728484,-0.012796879,0.012213765,-4.405192,5.080943e-05,-9.887428,0.00026263946,-8.244729,0.0001878769,-8.579724
B_RL_test_00005,baseline,MyopicEconomic,1,23,early,0.4979048576250192,0.3364270541945389,1502.9110351080908,4467.271631011675,1721.8301202996743,0.4036472237693899,0,633.9837050213686,1,0.0,1,0,low,-0.04444196082094837,1.1818582927166443,0.48676356778721747,0.6668066982541053,5,18,Imitation_128x128,101,0,0,0.04605344,0.0,0.0,True,-0.2,True,0.99320436,-0.0068187714,0.0020894855,-6.1708374,2.650634e-06,-12.840712,0.004392729,-5.4278045,0.0003108119,-8.076323
B_RL_test_00006,baseline,PPO,13,11,middle,0.05475255465070265,1.0,602.6021772084498,602.6021772084498,5078.781453664926,0.36775751012369107,0,715.3175253995527,1,0.0,0,1,high,0.9316380738118776,0.6386269675984682,0.5197144407917117,0.5755142980102315,6,24,Imitation_128x128,101,2,0,0.8369121,1.1224271131677739,1.1224271131677739,False,0.0,False,0.018535277,-3.9880795,0.06593299,-2.7191164,0.7409326,-0.2998457,0.017490136,-4.0461183,0.15710907,-1.850815
B_RL_test_00007,baseline,ObservationPlanner,1,23,early,0.7906424101315642,0.7179192941709722,8615.031530051667,12000.0,6070.414391389817,0.2917653700524575,0,557.1473599055465,1,0.0,2,1,high,-1.7014713346367327,1.0009109290001965,0.4410433472212441,0.6888284147284123,7,5,Imitation_128x128,101,0,0,0.0058363327,0.0,0.0,True,-0.2,True,0.9993061,-0.0006942749,0.0006768223,-7.298102,1.0256085e-05,-11.487639,4.926624e-06,-12.220857,1.8971361e-06,-13.175165
B_RL_test_00008,baseline,MyopicEconomic,23,1,late,0.3562722482467574,0.3167653090738204,4751.479636107306,15000.0,4969.615697772818,0.266977695303081,0,616.3304101583744,1,0.0,1,0,high,-0.39024726220835865,0.9356708536559166,0.4388010593340236,0.8167731441495508,8,24,Imitation_128x128,101,2,1,0.7263765,34.28708449154385,34.28708449154385,False,0.0,False,0.11544189,-2.158988,0.08594613,-2.4540346,0.78106135,-0.24710155,0.00049975404,-7.6013947,0.017050933,-4.0715504
B_RL_test_00009,baseline,PPO,6,18,early,0.7033396566006782,1.0,2387.8285674671947,2387.8285674671947,3251.035828942063,0.27809642607519547,0,572.0517507533034,1,0.0,2,1,high,-0.11325674064309288,0.5753649050646394,0.44374303847723623,0.8737371263430239,9,7,Imitation_128x128,101,0,0,0.26917064,0.0,0.0,True,-0.2,True,0.9345622,-0.06767702,0.058896977,-2.8319654,0.00067229813,-7.3048086,0.0028300704,-5.8674536,0.0030383717,-5.7964334
B_RL_test_00010,baseline,ObservationPlanner,0,24,early,0.5818128660363321,0.41951200414734585,1009.1047478201779,2405.425203198115,1701.555300007723,0.4,0,588.9865506153408,1,0.0,1,0,low,-0.4838409806239353,0.8413063321790891,0.4391246703190555,0.6872603844075084,10,4,Imitation_128x128,101,0,0,0.034279354,0.0,0.0,True,-0.2,True,0.9951137,-0.004898548,0.0013523531,-6.6059093,2.3803402e-06,-12.948267,0.0034183227,-5.6786056,0.00011326381,-9.085791
B_RL_test_00011,baseline,MyopicEconomic,2,22,early,0.37210149521443003,0.5939540529908843,4663.409728891948,7851.465454960907,3018.192616841782,0.3204942918365675,0,671.5810896528725,1,0.0,1,1,high,0.6701751736113165,1.1556843223065958,0.3527015341276848,0.6125902414428819,11,15,Imitation_128x128,101,0,0,0.05037983,0.0,0.0,True,-0.2,True,0.99185044,-0.0081830025,0.0074582314,-4.898437,0.00036974004,-7.9027104,0.00014731332,-8.822948,0.00017425221,-8.655006
B_RL_test_00012,baseline,PPO,21,3,late,0.030994854075521758,1.0,500.0,500.0,1700.7150011455492,0.5600166912975704,0,727.7627978170854,1,0.0,0,1,low,0.9772288051966393,0.9509734753112715,0.46436674060322847,0.7302773060708184,12,24,Imitation_128x128,101,4,4,0.9023067,0.0,0.0,True,0.2,True,0.0013304655,-6.622226,0.007893908,-4.841664,0.10529945,-2.250947,0.23323637,-1.4557028,0.6522398,-0.4273429
B_RL_test_00013,baseline,ObservationPlanner,0,24,early,0.7414863323513986,0.05153996531154906,233.57152728401954,4531.85262877313,2645.317637165965,0.4,0,486.97141271942724,1,0.0,2,0,low,-1.736257804977541,1.0740468656905695,0.3667052714676963,0.6175553539035563,13,3,Imitation_128x128,101,0,0,0.0436185,0.0,0.0,True,-0.2,True,0.9930611,-0.006963253,0.00046032981,-7.6835675,4.1473876e-07,-14.695617,0.0063780746,-5.054889,9.987787e-05,-9.211563
B_RL_test_00014,baseline,MyopicEconomic,1,23,early,0.5271408732435738,0.7017806288528439,6543.9437847632835,9324.771183069348,3885.4089210235634,0.42337198126547393,0,675.8104456583286,1,0.0,1,1,high,-0.6684220948261075,1.1138218846795502,0.3991183392656671,0.6578988792549979,14,2,Imitation_128x128,101,0,0,0.004623174,0.0,0.0,True,-0.2,True,0.99946696,-0.00053310394,0.000519479,-7.562684,7.488845e-07,-14.104681,9.839494e-06,-11.529106,2.9612065e-06,-12.729914
B_RL_test_00015,baseline,PPO,0,24,early,0.8827892318835304,0.7750439435362315,7010.115307667944,9044.797222314191,5056.69050475539,0.4,0,530.7452935881225,1,0.0,2,1,high,-1.857567923464245,1.5996820862393486,0.20504247408141998,0.6309168474085493,15,1,Imitation_128x128,101,0,0,0.0030190162,0.0,0.0,True,-0.2,True,0.99966955,-0.00033044815,0.00032254218,-8.039276,1.9606175e-07,-15.444836,6.553413e-06,-11.935525,1.0476355e-06,-13.768974
B_RL_test_00016,baseline,ObservationPlanner,1,23,early,0.7575848522418619,0.7648472559966231,9178.167071959477,12000.0,6023.664357898624,0.27747791859413073,0,593.4475459693606,1,0.0,2,1,high,-0.4401584506355456,1.0497642801219806,0.40754786971653073,0.5611451094235479,16,3,Imitation_128x128,101,0,0,0.008602537,0.0,0.0,True,-0.2,True,0.9989183,-0.0010824203,0.0010583788,-6.851017,1.3890399e-05,-11.184313,5.8804994e-06,-12.043869,3.5144349e-06,-12.558632
B_RL_test_00017,baseline,MyopicEconomic,11,13,middle,0.5162938840900015,0.37042864239233037,5556.429635884955,14999.999999999998,4958.497682325035,0.23577242148980457,0,698.095833451383,1,0.0,1,0,high,1.1733858159969814,0.7571982460402745,0.28812725488404634,0.8037034744292322,17,24,Imitation_128x128,101,0,0,0.24533908,0.0,0.0,True,-0.2,True,0.9467202,-0.054751635,0.037241206,-3.2903395,0.014825055,-4.2114363,0.000116861636,-9.05452,0.0010968669,-6.815297
B_RL_test_00018,baseline,PPO,11,13,middle,0.44546002368694276,1.0801788188977697,712.5405351230945,659.6505343903904,4599.457693830454,0.1925300329586777,0,678.6047451687893,1,0.0,1,2,high,0.783350719956263,0.519994892666678,0.3439098168059432,0.6750775086741557,18,15,Imitation_128x128,101,0,1,1.4187254,69.66007399624488,69.66007399624488,False,-0.2,False,0.33428416,-1.0957639,0.31432855,-1.1573166,0.13403632,-2.0096445,0.03017449,-3.5007584,0.18717654,-1.6757032
B_RL_test_00019,baseline,ObservationPlanner,14,10,middle,0.43628357786420313,1.0,986.8792762181879,986.8792762181879,2549.5416782191555,0.15752058515941827,0,614.2332567570838,1,0.0,1,1,low,0.008801761928701954,1.281540519190883,0.5907284257417467,0.640373467956049,19,16,Imitation_128x128,101,2,0,1.5227449,42.19368540547913,42.19368540547913,False,0.0,False,0.23448782,-1.4503516,0.1561115,-1.8571848,0.2871602,-1.247715,0.07067088,-2.6497216,0.25156966,-1.3800353
B_RL_test_00020,baseline,MyopicEconomic,6,18,early,0.9904872805090876,1.0,10354.41707224261,10354.41707224261,5657.078470578648,0.02,2,490.4954424610693,1,0.0,2,1,high,-1.4821096191035665,1.036690732347569,0.2978889158652708,0.5594487500561349,20,9,Imitation_128x128,101,0,0,0.2621233,0.0,0.0,True,-0.2,True,0.9399723,-0.061904907,0.04635619,-3.0714004,0.013059635,-4.338229,0.00018218187,-8.610505,0.0004297541,-7.7522974
B_RL_test_00021,baseline,PPO,2,22,early,0.99134664354728,1.2249999999999999,1933.011399525078,1577.9684894082272,2850.588671250648,0.02,3,405.7868496895012,1,0.0,2,2,low,-2.4253689918491133,0.8437459054517884,0.339367546935539,0.6145889537406355,21,3,Imitation_128x128,101,0,0,0.44037795,0.0,0.0,True,-0.2,True,0.88868594,-0.118011475,0.07986154,-2.527461,0.022502298,-3.794138,0.003700168,-5.599377,0.0052500945,-5.2495093
B_RL_test_00022,baseline,ObservationPlanner,7,17,early,0.17169114823543966,1.0,1306.4095068443337,1306.4095068443337,3277.468032966299,0.36792693239861396,0,673.2894883247873,1,0.0,0,1,high,0.5250911873728785,1.0225740464416466,0.5763159361893628,0.6742307684177278,22,22,Imitation_128x128,101,0,1,1.3609371,11.375790228516536,11.375790228516536,False,-0.2,False,0.4275181,-0.84975857,0.2878986,-1.2451469,0.097888894,-2.3239222,0.041065764,-3.1925805,0.14562859,-1.9266957
B_RL_test_00023,baseline,MyopicEconomic,4,20,early,0.9678035069402425,1.0,12000.0,12000.0,5891.699067860228,0.032024988808005285,2,563.8674519452862,1,0.0,2,1,high,0.24134772804040389,1.3810949496954836,0.24254573603279125,0.7506369767835125,23,5,Imitation_128x128,101,0,0,0.11729321,0.0,0.0,True,-0.2,True,0.97788733,-0.022360802,0.018154016,-4.0088634,0.0038053321,-5.571352,6.06364e-05,-9.710615,9.262804e-05,-9.286919
B_RL_test_00024,baseline,PPO,2,22,early,0.8642852064172054,0.6675057313785617,2305.939145833296,3454.5608186329287,2026.5878802852524,0.06325948422561593,0,590.1525426782189,1,0.0,2,1,low,-2.0101277777033815,1.478343626097419,0.4308653496981941,0.530824615742716,24,3,Imitation_128x128,101,0,0,0.065300345,0.0,0.0,True,-0.2,True,0.98911184,-0.010947704,0.009472897,-4.6593204,8.085438e-05,-9.422861,0.0010100583,-6.897747,0.00032432837,-8.033753
B_RL_test_00025,baseline,ObservationPlanner,1,23,early,0.9230822556998987,0.7019633566330249,2407.255806884243,3429.3183314164326,2132.473316032242,0.02,1,572.8295723806025,1,0.0,2,1,low,-1.0508383580584602,0.7887385917443512,0.307348428917548,0.5336745085892886,25,4,Imitation_128x128,101,0,0,0.14165084,0.0,0.0,True,-0.2,True,0.97251904,-0.027865648,0.023397336,-3.7551332,0.001980497,-6.224407,0.0012984305,-6.646599,0.0008046615,-7.1250887
B_RL_test_00026,baseline,MyopicEconomic,7,17,early,0.9365901282485903,0.8443705650804314,12665.558476206472,15000.0,6448.501935164566,0.02,1,585.5290430706376,1,0.0,2,1,high,-0.8487921202430904,0.9644137800497737,0.41649155616272776,0.8018488833642444,26,13,Imitation_128x128,101,0,0,0.16456445,0.0,0.0,True,-0.2,True,0.96720606,-0.033343792,0.023768852,-3.7393794,0.008854914,-4.726783,4.8294456e-05,-9.938194,0.00012184422,-9.012768
B_RL_test_00027,baseline,PPO,11,13,middle,0.3252033535477799,1.0,609.6849856969869,609.6849856969869,3296.621660629314,0.3299546280846452,0,567.02653296758,1,0.0,1,1,high,-0.4425082286603216,0.8392601629979316,0.5331463867747503,0.7045610005896411,27,24,Imitation_128x128,101,0,0,1.5376676,0.0,0.0,True,-0.17990436,True,0.30299702,-1.1940323,0.21610318,-1.5319993,0.16404907,-1.8075897,0.08485554,-2.466805,0.23199525,-1.4610384
B_RL_test_00028,baseline,ObservationPlanner,3,21,early,0.9893089746322069,1.0,2404.765648729171,2404.765648729171,2121.9774031476454,0.02,3,432.8680540537394,1,0.0,2,1,low,-2.0485506467438626,0.6815482883078391,0.3819575070249458,0.8591634595862108,28,4,Imitation_128x128,101,0,0,0.35687104,0.0,0.0,True,-0.2,True,0.9199042,-0.08348584,0.049874917,-2.9982371,0.021120645,-3.8575044,0.004318961,-5.444741,0.0047812876,-5.3430457
B_RL_test_00029,baseline,MyopicEconomic,23,1,late,0.9018311721921631,0.5956190380587226,8934.28557088084,15000.0,1928.8363003603918,0.05497909600922661,0,696.4720478215925,1,0.0,2,1,low,1.4081782222310821,1.1454430642322595,0.1524521085135705,0.686066795455444,29,24,Imitation_128x128,101,0,1,0.59228635,9.62374282235669,9.62374282235669,False,-0.2,False,0.80125225,-0.22157955,0.17462488,-1.7451153,0.010799892,-4.528219,0.0010069156,-6.9008636,0.012316039,-4.396853
B_RL_test_00030,baseline,PPO,18,6,late,0.17458352387309314,1.0,500.0,500.0,4154.559915174503,0.2914746552731627,0,680.746830732853,1,0.0,0,1,high,0.36049063728598935,0.6978249320066493,0.4584913795995479,0.7048195239783651,30,24,Imitation_128x128,101,2,2,1.121175,0.0,0.0,True,0.0,True,0.028817952,-3.5467567,0.05942062,-2.823114,0.55625904,-0.58652115,0.05747564,-2.856394,0.29802674,-1.210572
B_RL_test_00031,baseline,ObservationPlanner,23,1,late,0.3881165845248731,1.0,600.0,600.0,1384.7393957328795,0.35565533850095415,0,628.2226086563135,1,0.0,1,1,low,-0.4494291645959675,1.2133114246152,0.5382540007993669,0.5509989301790695,31,24,Imitation_128x128,101,3,0,1.0223739,34.877724604324385,34.877724604324385,False,0.1,False,0.037471578,-3.2841725,0.026816044,-3.6187549,0.024567243,-3.7063413,0.5038574,-0.6854621,0.40728775,-0.89823544
B_RL_test_00032,baseline,MyopicEconomic,14,10,middle,0.11861461159707183,0.39623458995451744,5943.518849317761,14999.999999999998,6538.028638524567,0.4823572270107184,0,663.1472569094424,1,0.0,0,0,high,0.07233569176205216,1.0330987645795806,0.5532516681278125,0.8240805632894571,32,24,Imitation_128x128,101,2,0,1.0629652,130.35907822234117,130.35907822234117,False,0.0,False,0.38942054,-0.9430957,0.17772369,-1.7275255,0.42825612,-0.848034,0.0001775282,-8.636381,0.0044221757,-5.4211235
B_RL_test_00033,baseline,PPO,3,21,early,0.8656298298742936,1.2249999999999999,3366.5276172647314,2748.1858100120257,1736.8128697309855,0.02,1,642.2010355136549,1,0.0,2,2,low,-0.569740014719955,0.9772691096688223,0.5020581483713409,0.5604406923181983,33,5,Imitation_128x128,101,0,0,0.6953253,0.0,0.0,True,-0.2,True,0.77142733,-0.25951278,0.1827457,-1.6996597,0.025525585,-3.668074,0.005419471,-5.217757,0.01488195,-4.2076063
B_RL_test_00034,baseline,ObservationPlanner,8,16,middle,0.7209933912032997,1.059538316732895,557.355009681004,526.0357279004483,2206.3188351759422,0.15236934661368406,0,559.6977206594408,1,0.0,2,2,low,-0.5568992969228953,1.1557145411930765,0.33555444694239067,0.7880201275407003,34,19,Imitation_128x128,101,0,1,0.8474401,33.23309480033947,0.0,False,-0.04949422,True,0.730431,-0.31412053,0.17180537,-1.7613931,0.007457643,-4.8985157,0.038816858,-3.2489007,0.051489092,-2.9663854
B_RL_test_00035,baseline,MyopicEconomic,2,22,early,0.7124069971554298,0.3601784377622567,2346.3730929921007,6514.4740689360015,2943.277717707141,0.26742186215069164,0,534.1750857694525,1,0.0,2,0,low,-1.6769227877276522,1.0197454526672802,0.36430119712109293,0.39029351173850463,35,4,Imitation_128x128,101,0,0,0.018144663,0.0,0.0,True,-0.2,True,0.9976089,-0.0023937225,0.0020006842,-6.214266,2.6175489e-05,-10.550687,0.00030360842,-8.0997715,6.0606148e-05,-9.711114
B_RL_test_00036,baseline,PPO,10,14,middle,0.16985238612265544,1.351124932690788,743.3727078413355,550.1879876947398,2712.1614947827516,0.11763269701826078,0,746.4215773999038,1,0.0,0,2,low,0.7987720270045131,0.8271682697862274,0.4029096007715378,0.7093812837974224,36,24,Imitation_128x128,101,2,3,1.0963824,10.061639613274025,10.061639613274025,False,0.0,False,0.054861978,-2.9029348,0.11278396,-2.1822813,0.61583114,-0.48478258,0.017650083,-4.037015,0.19887286,-1.6150897
B_RL_test_00037,baseline,ObservationPlanner,5,19,early,0.8993257552516476,1.2268159216879904,2290.904721091305,1867.358159110963,2854.9562517245977,0.02,1,633.4964033299018,1,0.0,2,2,low,-1.2539493473761563,1.107970464256297,0.20714979550495394,0.5822403131144498,37,7,Imitation_128x128,101,0,2,0.88357776,11.841537744849802,11.841537744849802,False,-0.2,False,0.6803783,-0.38510633,0.23753428,-1.4374434,0.046655845,-3.0649571,0.007877141,-4.84379,0.02755446,-3.591591
B_RL_test_00038,baseline,MyopicEconomic,14,10,middle,0.684448328390616,0.6413451513607958,9620.177270411938,15000.0,4305.019512426003,0.05992413603561583,0,653.8034205228332,1,0.0,2,1,high,0.4441157710907515,0.9390821754564493,0.4005351522638762,0.7348842428889295,38,24,Imitation_128x128,101,0,0,0.4849007,0.0,0.0,True,-0.2,True,0.8682716,-0.14125061,0.08413097,-2.4753804,0.045515254,-3.0897076,0.00014103064,-8.866533,0.0019411319,-6.244484
B_RL_test_00039,baseline,PPO,5,19,early,0.9378959300747195,1.2950503995707228,2458.174595305655,1898.1304481435466,2057.7661936202644,0.031255013014439295,2,545.5440171275179,1,0.0,2,2,low,-0.9910608771563214,1.0687565486503725,0.32931114337766065,0.480487284890949,39,6,Imitation_128x128,101,0,0,0.7240875,0.0,0.0,True,-0.2,True,0.7874585,-0.23894465,0.13557415,-1.9982367,0.0491454,-3.0129719,0.008706281,-4.7437105,0.019115696,-3.9572453
B_RL_test_00040,baseline,ObservationPlanner,6,18,early,0.03798601396408765,0.8618221026318759,1346.2592029839443,1562.1080021882358,2112.7510526336328,0.542259564850849,0,719.0124875867314,1,0.0,0,1,low,0.3911514500331968,1.2544957364432432,0.6953851683896436,0.6634477604756893,40,24,Imitation_128x128,101,0,0,1.4414984,0.0,0.0,True,-0.2,True,0.3210732,-1.136086,0.19793974,-1.6197925,0.022648111,-3.7876787,0.1955796,-1.6317877,0.26275933,-1.3365166
B_RL_test_00041,baseline,MyopicEconomic,19,5,late,0.016633071844414767,0.1169709276912876,1754.563915369314,15000.0,3437.7353052762714,0.6094754641587934,0,764.7739696208452,1,0.0,0,0,high,1.3455774008055212,0.8534561755749168,0.47756049876243367,0.5444764634918892,41,24,Imitation_128x128,101,2,2,0.600142,0.0,0.0,True,0.0,True,0.0010241062,-6.883935,0.03849693,-3.2571764,0.8165724,-0.20263934,0.0054713385,-5.2082314,0.13843507,-1.9773536
B_RL_test_00042,baseline,PPO,10,14,middle,0.8826765474543761,2.574432043205924,2637.215610419299,1024.3873468631905,3450.7898658345794,0.027796455183778677,2,675.3251678924596,1,0.0,2,2,high,0.22909678781778126,0.879346771579291,0.2553585836990128,0.47150706749456744,42,12,Imitation_128x128,101,1,0,1.3196641,42.212314073346306,42.212314073346306,False,-0.1,False,0.3332978,-1.0987189,0.36783203,-1.0001289,0.1983016,-1.6179662,0.010539705,-4.5526056,0.09002884,-2.4076252
B_RL_test_00043,baseline,ObservationPlanner,4,20,early,0.9623949810652032,1.5867197334287197,3929.6597847989556,2476.5935042021633,4452.6622712573635,0.02,3,542.2881919852082,1,0.0,2,2,high,-0.4983394640877816,1.1813366229036073,0.33760433114928884,0.7006270214394502,43,7,Imitation_128x128,101,0,0,0.6002521,0.0,0.0,True,-0.2,True,0.8307849,-0.18538427,0.11225398,-2.1869912,0.044537827,-3.1114163,0.0037980517,-5.573267,0.00862513,-4.753075
B_RL_test_00044,baseline,MyopicEconomic,2,22,early,0.379209978329903,0.47810556982222124,2525.127915294928,5281.527919103455,1429.7605211837863,0.19493247158948834,0,762.0436848092071,1,0.0,1,0,low,0.09031488076551453,1.5566656761988789,0.21693195513352462,0.675601763777255,44,8,Imitation_128x128,101,0,0,0.119559765,0.0,0.0,True,-0.2,True,0.97908163,-0.021140337,0.01438103,-4.241845,0.00022834797,-8.38464,0.0042498894,-5.4608626,0.0020591654,-6.1854544
B_RL_test_00045,baseline,PPO,5,19,early,0.8222238740449165,1.2249999999999999,1883.35045135406,1537.4289398808653,3348.3448880232113,0.02,1,577.8049262304501,1,0.0,2,2,high,-0.7434848889073253,0.7769566157120102,0.4900627923832935,0.6806089276604373,45,9,Imitation_128x128,101,0,2,1.1214169,6.070997502499495,6.070997502499495,False,-0.2,False,0.5692615,-0.5634154,0.23330297,-1.4554174,0.14334528,-1.942499,0.009347219,-4.6726766,0.044743013,-3.1068199
B_RL_test_00046,baseline,ObservationPlanner,13,11,middle,0.20288459529389125,0.9999999999999999,776.6788847965151,776.6788847965153,5999.266924562831,0.3460085372071179,0,687.7671178537944,1,0.0,1,1,high,0.04468770119945725,1.1100338854838319,0.466752765563234,0.8465379303694447,46,24,Imitation_128x128,101,2,0,1.333031,60.698230747747914,60.698230747747914,False,0.0,False,0.113866255,-2.1727307,0.19887334,-1.6150872,0.46738034,-0.7606119,0.02404322,-3.7279022,0.19583683,-1.6304735
B_RL_test_00047,baseline,MyopicEconomic,6,18,early,0.6680502290690778,1.0,11664.0,11664.0,5780.583328255228,0.14874161924604068,0,650.2689375648152,1,0.0,2,1,high,0.6794578365423228,1.2605601452914865,0.39418557739057486,0.663345949117258,47,12,Imitation_128x128,101,0,1,0.356589,22.27562385890087,22.27562385890087,False,-0.2,False,0.91262996,-0.0914247,0.057481613,-2.85629,0.029068911,-3.538086,9.581433e-05,-9.2530985,0.00072367745,-7.2311645
B_RL_test_00048,baseline,PPO,3,21,early,0.22787425817632054,1.0,3496.625410377927,3496.625410377927,4282.18936652522,0.2394748583802661,0,739.214628121166,1,0.0,1,1,high,0.8746453651728925,1.2289568893253286,0.34581064897313346,0.5645890100507188,48,11,Imitation_128x128,101,0,0,1.0003717,0.0,0.0,True,-0.2,True,0.6130988,-0.4892292,0.2532316,-1.3734508,0.10191256,-2.2836401,0.0031844568,-5.7494736,0.028572496,-3.5553107
B_RL_test_00049,baseline,ObservationPlanner,10,14,middle,0.3614319639668689,1.0,557.1361346362471,557.1361346362471,1756.1217037408028,0.22041247065985103,0,667.8601291773981,1,0.0,1,1,low,0.2671931472578545,0.946027321721571,0.49805137706200514,0.8348476688154185,49,24,Imitation_128x128,101,0,0,1.4782853,0.0,0.0,True,-0.10255327,True,0.30751988,-1.1792156,0.18484122,-1.6882582,0.050277717,-2.9901934,0.15903647,-1.8386217,0.29832473,-1.2095727
B_RL_test_00050,baseline,MyopicEconomic,1,23,early,0.5640436083834576,0.37198488593015544,2778.8507088085507,7470.332300894378,2832.6429911485493,0.35883944705264603,0,654.4683900435166,1,0.0,1,0,low,-0.44078875144303553,0.8380510296018817,0.3871942516794568,0.6034522769722803,50,24,Imitation_128x128,101,0,0,0.009972303,0.0,0.0,True,-0.2,True,0.99878126,-0.0012192726,0.0010498458,-6.859112,1.9349804e-06,-13.155413,0.00013919808,-8.879613,2.7841099e-05,-10.488997
B_RL_test_00051,baseline,PPO,0,24,early,0.6279381875877659,0.7097053825658842,5488.279280176071,7733.179732037013,2720.080753335256,0.4,0,652.8067991736757,1,0.0,2,1,low,-1.1207786885627906,1.002766217469849,0.3503577515463789,0.617426829756258,51,4,Imitation_128x128,101,0,0,0.005175191,0.0,0.0,True,-0.2,True,0.999398,-0.00060224533,0.00057907717,-7.454075,9.377655e-07,-13.879766,1.8557517e-05,-10.894636,3.298178e-06,-12.622141
B_RL_test_00052,baseline,ObservationPlanner,22,2,late,0.39494446361012614,1.0,500.0,500.0,1732.4707144893682,0.2174831580160389,0,607.2925577081427,1,0.0,1,1,low,-0.23877457474671135,0.7227125995562862,0.4726893086707423,0.6581244204937098,52,24,Imitation_128x128,101,4,4,1.2616835,0.0,0.0,True,0.2,True,0.0474679,-3.0477016,0.04305595,-3.1452549,0.13007225,-2.0396652,0.30581486,-1.1847755,0.47358906,-0.7474153
B_RL_test_00053,baseline,MyopicEconomic,6,18,early,0.34426507000356177,0.2436763840649301,2049.447590889828,8410.530215122248,2009.1865947564293,0.47200289460980144,0,584.1029467466066,1,0.0,1,0,low,-0.3870103738071509,1.0471457565478777,0.4977787279614221,0.8372278510245246,53,24,Imitation_128x128,101,0,0,0.17714821,0.0,0.0,True,-0.2,True,0.9676329,-0.03290248,0.013043618,-4.3394566,0.00021064193,-8.465351,0.013808321,-4.2824836,0.0053045168,-5.2391963
B_RL_test_00054,baseline,PPO,2,22,early,0.8049562963000642,1.0319384677467247,7130.673275385625,6909.979129817411,4895.253327835442,0.15084904971669436,0,600.8959365436986,1,0.0,2,2,high,-1.255506772438249,0.9360305659296442,0.363464744617099,0.5373903131399516,54,7,Imitation_128x128,101,0,0,0.14196004,0.0,0.0,True,-0.2,True,0.9699781,-0.030481815,0.02849107,-3.5581646,0.0011442647,-6.772993,0.000108933236,-9.124775,0.0002775978,-8.189337
B_RL_test_00055,baseline,ObservationPlanner,0,24,early,0.7703021013594434,0.8046723751405875,8386.849268140477,10422.688198628884,3782.175891677592,0.4,0,657.5751534584275,1,0.0,2,1,high,-0.5512478562946606,1.0949289310713148,0.2282812754865429,0.5039575619771754,55,5,Imitation_128x128,101,0,0,0.0023005689,0.0,0.0,True,-0.2,True,0.9997569,-0.00024318695,0.00023606504,-8.351403,9.199344e-08,-16.201548,5.9545846e-06,-12.031349,9.2369305e-07,-13.894886
B_RL_test_00056,baseline,MyopicEconomic,3,21,early,0.5319335139074415,0.2944401741434168,3288.5919463967357,11168.964819301184,2236.5959758467075,0.2618928823547251,0,668.6782541872011,1,0.0,1,0,low,0.491521608931922,0.7981409760756403,0.40301955099779874,0.725467639639309,56,24,Imitation_128x128,101,0,0,0.039708227,0.0,0.0,True,-0.2,True,0.9939594,-0.006058693,0.0053698225,-5.22696,0.00014900505,-8.81153,0.00026162702,-8.24859,0.0002601392,-8.254293
B_RL_test_00057,baseline,PPO,6,18,early,0.6835475823280572,1.5415926323287827,4138.878045092562,2684.8065813860508,3494.805096494596,0.1028284327062324,0,711.5596795853463,1,0.0,2,2,high,0.29734423011214695,1.2126248846903505,0.3002933541740706,0.833479734810448,57,11,Imitation_128x128,101,0,1,0.71009785,5.88263050868909,5.88263050868909,False,-0.2,False,0.7175875,-0.33186054,0.25503746,-1.3663449,0.008834468,-4.7290945,0.0027451527,-5.8979187,0.015795425,-4.148035
B_RL_test_00058,baseline,ObservationPlanner,17,7,late,0.007347530160079491,0.25628247946200927,1319.3906808078113,5148.189152756323,3509.3180928960087,0.6279407830915847,0,813.4735944976718,1,0.0,0,0,high,2.782688012161225,0.6915874271637731,0.4819950280080346,0.698112208087694,58,24,Imitation_128x128,101,4,4,0.76385546,0.0,0.0,True,0.2,True,0.0037303446,-5.591255,0.015247455,-4.183343,0.004293891,-5.4505625,0.34255165,-1.0713332,0.63417673,-0.45542789
B_RL_test_00059,baseline,MyopicEconomic,11,13,middle,0.3010701088009395,0.209471918594423,3142.0787789163446,14999.999999999998,1760.7293445204466,0.16035656363609666,0,704.3711085217833,1,0.0,1,0,low,0.971453190840694,1.533171519635366,0.4781722323867211,0.6056363128937179,59,24,Imitation_128x128,101,2,0,1.0000873,31.973798988726912,31.973798988726912,False,0.0,False,0.42192486,-0.86292815,0.071897715,-2.632511,0.48254243,-0.7286866,0.0018909322,-6.270685,0.02174409,-3.8284135
B_RL_test_00060,baseline,PPO,0,24,early,0.5068592473650758,0.168176012802745,546.810907443923,3251.4203323709544,1514.974941648108,0.4,0,625.4025588941706,1,0.0,1,0,low,0.4676162543727831,0.8860136480030804,0.311185290065238,0.9046832844889655,60,4,Imitation_128x128,101,0,0,0.13202631,0.0,0.0,True,-0.2,True,0.97292435,-0.027449131,0.0012221477,-6.7071457,7.911681e-07,-14.049755,0.025315855,-3.6763246,0.0005369238,-7.5296545
B_RL_test_00061,baseline,ObservationPlanner,1,23,early,0.6723392587564916,0.5264822437685277,4501.6441067295755,8550.419620056096,6653.596928286341,0.3606854027384583,0,595.3492738028834,1,0.0,2,1,high,-0.6019120795535214,1.250066022412253,0.32570285665920384,0.6690632347612712,61,4,Imitation_128x128,101,0,0,0.0072105955,0.0,0.0,True,-0.2,True,0.99911743,-0.0008831024,0.00086165615,-7.0566545,5.154011e-06,-12.175735,1.1302921e-05,-11.39045,4.585139e-06,-12.29269
B_RL_test_00062,baseline,MyopicEconomic,0,24,early,0.6558138612660278,0.22766535990445966,1353.0514007973516,5943.158859850981,3412.923749968226,0.4,1,623.1365100020726,1,0.0,2,0,high,-0.5197297972949666,1.0463883656689934,0.3776908173523991,0.815325111799893,62,24,Imitation_128x128,101,0,0,0.020076632,0.0,0.0,True,-0.2,True,0.99723023,-0.0027737617,0.0025332281,-5.978261,3.806089e-05,-10.176324,0.00016737517,-8.695273,3.1184903e-05,-10.375576
B_RL_test_00063,baseline,PPO,0,24,early,0.6092112298996989,0.14054555952618597,1225.4641336450247,8719.337258155783,3515.256718321031,0.4,0,570.2458398508572,1,0.0,2,0,high,-1.4160968264962555,1.271300483920626,0.2624403200649598,0.5443897374113016,63,5,Imitation_128x128,101,0,0,0.010450173,0.0,0.0,True,-0.2,True,0.9987675,-0.0012331009,0.00082062907,-7.105439,4.454149e-06,-12.321674,0.00035795607,-7.9351,4.9684248e-05,-9.909822
B_RL_test_00064,baseline,ObservationPlanner,1,23,early,0.7230093447733669,0.4422362425874765,2831.9463335814994,6403.695719310763,4169.321450676664,0.3816100151721653,0,551.480806362687,1,0.0,2,0,high,-0.2311648484074592,0.750470788967369,0.44116609633456183,0.7340685337223977,64,4,Imitation_128x128,101,0,0,0.009080176,0.0,0.0,True,-0.2,True,0.99888045,-0.0011200905,0.0010326183,-6.8756576,2.412568e-06,-12.934818,7.096348e-05,-9.553345,1.3587369e-05,-11.206369
B_RL_test_00065,baseline,MyopicEconomic,17,7,late,0.16883788561041613,0.1953397861591348,2930.096792387022,15000.0,2526.854242657849,0.4377581672034112,0,681.087812638456,1,0.0,0,0,low,0.9543120520827897,1.2376231953811616,0.4808156757682948,0.8043152589284366,65,24,Imitation_128x128,101,2,0,0.88708425,27.26733318481513,27.26733318481513,False,0.0,False,0.030909296,-3.4766984,0.120250635,-2.1181772,0.71955353,-0.32912445,0.0057772603,-5.1538258,0.12350929,-2.091439
B_RL_test_00066,baseline,PPO,4,20,early,0.5446765194422268,1.073252499481339,1483.5483753950894,1382.2920292401186,1193.6200672635655,0.14139800041492867,0,709.3255489273176,1,0.0,1,2,low,0.10872647247335987,1.0882603901869417,0.24807577802657751,0.678805264804511,66,5,Imitation_128x128,101,0,1,0.74545324,44.239417380889336,44.239417380889336,False,-0.2,False,0.77084774,-0.2602644,0.15428601,-1.8689471,0.0035976022,-5.6274877,0.028568802,-3.55544,0.042699818,-3.1535606
B_RL_test_00067,baseline,ObservationPlanner,2,22,early,0.1097643319784132,0.7714368241331376,4333.73462698888,5617.744047749718,3805.298674699541,0.348534859982811,0,858.1554947232789,1,0.0,0,1,high,1.7860277180715896,1.4976221550110438,0.3431977762345563,0.6947477889754374,67,7,Imitation_128x128,101,0,0,0.3907473,0.0,0.0,True,-0.2,True,0.8907532,-0.11568785,0.09832804,-2.319446,0.0045918142,-5.38348,0.0010718676,-6.8383527,0.005255088,-5.2485585
B_RL_test_00068,baseline,MyopicEconomic,0,24,early,0.42653032626779175,0.37421081019193775,2545.965711703852,6803.560031838716,2610.68512423398,0.4,0,666.6578373952274,1,0.0,1,0,low,0.11732619098720778,0.9121918234253104,0.44108451528192855,0.739356466273892,68,14,Imitation_128x128,101,0,0,0.0052066376,0.0,0.0,True,-0.2,True,0.9994209,-0.00057935715,0.0004744999,-7.6532493,9.0344656e-07,-13.917048,9.381404e-05,-9.274196,9.847687e-06,-11.528275
B_RL_test_00069,baseline,PPO,1,23,early,0.960812023620709,0.6728979002668548,2168.0837102651412,3222.0099206808827,4198.773867629622,0.2488485489978257,0,483.07543703213923,1,0.0,2,1,high,-1.4919352173107752,1.3055222135338365,0.41763881714870493,0.7592059164002953,69,6,Imitation_128x128,101,0,0,0.013743654,0.0,0.0,True,-0.2,True,0.9981833,-0.0018181801,0.0017069225,-6.373063,1.8740028e-06,-13.187433,9.424813e-05,-9.269579,1.3570973e-05,-11.207577
B_RL_test_00070,baseline,ObservationPlanner,4,20,early,0.04844010728093621,1.0,1958.2948491654167,1958.2948491654167,1639.8550914103687,0.3349557074327678,0,910.063873343722,1,0.0,0,1,low,2.389651181165024,1.299545799569939,0.4153647449400546,0.7062253508358912,70,11,Imitation_128x128,101,0,0,1.410144,0.0,0.0,True,-0.2,True,0.39474332,-0.92951953,0.26663688,-1.3218676,0.07032212,-2.6546688,0.06727529,-2.6989622,0.20102249,-1.6043385
B_RL_test_00071,baseline,MyopicEconomic,21,3,late,0.3819574454017667,0.3308075231538171,4962.112847307257,15000.0,3235.427963034861,0.26325602044805047,0,686.9360106943229,1,0.0,1,0,high,0.09105636204004242,1.0313146161355393,0.4853300622396656,0.5238168952882202,71,24,Imitation_128x128,101,2,1,1.1875771,13.14568020308596,13.14568020308596,False,0.0,False,0.33090633,-1.1059201,0.1754834,-1.7402109,0.4447423,-0.8102604,0.0020065373,-6.2113447,0.046861593,-3.060557
B_RL_test_00072,baseline,PPO,0,24,early,0.7588589061208596,0.6809655158039449,4039.6011253995216,5932.166947735064,1816.55993714263,0.4,1,695.702630528886,1,0.0,2,1,low,0.386536536410366,0.930225005718882,0.29112376646152666,0.6081968729634402,72,3,Imitation_128x128,101,0,0,0.01277314,0.0,0.0,True,-0.2,True,0.9983021,-0.0016994476,0.0016501653,-6.40688,3.5717271e-06,-12.542461,3.862667e-05,-10.161568,5.5226587e-06,-12.106651
B_RL_test_00073,baseline,ObservationPlanner,22,2,late,0.4137834712644008,1.029344230852175,514.6721154260874,500.0,5830.51050764666,0.14221314095652096,0,696.2288645930913,1,0.0,1,2,high,0.45941812709734065,1.1789910139310849,0.28356995023331066,0.6877866114164769,73,24,Imitation_128x128,101,2,2,1.2940747,0.0,0.0,True,0.0,True,0.07235782,-2.6261318,0.1186398,-2.1316633,0.4524239,-0.79313576,0.03973043,-3.225638,0.31684807,-1.149333
B_RL_test_00074,baseline,MyopicEconomic,7,17,early,0.04053304116497742,0.13505325496414894,2025.7988244622338,14999.999999999998,4168.7212063130455,0.49730623844293537,0,737.1110563485262,1,0.0,0,0,high,1.5965306398868033,0.7644284406291425,0.5561785363345491,0.7034210583296641,74,24,Imitation_128x128,101,2,1,0.32928982,0.9982117901608092,0.9982117901608092,False,0.0,False,0.0077536176,-4.859596,0.051586017,-2.9645047,0.92510647,-0.07784653,0.00041386002,-7.789983,0.015140068,-4.1904106
B_RL_test_00075,baseline,PPO,1,23,early,0.7564671147100324,0.6119493257231801,3427.4907057391165,5600.938773302232,2612.995156430521,0.28013957570482395,0,586.5806523842683,1,0.0,2,1,low,-1.9380212781880286,0.5667805381576572,0.34706457120354495,0.4642840454103798,75,4,Imitation_128x128,101,0,0,0.018508052,0.0,0.0,True,-0.2,True,0.9974553,-0.002547741,0.0023620538,-6.0482235,4.379487e-06,-12.338579,0.00014350483,-8.849141,3.4733275e-05,-10.267813
B_RL_test_00076,baseline,ObservationPlanner,3,21,early,0.8732476304401287,1.1162618083955889,3034.364563993472,2718.3269562494356,1933.50347851992,0.10699055328352877,0,582.3405206417185,1,0.0,2,2,low,-0.9456056299759363,0.9330307037393054,0.3516778080616225,0.7294508559928045,76,6,Imitation_128x128,101,0,1,0.21454108,20.356151312253132,20.356151312253132,False,-0.2,False,0.9516748,-0.049531937,0.043451384,-3.1361127,0.0010477671,-6.861094,0.0019732863,-6.228055,0.0018527447,-6.291087
B_RL_test_00077,baseline,MyopicEconomic,16,8,late,0.11924889965361976,0.10632274977041356,1594.8412465562033,14999.999999999998,2621.478144077052,0.3694256144447483,0,739.7602268363717,1,0.0,0,0,low,0.31858297831781607,0.8479897153648971,0.4532158731317911,0.56086922159226,77,24,Imitation_128x128,101,2,2,0.45822692,0.0,0.0,True,0.0,True,0.0020569596,-6.1865263,0.023664793,-3.7437668,0.8766908,-0.13160086,0.0033077507,-5.711487,0.09427977,-2.3614886
B_RL_test_00078,baseline,PPO,3,21,early,0.9540215157636134,1.225,5355.1173299948005,4371.524351016164,3521.0761850454173,0.02,2,565.1217807466435,1,0.0,2,2,high,-0.8075015401694254,1.0321185311846846,0.18971493676975942,0.6519106372702784,78,4,Imitation_128x128,101,0,1,0.39143524,19.22203246319441,19.22203246319441,False,-0.2,False,0.8963303,-0.10944629,0.08670656,-2.4452257,0.012813686,-4.357241,0.001521314,-6.488181,0.0026281811,-5.9414635
B_RL_test_00079,baseline,ObservationPlanner,0,24,early,0.6107559122745796,0.35881894687930105,1990.6102300783075,5547.673129835883,2877.475817049848,0.4,0,606.0929451374526,1,0.0,2,0,low,-0.2263729641847368,0.7787968829600019,0.42086284106403515,0.720814474587929,79,1,Imitation_128x128,101,0,0,0.009677114,0.0,0.0,True,-0.2,True,0.99885404,-0.0011467934,0.0008312352,-7.092598,9.0398186e-07,-13.916456,0.00028659555,-8.157438,2.7159782e-05,-10.513774
B_RL_test_00080,baseline,MyopicEconomic,1,23,early,0.6454988717607186,0.6105344746162854,2483.2239255782656,4067.2951795866175,1869.5339146746887,0.31435377533905284,0,598.6720201337081,1,0.0,2,1,low,-1.0123921144009338,1.1258003834783963,0.39749000470481033,0.5241669124696455,80,2,Imitation_128x128,101,0,0,0.027022844,0.0,0.0,True,-0.2,True,0.9962226,-0.0037846565,0.0030418092,-5.795303,3.9680217e-06,-12.4372425,0.0006311738,-7.3679295,0.00010042026,-9.206146
B_RL_test_00081,baseline,PPO,5,19,early,0.5471971665134849,1.0,820.1402972263885,820.1402972263885,1144.5597734841792,0.21690835041641865,0,654.083534261115,1,0.0,1,1,low,0.4670964360920484,1.0318299041662726,0.39611149708091536,0.7766966329528985,81,24,Imitation_128x128,101,0,0,0.748901,0.0,0.0,True,-0.2,True,0.7831909,-0.2443788,0.11757985,-2.1406376,0.0022369076,-6.102661,0.056617152,-2.8714433,0.040375233,-3.2095387
B_RL_test_00082,baseline,ObservationPlanner,4,20,early,0.979857188575217,1.0,500.00000000000006,500.00000000000006,1287.0936432178305,0.0352510431562565,3,467.9522389366124,1,0.0,2,1,low,-1.8132668856006082,0.8977841514156312,0.379017546862315,0.6711371551218738,82,7,Imitation_128x128,101,0,2,0.5611006,-68.35334460771696,0.0,False,-0.0,True,0.8616276,-0.14893222,0.07493457,-2.59114,0.034584332,-3.3643546,0.01363248,-4.2953005,0.015220942,-4.1850834
B_RL_test_00083,baseline,MyopicEconomic,9,15,middle,0.8651092790573723,0.5928297836241365,8892.446754362049,15000.0,2967.3578290978676,0.10333974095211913,0,633.7478036785967,1,0.0,2,1,low,-0.19318881647829222,1.1007255421738986,0.39873602801111796,0.6182139355952364,83,13,Imitation_128x128,101,0,0,0.060482696,0.0,0.0,True,-0.2,True,0.99005693,-0.0099925995,0.008465672,-4.7717357,0.001333254,-6.6201324,4.7350837e-05,-9.957926,9.6916265e-05,-9.241663
B_RL_test_00084,baseline,PPO,0,24,early,0.906174739606605,0.4075748690648555,1513.3767327880428,3713.12572892522,2389.231910536744,0.4,0,427.4413147982198,1,0.0,2,0,low,-2.719303493644447,0.9141938919096755,0.4493131263051819,0.7602119282809829,84,2,Imitation_128x128,101,0,0,0.008706226,0.0,0.0,True,-0.2,True,0.9989895,-0.0010108948,0.0006380388,-7.3571115,3.5166084e-07,-14.860599,0.00035817825,-7.9344797,1.3860146e-05,-11.186493
B_RL_test_00085,baseline,ObservationPlanner,4,20,early,0.7941548900434988,1.1078584625333887,3538.6924791601796,3194.173803635616,3279.8007078489463,0.113713229973289,0,660.8190807718751,1,0.0,2,2,high,-0.732507953119708,1.414482734313204,0.324414951475154,0.5343499923124448,85,5,Imitation_128x128,101,0,1,0.31978747,53.64015616127699,53.64015616127699,False,-0.2,False,0.91401374,-0.08990955,0.0803088,-2.5218759,0.0011493945,-6.76852,0.0014791841,-6.5162644,0.0030487801,-5.7930136
B_RL_test_00086,baseline,MyopicEconomic,9,15,middle,0.8725517982544201,0.5126492332251752,7689.7384983776265,14999.999999999998,3696.8864482792205,0.17155046543004115,0,578.3838689196426,1,0.0,2,1,high,-0.5739392325338428,0.8405098617483711,0.2825418813098837,0.6386877709365626,86,16,Imitation_128x128,101,0,0,0.07426361,0.0,0.0,True,-0.2,True,0.9870869,-0.01299715,0.011463989,-4.4685445,0.0012297352,-6.7009563,5.0786457e-05,-9.88788,0.00016854635,-8.6883
B_RL_test_00087,baseline,PPO,9,15,middle,0.5014289547566524,1.9666253091615,3959.3397123443137,2013.265920000001,9962.41445462283,0.08991769508881849,0,706.7720228447201,1,0.0,1,2,high,0.6498672710491811,1.088206740370783,0.40818789241107123,0.7330825440302011,87,14,Imitation_128x128,101,1,1,1.2446332,0.0,0.0,True,-0.1,True,0.2328783,-1.4572394,0.3854356,-0.9533812,0.3242497,-1.1262414,0.001952945,-6.2384167,0.055483498,-2.8916698
B_RL_test_00088,baseline,ObservationPlanner,10,14,middle,0.01751231497823463,1.0,2062.3705253171834,2062.3705253171834,6848.24600462249,0.42136429596045955,0,823.4542716105796,1,0.0,0,1,high,3.2597985744067355,0.9085305102515508,0.4665674267932232,0.8094894424242502,88,24,Imitation_128x128,101,1,1,1.3118408,0.0,0.0,True,-0.1,True,0.16297355,-1.8141674,0.3625935,-1.014473,0.3562889,-1.0320134,0.0076383646,-4.874572,0.110505596,-2.2026892
B_RL_test_00089,baseline,MyopicEconomic,14,10,middle,0.1543903474151127,0.14228358458682816,2028.3947818698225,14256.000000000002,3369.936719339581,0.43161391595669496,0,713.1052669663361,1,0.0,0,0,high,1.7888009368239013,0.6988729541935131,0.3328235380263363,0.8188913977778863,89,24,Imitation_128x128,101,2,3,0.69901836,8.046498553436578,8.046498553436578,False,0.0,False,0.018472252,-3.9914856,0.07618271,-2.5746207,0.80250686,-0.22001481,0.004560204,-5.390388,0.09827792,-2.3199558
B_RL_test_00090,baseline,PPO,10,14,middle,0.7534781431339181,2.315642848909248,2176.249783856102,939.8037287491009,4306.620593893453,0.02,1,646.8127409746123,1,0.0,2,2,high,0.043613096896889136,1.037068499561815,0.565620493324281,0.7959980754214587,90,11,Imitation_128x128,101,2,0,1.2581388,12.47295748320471,12.47295748320471,False,0.0,False,0.16418132,-1.8067837,0.23063791,-1.4669062,0.49185264,-0.709576,0.0074199527,-4.9035826,0.10590823,-2.2451823
B_RL_test_00091,baseline,ObservationPlanner,20,4,late,0.004203746421753841,0.048369274057587466,725.539110863812,15000.0,1895.838978176145,0.6002317453913092,0,914.2149004138386,1,0.0,0,0,low,2.3382845918220068,0.6741896711819185,0.5199109965055012,0.712837240683555,91,24,Imitation_128x128,101,4,2,0.8688985,-17.73963985028837,0.0,False,0.0,True,0.00042745125,-7.7576704,0.023696268,-3.7424376,0.22668692,-1.4841852,0.06633291,-2.713069,0.68285644,-0.38147044
B_RL_test_00092,baseline,MyopicEconomic,17,7,late,0.08960262868948717,0.1692689454392299,2056.6176870866434,12150.0,2114.236479504682,0.4353373723168985,0,580.4005404605385,1,0.0,0,0,low,-0.5862659646754461,1.1181404121059324,0.6389081097596125,0.889545304488342,92,22,Imitation_128x128,101,2,3,0.47660494,22.070955021289222,22.070955021289222,False,0.0,False,0.0053302045,-5.2343655,0.01248683,-4.3830805,0.87511396,-0.13340116,0.0122169,-4.404935,0.09485207,-2.3554368
B_RL_test_00093,baseline,PPO,5,19,early,0.01220936956066418,1.0,4915.200000000001,4915.200000000001,8492.213570262602,0.4346923481340863,0,876.6096227204597,1,0.0,0,1,high,3.0629373987984785,0.9114223715622548,0.4060270931795948,0.7879782542358003,93,24,Imitation_128x128,101,0,0,0.77090526,0.0,0.0,True,-0.2,True,0.69980735,-0.35695028,0.24754874,-1.3961478,0.046482928,-3.0686703,0.00040616654,-7.8087473,0.005754833,-5.1577153
B_RL_test_00094,baseline,ObservationPlanner,5,19,early,0.9887958087926114,1.0,500.0,500.0,1405.898611797393,0.02,3,392.42144428152614,1,0.0,2,1,low,-1.3976582755334301,0.7487520285556225,0.4855545079422672,0.6876819511748817,94,8,Imitation_128x128,101,0,2,0.6442692,-87.30987679035434,0.0,False,0.0,True,0.8335641,-0.18204474,0.082077354,-2.5000932,0.051684204,-2.962603,0.014400278,-4.2405076,0.018274115,-4.0022697
B_RL_test_00095,baseline,MyopicEconomic,14,10,middle,0.23804962142462843,0.1728121909906215,2042.0964107147854,11816.853886341905,2929.6763194070577,0.4715160381848498,0,599.3617573811041,1,0.0,1,0,low,-0.2563260662755433,0.9887072235021326,0.5326297737522329,0.6408928626998098,95,24,Imitation_128x128,101,4,0,1.5008926,56.713739767836955,56.713739767836955,False,0.2,False,0.21688142,-1.5284046,0.15941274,-1.8362586,0.25200123,-1.3783214,0.058311816,-2.8419507,0.31339285,-1.1602979
B_RL_test_00096,baseline,PPO,23,1,late,0.057706257325393535,1.0,500.0,500.0,4245.599445238874,0.3531450452789717,0,734.2826019711963,1,0.0,0,1,high,0.63121929203782,0.9721972196766725,0.445765228928636,0.7938713156995721,96,24,Imitation_128x128,101,2,2,0.5882097,0.0,0.0,True,0.0,True,0.0028909897,-5.846156,0.0084927,-4.7685485,0.82372504,-0.19391847,0.027215784,-3.6039581,0.13767548,-1.9828559
B_RL_test_00097,baseline,ObservationPlanner,0,24,early,0.5202720984178253,0.18164222778984737,336.65413188935815,1853.3913395890145,1585.6471968155172,0.4,0,570.907195146081,1,0.0,1,0,low,-0.6422699443344645,0.5751794844401634,0.5138524784076035,0.5242284254912288,97,24,Imitation_128x128,101,0,0,0.19390316,0.0,0.0,True,-0.2,True,0.9545575,-0.04650736,0.0012414509,-6.6914744,3.03648e-06,-12.704811,0.04356729,-3.1334486,0.0006307344,-7.3686256
B_RL_test_00098,baseline,MyopicEconomic,8,16,middle,0.36105580188544195,0.5128494073419781,7692.741110129673,15000.0,2999.8299614530706,0.1765400580706997,0,745.413405021207,1,0.0,1,1,low,0.9088657953933286,1.3248086092922042,0.36488819247598553,0.5828741555508058,98,22,Imitation_128x128,101,0,0,0.64194524,0.0,0.0,True,-0.2,True,0.8023859,-0.22016549,0.07665205,-2.5684788,0.118417546,-2.1335382,0.00014649292,-8.828533,0.0023978644,-6.0331764
B_RL_test_00099,baseline,PPO,1,23,early,0.6935374321243797,0.8015197217681155,3446.4035370911242,4299.836227970183,2308.449944443907,0.3122362038919836,0,638.8794272401572,1,0.0,2,1,low,-0.26689171429934844,0.6907053720958345,0.34363800188548893,0.47058435393170817,99,6,Imitation_128x128,101,0,0,0.020018872,0.0,0.0,True,-0.2,True,0.99721104,-0.0027928352,0.0025870223,-5.9572477,2.2203842e-06,-13.017831,0.00016495316,-8.709848,3.4737222e-05,-10.267698
B_RL_test_00000,severe_stress,PPO,2,22,early,0.4166718720179237,0.5570515438200542,5194.628365429958,9325.220301531006,5113.817957246661,0.2675494669086287,0,735.6133585549072,1,0.0,1,1,high,0.7766626320299265,1.1540687281369808,0.34471001732411144,0.8095158963876717,100,9,Imitation_128x128,101,0,0,0.041744858,0.0,0.0,True,-0.2,True,0.99330634,-0.0067162514,0.0063764895,-5.0551376,0.00020037073,-8.515341,4.0211813e-05,-10.121349,7.6644545e-05,-9.476332
B_RL_test_00001,severe_stress,ObservationPlanner,5,19,early,0.3882490109490616,1.0006186687674683,1876.0181886488513,1874.8582723922927,1967.1722695860833,0.19101578376353281,0,827.2144458947637,2,1.6,1,2,low,1.6613225481260747,0.841180276874062,0.2960832412250551,0.6198577850919593,101,14,Imitation_128x128,101,0,1,0.85819817,18.710098816591994,18.710098816591994,False,-0.2,False,0.7170022,-0.3326763,0.12053923,-2.1157799,0.013827935,-4.2810645,0.005067908,-5.284827,0.14356269,-1.9409834
B_RL_test_00002,severe_stress,MyopicEconomic,1,23,early,0.4350840664284275,0.24334980512276738,1594.1887694297345,6551.017242958067,2311.7540353432664,0.35961980914440683,0,678.8660937176784,1,0.0,1,0,low,0.4546918678629157,0.8585965558808485,0.47150063272009635,0.832595564470931,102,8,Imitation_128x128,101,0,0,0.044075005,0.0,0.0,True,-0.2,True,0.99369484,-0.006325245,0.0029726427,-5.818304,1.2239398e-05,-11.31085,0.0028215551,-5.870467,0.00049866166,-7.603583
B_RL_test_00003,severe_stress,PPO,4,20,early,0.17384169938551708,0.9999999999999998,4497.415959676926,4497.415959676927,7800.775326931617,0.4070511995665708,0,757.5840193125299,2,1.6,0,1,high,1.033632078382112,1.2276235612338229,0.47864155202413344,0.8531424835747992,103,8,Imitation_128x128,101,0,0,0.26628613,0.0,0.0,True,-0.2,True,0.93290573,-0.06945109,0.06253851,-2.7719727,0.0022647998,-6.090269,0.00010303109,-9.18048,0.002187936,-6.124797
B_RL_test_00004,severe_stress,ObservationPlanner,6,18,early,0.776933689900663,1.008353470396052,2121.113929313534,2103.542053046559,2725.081576561847,0.140064894447816,0,641.2934889559235,2,1.6,2,2,low,0.4602511534154351,1.0830413162393473,0.45980112852588634,0.7412130218716163,104,11,Imitation_128x128,101,0,0,0.35273492,0.0,0.0,True,-0.2,True,0.911416,-0.092755795,0.07006049,-2.6583962,0.00069828256,-7.2668867,0.0014752039,-6.518959,0.016349984,-4.1135283
B_RL_test_00005,severe_stress,MyopicEconomic,7,17,early,0.8025142906744749,0.1102030000105691,1470.0200355926197,13339.201613854762,1638.3929991407078,0.3418930605080054,0,636.3318377891824,2,1.6,2,0,low,-0.04444196082094837,1.1818582927166443,0.48676356778721747,0.6668066982541053,105,12,Imitation_128x128,101,0,0,0.19517398,0.0,0.0,True,-0.2,True,0.95673484,-0.04422903,0.038318265,-3.2618287,3.2239597e-05,-10.342315,0.00041120953,-7.7964077,0.0045034024,-5.402922
B_RL_test_00006,severe_stress,PPO,5,19,early,0.8721603821264096,1.0998398072478652,3950.3923799281415,3591.7888713386624,5815.632777110655,0.02,1,684.1993287360234,2,1.6,2,2,high,0.9316380738118776,0.6386269675984682,0.5197144407917117,0.5755142980102315,106,7,Imitation_128x128,101,0,0,1.118451,0.0,0.0,True,-0.2,True,0.53277993,-0.6296469,0.2485928,-1.3919392,0.18411587,-1.69219,0.0025994221,-5.952466,0.031912044,-3.4447718
B_RL_test_00007,severe_stress,ObservationPlanner,2,22,early,0.941153837414281,1.0,9600.0,9600.0,6575.139522683609,0.02,1,540.727184687694,1,0.0,2,1,high,-1.7014713346367327,1.0009109290001965,0.4410433472212441,0.6888284147284123,107,5,Imitation_128x128,101,0,0,0.1649407,0.0,0.0,True,-0.2,True,0.96666235,-0.033905983,0.026128866,-3.6447146,0.0069262353,-4.972439,9.964547e-05,-9.213892,0.00018293572,-8.606376
B_RL_test_00008,severe_stress,MyopicEconomic,3,21,early,0.46800086187321227,0.3932877923561791,4242.888278486691,10788.253184945392,4666.187714582823,0.3364305752596788,0,619.1106237784993,1,0.0,1,0,high,-0.39024726220835865,0.9356708536559166,0.4388010593340236,0.8167731441495508,108,6,Imitation_128x128,101,0,0,0.02522722,0.0,0.0,True,-0.2,True,0.99642986,-0.0035767555,0.0031546357,-5.7588825,0.00033483177,-8.001883,3.8872404e-05,-10.155227,4.1862033e-05,-10.081131
B_RL_test_00009,severe_stress,PPO,2,22,early,0.6161913093291045,0.5250073090912045,3060.6138934986757,5829.659588542955,3652.883738387161,0.3644789563273006,0,573.8508323546777,1,0.0,2,1,high,-0.11325674064309288,0.5753649050646394,0.44374303847723623,0.8737371263430239,109,5,Imitation_128x128,101,0,0,0.028743632,0.0,0.0,True,-0.2,True,0.99578094,-0.004228115,0.0038793203,-5.5520954,2.6259197e-05,-10.547495,0.00022279145,-8.409275,9.0734175e-05,-9.307577
B_RL_test_00010,severe_stress,ObservationPlanner,1,23,early,0.9138404870515462,0.8336148063277276,1604.158451919865,1924.340162558492,1727.6845770750347,0.02,1,575.1760875918158,1,0.0,2,1,low,-0.4838409806239353,0.8413063321790891,0.4391246703190555,0.6872603844075084,110,4,Imitation_128x128,101,0,0,0.2503127,0.0,0.0,True,-0.2,True,0.9461238,-0.055381775,0.04223214,-3.1645737,0.0052450113,-5.250478,0.0035171153,-5.650114,0.0028818815,-5.849312
B_RL_test_00011,severe_stress,MyopicEconomic,4,20,early,0.6259546933303869,0.44865801078481937,5072.576936786621,11306.110255143705,2986.8511662016085,0.2571121325345216,0,667.5995820019157,2,1.6,2,0,low,0.6701751736113165,1.1556843223065958,0.3527015341276848,0.6125902414428819,111,6,Imitation_128x128,101,0,0,0.050473947,0.0,0.0,True,-0.2,True,0.9915114,-0.008524895,0.008187738,-4.8051176,5.6562807e-05,-9.780159,3.1685195e-05,-10.359661,0.00021248803,-8.456625
B_RL_test_00012,severe_stress,PPO,7,17,early,0.5738788763763731,1.0160239515840837,1150.4354262240656,1132.2916398087082,1935.3231653427192,0.18718083873273306,0,719.5123947019736,2,1.6,1,2,low,0.9772288051966393,0.9509734753112715,0.46436674060322847,0.7302773060708184,112,9,Imitation_128x128,101,0,1,0.71493894,19.62120421677446,19.62120421677446,False,-0.2,False,0.7788976,-0.24987578,0.10381575,-2.2651377,0.00227242,-6.0869102,0.005665719,-5.1733212,0.10934844,-2.2132158
B_RL_test_00013,severe_stress,ObservationPlanner,2,22,early,0.9314582456168501,0.6919830412331085,2007.0177052663607,2900.385682414804,2408.1872813445257,0.2947446355756634,0,496.3313094061973,1,0.0,2,1,low,-1.736257804977541,1.0740468656905695,0.3667052714676963,0.6175553539035563,113,3,Imitation_128x128,101,0,0,0.018005515,0.0,0.0,True,-0.2,True,0.9975993,-0.002403736,0.0020420942,-6.1937795,1.3756971e-06,-13.49655,0.00032586037,-8.029042,3.1269425e-05,-10.3728695
B_RL_test_00014,severe_stress,MyopicEconomic,1,23,early,0.5271408732435738,0.7017806288528439,6543.9437847632835,9324.771183069348,3885.4089210235634,0.42337198126547393,0,675.8104456583286,1,0.0,1,1,high,-0.6684220948261075,1.1138218846795502,0.3991183392656671,0.6578988792549979,114,2,Imitation_128x128,101,0,0,0.004623174,0.0,0.0,True,-0.2,True,0.99946696,-0.00053310394,0.000519479,-7.562684,7.488845e-07,-14.104681,9.839494e-06,-11.529106,2.9612065e-06,-12.729914
B_RL_test_00015,severe_stress,PPO,0,24,early,0.8827892318835304,0.7750439435362315,7010.115307667944,9044.797222314191,5056.69050475539,0.4,0,530.7452935881225,1,0.0,2,1,high,-1.857567923464245,1.5996820862393486,0.20504247408141998,0.6309168474085493,115,1,Imitation_128x128,101,0,0,0.0030190162,0.0,0.0,True,-0.2,True,0.99966955,-0.00033044815,0.00032254218,-8.039276,1.9606175e-07,-15.444836,6.553413e-06,-11.935525,1.0476355e-06,-13.768974
B_RL_test_00016,severe_stress,ObservationPlanner,2,22,early,0.9303009848476829,1.0,9600.0,9600.0,6088.8328922062965,0.02,1,576.6080377234201,1,0.0,2,1,high,-0.4401584506355456,1.0497642801219806,0.40754786971653073,0.5611451094235479,116,3,Imitation_128x128,101,0,0,0.2592437,0.0,0.0,True,-0.2,True,0.9401941,-0.061668873,0.04743632,-3.048367,0.011885126,-4.4324675,0.00013046953,-8.94437,0.00035390002,-7.946496
B_RL_test_00017,severe_stress,MyopicEconomic,6,18,early,0.7768153545458911,0.40930999507012233,6139.649926051834,14999.999999999998,5866.334776902437,0.1954478274580968,0,694.7630917863607,2,1.6,2,0,high,1.1733858159969814,0.7571982460402745,0.28812725488404634,0.8037034744292322,117,9,Imitation_128x128,101,0,0,0.06619342,0.0,0.0,True,-0.2,True,0.98820007,-0.011869907,0.011400909,-4.474062,0.00019055829,-8.565552,1.6100044e-05,-11.036688,0.00019228304,-8.556542
B_RL_test_00018,severe_stress,PPO,6,18,early,0.9037274035148669,1.3043053922444858,2625.6889312815624,2013.0936718456728,3661.6467780397475,0.02,1,661.2703781829231,2,1.6,2,2,high,0.783350719956263,0.519994892666678,0.3439098168059432,0.6750775086741557,118,10,Imitation_128x128,101,0,2,1.2732091,44.98419754496899,44.98419754496899,False,-0.2,False,0.39901575,-0.9187545,0.21686074,-1.5285001,0.3105135,-1.169528,0.0056529436,-5.175579,0.06795709,-2.688879
B_RL_test_00019,severe_stress,ObservationPlanner,1,23,early,0.5225384016325821,0.8831844316605247,4188.129520917361,4742.078065215692,2842.7474317976203,0.33006626442034487,0,657.7004203308887,1,0.0,1,1,low,0.008801761928701954,1.281540519190883,0.5907284257417467,0.640373467956049,119,7,Imitation_128x128,101,0,0,0.047293574,0.0,0.0,True,-0.2,True,0.9922091,-0.00782156,0.007449996,-4.899542,3.069718e-05,-10.39134,0.00019015587,-8.567667,0.00011998061,-9.028181
B_RL_test_00020,severe_stress,MyopicEconomic,5,19,early,0.9903273726904043,0.7235343520892216,9364.720559533289,12943.021340303261,5857.857629745934,0.02,1,514.2749941083653,2,1.6,2,1,high,-1.4821096191035665,1.036690732347569,0.2978889158652708,0.5594487500561349,120,7,Imitation_128x128,101,0,0,0.13562137,0.0,0.0,True,-0.2,True,0.97429276,-0.026043415,0.018623484,-3.983332,0.0068864767,-4.9781957,3.9474904e-05,-10.139845,0.00015780312,-8.754163
B_RL_test_00021,severe_stress,PPO,0,24,early,0.952856086691239,0.6390721954551879,1575.6809170081594,2465.5757647003547,2983.166026826811,0.4,1,437.37277351007333,1,0.0,2,1,low,-2.4253689918491133,0.8437459054517884,0.339367546935539,0.6145889537406355,121,3,Imitation_128x128,101,0,0,0.03720073,0.0,0.0,True,-0.2,True,0.99422646,-0.0057902336,0.0054008877,-5.221192,6.5473265e-05,-9.633868,0.00026149547,-8.249094,4.573299e-05,-9.99269
B_RL_test_00022,severe_stress,ObservationPlanner,6,18,early,0.8420111540845878,1.2249999999999999,1778.1684954270095,1451.5661187159262,3270.993987484063,0.02,1,656.6347725637011,2,1.6,2,2,high,0.5250911873728785,1.0225740464416466,0.5763159361893628,0.6742307684177278,122,9,Imitation_128x128,101,2,2,1.288277,0.0,0.0,True,0.0,True,0.30838743,-1.1763984,0.17475373,-1.7443776,0.41704315,-0.8745656,0.0072156102,-4.9315085,0.092600055,-2.3794656
B_RL_test_00023,severe_stress,MyopicEconomic,2,22,early,0.8311454201682336,0.5229275424069387,7843.913136104081,15000.0,6830.231827298405,0.20253138521525418,0,597.884195380762,1,0.0,2,1,high,0.24134772804040389,1.3810949496954836,0.24254573603279125,0.7506369767835125,123,5,Imitation_128x128,101,0,0,0.005513876,0.0,0.0,True,-0.2,True,0.9993505,-0.00064992905,0.00063179055,-7.366953,1.1238651e-05,-11.3961525,4.1137255e-06,-12.401181,2.3874218e-06,-12.945296
B_RL_test_00024,severe_stress,PPO,2,22,early,0.8642852064172054,0.6675057313785617,2305.939145833296,3454.5608186329287,2026.5878802852524,0.06325948422561593,0,590.1525426782189,1,0.0,2,1,low,-2.0101277777033815,1.478343626097419,0.4308653496981941,0.530824615742716,124,3,Imitation_128x128,101,0,0,0.065300345,0.0,0.0,True,-0.2,True,0.98911184,-0.010947704,0.009472897,-4.6593204,8.085438e-05,-9.422861,0.0010100583,-6.897747,0.00032432837,-8.033753
B_RL_test_00025,severe_stress,ObservationPlanner,1,23,early,0.9230822556998987,0.7019633566330249,2407.255806884243,3429.3183314164326,2132.473316032242,0.02,1,572.8295723806025,1,0.0,2,1,low,-1.0508383580584602,0.7887385917443512,0.307348428917548,0.5336745085892886,125,4,Imitation_128x128,101,0,0,0.14165084,0.0,0.0,True,-0.2,True,0.97251904,-0.027865648,0.023397336,-3.7551332,0.001980497,-6.224407,0.0012984305,-6.646599,0.0008046615,-7.1250887
B_RL_test_00026,severe_stress,MyopicEconomic,3,21,early,0.6771584225464135,0.4334220552491781,6501.330828737671,15000.0,6516.058797860334,0.21084889268126272,0,618.5060310757419,1,0.0,2,0,high,-0.8487921202430904,0.9644137800497737,0.41649155616272776,0.8018488833642444,126,6,Imitation_128x128,101,0,0,0.036163587,0.0,0.0,True,-0.2,True,0.9947206,-0.0052933693,0.00394994,-5.5340548,0.0012820747,-6.6592755,1.4714193e-05,-11.1266985,3.2682805e-05,-10.328662
B_RL_test_00027,severe_stress,PPO,7,17,early,0.9794303532191574,1.5006249999999994,2233.663407376808,1488.4887346117844,3613.5546788692905,0.02,2,531.7483152393892,2,1.6,2,2,high,-0.4425082286603216,0.8392601629979316,0.5331463867747503,0.7045610005896411,127,8,Imitation_128x128,101,2,0,1.2409112,4.361273791280155,4.361273791280155,False,0.0,False,0.36760834,-1.0007372,0.16630937,-1.7939055,0.39729214,-0.92308336,0.007561133,-4.884734,0.061228916,-2.7931356
B_RL_test_00028,severe_stress,ObservationPlanner,0,24,early,0.7918132670670824,0.315123682209895,1480.0754024988344,4696.8079076741615,2278.444071317703,0.4,0,476.49642618302425,1,0.0,2,0,low,-2.0485506467438626,0.6815482883078391,0.3819575070249458,0.8591634595862108,128,4,Imitation_128x128,101,0,0,0.008434927,0.0,0.0,True,-0.2,True,0.99903107,-0.00096940994,0.00051792455,-7.565681,8.672061e-07,-13.957989,0.0004346924,-7.740872,1.5435025e-05,-11.078872
B_RL_test_00029,severe_stress,MyopicEconomic,4,20,early,0.8033574653262319,0.2934697064267671,2863.7622568244174,9758.289166173427,2106.395876993439,0.1911581694323644,0,707.929516947412,2,1.6,2,0,low,1.4081782222310821,1.1454430642322595,0.1524521085135705,0.686066795455444,129,11,Imitation_128x128,101,0,0,0.037956316,0.0,0.0,True,-0.2,True,0.9940949,-0.0059227943,0.00549085,-5.2046723,9.065344e-06,-11.6110525,9.4120616e-05,-9.270934,0.00031114518,-8.075251
B_RL_test_00030,severe_stress,PPO,2,22,early,0.3930271272446514,0.7230964992230754,2537.3396605380967,3508.9917642587384,3972.151885512717,0.38976284638487163,0,683.7439944050008,1,0.0,1,1,high,0.36049063728598935,0.6978249320066493,0.4584913795995479,0.7048195239783651,130,7,Imitation_128x128,101,0,0,0.08404512,0.0,0.0,True,-0.2,True,0.984922,-0.015192986,0.013696056,-4.2906475,9.6875185e-05,-9.242087,0.0007669325,-7.173112,0.0005181057,-7.5653315
B_RL_test_00031,severe_stress,ObservationPlanner,5,19,early,0.9546987231828551,1.225,1090.0667715457148,889.8504257516039,1181.8525818604196,0.02,1,601.2917641619872,2,1.6,2,2,low,-0.4494291645959675,1.2133114246152,0.5382540007993669,0.5509989301790695,131,6,Imitation_128x128,101,0,0,1.2034465,0.0,0.0,True,-0.2,True,0.54321486,-0.6102504,0.15199561,-1.8839036,0.21272846,-1.5477389,0.0126049025,-4.3736696,0.07945613,-2.5325503
B_RL_test_00032,severe_stress,MyopicEconomic,0,24,early,0.6821034197939189,0.6964197399644306,8738.828413024821,12548.220435955986,6254.032431135801,0.4,0,655.121411864739,1,0.0,2,1,high,0.07233569176205216,1.0330987645795806,0.5532516681278125,0.8240805632894571,132,9,Imitation_128x128,101,0,0,0.0017084008,0.0,0.0,True,-0.2,True,0.9998253,-0.0001745224,0.00017092982,-8.674257,1.4074838e-07,-15.776292,3.1559264e-06,-12.666228,6.32304e-07,-14.273895
B_RL_test_00033,severe_stress,PPO,3,21,early,0.8656298298742936,1.2249999999999999,3366.5276172647314,2748.1858100120257,1736.8128697309855,0.02,1,642.2010355136549,1,0.0,2,2,low,-0.569740014719955,0.9772691096688223,0.5020581483713409,0.5604406923181983,133,5,Imitation_128x128,101,0,0,0.6953253,0.0,0.0,True,-0.2,True,0.77142733,-0.25951278,0.1827457,-1.6996597,0.025525585,-3.668074,0.005419471,-5.217757,0.01488195,-4.2076063
B_RL_test_00034,severe_stress,ObservationPlanner,6,18,early,0.9599025264082925,1.2469872232469077,819.9497895790572,657.5446598755602,2245.722265453572,0.07882788984505502,0,552.4497873515605,2,1.6,2,2,low,-0.5568992969228953,1.1557145411930765,0.33555444694239067,0.7880201275407003,134,8,Imitation_128x128,101,0,2,0.38129932,22.245915802534,22.245915802534,False,-0.2,False,0.9030695,-0.10195565,0.075513504,-2.5834436,0.0010984885,-6.81382,0.002456215,-6.0091333,0.017862253,-4.0250654
B_RL_test_00035,severe_stress,MyopicEconomic,1,23,early,0.7399868189734163,0.3399015402607635,1845.2331416834586,5428.728390780001,2727.8239958769,0.28400901187449423,0,533.8944637613272,1,0.0,2,0,low,-1.6769227877276522,1.0197454526672802,0.36430119712109293,0.39029351173850463,135,4,Imitation_128x128,101,0,0,0.01446292,0.0,0.0,True,-0.2,True,0.99819106,-0.0018105507,0.0013309213,-6.621884,8.280736e-06,-11.701578,0.00042568322,-7.761815,4.400973e-05,-10.031099
B_RL_test_00036,severe_stress,PPO,16,8,late,0.3118847260717725,1.0,500.0,500.0,2454.9755549353904,0.1270905630381849,0,761.0107431952268,2,1.6,1,1,low,0.7987720270045131,0.8271682697862274,0.4029096007715378,0.7093812837974224,136,24,Imitation_128x128,101,4,2,0.8713379,51.953122851331074,51.953122851331074,False,0.2,False,0.09707208,-2.3323014,0.07109755,-2.6437023,0.07764935,-2.555552,0.008318962,-4.789218,0.745862,-0.29321456
B_RL_test_00037,severe_stress,ObservationPlanner,4,20,early,0.9438664663311256,1.1266676831828484,2337.657878664597,2074.842399012181,2671.2774125862343,0.09866585345372143,0,646.0207764191298,2,1.6,2,2,low,-1.2539493473761563,1.107970464256297,0.20714979550495394,0.5822403131144498,137,5,Imitation_128x128,101,0,0,0.21596147,0.0,0.0,True,-0.2,True,0.95057213,-0.050691128,0.044379942,-3.1149676,0.00017446053,-8.653811,0.00074149435,-7.206843,0.0041319327,-5.48901
B_RL_test_00038,severe_stress,MyopicEconomic,4,20,early,0.9109789387204008,0.798495095201021,8951.99355393873,11211.081455278152,4927.59608061142,0.19084067555623632,0,652.9248733731681,2,1.6,2,1,high,0.4441157710907515,0.9390821754564493,0.4005351522638762,0.7348842428889295,138,9,Imitation_128x128,101,0,0,0.028302258,0.0,0.0,True,-0.2,True,0.9956916,-0.0043177605,0.004216134,-5.468837,4.469115e-05,-10.015735,1.0499136e-05,-11.464218,3.7022008e-05,-10.203999
B_RL_test_00039,severe_stress,PPO,4,20,early,0.9784827512079856,1.069466509324007,2537.483680772115,2372.663060179433,2137.0096661463617,0.02,1,566.7124163652842,2,1.6,2,2,low,-0.9910608771563214,1.0687565486503725,0.32931114337766065,0.480487284890949,139,6,Imitation_128x128,101,0,1,0.96145135,5.246628571728934,5.246628571728934,False,-0.2,False,0.67812246,-0.38842738,0.12802812,-2.0555053,0.15389462,-1.8714873,0.0067961733,-4.9913955,0.033158675,-3.4064507
B_RL_test_00040,severe_stress,ObservationPlanner,4,20,early,0.28512415317950746,0.7535326114404304,1839.2176910013982,2440.7937534191183,2159.6985599955833,0.5363117668805257,0,714.8132690760597,2,1.6,1,1,low,0.3911514500331968,1.2544957364432432,0.6953851683896436,0.6634477604756893,140,10,Imitation_128x128,101,0,0,0.4500278,0.0,0.0,True,-0.2,True,0.8719774,-0.13699174,0.10464025,-2.257227,4.8398113e-05,-9.936049,0.0017482524,-6.3491383,0.02158559,-3.8357294
B_RL_test_00041,severe_stress,MyopicEconomic,6,18,early,0.20086797113615712,0.12716522241927988,1907.478336289198,15000.0,3748.9872853351985,0.3683525844882146,0,758.9756291691266,2,1.6,1,0,high,1.3455774008055212,0.8534561755749168,0.47756049876243367,0.5444764634918892,141,24,Imitation_128x128,101,1,1,0.75870186,0.0,0.0,True,-0.1,True,0.121495016,-2.107882,0.76991946,-0.26146936,0.025111929,-3.6844122,0.00021356627,-8.451564,0.08326007,-2.4857862
B_RL_test_00042,severe_stress,PPO,6,18,early,0.9623827095974269,1.6679803131757132,4171.528143637945,2500.9456710527106,3773.2694503359917,0.019724329481097452,2,669.1783429313944,2,1.6,2,2,high,0.22909678781778126,0.879346771579291,0.2553585836990128,0.47150706749456744,142,7,Imitation_128x128,101,0,0,1.1484494,0.0,0.0,True,-0.2,True,0.536873,-0.6219938,0.2327949,-1.4575975,0.18123715,-1.7079489,0.0057252822,-5.1628633,0.0433697,-3.1379943
B_RL_test_00043,severe_stress,ObservationPlanner,3,21,early,0.8794035173799283,1.295281415043853,4009.8569232642403,3095.741880252704,4615.157409787453,0.04164321112005153,2,557.8206986773903,1,0.0,2,2,high,-0.4983394640877816,1.1813366229036073,0.33760433114928884,0.7006270214394502,143,5,Imitation_128x128,101,0,0,0.61429584,0.0,0.0,True,-0.2,True,0.82099867,-0.19723368,0.12353818,-2.091205,0.04471032,-3.1075509,0.0029795219,-5.8159924,0.0077732555,-4.857066
B_RL_test_00044,severe_stress,MyopicEconomic,1,23,early,0.3804055255840845,0.4356105149118464,1917.2409136349572,4401.273265919546,1396.0437312022414,0.27772017904346236,0,763.689211874541,1,0.0,1,0,low,0.09031488076551453,1.5566656761988789,0.21693195513352462,0.675601763777255,144,6,Imitation_128x128,101,0,0,0.061253883,0.0,0.0,True,-0.2,True,0.9906769,-0.009366989,0.0047013075,-5.359915,2.1281363e-05,-10.757679,0.0039969594,-5.5222216,0.0006036526,-7.412512
B_RL_test_00045,severe_stress,PPO,1,23,early,0.5252960888755148,0.678798280687371,2547.8616237063934,3753.4886227560182,3463.9678318351735,0.3321768339442812,0,589.1816032979989,1,0.0,1,1,high,-0.7434848889073253,0.7769566157120102,0.4900627923832935,0.6806089276604373,145,5,Imitation_128x128,101,0,0,0.049860653,0.0,0.0,True,-0.2,True,0.99219453,-0.007835865,0.006741957,-4.999405,0.00035528137,-7.9426003,0.0005069003,-7.587196,0.00020118829,-8.511269
B_RL_test_00046,severe_stress,ObservationPlanner,3,21,early,0.30996818945811205,0.6254466564642434,4524.096955008408,7233.3857863816875,5497.876932608729,0.3959841218584353,0,678.2001978321048,1,0.0,1,1,high,0.04468770119945725,1.1100338854838319,0.466752765563234,0.8465379303694447,146,10,Imitation_128x128,101,0,0,0.040200636,0.0,0.0,True,-0.2,True,0.9937045,-0.0063152313,0.005837825,-5.143397,0.0003171498,-8.056136,6.227832e-05,-9.683897,7.835745e-05,-9.454229
B_RL_test_00047,severe_stress,MyopicEconomic,8,16,middle,0.9967577336578811,1.0,13500.0,13500.0,5426.792941577646,0.013091152856206597,5,584.0432940268033,2,1.6,2,1,high,0.6794578365423228,1.2605601452914865,0.39418557739057486,0.663345949117258,147,9,Imitation_128x128,101,0,1,0.83185536,72.45552604368004,72.45552604368004,False,-0.2,False,0.69729275,-0.36054993,0.11055521,-2.2022402,0.18831256,-1.6696521,0.00036409748,-7.918089,0.0034754109,-5.6620426
B_RL_test_00048,severe_stress,PPO,3,21,early,0.22787425817632054,1.0,3496.625410377927,3496.625410377927,4282.18936652522,0.2394748583802661,0,739.214628121166,1,0.0,1,1,high,0.8746453651728925,1.2289568893253286,0.34581064897313346,0.5645890100507188,148,9,Imitation_128x128,101,0,0,1.0003717,0.0,0.0,True,-0.2,True,0.6130988,-0.4892292,0.2532316,-1.3734508,0.10191256,-2.2836401,0.0031844568,-5.7494736,0.028572496,-3.5553107
B_RL_test_00049,severe_stress,ObservationPlanner,1,23,early,0.6731811649547996,0.9726606164077489,3588.890871328263,3689.7668218364097,1771.293887873303,0.2761134340909944,0,669.7600350697134,1,0.0,2,1,low,0.2671931472578545,0.946027321721571,0.49805137706200514,0.8348476688154185,149,6,Imitation_128x128,101,0,0,0.037042167,0.0,0.0,True,-0.2,True,0.9942503,-0.0057663918,0.0053631426,-5.228205,5.4521342e-06,-12.119503,0.00029566992,-8.126267,8.546078e-05,-9.367453
B_RL_test_00050,severe_stress,MyopicEconomic,2,22,early,0.5673679412873048,0.35772344139632345,3206.7755748600625,8964.398761073253,2779.934063955163,0.26209743594497137,0,655.6670458752743,1,0.0,1,0,low,-0.44078875144303553,0.8380510296018817,0.3871942516794568,0.6034522769722803,150,11,Imitation_128x128,101,0,0,0.023224903,0.0,0.0,True,-0.2,True,0.9967339,-0.0032715797,0.0029677947,-5.8199363,2.6908565e-05,-10.523066,0.00017162236,-8.670215,9.993131e-05,-9.211027
B_RL_test_00051,severe_stress,PPO,3,21,early,0.9551168147487235,1.5006249999999999,5941.556651718679,3959.3880228029516,2763.0243702744724,0.02,3,599.6707598627692,1,0.0,2,2,low,-1.1207786885627906,1.002766217469849,0.3503577515463789,0.617426829756258,151,4,Imitation_128x128,101,0,0,0.40392634,0.0,0.0,True,-0.2,True,0.89786565,-0.10773492,0.07816017,-2.5489953,0.017353332,-4.053971,0.0025113812,-5.9869227,0.004109533,-5.494446
B_RL_test_00052,severe_stress,ObservationPlanner,7,17,early,0.8423116195140266,1.0028847891375086,525.1376631518262,523.627109354655,1764.5634784849206,0.17445580730668783,0,621.9663069438811,2,1.6,2,2,low,-0.23877457474671135,0.7227125995562862,0.4726893086707423,0.6581244204937098,152,12,Imitation_128x128,101,0,0,0.3990937,0.0,0.0,True,-0.04512201,True,0.90289825,-0.10214543,0.060570564,-2.8039463,0.0004637788,-7.6761026,0.004535068,-5.395915,0.031532407,-3.4567394
B_RL_test_00053,severe_stress,MyopicEconomic,10,14,middle,0.9750360126947729,0.21997445309370525,3299.6167964055785,14999.999999999998,1790.0019683562887,0.09487484313454006,0,548.0169029670456,2,1.6,2,0,low,-0.3870103738071509,1.0471457565478777,0.4977787279614221,0.8372278510245246,153,13,Imitation_128x128,101,0,0,0.12877168,0.0,0.0,True,-0.2,True,0.9760897,-0.024200678,0.018959956,-3.965426,0.0031637747,-5.755989,0.00012404789,-8.994843,0.0016624718,-6.39945
B_RL_test_00054,severe_stress,PPO,4,20,early,0.9526443675344505,1.2245366026332696,5415.3743154517815,4422.386643083143,4963.6253396735765,0.13322072171365323,0,603.5576050324527,2,1.6,2,2,high,-1.255506772438249,0.9360305659296442,0.363464744617099,0.5373903131399516,154,5,Imitation_128x128,101,0,1,0.17608103,50.931026764490525,50.931026764490525,False,-0.2,False,0.9595205,-0.041321516,0.03922279,-3.2384973,0.00024842747,-8.30036,0.00013173741,-8.9347,0.00087650365,-7.03957
B_RL_test_00055,severe_stress,ObservationPlanner,4,20,early,0.9926894715730625,1.4555291881444832,7864.4011408301085,5403.1215621692145,4714.023653189749,0.017926995087853816,3,612.5651531578951,2,1.6,2,2,high,-0.5512478562946606,1.0949289310713148,0.2282812754865429,0.5039575619771754,155,5,Imitation_128x128,101,0,0,0.6747008,0.0,0.0,True,-0.2,True,0.7887344,-0.2373259,0.14647411,-1.9209068,0.056424506,-2.874852,0.0014870052,-6.5109916,0.0068800338,-4.9791317
B_RL_test_00056,severe_stress,MyopicEconomic,1,23,early,0.5035782277571821,0.36165326586457647,2805.064307796412,7756.225568959157,2150.277309475043,0.30578845198468124,0,667.7641115927946,1,0.0,1,0,low,0.491521608931922,0.7981409760756403,0.40301955099779874,0.725467639639309,156,7,Imitation_128x128,101,0,0,0.023324827,0.0,0.0,True,-0.2,True,0.99679714,-0.0032081604,0.002696934,-5.91564,1.3831878e-05,-11.188535,0.0003749698,-7.888665,0.00011710467,-9.052443
B_RL_test_00057,severe_stress,PPO,5,19,early,0.909841616476469,1.4153390976028188,4749.889655171302,3356.0082267325633,3261.7861913498973,0.06668605580810198,0,714.5335659902294,2,1.6,2,2,high,0.29734423011214695,1.2126248846903505,0.3002933541740706,0.833479734810448,157,6,Imitation_128x128,101,0,1,0.29679137,11.318199145885046,11.318199145885046,False,-0.2,False,0.9212467,-0.082027435,0.07386403,-2.6055293,0.00035494246,-7.943555,0.00045705965,-7.6906967,0.004077249,-5.5023327
B_RL_test_00058,severe_stress,ObservationPlanner,5,19,early,0.04835967530168532,0.26907861031756075,859.117241974016,3192.8113533814685,2912.9931262002365,0.540473495081097,0,797.0411241109779,2,1.6,0,0,low,2.782688012161225,0.6915874271637731,0.4819950280080346,0.698112208087694,158,24,Imitation_128x128,101,4,0,0.98233134,2.683360583021738,2.683360583021738,False,0.2,False,0.12108257,-2.1112826,0.3143099,-1.1573758,0.00042877844,-7.75457,0.0067684404,-4.9954844,0.55741024,-0.5844538
B_RL_test_00059,severe_stress,MyopicEconomic,9,15,middle,0.7111854071180429,0.14119385208636528,2117.9077812954793,15000.0,1820.7155674506828,0.2505661397389287,0,726.7811467964113,2,1.6,2,0,low,0.971453190840694,1.533171519635366,0.4781722323867211,0.6056363128937179,159,24,Imitation_128x128,101,0,0,0.43931603,0.0,0.0,True,-0.2,True,0.87154937,-0.13748264,0.110512316,-2.2026281,0.0003103794,-8.077715,0.000530786,-7.5411515,0.017097175,-4.068842
B_RL_test_00060,severe_stress,PPO,3,21,early,0.8255024590965289,0.8644525884552394,1439.0777459067222,1664.7272101739288,1549.1050055627006,0.2061728985927113,0,625.262744109826,1,0.0,2,1,low,0.4676162543727831,0.8860136480030804,0.311185290065238,0.9046832844889655,160,4,Imitation_128x128,101,0,0,0.11154319,0.0,0.0,True,-0.2,True,0.9800102,-0.020192146,0.015097415,-4.1932316,2.1975084e-05,-10.725601,0.004004316,-5.5203824,0.00086599524,-7.051631
B_RL_test_00061,severe_stress,ObservationPlanner,3,21,early,0.9328907340488062,1.2249999999999999,6703.528982123979,5472.268556835902,6488.154144764619,0.02,2,559.1334385848705,1,0.0,2,2,high,-0.6019120795535214,1.250066022412253,0.32570285665920384,0.6690632347612712,161,4,Imitation_128x128,101,0,0,0.47019172,0.0,0.0,True,-0.2,True,0.8682056,-0.14132667,0.10315727,-2.2715006,0.025609862,-3.6647778,0.0008083984,-7.1204557,0.002218814,-6.1107826
B_RL_test_00062,severe_stress,MyopicEconomic,8,16,middle,0.9487828627568947,0.2782140346366669,4173.2105195500035,15000.0,4276.697932838302,0.11480102279632093,0,619.752387353713,2,1.6,2,0,high,-0.5197297972949666,1.0463883656689934,0.3776908173523991,0.815325111799893,162,13,Imitation_128x128,101,0,0,0.068415254,0.0,0.0,True,-0.2,True,0.987793,-0.012281895,0.011701316,-4.448054,0.00012953569,-8.951553,3.1963726e-05,-10.350908,0.000344208,-7.974264
B_RL_test_00063,severe_stress,PPO,1,23,early,0.791088375339115,0.2913549668642458,2032.3377743425297,6975.469806524627,3403.9167794934497,0.25531621104206104,0,570.2152423770772,1,0.0,2,0,high,-1.4160968264962555,1.271300483920626,0.2624403200649598,0.5443897374113016,163,5,Imitation_128x128,101,0,0,0.0100158565,0.0,0.0,True,-0.2,True,0.9987795,-0.00122118,0.0010334385,-6.8748636,2.4446829e-06,-12.921595,0.00015944961,-8.743783,2.5075078e-05,-10.593636
B_RL_test_00064,severe_stress,ObservationPlanner,2,22,early,0.6826351159490309,0.5427171272258478,2780.316275530237,5122.95657544861,4374.566437472475,0.3872400641215184,0,558.572914503709,1,0.0,2,1,high,-0.2311648484074592,0.750470788967369,0.44116609633456183,0.7340685337223977,164,4,Imitation_128x128,101,0,0,0.01995743,0.0,0.0,True,-0.2,True,0.9972288,-0.0027751923,0.002566374,-5.9652615,9.767479e-06,-11.536452,0.00015251641,-8.788239,4.2499876e-05,-10.0660095
B_RL_test_00065,severe_stress,MyopicEconomic,6,18,early,0.6599472970753796,0.22131611208056978,3319.7416812085467,15000.0,2423.8621118241194,0.25542319236921396,0,672.2526521897478,2,1.6,2,0,low,0.9543120520827897,1.2376231953811616,0.4808156757682948,0.8043152589284366,165,24,Imitation_128x128,101,0,0,0.23165113,0.0,0.0,True,-0.2,True,0.94347477,-0.058185577,0.05315132,-2.9346123,0.00032397953,-8.03483,0.000120041754,-9.027671,0.0029298356,-5.832809
B_RL_test_00066,severe_stress,PPO,1,23,early,0.5047986667626899,0.6743000935655893,1820.468055960117,2699.7891196096057,1542.9255502075714,0.3062788872447605,0,699.3341725819399,1,0.0,1,1,low,0.10872647247335987,1.0882603901869417,0.24807577802657751,0.678805264804511,166,5,Imitation_128x128,101,0,0,0.085301325,0.0,0.0,True,-0.2,True,0.9859147,-0.014185429,0.009304917,-4.677212,1.4292801e-05,-11.155754,0.003967195,-5.529696,0.0007988712,-7.132311
B_RL_test_00067,severe_stress,ObservationPlanner,0,24,early,0.19322683130217108,0.5790157421144024,5082.440998150891,8777.725074608934,3890.760815916193,0.4,0,851.5288424890562,1,0.0,0,1,high,1.7860277180715896,1.4976221550110438,0.3431977762345563,0.6947477889754374,167,6,Imitation_128x128,101,0,0,0.011232857,0.0,0.0,True,-0.2,True,0.99853873,-0.0014624596,0.0014181542,-6.558399,3.2410367e-06,-12.639618,2.5050918e-05,-10.5946,1.4874485e-05,-11.115864
B_RL_test_00068,severe_stress,MyopicEconomic,3,21,early,0.4693760380215134,0.4605324635086656,5414.273732894595,11756.551735017301,2978.2013228422875,0.2908618117124857,0,666.9668850637144,1,0.0,1,0,low,0.11732619098720778,0.9121918234253104,0.44108451528192855,0.739356466273892,168,8,Imitation_128x128,101,0,0,0.023552695,0.0,0.0,True,-0.2,True,0.99665904,-0.0033464432,0.0030708655,-5.7857957,0.00018264858,-8.607946,4.0543986e-05,-10.113123,4.6933543e-05,-9.966778
B_RL_test_00069,severe_stress,PPO,1,23,early,0.960812023620709,0.6728979002668548,2168.0837102651412,3222.0099206808827,4198.773867629622,0.2488485489978257,0,483.07543703213923,1,0.0,2,1,high,-1.4919352173107752,1.3055222135338365,0.41763881714870493,0.7592059164002953,169,5,Imitation_128x128,101,0,0,0.013743654,0.0,0.0,True,-0.2,True,0.9981833,-0.0018181801,0.0017069225,-6.373063,1.8740028e-06,-13.187433,9.424813e-05,-9.269579,1.3570973e-05,-11.207577
B_RL_test_00070,severe_stress,ObservationPlanner,9,15,middle,0.21281686594409158,0.9943826913766872,1211.372964191225,1218.2160597688226,1427.3895968193285,0.22774283708102405,0,911.6582113977641,2,1.6,1,1,low,2.389651181165024,1.299545799569939,0.4153647449400546,0.7062253508358912,170,11,Imitation_128x128,101,4,1,1.0303224,82.72933818768631,82.72933818768631,False,0.2,False,0.2784682,-1.2784513,0.14666517,-1.9196029,0.0046158605,-5.378257,0.009336418,-4.6738324,0.5609143,-0.5781871
B_RL_test_00071,severe_stress,MyopicEconomic,2,22,early,0.5740328841145435,0.5951739887626244,7605.021920581621,12777.812982708761,3069.135714804417,0.271378619155672,0,701.5061995753122,1,0.0,1,1,high,0.09105636204004242,1.0313146161355393,0.4853300622396656,0.5238168952882202,171,8,Imitation_128x128,101,0,0,0.007884753,0.0,0.0,True,-0.2,True,0.99902225,-0.000977993,0.0009551491,-6.953643,5.833869e-06,-12.05183,1.0192075e-05,-11.4939,6.578691e-06,-11.931674
B_RL_test_00072,severe_stress,PPO,2,22,early,0.948240488185595,1.2094007530851858,4591.594991371415,3796.5868465504414,1964.8516910922142,0.032479397531851285,3,655.9010008173161,1,0.0,2,2,low,0.386536536410366,0.930225005718882,0.29112376646152666,0.6081968729634402,172,3,Imitation_128x128,101,0,0,0.33708024,0.0,0.0,True,-0.2,True,0.9149921,-0.08883977,0.07314153,-2.6153588,0.006470549,-5.040494,0.0024062898,-6.029669,0.002989577,-5.812623
B_RL_test_00073,severe_stress,ObservationPlanner,0,24,early,0.3919982683599533,0.39116388027494386,3070.9806700840295,7850.879963470754,5150.7503186470285,0.4,0,693.6695826171782,1,0.0,1,0,high,0.45941812709734065,1.1789910139310849,0.28356995023331066,0.6877866114164769,173,7,Imitation_128x128,101,0,0,0.01696237,0.0,0.0,True,-0.2,True,0.9976871,-0.0023155212,0.002188142,-6.1247025,2.4604285e-05,-10.61259,6.147932e-05,-9.69681,3.8704322e-05,-10.159559
B_RL_test_00074,severe_stress,MyopicEconomic,17,7,late,0.22671624846750546,0.1250352829349012,1470.5649696539601,11761.2,3054.5463995179625,0.368099186936185,0,743.4137697409599,2,1.6,1,0,high,1.5965306398868033,0.7644284406291425,0.5561785363345491,0.7034210583296641,174,24,Imitation_128x128,101,4,3,0.71915746,8.018704699779732,8.018704699779732,False,0.2,False,0.014897279,-4.206577,0.27272877,-1.2992775,0.010000313,-4.605139,0.0010601575,-6.8493376,0.70131344,-0.35480046
B_RL_test_00075,severe_stress,PPO,0,24,early,0.7382116592789666,0.44562027441056534,3119.864841394645,7001.17346662779,2564.9616727005878,0.4,0,584.3411001869044,1,0.0,2,0,low,-1.9380212781880286,0.5667805381576572,0.34706457120354495,0.4642840454103798,175,4,Imitation_128x128,101,0,0,0.0063139717,0.0,0.0,True,-0.2,True,0.99926907,-0.00073099136,0.00064184476,-7.351164,5.912736e-07,-14.340986,7.91158e-05,-9.444597,9.467129e-06,-11.567684
B_RL_test_00076,severe_stress,ObservationPlanner,5,19,early,0.9861656369292241,1.1911753786479151,2914.2037272593307,2446.494260624492,1925.3084133675156,0.02,2,551.460830049257,2,1.6,2,2,low,-0.9456056299759363,0.9330307037393054,0.3516778080616225,0.7294508559928045,176,6,Imitation_128x128,101,0,2,1.0304929,3.9271038647229943,3.9271038647229943,False,-0.2,False,0.6331298,-0.45707977,0.12253745,-2.0993385,0.19897313,-1.6145854,0.0087832315,-4.734911,0.036576387,-3.3083522
B_RL_test_00077,severe_stress,MyopicEconomic,7,17,early,0.8133018746959686,0.21092219713511243,3163.8329570266865,15000.0,2650.88745591375,0.02,2,702.6792521180745,2,1.6,2,0,low,0.31858297831781607,0.8479897153648971,0.4532158731317911,0.56086922159226,177,8,Imitation_128x128,101,0,0,0.8044474,0.0,0.0,True,-0.2,True,0.6912509,-0.36925244,0.058502924,-2.8386786,0.24242122,-1.4170785,0.00042308966,-7.767926,0.007401901,-4.9060183
B_RL_test_00078,severe_stress,PPO,0,24,early,0.6781150053141439,0.4063975228559522,3469.876303432505,8538.133498078443,3593.4336285579748,0.4,0,602.921827198942,1,0.0,2,0,high,-0.8075015401694254,1.0321185311846846,0.18971493676975942,0.6519106372702784,178,4,Imitation_128x128,101,0,0,0.0049174526,0.0,0.0,True,-0.2,True,0.99943763,-0.00056266785,0.00052820146,-7.546033,8.5025647e-07,-13.977728,2.8600605e-05,-10.462083,4.745263e-06,-12.258364
B_RL_test_00079,severe_stress,ObservationPlanner,0,24,early,0.6107559122745796,0.35881894687930105,1990.6102300783075,5547.673129835883,2877.475817049848,0.4,0,606.0929451374526,1,0.0,2,0,low,-0.2263729641847368,0.7787968829600019,0.42086284106403515,0.720814474587929,179,1,Imitation_128x128,101,0,0,0.009677114,0.0,0.0,True,-0.2,True,0.99885404,-0.0011467934,0.0008312352,-7.092598,9.0398186e-07,-13.916456,0.00028659555,-8.157438,2.7159782e-05,-10.513774
B_RL_test_00080,severe_stress,MyopicEconomic,0,24,early,0.7354091066480801,0.5930537031491864,2010.1037233788988,3389.4126496555145,1826.9041858791115,0.4,0,595.0018162256957,1,0.0,2,1,low,-1.0123921144009338,1.1258003834783963,0.39749000470481033,0.5241669124696455,180,2,Imitation_128x128,101,0,0,0.013295617,0.0,0.0,True,-0.2,True,0.99835545,-0.0016460419,0.001158229,-6.7608633,4.6968432e-07,-14.571205,0.00045751475,-7.6897016,2.832982e-05,-10.471596
B_RL_test_00081,severe_stress,PPO,7,17,early,0.8637487281169084,1.1574111765469668,607.5133096616789,524.8897902248887,1080.4656295288282,0.13589993967529646,0,646.2908866331807,2,1.6,2,2,low,0.4670964360920484,1.0318299041662726,0.39611149708091536,0.7766966329528985,181,15,Imitation_128x128,101,0,0,0.4505105,0.0,0.0,True,-0.04741908,True,0.8856838,-0.12139535,0.07109136,-2.6437895,0.00051744335,-7.5666103,0.005526901,-5.1981277,0.037180535,-3.29197
B_RL_test_00082,severe_stress,ObservationPlanner,2,22,early,0.9544134655698913,1.0,500.00000000000006,500.00000000000006,1244.384148533584,0.02,1,491.3351177864671,1,0.0,2,1,low,-1.8132668856006082,0.8977841514156312,0.379017546862315,0.6711371551218738,182,5,Imitation_128x128,101,0,2,0.547024,-29.274250616486597,0.0,False,-0.0,True,0.8572996,-0.15396786,0.09713685,-2.3316345,0.02182666,-3.824623,0.010387016,-4.5671988,0.013349906,-4.316246
B_RL_test_00083,severe_stress,MyopicEconomic,1,23,early,0.44889426720552517,0.2508102518258211,1744.1830852366552,6954.193748220184,2849.055309425812,0.370098954312864,0,662.4626308330324,1,0.0,1,0,low,-0.19318881647829222,1.1007255421738986,0.39873602801111796,0.6182139355952364,183,5,Imitation_128x128,101,0,0,0.028459292,0.0,0.0,True,-0.2,True,0.99616015,-0.0038471222,0.0023977016,-6.0332446,1.146273e-05,-11.37641,0.001182048,-6.7405066,0.00024856153,-8.29982
B_RL_test_00084,severe_stress,PPO,0,24,early,0.906174739606605,0.4075748690648555,1513.3767327880428,3713.12572892522,2389.231910536744,0.4,0,427.4413147982198,1,0.0,2,0,low,-2.719303493644447,0.9141938919096755,0.4493131263051819,0.7602119282809829,184,2,Imitation_128x128,101,0,0,0.008706226,0.0,0.0,True,-0.2,True,0.9989895,-0.0010108948,0.0006380388,-7.3571115,3.5166084e-07,-14.860599,0.00035817825,-7.9344797,1.3860146e-05,-11.186493
B_RL_test_00085,severe_stress,ObservationPlanner,2,22,early,0.7156070245290534,0.7720575387076455,3853.2593203739866,4990.896568180649,3266.1664997181333,0.2422690917029213,0,662.0574850946882,1,0.0,2,1,high,-0.732507953119708,1.414482734313204,0.324414951475154,0.5343499923124448,185,5,Imitation_128x128,101,0,0,0.04054436,0.0,0.0,True,-0.2,True,0.99351305,-0.0065078735,0.0062034694,-5.0826464,1.6796897e-05,-10.994316,0.00017857533,-8.6305,8.8124514e-05,-9.33676
B_RL_test_00086,severe_stress,MyopicEconomic,1,23,early,0.8920782681027297,0.3920585714152794,3395.6772059953346,8661.147730394952,4318.752576105708,0.02,1,567.6569911013944,1,0.0,2,0,high,-0.5739392325338428,0.8405098617483711,0.2825418813098837,0.6386877709365626,186,8,Imitation_128x128,101,0,0,0.078692496,0.0,0.0,True,-0.2,True,0.98652387,-0.0135679245,0.011222965,-4.4897933,0.0019152041,-6.257931,0.0001888479,-8.574569,0.00014915339,-8.810535
B_RL_test_00087,severe_stress,PPO,3,21,early,0.461061449263551,1.0,7680.0,7680.0,9723.863609157772,0.06976507968158221,0,721.1089281234724,1,0.0,1,1,high,0.6498672710491811,1.088206740370783,0.40818789241107123,0.7330825440302011,187,8,Imitation_128x128,101,0,0,0.4089035,0.0,0.0,True,-0.2,True,0.89193445,-0.11436272,0.08024086,-2.5227225,0.026774822,-3.6202934,0.00010442637,-9.167028,0.00094546314,-6.9638357
B_RL_test_00088,severe_stress,ObservationPlanner,17,7,late,0.07739497711327707,1.0,500.0,500.0,6272.689955570892,0.38472936597363283,0,811.1148786198856,2,1.6,0,1,high,3.2597985744067355,0.9085305102515508,0.4665674267932232,0.8094894424242502,188,24,Imitation_128x128,101,4,2,1.0519365,6.009713793044114,6.009713793044114,False,0.2,False,0.03455431,-3.3652232,0.10466088,-2.25703,0.29836884,-1.209425,0.0022916642,-6.078477,0.5601243,-0.57959676
B_RL_test_00089,severe_stress,MyopicEconomic,16,8,late,0.7229369882006237,0.14861354874064336,2229.20323110965,14999.999999999998,2735.064122068475,0.2363326258881103,0,707.7435596413802,2,1.6,2,0,low,1.7888009368239013,0.6988729541935131,0.3328235380263363,0.8188913977778863,189,24,Imitation_128x128,101,0,0,0.8604628,0.0,0.0,True,-0.2,True,0.6511458,-0.4290216,0.2606179,-1.3446997,0.0022569988,-6.093719,0.0011115754,-6.8019767,0.08486769,-2.4666617
B_RL_test_00090,severe_stress,PPO,3,21,early,0.5244930043330686,1.0,4481.333392854215,4481.333392854215,3797.9454635062593,0.2976828633712957,0,683.097292396233,1,0.0,1,1,high,0.043613096896889136,1.037068499561815,0.565620493324281,0.7959980754214587,190,6,Imitation_128x128,101,0,0,0.15197526,0.0,0.0,True,-0.2,True,0.96712005,-0.033432722,0.03146065,-3.4590178,0.00038889612,-7.8521986,0.00037977035,-7.875944,0.00065064087,-7.337553
B_RL_test_00091,severe_stress,ObservationPlanner,12,12,middle,0.1314375777650269,0.09160768946575051,703.1913595104816,7676.117186356771,1410.425767369461,0.4364607552809321,0,901.4144503999852,2,1.6,0,0,low,2.3382845918220068,0.6741896711819185,0.5199109965055012,0.712837240683555,191,24,Imitation_128x128,101,4,4,0.42805916,0.0,0.0,True,0.2,True,0.011085782,-4.502092,0.10529318,-2.2510066,0.00027370852,-8.203447,0.0047045806,-5.3592186,0.87864274,-0.12937689
B_RL_test_00092,severe_stress,MyopicEconomic,1,23,early,0.5499265600721283,0.39625834560462464,2335.970820093433,5895.070339853986,2255.5974127143027,0.4565248883135144,0,582.2224444759813,1,0.0,1,0,low,-0.5862659646754461,1.1181404121059324,0.6389081097596125,0.889545304488342,192,15,Imitation_128x128,101,0,0,0.014318084,0.0,0.0,True,-0.2,True,0.99822634,-0.0017752647,0.0011970161,-6.7279234,1.7679349e-06,-13.245699,0.00052033836,-7.5610313,5.4475266e-05,-9.817764
B_RL_test_00093,severe_stress,PPO,10,14,middle,0.18774314801565403,1.0,1610.612736000001,1610.612736000001,7664.366127220601,0.21580289813715575,0,876.1027641372767,2,1.6,0,1,high,3.0629373987984785,0.9114223715622548,0.4060270931795948,0.7879782542358003,193,24,Imitation_128x128,101,2,0,1.3876371,100.27038797947864,100.27038797947864,False,0.0,False,0.23005342,-1.4694438,0.20287414,-1.5951695,0.29669276,-1.2150582,0.0020052742,-6.2119746,0.26837444,-1.3153721
B_RL_test_00094,severe_stress,ObservationPlanner,0,24,early,0.9134142587402432,0.6704764770377748,335.2382385188874,500.0,1436.6262834547883,0.4,0,442.07399217630456,1,0.0,2,1,low,-1.3976582755334301,0.7487520285556225,0.4855545079422672,0.6876819511748817,194,5,Imitation_128x128,101,0,2,0.03662794,-171.31036415083236,0.0,False,0.0,True,0.9947679,-0.0052456856,0.002026773,-6.20131,1.2024815e-06,-13.631123,0.003110853,-5.772858,9.334308e-05,-9.279229
B_RL_test_00095,severe_stress,MyopicEconomic,1,23,early,0.38207848776653847,0.37966025159672456,2239.0167184562933,5897.421995164716,3385.2681834928144,0.5235643202147016,0,594.6158875921458,1,0.0,1,0,high,-0.2563260662755433,0.9887072235021326,0.5326297737522329,0.6408928626998098,195,5,Imitation_128x128,101,0,0,0.014932461,0.0,0.0,True,-0.2,True,0.9981281,-0.0018734932,0.0013964317,-6.573835,1.6124568e-05,-11.035166,0.0004012244,-7.8209896,5.8098376e-05,-9.753372
B_RL_test_00096,severe_stress,PPO,7,17,early,0.5173000165120831,1.0178676466583578,1341.141251347273,1317.5988604709237,3361.2853566205335,0.19868212231416982,0,732.0243629244239,2,1.6,1,2,high,0.63121929203782,0.9721972196766725,0.445765228928636,0.7938713156995721,196,12,Imitation_128x128,101,0,1,0.7721164,8.870301368558557,8.870301368558557,False,-0.2,False,0.7526449,-0.2841618,0.12970331,-2.0425057,0.0064805425,-5.0389514,0.0037692315,-5.580884,0.10740207,-2.231176
B_RL_test_00097,severe_stress,ObservationPlanner,2,22,early,0.5668801786211263,0.608260194430912,721.5002730079889,1186.1704573369695,1672.7002940307505,0.41289897448631335,0,571.3184386201295,1,0.0,1,1,low,-0.6422699443344645,0.5751794844401634,0.5138524784076035,0.5242284254912288,197,9,Imitation_128x128,101,0,0,0.12803519,0.0,0.0,True,-0.2,True,0.9769006,-0.023370266,0.0068345633,-4.9857626,4.2933414e-05,-10.0558605,0.015190126,-4.1871095,0.0010317465,-6.876502
B_RL_test_00098,severe_stress,MyopicEconomic,3,21,early,0.24065976927050703,0.49491688522671456,4775.830233659442,9649.76216455355,3235.053675493276,0.3000075878322623,0,758.1077622426095,1,0.0,1,0,high,0.9088657953933286,1.3248086092922042,0.36488819247598553,0.5828741555508058,198,11,Imitation_128x128,101,0,0,0.12631336,0.0,0.0,True,-0.2,True,0.97510594,-0.025209188,0.022589495,-3.7902703,0.0012965676,-6.648035,0.00022604487,-8.394777,0.0007820075,-7.1536465
B_RL_test_00099,severe_stress,PPO,1,23,early,0.6935374321243797,0.8015197217681155,3446.4035370911242,4299.836227970183,2308.449944443907,0.3122362038919836,0,638.8794272401572,1,0.0,2,1,low,-0.26689171429934844,0.6907053720958345,0.34363800188548893,0.47058435393170817,199,6,Imitation_128x128,101,0,0,0.02001886,0.0,0.0,True,-0.2,True,0.99721104,-0.0027928352,0.00258702,-5.9572487,2.2203799e-06,-13.017832,0.00016495316,-8.709849,3.4737222e-05,-10.267698
B_RL_test_00000,baseline,PPO,16,8,late,0.2379555790490246,1.0,500.0,500.0,5985.089705294903,0.23118783353356365,0,730.9437736673831,1,0.0,1,1,high,0.7766626320299265,1.1540687281369808,0.34471001732411144,0.8095158963876717,0,24,Imitation_128x128,202,2,2,1.183943,0.0,0.0,True,0.0,True,0.07948111,-2.5322359,0.15179144,-1.8852477,0.5709607,-0.5604348,0.016184332,-4.1237116,0.18158236,-1.7060459
B_RL_test_00001,baseline,ObservationPlanner,12,12,middle,0.06837194242154448,1.0,500.0,500.0,2007.3304872982224,0.2888737980221177,0,830.2815138817816,1,0.0,0,1,low,1.6613225481260747,0.841180276874062,0.2960832412250551,0.6198577850919593,1,24,Imitation_128x128,202,4,3,1.3059263,3.6115330164159616,3.6115330164159616,False,0.2,False,0.041770395,-3.1755674,0.09560893,-2.347489,0.22207819,-1.5047257,0.13461934,-2.005304,0.50592315,-0.6813705
B_RL_test_00002,baseline,MyopicEconomic,13,11,middle,0.10210201177067327,0.11217209360571379,1075.2796781170684,9585.982070520044,2437.259079929716,0.45502879908228483,0,690.9761593017319,1,0.0,0,0,low,0.4546918678629157,0.8585965558808485,0.47150063272009635,0.832595564470931,2,24,Imitation_128x128,202,4,4,0.97130436,0.0,0.0,True,0.2,True,0.011919519,-4.429578,0.034134246,-3.377454,0.11527422,-2.1604414,0.15855081,-1.84168,0.6801212,-0.38548422
B_RL_test_00003,baseline,PPO,2,22,early,0.054717952272838925,0.5403214730936744,3796.953775699434,7027.212436995197,7228.707337667853,0.5379484931676871,0,748.6695090541555,1,0.0,0,1,high,1.033632078382112,1.2276235612338229,0.47864155202413344,0.8531424835747992,3,8,Imitation_128x128,202,0,0,0.081735454,0.0,0.0,True,-0.2,True,0.9855317,-0.014574051,0.012739996,-4.363009,0.0015099945,-6.4956493,7.2875766e-05,-9.526754,0.00014541618,-8.835911
B_RL_test_00004,baseline,ObservationPlanner,3,21,early,0.5968721123186518,0.9999999999999999,3651.982730983609,3651.9827309836096,3627.0039340218054,0.3087336184147029,0,638.3216473516175,1,0.0,1,1,high,0.4602511534154351,1.0830413162393473,0.45980112852588634,0.7412130218716163,4,24,Imitation_128x128,202,0,0,0.07061476,0.0,0.0,True,-0.2,True,0.98717475,-0.012908459,0.012458278,-4.3853703,3.059151e-05,-10.394789,0.00019437147,-8.54574,0.00014207426,-8.859161
B_RL_test_00005,baseline,MyopicEconomic,1,23,early,0.4979048576250192,0.3364270541945389,1502.9110351080908,4467.271631011675,1721.8301202996743,0.4036472237693899,0,633.9837050213686,1,0.0,1,0,low,-0.04444196082094837,1.1818582927166443,0.48676356778721747,0.6668066982541053,5,18,Imitation_128x128,202,0,0,0.029851299,0.0,0.0,True,-0.2,True,0.99587566,-0.0041327477,0.0013334538,-6.6199827,1.0353461e-06,-13.780775,0.0026731868,-5.924484,0.00011667662,-9.056104
B_RL_test_00006,baseline,PPO,13,11,middle,0.05475255465070265,1.0,602.6021772084498,602.6021772084498,5078.781453664926,0.36775751012369107,0,715.3175253995527,1,0.0,0,1,high,0.9316380738118776,0.6386269675984682,0.5197144407917117,0.5755142980102315,6,24,Imitation_128x128,202,2,0,0.62804216,1.1224271131677739,1.1224271131677739,False,0.0,False,0.015019726,-4.1983905,0.061745226,-2.7847385,0.8333668,-0.18228126,0.007006297,-4.960946,0.08286189,-2.4905798
B_RL_test_00007,baseline,ObservationPlanner,1,23,early,0.7906424101315642,0.7179192941709722,8615.031530051667,12000.0,6070.414391389817,0.2917653700524575,0,557.1473599055465,1,0.0,2,1,high,-1.7014713346367327,1.0009109290001965,0.4410433472212441,0.6888284147284123,7,5,Imitation_128x128,202,0,0,0.005317484,0.0,0.0,True,-0.2,True,0.99937135,-0.0006289482,0.00062023767,-7.385408,3.5524877e-06,-12.547863,3.6204337e-06,-12.528917,1.3532494e-06,-13.513002
B_RL_test_00008,baseline,MyopicEconomic,23,1,late,0.3562722482467574,0.3167653090738204,4751.479636107306,15000.0,4969.615697772818,0.266977695303081,0,616.3304101583744,1,0.0,1,0,high,-0.39024726220835865,0.9356708536559166,0.4388010593340236,0.8167731441495508,8,24,Imitation_128x128,202,2,1,0.52867365,34.28708449154385,34.28708449154385,False,0.0,False,0.08551558,-2.4590566,0.047346026,-3.0502722,0.8583591,-0.15273261,0.00029625007,-8.124307,0.008483047,-4.7696857
B_RL_test_00009,baseline,PPO,6,18,early,0.7033396566006782,1.0,2387.8285674671947,2387.8285674671947,3251.035828942063,0.27809642607519547,0,572.0517507533034,1,0.0,2,1,high,-0.11325674064309288,0.5753649050646394,0.44374303847723623,0.8737371263430239,9,7,Imitation_128x128,202,0,0,0.28122988,0.0,0.0,True,-0.2,True,0.9284576,-0.07423043,0.066380024,-2.712359,0.0006670406,-7.3126593,0.0020066802,-6.2112737,0.0024886047,-5.9960327
B_RL_test_00010,baseline,ObservationPlanner,0,24,early,0.5818128660363321,0.41951200414734585,1009.1047478201779,2405.425203198115,1701.555300007723,0.4,0,588.9865506153408,1,0.0,1,0,low,-0.4838409806239353,0.8413063321790891,0.4391246703190555,0.6872603844075084,10,4,Imitation_128x128,202,0,0,0.021858092,0.0,0.0,True,-0.2,True,0.9970983,-0.0029058456,0.00089268223,-7.02128,7.7075936e-07,-14.07589,0.0019649556,-6.2322855,4.3393193e-05,-10.045208
B_RL_test_00011,baseline,MyopicEconomic,2,22,early,0.37210149521443003,0.5939540529908843,4663.409728891948,7851.465454960907,3018.192616841782,0.3204942918365675,0,671.5810896528725,1,0.0,1,1,high,0.6701751736113165,1.1556843223065958,0.3527015341276848,0.6125902414428819,11,15,Imitation_128x128,202,0,0,0.045129407,0.0,0.0,True,-0.2,True,0.9927489,-0.0072774887,0.0067982357,-4.991092,0.0001980132,-8.527177,0.0001206749,-9.02241,0.0001342303,-8.915954
B_RL_test_00012,baseline,PPO,21,3,late,0.030994854075521758,1.0,500.0,500.0,1700.7150011455492,0.5600166912975704,0,727.7627978170854,1,0.0,0,1,low,0.9772288051966393,0.9509734753112715,0.46436674060322847,0.7302773060708184,12,24,Imitation_128x128,202,4,4,0.9303365,0.0,0.0,True,0.2,True,0.0008633599,-7.0546784,0.008399229,-4.7796154,0.15094383,-1.8908472,0.19247606,-1.6477833,0.64731747,-0.43491817
B_RL_test_00013,baseline,ObservationPlanner,0,24,early,0.7414863323513986,0.05153996531154906,233.57152728401954,4531.85262877313,2645.317637165965,0.4,0,486.97141271942724,1,0.0,2,0,low,-1.736257804977541,1.0740468656905695,0.3667052714676963,0.6175553539035563,13,3,Imitation_128x128,202,0,0,0.037320923,0.0,0.0,True,-0.2,True,0.99410003,-0.005917549,0.00021802259,-8.430912,1.6993879e-07,-15.587828,0.0056455517,-5.1768875,3.6300313e-05,-10.223684
B_RL_test_00014,baseline,MyopicEconomic,1,23,early,0.5271408732435738,0.7017806288528439,6543.9437847632835,9324.771183069348,3885.4089210235634,0.42337198126547393,0,675.8104456583286,1,0.0,1,1,high,-0.6684220948261075,1.1138218846795502,0.3991183392656671,0.6578988792549979,14,2,Imitation_128x128,202,0,0,0.0037481901,0.0,0.0,True,-0.2,True,0.9995765,-0.0004234314,0.00041756756,-7.781064,2.6683355e-07,-15.136641,4.4897342e-06,-12.313717,1.2106125e-06,-13.624384
B_RL_test_00015,baseline,PPO,0,24,early,0.8827892318835304,0.7750439435362315,7010.115307667944,9044.797222314191,5056.69050475539,0.4,0,530.7452935881225,1,0.0,2,1,high,-1.857567923464245,1.5996820862393486,0.20504247408141998,0.6309168474085493,15,1,Imitation_128x128,202,0,0,0.0024025487,0.0,0.0,True,-0.2,True,0.99974245,-0.00025749207,0.00025441477,-8.276545,7.4671895e-08,-16.410162,2.4708415e-06,-12.910952,4.313198e-07,-14.656416
B_RL_test_00016,baseline,ObservationPlanner,1,23,early,0.7575848522418619,0.7648472559966231,9178.167071959477,12000.0,6023.664357898624,0.27747791859413073,0,593.4475459693606,1,0.0,2,1,high,-0.4401584506355456,1.0497642801219806,0.40754786971653073,0.5611451094235479,16,3,Imitation_128x128,202,0,0,0.007799764,0.0,0.0,True,-0.2,True,0.9990269,-0.0009737015,0.0009608074,-6.9477367,6.000452e-06,-12.023676,3.9911365e-06,-12.431435,2.2958372e-06,-12.984413
B_RL_test_00017,baseline,MyopicEconomic,11,13,middle,0.5162938840900015,0.37042864239233037,5556.429635884955,14999.999999999998,4958.497682325035,0.23577242148980457,0,698.095833451383,1,0.0,1,0,high,1.1733858159969814,0.7571982460402745,0.28812725488404634,0.8037034744292322,17,24,Imitation_128x128,202,0,0,0.22196071,0.0,0.0,True,-0.2,True,0.95354575,-0.047567844,0.030935045,-3.4758656,0.014397273,-4.2407165,0.00012895763,-8.956026,0.0009930788,-6.9147005
B_RL_test_00018,baseline,PPO,11,13,middle,0.44546002368694276,1.0801788188977697,712.5405351230945,659.6505343903904,4599.457693830454,0.1925300329586777,0,678.6047451687893,1,0.0,1,2,high,0.783350719956263,0.519994892666678,0.3439098168059432,0.6750775086741557,18,15,Imitation_128x128,202,1,1,1.395614,0.0,0.0,True,-0.1,True,0.32683435,-1.1183016,0.33250192,-1.1011095,0.16118985,-1.8251723,0.019416897,-3.9416115,0.16005698,-1.8322253
B_RL_test_00019,baseline,ObservationPlanner,14,10,middle,0.43628357786420313,1.0,986.8792762181879,986.8792762181879,2549.5416782191555,0.15752058515941827,0,614.2332567570838,1,0.0,1,1,low,0.008801761928701954,1.281540519190883,0.5907284257417467,0.640373467956049,19,16,Imitation_128x128,202,2,0,1.4845394,42.19368540547913,42.19368540547913,False,0.0,False,0.2289473,-1.4742634,0.15759286,-1.8477404,0.33231556,-1.1016703,0.050902057,-2.9778519,0.23024216,-1.4686236
B_RL_test_00020,baseline,MyopicEconomic,6,18,early,0.9904872805090876,1.0,10354.41707224261,10354.41707224261,5657.078470578648,0.02,2,490.4954424610693,1,0.0,2,1,high,-1.4821096191035665,1.036690732347569,0.2978889158652708,0.5594487500561349,20,9,Imitation_128x128,202,0,0,0.22177802,0.0,0.0,True,-0.2,True,0.9516066,-0.0496037,0.03816956,-3.265717,0.00950114,-4.6563435,0.00023728247,-8.346259,0.0004852464,-7.630854
B_RL_test_00021,baseline,PPO,2,22,early,0.99134664354728,1.2249999999999999,1933.011399525078,1577.9684894082272,2850.588671250648,0.02,3,405.7868496895012,1,0.0,2,2,low,-2.4253689918491133,0.8437459054517884,0.339367546935539,0.6145889537406355,21,3,Imitation_128x128,202,0,0,0.4329446,0.0,0.0,True,-0.2,True,0.89059937,-0.1158607,0.07619229,-2.574495,0.02670106,-3.6230521,0.0021105306,-6.160816,0.004396719,-5.426897
B_RL_test_00022,baseline,ObservationPlanner,7,17,early,0.17169114823543966,1.0,1306.4095068443337,1306.4095068443337,3277.468032966299,0.36792693239861396,0,673.2894883247873,1,0.0,0,1,high,0.5250911873728785,1.0225740464416466,0.5763159361893628,0.6742307684177278,22,22,Imitation_128x128,202,0,1,1.2943118,11.375790228516536,11.375790228516536,False,-0.2,False,0.42848682,-0.84749526,0.33333606,-1.0986041,0.11134939,-2.1950824,0.02209341,-3.812476,0.10473443,-2.2563274
B_RL_test_00023,baseline,MyopicEconomic,4,20,early,0.9678035069402425,1.0,12000.0,12000.0,5891.699067860228,0.032024988808005285,2,563.8674519452862,1,0.0,2,1,high,0.24134772804040389,1.3810949496954836,0.24254573603279125,0.7506369767835125,23,5,Imitation_128x128,202,0,0,0.08725704,0.0,0.0,True,-0.2,True,0.9843982,-0.015724659,0.013524134,-4.3032794,0.0018940952,-6.269014,8.7877575e-05,-9.339565,9.559183e-05,-9.255423
B_RL_test_00024,baseline,PPO,2,22,early,0.8642852064172054,0.6675057313785617,2305.939145833296,3454.5608186329287,2026.5878802852524,0.06325948422561593,0,590.1525426782189,1,0.0,2,1,low,-2.0101277777033815,1.478343626097419,0.4308653496981941,0.530824615742716,24,3,Imitation_128x128,202,0,0,0.057081323,0.0,0.0,True,-0.2,True,0.9907637,-0.009279251,0.00795085,-4.8344765,5.6872308e-05,-9.774702,0.0009485537,-6.9605722,0.0002800827,-8.180426
B_RL_test_00025,baseline,ObservationPlanner,1,23,early,0.9230822556998987,0.7019633566330249,2407.255806884243,3429.3183314164326,2132.473316032242,0.02,1,572.8295723806025,1,0.0,2,1,low,-1.0508383580584602,0.7887385917443512,0.307348428917548,0.5336745085892886,25,4,Imitation_128x128,202,0,0,0.11364242,0.0,0.0,True,-0.2,True,0.97869146,-0.021538973,0.018752752,-3.976415,0.0010627795,-6.8468676,0.0009039627,-7.0087223,0.0005891416,-7.436844
B_RL_test_00026,baseline,MyopicEconomic,7,17,early,0.9365901282485903,0.8443705650804314,12665.558476206472,15000.0,6448.501935164566,0.02,1,585.5290430706376,1,0.0,2,1,high,-0.8487921202430904,0.9644137800497737,0.41649155616272776,0.8018488833642444,26,13,Imitation_128x128,202,0,0,0.11343614,0.0,0.0,True,-0.2,True,0.97908187,-0.021140099,0.016374284,-4.1120434,0.00435882,-5.435554,7.28958e-05,-9.52648,0.00011207129,-9.096375
B_RL_test_00027,baseline,PPO,11,13,middle,0.3252033535477799,1.0,609.6849856969869,609.6849856969869,3296.621660629314,0.3299546280846452,0,567.02653296758,1,0.0,1,1,high,-0.4425082286603216,0.8392601629979316,0.5331463867747503,0.7045610005896411,27,24,Imitation_128x128,202,0,0,1.4852082,0.0,0.0,True,-0.17990436,True,0.3001346,-1.2035244,0.2588701,-1.351429,0.22582278,-1.4880049,0.042943195,-3.1478772,0.17222936,-1.7589283
B_RL_test_00028,baseline,ObservationPlanner,3,21,early,0.9893089746322069,1.0,2404.765648729171,2404.765648729171,2121.9774031476454,0.02,3,432.8680540537394,1,0.0,2,1,low,-2.0485506467438626,0.6815482883078391,0.3819575070249458,0.8591634595862108,28,4,Imitation_128x128,202,0,0,0.2777022,0.0,0.0,True,-0.2,True,0.94204634,-0.059700727,0.033519752,-3.3956203,0.01885299,-3.9710836,0.0024161814,-6.025567,0.0031647603,-5.755678
B_RL_test_00029,baseline,MyopicEconomic,23,1,late,0.9018311721921631,0.5956190380587226,8934.28557088084,15000.0,1928.8363003603918,0.05497909600922661,0,696.4720478215925,1,0.0,2,1,low,1.4081782222310821,1.1454430642322595,0.1524521085135705,0.686066795455444,29,24,Imitation_128x128,202,0,1,0.6685397,9.62374282235669,9.62374282235669,False,-0.2,False,0.7658335,-0.2667904,0.20070022,-1.6059427,0.016605187,-4.09804,0.001483174,-6.513571,0.015377923,-4.1748223
B_RL_test_00030,baseline,PPO,18,6,late,0.17458352387309314,1.0,500.0,500.0,4154.559915174503,0.2914746552731627,0,680.746830732853,1,0.0,0,1,high,0.36049063728598935,0.6978249320066493,0.4584913795995479,0.7048195239783651,30,24,Imitation_128x128,202,2,2,1.0257834,0.0,0.0,True,0.0,True,0.03268366,-3.4208798,0.06750897,-2.6954947,0.6467292,-0.4358275,0.035383034,-3.3415227,0.2176951,-1.5246596
B_RL_test_00031,baseline,ObservationPlanner,23,1,late,0.3881165845248731,1.0,600.0,600.0,1384.7393957328795,0.35565533850095415,0,628.2226086563135,1,0.0,1,1,low,-0.4494291645959675,1.2133114246152,0.5382540007993669,0.5509989301790695,31,24,Imitation_128x128,202,3,0,1.0789999,34.877724604324385,34.877724604324385,False,0.1,False,0.05075765,-2.980693,0.03489652,-3.3553684,0.030697627,-3.48357,0.53100085,-0.6329918,0.35264736,-1.0422868
B_RL_test_00032,baseline,MyopicEconomic,14,10,middle,0.11861461159707183,0.39623458995451744,5943.518849317761,14999.999999999998,6538.028638524567,0.4823572270107184,0,663.1472569094424,1,0.0,0,0,high,0.07233569176205216,1.0330987645795806,0.5532516681278125,0.8240805632894571,32,24,Imitation_128x128,202,0,0,1.05391,0.0,0.0,True,-0.2,True,0.4668915,-0.76165843,0.1801296,-1.7140787,0.34910694,-1.052377,0.00015316447,-8.7839985,0.0037188244,-5.5943475
B_RL_test_00033,baseline,PPO,3,21,early,0.8656298298742936,1.2249999999999999,3366.5276172647314,2748.1858100120257,1736.8128697309855,0.02,1,642.2010355136549,1,0.0,2,2,low,-0.569740014719955,0.9772691096688223,0.5020581483713409,0.5604406923181983,33,5,Imitation_128x128,202,0,0,0.69826156,0.0,0.0,True,-0.2,True,0.75847113,-0.27645063,0.20097585,-1.6045706,0.02368091,-3.743086,0.0034810435,-5.6604233,0.013391079,-4.3131666
B_RL_test_00034,baseline,ObservationPlanner,8,16,middle,0.7209933912032997,1.059538316732895,557.355009681004,526.0357279004483,2206.3188351759422,0.15236934661368406,0,559.6977206594408,1,0.0,2,2,low,-0.5568992969228953,1.1557145411930765,0.33555444694239067,0.7880201275407003,34,19,Imitation_128x128,202,0,1,0.8291366,33.23309480033947,0.0,False,-0.04949422,True,0.72900504,-0.31607473,0.18863373,-1.6679482,0.01014174,-4.591096,0.02698402,-3.6125107,0.04523554,-3.0958722
B_RL_test_00035,baseline,MyopicEconomic,2,22,early,0.7124069971554298,0.3601784377622567,2346.3730929921007,6514.4740689360015,2943.277717707141,0.26742186215069164,0,534.1750857694525,1,0.0,2,0,low,-1.6769227877276522,1.0197454526672802,0.36430119712109293,0.39029351173850463,35,4,Imitation_128x128,202,0,0,0.014517577,0.0,0.0,True,-0.2,True,0.99813336,-0.001868248,0.0016019486,-6.4365344,1.380557e-05,-11.190438,0.00021265463,-8.455841,3.8260987e-05,-10.17108
B_RL_test_00036,baseline,PPO,10,14,middle,0.16985238612265544,1.351124932690788,743.3727078413355,550.1879876947398,2712.1614947827516,0.11763269701826078,0,746.4215773999038,1,0.0,0,2,low,0.7987720270045131,0.8271682697862274,0.4029096007715378,0.7093812837974224,36,24,Imitation_128x128,202,2,3,0.9306563,10.061639613274025,10.061639613274025,False,0.0,False,0.048078418,-3.0349221,0.08892231,-2.4199922,0.70855,-0.34453475,0.009960559,-4.6091223,0.1444888,-1.9345534
B_RL_test_00037,baseline,ObservationPlanner,5,19,early,0.8993257552516476,1.2268159216879904,2290.904721091305,1867.358159110963,2854.9562517245977,0.02,1,633.4964033299018,1,0.0,2,2,low,-1.2539493473761563,1.107970464256297,0.20714979550495394,0.5822403131144498,37,7,Imitation_128x128,202,0,2,0.8725233,11.841537744849802,11.841537744849802,False,-0.2,False,0.6661647,-0.4062183,0.2607072,-1.3443574,0.04618186,-3.0751681,0.0044244626,-5.4206066,0.022521714,-3.7932754
B_RL_test_00038,baseline,MyopicEconomic,14,10,middle,0.684448328390616,0.6413451513607958,9620.177270411938,15000.0,4305.019512426003,0.05992413603561583,0,653.8034205228332,1,0.0,2,1,high,0.4441157710907515,0.9390821754564493,0.4005351522638762,0.7348842428889295,38,24,Imitation_128x128,202,0,0,0.59898245,0.0,0.0,True,-0.2,True,0.8232175,-0.19453502,0.10719958,-2.2330632,0.06633815,-2.7129903,0.00025153483,-8.28793,0.0029932281,-5.811403
B_RL_test_00039,baseline,PPO,5,19,early,0.9378959300747195,1.2950503995707228,2458.174595305655,1898.1304481435466,2057.7661936202644,0.031255013014439295,2,545.5440171275179,1,0.0,2,2,low,-0.9910608771563214,1.0687565486503725,0.32931114337766065,0.480487284890949,39,6,Imitation_128x128,202,0,0,0.6694066,0.0,0.0,True,-0.2,True,0.8075548,-0.2137444,0.12114463,-2.1107702,0.051754393,-2.961246,0.004818994,-5.33519,0.014727163,-4.2180614
B_RL_test_00040,baseline,ObservationPlanner,6,18,early,0.03798601396408765,0.8618221026318759,1346.2592029839443,1562.1080021882358,2112.7510526336328,0.542259564850849,0,719.0124875867314,1,0.0,0,1,low,0.3911514500331968,1.2544957364432432,0.6953851683896436,0.6634477604756893,40,24,Imitation_128x128,202,0,0,1.4265709,0.0,0.0,True,-0.2,True,0.32541206,-1.122663,0.28684956,-1.2487974,0.02606879,-3.6470165,0.13734004,-1.9852954,0.2243296,-1.4946389
B_RL_test_00041,baseline,MyopicEconomic,19,5,late,0.016633071844414767,0.1169709276912876,1754.563915369314,15000.0,3437.7353052762714,0.6094754641587934,0,764.7739696208452,1,0.0,0,0,high,1.3455774008055212,0.8534561755749168,0.47756049876243367,0.5444764634918892,41,24,Imitation_128x128,202,2,2,0.40423176,0.0,0.0,True,0.0,True,0.00061822403,-7.3886595,0.027497226,-3.59367,0.89701915,-0.108677864,0.0020245109,-6.202427,0.07284081,-2.6194787
B_RL_test_00042,baseline,PPO,10,14,middle,0.8826765474543761,2.574432043205924,2637.215610419299,1024.3873468631905,3450.7898658345794,0.027796455183778677,2,675.3251678924596,1,0.0,2,2,high,0.22909678781778126,0.879346771579291,0.2553585836990128,0.47150706749456744,42,12,Imitation_128x128,202,1,0,1.2861209,42.212314073346306,42.212314073346306,False,-0.1,False,0.2663002,-1.3231311,0.39697167,-0.9238904,0.25807083,-1.3545213,0.00457462,-5.387232,0.07408267,-2.6025736
B_RL_test_00043,baseline,ObservationPlanner,4,20,early,0.9623949810652032,1.5867197334287197,3929.6597847989556,2476.5935042021633,4452.6622712573635,0.02,3,542.2881919852082,1,0.0,2,2,high,-0.4983394640877816,1.1813366229036073,0.33760433114928884,0.7006270214394502,43,7,Imitation_128x128,202,0,0,0.5711348,0.0,0.0,True,-0.2,True,0.8435086,-0.17018509,0.09100146,-2.3968797,0.056577303,-2.8721473,0.0021243603,-6.1542845,0.0067881574,-4.9925756
B_RL_test_00044,baseline,MyopicEconomic,2,22,early,0.379209978329903,0.47810556982222124,2525.127915294928,5281.527919103455,1429.7605211837863,0.19493247158948834,0,762.0436848092071,1,0.0,1,0,low,0.09031488076551453,1.5566656761988789,0.21693195513352462,0.675601763777255,44,8,Imitation_128x128,202,0,0,0.08679487,0.0,0.0,True,-0.2,True,0.9858109,-0.01429081,0.009350258,-4.6723514,8.5709515e-05,-9.364547,0.0034496232,-5.6694903,0.0013035253,-6.642683
B_RL_test_00045,baseline,PPO,5,19,early,0.8222238740449165,1.2249999999999999,1883.35045135406,1537.4289398808653,3348.3448880232113,0.02,1,577.8049262304501,1,0.0,2,2,high,-0.7434848889073253,0.7769566157120102,0.4900627923832935,0.6806089276604373,45,9,Imitation_128x128,202,0,2,1.1424139,6.070997502499495,6.070997502499495,False,-0.2,False,0.5266247,-0.6412672,0.23269115,-1.4580432,0.2006059,-1.606413,0.0045829513,-5.385412,0.03549532,-3.3383546
B_RL_test_00046,baseline,ObservationPlanner,13,11,middle,0.20288459529389125,0.9999999999999999,776.6788847965151,776.6788847965153,5999.266924562831,0.3460085372071179,0,687.7671178537944,1,0.0,1,1,high,0.04468770119945725,1.1100338854838319,0.466752765563234,0.8465379303694447,46,24,Imitation_128x128,202,2,0,1.2148349,60.698230747747914,60.698230747747914,False,0.0,False,0.111113936,-2.197199,0.21253216,-1.548662,0.541507,-0.61339927,0.011461317,-4.4687777,0.12338557,-2.092441
B_RL_test_00047,baseline,MyopicEconomic,6,18,early,0.6680502290690778,1.0,11664.0,11664.0,5780.583328255228,0.14874161924604068,0,650.2689375648152,1,0.0,2,1,high,0.6794578365423228,1.2605601452914865,0.39418557739057486,0.663345949117258,47,12,Imitation_128x128,202,0,1,0.44450042,22.27562385890087,22.27562385890087,False,-0.2,False,0.88328534,-0.124106884,0.071240135,-2.6416988,0.04424239,-3.1180718,0.00016124379,-8.732594,0.0010709852,-6.839176
B_RL_test_00048,baseline,PPO,3,21,early,0.22787425817632054,1.0,3496.625410377927,3496.625410377927,4282.18936652522,0.2394748583802661,0,739.214628121166,1,0.0,1,1,high,0.8746453651728925,1.2289568893253286,0.34581064897313346,0.5645890100507188,48,11,Imitation_128x128,202,0,0,1.0549468,0.0,0.0,True,-0.2,True,0.5741666,-0.5548357,0.25647014,-1.360743,0.13992123,-1.9666756,0.0024415534,-6.015121,0.027000414,-3.611903
B_RL_test_00049,baseline,ObservationPlanner,10,14,middle,0.3614319639668689,1.0,557.1361346362471,557.1361346362471,1756.1217037408028,0.22041247065985103,0,667.8601291773981,1,0.0,1,1,low,0.2671931472578545,0.946027321721571,0.49805137706200514,0.8348476688154185,49,24,Imitation_128x128,202,0,0,1.4657648,0.0,0.0,True,-0.10255327,True,0.35487813,-1.0359808,0.20946626,-1.5631925,0.056780558,-2.8685613,0.12476394,-2.0813317,0.25411108,-1.3699838
B_RL_test_00050,baseline,MyopicEconomic,1,23,early,0.5640436083834576,0.37198488593015544,2778.8507088085507,7470.332300894378,2832.6429911485493,0.35883944705264603,0,654.4683900435166,1,0.0,1,0,low,-0.44078875144303553,0.8380510296018817,0.3871942516794568,0.6034522769722803,50,24,Imitation_128x128,202,0,0,0.006848416,0.0,0.0,True,-0.2,True,0.99919647,-0.00080394745,0.00071446365,-7.2439785,7.668194e-07,-14.081015,7.721309e-05,-9.468942,1.1195725e-05,-11.399979
B_RL_test_00051,baseline,PPO,0,24,early,0.6279381875877659,0.7097053825658842,5488.279280176071,7733.179732037013,2720.080753335256,0.4,0,652.8067991736757,1,0.0,2,1,low,-1.1207786885627906,1.002766217469849,0.3503577515463789,0.617426829756258,51,4,Imitation_128x128,202,0,0,0.00434945,0.0,0.0,True,-0.2,True,0.99950206,-0.000497818,0.00048540533,-7.630526,2.7011023e-07,-15.124435,1.057421e-05,-11.457092,1.7132588e-06,-13.277113
B_RL_test_00052,baseline,ObservationPlanner,22,2,late,0.39494446361012614,1.0,500.0,500.0,1732.4707144893682,0.2174831580160389,0,607.2925577081427,1,0.0,1,1,low,-0.23877457474671135,0.7227125995562862,0.4726893086707423,0.6581244204937098,52,24,Imitation_128x128,202,4,4,1.361113,0.0,0.0,True,0.2,True,0.064350896,-2.7434046,0.057259776,-2.860157,0.171237,-1.7647069,0.27731562,-1.2825991,0.4298367,-0.8443501
B_RL_test_00053,baseline,MyopicEconomic,6,18,early,0.34426507000356177,0.2436763840649301,2049.447590889828,8410.530215122248,2009.1865947564293,0.47200289460980144,0,584.1029467466066,1,0.0,1,0,low,-0.3870103738071509,1.0471457565478777,0.4977787279614221,0.8372278510245246,53,24,Imitation_128x128,202,0,0,0.12911204,0.0,0.0,True,-0.2,True,0.9778845,-0.022363663,0.009439211,-4.662883,0.00016566346,-8.705552,0.009436862,-4.6631317,0.0030738118,-5.784837
B_RL_test_00054,baseline,PPO,2,22,early,0.8049562963000642,1.0319384677467247,7130.673275385625,6909.979129817411,4895.253327835442,0.15084904971669436,0,600.8959365436986,1,0.0,2,2,high,-1.255506772438249,0.9360305659296442,0.363464744617099,0.5373903131399516,54,7,Imitation_128x128,202,0,0,0.17721799,0.0,0.0,True,-0.2,True,0.9600193,-0.040802002,0.03801698,-3.2697225,0.001404047,-6.5683966,0.0001536383,-8.78091,0.00040605542,-7.809021
B_RL_test_00055,baseline,ObservationPlanner,0,24,early,0.7703021013594434,0.8046723751405875,8386.849268140477,10422.688198628884,3782.175891677592,0.4,0,657.5751534584275,1,0.0,2,1,high,-0.5512478562946606,1.0949289310713148,0.2282812754865429,0.5039575619771754,55,5,Imitation_128x128,202,0,0,0.0017919439,0.0,0.0,True,-0.2,True,0.9998147,-0.00018501282,0.00018280557,-8.607087,3.1386435e-08,-17.27689,2.1608994e-06,-13.044986,3.217982e-07,-14.949341
B_RL_test_00056,baseline,MyopicEconomic,3,21,early,0.5319335139074415,0.2944401741434168,3288.5919463967357,11168.964819301184,2236.5959758467075,0.2618928823547251,0,668.6782541872011,1,0.0,1,0,low,0.491521608931922,0.7981409760756403,0.40301955099779874,0.725467639639309,56,24,Imitation_128x128,202,0,0,0.027146887,0.0,0.0,True,-0.2,True,0.9961443,-0.0038633347,0.0034031777,-5.683046,8.977579e-05,-9.318195,0.0002081843,-8.477087,0.00015461592,-8.774567
B_RL_test_00057,baseline,PPO,6,18,early,0.6835475823280572,1.5415926323287827,4138.878045092562,2684.8065813860508,3494.805096494596,0.1028284327062324,0,711.5596795853463,1,0.0,2,2,high,0.29734423011214695,1.2126248846903505,0.3002933541740706,0.833479734810448,57,11,Imitation_128x128,202,0,1,0.77874166,5.88263050868909,5.88263050868909,False,-0.2,False,0.6605041,-0.414752,0.30633664,-1.1830707,0.010839349,-4.5245724,0.00282028,-5.870919,0.019499715,-3.9373555
B_RL_test_00058,baseline,ObservationPlanner,17,7,late,0.007347530160079491,0.25628247946200927,1319.3906808078113,5148.189152756323,3509.3180928960087,0.6279407830915847,0,813.4735944976718,1,0.0,0,0,high,2.782688012161225,0.6915874271637731,0.4819950280080346,0.698112208087694,58,24,Imitation_128x128,202,4,4,0.77232337,0.0,0.0,True,0.2,True,0.003824595,-5.566303,0.019788356,-3.9226615,0.0044904593,-5.4058003,0.3280702,-1.1145277,0.64382637,-0.4403262
B_RL_test_00059,baseline,MyopicEconomic,11,13,middle,0.3010701088009395,0.209471918594423,3142.0787789163446,14999.999999999998,1760.7293445204466,0.16035656363609666,0,704.3711085217833,1,0.0,1,0,low,0.971453190840694,1.533171519635366,0.4781722323867211,0.6056363128937179,59,24,Imitation_128x128,202,2,0,0.90660095,31.973798988726912,31.973798988726912,False,0.0,False,0.39267498,-0.9347731,0.039303407,-3.236444,0.5483983,-0.6007534,0.0016836202,-6.386809,0.017939605,-4.0207443
B_RL_test_00060,baseline,PPO,0,24,early,0.5068592473650758,0.168176012802745,546.810907443923,3251.4203323709544,1514.974941648108,0.4,0,625.4025588941706,1,0.0,1,0,low,0.4676162543727831,0.8860136480030804,0.311185290065238,0.9046832844889655,60,4,Imitation_128x128,202,0,0,0.11414086,0.0,0.0,True,-0.2,True,0.9768436,-0.023428917,0.00063579244,-7.3606386,2.499528e-07,-15.201994,0.02232057,-3.8022468,0.00019987731,-8.517807
B_RL_test_00061,baseline,ObservationPlanner,1,23,early,0.6723392587564916,0.5264822437685277,4501.6441067295755,8550.419620056096,6653.596928286341,0.3606854027384583,0,595.3492738028834,1,0.0,2,1,high,-0.6019120795535214,1.250066022412253,0.32570285665920384,0.6690632347612712,61,4,Imitation_128x128,202,0,0,0.006216648,0.0,0.0,True,-0.2,True,0.99925,-0.00075006485,0.0007384467,-7.2109613,2.2077948e-06,-13.023517,6.6669054e-06,-11.918355,2.6495559e-06,-12.841118
B_RL_test_00062,baseline,MyopicEconomic,0,24,early,0.6558138612660278,0.22766535990445966,1353.0514007973516,5943.158859850981,3412.923749968226,0.4,1,623.1365100020726,1,0.0,2,0,high,-0.5197297972949666,1.0463883656689934,0.3776908173523991,0.815325111799893,62,24,Imitation_128x128,202,0,0,0.014131129,0.0,0.0,True,-0.2,True,0.998135,-0.0018668175,0.0017365549,-6.355852,7.2940707e-06,-11.828449,0.000103126964,-9.17955,1.8092365e-05,-10.920021
B_RL_test_00063,baseline,PPO,0,24,early,0.6092112298996989,0.14054555952618597,1225.4641336450247,8719.337258155783,3515.256718321031,0.4,0,570.2458398508572,1,0.0,2,0,high,-1.4160968264962555,1.271300483920626,0.2624403200649598,0.5443897374113016,63,5,Imitation_128x128,202,0,0,0.006297013,0.0,0.0,True,-0.2,True,0.9993032,-0.0006971359,0.00045769173,-7.689315,2.8370116e-06,-12.772759,0.00021480382,-8.4457855,2.145212e-05,-10.749687
B_RL_test_00064,baseline,ObservationPlanner,1,23,early,0.7230093447733669,0.4422362425874765,2831.9463335814994,6403.695719310763,4169.321450676664,0.3816100151721653,0,551.480806362687,1,0.0,2,0,high,-0.2311648484074592,0.750470788967369,0.44116609633456183,0.7340685337223977,64,4,Imitation_128x128,202,0,0,0.007098704,0.0,0.0,True,-0.2,True,0.9991447,-0.00085544586,0.0008095989,-7.1189713,1.1244916e-06,-13.698179,3.8201335e-05,-10.17264,6.393442e-06,-11.9602375
B_RL_test_00065,baseline,MyopicEconomic,17,7,late,0.16883788561041613,0.1953397861591348,2930.096792387022,15000.0,2526.854242657849,0.4377581672034112,0,681.087812638456,1,0.0,0,0,low,0.9543120520827897,1.2376231953811616,0.4808156757682948,0.8043152589284366,65,24,Imitation_128x128,202,2,0,0.6764459,27.26733318481513,27.26733318481513,False,0.0,False,0.021278717,-3.8500478,0.0937191,-2.367453,0.81116176,-0.20928764,0.002364461,-6.047205,0.07147594,-2.6383944
B_RL_test_00066,baseline,PPO,4,20,early,0.5446765194422268,1.073252499481339,1483.5483753950894,1382.2920292401186,1193.6200672635655,0.14139800041492867,0,709.3255489273176,1,0.0,1,2,low,0.10872647247335987,1.0882603901869417,0.24807577802657751,0.678805264804511,66,5,Imitation_128x128,202,0,1,0.7257063,44.239417380889336,44.239417380889336,False,-0.2,False,0.7781846,-0.25079155,0.15228154,-1.8820243,0.004129853,-5.4895134,0.02384927,-3.7360017,0.041554682,-3.1807451
B_RL_test_00067,baseline,ObservationPlanner,2,22,early,0.1097643319784132,0.7714368241331376,4333.73462698888,5617.744047749718,3805.298674699541,0.348534859982811,0,858.1554947232789,1,0.0,0,1,high,1.7860277180715896,1.4976221550110438,0.3431977762345563,0.6947477889754374,67,7,Imitation_128x128,202,0,0,0.36290863,0.0,0.0,True,-0.2,True,0.89678484,-0.10893941,0.09661739,-2.3369966,0.0023794158,-6.0409,0.00075231225,-7.192359,0.0034660331,-5.6647444
B_RL_test_00068,baseline,MyopicEconomic,0,24,early,0.42653032626779175,0.37421081019193775,2545.965711703852,6803.560031838716,2610.68512423398,0.4,0,666.6578373952274,1,0.0,1,0,low,0.11732619098720778,0.9121918234253104,0.44108451528192855,0.739356466273892,68,14,Imitation_128x128,202,0,0,0.0036613094,0.0,0.0,True,-0.2,True,0.9996057,-0.00039434433,0.00033902648,-7.9894323,2.4873773e-07,-15.206866,5.1117804e-05,-9.881377,3.9893116e-06,-12.431892
B_RL_test_00069,baseline,PPO,1,23,early,0.960812023620709,0.6728979002668548,2168.0837102651412,3222.0099206808827,4198.773867629622,0.2488485489978257,0,483.07543703213923,1,0.0,2,1,high,-1.4919352173107752,1.3055222135338365,0.41763881714870493,0.7592059164002953,69,6,Imitation_128x128,202,0,0,0.011167137,0.0,0.0,True,-0.2,True,0.9985576,-0.0014433861,0.0013782511,-6.58694,9.857546e-07,-13.829859,5.5795725e-05,-9.793814,7.3876276e-06,-11.815704
B_RL_test_00070,baseline,ObservationPlanner,4,20,early,0.04844010728093621,1.0,1958.2948491654167,1958.2948491654167,1639.8550914103687,0.3349557074327678,0,910.063873343722,1,0.0,0,1,low,2.389651181165024,1.299545799569939,0.4153647449400546,0.7062253508358912,70,11,Imitation_128x128,202,0,0,1.3165034,0.0,0.0,True,-0.2,True,0.46719706,-0.76100415,0.25800544,-1.3547746,0.047266897,-3.0519452,0.05909009,-2.8286922,0.16844054,-1.7811725
B_RL_test_00071,baseline,MyopicEconomic,21,3,late,0.3819574454017667,0.3308075231538171,4962.112847307257,15000.0,3235.427963034861,0.26325602044805047,0,686.9360106943229,1,0.0,1,0,high,0.09105636204004242,1.0313146161355393,0.4853300622396656,0.5238168952882202,71,24,Imitation_128x128,202,2,1,1.0714047,13.14568020308596,13.14568020308596,False,0.0,False,0.30707467,-1.1806643,0.1226425,-2.0984817,0.5375845,-0.62066936,0.0014661421,-6.5251207,0.031232258,-3.4663038
B_RL_test_00072,baseline,PPO,0,24,early,0.7588589061208596,0.6809655158039449,4039.6011253995216,5932.166947735064,1816.55993714263,0.4,1,695.702630528886,1,0.0,2,1,low,0.386536536410366,0.930225005718882,0.29112376646152666,0.6081968729634402,72,3,Imitation_128x128,202,0,0,0.010755168,0.0,0.0,True,-0.2,True,0.99860364,-0.0013971329,0.0013611835,-6.5994005,7.125585e-07,-14.154404,3.0231822e-05,-10.406615,4.226106e-06,-12.374229
B_RL_test_00073,baseline,ObservationPlanner,22,2,late,0.4137834712644008,1.029344230852175,514.6721154260874,500.0,5830.51050764666,0.14221314095652096,0,696.2288645930913,1,0.0,1,2,high,0.45941812709734065,1.1789910139310849,0.28356995023331066,0.6877866114164769,73,24,Imitation_128x128,202,2,2,1.3010224,0.0,0.0,True,0.0,True,0.0902705,-2.4049447,0.13885643,-1.9743148,0.47484496,-0.74476695,0.029395066,-3.5269284,0.2666331,-1.3218818
B_RL_test_00074,baseline,MyopicEconomic,7,17,early,0.04053304116497742,0.13505325496414894,2025.7988244622338,14999.999999999998,4168.7212063130455,0.49730623844293537,0,737.1110563485262,1,0.0,0,0,high,1.5965306398868033,0.7644284406291425,0.5561785363345491,0.7034210583296641,74,24,Imitation_128x128,202,2,1,0.2796212,0.9982117901608092,0.9982117901608092,False,0.0,False,0.005647299,-5.176578,0.0456492,-3.0867693,0.93800324,-0.06400204,0.00017486358,-8.6515045,0.010525329,-4.553971
B_RL_test_00075,baseline,PPO,1,23,early,0.7564671147100324,0.6119493257231801,3427.4907057391165,5600.938773302232,2612.995156430521,0.28013957570482395,0,586.5806523842683,1,0.0,2,1,low,-1.9380212781880286,0.5667805381576572,0.34706457120354495,0.4642840454103798,75,4,Imitation_128x128,202,0,0,0.015291981,0.0,0.0,True,-0.2,True,0.99794096,-0.002061367,0.001946216,-6.2418685,2.1723422e-06,-13.039704,9.169942e-05,-9.296995,1.8942023e-05,-10.874128
B_RL_test_00076,baseline,ObservationPlanner,3,21,early,0.8732476304401287,1.1162618083955889,3034.364563993472,2718.3269562494356,1933.50347851992,0.10699055328352877,0,582.3405206417185,1,0.0,2,2,low,-0.9456056299759363,0.9330307037393054,0.3516778080616225,0.7294508559928045,76,6,Imitation_128x128,202,0,1,0.22213747,20.356151312253132,20.356151312253132,False,-0.2,False,0.9494767,-0.05184436,0.045364354,-3.0930288,0.0010109242,-6.89689,0.0021134936,-6.1594133,0.0020345515,-6.1974797
B_RL_test_00077,baseline,MyopicEconomic,16,8,late,0.11924889965361976,0.10632274977041356,1594.8412465562033,14999.999999999998,2621.478144077052,0.3694256144447483,0,739.7602268363717,1,0.0,0,0,low,0.31858297831781607,0.8479897153648971,0.4532158731317911,0.56086922159226,77,24,Imitation_128x128,202,2,2,0.26390776,0.0,0.0,True,0.0,True,0.001033601,-6.8747063,0.011921115,-4.429444,0.94098336,-0.06082964,0.0010453296,-6.863423,0.04501654,-3.1007252
B_RL_test_00078,baseline,PPO,3,21,early,0.9540215157636134,1.225,5355.1173299948005,4371.524351016164,3521.0761850454173,0.02,2,565.1217807466435,1,0.0,2,2,high,-0.8075015401694254,1.0321185311846846,0.18971493676975942,0.6519106372702784,78,4,Imitation_128x128,202,0,1,0.3568711,19.22203246319441,19.22203246319441,False,-0.2,False,0.90673137,-0.09790897,0.080509454,-2.5193806,0.009316292,-4.6759906,0.0011185372,-6.7957335,0.0023243965,-6.064295
B_RL_test_00079,baseline,ObservationPlanner,0,24,early,0.6107559122745796,0.35881894687930105,1990.6102300783075,5547.673129835883,2877.475817049848,0.4,0,606.0929451374526,1,0.0,2,0,low,-0.2263729641847368,0.7787968829600019,0.42086284106403515,0.720814474587929,79,1,Imitation_128x128,202,0,0,0.006482661,0.0,0.0,True,-0.2,True,0.9992624,-0.0007376671,0.00057747826,-7.4568396,3.440508e-07,-14.882476,0.00014965124,-8.807203,1.01063015e-05,-11.502352
B_RL_test_00080,baseline,MyopicEconomic,1,23,early,0.6454988717607186,0.6105344746162854,2483.2239255782656,4067.2951795866175,1869.5339146746887,0.31435377533905284,0,598.6720201337081,1,0.0,2,1,low,-1.0123921144009338,1.1258003834783963,0.39749000470481033,0.5241669124696455,80,2,Imitation_128x128,202,0,0,0.020444794,0.0,0.0,True,-0.2,True,0.99721885,-0.0027852058,0.0023796386,-6.040807,1.8257766e-06,-13.213506,0.00035408832,-7.9459643,4.5477485e-05,-9.998293
B_RL_test_00081,baseline,PPO,5,19,early,0.5471971665134849,1.0,820.1402972263885,820.1402972263885,1144.5597734841792,0.21690835041641865,0,654.083534261115,1,0.0,1,1,low,0.4670964360920484,1.0318299041662726,0.39611149708091536,0.7766966329528985,81,24,Imitation_128x128,202,0,0,0.6715063,0.0,0.0,True,-0.2,True,0.811651,-0.20868492,0.110735975,-2.2006066,0.0019737268,-6.227832,0.045485344,-3.0903652,0.030153962,-3.501439
B_RL_test_00082,baseline,ObservationPlanner,4,20,early,0.979857188575217,1.0,500.00000000000006,500.00000000000006,1287.0936432178305,0.0352510431562565,3,467.9522389366124,1,0.0,2,1,low,-1.8132668856006082,0.8977841514156312,0.379017546862315,0.6711371551218738,82,7,Imitation_128x128,202,0,2,0.42777327,-68.35334460771696,0.0,False,-0.0,True,0.90211105,-0.10301757,0.05549129,-2.891529,0.025219753,-3.6801276,0.007468549,-4.8970547,0.0097093275,-4.634668
B_RL_test_00083,baseline,MyopicEconomic,9,15,middle,0.8651092790573723,0.5928297836241365,8892.446754362049,15000.0,2967.3578290978676,0.10333974095211913,0,633.7478036785967,1,0.0,2,1,low,-0.19318881647829222,1.1007255421738986,0.39873602801111796,0.6182139355952364,83,13,Imitation_128x128,202,0,0,0.06325825,0.0,0.0,True,-0.2,True,0.98936194,-0.010694981,0.0094685,-4.659785,0.00097306777,-6.9350567,7.493478e-05,-9.498892,0.00012155069,-9.015179
B_RL_test_00084,baseline,PPO,0,24,early,0.906174739606605,0.4075748690648555,1513.3767327880428,3713.12572892522,2389.231910536744,0.4,0,427.4413147982198,1,0.0,2,0,low,-2.719303493644447,0.9141938919096755,0.4493131263051819,0.7602119282809829,84,2,Imitation_128x128,202,0,0,0.0060147857,0.0,0.0,True,-0.2,True,0.999326,-0.00067424774,0.0004914561,-7.618138,1.5283094e-07,-15.6939335,0.0001773397,-8.637444,5.162757e-06,-12.17404
B_RL_test_00085,baseline,ObservationPlanner,4,20,early,0.7941548900434988,1.1078584625333887,3538.6924791601796,3194.173803635616,3279.8007078489463,0.113713229973289,0,660.8190807718751,1,0.0,2,2,high,-0.732507953119708,1.414482734313204,0.324414951475154,0.5343499923124448,85,5,Imitation_128x128,202,0,1,0.3564342,53.64015616127699,53.64015616127699,False,-0.2,False,0.899575,-0.105832815,0.09395776,-2.36491,0.0012964983,-6.648088,0.0015851419,-6.4470816,0.0035854527,-5.630871
B_RL_test_00086,baseline,MyopicEconomic,9,15,middle,0.8725517982544201,0.5126492332251752,7689.7384983776265,14999.999999999998,3696.8864482792205,0.17155046543004115,0,578.3838689196426,1,0.0,2,1,high,-0.5739392325338428,0.8405098617483711,0.2825418813098837,0.6386877709365626,86,16,Imitation_128x128,202,0,0,0.08163787,0.0,0.0,True,-0.2,True,0.9855392,-0.0145664215,0.012792988,-4.358858,0.0014148796,-6.560711,6.264342e-05,-9.678052,0.00019031289,-8.566841
B_RL_test_00087,baseline,PPO,9,15,middle,0.5014289547566524,1.9666253091615,3959.3397123443137,2013.265920000001,9962.41445462283,0.08991769508881849,0,706.7720228447201,1,0.0,1,2,high,0.6498672710491811,1.088206740370783,0.40818789241107123,0.7330825440302011,87,14,Imitation_128x128,202,2,1,1.0629437,55.73651992605255,55.73651992605255,False,0.0,False,0.1266993,-2.0659387,0.2789796,-1.2766167,0.5597645,-0.5802392,0.0008408763,-7.081066,0.033715665,-3.389793
B_RL_test_00088,baseline,ObservationPlanner,10,14,middle,0.01751231497823463,1.0,2062.3705253171834,2062.3705253171834,6848.24600462249,0.42136429596045955,0,823.4542716105796,1,0.0,0,1,high,3.2597985744067355,0.9085305102515508,0.4665674267932232,0.8094894424242502,88,24,Imitation_128x128,202,1,1,1.2342899,0.0,0.0,True,-0.1,True,0.16887936,-1.7785707,0.4148414,-0.879859,0.3462241,-1.0606691,0.004042832,-5.51081,0.066012226,-2.7179153
B_RL_test_00089,baseline,MyopicEconomic,14,10,middle,0.1543903474151127,0.14228358458682816,2028.3947818698225,14256.000000000002,3369.936719339581,0.43161391595669496,0,713.1052669663361,1,0.0,0,0,high,1.7888009368239013,0.6988729541935131,0.3328235380263363,0.8188913977778863,89,24,Imitation_128x128,202,2,3,0.49299428,8.046498553436578,8.046498553436578,False,0.0,False,0.012104793,-4.4141536,0.053062394,-2.9362867,0.87839717,-0.12965631,0.0017012736,-6.376378,0.054734375,-2.9052632
B_RL_test_00090,baseline,PPO,10,14,middle,0.7534781431339181,2.315642848909248,2176.249783856102,939.8037287491009,4306.620593893453,0.02,1,646.8127409746123,1,0.0,2,2,high,0.043613096896889136,1.037068499561815,0.565620493324281,0.7959980754214587,90,11,Imitation_128x128,202,2,0,0.98795724,12.47295748320471,12.47295748320471,False,0.0,False,0.097227424,-2.3307023,0.1753297,-1.741087,0.6641338,-0.40927148,0.0022017178,-6.1185174,0.06110734,-2.795123
B_RL_test_00091,baseline,ObservationPlanner,20,4,late,0.004203746421753841,0.048369274057587466,725.539110863812,15000.0,1895.838978176145,0.6002317453913092,0,914.2149004138386,1,0.0,0,0,low,2.3382845918220068,0.6741896711819185,0.5199109965055012,0.712837240683555,91,24,Imitation_128x128,202,4,2,0.89903545,-17.73963985028837,0.0,False,0.0,True,0.0004014086,-7.820531,0.021489773,-3.840178,0.2983396,-1.2095227,0.054640617,-2.9069777,0.62512857,-0.46979785
B_RL_test_00092,baseline,MyopicEconomic,17,7,late,0.08960262868948717,0.1692689454392299,2056.6176870866434,12150.0,2114.236479504682,0.4353373723168985,0,580.4005404605385,1,0.0,0,0,low,-0.5862659646754461,1.1181404121059324,0.6389081097596125,0.889545304488342,92,22,Imitation_128x128,202,2,3,0.2545069,22.070955021289222,22.070955021289222,False,0.0,False,0.0025525317,-5.9706697,0.0054842276,-5.205879,0.94499457,-0.056576252,0.0039711474,-5.5287004,0.042997636,-3.1466103
B_RL_test_00093,baseline,PPO,5,19,early,0.01220936956066418,1.0,4915.200000000001,4915.200000000001,8492.213570262602,0.4346923481340863,0,876.6096227204597,1,0.0,0,1,high,3.0629373987984785,0.9114223715622548,0.4060270931795948,0.7879782542358003,93,24,Imitation_128x128,202,0,0,0.7484446,0.0,0.0,True,-0.2,True,0.68037426,-0.3851123,0.28523496,-1.2544421,0.030675191,-3.484301,0.00026009016,-8.254482,0.0034554575,-5.6678004
B_RL_test_00094,baseline,ObservationPlanner,5,19,early,0.9887958087926114,1.0,500.0,500.0,1405.898611797393,0.02,3,392.42144428152614,1,0.0,2,1,low,-1.3976582755334301,0.7487520285556225,0.4855545079422672,0.6876819511748817,94,8,Imitation_128x128,202,0,2,0.5219524,-87.30987679035434,0.0,False,0.0,True,0.8724581,-0.13644052,0.06303996,-2.7639863,0.045445822,-3.0912342,0.007378733,-4.9091535,0.011677273,-4.4501104
B_RL_test_00095,baseline,MyopicEconomic,14,10,middle,0.23804962142462843,0.1728121909906215,2042.0964107147854,11816.853886341905,2929.6763194070577,0.4715160381848498,0,599.3617573811041,1,0.0,1,0,low,-0.2563260662755433,0.9887072235021326,0.5326297737522329,0.6408928626998098,95,24,Imitation_128x128,202,2,0,1.4137486,62.07076572147446,62.07076572147446,False,0.0,False,0.19384435,-1.6406997,0.1528267,-1.8784506,0.39720827,-0.9232945,0.030259745,-3.497937,0.22586094,-1.4878358
B_RL_test_00096,baseline,PPO,23,1,late,0.057706257325393535,1.0,500.0,500.0,4245.599445238874,0.3531450452789717,0,734.2826019711963,1,0.0,0,1,high,0.63121929203782,0.9721972196766725,0.445765228928636,0.7938713156995721,96,24,Imitation_128x128,202,2,2,0.46750933,0.0,0.0,True,0.0,True,0.0031452503,-5.761862,0.008061145,-4.8206997,0.8767268,-0.13155985,0.018317146,-3.9999177,0.09374964,-2.3671274
B_RL_test_00097,baseline,ObservationPlanner,0,24,early,0.5202720984178253,0.18164222778984737,336.65413188935815,1853.3913395890145,1585.6471968155172,0.4,0,570.907195146081,1,0.0,1,0,low,-0.6422699443344645,0.5751794844401634,0.5138524784076035,0.5242284254912288,97,24,Imitation_128x128,202,0,0,0.15846327,0.0,0.0,True,-0.2,True,0.9642482,-0.036406517,0.00056727213,-7.4746714,9.545477e-07,-13.862028,0.034962926,-3.353467,0.00022068995,-8.418752
B_RL_test_00098,baseline,MyopicEconomic,8,16,middle,0.36105580188544195,0.5128494073419781,7692.741110129673,15000.0,2999.8299614530706,0.1765400580706997,0,745.413405021207,1,0.0,1,1,low,0.9088657953933286,1.3248086092922042,0.36488819247598553,0.5828741555508058,98,22,Imitation_128x128,202,0,0,0.68911004,0.0,0.0,True,-0.2,True,0.77443266,-0.25562453,0.069953434,-2.6599255,0.15261464,-1.8798392,0.00020988917,-8.468931,0.0027893058,-5.881963
B_RL_test_00099,baseline,PPO,1,23,early,0.6935374321243797,0.8015197217681155,3446.4035370911242,4299.836227970183,2308.449944443907,0.3122362038919836,0,638.8794272401572,1,0.0,2,1,low,-0.26689171429934844,0.6907053720958345,0.34363800188548893,0.47058435393170817,99,6,Imitation_128x128,202,0,0,0.016049374,0.0,0.0,True,-0.2,True,0.9978198,-0.0021824837,0.0020629393,-6.1836233,8.9744475e-07,-13.923714,9.920942e-05,-9.218277,1.7147826e-05,-10.973639
B_RL_test_00000,severe_stress,PPO,2,22,early,0.4166718720179237,0.5570515438200542,5194.628365429958,9325.220301531006,5113.817957246661,0.2675494669086287,0,735.6133585549072,1,0.0,1,1,high,0.7766626320299265,1.1540687281369808,0.34471001732411144,0.8095158963876717,100,9,Imitation_128x128,202,0,0,0.03919324,0.0,0.0,True,-0.2,True,0.99371696,-0.0063028336,0.0060840817,-5.1020794,0.000110244895,-9.112806,3.169018e-05,-10.359504,5.68376e-05,-9.775312
B_RL_test_00001,severe_stress,ObservationPlanner,5,19,early,0.3882490109490616,1.0006186687674683,1876.0181886488513,1874.8582723922927,1967.1722695860833,0.19101578376353281,0,827.2144458947637,2,1.6,1,2,low,1.6613225481260747,0.841180276874062,0.2960832412250551,0.6198577850919593,101,14,Imitation_128x128,202,0,1,0.7617754,18.710098816591994,18.710098816591994,False,-0.2,False,0.76315933,-0.27028847,0.11135507,-2.1950314,0.01039656,-4.5662804,0.003243201,-5.7311945,0.111845866,-2.1906335
B_RL_test_00002,severe_stress,MyopicEconomic,1,23,early,0.4350840664284275,0.24334980512276738,1594.1887694297345,6551.017242958067,2311.7540353432664,0.35961980914440683,0,678.8660937176784,1,0.0,1,0,low,0.4546918678629157,0.8585965558808485,0.47150063272009635,0.832595564470931,102,8,Imitation_128x128,202,0,0,0.028838988,0.0,0.0,True,-0.2,True,0.99612385,-0.0038838387,0.0018175222,-6.3102813,6.059727e-06,-12.013846,0.0018195097,-6.3091884,0.00023296941,-8.364603
B_RL_test_00003,severe_stress,PPO,4,20,early,0.17384169938551708,0.9999999999999998,4497.415959676926,4497.415959676927,7800.775326931617,0.4070511995665708,0,757.5840193125299,2,1.6,0,1,high,1.033632078382112,1.2276235612338229,0.47864155202413344,0.8531424835747992,103,8,Imitation_128x128,202,0,0,0.25861028,0.0,0.0,True,-0.2,True,0.93227845,-0.07012367,0.065653175,-2.7233694,0.00088418793,-7.030841,6.13614e-05,-9.6987295,0.0011227898,-6.791939
B_RL_test_00004,severe_stress,ObservationPlanner,6,18,early,0.776933689900663,1.008353470396052,2121.113929313534,2103.542053046559,2725.081576561847,0.140064894447816,0,641.2934889559235,2,1.6,2,2,low,0.4602511534154351,1.0830413162393473,0.45980112852588634,0.7412130218716163,104,11,Imitation_128x128,202,0,0,0.3351942,0.0,0.0,True,-0.2,True,0.9122778,-0.0918107,0.07707092,-2.5630293,0.0007837013,-7.1514826,0.00077863474,-7.1579685,0.0090889055,-4.7007008
B_RL_test_00005,severe_stress,MyopicEconomic,7,17,early,0.8025142906744749,0.1102030000105691,1470.0200355926197,13339.201613854762,1638.3929991407078,0.3418930605080054,0,636.3318377891824,2,1.6,2,0,low,-0.04444196082094837,1.1818582927166443,0.48676356778721747,0.6668066982541053,105,12,Imitation_128x128,202,0,0,0.17685053,0.0,0.0,True,-0.2,True,0.9603388,-0.04046917,0.037246745,-3.2901907,4.02959e-05,-10.119261,0.00019821385,-8.526164,0.0021760566,-6.130241
B_RL_test_00006,severe_stress,PPO,5,19,early,0.8721603821264096,1.0998398072478652,3950.3923799281415,3591.7888713386624,5815.632777110655,0.02,1,684.1993287360234,2,1.6,2,2,high,0.9316380738118776,0.6386269675984682,0.5197144407917117,0.5755142980102315,106,7,Imitation_128x128,202,0,0,1.0026457,0.0,0.0,True,-0.2,True,0.5971838,-0.51553035,0.25905457,-1.3507166,0.12269077,-2.0980883,0.001789137,-6.326022,0.019281764,-3.9485955
B_RL_test_00007,severe_stress,ObservationPlanner,2,22,early,0.941153837414281,1.0,9600.0,9600.0,6575.139522683609,0.02,1,540.727184687694,1,0.0,2,1,high,-1.7014713346367327,1.0009109290001965,0.4410433472212441,0.6888284147284123,107,5,Imitation_128x128,202,0,0,0.13353325,0.0,0.0,True,-0.2,True,0.97445756,-0.025874376,0.020104902,-3.9067917,0.005121239,-5.2743587,0.00012884963,-8.956864,0.0001874599,-8.581945
B_RL_test_00008,severe_stress,MyopicEconomic,3,21,early,0.46800086187321227,0.3932877923561791,4242.888278486691,10788.253184945392,4666.187714582823,0.3364305752596788,0,619.1106237784993,1,0.0,1,0,high,-0.39024726220835865,0.9356708536559166,0.4388010593340236,0.8167731441495508,108,6,Imitation_128x128,202,0,0,0.018277654,0.0,0.0,True,-0.2,True,0.9975158,-0.0024871826,0.0022717647,-6.0871983,0.00015019221,-8.803595,3.4557124e-05,-10.272897,2.7705082e-05,-10.493895
B_RL_test_00009,severe_stress,PPO,2,22,early,0.6161913093291045,0.5250073090912045,3060.6138934986757,5829.659588542955,3652.883738387161,0.3644789563273006,0,573.8508323546777,1,0.0,2,1,high,-0.11325674064309288,0.5753649050646394,0.44374303847723623,0.8737371263430239,109,5,Imitation_128x128,202,0,0,0.024660572,0.0,0.0,True,-0.2,True,0.9964257,-0.0035805702,0.0033681954,-5.693378,1.5506195e-05,-11.07427,0.00013755565,-8.891481,5.297763e-05,-9.845641
B_RL_test_00010,severe_stress,ObservationPlanner,1,23,early,0.9138404870515462,0.8336148063277276,1604.158451919865,1924.340162558492,1727.6845770750347,0.02,1,575.1760875918158,1,0.0,2,1,low,-0.4838409806239353,0.8413063321790891,0.4391246703190555,0.6872603844075084,110,4,Imitation_128x128,202,0,0,0.20367983,0.0,0.0,True,-0.2,True,0.9575504,-0.043376923,0.03486419,-3.356295,0.0034290098,-5.6754837,0.0021493915,-6.1425705,0.0020069892,-6.2111197
B_RL_test_00011,severe_stress,MyopicEconomic,4,20,early,0.6259546933303869,0.44865801078481937,5072.576936786621,11306.110255143705,2986.8511662016085,0.2571121325345216,0,667.5995820019157,2,1.6,2,0,low,0.6701751736113165,1.1556843223065958,0.3527015341276848,0.6125902414428819,111,6,Imitation_128x128,202,0,0,0.04102787,0.0,0.0,True,-0.2,True,0.99329185,-0.0067305565,0.006575158,-5.0244565,3.0440284e-05,-10.399743,1.8126868e-05,-10.918115,8.436697e-05,-9.380335
B_RL_test_00012,severe_stress,PPO,7,17,early,0.5738788763763731,1.0160239515840837,1150.4354262240656,1132.2916398087082,1935.3231653427192,0.18718083873273306,0,719.5123947019736,2,1.6,1,2,low,0.9772288051966393,0.9509734753112715,0.46436674060322847,0.7302773060708184,112,9,Imitation_128x128,202,0,1,0.6173249,19.62120421677446,19.62120421677446,False,-0.2,False,0.8196046,-0.19893336,0.105286516,-2.25107,0.0025104939,-5.987276,0.0027899684,-5.8817253,0.06980841,-2.662001
B_RL_test_00013,severe_stress,ObservationPlanner,2,22,early,0.9314582456168501,0.6919830412331085,2007.0177052663607,2900.385682414804,2408.1872813445257,0.2947446355756634,0,496.3313094061973,1,0.0,2,1,low,-1.736257804977541,1.0740468656905695,0.3667052714676963,0.6175553539035563,113,3,Imitation_128x128,202,0,0,0.013977342,0.0,0.0,True,-0.2,True,0.99817777,-0.0018239021,0.0016330202,-6.417324,7.1480434e-07,-14.151257,0.00017423491,-8.655107,1.4249494e-05,-11.158789
B_RL_test_00014,severe_stress,MyopicEconomic,1,23,early,0.5271408732435738,0.7017806288528439,6543.9437847632835,9324.771183069348,3885.4089210235634,0.42337198126547393,0,675.8104456583286,1,0.0,1,1,high,-0.6684220948261075,1.1138218846795502,0.3991183392656671,0.6578988792549979,114,2,Imitation_128x128,202,0,0,0.0037481901,0.0,0.0,True,-0.2,True,0.9995765,-0.0004234314,0.00041756756,-7.781064,2.6683355e-07,-15.136641,4.4897342e-06,-12.313717,1.2106125e-06,-13.624384
B_RL_test_00015,severe_stress,PPO,0,24,early,0.8827892318835304,0.7750439435362315,7010.115307667944,9044.797222314191,5056.69050475539,0.4,0,530.7452935881225,1,0.0,2,1,high,-1.857567923464245,1.5996820862393486,0.20504247408141998,0.6309168474085493,115,1,Imitation_128x128,202,0,0,0.0024025487,0.0,0.0,True,-0.2,True,0.99974245,-0.00025749207,0.00025441477,-8.276545,7.4671895e-08,-16.410162,2.4708415e-06,-12.910952,4.313198e-07,-14.656416
B_RL_test_00016,severe_stress,ObservationPlanner,2,22,early,0.9303009848476829,1.0,9600.0,9600.0,6088.8328922062965,0.02,1,576.6080377234201,1,0.0,2,1,high,-0.4401584506355456,1.0497642801219806,0.40754786971653073,0.5611451094235479,116,3,Imitation_128x128,202,0,0,0.22525617,0.0,0.0,True,-0.2,True,0.95006895,-0.051220655,0.040339947,-3.210413,0.009020697,-4.708234,0.00017581572,-8.646074,0.000394707,-7.8373666
B_RL_test_00017,severe_stress,MyopicEconomic,6,18,early,0.7768153545458911,0.40930999507012233,6139.649926051834,14999.999999999998,5866.334776902437,0.1954478274580968,0,694.7630917863607,2,1.6,2,0,high,1.1733858159969814,0.7571982460402745,0.28812725488404634,0.8037034744292322,117,9,Imitation_128x128,202,0,0,0.061274152,0.0,0.0,True,-0.2,True,0.98907185,-0.0109882355,0.010752622,-4.5326056,9.3166775e-05,-9.281119,9.527039e-06,-11.561377,7.281644e-05,-9.527569
B_RL_test_00018,severe_stress,PPO,6,18,early,0.9037274035148669,1.3043053922444858,2625.6889312815624,2013.0936718456728,3661.6467780397475,0.02,1,661.2703781829231,2,1.6,2,2,high,0.783350719956263,0.519994892666678,0.3439098168059432,0.6750775086741557,118,10,Imitation_128x128,202,0,2,1.2353717,44.98419754496899,44.98419754496899,False,-0.2,False,0.4156574,-0.877894,0.25186685,-1.3788549,0.28019667,-1.2722636,0.0033380557,-5.702367,0.048940994,-3.01714
B_RL_test_00019,severe_stress,ObservationPlanner,1,23,early,0.5225384016325821,0.8831844316605247,4188.129520917361,4742.078065215692,2842.7474317976203,0.33006626442034487,0,657.7004203308887,1,0.0,1,1,low,0.008801761928701954,1.281540519190883,0.5907284257417467,0.640373467956049,119,7,Imitation_128x128,202,0,0,0.045628976,0.0,0.0,True,-0.2,True,0.9924576,-0.0075707436,0.0073068314,-4.9189453,1.6606298e-05,-11.005729,0.00013533988,-8.907721,8.3616505e-05,-9.389269
B_RL_test_00020,severe_stress,MyopicEconomic,5,19,early,0.9903273726904043,0.7235343520892216,9364.720559533289,12943.021340303261,5857.857629745934,0.02,1,514.2749941083653,2,1.6,2,1,high,-1.4821096191035665,1.036690732347569,0.2978889158652708,0.5594487500561349,120,7,Imitation_128x128,202,0,0,0.09118899,0.0,0.0,True,-0.2,True,0.9837283,-0.016405582,0.013530386,-4.3028173,0.002597056,-5.953377,5.228748e-05,-9.858753,9.197731e-05,-9.293968
B_RL_test_00021,severe_stress,PPO,0,24,early,0.952856086691239,0.6390721954551879,1575.6809170081594,2465.5757647003547,2983.166026826811,0.4,1,437.37277351007333,1,0.0,2,1,low,-2.4253689918491133,0.8437459054517884,0.339367546935539,0.6145889537406355,121,3,Imitation_128x128,202,0,0,0.035607923,0.0,0.0,True,-0.2,True,0.99442416,-0.0055913925,0.0053516594,-5.2303486,2.7951739e-05,-10.485031,0.00016311406,-8.721061,3.305723e-05,-10.31727
B_RL_test_00022,severe_stress,ObservationPlanner,6,18,early,0.8420111540845878,1.2249999999999999,1778.1684954270095,1451.5661187159262,3270.993987484063,0.02,1,656.6347725637011,2,1.6,2,2,high,0.5250911873728785,1.0225740464416466,0.5763159361893628,0.6742307684177278,122,9,Imitation_128x128,202,2,2,1.2576295,0.0,0.0,True,0.0,True,0.3286656,-1.1127145,0.20498607,-1.5848134,0.39683715,-0.9242294,0.0038743042,-5.553389,0.06563692,-2.723617
B_RL_test_00023,severe_stress,MyopicEconomic,2,22,early,0.8311454201682336,0.5229275424069387,7843.913136104081,15000.0,6830.231827298405,0.20253138521525418,0,597.884195380762,1,0.0,2,1,high,0.24134772804040389,1.3810949496954836,0.24254573603279125,0.7506369767835125,123,5,Imitation_128x128,202,0,0,0.004686159,0.0,0.0,True,-0.2,True,0.9994562,-0.0005440712,0.000534991,-7.533261,4.775187e-06,-12.252077,2.6702307e-06,-12.833345,1.4410776e-06,-13.45012
B_RL_test_00024,severe_stress,PPO,2,22,early,0.8642852064172054,0.6675057313785617,2305.939145833296,3454.5608186329287,2026.5878802852524,0.06325948422561593,0,590.1525426782189,1,0.0,2,1,low,-2.0101277777033815,1.478343626097419,0.4308653496981941,0.530824615742716,124,3,Imitation_128x128,202,0,0,0.057081323,0.0,0.0,True,-0.2,True,0.9907637,-0.009279251,0.00795085,-4.8344765,5.6872308e-05,-9.774702,0.0009485537,-6.9605722,0.0002800827,-8.180426
B_RL_test_00025,severe_stress,ObservationPlanner,1,23,early,0.9230822556998987,0.7019633566330249,2407.255806884243,3429.3183314164326,2132.473316032242,0.02,1,572.8295723806025,1,0.0,2,1,low,-1.0508383580584602,0.7887385917443512,0.307348428917548,0.5336745085892886,125,4,Imitation_128x128,202,0,0,0.11364242,0.0,0.0,True,-0.2,True,0.97869146,-0.021538973,0.018752752,-3.976415,0.0010627795,-6.8468676,0.0009039627,-7.0087223,0.0005891416,-7.436844
B_RL_test_00026,severe_stress,MyopicEconomic,3,21,early,0.6771584225464135,0.4334220552491781,6501.330828737671,15000.0,6516.058797860334,0.21084889268126272,0,618.5060310757419,1,0.0,2,0,high,-0.8487921202430904,0.9644137800497737,0.41649155616272776,0.8018488833642444,126,6,Imitation_128x128,202,0,0,0.03281917,0.0,0.0,True,-0.2,True,0.99526584,-0.0047454834,0.0036647003,-5.609009,0.0010219804,-6.886013,1.7751372e-05,-10.939048,2.9663583e-05,-10.4255905
B_RL_test_00027,severe_stress,PPO,7,17,early,0.9794303532191574,1.5006249999999994,2233.663407376808,1488.4887346117844,3613.5546788692905,0.02,2,531.7483152393892,2,1.6,2,2,high,-0.4425082286603216,0.8392601629979316,0.5331463867747503,0.7045610005896411,127,8,Imitation_128x128,202,2,0,1.1904454,4.361273791280155,4.361273791280155,False,0.0,False,0.3810959,-0.96470433,0.17911662,-1.7197182,0.39675608,-0.92443365,0.0037049863,-5.598076,0.03932655,-3.2358556
B_RL_test_00028,severe_stress,ObservationPlanner,0,24,early,0.7918132670670824,0.315123682209895,1480.0754024988344,4696.8079076741615,2278.444071317703,0.4,0,476.49642618302425,1,0.0,2,0,low,-2.0485506467438626,0.6815482883078391,0.3819575070249458,0.8591634595862108,128,4,Imitation_128x128,202,0,0,0.0059973095,0.0,0.0,True,-0.2,True,0.9993364,-0.0006637573,0.0004051798,-7.8111796,3.5848015e-07,-14.8413925,0.00025122304,-8.289169,6.836685e-06,-11.893208
B_RL_test_00029,severe_stress,MyopicEconomic,4,20,early,0.8033574653262319,0.2934697064267671,2863.7622568244174,9758.289166173427,2106.395876993439,0.1911581694323644,0,707.929516947412,2,1.6,2,0,low,1.4081782222310821,1.1454430642322595,0.1524521085135705,0.686066795455444,129,11,Imitation_128x128,202,0,0,0.024497146,0.0,0.0,True,-0.2,True,0.99641776,-0.0035886765,0.0034289772,-5.6754932,5.4855673e-06,-12.11339,4.5336714e-05,-10.001393,0.00010235111,-9.187101
B_RL_test_00030,severe_stress,PPO,2,22,early,0.3930271272446514,0.7230964992230754,2537.3396605380967,3508.9917642587384,3972.151885512717,0.38976284638487163,0,683.7439944050008,1,0.0,1,1,high,0.36049063728598935,0.6978249320066493,0.4584913795995479,0.7048195239783651,130,7,Imitation_128x128,202,0,0,0.07353828,0.0,0.0,True,-0.2,True,0.986878,-0.013208866,0.012339604,-4.3949413,4.7824804e-05,-9.947966,0.0004416572,-7.7249765,0.000292958,-8.135481
B_RL_test_00031,severe_stress,ObservationPlanner,5,19,early,0.9546987231828551,1.225,1090.0667715457148,889.8504257516039,1181.8525818604196,0.02,1,601.2917641619872,2,1.6,2,2,low,-0.4494291645959675,1.2133114246152,0.5382540007993669,0.5509989301790695,131,6,Imitation_128x128,202,0,0,1.1457729,0.0,0.0,True,-0.2,True,0.5609481,-0.578127,0.17701553,-1.7315179,0.19954905,-1.6116953,0.0061480138,-5.091626,0.056339417,-2.8763611
B_RL_test_00032,severe_stress,MyopicEconomic,0,24,early,0.6821034197939189,0.6964197399644306,8738.828413024821,12548.220435955986,6254.032431135801,0.4,0,655.121411864739,1,0.0,2,1,high,0.07233569176205216,1.0330987645795806,0.5532516681278125,0.8240805632894571,132,9,Imitation_128x128,202,0,0,0.0014075196,0.0,0.0,True,-0.2,True,0.99985814,-0.00014209747,0.00014061248,-8.869503,5.6248528e-08,-16.693485,1.0027954e-06,-13.812719,2.2814244e-07,-15.293296
B_RL_test_00033,severe_stress,PPO,3,21,early,0.8656298298742936,1.2249999999999999,3366.5276172647314,2748.1858100120257,1736.8128697309855,0.02,1,642.2010355136549,1,0.0,2,2,low,-0.569740014719955,0.9772691096688223,0.5020581483713409,0.5604406923181983,133,5,Imitation_128x128,202,0,0,0.69826156,0.0,0.0,True,-0.2,True,0.75847113,-0.27645063,0.20097585,-1.6045706,0.02368091,-3.743086,0.0034810435,-5.6604233,0.013391079,-4.3131666
B_RL_test_00034,severe_stress,ObservationPlanner,6,18,early,0.9599025264082925,1.2469872232469077,819.9497895790572,657.5446598755602,2245.722265453572,0.07882788984505502,0,552.4497873515605,2,1.6,2,2,low,-0.5568992969228953,1.1557145411930765,0.33555444694239067,0.7880201275407003,134,8,Imitation_128x128,202,0,2,0.3597318,22.245915802534,22.245915802534,False,-0.2,False,0.9047557,-0.100090265,0.08284143,-2.4908268,0.0014935125,-6.506624,0.0012206935,-6.708336,0.009688651,-4.6368003
B_RL_test_00035,severe_stress,MyopicEconomic,1,23,early,0.7399868189734163,0.3399015402607635,1845.2331416834586,5428.728390780001,2727.8239958769,0.28400901187449423,0,533.8944637613272,1,0.0,2,0,low,-1.6769227877276522,1.0197454526672802,0.36430119712109293,0.39029351173850463,135,4,Imitation_128x128,202,0,0,0.011151188,0.0,0.0,True,-0.2,True,0.99864215,-0.0013589859,0.001053288,-6.855839,3.988314e-06,-12.432142,0.00027535815,-8.197438,2.5119183e-05,-10.591879
B_RL_test_00036,severe_stress,PPO,16,8,late,0.3118847260717725,1.0,500.0,500.0,2454.9755549353904,0.1270905630381849,0,761.0107431952268,2,1.6,1,1,low,0.7987720270045131,0.8271682697862274,0.4029096007715378,0.7093812837974224,136,24,Imitation_128x128,202,4,2,0.8775201,51.953122851331074,51.953122851331074,False,0.2,False,0.10369568,-2.2662947,0.07405682,-2.6029227,0.07821746,-2.5482624,0.005089365,-5.2806025,0.73894066,-0.30253768
B_RL_test_00037,severe_stress,ObservationPlanner,4,20,early,0.9438664663311256,1.1266676831828484,2337.657878664597,2074.842399012181,2671.2774125862343,0.09866585345372143,0,646.0207764191298,2,1.6,2,2,low,-1.2539493473761563,1.107970464256297,0.20714979550495394,0.5822403131144498,137,5,Imitation_128x128,202,0,0,0.2065908,0.0,0.0,True,-0.2,True,0.95150423,-0.049711227,0.045688033,-3.085919,0.0001803598,-8.620557,0.00040830922,-7.803486,0.002219021,-6.110689
B_RL_test_00038,severe_stress,MyopicEconomic,4,20,early,0.9109789387204008,0.798495095201021,8951.99355393873,11211.081455278152,4927.59608061142,0.19084067555623632,0,652.9248733731681,2,1.6,2,1,high,0.4441157710907515,0.9390821754564493,0.4005351522638762,0.7348842428889295,138,9,Imitation_128x128,202,0,0,0.030665137,0.0,0.0,True,-0.2,True,0.9952152,-0.004796505,0.004734806,-5.3528147,1.697026e-05,-10.984048,9.462033e-06,-11.568224,2.3573459e-05,-10.655389
B_RL_test_00039,severe_stress,PPO,4,20,early,0.9784827512079856,1.069466509324007,2537.483680772115,2372.663060179433,2137.0096661463617,0.02,1,566.7124163652842,2,1.6,2,2,low,-0.9910608771563214,1.0687565486503725,0.32931114337766065,0.480487284890949,139,6,Imitation_128x128,202,0,1,0.85709727,5.246628571728934,5.246628571728934,False,-0.2,False,0.7227032,-0.32475662,0.13144353,-2.029178,0.12217022,-2.10234,0.0036528644,-5.6122437,0.020030119,-3.9105182
B_RL_test_00040,severe_stress,ObservationPlanner,4,20,early,0.28512415317950746,0.7535326114404304,1839.2176910013982,2440.7937534191183,2159.6985599955833,0.5363117668805257,0,714.8132690760597,2,1.6,1,1,low,0.3911514500331968,1.2544957364432432,0.6953851683896436,0.6634477604756893,140,10,Imitation_128x128,202,0,0,0.43082175,0.0,0.0,True,-0.2,True,0.8698233,-0.1394651,0.11779909,-2.1387746,4.3676017e-05,-10.038712,0.00078250724,-7.1530075,0.011551431,-4.460946
B_RL_test_00041,severe_stress,MyopicEconomic,6,18,early,0.20086797113615712,0.12716522241927988,1907.478336289198,15000.0,3748.9872853351985,0.3683525844882146,0,758.9756291691266,2,1.6,1,0,high,1.3455774008055212,0.8534561755749168,0.47756049876243367,0.5444764634918892,141,24,Imitation_128x128,202,1,1,0.7217244,0.0,0.0,True,-0.1,True,0.1375053,-1.984093,0.7822629,-0.24556446,0.030929463,-3.476046,0.00013028497,-8.945786,0.049172066,-3.0124297
B_RL_test_00042,severe_stress,PPO,6,18,early,0.9623827095974269,1.6679803131757132,4171.528143637945,2500.9456710527106,3773.2694503359917,0.019724329481097452,2,669.1783429313944,2,1.6,2,2,high,0.22909678781778126,0.879346771579291,0.2553585836990128,0.47150706749456744,142,7,Imitation_128x128,202,0,0,1.0360419,0.0,0.0,True,-0.2,True,0.59687346,-0.5160501,0.2398435,-1.4277686,0.13249502,-2.0212102,0.0033646186,-5.6944404,0.027423393,-3.5963588
B_RL_test_00043,severe_stress,ObservationPlanner,3,21,early,0.8794035173799283,1.295281415043853,4009.8569232642403,3095.741880252704,4615.157409787453,0.04164321112005153,2,557.8206986773903,1,0.0,2,2,high,-0.4983394640877816,1.1813366229036073,0.33760433114928884,0.7006270214394502,143,5,Imitation_128x128,202,0,0,0.60207176,0.0,0.0,True,-0.2,True,0.82812744,-0.18858814,0.1067655,-2.2371204,0.056792606,-2.868349,0.0017851243,-6.328267,0.0065292655,-5.031461
B_RL_test_00044,severe_stress,MyopicEconomic,1,23,early,0.3804055255840845,0.4356105149118464,1917.2409136349572,4401.273265919546,1396.0437312022414,0.27772017904346236,0,763.689211874541,1,0.0,1,0,low,0.09031488076551453,1.5566656761988789,0.21693195513352462,0.675601763777255,144,6,Imitation_128x128,202,0,0,0.041018955,0.0,0.0,True,-0.2,True,0.9941368,-0.005880356,0.0027769895,-5.886388,5.8099763e-06,-12.055934,0.0027982597,-5.8787575,0.0002821884,-8.1729355
B_RL_test_00045,severe_stress,PPO,1,23,early,0.5252960888755148,0.678798280687371,2547.8616237063934,3753.4886227560182,3463.9678318351735,0.3321768339442812,0,589.1816032979989,1,0.0,1,1,high,-0.7434848889073253,0.7769566157120102,0.4900627923832935,0.6806089276604373,145,5,Imitation_128x128,202,0,0,0.045306653,0.0,0.0,True,-0.2,True,0.9929374,-0.0070877075,0.006272571,-5.071569,0.00021664964,-8.437229,0.0004031003,-7.816325,0.00017038953,-8.6774235
B_RL_test_00046,severe_stress,ObservationPlanner,3,21,early,0.30996818945811205,0.6254466564642434,4524.096955008408,7233.3857863816875,5497.876932608729,0.3959841218584353,0,678.2001978321048,1,0.0,1,1,high,0.04468770119945725,1.1100338854838319,0.466752765563234,0.8465379303694447,146,10,Imitation_128x128,202,0,0,0.036390293,0.0,0.0,True,-0.2,True,0.99429977,-0.005716324,0.005454193,-5.2113705,0.00014351736,-8.849054,4.734917e-05,-9.957961,5.5203214e-05,-9.804489
B_RL_test_00047,severe_stress,MyopicEconomic,8,16,middle,0.9967577336578811,1.0,13500.0,13500.0,5426.792941577646,0.013091152856206597,5,584.0432940268033,2,1.6,2,1,high,0.6794578365423228,1.2605601452914865,0.39418557739057486,0.663345949117258,147,9,Imitation_128x128,202,0,1,0.6785692,72.45552604368004,72.45552604368004,False,-0.2,False,0.77629465,-0.25322318,0.059941094,-2.814393,0.16060671,-1.8287967,0.00051053753,-7.5800467,0.0026471,-5.934291
B_RL_test_00048,severe_stress,PPO,3,21,early,0.22787425817632054,1.0,3496.625410377927,3496.625410377927,4282.18936652522,0.2394748583802661,0,739.214628121166,1,0.0,1,1,high,0.8746453651728925,1.2289568893253286,0.34581064897313346,0.5645890100507188,148,9,Imitation_128x128,202,0,0,1.0549468,0.0,0.0,True,-0.2,True,0.5741666,-0.5548357,0.25647014,-1.360743,0.13992123,-1.9666756,0.0024415534,-6.015121,0.027000414,-3.611903
B_RL_test_00049,severe_stress,ObservationPlanner,1,23,early,0.6731811649547996,0.9726606164077489,3588.890871328263,3689.7668218364097,1771.293887873303,0.2761134340909944,0,669.7600350697134,1,0.0,2,1,low,0.2671931472578545,0.946027321721571,0.49805137706200514,0.8348476688154185,149,6,Imitation_128x128,202,0,0,0.031384848,0.0,0.0,True,-0.2,True,0.99523205,-0.004779339,0.0045107435,-5.4012933,2.4549934e-06,-12.917387,0.00020538291,-8.490635,4.929613e-05,-9.9176655
B_RL_test_00050,severe_stress,MyopicEconomic,2,22,early,0.5673679412873048,0.35772344139632345,3206.7755748600625,8964.398761073253,2779.934063955163,0.26209743594497137,0,655.6670458752743,1,0.0,1,0,low,-0.44078875144303553,0.8380510296018817,0.3871942516794568,0.6034522769722803,150,11,Imitation_128x128,202,0,0,0.017269399,0.0,0.0,True,-0.2,True,0.99766904,-0.002333641,0.0021441749,-6.1450005,1.5498945e-05,-11.0747385,0.00011507337,-9.069941,5.6186353e-05,-9.786837
B_RL_test_00051,severe_stress,PPO,3,21,early,0.9551168147487235,1.5006249999999999,5941.556651718679,3959.3880228029516,2763.0243702744724,0.02,3,599.6707598627692,1,0.0,2,2,low,-1.1207786885627906,1.002766217469849,0.3503577515463789,0.617426829756258,151,4,Imitation_128x128,202,0,0,0.33645588,0.0,0.0,True,-0.2,True,0.9202012,-0.08316302,0.060431935,-2.8062377,0.014536936,-4.231063,0.0016165464,-6.427463,0.0032133048,-5.7404556
B_RL_test_00052,severe_stress,ObservationPlanner,7,17,early,0.8423116195140266,1.0028847891375086,525.1376631518262,523.627109354655,1764.5634784849206,0.17445580730668783,0,621.9663069438811,2,1.6,2,2,low,-0.23877457474671135,0.7227125995562862,0.4726893086707423,0.6581244204937098,152,12,Imitation_128x128,202,0,0,0.3243792,0.0,0.0,True,-0.04512201,True,0.9222067,-0.080985785,0.05933617,-2.824536,0.00053603307,-7.5313144,0.0018652418,-6.284364,0.016055815,-4.1316843
B_RL_test_00053,severe_stress,MyopicEconomic,10,14,middle,0.9750360126947729,0.21997445309370525,3299.6167964055785,14999.999999999998,1790.0019683562887,0.09487484313454006,0,548.0169029670456,2,1.6,2,0,low,-0.3870103738071509,1.0471457565478777,0.4977787279614221,0.8372278510245246,153,13,Imitation_128x128,202,0,0,0.09434812,0.0,0.0,True,-0.2,True,0.9837335,-0.016400337,0.012664461,-4.3689556,0.002510242,-5.987376,0.00013510193,-8.909481,0.0009566399,-6.9520836
B_RL_test_00054,severe_stress,PPO,4,20,early,0.9526443675344505,1.2245366026332696,5415.3743154517815,4422.386643083143,4963.6253396735765,0.13322072171365323,0,603.5576050324527,2,1.6,2,2,high,-1.255506772438249,0.9360305659296442,0.363464744617099,0.5373903131399516,154,5,Imitation_128x128,202,0,1,0.20709343,50.931026764490525,50.931026764490525,False,-0.2,False,0.94886124,-0.05249262,0.050252013,-2.9907045,0.00020435033,-8.495674,0.000100952966,-9.200855,0.0005813835,-7.4501
B_RL_test_00055,severe_stress,ObservationPlanner,4,20,early,0.9926894715730625,1.4555291881444832,7864.4011408301085,5403.1215621692145,4714.023653189749,0.017926995087853816,3,612.5651531578951,2,1.6,2,2,high,-0.5512478562946606,1.0949289310713148,0.2282812754865429,0.5039575619771754,155,5,Imitation_128x128,202,0,0,0.50480783,0.0,0.0,True,-0.2,True,0.85718185,-0.15410519,0.10898569,-2.2165387,0.028954372,-3.5420341,0.001110844,-6.802635,0.0037672557,-5.5814085
B_RL_test_00056,severe_stress,MyopicEconomic,1,23,early,0.5035782277571821,0.36165326586457647,2805.064307796412,7756.225568959157,2150.277309475043,0.30578845198468124,0,667.7641115927946,1,0.0,1,0,low,0.491521608931922,0.7981409760756403,0.40301955099779874,0.725467639639309,156,7,Imitation_128x128,202,0,0,0.015749343,0.0,0.0,True,-0.2,True,0.99796164,-0.0020403862,0.0017019974,-6.3759527,4.9534083e-06,-12.215435,0.00027776012,-8.188753,5.350309e-05,-9.835771
B_RL_test_00057,severe_stress,PPO,5,19,early,0.909841616476469,1.4153390976028188,4749.889655171302,3356.0082267325633,3261.7861913498973,0.06668605580810198,0,714.5335659902294,2,1.6,2,2,high,0.29734423011214695,1.2126248846903505,0.3002933541740706,0.833479734810448,157,6,Imitation_128x128,202,0,1,0.3083938,11.318199145885046,11.318199145885046,False,-0.2,False,0.9140734,-0.089844465,0.082812786,-2.4911728,0.00031789942,-8.053776,0.00030760196,-8.086704,0.0024883784,-5.9961243
B_RL_test_00058,severe_stress,ObservationPlanner,5,19,early,0.04835967530168532,0.26907861031756075,859.117241974016,3192.8113533814685,2912.9931262002365,0.540473495081097,0,797.0411241109779,2,1.6,0,0,low,2.782688012161225,0.6915874271637731,0.4819950280080346,0.698112208087694,158,24,Imitation_128x128,202,4,0,0.99299276,2.683360583021738,2.683360583021738,False,0.2,False,0.11474126,-2.1650758,0.41211417,-0.88645506,0.00039879116,-7.8270726,0.00376535,-5.581915,0.4689805,-0.7571943
B_RL_test_00059,severe_stress,MyopicEconomic,9,15,middle,0.7111854071180429,0.14119385208636528,2117.9077812954793,15000.0,1820.7155674506828,0.2505661397389287,0,726.7811467964113,2,1.6,2,0,low,0.971453190840694,1.533171519635366,0.4781722323867211,0.6056363128937179,159,24,Imitation_128x128,202,0,0,0.41282234,0.0,0.0,True,-0.2,True,0.87515604,-0.133353,0.11535529,-2.1597383,0.0003589703,-7.932271,0.0002820502,-8.173426,0.008847503,-4.72762
B_RL_test_00060,severe_stress,PPO,3,21,early,0.8255024590965289,0.8644525884552394,1439.0777459067222,1664.7272101739288,1549.1050055627006,0.2061728985927113,0,625.262744109826,1,0.0,2,1,low,0.4676162543727831,0.8860136480030804,0.311185290065238,0.9046832844889655,160,4,Imitation_128x128,202,0,0,0.088097475,0.0,0.0,True,-0.2,True,0.98476,-0.015357494,0.012085436,-4.4157543,1.5181231e-05,-11.095451,0.0026584906,-5.929997,0.000480965,-7.639716
B_RL_test_00061,severe_stress,ObservationPlanner,3,21,early,0.9328907340488062,1.2249999999999999,6703.528982123979,5472.268556835902,6488.154144764619,0.02,2,559.1334385848705,1,0.0,2,2,high,-0.6019120795535214,1.250066022412253,0.32570285665920384,0.6690632347612712,161,4,Imitation_128x128,202,0,0,0.45514053,0.0,0.0,True,-0.2,True,0.8757488,-0.13267589,0.09437858,-2.360441,0.026896222,-3.6157694,0.0006892148,-7.279958,0.0022871147,-6.0804644
B_RL_test_00062,severe_stress,MyopicEconomic,8,16,middle,0.9487828627568947,0.2782140346366669,4173.2105195500035,15000.0,4276.697932838302,0.11480102279632093,0,619.752387353713,2,1.6,2,0,high,-0.5197297972949666,1.0463883656689934,0.3776908173523991,0.815325111799893,162,13,Imitation_128x128,202,0,0,0.05834539,0.0,0.0,True,-0.2,True,0.98977995,-0.010272503,0.009983894,-4.606782,9.0847396e-05,-9.30633,1.8541557e-05,-10.895496,0.00012667544,-8.973882
B_RL_test_00063,severe_stress,PPO,1,23,early,0.791088375339115,0.2913549668642458,2032.3377743425297,6975.469806524627,3403.9167794934497,0.25531621104206104,0,570.2152423770772,1,0.0,2,0,high,-1.4160968264962555,1.271300483920626,0.2624403200649598,0.5443897374113016,163,5,Imitation_128x128,202,0,0,0.007351037,0.0,0.0,True,-0.2,True,0.9991326,-0.0008678436,0.00076059264,-7.1814127,1.2999429e-06,-13.55319,9.3497096e-05,-9.27758,1.2077904e-05,-11.324133
B_RL_test_00064,severe_stress,ObservationPlanner,2,22,early,0.6826351159490309,0.5427171272258478,2780.316275530237,5122.95657544861,4374.566437472475,0.3872400641215184,0,558.572914503709,1,0.0,2,1,high,-0.2311648484074592,0.750470788967369,0.44116609633456183,0.7340685337223977,164,4,Imitation_128x128,202,0,0,0.01657875,0.0,0.0,True,-0.2,True,0.99773645,-0.0022659302,0.0021484208,-6.143022,4.936203e-06,-12.218914,8.7771245e-05,-9.340776,2.241675e-05,-10.705702
B_RL_test_00065,severe_stress,MyopicEconomic,6,18,early,0.6599472970753796,0.22131611208056978,3319.7416812085467,15000.0,2423.8621118241194,0.25542319236921396,0,672.2526521897478,2,1.6,2,0,low,0.9543120520827897,1.2376231953811616,0.4808156757682948,0.8043152589284366,165,24,Imitation_128x128,202,0,0,0.22314934,0.0,0.0,True,-0.2,True,0.9443317,-0.057277918,0.0540738,-2.9174056,0.0003084849,-8.0838375,6.28275e-05,-9.6751175,0.0012232097,-6.706277
B_RL_test_00066,severe_stress,PPO,1,23,early,0.5047986667626899,0.6743000935655893,1820.468055960117,2699.7891196096057,1542.9255502075714,0.3062788872447605,0,699.3341725819399,1,0.0,1,1,low,0.10872647247335987,1.0882603901869417,0.24807577802657751,0.678805264804511,166,5,Imitation_128x128,202,0,0,0.061198603,0.0,0.0,True,-0.2,True,0.9903536,-0.009693146,0.006954073,-4.9684277,6.439029e-06,-11.953133,0.0023185937,-6.0667944,0.00036725032,-7.9094667
B_RL_test_00067,severe_stress,ObservationPlanner,0,24,early,0.19322683130217108,0.5790157421144024,5082.440998150891,8777.725074608934,3890.760815916193,0.4,0,851.5288424890562,1,0.0,0,1,high,1.7860277180715896,1.4976221550110438,0.3431977762345563,0.6947477889754374,167,6,Imitation_128x128,202,0,0,0.008587268,0.0,0.0,True,-0.2,True,0.9989177,-0.0010828972,0.0010622623,-6.8473544,9.88087e-07,-13.827496,1.3221365e-05,-11.233677,5.776075e-06,-12.061787
B_RL_test_00068,severe_stress,MyopicEconomic,3,21,early,0.4693760380215134,0.4605324635086656,5414.273732894595,11756.551735017301,2978.2013228422875,0.2908618117124857,0,666.9668850637144,1,0.0,1,0,low,0.11732619098720778,0.9121918234253104,0.44108451528192855,0.739356466273892,168,8,Imitation_128x128,202,0,0,0.018145585,0.0,0.0,True,-0.2,True,0.99750805,-0.002494812,0.0023405743,-6.0573587,8.557024e-05,-9.366173,3.3845892e-05,-10.293693,3.1811258e-05,-10.35569
B_RL_test_00069,severe_stress,PPO,1,23,early,0.960812023620709,0.6728979002668548,2168.0837102651412,3222.0099206808827,4198.773867629622,0.2488485489978257,0,483.07543703213923,1,0.0,2,1,high,-1.4919352173107752,1.3055222135338365,0.41763881714870493,0.7592059164002953,169,5,Imitation_128x128,202,0,0,0.011167137,0.0,0.0,True,-0.2,True,0.9985576,-0.0014433861,0.0013782511,-6.58694,9.857546e-07,-13.829859,5.5795725e-05,-9.793814,7.3876276e-06,-11.815704
B_RL_test_00070,severe_stress,ObservationPlanner,9,15,middle,0.21281686594409158,0.9943826913766872,1211.372964191225,1218.2160597688226,1427.3895968193285,0.22774283708102405,0,911.6582113977641,2,1.6,1,1,low,2.389651181165024,1.299545799569939,0.4153647449400546,0.7062253508358912,170,11,Imitation_128x128,202,4,1,1.0430341,82.72933818768631,82.72933818768631,False,0.2,False,0.3534029,-1.0401467,0.14221755,-1.9503975,0.0036946568,-5.6008677,0.005661578,-5.1740527,0.49502346,-0.7031503
B_RL_test_00071,severe_stress,MyopicEconomic,2,22,early,0.5740328841145435,0.5951739887626244,7605.021920581621,12777.812982708761,3069.135714804417,0.271378619155672,0,701.5061995753122,1,0.0,1,1,high,0.09105636204004242,1.0313146161355393,0.4853300622396656,0.5238168952882202,171,8,Imitation_128x128,202,0,0,0.006377313,0.0,0.0,True,-0.2,True,0.99922764,-0.0007724762,0.000761096,-7.180751,2.4864805e-06,-12.904642,5.567033e-06,-12.098648,3.2226494e-06,-12.645307
B_RL_test_00072,severe_stress,PPO,2,22,early,0.948240488185595,1.2094007530851858,4591.594991371415,3796.5868465504414,1964.8516910922142,0.032479397531851285,3,655.9010008173161,1,0.0,2,2,low,0.386536536410366,0.930225005718882,0.29112376646152666,0.6081968729634402,172,3,Imitation_128x128,202,0,0,0.29160327,0.0,0.0,True,-0.2,True,0.92777556,-0.07496548,0.064652435,-2.7387295,0.0034571586,-5.6673083,0.0017005973,-6.3767757,0.002414314,-6.02634
B_RL_test_00073,severe_stress,ObservationPlanner,0,24,early,0.3919982683599533,0.39116388027494386,3070.9806700840295,7850.879963470754,5150.7503186470285,0.4,0,693.6695826171782,1,0.0,1,0,high,0.45941812709734065,1.1789910139310849,0.28356995023331066,0.6877866114164769,173,7,Imitation_128x128,202,0,0,0.012595589,0.0,0.0,True,-0.2,True,0.998345,-0.0016565323,0.0015889863,-6.444659,1.1115191e-05,-11.407198,3.5772446e-05,-10.238333,1.9175388e-05,-10.861883
B_RL_test_00074,severe_stress,MyopicEconomic,17,7,late,0.22671624846750546,0.1250352829349012,1470.5649696539601,11761.2,3054.5463995179625,0.368099186936185,0,743.4137697409599,2,1.6,1,0,high,1.5965306398868033,0.7644284406291425,0.5561785363345491,0.7034210583296641,174,24,Imitation_128x128,202,4,3,0.7806955,8.018704699779732,8.018704699779732,False,0.2,False,0.01546626,-4.1690946,0.33289745,-1.099921,0.013505493,-4.304659,0.00066948705,-7.308999,0.6374613,-0.45026183
B_RL_test_00075,severe_stress,PPO,0,24,early,0.7382116592789666,0.44562027441056534,3119.864841394645,7001.17346662779,2564.9616727005878,0.4,0,584.3411001869044,1,0.0,2,0,low,-1.9380212781880286,0.5667805381576572,0.34706457120354495,0.4642840454103798,175,4,Imitation_128x128,202,0,0,0.004660317,0.0,0.0,True,-0.2,True,0.9994747,-0.00052547455,0.00048017714,-7.6413555,2.3428503e-07,-15.266727,4.1124265e-05,-10.098912,3.7653283e-06,-12.4896755
B_RL_test_00076,severe_stress,ObservationPlanner,5,19,early,0.9861656369292241,1.1911753786479151,2914.2037272593307,2446.494260624492,1925.3084133675156,0.02,2,551.460830049257,2,1.6,2,2,low,-0.9456056299759363,0.9330307037393054,0.3516778080616225,0.7294508559928045,176,6,Imitation_128x128,202,0,2,0.88964695,3.9271038647229943,3.9271038647229943,False,-0.2,False,0.70698756,-0.34674227,0.11374075,-2.1738336,0.1519288,-1.8843434,0.004701643,-5.3598433,0.022641364,-3.787977
B_RL_test_00077,severe_stress,MyopicEconomic,7,17,early,0.8133018746959686,0.21092219713511243,3163.8329570266865,15000.0,2650.88745591375,0.02,2,702.6792521180745,2,1.6,2,0,low,0.31858297831781607,0.8479897153648971,0.4532158731317911,0.56086922159226,177,8,Imitation_128x128,202,0,0,0.60213244,0.0,0.0,True,-0.2,True,0.81742567,-0.2015953,0.04155339,-3.1807761,0.13435864,-2.0072427,0.000634066,-7.3633575,0.0060282093,-5.111305
B_RL_test_00078,severe_stress,PPO,0,24,early,0.6781150053141439,0.4063975228559522,3469.876303432505,8538.133498078443,3593.4336285579748,0.4,0,602.921827198942,1,0.0,2,0,high,-0.8075015401694254,1.0321185311846846,0.18971493676975942,0.6519106372702784,178,4,Imitation_128x128,202,0,0,0.0034467797,0.0,0.0,True,-0.2,True,0.99962103,-0.00037908554,0.00036062347,-7.927676,2.661298e-07,-15.139282,1.6383325e-05,-11.019247,1.8459261e-06,-13.20253
B_RL_test_00079,severe_stress,ObservationPlanner,0,24,early,0.6107559122745796,0.35881894687930105,1990.6102300783075,5547.673129835883,2877.475817049848,0.4,0,606.0929451374526,1,0.0,2,0,low,-0.2263729641847368,0.7787968829600019,0.42086284106403515,0.720814474587929,179,1,Imitation_128x128,202,0,0,0.006482661,0.0,0.0,True,-0.2,True,0.9992624,-0.0007376671,0.00057747826,-7.4568396,3.440508e-07,-14.882476,0.00014965124,-8.807203,1.01063015e-05,-11.502352
B_RL_test_00080,severe_stress,MyopicEconomic,0,24,early,0.7354091066480801,0.5930537031491864,2010.1037233788988,3389.4126496555145,1826.9041858791115,0.4,0,595.0018162256957,1,0.0,2,1,low,-1.0123921144009338,1.1258003834783963,0.39749000470481033,0.5241669124696455,180,2,Imitation_128x128,202,0,0,0.0091454275,0.0,0.0,True,-0.2,True,0.9989097,-0.0010910034,0.00084963976,-7.0706983,1.5550648e-07,-15.6765785,0.00023057089,-8.374952,9.950526e-06,-11.517885
B_RL_test_00081,severe_stress,PPO,7,17,early,0.8637487281169084,1.1574111765469668,607.5133096616789,524.8897902248887,1080.4656295288282,0.13589993967529646,0,646.2908866331807,2,1.6,2,2,low,0.4670964360920484,1.0318299041662726,0.39611149708091536,0.7766966329528985,181,15,Imitation_128x128,202,0,0,0.36023563,0.0,0.0,True,-0.04741908,True,0.91117543,-0.093019724,0.066306695,-2.7134643,0.0005433547,-7.517748,0.0023991156,-6.032655,0.019575471,-3.9334779
B_RL_test_00082,severe_stress,ObservationPlanner,2,22,early,0.9544134655698913,1.0,500.00000000000006,500.00000000000006,1244.384148533584,0.02,1,491.3351177864671,1,0.0,2,1,low,-1.8132668856006082,0.8977841514156312,0.379017546862315,0.6711371551218738,182,5,Imitation_128x128,202,0,2,0.5014167,-29.274250616486597,0.0,False,-0.0,True,0.86781186,-0.14178038,0.09699044,-2.333143,0.019742295,-3.924992,0.0056571006,-5.174844,0.0097982995,-4.6255465
B_RL_test_00083,severe_stress,MyopicEconomic,1,23,early,0.44889426720552517,0.2508102518258211,1744.1830852366552,6954.193748220184,2849.055309425812,0.370098954312864,0,662.4626308330324,1,0.0,1,0,low,-0.19318881647829222,1.1007255421738986,0.39873602801111796,0.6182139355952364,183,5,Imitation_128x128,202,0,0,0.017919188,0.0,0.0,True,-0.2,True,0.99773175,-0.0022706985,0.0014431955,-6.5408955,5.6234353e-06,-12.088568,0.000710286,-7.2498426,0.000109230794,-9.122047
B_RL_test_00084,severe_stress,PPO,0,24,early,0.906174739606605,0.4075748690648555,1513.3767327880428,3713.12572892522,2389.231910536744,0.4,0,427.4413147982198,1,0.0,2,0,low,-2.719303493644447,0.9141938919096755,0.4493131263051819,0.7602119282809829,184,2,Imitation_128x128,202,0,0,0.0060147857,0.0,0.0,True,-0.2,True,0.999326,-0.00067424774,0.0004914561,-7.618138,1.5283094e-07,-15.6939335,0.0001773397,-8.637444,5.162757e-06,-12.17404
B_RL_test_00085,severe_stress,ObservationPlanner,2,22,early,0.7156070245290534,0.7720575387076455,3853.2593203739866,4990.896568180649,3266.1664997181333,0.2422690917029213,0,662.0574850946882,1,0.0,2,1,high,-0.732507953119708,1.414482734313204,0.324414951475154,0.5343499923124448,185,5,Imitation_128x128,202,0,0,0.036200333,0.0,0.0,True,-0.2,True,0.9942973,-0.005719185,0.0054955413,-5.2038183,8.805747e-06,-11.640106,0.0001378176,-8.88958,6.0579885e-05,-9.711548
B_RL_test_00086,severe_stress,MyopicEconomic,1,23,early,0.8920782681027297,0.3920585714152794,3395.6772059953346,8661.147730394952,4318.752576105708,0.02,1,567.6569911013944,1,0.0,2,0,high,-0.5739392325338428,0.8405098617483711,0.2825418813098837,0.6386877709365626,186,8,Imitation_128x128,202,0,0,0.058776572,0.0,0.0,True,-0.2,True,0.99047196,-0.009573936,0.008114015,-4.8141627,0.00110473,-6.8081546,0.00017934923,-8.626176,0.00013002049,-8.947819
B_RL_test_00087,severe_stress,PPO,3,21,early,0.461061449263551,1.0,7680.0,7680.0,9723.863609157772,0.06976507968158221,0,721.1089281234724,1,0.0,1,1,high,0.6498672710491811,1.088206740370783,0.40818789241107123,0.7330825440302011,187,8,Imitation_128x128,202,0,0,0.51581883,0.0,0.0,True,-0.2,True,0.8534323,-0.15848899,0.0993367,-2.30924,0.045774728,-3.084023,0.00015061238,-8.800801,0.0013056927,-6.6410217
B_RL_test_00088,severe_stress,ObservationPlanner,17,7,late,0.07739497711327707,1.0,500.0,500.0,6272.689955570892,0.38472936597363283,0,811.1148786198856,2,1.6,0,1,high,3.2597985744067355,0.9085305102515508,0.4665674267932232,0.8094894424242502,188,24,Imitation_128x128,202,4,2,1.0987581,6.009713793044114,6.009713793044114,False,0.2,False,0.052277118,-2.9511964,0.15129812,-1.8885031,0.2165374,-1.5299919,0.0016735055,-6.3928347,0.5782138,-0.5478115
B_RL_test_00089,severe_stress,MyopicEconomic,16,8,late,0.7229369882006237,0.14861354874064336,2229.20323110965,14999.999999999998,2735.064122068475,0.2363326258881103,0,707.7435596413802,2,1.6,2,0,low,1.7888009368239013,0.6988729541935131,0.3328235380263363,0.8188913977778863,189,24,Imitation_128x128,202,0,0,0.8126013,0.0,0.0,True,-0.2,True,0.65391415,-0.42477918,0.2912416,-1.2336022,0.0034743194,-5.6623564,0.0006260073,-7.376148,0.050743856,-2.9809647
B_RL_test_00090,severe_stress,PPO,3,21,early,0.5244930043330686,1.0,4481.333392854215,4481.333392854215,3797.9454635062593,0.2976828633712957,0,683.097292396233,1,0.0,1,1,high,0.043613096896889136,1.037068499561815,0.565620493324281,0.7959980754214587,190,6,Imitation_128x128,202,0,0,0.16509043,0.0,0.0,True,-0.2,True,0.9629426,-0.03776145,0.035842296,-3.3286266,0.00028320542,-8.169338,0.0003309618,-8.013508,0.00060090085,-7.417081
B_RL_test_00091,severe_stress,ObservationPlanner,12,12,middle,0.1314375777650269,0.09160768946575051,703.1913595104816,7676.117186356771,1410.425767369461,0.4364607552809321,0,901.4144503999852,2,1.6,0,0,low,2.3382845918220068,0.6741896711819185,0.5199109965055012,0.712837240683555,191,24,Imitation_128x128,202,4,4,0.46452817,0.0,0.0,True,0.2,True,0.0103935255,-4.566572,0.12848736,-2.0519247,0.00022073225,-8.41856,0.0034737221,-5.6625285,0.8574246,-0.15382195
B_RL_test_00092,severe_stress,MyopicEconomic,1,23,early,0.5499265600721283,0.39625834560462464,2335.970820093433,5895.070339853986,2255.5974127143027,0.4565248883135144,0,582.2224444759813,1,0.0,1,0,low,-0.5862659646754461,1.1181404121059324,0.6389081097596125,0.889545304488342,192,15,Imitation_128x128,202,0,0,0.009432872,0.0,0.0,True,-0.2,True,0.99888486,-0.001115799,0.00080806494,-7.120868,7.2491065e-07,-14.1372175,0.00028615783,-8.158967,2.028502e-05,-10.805628
B_RL_test_00093,severe_stress,PPO,10,14,middle,0.18774314801565403,1.0,1610.612736000001,1610.612736000001,7664.366127220601,0.21580289813715575,0,876.1027641372767,2,1.6,0,1,high,3.0629373987984785,0.9114223715622548,0.4060270931795948,0.7879782542358003,193,24,Imitation_128x128,202,0,0,1.3762343,0.0,0.0,True,-0.2,True,0.32227534,-1.132349,0.24854487,-1.3921319,0.18140869,-1.7070029,0.0016534866,-6.404869,0.24611758,-1.401946
B_RL_test_00094,severe_stress,ObservationPlanner,0,24,early,0.9134142587402432,0.6704764770377748,335.2382385188874,500.0,1436.6262834547883,0.4,0,442.07399217630456,1,0.0,2,1,low,-1.3976582755334301,0.7487520285556225,0.4855545079422672,0.6876819511748817,194,5,Imitation_128x128,202,0,2,0.022958737,-171.31036415083236,0.0,False,0.0,True,0.99695504,-0.0030493736,0.0015117995,-6.4944544,6.21378e-07,-14.2913265,0.0014995247,-6.502607,3.301162e-05,-10.318651
B_RL_test_00095,severe_stress,MyopicEconomic,1,23,early,0.38207848776653847,0.37966025159672456,2239.0167184562933,5897.421995164716,3385.2681834928144,0.5235643202147016,0,594.6158875921458,1,0.0,1,0,high,-0.2563260662755433,0.9887072235021326,0.5326297737522329,0.6408928626998098,195,5,Imitation_128x128,202,0,0,0.010018364,0.0,0.0,True,-0.2,True,0.9987962,-0.0012044907,0.0009565491,-6.9521785,6.0892853e-06,-12.00898,0.0002145178,-8.447118,2.6581083e-05,-10.535311
B_RL_test_00096,severe_stress,PPO,7,17,early,0.5173000165120831,1.0178676466583578,1341.141251347273,1317.5988604709237,3361.2853566205335,0.19868212231416982,0,732.0243629244239,2,1.6,1,2,high,0.63121929203782,0.9721972196766725,0.445765228928636,0.7938713156995721,196,12,Imitation_128x128,202,0,1,0.69192827,8.870301368558557,8.870301368558557,False,-0.2,False,0.7847315,-0.24241352,0.1387897,-1.9747953,0.006414058,-5.049263,0.0019695014,-6.2299747,0.06809512,-2.6868496
B_RL_test_00097,severe_stress,ObservationPlanner,2,22,early,0.5668801786211263,0.608260194430912,721.5002730079889,1186.1704573369695,1672.7002940307505,0.41289897448631335,0,571.3184386201295,1,0.0,1,1,low,-0.6422699443344645,0.5751794844401634,0.5138524784076035,0.5242284254912288,197,9,Imitation_128x128,202,0,0,0.08527142,0.0,0.0,True,-0.2,True,0.9858699,-0.014230728,0.004821994,-5.3345675,1.942917e-05,-10.848735,0.0088234525,-4.730342,0.00046524336,-7.67295
B_RL_test_00098,severe_stress,MyopicEconomic,3,21,early,0.24065976927050703,0.49491688522671456,4775.830233659442,9649.76216455355,3235.053675493276,0.3000075878322623,0,758.1077622426095,1,0.0,1,0,high,0.9088657953933286,1.3248086092922042,0.36488819247598553,0.5828741555508058,198,11,Imitation_128x128,202,0,0,0.105350405,0.0,0.0,True,-0.2,True,0.9798252,-0.020380974,0.018713698,-3.9784994,0.00077776966,-7.15908,0.00016646687,-8.700714,0.0005168937,-7.567673
B_RL_test_00099,severe_stress,PPO,1,23,early,0.6935374321243797,0.8015197217681155,3446.4035370911242,4299.836227970183,2308.449944443907,0.3122362038919836,0,638.8794272401572,1,0.0,2,1,low,-0.26689171429934844,0.6907053720958345,0.34363800188548893,0.47058435393170817,199,6,Imitation_128x128,202,0,0,0.016049374,0.0,0.0,True,-0.2,True,0.9978198,-0.0021824837,0.0020629393,-6.1836233,8.9744475e-07,-13.923714,9.920942e-05,-9.218277,1.7147826e-05,-10.9736395
B_RL_test_00000,baseline,PPO,16,8,late,0.2379555790490246,1.0,500.0,500.0,5985.089705294903,0.23118783353356365,0,730.9437736673831,1,0.0,1,1,high,0.7766626320299265,1.1540687281369808,0.34471001732411144,0.8095158963876717,0,24,Imitation_128x128,303,2,2,1.2658871,0.0,0.0,True,0.0,True,0.12158623,-2.1071315,0.12294941,-2.0959823,0.49765843,-0.6978413,0.014294163,-4.247904,0.24351181,-1.4125898
B_RL_test_00001,baseline,ObservationPlanner,12,12,middle,0.06837194242154448,1.0,500.0,500.0,2007.3304872982224,0.2888737980221177,0,830.2815138817816,1,0.0,0,1,low,1.6613225481260747,0.841180276874062,0.2960832412250551,0.6198577850919593,1,24,Imitation_128x128,303,4,3,1.3147072,3.6115330164159616,3.6115330164159616,False,0.2,False,0.04131205,-3.1866012,0.13033935,-2.0376139,0.16190018,-1.8207754,0.14749056,-1.9139911,0.51895785,-0.65593266
B_RL_test_00002,baseline,MyopicEconomic,13,11,middle,0.10210201177067327,0.11217209360571379,1075.2796781170684,9585.982070520044,2437.259079929716,0.45502879908228483,0,690.9761593017319,1,0.0,0,0,low,0.4546918678629157,0.8585965558808485,0.47150063272009635,0.832595564470931,2,24,Imitation_128x128,303,4,4,0.73399436,0.0,0.0,True,0.2,True,0.010404508,-4.565516,0.015383914,-4.1744328,0.03403353,-3.380409,0.1732511,-1.7530131,0.7669269,-0.2653637
B_RL_test_00003,baseline,PPO,2,22,early,0.054717952272838925,0.5403214730936744,3796.953775699434,7027.212436995197,7228.707337667853,0.5379484931676871,0,748.6695090541555,1,0.0,0,1,high,1.033632078382112,1.2276235612338229,0.47864155202413344,0.8531424835747992,3,8,Imitation_128x128,303,0,0,0.07113957,0.0,0.0,True,-0.2,True,0.9873082,-0.012773037,0.011941594,-4.4277277,0.0006872099,-7.282871,2.0638456e-05,-10.788355,4.2411302e-05,-10.068096
B_RL_test_00004,baseline,ObservationPlanner,3,21,early,0.5968721123186518,0.9999999999999999,3651.982730983609,3651.9827309836096,3627.0039340218054,0.3087336184147029,0,638.3216473516175,1,0.0,1,1,high,0.4602511534154351,1.0830413162393473,0.45980112852588634,0.7412130218716163,4,24,Imitation_128x128,303,0,0,0.034053072,0.0,0.0,True,-0.2,True,0.99458694,-0.0054278374,0.005349126,-5.230822,6.343185e-06,-11.96813,3.7820457e-05,-10.182661,1.968085e-05,-10.835864
B_RL_test_00005,baseline,MyopicEconomic,1,23,early,0.4979048576250192,0.3364270541945389,1502.9110351080908,4467.271631011675,1721.8301202996743,0.4036472237693899,0,633.9837050213686,1,0.0,1,0,low,-0.04444196082094837,1.1818582927166443,0.48676356778721747,0.6668066982541053,5,18,Imitation_128x128,303,0,0,0.010919947,0.0,0.0,True,-0.2,True,0.9986695,-0.0013313293,0.00028856396,-8.150594,9.674456e-08,-16.151192,0.0010256241,-6.882454,1.6135686e-05,-11.034477
B_RL_test_00006,baseline,PPO,13,11,middle,0.05475255465070265,1.0,602.6021772084498,602.6021772084498,5078.781453664926,0.36775751012369107,0,715.3175253995527,1,0.0,0,1,high,0.9316380738118776,0.6386269675984682,0.5197144407917117,0.5755142980102315,6,24,Imitation_128x128,303,2,0,0.68385994,1.1224271131677739,1.1224271131677739,False,0.0,False,0.01568572,-4.1550045,0.09477382,-2.356262,0.80785686,-0.21337032,0.0048474297,-5.3293066,0.07683609,-2.5660808
B_RL_test_00007,baseline,ObservationPlanner,1,23,early,0.7906424101315642,0.7179192941709722,8615.031530051667,12000.0,6070.414391389817,0.2917653700524575,0,557.1473599055465,1,0.0,2,1,high,-1.7014713346367327,1.0009109290001965,0.4410433472212441,0.6888284147284123,7,5,Imitation_128x128,303,0,0,0.0037817222,0.0,0.0,True,-0.2,True,0.9995691,-0.0004310608,0.00042909742,-7.7538266,7.7834403e-07,-14.066097,7.855042e-07,-14.05694,1.0652524e-07,-16.054884
B_RL_test_00008,baseline,MyopicEconomic,23,1,late,0.3562722482467574,0.3167653090738204,4751.479636107306,15000.0,4969.615697772818,0.266977695303081,0,616.3304101583744,1,0.0,1,0,high,-0.39024726220835865,0.9356708536559166,0.4388010593340236,0.8167731441495508,8,24,Imitation_128x128,303,2,1,0.6418278,34.28708449154385,34.28708449154385,False,0.0,False,0.16448769,-1.8049197,0.03179373,-3.4484863,0.79261214,-0.2324214,0.00022475177,-8.400515,0.01088166,-4.5206766
B_RL_test_00009,baseline,PPO,6,18,early,0.7033396566006782,1.0,2387.8285674671947,2387.8285674671947,3251.035828942063,0.27809642607519547,0,572.0517507533034,1,0.0,2,1,high,-0.11325674064309288,0.5753649050646394,0.44374303847723623,0.8737371263430239,9,7,Imitation_128x128,303,0,0,0.24528788,0.0,0.0,True,-0.2,True,0.9375494,-0.06448579,0.0602688,-2.8089406,0.0003231257,-8.037469,0.0007503281,-7.1949997,0.0011083274,-6.804903
B_RL_test_00010,baseline,ObservationPlanner,0,24,early,0.5818128660363321,0.41951200414734585,1009.1047478201779,2405.425203198115,1701.555300007723,0.4,0,588.9865506153408,1,0.0,1,0,low,-0.4838409806239353,0.8413063321790891,0.4391246703190555,0.6872603844075084,10,4,Imitation_128x128,303,0,0,0.006396532,0.0,0.0,True,-0.2,True,0.99927706,-0.00072336197,0.00019935484,-8.520424,6.51327e-08,-16.546839,0.00052021904,-7.5612607,3.2024436e-06,-12.651596
B_RL_test_00011,baseline,MyopicEconomic,2,22,early,0.37210149521443003,0.5939540529908843,4663.409728891948,7851.465454960907,3018.192616841782,0.3204942918365675,0,671.5810896528725,1,0.0,1,1,high,0.6701751736113165,1.1556843223065958,0.3527015341276848,0.6125902414428819,11,15,Imitation_128x128,303,0,0,0.020582356,0.0,0.0,True,-0.2,True,0.99706894,-0.0029354095,0.002825993,-5.8688955,5.39226e-05,-9.827961,2.4487315e-05,-10.617355,2.65929e-05,-10.534866
B_RL_test_00012,baseline,PPO,21,3,late,0.030994854075521758,1.0,500.0,500.0,1700.7150011455492,0.5600166912975704,0,727.7627978170854,1,0.0,0,1,low,0.9772288051966393,0.9509734753112715,0.46436674060322847,0.7302773060708184,12,24,Imitation_128x128,303,4,4,0.84853554,0.0,0.0,True,0.2,True,0.00080301875,-7.1271324,0.0072246953,-4.93025,0.07652352,-2.570157,0.24289927,-1.4151084,0.67254955,-0.3966794
B_RL_test_00013,baseline,ObservationPlanner,0,24,early,0.7414863323513986,0.05153996531154906,233.57152728401954,4531.85262877313,2645.317637165965,0.4,0,486.97141271942724,1,0.0,2,0,low,-1.736257804977541,1.0740468656905695,0.3667052714676963,0.6175553539035563,13,3,Imitation_128x128,303,0,0,0.023807503,0.0,0.0,True,-0.2,True,0.9964455,-0.00356102,2.9921968e-05,-10.416918,1.2461375e-08,-18.200632,0.003519292,-5.6494956,5.354828e-06,-12.137512
B_RL_test_00014,baseline,MyopicEconomic,1,23,early,0.5271408732435738,0.7017806288528439,6543.9437847632835,9324.771183069348,3885.4089210235634,0.42337198126547393,0,675.8104456583286,1,0.0,1,1,high,-0.6684220948261075,1.1138218846795502,0.3991183392656671,0.6578988792549979,14,2,Imitation_128x128,303,0,0,0.0014588896,0.0,0.0,True,-0.2,True,0.99985194,-0.00014781952,0.00014717544,-8.823885,3.4247552e-08,-17.189651,7.55767e-07,-14.095532,7.2450916e-08,-16.440355
B_RL_test_00015,baseline,PPO,0,24,early,0.8827892318835304,0.7750439435362315,7010.115307667944,9044.797222314191,5056.69050475539,0.4,0,530.7452935881225,1,0.0,2,1,high,-1.857567923464245,1.5996820862393486,0.20504247408141998,0.6309168474085493,15,1,Imitation_128x128,303,0,0,0.0011853316,0.0,0.0,True,-0.2,True,0.99988246,-0.00011730194,0.00011706175,-9.052809,9.566162e-09,-18.465034,5.317135e-07,-14.447161,2.5593835e-08,-17.480915
B_RL_test_00016,baseline,ObservationPlanner,1,23,early,0.7575848522418619,0.7648472559966231,9178.167071959477,12000.0,6023.664357898624,0.27747791859413073,0,593.4475459693606,1,0.0,2,1,high,-0.4401584506355456,1.0497642801219806,0.40754786971653073,0.5611451094235479,16,3,Imitation_128x128,303,0,0,0.005672614,0.0,0.0,True,-0.2,True,0.9993181,-0.000682354,0.0006791672,-7.2946434,1.6190595e-06,-13.333666,8.4384465e-07,-13.985297,1.978192e-07,-15.435913
B_RL_test_00017,baseline,MyopicEconomic,11,13,middle,0.5162938840900015,0.37042864239233037,5556.429635884955,14999.999999999998,4958.497682325035,0.23577242148980457,0,698.095833451383,1,0.0,1,0,high,1.1733858159969814,0.7571982460402745,0.28812725488404634,0.8037034744292322,17,24,Imitation_128x128,303,0,0,0.13234101,0.0,0.0,True,-0.2,True,0.97576034,-0.024538279,0.014929053,-4.204446,0.008815394,-4.7312555,4.5651388e-05,-9.994476,0.00044958055,-7.7071953
B_RL_test_00018,baseline,PPO,11,13,middle,0.44546002368694276,1.0801788188977697,712.5405351230945,659.6505343903904,4599.457693830454,0.1925300329586777,0,678.6047451687893,1,0.0,1,2,high,0.783350719956263,0.519994892666678,0.3439098168059432,0.6750775086741557,18,15,Imitation_128x128,303,0,1,1.382741,69.66007399624488,69.66007399624488,False,-0.2,False,0.3762064,-0.9776174,0.23081945,-1.4661195,0.13742864,-1.9846505,0.014307966,-4.2469387,0.24123757,-1.4219731
B_RL_test_00019,baseline,ObservationPlanner,14,10,middle,0.43628357786420313,1.0,986.8792762181879,986.8792762181879,2549.5416782191555,0.15752058515941827,0,614.2332567570838,1,0.0,1,1,low,0.008801761928701954,1.281540519190883,0.5907284257417467,0.640373467956049,19,16,Imitation_128x128,303,4,0,1.419126,105.64273701551639,105.64273701551639,False,0.2,False,0.22948633,-1.4719117,0.09369833,-2.3676748,0.31002402,-1.1711054,0.041042708,-3.193142,0.32574853,-1.1216295
B_RL_test_00020,baseline,MyopicEconomic,6,18,early,0.9904872805090876,1.0,10354.41707224261,10354.41707224261,5657.078470578648,0.02,2,490.4954424610693,1,0.0,2,1,high,-1.4821096191035665,1.036690732347569,0.2978889158652708,0.5594487500561349,20,9,Imitation_128x128,303,0,0,0.24170704,0.0,0.0,True,-0.2,True,0.9399702,-0.061907053,0.056582373,-2.8720577,0.0030637407,-5.7881184,0.0001515598,-8.79453,0.00023209215,-8.368376
B_RL_test_00021,baseline,PPO,2,22,early,0.99134664354728,1.2249999999999999,1933.011399525078,1577.9684894082272,2850.588671250648,0.02,3,405.7868496895012,1,0.0,2,2,low,-2.4253689918491133,0.8437459054517884,0.339367546935539,0.6145889537406355,21,3,Imitation_128x128,303,0,0,0.35670447,0.0,0.0,True,-0.2,True,0.9153471,-0.08845186,0.06151641,-2.7884512,0.01730474,-4.0567746,0.0032558772,-5.7272935,0.0025758254,-5.961585
B_RL_test_00022,baseline,ObservationPlanner,7,17,early,0.17169114823543966,1.0,1306.4095068443337,1306.4095068443337,3277.468032966299,0.36792693239861396,0,673.2894883247873,1,0.0,0,1,high,0.5250911873728785,1.0225740464416466,0.5763159361893628,0.6742307684177278,22,22,Imitation_128x128,303,0,1,1.0881269,11.375790228516536,11.375790228516536,False,-0.2,False,0.4444201,-0.8109849,0.43663532,-0.82865685,0.046366733,-3.071173,0.012352117,-4.3939276,0.060225718,-2.8096557
B_RL_test_00023,baseline,MyopicEconomic,4,20,early,0.9678035069402425,1.0,12000.0,12000.0,5891.699067860228,0.032024988808005285,2,563.8674519452862,1,0.0,2,1,high,0.24134772804040389,1.3810949496954836,0.24254573603279125,0.7506369767835125,23,5,Imitation_128x128,303,0,0,0.09564797,0.0,0.0,True,-0.2,True,0.98136306,-0.018812656,0.018029194,-4.015763,0.00053065363,-7.541401,4.460109e-05,-10.017752,3.254458e-05,-10.332899
B_RL_test_00024,baseline,PPO,2,22,early,0.8642852064172054,0.6675057313785617,2305.939145833296,3454.5608186329287,2026.5878802852524,0.06325948422561593,0,590.1525426782189,1,0.0,2,1,low,-2.0101277777033815,1.478343626097419,0.4308653496981941,0.530824615742716,24,3,Imitation_128x128,303,0,0,0.04176747,0.0,0.0,True,-0.2,True,0.9934661,-0.0065555573,0.0059515857,-5.124098,3.461555e-05,-10.271208,0.00042667543,-7.759487,0.00012106604,-9.019175
B_RL_test_00025,baseline,ObservationPlanner,1,23,early,0.9230822556998987,0.7019633566330249,2407.255806884243,3429.3183314164326,2132.473316032242,0.02,1,572.8295723806025,1,0.0,2,1,low,-1.0508383580584602,0.7887385917443512,0.307348428917548,0.5336745085892886,25,4,Imitation_128x128,303,0,0,0.08654755,0.0,0.0,True,-0.2,True,0.98435366,-0.015769958,0.014268573,-4.249696,0.00035770595,-7.935799,0.0008074304,-7.1216536,0.0002126729,-8.455755
B_RL_test_00026,baseline,MyopicEconomic,7,17,early,0.9365901282485903,0.8443705650804314,12665.558476206472,15000.0,6448.501935164566,0.02,1,585.5290430706376,1,0.0,2,1,high,-0.8487921202430904,0.9644137800497737,0.41649155616272776,0.8018488833642444,26,13,Imitation_128x128,303,0,0,0.13677318,0.0,0.0,True,-0.2,True,0.97152746,-0.028885841,0.026552262,-3.6286404,0.0018502604,-6.292429,3.0979114e-05,-10.382197,3.910902e-05,-10.149158
B_RL_test_00027,baseline,PPO,11,13,middle,0.3252033535477799,1.0,609.6849856969869,609.6849856969869,3296.621660629314,0.3299546280846452,0,567.02653296758,1,0.0,1,1,high,-0.4425082286603216,0.8392601629979316,0.5331463867747503,0.7045610005896411,27,24,Imitation_128x128,303,0,0,1.4034059,0.0,0.0,True,-0.17990436,True,0.41148293,-0.8879877,0.25640726,-1.3609881,0.14687198,-1.9181939,0.038735393,-3.2510014,0.14650239,-1.9207134
B_RL_test_00028,baseline,ObservationPlanner,3,21,early,0.9893089746322069,1.0,2404.765648729171,2404.765648729171,2121.9774031476454,0.02,3,432.8680540537394,1,0.0,2,1,low,-2.0485506467438626,0.6815482883078391,0.3819575070249458,0.8591634595862108,28,4,Imitation_128x128,303,0,0,0.22057238,0.0,0.0,True,-0.2,True,0.9573626,-0.04357314,0.022741346,-3.7835708,0.014515837,-4.2325153,0.0037937053,-5.574412,0.0015865894,-6.446169
B_RL_test_00029,baseline,MyopicEconomic,23,1,late,0.9018311721921631,0.5956190380587226,8934.28557088084,15000.0,1928.8363003603918,0.05497909600922661,0,696.4720478215925,1,0.0,2,1,low,1.4081782222310821,1.1454430642322595,0.1524521085135705,0.686066795455444,29,24,Imitation_128x128,303,0,1,0.71527565,9.62374282235669,9.62374282235669,False,-0.2,False,0.6959575,-0.3624668,0.28100613,-1.2693789,0.010827799,-4.5256386,0.0010257642,-6.8823175,0.011182798,-4.4933786
B_RL_test_00030,baseline,PPO,18,6,late,0.17458352387309314,1.0,500.0,500.0,4154.559915174503,0.2914746552731627,0,680.746830732853,1,0.0,0,1,high,0.36049063728598935,0.6978249320066493,0.4584913795995479,0.7048195239783651,30,24,Imitation_128x128,303,2,2,1.0734215,0.0,0.0,True,0.0,True,0.044988636,-3.101345,0.05772104,-2.8521333,0.61654925,-0.48361695,0.039731026,-3.2256227,0.24101003,-1.4229167
B_RL_test_00031,baseline,ObservationPlanner,23,1,late,0.3881165845248731,1.0,600.0,600.0,1384.7393957328795,0.35565533850095415,0,628.2226086563135,1,0.0,1,1,low,-0.4494291645959675,1.2133114246152,0.5382540007993669,0.5509989301790695,31,24,Imitation_128x128,303,3,0,0.72012395,34.877724604324385,34.877724604324385,False,0.1,False,0.03227048,-3.4336023,0.009106162,-4.698804,0.008630373,-4.7524676,0.75898045,-0.27577925,0.1910125,-1.6554164
B_RL_test_00032,baseline,MyopicEconomic,14,10,middle,0.11861461159707183,0.39623458995451744,5943.518849317761,14999.999999999998,6538.028638524567,0.4823572270107184,0,663.1472569094424,1,0.0,0,0,high,0.07233569176205216,1.0330987645795806,0.5532516681278125,0.8240805632894571,32,24,Imitation_128x128,303,2,0,1.0981758,130.35907822234117,130.35907822234117,False,0.0,False,0.37451112,-0.98213375,0.24209039,-1.418444,0.38010094,-0.9673184,9.8162105e-05,-9.22889,0.0031993333,-5.744813
B_RL_test_00033,baseline,PPO,3,21,early,0.8656298298742936,1.2249999999999999,3366.5276172647314,2748.1858100120257,1736.8128697309855,0.02,1,642.2010355136549,1,0.0,2,2,low,-0.569740014719955,0.9772691096688223,0.5020581483713409,0.5604406923181983,33,5,Imitation_128x128,303,0,0,0.72151154,0.0,0.0,True,-0.2,True,0.718584,-0.3304726,0.25097936,-1.3823845,0.0121794585,-4.4080043,0.0046086465,-5.379821,0.013648538,-4.2941227
B_RL_test_00034,baseline,ObservationPlanner,8,16,middle,0.7209933912032997,1.059538316732895,557.355009681004,526.0357279004483,2206.3188351759422,0.15236934661368406,0,559.6977206594408,1,0.0,2,2,low,-0.5568992969228953,1.1557145411930765,0.33555444694239067,0.7880201275407003,34,19,Imitation_128x128,303,0,1,0.83258027,33.23309480033947,0.0,False,-0.04949422,True,0.72786486,-0.31763995,0.18709572,-1.6761351,0.011644404,-4.4529295,0.021325337,-3.8478596,0.05206977,-2.9551709
B_RL_test_00035,baseline,MyopicEconomic,2,22,early,0.7124069971554298,0.3601784377622567,2346.3730929921007,6514.4740689360015,2943.277717707141,0.26742186215069164,0,534.1750857694525,1,0.0,2,0,low,-1.6769227877276522,1.0197454526672802,0.36430119712109293,0.39029351173850463,35,4,Imitation_128x128,303,0,0,0.004977228,0.0,0.0,True,-0.2,True,0.99943644,-0.0005636215,0.0005130894,-7.5750604,3.2969779e-06,-12.622504,4.1875297e-05,-10.080814,5.2197092e-06,-12.163069
B_RL_test_00036,baseline,PPO,10,14,middle,0.16985238612265544,1.351124932690788,743.3727078413355,550.1879876947398,2712.1614947827516,0.11763269701826078,0,746.4215773999038,1,0.0,0,2,low,0.7987720270045131,0.8271682697862274,0.4029096007715378,0.7093812837974224,36,24,Imitation_128x128,303,2,3,1.0928355,10.061639613274025,10.061639613274025,False,0.0,False,0.06204808,-2.7798457,0.058587525,-2.8372335,0.53614706,-0.6233467,0.012259023,-4.401493,0.33095834,-1.1057627
B_RL_test_00037,baseline,ObservationPlanner,5,19,early,0.8993257552516476,1.2268159216879904,2290.904721091305,1867.358159110963,2854.9562517245977,0.02,1,633.4964033299018,1,0.0,2,2,low,-1.2539493473761563,1.107970464256297,0.20714979550495394,0.5822403131144498,37,7,Imitation_128x128,303,0,2,0.8908394,11.841537744849802,11.841537744849802,False,-0.2,False,0.63248354,-0.45810115,0.30230567,-1.1963167,0.032995254,-3.4113915,0.0065110917,-5.0342484,0.0257045,-3.6610894
B_RL_test_00038,baseline,MyopicEconomic,14,10,middle,0.684448328390616,0.6413451513607958,9620.177270411938,15000.0,4305.019512426003,0.05992413603561583,0,653.8034205228332,1,0.0,2,1,high,0.4441157710907515,0.9390821754564493,0.4005351522638762,0.7348842428889295,38,24,Imitation_128x128,303,0,0,0.9198347,0.0,0.0,True,-0.2,True,0.6153555,-0.48555517,0.2619537,-1.3395875,0.1201715,-2.1188354,0.00010538183,-9.157921,0.0024138275,-6.0265417
B_RL_test_00039,baseline,PPO,5,19,early,0.9378959300747195,1.2950503995707228,2458.174595305655,1898.1304481435466,2057.7661936202644,0.031255013014439295,2,545.5440171275179,1,0.0,2,2,low,-0.9910608771563214,1.0687565486503725,0.32931114337766065,0.480487284890949,39,6,Imitation_128x128,303,0,0,0.6121766,0.0,0.0,True,-0.2,True,0.832776,-0.18299055,0.10482256,-2.2554862,0.044131294,-3.1205862,0.007986754,-4.829971,0.010283367,-4.5772276
B_RL_test_00040,baseline,ObservationPlanner,6,18,early,0.03798601396408765,0.8618221026318759,1346.2592029839443,1562.1080021882358,2112.7510526336328,0.542259564850849,0,719.0124875867314,1,0.0,0,1,low,0.3911514500331968,1.2544957364432432,0.6953851683896436,0.6634477604756893,40,24,Imitation_128x128,303,1,0,1.2680889,10.471757153877178,10.471757153877178,False,-0.1,False,0.19144715,-1.6531434,0.51883876,-0.656162,0.016297646,-4.1167345,0.13558921,-1.9981254,0.13782728,-1.981754
B_RL_test_00041,baseline,MyopicEconomic,19,5,late,0.016633071844414767,0.1169709276912876,1754.563915369314,15000.0,3437.7353052762714,0.6094754641587934,0,764.7739696208452,1,0.0,0,0,high,1.3455774008055212,0.8534561755749168,0.47756049876243367,0.5444764634918892,41,24,Imitation_128x128,303,2,2,0.43394607,0.0,0.0,True,0.0,True,0.00067174825,-7.305627,0.05207576,-2.9550557,0.88890624,-0.11776352,0.00090980413,-7.002281,0.057436474,-2.8570757
B_RL_test_00042,baseline,PPO,10,14,middle,0.8826765474543761,2.574432043205924,2637.215610419299,1024.3873468631905,3450.7898658345794,0.027796455183778677,2,675.3251678924596,1,0.0,2,2,high,0.22909678781778126,0.879346771579291,0.2553585836990128,0.47150706749456744,42,12,Imitation_128x128,303,1,0,1.3168979,42.212314073346306,42.212314073346306,False,-0.1,False,0.2362089,-1.4430387,0.41290578,-0.88453585,0.24369872,-1.4118226,0.007578944,-4.8823814,0.09960766,-2.3065162
B_RL_test_00043,baseline,ObservationPlanner,4,20,early,0.9623949810652032,1.5867197334287197,3929.6597847989556,2476.5935042021633,4452.6622712573635,0.02,3,542.2881919852082,1,0.0,2,2,high,-0.4983394640877816,1.1813366229036073,0.33760433114928884,0.7006270214394502,43,7,Imitation_128x128,303,0,0,0.5329313,0.0,0.0,True,-0.2,True,0.8580883,-0.15304828,0.088214286,-2.4279864,0.04470765,-3.1076107,0.0038171967,-5.568239,0.005172539,-5.264392
B_RL_test_00044,baseline,MyopicEconomic,2,22,early,0.379209978329903,0.47810556982222124,2525.127915294928,5281.527919103455,1429.7605211837863,0.19493247158948834,0,762.0436848092071,1,0.0,1,0,low,0.09031488076551453,1.5566656761988789,0.21693195513352462,0.675601763777255,44,8,Imitation_128x128,303,0,0,0.033358637,0.0,0.0,True,-0.2,True,0.9953432,-0.004667759,0.0033301814,-5.7047286,2.169608e-05,-10.738379,0.00089184294,-7.0222206,0.000413149,-7.7917023
B_RL_test_00045,baseline,PPO,5,19,early,0.8222238740449165,1.2249999999999999,1883.35045135406,1537.4289398808653,3348.3448880232113,0.02,1,577.8049262304501,1,0.0,2,2,high,-0.7434848889073253,0.7769566157120102,0.4900627923832935,0.6806089276604373,45,9,Imitation_128x128,303,0,2,1.2028136,6.070997502499495,6.070997502499495,False,-0.2,False,0.49811375,-0.6969267,0.21174137,-1.5523896,0.23283605,-1.4574206,0.008329183,-4.7879896,0.0489796,-3.0163515
B_RL_test_00046,baseline,ObservationPlanner,13,11,middle,0.20288459529389125,0.9999999999999999,776.6788847965151,776.6788847965153,5999.266924562831,0.3460085372071179,0,687.7671178537944,1,0.0,1,1,high,0.04468770119945725,1.1100338854838319,0.466752765563234,0.8465379303694447,46,24,Imitation_128x128,303,2,0,1.3155329,60.698230747747914,60.698230747747914,False,0.0,False,0.171689,-1.7620707,0.25534648,-1.365134,0.4370436,-0.8277224,0.008362424,-4.784007,0.12755853,-2.05918
B_RL_test_00047,baseline,MyopicEconomic,6,18,early,0.6680502290690778,1.0,11664.0,11664.0,5780.583328255228,0.14874161924604068,0,650.2689375648152,1,0.0,2,1,high,0.6794578365423228,1.2605601452914865,0.39418557739057486,0.663345949117258,47,12,Imitation_128x128,303,0,1,0.7434811,22.27562385890087,22.27562385890087,False,-0.2,False,0.7465462,-0.29229784,0.15439181,-1.8682618,0.097638,-2.3264885,9.000343e-05,-9.315663,0.0013340544,-6.6195326
B_RL_test_00048,baseline,PPO,3,21,early,0.22787425817632054,1.0,3496.625410377927,3496.625410377927,4282.18936652522,0.2394748583802661,0,739.214628121166,1,0.0,1,1,high,0.8746453651728925,1.2289568893253286,0.34581064897313346,0.5645890100507188,48,11,Imitation_128x128,303,0,0,1.0101241,0.0,0.0,True,-0.2,True,0.62467366,-0.47052586,0.21499051,-1.5371614,0.12293469,-2.096102,0.0011504714,-6.7675834,0.03625068,-3.3172972
B_RL_test_00049,baseline,ObservationPlanner,10,14,middle,0.3614319639668689,1.0,557.1361346362471,557.1361346362471,1756.1217037408028,0.22041247065985103,0,667.8601291773981,1,0.0,1,1,low,0.2671931472578545,0.946027321721571,0.49805137706200514,0.8348476688154185,49,24,Imitation_128x128,303,0,0,1.3894817,0.0,0.0,True,-0.10255327,True,0.42848805,-0.8474925,0.17574419,-1.7387259,0.034822684,-3.3574862,0.13027488,-2.0381086,0.2306702,-1.4667664
B_RL_test_00050,baseline,MyopicEconomic,1,23,early,0.5640436083834576,0.37198488593015544,2778.8507088085507,7470.332300894378,2832.6429911485493,0.35883944705264603,0,654.4683900435166,1,0.0,1,0,low,-0.44078875144303553,0.8380510296018817,0.3871942516794568,0.6034522769722803,50,24,Imitation_128x128,303,0,0,0.0014438197,0.0,0.0,True,-0.2,True,0.99985826,-0.00014209747,0.00012885153,-8.95685,7.5346996e-08,-16.401161,1.1740522e-05,-11.352465,9.457568e-07,-13.871281
B_RL_test_00051,baseline,PPO,0,24,early,0.6279381875877659,0.7097053825658842,5488.279280176071,7733.179732037013,2720.080753335256,0.4,0,652.8067991736757,1,0.0,2,1,low,-1.1207786885627906,1.002766217469849,0.3503577515463789,0.617426829756258,51,4,Imitation_128x128,303,0,0,0.0016361865,0.0,0.0,True,-0.2,True,0.9998323,-0.00016784668,0.00016591123,-8.704058,2.7823614e-08,-17.39738,1.6763896e-06,-13.298868,9.1890605e-08,-16.202667
B_RL_test_00052,baseline,ObservationPlanner,22,2,late,0.39494446361012614,1.0,500.0,500.0,1732.4707144893682,0.2174831580160389,0,607.2925577081427,1,0.0,1,1,low,-0.23877457474671135,0.7227125995562862,0.4726893086707423,0.6581244204937098,52,24,Imitation_128x128,303,3,4,1.2259638,24.423359522993564,24.423359522993564,False,0.1,False,0.06384912,-2.7512324,0.022803182,-3.7808552,0.10616355,-2.2427745,0.4544086,-0.7887585,0.3527755,-1.0419234
B_RL_test_00053,baseline,MyopicEconomic,6,18,early,0.34426507000356177,0.2436763840649301,2049.447590889828,8410.530215122248,2009.1865947564293,0.47200289460980144,0,584.1029467466066,1,0.0,1,0,low,-0.3870103738071509,1.0471457565478777,0.4977787279614221,0.8372278510245246,53,24,Imitation_128x128,303,0,0,0.09004277,0.0,0.0,True,-0.2,True,0.9851022,-0.01500988,0.0021053443,-6.163276,2.4621726e-05,-10.611881,0.010248781,-4.5805964,0.0025190897,-5.9838576
B_RL_test_00054,baseline,PPO,2,22,early,0.8049562963000642,1.0319384677467247,7130.673275385625,6909.979129817411,4895.253327835442,0.15084904971669436,0,600.8959365436986,1,0.0,2,2,high,-1.255506772438249,0.9360305659296442,0.363464744617099,0.5373903131399516,54,7,Imitation_128x128,303,0,0,0.24441841,0.0,0.0,True,-0.2,True,0.9377078,-0.06431699,0.05993332,-2.8145227,0.002017428,-6.205932,7.337599e-05,-9.519914,0.00026820094,-8.223774
B_RL_test_00055,baseline,ObservationPlanner,0,24,early,0.7703021013594434,0.8046723751405875,8386.849268140477,10422.688198628884,3782.175891677592,0.4,0,657.5751534584275,1,0.0,2,1,high,-0.5512478562946606,1.0949289310713148,0.2282812754865429,0.5039575619771754,55,5,Imitation_128x128,303,0,0,0.00079671305,0.0,0.0,True,-0.2,True,0.9999243,-7.534027e-05,7.520821e-05,-9.49525,3.803168e-09,-19.387432,4.6836814e-07,-14.574011,2.0204261e-08,-17.717373
B_RL_test_00056,baseline,MyopicEconomic,3,21,early,0.5319335139074415,0.2944401741434168,3288.5919463967357,11168.964819301184,2236.5959758467075,0.2618928823547251,0,668.6782541872011,1,0.0,1,0,low,0.491521608931922,0.7981409760756403,0.40301955099779874,0.725467639639309,56,24,Imitation_128x128,303,0,0,0.007119775,0.0,0.0,True,-0.2,True,0.99917585,-0.00082445145,0.00071165,-7.2479243,1.9469357e-05,-10.846668,5.3509877e-05,-9.835645,3.950405e-05,-10.139107
B_RL_test_00057,baseline,PPO,6,18,early,0.6835475823280572,1.5415926323287827,4138.878045092562,2684.8065813860508,3494.805096494596,0.1028284327062324,0,711.5596795853463,1,0.0,2,2,high,0.29734423011214695,1.2126248846903505,0.3002933541740706,0.833479734810448,57,11,Imitation_128x128,303,0,1,0.8465832,5.88263050868909,5.88263050868909,False,-0.2,False,0.6037311,-0.5046264,0.35092223,-1.0471907,0.01236269,-4.393072,0.002020349,-6.204485,0.03096356,-3.4749444
B_RL_test_00058,baseline,ObservationPlanner,17,7,late,0.007347530160079491,0.25628247946200927,1319.3906808078113,5148.189152756323,3509.3180928960087,0.6279407830915847,0,813.4735944976718,1,0.0,0,0,high,2.782688012161225,0.6915874271637731,0.4819950280080346,0.698112208087694,58,24,Imitation_128x128,303,4,4,0.79307973,0.0,0.0,True,0.2,True,0.0034851208,-5.6592526,0.016722541,-4.0909977,0.002182106,-6.127465,0.42561743,-0.85421443,0.5519929,-0.59422016
B_RL_test_00059,baseline,MyopicEconomic,11,13,middle,0.3010701088009395,0.209471918594423,3142.0787789163446,14999.999999999998,1760.7293445204466,0.16035656363609666,0,704.3711085217833,1,0.0,1,0,low,0.971453190840694,1.533171519635366,0.4781722323867211,0.6056363128937179,59,24,Imitation_128x128,303,0,0,0.8513971,0.0,0.0,True,-0.2,True,0.55779725,-0.58375967,0.012403801,-4.3897524,0.40182424,-0.9117404,0.0011888897,-6.7347355,0.026785873,-3.6198804
B_RL_test_00060,baseline,PPO,0,24,early,0.5068592473650758,0.168176012802745,546.810907443923,3251.4203323709544,1514.974941648108,0.4,0,625.4025588941706,1,0.0,1,0,low,0.4676162543727831,0.8860136480030804,0.311185290065238,0.9046832844889655,60,4,Imitation_128x128,303,0,0,0.10828864,0.0,0.0,True,-0.2,True,0.9776139,-0.022640228,0.00013376358,-8.919436,1.9931795e-08,-17.73095,0.022213444,-3.8070574,3.8781833e-05,-10.157558
B_RL_test_00061,baseline,ObservationPlanner,1,23,early,0.6723392587564916,0.5264822437685277,4501.6441067295755,8550.419620056096,6653.596928286341,0.3606854027384583,0,595.3492738028834,1,0.0,2,1,high,-0.6019120795535214,1.250066022412253,0.32570285665920384,0.6690632347612712,61,4,Imitation_128x128,303,0,0,0.0026886144,0.0,0.0,True,-0.2,True,0.99970704,-0.00029277802,0.00029130292,-8.141147,4.1607424e-07,-14.692402,1.1230234e-06,-13.699486,1.8612819e-07,-15.49683
B_RL_test_00062,baseline,MyopicEconomic,0,24,early,0.6558138612660278,0.22766535990445966,1353.0514007973516,5943.158859850981,3412.923749968226,0.4,1,623.1365100020726,1,0.0,2,0,high,-0.5197297972949666,1.0463883656689934,0.3776908173523991,0.815325111799893,62,24,Imitation_128x128,303,0,0,0.0044904784,0.0,0.0,True,-0.2,True,0.99948657,-0.0005135536,0.00049421506,-7.61254,4.365829e-07,-14.644287,1.7240112e-05,-10.968271,1.4480179e-06,-13.445314
B_RL_test_00063,baseline,PPO,0,24,early,0.6092112298996989,0.14054555952618597,1225.4641336450247,8719.337258155783,3515.256718321031,0.4,0,570.2458398508572,1,0.0,2,0,high,-1.4160968264962555,1.271300483920626,0.2624403200649598,0.5443897374113016,63,5,Imitation_128x128,303,0,0,0.0011659394,0.0,0.0,True,-0.2,True,0.9998938,-0.000106334686,5.1026145e-05,-9.883172,2.831403e-07,-15.077324,5.167876e-05,-9.870463,3.2400105e-06,-12.639934
B_RL_test_00064,baseline,ObservationPlanner,1,23,early,0.7230093447733669,0.4422362425874765,2831.9463335814994,6403.695719310763,4169.321450676664,0.3816100151721653,0,551.480806362687,1,0.0,2,0,high,-0.2311648484074592,0.750470788967369,0.44116609633456183,0.7340685337223977,64,4,Imitation_128x128,303,0,0,0.002064936,0.0,0.0,True,-0.2,True,0.9997843,-0.0002155304,0.00020987746,-8.4689865,1.4250978e-07,-15.763855,5.2223972e-06,-12.162554,4.2524874e-07,-14.670591
B_RL_test_00065,baseline,MyopicEconomic,17,7,late,0.16883788561041613,0.1953397861591348,2930.096792387022,15000.0,2526.854242657849,0.4377581672034112,0,681.087812638456,1,0.0,0,0,low,0.9543120520827897,1.2376231953811616,0.4808156757682948,0.8043152589284366,65,24,Imitation_128x128,303,2,0,0.95879734,27.26733318481513,27.26733318481513,False,0.0,False,0.03823938,-3.2638896,0.16711666,-1.7890632,0.6722808,-0.39707923,0.0021951047,-6.1215253,0.12016811,-2.1188636
B_RL_test_00066,baseline,PPO,4,20,early,0.5446765194422268,1.073252499481339,1483.5483753950894,1382.2920292401186,1193.6200672635655,0.14139800041492867,0,709.3255489273176,1,0.0,1,2,low,0.10872647247335987,1.0882603901869417,0.24807577802657751,0.678805264804511,66,5,Imitation_128x128,303,0,1,0.66374874,44.239417380889336,44.239417380889336,False,-0.2,False,0.8055712,-0.21620369,0.13009262,-2.0395086,0.0029435519,-5.8281384,0.01655507,-4.101063,0.044837505,-3.1047103
B_RL_test_00067,baseline,ObservationPlanner,2,22,early,0.1097643319784132,0.7714368241331376,4333.73462698888,5617.744047749718,3805.298674699541,0.348534859982811,0,858.1554947232789,1,0.0,0,1,high,1.7860277180715896,1.4976221550110438,0.3431977762345563,0.6947477889754374,67,7,Imitation_128x128,303,0,0,0.41814932,0.0,0.0,True,-0.2,True,0.8653381,-0.14463496,0.13032325,-2.0377374,0.0022198828,-6.110301,0.00027480617,-8.199445,0.0018439473,-6.295847
B_RL_test_00068,baseline,MyopicEconomic,0,24,early,0.42653032626779175,0.37421081019193775,2545.965711703852,6803.560031838716,2610.68512423398,0.4,0,666.6578373952274,1,0.0,1,0,low,0.11732619098720778,0.9121918234253104,0.44108451528192855,0.739356466273892,68,14,Imitation_128x128,303,0,0,0.000741258,0.0,0.0,True,-0.2,True,0.9999325,-6.771088e-05,5.9435028e-05,-9.730627,1.9164153e-08,-17.770224,7.717073e-06,-11.772076,2.6584866e-07,-15.140339
B_RL_test_00069,baseline,PPO,1,23,early,0.960812023620709,0.6728979002668548,2168.0837102651412,3222.0099206808827,4198.773867629622,0.2488485489978257,0,483.07543703213923,1,0.0,2,1,high,-1.4919352173107752,1.3055222135338365,0.41763881714870493,0.7592059164002953,69,6,Imitation_128x128,303,0,0,0.0049968907,0.0,0.0,True,-0.2,True,0.9994159,-0.0005841255,0.00057175284,-7.4668036,1.7046067e-07,-15.584761,1.16368865e-05,-11.36133,6.359164e-07,-14.268198
B_RL_test_00070,baseline,ObservationPlanner,4,20,early,0.04844010728093621,1.0,1958.2948491654167,1958.2948491654167,1639.8550914103687,0.3349557074327678,0,910.063873343722,1,0.0,0,1,low,2.389651181165024,1.299545799569939,0.4153647449400546,0.7062253508358912,70,11,Imitation_128x128,303,0,0,1.1421382,0.0,0.0,True,-0.2,True,0.42954576,-0.8450269,0.41833106,-0.8714821,0.016513987,-4.1035476,0.03356272,-3.3943393,0.10204638,-2.282328
B_RL_test_00071,baseline,MyopicEconomic,21,3,late,0.3819574454017667,0.3308075231538171,4962.112847307257,15000.0,3235.427963034861,0.26325602044805047,0,686.9360106943229,1,0.0,1,0,high,0.09105636204004242,1.0313146161355393,0.4853300622396656,0.5238168952882202,71,24,Imitation_128x128,303,0,1,0.9994673,20.589489271932962,20.589489271932962,False,-0.2,False,0.5652023,-0.5705713,0.06782259,-2.6908598,0.3293323,-1.1106877,0.0011776147,-6.744264,0.03646512,-3.311399
B_RL_test_00072,baseline,PPO,0,24,early,0.7588589061208596,0.6809655158039449,4039.6011253995216,5932.166947735064,1816.55993714263,0.4,1,695.702630528886,1,0.0,2,1,low,0.386536536410366,0.930225005718882,0.29112376646152666,0.6081968729634402,72,3,Imitation_128x128,303,0,0,0.004635552,0.0,0.0,True,-0.2,True,0.9994605,-0.00053977966,0.0005329441,-7.537094,2.6214956e-08,-17.456936,6.2552353e-06,-11.982092,2.503371e-07,-15.200458
B_RL_test_00073,baseline,ObservationPlanner,22,2,late,0.4137834712644008,1.029344230852175,514.6721154260874,500.0,5830.51050764666,0.14221314095652096,0,696.2288645930913,1,0.0,1,2,high,0.45941812709734065,1.1789910139310849,0.28356995023331066,0.6877866114164769,73,24,Imitation_128x128,303,2,2,1.2712132,0.0,0.0,True,0.0,True,0.11462672,-2.1660743,0.07385806,-2.6056101,0.40740332,-0.8979516,0.026758911,-3.6208878,0.37735298,-0.97457415
B_RL_test_00074,baseline,MyopicEconomic,7,17,early,0.04053304116497742,0.13505325496414894,2025.7988244622338,14999.999999999998,4168.7212063130455,0.49730623844293537,0,737.1110563485262,1,0.0,0,0,high,1.5965306398868033,0.7644284406291425,0.5561785363345491,0.7034210583296641,74,24,Imitation_128x128,303,2,1,0.22742236,0.9982117901608092,0.9982117901608092,False,0.0,False,0.0035741152,-5.6340375,0.03909215,-3.2418334,0.9509139,-0.050331593,4.8421596e-05,-9.935565,0.006371382,-5.0559387
B_RL_test_00075,baseline,PPO,1,23,early,0.7564671147100324,0.6119493257231801,3427.4907057391165,5600.938773302232,2612.995156430521,0.28013957570482395,0,586.5806523842683,1,0.0,2,1,low,-1.9380212781880286,0.5667805381576572,0.34706457120354495,0.4642840454103798,75,4,Imitation_128x128,303,0,0,0.0056539658,0.0,0.0,True,-0.2,True,0.9993299,-0.00067043304,0.0006527959,-7.334246,3.059969e-07,-14.999691,1.5233622e-05,-11.092006,1.705752e-06,-13.281505
B_RL_test_00076,baseline,ObservationPlanner,3,21,early,0.8732476304401287,1.1162618083955889,3034.364563993472,2718.3269562494356,1933.50347851992,0.10699055328352877,0,582.3405206417185,1,0.0,2,2,low,-0.9456056299759363,0.9330307037393054,0.3516778080616225,0.7294508559928045,76,6,Imitation_128x128,303,0,1,0.26288298,20.356151312253132,20.356151312253132,False,-0.2,False,0.93419045,-0.06807494,0.06159379,-2.7871943,0.0010853237,-6.825877,0.0014077021,-6.5657964,0.001722734,-6.363843
B_RL_test_00077,baseline,MyopicEconomic,16,8,late,0.11924889965361976,0.10632274977041356,1594.8412465562033,14999.999999999998,2621.478144077052,0.3694256144447483,0,739.7602268363717,1,0.0,0,0,low,0.31858297831781607,0.8479897153648971,0.4532158731317911,0.56086922159226,77,24,Imitation_128x128,303,2,2,0.2880581,0.0,0.0,True,0.0,True,0.0014805736,-6.5153255,0.011178248,-4.4937854,0.9324575,-0.06993151,0.00068170746,-7.29091,0.05420188,-2.9150395
B_RL_test_00078,baseline,PPO,3,21,early,0.9540215157636134,1.225,5355.1173299948005,4371.524351016164,3521.0761850454173,0.02,2,565.1217807466435,1,0.0,2,2,high,-0.8075015401694254,1.0321185311846846,0.18971493676975942,0.6519106372702784,78,4,Imitation_128x128,303,0,1,0.35674158,19.22203246319441,19.22203246319441,False,-0.2,False,0.8979377,-0.10765457,0.09647764,-2.338444,0.0031660805,-5.755261,0.0011659657,-6.7542057,0.0012525243,-6.6825943
B_RL_test_00079,baseline,ObservationPlanner,0,24,early,0.6107559122745796,0.35881894687930105,1990.6102300783075,5547.673129835883,2877.475817049848,0.4,0,606.0929451374526,1,0.0,2,0,low,-0.2263729641847368,0.7787968829600019,0.42086284106403515,0.720814474587929,79,1,Imitation_128x128,303,0,0,0.0013376229,0.0,0.0,True,-0.2,True,0.9998722,-0.00012779236,0.00010401349,-9.17099,3.0421248e-08,-17.308125,2.287858e-05,-10.685309,7.78393e-07,-14.066034
B_RL_test_00080,baseline,MyopicEconomic,1,23,early,0.6454988717607186,0.6105344746162854,2483.2239255782656,4067.2951795866175,1869.5339146746887,0.31435377533905284,0,598.6720201337081,1,0.0,2,1,low,-1.0123921144009338,1.1258003834783963,0.39749000470481033,0.5241669124696455,80,2,Imitation_128x128,303,0,0,0.0064047882,0.0,0.0,True,-0.2,True,0.9992482,-0.0007519722,0.0006836874,-7.2880096,2.086334e-07,-15.382687,6.3410516e-05,-9.665881,4.4233557e-06,-12.328611
B_RL_test_00081,baseline,PPO,5,19,early,0.5471971665134849,1.0,820.1402972263885,820.1402972263885,1144.5597734841792,0.21690835041641865,0,654.083534261115,1,0.0,1,1,low,0.4670964360920484,1.0318299041662726,0.39611149708091536,0.7766966329528985,81,24,Imitation_128x128,303,0,0,0.54381895,0.0,0.0,True,-0.2,True,0.8555925,-0.15596104,0.09408836,-2.3635209,0.0010070701,-6.90071,0.030783502,-3.4807763,0.018528564,-3.9884417
B_RL_test_00082,baseline,ObservationPlanner,4,20,early,0.979857188575217,1.0,500.00000000000006,500.00000000000006,1287.0936432178305,0.0352510431562565,3,467.9522389366124,1,0.0,2,1,low,-1.8132668856006082,0.8977841514156312,0.379017546862315,0.6711371551218738,82,7,Imitation_128x128,303,0,2,0.34238237,-68.35334460771696,0.0,False,-0.0,True,0.92844516,-0.07424402,0.03042623,-3.4924502,0.026439646,-3.6328907,0.010078834,-4.5973177,0.0046102745,-5.379468
B_RL_test_00083,baseline,MyopicEconomic,9,15,middle,0.8651092790573723,0.5928297836241365,8892.446754362049,15000.0,2967.3578290978676,0.10333974095211913,0,633.7478036785967,1,0.0,2,1,low,-0.19318881647829222,1.1007255421738986,0.39873602801111796,0.6182139355952364,83,13,Imitation_128x128,303,0,0,0.07659005,0.0,0.0,True,-0.2,True,0.9861813,-0.013915062,0.012899787,-4.3505445,0.00084049697,-7.081517,3.163314e-05,-10.361305,4.6782552e-05,-9.97
B_RL_test_00084,baseline,PPO,0,24,early,0.906174739606605,0.4075748690648555,1513.3767327880428,3713.12572892522,2389.231910536744,0.4,0,427.4413147982198,1,0.0,2,0,low,-2.719303493644447,0.9141938919096755,0.4493131263051819,0.7602119282809829,84,2,Imitation_128x128,303,0,0,0.0018354687,0.0,0.0,True,-0.2,True,0.9998196,-0.00018024445,0.00013982599,-8.875112,1.3404144e-08,-18.1277,4.0343653e-05,-10.118076,3.9633233e-07,-14.741013
B_RL_test_00085,baseline,ObservationPlanner,4,20,early,0.7941548900434988,1.1078584625333887,3538.6924791601796,3194.173803635616,3279.8007078489463,0.113713229973289,0,660.8190807718751,1,0.0,2,2,high,-0.732507953119708,1.414482734313204,0.324414951475154,0.5343499923124448,85,5,Imitation_128x128,303,0,1,0.3991703,53.64015616127699,53.64015616127699,False,-0.2,False,0.8788033,-0.12919426,0.11509387,-2.1620073,0.0013912724,-6.5775366,0.0009771546,-6.930866,0.0037345288,-5.5901337
B_RL_test_00086,baseline,MyopicEconomic,9,15,middle,0.8725517982544201,0.5126492332251752,7689.7384983776265,14999.999999999998,3696.8864482792205,0.17155046543004115,0,578.3838689196426,1,0.0,2,1,high,-0.5739392325338428,0.8405098617483711,0.2825418813098837,0.6386877709365626,86,16,Imitation_128x128,303,0,0,0.08529576,0.0,0.0,True,-0.2,True,0.98437035,-0.01575327,0.014363477,-4.243067,0.0011689558,-6.7516446,2.342338e-05,-10.661777,7.371439e-05,-9.515312
B_RL_test_00087,baseline,PPO,9,15,middle,0.5014289547566524,1.9666253091615,3959.3397123443137,2013.265920000001,9962.41445462283,0.08991769508881849,0,706.7720228447201,1,0.0,1,2,high,0.6498672710491811,1.088206740370783,0.40818789241107123,0.7330825440302011,87,14,Imitation_128x128,303,2,1,0.9585642,55.73651992605255,55.73651992605255,False,0.0,False,0.07030111,-2.6549675,0.18619935,-1.6809373,0.671898,-0.3976487,0.00049610046,-7.608732,0.07110532,-2.6435933
B_RL_test_00088,baseline,ObservationPlanner,10,14,middle,0.01751231497823463,1.0,2062.3705253171834,2062.3705253171834,6848.24600462249,0.42136429596045955,0,823.4542716105796,1,0.0,0,1,high,3.2597985744067355,0.9085305102515508,0.4665674267932232,0.8094894424242502,88,24,Imitation_128x128,303,1,1,0.9819225,0.0,0.0,True,-0.1,True,0.1154633,-2.1588027,0.6394144,-0.44720268,0.21217082,-1.5503638,0.0012500198,-6.684596,0.031701524,-3.4513907
B_RL_test_00089,baseline,MyopicEconomic,14,10,middle,0.1543903474151127,0.14228358458682816,2028.3947818698225,14256.000000000002,3369.936719339581,0.43161391595669496,0,713.1052669663361,1,0.0,0,0,high,1.7888009368239013,0.6988729541935131,0.3328235380263363,0.8188913977778863,89,24,Imitation_128x128,303,2,3,0.6028193,8.046498553436578,8.046498553436578,False,0.0,False,0.018974146,-3.964678,0.06203851,-2.78,0.8393254,-0.17515683,0.0012832287,-6.658376,0.078378685,-2.5462034
B_RL_test_00090,baseline,PPO,10,14,middle,0.7534781431339181,2.315642848909248,2176.249783856102,939.8037287491009,4306.620593893453,0.02,1,646.8127409746123,1,0.0,2,2,high,0.043613096896889136,1.037068499561815,0.565620493324281,0.7959980754214587,90,11,Imitation_128x128,303,2,0,0.79946625,12.47295748320471,12.47295748320471,False,0.0,False,0.054404695,-2.9113047,0.091027424,-2.3965945,0.77000177,-0.26136243,0.0029433668,-5.8282013,0.08162269,-2.5056481
B_RL_test_00091,baseline,ObservationPlanner,20,4,late,0.004203746421753841,0.048369274057587466,725.539110863812,15000.0,1895.838978176145,0.6002317453913092,0,914.2149004138386,1,0.0,0,0,low,2.3382845918220068,0.6741896711819185,0.5199109965055012,0.712837240683555,91,24,Imitation_128x128,303,4,2,0.92041576,-17.73963985028837,0.0,False,0.0,True,0.00055418833,-7.4980063,0.03107756,-3.4712694,0.30457762,-1.1888294,0.048775163,-3.0205343,0.61501545,-0.48610806
B_RL_test_00092,baseline,MyopicEconomic,17,7,late,0.08960262868948717,0.1692689454392299,2056.6176870866434,12150.0,2114.236479504682,0.4353373723168985,0,580.4005404605385,1,0.0,0,0,low,-0.5862659646754461,1.1181404121059324,0.6389081097596125,0.889545304488342,92,22,Imitation_128x128,303,2,3,0.4353529,22.070955021289222,22.070955021289222,False,0.0,False,0.00726788,-4.9242907,0.0057047824,-5.1664505,0.881001,-0.12669659,0.0051299115,-5.272667,0.100896396,-2.293661
B_RL_test_00093,baseline,PPO,5,19,early,0.01220936956066418,1.0,4915.200000000001,4915.200000000001,8492.213570262602,0.4346923481340863,0,876.6096227204597,1,0.0,0,1,high,3.0629373987984785,0.9114223715622548,0.4060270931795948,0.7879782542358003,93,24,Imitation_128x128,303,0,0,0.8132734,0.0,0.0,True,-0.2,True,0.5013585,-0.69043374,0.46876732,-0.7576487,0.0280993,-3.5720105,8.607702e-05,-9.360268,0.0016888098,-6.383731
B_RL_test_00094,baseline,ObservationPlanner,5,19,early,0.9887958087926114,1.0,500.0,500.0,1405.898611797393,0.02,3,392.42144428152614,1,0.0,2,1,low,-1.3976582755334301,0.7487520285556225,0.4855545079422672,0.6876819511748817,94,8,Imitation_128x128,303,0,2,0.43889803,-87.30987679035434,0.0,False,0.0,True,0.8991193,-0.106339455,0.03539213,-3.3412657,0.049693923,-3.0018725,0.010075278,-4.5976706,0.0057193125,-5.1639066
B_RL_test_00095,baseline,MyopicEconomic,14,10,middle,0.23804962142462843,0.1728121909906215,2042.0964107147854,11816.853886341905,2929.6763194070577,0.4715160381848498,0,599.3617573811041,1,0.0,1,0,low,-0.2563260662755433,0.9887072235021326,0.5326297737522329,0.6408928626998098,95,24,Imitation_128x128,303,4,0,1.3564843,56.713739767836955,56.713739767836955,False,0.2,False,0.29625008,-1.2165513,0.1031103,-2.271956,0.1488228,-1.9049988,0.033487592,-3.3965802,0.41832924,-0.8714865
B_RL_test_00096,baseline,PPO,23,1,late,0.057706257325393535,1.0,500.0,500.0,4245.599445238874,0.3531450452789717,0,734.2826019711963,1,0.0,0,1,high,0.63121929203782,0.9721972196766725,0.445765228928636,0.7938713156995721,96,24,Imitation_128x128,303,2,2,0.4555452,0.0,0.0,True,0.0,True,0.003081028,-5.7824917,0.0041651255,-5.4810085,0.8765631,-0.13174653,0.017542887,-4.0431066,0.09864794,-2.3161979
B_RL_test_00097,baseline,ObservationPlanner,0,24,early,0.5202720984178253,0.18164222778984737,336.65413188935815,1853.3913395890145,1585.6471968155172,0.4,0,570.907195146081,1,0.0,1,0,low,-0.6422699443344645,0.5751794844401634,0.5138524784076035,0.5242284254912288,97,24,Imitation_128x128,303,0,0,0.11185124,0.0,0.0,True,-0.2,True,0.9766134,-0.023664474,0.00011570592,-9.064459,8.3047595e-08,-16.303852,0.023248285,-3.761524,2.2525925e-05,-10.700844
B_RL_test_00098,baseline,MyopicEconomic,8,16,middle,0.36105580188544195,0.5128494073419781,7692.741110129673,15000.0,2999.8299614530706,0.1765400580706997,0,745.413405021207,1,0.0,1,1,low,0.9088657953933286,1.3248086092922042,0.36488819247598553,0.5828741555508058,98,22,Imitation_128x128,303,0,0,0.74045515,0.0,0.0,True,-0.2,True,0.73824316,-0.30348206,0.068784535,-2.6767764,0.19022152,-1.659566,8.735048e-05,-9.345582,0.0026634526,-5.928132
B_RL_test_00099,baseline,PPO,1,23,early,0.6935374321243797,0.8015197217681155,3446.4035370911242,4299.836227970183,2308.449944443907,0.3122362038919836,0,638.8794272401572,1,0.0,2,1,low,-0.26689171429934844,0.6907053720958345,0.34363800188548893,0.47058435393170817,99,6,Imitation_128x128,303,0,0,0.0054815346,0.0,0.0,True,-0.2,True,0.999353,-0.000647068,0.0006297216,-7.3702326,9.688817e-08,-16.149708,1.579774e-05,-11.055644,1.2882524e-06,-13.562223
B_RL_test_00000,severe_stress,PPO,2,22,early,0.4166718720179237,0.5570515438200542,5194.628365429958,9325.220301531006,5113.817957246661,0.2675494669086287,0,735.6133585549072,1,0.0,1,1,high,0.7766626320299265,1.1540687281369808,0.34471001732411144,0.8095158963876717,100,9,Imitation_128x128,303,0,0,0.02309977,0.0,0.0,True,-0.2,True,0.99660385,-0.0034017563,0.0033248602,-5.7063274,5.0851995e-05,-9.886591,7.7479535e-06,-11.768082,1.2672436e-05,-11.276081
B_RL_test_00001,severe_stress,ObservationPlanner,5,19,early,0.3882490109490616,1.0006186687674683,1876.0181886488513,1874.8582723922927,1967.1722695860833,0.19101578376353281,0,827.2144458947637,2,1.6,1,2,low,1.6613225481260747,0.841180276874062,0.2960832412250551,0.6198577850919593,101,14,Imitation_128x128,303,0,1,0.70801234,18.710098816591994,18.710098816591994,False,-0.2,False,0.78495663,-0.2421267,0.079582,-2.5309672,0.006284062,-5.069739,0.0047359644,-5.3525696,0.12444131,-2.083921
B_RL_test_00002,severe_stress,MyopicEconomic,1,23,early,0.4350840664284275,0.24334980512276738,1594.1887694297345,6551.017242958067,2311.7540353432664,0.35961980914440683,0,678.8660937176784,1,0.0,1,0,low,0.4546918678629157,0.8585965558808485,0.47150063272009635,0.832595564470931,102,8,Imitation_128x128,303,0,0,0.007578234,0.0,0.0,True,-0.2,True,0.9991486,-0.00085163116,0.00027708054,-8.191202,7.574664e-07,-14.0932865,0.0005251097,-7.5519032,4.8461534e-05,-9.93474
B_RL_test_00003,severe_stress,PPO,4,20,early,0.17384169938551708,0.9999999999999998,4497.415959676926,4497.415959676927,7800.775326931617,0.4070511995665708,0,757.5840193125299,2,1.6,0,1,high,1.033632078382112,1.2276235612338229,0.47864155202413344,0.8531424835747992,103,8,Imitation_128x128,303,0,0,0.26120165,0.0,0.0,True,-0.2,True,0.9289139,-0.07373905,0.07034055,-2.6544065,0.00037948418,-7.8766975,3.0929128e-05,-10.383812,0.000335185,-8.000828
B_RL_test_00004,severe_stress,ObservationPlanner,6,18,early,0.776933689900663,1.008353470396052,2121.113929313534,2103.542053046559,2725.081576561847,0.140064894447816,0,641.2934889559235,2,1.6,2,2,low,0.4602511534154351,1.0830413162393473,0.45980112852588634,0.7412130218716163,104,11,Imitation_128x128,303,0,0,0.36776373,0.0,0.0,True,-0.2,True,0.89491475,-0.111026764,0.09765667,-2.3262973,0.0007293629,-7.223339,0.00078621204,-7.148284,0.005913014,-5.1305995
B_RL_test_00005,severe_stress,MyopicEconomic,7,17,early,0.8025142906744749,0.1102030000105691,1470.0200355926197,13339.201613854762,1638.3929991407078,0.3418930605080054,0,636.3318377891824,2,1.6,2,0,low,-0.04444196082094837,1.1818582927166443,0.48676356778721747,0.6668066982541053,105,12,Imitation_128x128,303,0,0,0.22814433,0.0,0.0,True,-0.2,True,0.9420969,-0.059647083,0.05650623,-2.8734043,8.678534e-06,-11.654658,9.667456e-05,-9.24416,0.0012914877,-6.6519604
B_RL_test_00006,severe_stress,PPO,5,19,early,0.8721603821264096,1.0998398072478652,3950.3923799281415,3591.7888713386624,5815.632777110655,0.02,1,684.1993287360234,2,1.6,2,2,high,0.9316380738118776,0.6386269675984682,0.5197144407917117,0.5755142980102315,106,7,Imitation_128x128,303,0,0,1.0645385,0.0,0.0,True,-0.2,True,0.48567912,-0.72220695,0.38922328,-0.9436019,0.09131245,-2.393468,0.0046291216,-5.375388,0.029155964,-3.5350957
B_RL_test_00007,severe_stress,ObservationPlanner,2,22,early,0.941153837414281,1.0,9600.0,9600.0,6575.139522683609,0.02,1,540.727184687694,1,0.0,2,1,high,-1.7014713346367327,1.0009109290001965,0.4410433472212441,0.6888284147284123,107,5,Imitation_128x128,303,0,0,0.14229201,0.0,0.0,True,-0.2,True,0.97023857,-0.030213356,0.027646799,-3.5882454,0.0019312379,-6.249594,8.4570434e-05,-9.377926,9.8876255e-05,-9.221642
B_RL_test_00008,severe_stress,MyopicEconomic,3,21,early,0.46800086187321227,0.3932877923561791,4242.888278486691,10788.253184945392,4666.187714582823,0.3364305752596788,0,619.1106237784993,1,0.0,1,0,high,-0.39024726220835865,0.9356708536559166,0.4388010593340236,0.8167731441495508,108,6,Imitation_128x128,303,0,0,0.0071182805,0.0,0.0,True,-0.2,True,0.9991441,-0.00085639954,0.0008069356,-7.122267,3.927677e-05,-10.144877,6.055409e-06,-12.014559,3.5192713e-06,-12.557257
B_RL_test_00009,severe_stress,PPO,2,22,early,0.6161913093291045,0.5250073090912045,3060.6138934986757,5829.659588542955,3652.883738387161,0.3644789563273006,0,573.8508323546777,1,0.0,2,1,high,-0.11325674064309288,0.5753649050646394,0.44374303847723623,0.8737371263430239,109,5,Imitation_128x128,303,0,0,0.008476481,0.0,0.0,True,-0.2,True,0.99894017,-0.0010604858,0.0010303762,-6.8778315,2.7159651e-06,-12.816363,2.0895772e-05,-10.775964,5.8406154e-06,-12.050674
B_RL_test_00010,severe_stress,ObservationPlanner,1,23,early,0.9138404870515462,0.8336148063277276,1604.158451919865,1924.340162558492,1727.6845770750347,0.02,1,575.1760875918158,1,0.0,2,1,low,-0.4838409806239353,0.8413063321790891,0.4391246703190555,0.6872603844075084,110,4,Imitation_128x128,303,0,0,0.1544611,0.0,0.0,True,-0.2,True,0.9698649,-0.030598402,0.024932573,-3.69158,0.0017797854,-6.3312626,0.0024486035,-6.0122375,0.00097408384,-6.9340134
B_RL_test_00011,severe_stress,MyopicEconomic,4,20,early,0.6259546933303869,0.44865801078481937,5072.576936786621,11306.110255143705,2986.8511662016085,0.2571121325345216,0,667.5995820019157,2,1.6,2,0,low,0.6701751736113165,1.1556843223065958,0.3527015341276848,0.6125902414428819,111,6,Imitation_128x128,303,0,0,0.02452424,0.0,0.0,True,-0.2,True,0.9963153,-0.0036916733,0.0036558865,-5.611417,8.384108e-06,-11.689173,6.2021786e-06,-11.99061,1.4258176e-05,-11.15818
B_RL_test_00012,severe_stress,PPO,7,17,early,0.5738788763763731,1.0160239515840837,1150.4354262240656,1132.2916398087082,1935.3231653427192,0.18718083873273306,0,719.5123947019736,2,1.6,1,2,low,0.9772288051966393,0.9509734753112715,0.46436674060322847,0.7302773060708184,112,9,Imitation_128x128,303,0,1,0.54654986,19.62120421677446,19.62120421677446,False,-0.2,False,0.84958047,-0.16301274,0.08398613,-2.4771037,0.001174699,-6.746743,0.0036152925,-5.622583,0.061643347,-2.78639
B_RL_test_00013,severe_stress,ObservationPlanner,2,22,early,0.9314582456168501,0.6919830412331085,2007.0177052663607,2900.385682414804,2408.1872813445257,0.2947446355756634,0,496.3313094061973,1,0.0,2,1,low,-1.736257804977541,1.0740468656905695,0.3667052714676963,0.6175553539035563,113,3,Imitation_128x128,303,0,0,0.005877779,0.0,0.0,True,-0.2,True,0.9993086,-0.0006914139,0.00065270875,-7.334379,8.27638e-08,-16.307274,3.741836e-05,-10.193349,1.2397386e-06,-13.60061
B_RL_test_00014,severe_stress,MyopicEconomic,1,23,early,0.5271408732435738,0.7017806288528439,6543.9437847632835,9324.771183069348,3885.4089210235634,0.42337198126547393,0,675.8104456583286,1,0.0,1,1,high,-0.6684220948261075,1.1138218846795502,0.3991183392656671,0.6578988792549979,114,2,Imitation_128x128,303,0,0,0.0014588896,0.0,0.0,True,-0.2,True,0.99985194,-0.00014781952,0.00014717544,-8.823885,3.4247552e-08,-17.189651,7.55767e-07,-14.095532,7.2450916e-08,-16.440355
B_RL_test_00015,severe_stress,PPO,0,24,early,0.8827892318835304,0.7750439435362315,7010.115307667944,9044.797222314191,5056.69050475539,0.4,0,530.7452935881225,1,0.0,2,1,high,-1.857567923464245,1.5996820862393486,0.20504247408141998,0.6309168474085493,115,1,Imitation_128x128,303,0,0,0.0011853316,0.0,0.0,True,-0.2,True,0.99988246,-0.00011730194,0.00011706175,-9.052809,9.566162e-09,-18.465034,5.317135e-07,-14.447161,2.5593835e-08,-17.480915
B_RL_test_00016,severe_stress,ObservationPlanner,2,22,early,0.9303009848476829,1.0,9600.0,9600.0,6088.8328922062965,0.02,1,576.6080377234201,1,0.0,2,1,high,-0.4401584506355456,1.0497642801219806,0.40754786971653073,0.5611451094235479,116,3,Imitation_128x128,303,0,0,0.27855262,0.0,0.0,True,-0.2,True,0.9271538,-0.07563567,0.06863713,-2.6789215,0.0038245972,-5.5663023,0.00012316255,-9.002006,0.0002612952,-8.24986
B_RL_test_00017,severe_stress,MyopicEconomic,6,18,early,0.7768153545458911,0.40930999507012233,6139.649926051834,14999.999999999998,5866.334776902437,0.1954478274580968,0,694.7630917863607,2,1.6,2,0,high,1.1733858159969814,0.7571982460402745,0.28812725488404634,0.8037034744292322,117,9,Imitation_128x128,303,0,0,0.0404624,0.0,0.0,True,-0.2,True,0.99334323,-0.006679058,0.006581951,-5.023424,5.416145e-05,-9.823542,3.0605263e-06,-12.696924,1.7628076e-05,-10.946018
B_RL_test_00018,severe_stress,PPO,6,18,early,0.9037274035148669,1.3043053922444858,2625.6889312815624,2013.0936718456728,3661.6467780397475,0.02,1,661.2703781829231,2,1.6,2,2,high,0.783350719956263,0.519994892666678,0.3439098168059432,0.6750775086741557,118,10,Imitation_128x128,303,0,2,1.3219476,44.98419754496899,44.98419754496899,False,-0.2,False,0.34508178,-1.0639739,0.32522368,-1.1232421,0.24184263,-1.4194682,0.010691776,-4.5382805,0.07716018,-2.5618718
B_RL_test_00019,severe_stress,ObservationPlanner,1,23,early,0.5225384016325821,0.8831844316605247,4188.129520917361,4742.078065215692,2842.7474317976203,0.33006626442034487,0,657.7004203308887,1,0.0,1,1,low,0.008801761928701954,1.281540519190883,0.5907284257417467,0.640373467956049,119,7,Imitation_128x128,303,0,0,0.018474018,0.0,0.0,True,-0.2,True,0.9973699,-0.0026335716,0.0025936824,-5.9546766,3.0413694e-06,-12.703203,2.336049e-05,-10.664465,9.99443e-06,-11.513483
B_RL_test_00020,severe_stress,MyopicEconomic,5,19,early,0.9903273726904043,0.7235343520892216,9364.720559533289,12943.021340303261,5857.857629745934,0.02,1,514.2749941083653,2,1.6,2,1,high,-1.4821096191035665,1.036690732347569,0.2978889158652708,0.5594487500561349,120,7,Imitation_128x128,303,0,0,0.06431907,0.0,0.0,True,-0.2,True,0.989144,-0.010915279,0.00945955,-4.6607304,0.0013457893,-6.6107745,2.4191055e-05,-10.629528,2.6579017e-05,-10.535389
B_RL_test_00021,severe_stress,PPO,0,24,early,0.952856086691239,0.6390721954551879,1575.6809170081594,2465.5757647003547,2983.166026826811,0.4,1,437.37277351007333,1,0.0,2,1,low,-2.4253689918491133,0.8437459054517884,0.339367546935539,0.6145889537406355,121,3,Imitation_128x128,303,0,0,0.023748389,0.0,0.0,True,-0.2,True,0.99648064,-0.003525734,0.0034533,-5.668425,2.823104e-06,-12.777674,5.9913233e-05,-9.722613,3.3047004e-06,-12.620165
B_RL_test_00022,severe_stress,ObservationPlanner,6,18,early,0.8420111540845878,1.2249999999999999,1778.1684954270095,1451.5661187159262,3270.993987484063,0.02,1,656.6347725637011,2,1.6,2,2,high,0.5250911873728785,1.0225740464416466,0.5763159361893628,0.6742307684177278,122,9,Imitation_128x128,303,2,2,1.3383352,0.0,0.0,True,0.0,True,0.26459694,-1.3295476,0.2148542,-1.5377957,0.4047331,-0.90452754,0.012856975,-4.353869,0.10295882,-2.2734263
B_RL_test_00023,severe_stress,MyopicEconomic,2,22,early,0.8311454201682336,0.5229275424069387,7843.913136104081,15000.0,6830.231827298405,0.20253138521525418,0,597.884195380762,1,0.0,2,1,high,0.24134772804040389,1.3810949496954836,0.24254573603279125,0.7506369767835125,123,5,Imitation_128x128,303,0,0,0.0028327182,0.0,0.0,True,-0.2,True,0.99968946,-0.00031089783,0.00030870253,-8.083133,1.3242267e-06,-13.534682,4.840414e-07,-14.541096,1.0397606e-07,-16.079105
B_RL_test_00024,severe_stress,PPO,2,22,early,0.8642852064172054,0.6675057313785617,2305.939145833296,3454.5608186329287,2026.5878802852524,0.06325948422561593,0,590.1525426782189,1,0.0,2,1,low,-2.0101277777033815,1.478343626097419,0.4308653496981941,0.530824615742716,124,3,Imitation_128x128,303,0,0,0.04176747,0.0,0.0,True,-0.2,True,0.9934661,-0.0065555573,0.0059515857,-5.124098,3.461555e-05,-10.271208,0.00042667543,-7.759487,0.00012106604,-9.019175
B_RL_test_00025,severe_stress,ObservationPlanner,1,23,early,0.9230822556998987,0.7019633566330249,2407.255806884243,3429.3183314164326,2132.473316032242,0.02,1,572.8295723806025,1,0.0,2,1,low,-1.0508383580584602,0.7887385917443512,0.307348428917548,0.5336745085892886,125,4,Imitation_128x128,303,0,0,0.08654755,0.0,0.0,True,-0.2,True,0.98435366,-0.015769958,0.014268573,-4.249696,0.00035770595,-7.935799,0.0008074304,-7.1216536,0.0002126729,-8.455755
B_RL_test_00026,severe_stress,MyopicEconomic,3,21,early,0.6771584225464135,0.4334220552491781,6501.330828737671,15000.0,6516.058797860334,0.21084889268126272,0,618.5060310757419,1,0.0,2,0,high,-0.8487921202430904,0.9644137800497737,0.41649155616272776,0.8018488833642444,126,6,Imitation_128x128,303,0,0,0.028005287,0.0,0.0,True,-0.2,True,0.9960873,-0.003920555,0.002798474,-5.878681,0.0011023793,-6.8102846,4.2617557e-06,-12.365829,7.501288e-06,-11.800436
B_RL_test_00027,severe_stress,PPO,7,17,early,0.9794303532191574,1.5006249999999994,2233.663407376808,1488.4887346117844,3613.5546788692905,0.02,2,531.7483152393892,2,1.6,2,2,high,-0.4425082286603216,0.8392601629979316,0.5331463867747503,0.7045610005896411,127,8,Imitation_128x128,303,2,0,1.2358623,4.361273791280155,4.361273791280155,False,0.0,False,0.34874296,-1.0534201,0.1841447,-1.6920334,0.41070902,-0.8898703,0.012051394,-4.418575,0.04435188,-3.1156003
B_RL_test_00028,severe_stress,ObservationPlanner,0,24,early,0.7918132670670824,0.315123682209895,1480.0754024988344,4696.8079076741615,2278.444071317703,0.4,0,476.49642618302425,1,0.0,2,0,low,-2.0485506467438626,0.6815482883078391,0.3819575070249458,0.8591634595862108,128,4,Imitation_128x128,303,0,0,0.0015616771,0.0,0.0,True,-0.2,True,0.99985087,-0.0001487732,9.9086334e-05,-9.219519,3.482235e-08,-17.173006,4.9595426e-05,-9.911612,4.981333e-07,-14.512398
B_RL_test_00029,severe_stress,MyopicEconomic,4,20,early,0.8033574653262319,0.2934697064267671,2863.7622568244174,9758.289166173427,2106.395876993439,0.1911581694323644,0,707.929516947412,2,1.6,2,0,low,1.4081782222310821,1.1454430642322595,0.1524521085135705,0.686066795455444,129,11,Imitation_128x128,303,0,0,0.014396104,0.0,0.0,True,-0.2,True,0.9980438,-0.0019578934,0.0019134689,-6.258837,2.0472314e-06,-13.099022,1.9500842e-05,-10.845053,2.1148995e-05,-10.763918
B_RL_test_00030,severe_stress,PPO,2,22,early,0.3930271272446514,0.7230964992230754,2537.3396605380967,3508.9917642587384,3972.151885512717,0.38976284638487163,0,683.7439944050008,1,0.0,1,1,high,0.36049063728598935,0.6978249320066493,0.4584913795995479,0.7048195239783651,130,7,Imitation_128x128,303,0,0,0.029650437,0.0,0.0,True,-0.2,True,0.9954757,-0.0045347214,0.004391832,-5.428009,1.0187935e-05,-11.494307,7.911428e-05,-9.444617,4.307605e-05,-10.052544
B_RL_test_00031,severe_stress,ObservationPlanner,5,19,early,0.9546987231828551,1.225,1090.0667715457148,889.8504257516039,1181.8525818604196,0.02,1,601.2917641619872,2,1.6,2,2,low,-0.4494291645959675,1.2133114246152,0.5382540007993669,0.5509989301790695,131,6,Imitation_128x128,303,0,0,1.2464077,0.0,0.0,True,-0.2,True,0.5171319,-0.6594573,0.1862609,-1.680607,0.2069579,-1.5752399,0.022148412,-3.8099897,0.0675009,-2.6956143
B_RL_test_00032,severe_stress,MyopicEconomic,0,24,early,0.6821034197939189,0.6964197399644306,8738.828413024821,12548.220435955986,6254.032431135801,0.4,0,655.121411864739,1,0.0,2,1,high,0.07233569176205216,1.0330987645795806,0.5532516681278125,0.8240805632894571,132,9,Imitation_128x128,303,0,0,0.0006262994,0.0,0.0,True,-0.2,True,0.9999418,-5.8174133e-05,5.7880243e-05,-9.757134,8.542813e-09,-18.578175,1.9472319e-07,-15.451687,1.182163e-08,-18.253334
B_RL_test_00033,severe_stress,PPO,3,21,early,0.8656298298742936,1.2249999999999999,3366.5276172647314,2748.1858100120257,1736.8128697309855,0.02,1,642.2010355136549,1,0.0,2,2,low,-0.569740014719955,0.9772691096688223,0.5020581483713409,0.5604406923181983,133,5,Imitation_128x128,303,0,0,0.72151154,0.0,0.0,True,-0.2,True,0.718584,-0.3304726,0.25097936,-1.3823845,0.0121794585,-4.4080043,0.0046086465,-5.379821,0.013648538,-4.2941227
B_RL_test_00034,severe_stress,ObservationPlanner,6,18,early,0.9599025264082925,1.2469872232469077,819.9497895790572,657.5446598755602,2245.722265453572,0.07882788984505502,0,552.4497873515605,2,1.6,2,2,low,-0.5568992969228953,1.1557145411930765,0.33555444694239067,0.7880201275407003,134,8,Imitation_128x128,303,0,2,0.40750533,22.245915802534,22.245915802534,False,-0.2,False,0.88574785,-0.12132287,0.101368055,-2.2889972,0.0034867402,-5.658788,0.0016859777,-6.3854094,0.007711372,-4.8650594
B_RL_test_00035,severe_stress,MyopicEconomic,1,23,early,0.7399868189734163,0.3399015402607635,1845.2331416834586,5428.728390780001,2727.8239958769,0.28400901187449423,0,533.8944637613272,1,0.0,2,0,low,-1.6769227877276522,1.0197454526672802,0.36430119712109293,0.39029351173850463,135,4,Imitation_128x128,303,0,0,0.0032360717,0.0,0.0,True,-0.2,True,0.99965763,-0.00034236908,0.00028936312,-8.147828,7.092555e-07,-14.15905,4.9576243e-05,-9.911999,2.7064882e-06,-12.819859
B_RL_test_00036,severe_stress,PPO,16,8,late,0.3118847260717725,1.0,500.0,500.0,2454.9755549353904,0.1270905630381849,0,761.0107431952268,2,1.6,1,1,low,0.7987720270045131,0.8271682697862274,0.4029096007715378,0.7093812837974224,136,24,Imitation_128x128,303,4,2,0.6264871,51.953122851331074,51.953122851331074,False,0.2,False,0.116652496,-2.1485558,0.018877368,-3.9697914,0.030031076,-3.5055225,0.007885703,-4.842704,0.82655334,-0.19049072
B_RL_test_00037,severe_stress,ObservationPlanner,4,20,early,0.9438664663311256,1.1266676831828484,2337.657878664597,2074.842399012181,2671.2774125862343,0.09866585345372143,0,646.0207764191298,2,1.6,2,2,low,-1.2539493473761563,1.107970464256297,0.20714979550495394,0.5822403131144498,137,5,Imitation_128x128,303,0,0,0.24437976,0.0,0.0,True,-0.2,True,0.93726885,-0.064785,0.060880776,-2.7988377,0.0002526372,-8.283556,0.00038515078,-7.8618755,0.0012126093,-6.7149806
B_RL_test_00038,severe_stress,MyopicEconomic,4,20,early,0.9109789387204008,0.798495095201021,8951.99355393873,11211.081455278152,4927.59608061142,0.19084067555623632,0,652.9248733731681,2,1.6,2,1,high,0.4441157710907515,0.9390821754564493,0.4005351522638762,0.7348842428889295,138,9,Imitation_128x128,303,0,0,0.017980043,0.0,0.0,True,-0.2,True,0.9974324,-0.002571106,0.0025538127,-5.970168,7.5748585e-06,-11.790676,3.0247104e-06,-12.708695,3.2521539e-06,-12.636193
B_RL_test_00039,severe_stress,PPO,4,20,early,0.9784827512079856,1.069466509324007,2537.483680772115,2372.663060179433,2137.0096661463617,0.02,1,566.7124163652842,2,1.6,2,2,low,-0.9910608771563214,1.0687565486503725,0.32931114337766065,0.480487284890949,139,6,Imitation_128x128,303,0,1,0.9181658,5.246628571728934,5.246628571728934,False,-0.2,False,0.7032245,-0.35207915,0.14080042,-1.9604119,0.121562585,-2.107326,0.0122907255,-4.3989105,0.022121824,-3.8111906
B_RL_test_00040,severe_stress,ObservationPlanner,4,20,early,0.28512415317950746,0.7535326114404304,1839.2176910013982,2440.7937534191183,2159.6985599955833,0.5363117668805257,0,714.8132690760597,2,1.6,1,1,low,0.3911514500331968,1.2544957364432432,0.6953851683896436,0.6634477604756893,140,10,Imitation_128x128,303,0,0,0.45713088,0.0,0.0,True,-0.2,True,0.8450797,-0.16832447,0.14921139,-1.9023914,3.5542487e-06,-12.547367,0.0004218308,-7.7709064,0.0052834833,-5.24317
B_RL_test_00041,severe_stress,MyopicEconomic,6,18,early,0.20086797113615712,0.12716522241927988,1907.478336289198,15000.0,3748.9872853351985,0.3683525844882146,0,758.9756291691266,2,1.6,1,0,high,1.3455774008055212,0.8534561755749168,0.47756049876243367,0.5444764634918892,141,24,Imitation_128x128,303,1,1,0.65360487,0.0,0.0,True,-0.1,True,0.12966155,-2.0428276,0.80323285,-0.21911049,0.011637897,-4.4534883,6.3386244e-05,-9.666264,0.05540426,-2.8930986
B_RL_test_00042,severe_stress,PPO,6,18,early,0.9623827095974269,1.6679803131757132,4171.528143637945,2500.9456710527106,3773.2694503359917,0.019724329481097452,2,669.1783429313944,2,1.6,2,2,high,0.22909678781778126,0.879346771579291,0.2553585836990128,0.47150706749456744,142,7,Imitation_128x128,303,0,0,1.0855932,0.0,0.0,True,-0.2,True,0.5184018,-0.6570048,0.3467132,-1.0592575,0.09200645,-2.3858967,0.009911881,-4.6140213,0.032966647,-3.412259
B_RL_test_00043,severe_stress,ObservationPlanner,3,21,early,0.8794035173799283,1.295281415043853,4009.8569232642403,3095.741880252704,4615.157409787453,0.04164321112005153,2,557.8206986773903,1,0.0,2,2,high,-0.4983394640877816,1.1813366229036073,0.33760433114928884,0.7006270214394502,143,5,Imitation_128x128,303,0,0,0.5658811,0.0,0.0,True,-0.2,True,0.83848727,-0.17615604,0.1157157,-2.156619,0.037276424,-3.2893944,0.0028087771,-5.875006,0.005711942,-5.1651964
B_RL_test_00044,severe_stress,MyopicEconomic,1,23,early,0.3804055255840845,0.4356105149118464,1917.2409136349572,4401.273265919546,1396.0437312022414,0.27772017904346236,0,763.689211874541,1,0.0,1,0,low,0.09031488076551453,1.5566656761988789,0.21693195513352462,0.675601763777255,144,6,Imitation_128x128,303,0,0,0.011460221,0.0,0.0,True,-0.2,True,0.9986363,-0.001364708,0.00071024115,-7.249906,7.7285057e-07,-14.07318,0.00061301136,-7.397127,3.9751158e-05,-10.132872
B_RL_test_00045,severe_stress,PPO,1,23,early,0.5252960888755148,0.678798280687371,2547.8616237063934,3753.4886227560182,3463.9678318351735,0.3321768339442812,0,589.1816032979989,1,0.0,1,1,high,-0.7434848889073253,0.7769566157120102,0.4900627923832935,0.6806089276604373,145,5,Imitation_128x128,303,0,0,0.01845186,0.0,0.0,True,-0.2,True,0.99748945,-0.0025138855,0.0023078627,-6.0714335,7.777869e-05,-9.461643,9.046111e-05,-9.310591,3.4458863e-05,-10.275744
B_RL_test_00046,severe_stress,ObservationPlanner,3,21,early,0.30996818945811205,0.6254466564642434,4524.096955008408,7233.3857863816875,5497.876932608729,0.3959841218584353,0,678.2001978321048,1,0.0,1,1,high,0.04468770119945725,1.1100338854838319,0.466752765563234,0.8465379303694447,146,10,Imitation_128x128,303,0,0,0.01678372,0.0,0.0,True,-0.2,True,0.99766314,-0.00233984,0.0022854055,-6.081212,3.6152745e-05,-10.227758,8.125943e-06,-11.720449,7.297315e-06,-11.828005
B_RL_test_00047,severe_stress,MyopicEconomic,8,16,middle,0.9967577336578811,1.0,13500.0,13500.0,5426.792941577646,0.013091152856206597,5,584.0432940268033,2,1.6,2,1,high,0.6794578365423228,1.2605601452914865,0.39418557739057486,0.663345949117258,147,9,Imitation_128x128,303,0,1,0.70030063,72.45552604368004,72.45552604368004,False,-0.2,False,0.77344984,-0.2568946,0.08783312,-2.4323168,0.13620345,-1.9936056,0.0006031649,-7.41332,0.0019104365,-6.2604237
B_RL_test_00048,severe_stress,PPO,3,21,early,0.22787425817632054,1.0,3496.625410377927,3496.625410377927,4282.18936652522,0.2394748583802661,0,739.214628121166,1,0.0,1,1,high,0.8746453651728925,1.2289568893253286,0.34581064897313346,0.5645890100507188,148,9,Imitation_128x128,303,0,0,1.0101241,0.0,0.0,True,-0.2,True,0.62467366,-0.47052586,0.21499051,-1.5371614,0.12293469,-2.096102,0.0011504714,-6.7675834,0.03625068,-3.3172972
B_RL_test_00049,severe_stress,ObservationPlanner,1,23,early,0.6731811649547996,0.9726606164077489,3588.890871328263,3689.7668218364097,1771.293887873303,0.2761134340909944,0,669.7600350697134,1,0.0,2,1,low,0.2671931472578545,0.946027321721571,0.49805137706200514,0.8348476688154185,149,6,Imitation_128x128,303,0,0,0.013441111,0.0,0.0,True,-0.2,True,0.9981939,-0.0018076897,0.001761024,-6.34186,3.1851928e-07,-14.959582,3.9573926e-05,-10.137341,5.138435e-06,-12.178762
B_RL_test_00050,severe_stress,MyopicEconomic,2,22,early,0.5673679412873048,0.35772344139632345,3206.7755748600625,8964.398761073253,2779.934063955163,0.26209743594497137,0,655.6670458752743,1,0.0,1,0,low,-0.44078875144303553,0.8380510296018817,0.3871942516794568,0.6034522769722803,150,11,Imitation_128x128,303,0,0,0.005020875,0.0,0.0,True,-0.2,True,0.9994261,-0.00057411194,0.0005378686,-7.5278964,3.0576307e-06,-12.69787,2.3253346e-05,-10.669062,9.622828e-06,-11.551373
B_RL_test_00051,severe_stress,PPO,3,21,early,0.9551168147487235,1.5006249999999999,5941.556651718679,3959.3880228029516,2763.0243702744724,0.02,3,599.6707598627692,1,0.0,2,2,low,-1.1207786885627906,1.002766217469849,0.3503577515463789,0.617426829756258,151,4,Imitation_128x128,303,0,0,0.31208694,0.0,0.0,True,-0.2,True,0.9239362,-0.07911229,0.06446181,-2.7416823,0.007352028,-4.9127793,0.0022975067,-6.0759306,0.0019523228,-6.238735
B_RL_test_00052,severe_stress,ObservationPlanner,7,17,early,0.8423116195140266,1.0028847891375086,525.1376631518262,523.627109354655,1764.5634784849206,0.17445580730668783,0,621.9663069438811,2,1.6,2,2,low,-0.23877457474671135,0.7227125995562862,0.4726893086707423,0.6581244204937098,152,12,Imitation_128x128,303,0,0,0.29781747,0.0,0.0,True,-0.04512201,True,0.9283595,-0.07433629,0.05954911,-2.820954,0.00041629598,-7.784114,0.0021818175,-6.127597,0.009493205,-4.6571794
B_RL_test_00053,severe_stress,MyopicEconomic,10,14,middle,0.9750360126947729,0.21997445309370525,3299.6167964055785,14999.999999999998,1790.0019683562887,0.09487484313454006,0,548.0169029670456,2,1.6,2,0,low,-0.3870103738071509,1.0471457565478777,0.4977787279614221,0.8372278510245246,153,13,Imitation_128x128,303,0,0,0.06056882,0.0,0.0,True,-0.2,True,0.99069655,-0.009346962,0.0058755437,-5.1369567,0.0029126783,-5.838682,7.7745455e-05,-9.46207,0.0004376117,-7.7341785
B_RL_test_00054,severe_stress,PPO,4,20,early,0.9526443675344505,1.2245366026332696,5415.3743154517815,4422.386643083143,4963.6253396735765,0.13322072171365323,0,603.5576050324527,2,1.6,2,2,high,-1.255506772438249,0.9360305659296442,0.363464744617099,0.5373903131399516,154,5,Imitation_128x128,303,0,1,0.27423385,50.931026764490525,50.931026764490525,False,-0.2,False,0.92342657,-0.07966423,0.07600447,-2.5769634,0.00026359587,-8.241094,7.0256e-05,-9.563365,0.00023516134,-8.355239
B_RL_test_00055,severe_stress,ObservationPlanner,4,20,early,0.9926894715730625,1.4555291881444832,7864.4011408301085,5403.1215621692145,4714.023653189749,0.017926995087853816,3,612.5651531578951,2,1.6,2,2,high,-0.5512478562946606,1.0949289310713148,0.2282812754865429,0.5039575619771754,155,5,Imitation_128x128,303,0,0,0.5915703,0.0,0.0,True,-0.2,True,0.79740477,-0.22639298,0.18005522,-1.7144918,0.016688323,-4.093046,0.0023709417,-6.0444684,0.0034808037,-5.660492
B_RL_test_00056,severe_stress,MyopicEconomic,1,23,early,0.5035782277571821,0.36165326586457647,2805.064307796412,7756.225568959157,2150.277309475043,0.30578845198468124,0,667.7641115927946,1,0.0,1,0,low,0.491521608931922,0.7981409760756403,0.40301955099779874,0.725467639639309,156,7,Imitation_128x128,303,0,0,0.0035639186,0.0,0.0,True,-0.2,True,0.99961805,-0.00038194656,0.00032940222,-8.01823,6.0942176e-07,-14.310755,4.5414716e-05,-9.999674,6.537221e-06,-11.937998
B_RL_test_00057,severe_stress,PPO,5,19,early,0.909841616476469,1.4153390976028188,4749.889655171302,3356.0082267325633,3261.7861913498973,0.06668605580810198,0,714.5335659902294,2,1.6,2,2,high,0.29734423011214695,1.2126248846903505,0.3002933541740706,0.833479734810448,157,6,Imitation_128x128,303,0,1,0.42865315,11.318199145885046,11.318199145885046,False,-0.2,False,0.85486114,-0.15681624,0.1426859,-1.9471095,0.00048769385,-7.6258225,0.00028051581,-8.178881,0.0016846671,-6.3861876
B_RL_test_00058,severe_stress,ObservationPlanner,5,19,early,0.04835967530168532,0.26907861031756075,859.117241974016,3192.8113533814685,2912.9931262002365,0.540473495081097,0,797.0411241109779,2,1.6,0,0,low,2.782688012161225,0.6915874271637731,0.4819950280080346,0.698112208087694,158,24,Imitation_128x128,303,1,0,0.97045666,3.809456609712356,3.809456609712356,False,-0.1,False,0.10537993,-2.250183,0.48565128,-0.7222645,3.800439e-05,-10.177809,0.0027522587,-5.895334,0.4061785,-0.9009626
B_RL_test_00059,severe_stress,MyopicEconomic,9,15,middle,0.7111854071180429,0.14119385208636528,2117.9077812954793,15000.0,1820.7155674506828,0.2505661397389287,0,726.7811467964113,2,1.6,2,0,low,0.971453190840694,1.533171519635366,0.4781722323867211,0.6056363128937179,159,24,Imitation_128x128,303,0,0,0.4434982,0.0,0.0,True,-0.2,True,0.855294,-0.15631008,0.13748275,-1.9842569,0.00013704142,-8.895227,0.00014647914,-8.828628,0.006939721,-4.970494
B_RL_test_00060,severe_stress,PPO,3,21,early,0.8255024590965289,0.8644525884552394,1439.0777459067222,1664.7272101739288,1549.1050055627006,0.2061728985927113,0,625.262744109826,1,0.0,2,1,low,0.4676162543727831,0.8860136480030804,0.311185290065238,0.9046832844889655,160,4,Imitation_128x128,303,0,0,0.05477452,0.0,0.0,True,-0.2,True,0.9910411,-0.008999348,0.007916508,-4.838805,4.396063e-06,-12.334802,0.00092171464,-6.989275,0.00011622676,-9.059967
B_RL_test_00061,severe_stress,ObservationPlanner,3,21,early,0.9328907340488062,1.2249999999999999,6703.528982123979,5472.268556835902,6488.154144764619,0.02,2,559.1334385848705,1,0.0,2,2,high,-0.6019120795535214,1.250066022412253,0.32570285665920384,0.6690632347612712,161,4,Imitation_128x128,303,0,0,0.4792236,0.0,0.0,True,-0.2,True,0.8499541,-0.16257286,0.13540308,-1.9994991,0.012009473,-4.4220595,0.0007342013,-7.2167273,0.0018991373,-6.2663555
B_RL_test_00062,severe_stress,MyopicEconomic,8,16,middle,0.9487828627568947,0.2782140346366669,4173.2105195500035,15000.0,4276.697932838302,0.11480102279632093,0,619.752387353713,2,1.6,2,0,high,-0.5197297972949666,1.0463883656689934,0.3776908173523991,0.815325111799893,162,13,Imitation_128x128,303,0,0,0.03517151,0.0,0.0,True,-0.2,True,0.99442154,-0.0055942535,0.0054626563,-5.2098203,6.7519766e-05,-9.60309,7.0488377e-06,-11.862648,4.130874e-05,-10.094437
B_RL_test_00063,severe_stress,PPO,1,23,early,0.791088375339115,0.2913549668642458,2032.3377743425297,6975.469806524627,3403.9167794934497,0.25531621104206104,0,570.2152423770772,1,0.0,2,0,high,-1.4160968264962555,1.271300483920626,0.2624403200649598,0.5443897374113016,163,5,Imitation_128x128,303,0,0,0.0019785545,0.0,0.0,True,-0.2,True,0.9997985,-0.00020170212,0.00018488248,-8.595791,1.9552384e-07,-15.447583,1.5215931e-05,-11.093167,1.1611775e-06,-13.666077
B_RL_test_00064,severe_stress,ObservationPlanner,2,22,early,0.6826351159490309,0.5427171272258478,2780.316275530237,5122.95657544861,4374.566437472475,0.3872400641215184,0,558.572914503709,1,0.0,2,1,high,-0.2311648484074592,0.750470788967369,0.44116609633456183,0.7340685337223977,164,4,Imitation_128x128,303,0,0,0.0052796374,0.0,0.0,True,-0.2,True,0.9993795,-0.000620842,0.00060608605,-7.4084888,7.5236943e-07,-14.100039,1.1900036e-05,-11.338969,1.7711137e-06,-13.243902
B_RL_test_00065,severe_stress,MyopicEconomic,6,18,early,0.6599472970753796,0.22131611208056978,3319.7416812085467,15000.0,2423.8621118241194,0.25542319236921396,0,672.2526521897478,2,1.6,2,0,low,0.9543120520827897,1.2376231953811616,0.4808156757682948,0.8043152589284366,165,24,Imitation_128x128,303,0,0,0.20391819,0.0,0.0,True,-0.2,True,0.9495843,-0.05173111,0.04969543,-3.0018425,0.000105769126,-9.154252,2.5040015e-05,-10.595036,0.0005895144,-7.4362116
B_RL_test_00066,severe_stress,PPO,1,23,early,0.5047986667626899,0.6743000935655893,1820.468055960117,2699.7891196096057,1542.9255502075714,0.3062788872447605,0,699.3341725819399,1,0.0,1,1,low,0.10872647247335987,1.0882603901869417,0.24807577802657751,0.678805264804511,166,5,Imitation_128x128,303,0,0,0.024652138,0.0,0.0,True,-0.2,True,0.9966037,-0.0034022331,0.002682408,-5.9210405,1.050456e-06,-13.766286,0.00065583416,-7.3296027,5.7036377e-05,-9.771822
B_RL_test_00067,severe_stress,ObservationPlanner,0,24,early,0.19322683130217108,0.5790157421144024,5082.440998150891,8777.725074608934,3890.760815916193,0.4,0,851.5288424890562,1,0.0,0,1,high,1.7860277180715896,1.4976221550110438,0.3431977762345563,0.6947477889754374,167,6,Imitation_128x128,303,0,0,0.0038014816,0.0,0.0,True,-0.2,True,0.9995684,-0.00043153763,0.00042726428,-7.7581077,2.6737195e-07,-15.134625,3.184863e-06,-12.657101,7.830788e-07,-14.060032
B_RL_test_00068,severe_stress,MyopicEconomic,3,21,early,0.4693760380215134,0.4605324635086656,5414.273732894595,11756.551735017301,2978.2013228422875,0.2908618117124857,0,666.9668850637144,1,0.0,1,0,low,0.11732619098720778,0.9121918234253104,0.44108451528192855,0.739356466273892,168,8,Imitation_128x128,303,0,0,0.007885002,0.0,0.0,True,-0.2,True,0.9990295,-0.00097084045,0.0009355251,-6.9744024,2.2755048e-05,-10.690723,7.253279e-06,-11.834057,5.0214785e-06,-12.201786
B_RL_test_00069,severe_stress,PPO,1,23,early,0.960812023620709,0.6728979002668548,2168.0837102651412,3222.0099206808827,4198.773867629622,0.2488485489978257,0,483.07543703213923,1,0.0,2,1,high,-1.4919352173107752,1.3055222135338365,0.41763881714870493,0.7592059164002953,169,5,Imitation_128x128,303,0,0,0.0049968907,0.0,0.0,True,-0.2,True,0.9994159,-0.0005841255,0.00057175284,-7.4668036,1.7046067e-07,-15.584761,1.16368865e-05,-11.36133,6.359164e-07,-14.268198
B_RL_test_00070,severe_stress,ObservationPlanner,9,15,middle,0.21281686594409158,0.9943826913766872,1211.372964191225,1218.2160597688226,1427.3895968193285,0.22774283708102405,0,911.6582113977641,2,1.6,1,1,low,2.389651181165024,1.299545799569939,0.4153647449400546,0.7062253508358912,170,11,Imitation_128x128,303,4,1,0.936059,82.72933818768631,82.72933818768631,False,0.2,False,0.4129555,-0.8844155,0.06668875,-2.707719,0.00085111975,-7.068958,0.008657044,-4.749382,0.5108475,-0.67168427
B_RL_test_00071,severe_stress,MyopicEconomic,2,22,early,0.5740328841145435,0.5951739887626244,7605.021920581621,12777.812982708761,3069.135714804417,0.271378619155672,0,701.5061995753122,1,0.0,1,1,high,0.09105636204004242,1.0313146161355393,0.4853300622396656,0.5238168952882202,171,8,Imitation_128x128,303,0,0,0.0029442944,0.0,0.0,True,-0.2,True,0.9996755,-0.0003247261,0.00032271762,-8.0387335,4.7371836e-07,-14.562653,1.0620431e-06,-13.755316,2.5881192e-07,-15.167164
B_RL_test_00072,severe_stress,PPO,2,22,early,0.948240488185595,1.2094007530851858,4591.594991371415,3796.5868465504414,1964.8516910922142,0.032479397531851285,3,655.9010008173161,1,0.0,2,2,low,0.386536536410366,0.930225005718882,0.29112376646152666,0.6081968729634402,172,3,Imitation_128x128,303,0,0,0.2799389,0.0,0.0,True,-0.2,True,0.92742765,-0.07534051,0.06859081,-2.6795967,0.0010727228,-6.837555,0.0017667852,-6.338594,0.0011419283,-6.775037
B_RL_test_00073,severe_stress,ObservationPlanner,0,24,early,0.3919982683599533,0.39116388027494386,3070.9806700840295,7850.879963470754,5150.7503186470285,0.4,0,693.6695826171782,1,0.0,1,0,high,0.45941812709734065,1.1789910139310849,0.28356995023331066,0.6877866114164769,173,7,Imitation_128x128,303,0,0,0.003918327,0.0,0.0,True,-0.2,True,0.99955803,-0.00044202805,0.00043112432,-7.749114,2.1979529e-06,-13.027984,6.3104935e-06,-11.973297,2.434727e-06,-12.925676
B_RL_test_00074,severe_stress,MyopicEconomic,17,7,late,0.22671624846750546,0.1250352829349012,1470.5649696539601,11761.2,3054.5463995179625,0.368099186936185,0,743.4137697409599,2,1.6,1,0,high,1.5965306398868033,0.7644284406291425,0.5561785363345491,0.7034210583296641,174,24,Imitation_128x128,303,4,3,0.65636265,8.018704699779732,8.018704699779732,False,0.2,False,0.012640223,-4.370871,0.26157206,-1.3410454,0.0022309532,-6.105326,0.00029372965,-8.132851,0.72326297,-0.32398224
B_RL_test_00075,severe_stress,PPO,0,24,early,0.7382116592789666,0.44562027441056534,3119.864841394645,7001.17346662779,2564.9616727005878,0.4,0,584.3411001869044,1,0.0,2,0,low,-1.9380212781880286,0.5667805381576572,0.34706457120354495,0.4642840454103798,175,4,Imitation_128x128,303,0,0,0.0012506641,0.0,0.0,True,-0.2,True,0.9998777,-0.00012207031,0.00011590987,-9.062697,2.1327766e-08,-17.663256,6.1690175e-06,-11.995971,2.4803592e-07,-15.209692
B_RL_test_00076,severe_stress,ObservationPlanner,5,19,early,0.9861656369292241,1.1911753786479151,2914.2037272593307,2446.494260624492,1925.3084133675156,0.02,2,551.460830049257,2,1.6,2,2,low,-0.9456056299759363,0.9330307037393054,0.3516778080616225,0.7294508559928045,176,6,Imitation_128x128,303,0,2,0.9034901,3.9271038647229943,3.9271038647229943,False,-0.2,False,0.71251255,-0.33895767,0.107893385,-2.2266116,0.14416295,-1.936811,0.015128752,-4.1911583,0.020302298,-3.8970213
B_RL_test_00077,severe_stress,MyopicEconomic,7,17,early,0.8133018746959686,0.21092219713511243,3163.8329570266865,15000.0,2650.88745591375,0.02,2,702.6792521180745,2,1.6,2,0,low,0.31858297831781607,0.8479897153648971,0.4532158731317911,0.56086922159226,177,8,Imitation_128x128,303,0,0,0.5572164,0.0,0.0,True,-0.2,True,0.81668794,-0.2024982,0.016029429,-4.133329,0.16175497,-1.8216726,0.00074550183,-7.201453,0.004782147,-5.342866
B_RL_test_00078,severe_stress,PPO,0,24,early,0.6781150053141439,0.4063975228559522,3469.876303432505,8538.133498078443,3593.4336285579748,0.4,0,602.921827198942,1,0.0,2,0,high,-0.8075015401694254,1.0321185311846846,0.18971493676975942,0.6519106372702784,178,4,Imitation_128x128,303,0,0,0.0010504522,0.0,0.0,True,-0.2,True,0.9998982,-0.00010204315,9.929602e-05,-9.217405,2.8276038e-08,-17.38125,2.3827486e-06,-12.947256,1.1424852e-07,-15.98489
B_RL_test_00079,severe_stress,ObservationPlanner,0,24,early,0.6107559122745796,0.35881894687930105,1990.6102300783075,5547.673129835883,2877.475817049848,0.4,0,606.0929451374526,1,0.0,2,0,low,-0.2263729641847368,0.7787968829600019,0.42086284106403515,0.720814474587929,179,1,Imitation_128x128,303,0,0,0.0013376229,0.0,0.0,True,-0.2,True,0.9998722,-0.00012779236,0.00010401349,-9.17099,3.0421248e-08,-17.308125,2.287858e-05,-10.685309,7.78393e-07,-14.066034
B_RL_test_00080,severe_stress,MyopicEconomic,0,24,early,0.7354091066480801,0.5930537031491864,2010.1037233788988,3389.4126496555145,1826.9041858791115,0.4,0,595.0018162256957,1,0.0,2,1,low,-1.0123921144009338,1.1258003834783963,0.39749000470481033,0.5241669124696455,180,2,Imitation_128x128,303,0,0,0.0026344778,0.0,0.0,True,-0.2,True,0.9997273,-0.00027275085,0.0002281645,-8.385444,1.2379761e-08,-18.207203,4.3686843e-05,-10.038464,6.883104e-07,-14.189026
B_RL_test_00081,severe_stress,PPO,7,17,early,0.8637487281169084,1.1574111765469668,607.5133096616789,524.8897902248887,1080.4656295288282,0.13589993967529646,0,646.2908866331807,2,1.6,2,2,low,0.4670964360920484,1.0318299041662726,0.39611149708091536,0.7766966329528985,181,15,Imitation_128x128,303,0,0,0.34023595,0.0,0.0,True,-0.04741908,True,0.9153616,-0.08843613,0.068897925,-2.6751292,0.00046572997,-7.6719046,0.0029729812,-5.81819,0.01230187,-4.398004
B_RL_test_00082,severe_stress,ObservationPlanner,2,22,early,0.9544134655698913,1.0,500.00000000000006,500.00000000000006,1244.384148533584,0.02,1,491.3351177864671,1,0.0,2,1,low,-1.8132668856006082,0.8977841514156312,0.379017546862315,0.6711371551218738,182,5,Imitation_128x128,303,0,2,0.4353551,-29.274250616486597,0.0,False,-0.0,True,0.89449716,-0.11149359,0.07280808,-2.6199284,0.017523436,-4.044216,0.008230644,-4.799891,0.0069406903,-4.970354
B_RL_test_00083,severe_stress,MyopicEconomic,1,23,early,0.44889426720552517,0.2508102518258211,1744.1830852366552,6954.193748220184,2849.055309425812,0.370098954312864,0,662.4626308330324,1,0.0,1,0,low,-0.19318881647829222,1.1007255421738986,0.39873602801111796,0.6182139355952364,183,5,Imitation_128x128,303,0,0,0.0038711876,0.0,0.0,True,-0.2,True,0.99960023,-0.00040006638,0.00021015243,-8.467678,6.8470223e-07,-14.194282,0.0001693173,-8.683737,1.9527733e-05,-10.843675
B_RL_test_00084,severe_stress,PPO,0,24,early,0.906174739606605,0.4075748690648555,1513.3767327880428,3713.12572892522,2389.231910536744,0.4,0,427.4413147982198,1,0.0,2,0,low,-2.719303493644447,0.9141938919096755,0.4493131263051819,0.7602119282809829,184,2,Imitation_128x128,303,0,0,0.0018354687,0.0,0.0,True,-0.2,True,0.9998196,-0.00018024445,0.00013982599,-8.875112,1.3404144e-08,-18.1277,4.0343653e-05,-10.118076,3.9633233e-07,-14.741013
B_RL_test_00085,severe_stress,ObservationPlanner,2,22,early,0.7156070245290534,0.7720575387076455,3853.2593203739866,4990.896568180649,3266.1664997181333,0.2422690917029213,0,662.0574850946882,1,0.0,2,1,high,-0.732507953119708,1.414482734313204,0.324414951475154,0.5343499923124448,185,5,Imitation_128x128,303,0,0,0.01707444,0.0,0.0,True,-0.2,True,0.9976035,-0.0023994446,0.0023589074,-6.0495567,1.8550882e-06,-13.197578,2.7687654e-05,-10.494524,8.136313e-06,-11.719173
B_RL_test_00086,severe_stress,MyopicEconomic,1,23,early,0.8920782681027297,0.3920585714152794,3395.6772059953346,8661.147730394952,4318.752576105708,0.02,1,567.6569911013944,1,0.0,2,0,high,-0.5739392325338428,0.8405098617483711,0.2825418813098837,0.6386877709365626,186,8,Imitation_128x128,303,0,0,0.039723836,0.0,0.0,True,-0.2,True,0.99383014,-0.0061888695,0.005666355,-5.173209,0.00032150937,-8.042484,0.00013233986,-8.930138,4.968399e-05,-9.909828
B_RL_test_00087,severe_stress,PPO,3,21,early,0.461061449263551,1.0,7680.0,7680.0,9723.863609157772,0.06976507968158221,0,721.1089281234724,1,0.0,1,1,high,0.6498672710491811,1.088206740370783,0.40818789241107123,0.7330825440302011,187,8,Imitation_128x128,303,0,0,0.76570714,0.0,0.0,True,-0.2,True,0.7392574,-0.302109,0.12573455,-2.0735822,0.13287722,-2.0183296,8.3461346e-05,-9.391127,0.0020474433,-6.191163
B_RL_test_00088,severe_stress,ObservationPlanner,17,7,late,0.07739497711327707,1.0,500.0,500.0,6272.689955570892,0.38472936597363283,0,811.1148786198856,2,1.6,0,1,high,3.2597985744067355,0.9085305102515508,0.4665674267932232,0.8094894424242502,188,24,Imitation_128x128,303,4,2,1.0292006,6.009713793044114,6.009713793044114,False,0.2,False,0.112539016,-2.1844554,0.09435575,-2.3606832,0.13400929,-2.0098462,0.002514771,-5.985574,0.65658116,-0.420709
B_RL_test_00089,severe_stress,MyopicEconomic,16,8,late,0.7229369882006237,0.14861354874064336,2229.20323110965,14999.999999999998,2735.064122068475,0.2363326258881103,0,707.7435596413802,2,1.6,2,0,low,1.7888009368239013,0.6988729541935131,0.3328235380263363,0.8188913977778863,189,24,Imitation_128x128,303,0,0,0.8068949,0.0,0.0,True,-0.2,True,0.607629,-0.49819064,0.35217452,-1.0436283,0.0012743436,-6.6653237,0.00030817886,-8.08483,0.038613856,-3.254144
B_RL_test_00090,severe_stress,PPO,3,21,early,0.5244930043330686,1.0,4481.333392854215,4481.333392854215,3797.9454635062593,0.2976828633712957,0,683.097292396233,1,0.0,1,1,high,0.043613096896889136,1.037068499561815,0.565620493324281,0.7959980754214587,190,6,Imitation_128x128,303,0,0,0.10368711,0.0,0.0,True,-0.2,True,0.97908425,-0.021137714,0.020574354,-3.8837101,0.000102648635,-9.184198,7.991814e-05,-9.434508,0.00015890102,-8.747229
B_RL_test_00091,severe_stress,ObservationPlanner,12,12,middle,0.1314375777650269,0.09160768946575051,703.1913595104816,7676.117186356771,1410.425767369461,0.4364607552809321,0,901.4144503999852,2,1.6,0,0,low,2.3382845918220068,0.6741896711819185,0.5199109965055012,0.712837240683555,191,24,Imitation_128x128,303,4,4,0.29879174,0.0,0.0,True,0.2,True,0.0056301076,-5.179627,0.06951675,-2.6661878,1.9104766e-05,-10.865573,0.0016056665,-6.4342165,0.9232284,-0.07987881
B_RL_test_00092,severe_stress,MyopicEconomic,1,23,early,0.5499265600721283,0.39625834560462464,2335.970820093433,5895.070339853986,2255.5974127143027,0.4565248883135144,0,582.2224444759813,1,0.0,1,0,low,-0.5862659646754461,1.1181404121059324,0.6389081097596125,0.889545304488342,192,15,Imitation_128x128,303,0,0,0.0021633697,0.0,0.0,True,-0.2,True,0.9997857,-0.00021409988,0.00015161339,-8.794177,5.5861705e-08,-16.700386,6.067662e-05,-9.709951,1.9716397e-06,-13.136644
B_RL_test_00093,severe_stress,PPO,10,14,middle,0.18774314801565403,1.0,1610.612736000001,1610.612736000001,7664.366127220601,0.21580289813715575,0,876.1027641372767,2,1.6,0,1,high,3.0629373987984785,0.9114223715622548,0.4060270931795948,0.7879782542358003,193,24,Imitation_128x128,303,0,0,1.2980781,0.0,0.0,True,-0.2,True,0.3614521,-1.0176256,0.1646129,-1.8041584,0.11773815,-2.139292,0.0022620775,-6.091471,0.3539347,-1.0386426
B_RL_test_00094,severe_stress,ObservationPlanner,0,24,early,0.9134142587402432,0.6704764770377748,335.2382385188874,500.0,1436.6262834547883,0.4,0,442.07399217630456,1,0.0,2,1,low,-1.3976582755334301,0.7487520285556225,0.4855545079422672,0.6876819511748817,194,5,Imitation_128x128,303,0,2,0.009758122,-171.31036415083236,0.0,False,0.0,True,0.9988482,-0.0011525154,0.00053844077,-7.526833,7.192583e-08,-16.44763,0.00061050325,-7.401227,2.6919483e-06,-12.825245
B_RL_test_00095,severe_stress,MyopicEconomic,1,23,early,0.38207848776653847,0.37966025159672456,2239.0167184562933,5897.421995164716,3385.2681834928144,0.5235643202147016,0,594.6158875921458,1,0.0,1,0,high,-0.2563260662755433,0.9887072235021326,0.5326297737522329,0.6408928626998098,195,5,Imitation_128x128,303,0,0,0.0022010542,0.0,0.0,True,-0.2,True,0.99977857,-0.00022125244,0.00018164332,-8.613465,5.3359815e-07,-14.443623,3.692871e-05,-10.206521,2.3661446e-06,-12.954248
B_RL_test_00096,severe_stress,PPO,7,17,early,0.5173000165120831,1.0178676466583578,1341.141251347273,1317.5988604709237,3361.2853566205335,0.19868212231416982,0,732.0243629244239,2,1.6,1,2,high,0.63121929203782,0.9721972196766725,0.445765228928636,0.7938713156995721,196,12,Imitation_128x128,303,0,1,0.6387707,8.870301368558557,8.870301368558557,False,-0.2,False,0.80958426,-0.21123433,0.11793859,-2.1375911,0.003730551,-5.5911994,0.0024998416,-5.9915276,0.06624676,-2.7143686
B_RL_test_00097,severe_stress,ObservationPlanner,2,22,early,0.5668801786211263,0.608260194430912,721.5002730079889,1186.1704573369695,1672.7002940307505,0.41289897448631335,0,571.3184386201295,1,0.0,1,1,low,-0.6422699443344645,0.5751794844401634,0.5138524784076035,0.5242284254912288,197,9,Imitation_128x128,303,0,0,0.0357564,0.0,0.0,True,-0.2,True,0.99485826,-0.0051550865,0.0016639906,-6.3985367,2.8079078e-06,-12.7830715,0.0034231928,-5.6771817,5.1751354e-05,-9.8690605
B_RL_test_00098,severe_stress,MyopicEconomic,3,21,early,0.24065976927050703,0.49491688522671456,4775.830233659442,9649.76216455355,3235.053675493276,0.3000075878322623,0,758.1077622426095,1,0.0,1,0,high,0.9088657953933286,1.3248086092922042,0.36488819247598553,0.5828741555508058,198,11,Imitation_128x128,303,0,0,0.06920512,0.0,0.0,True,-0.2,True,0.9877963,-0.012279034,0.011505131,-4.4649625,0.00038985917,-7.8497252,5.8714613e-05,-9.742823,0.00025001576,-8.293987
B_RL_test_00099,severe_stress,PPO,1,23,early,0.6935374321243797,0.8015197217681155,3446.4035370911242,4299.836227970183,2308.449944443907,0.3122362038919836,0,638.8794272401572,1,0.0,2,1,low,-0.26689171429934844,0.6907053720958345,0.34363800188548893,0.47058435393170817,199,6,Imitation_128x128,303,0,0,0.0054815346,0.0,0.0,True,-0.2,True,0.999353,-0.000647068,0.0006297216,-7.3702326,9.688817e-08,-16.149708,1.579774e-05,-11.055643,1.2882524e-06,-13.562223
B_RL_test_00000,baseline,PPO,16,8,late,0.2379555790490246,1.0,500.0,500.0,5985.089705294903,0.23118783353356365,0,730.9437736673831,1,0.0,1,1,high,0.7766626320299265,1.1540687281369808,0.34471001732411144,0.8095158963876717,0,24,Imitation_128x128,404,2,2,1.3165331,0.0,0.0,True,0.0,True,0.113046885,-2.1799526,0.16685107,-1.7906537,0.4392159,-0.8227642,0.013211548,-4.326664,0.26767462,-1.3179832
B_RL_test_00001,baseline,ObservationPlanner,12,12,middle,0.06837194242154448,1.0,500.0,500.0,2007.3304872982224,0.2888737980221177,0,830.2815138817816,1,0.0,0,1,low,1.6613225481260747,0.841180276874062,0.2960832412250551,0.6198577850919593,1,24,Imitation_128x128,404,4,3,1.2318016,3.6115330164159616,3.6115330164159616,False,0.2,False,0.043131966,-3.143491,0.0811692,-2.5112195,0.14240322,-1.9490927,0.1620961,-1.819566,0.57119954,-0.56001675
B_RL_test_00002,baseline,MyopicEconomic,13,11,middle,0.10210201177067327,0.11217209360571379,1075.2796781170684,9585.982070520044,2437.259079929716,0.45502879908228483,0,690.9761593017319,1,0.0,0,0,low,0.4546918678629157,0.8585965558808485,0.47150063272009635,0.832595564470931,2,24,Imitation_128x128,404,4,4,0.7306804,0.0,0.0,True,0.2,True,0.011399235,-4.474209,0.011730337,-4.4455767,0.034844343,-3.3568645,0.17642635,-1.7348517,0.7655997,-0.2670958
B_RL_test_00003,baseline,PPO,2,22,early,0.054717952272838925,0.5403214730936744,3796.953775699434,7027.212436995197,7228.707337667853,0.5379484931676871,0,748.6695090541555,1,0.0,0,1,high,1.033632078382112,1.2276235612338229,0.47864155202413344,0.8531424835747992,3,8,Imitation_128x128,404,0,0,0.0463588,0.0,0.0,True,-0.2,True,0.99263096,-0.007396221,0.0065356973,-5.030476,0.00078025775,-7.155886,1.7695178e-05,-10.942218,3.5350906e-05,-10.250187
B_RL_test_00004,baseline,ObservationPlanner,3,21,early,0.5968721123186518,0.9999999999999999,3651.982730983609,3651.9827309836096,3627.0039340218054,0.3087336184147029,0,638.3216473516175,1,0.0,1,1,high,0.4602511534154351,1.0830413162393473,0.45980112852588634,0.7412130218716163,4,24,Imitation_128x128,404,0,0,0.031231115,0.0,0.0,True,-0.2,True,0.9951421,-0.004869938,0.004770661,-5.3452706,6.2653585e-06,-11.980474,5.868925e-05,-9.743254,2.2157996e-05,-10.717313
B_RL_test_00005,baseline,MyopicEconomic,1,23,early,0.4979048576250192,0.3364270541945389,1502.9110351080908,4467.271631011675,1721.8301202996743,0.4036472237693899,0,633.9837050213686,1,0.0,1,0,low,-0.04444196082094837,1.1818582927166443,0.48676356778721747,0.6668066982541053,5,18,Imitation_128x128,404,0,0,0.016730305,0.0,0.0,True,-0.2,True,0.99779886,-0.0022034645,0.00033800822,-7.99244,7.527733e-08,-16.402086,0.0018409799,-6.297457,2.1950023e-05,-10.726742
B_RL_test_00006,baseline,PPO,13,11,middle,0.05475255465070265,1.0,602.6021772084498,602.6021772084498,5078.781453664926,0.36775751012369107,0,715.3175253995527,1,0.0,0,1,high,0.9316380738118776,0.6386269675984682,0.5197144407917117,0.5755142980102315,6,24,Imitation_128x128,404,2,0,0.7222274,1.1224271131677739,1.1224271131677739,False,0.0,False,0.016842881,-4.083827,0.096246794,-2.3408394,0.79186106,-0.23336911,0.0050255517,-5.29322,0.090023674,-2.4076824
B_RL_test_00007,baseline,ObservationPlanner,1,23,early,0.7906424101315642,0.7179192941709722,8615.031530051667,12000.0,6070.414391389817,0.2917653700524575,0,557.1473599055465,1,0.0,2,1,high,-1.7014713346367327,1.0009109290001965,0.4410433472212441,0.6888284147284123,7,5,Imitation_128x128,404,0,0,0.0026249024,0.0,0.0,True,-0.2,True,0.99971527,-0.00028467178,0.00028216568,-8.173016,8.158946e-07,-14.01898,1.479323e-06,-13.423925,1.85195e-07,-15.501857
B_RL_test_00008,baseline,MyopicEconomic,23,1,late,0.3562722482467574,0.3167653090738204,4751.479636107306,15000.0,4969.615697772818,0.266977695303081,0,616.3304101583744,1,0.0,1,0,high,-0.39024726220835865,0.9356708536559166,0.4388010593340236,0.8167731441495508,8,24,Imitation_128x128,404,2,1,0.80706656,34.28708449154385,34.28708449154385,False,0.0,False,0.22143932,-1.5076069,0.06315816,-2.7621133,0.7040085,-0.35096502,0.00012900404,-8.9556675,0.011265022,-4.486053
B_RL_test_00009,baseline,PPO,6,18,early,0.7033396566006782,1.0,2387.8285674671947,2387.8285674671947,3251.035828942063,0.27809642607519547,0,572.0517507533034,1,0.0,2,1,high,-0.11325674064309288,0.5753649050646394,0.44374303847723623,0.8737371263430239,9,7,Imitation_128x128,404,0,0,0.23437488,0.0,0.0,True,-0.2,True,0.94183373,-0.05992651,0.05572392,-2.8873458,0.00026647814,-8.230219,0.0010641376,-6.8455906,0.0011117682,-6.8018036
B_RL_test_00010,baseline,ObservationPlanner,0,24,early,0.5818128660363321,0.41951200414734585,1009.1047478201779,2405.425203198115,1701.555300007723,0.4,0,588.9865506153408,1,0.0,1,0,low,-0.4838409806239353,0.8413063321790891,0.4391246703190555,0.6872603844075084,10,4,Imitation_128x128,404,0,0,0.011528743,0.0,0.0,True,-0.2,True,0.99857616,-0.0014247894,0.00030123862,-8.107608,9.8773924e-08,-16.130432,0.0011162802,-6.7977533,6.1565997e-06,-11.997986
B_RL_test_00011,baseline,MyopicEconomic,2,22,early,0.37210149521443003,0.5939540529908843,4663.409728891948,7851.465454960907,3018.192616841782,0.3204942918365675,0,671.5810896528725,1,0.0,1,1,high,0.6701751736113165,1.1556843223065958,0.3527015341276848,0.6125902414428819,11,15,Imitation_128x128,404,0,0,0.01697047,0.0,0.0,True,-0.2,True,0.99767786,-0.002325058,0.0022110017,-6.11431,4.7413803e-05,-9.956597,3.395224e-05,-10.290556,2.9805258e-05,-10.420826
B_RL_test_00012,baseline,PPO,21,3,late,0.030994854075521758,1.0,500.0,500.0,1700.7150011455492,0.5600166912975704,0,727.7627978170854,1,0.0,0,1,low,0.9772288051966393,0.9509734753112715,0.46436674060322847,0.7302773060708184,12,24,Imitation_128x128,404,4,4,0.72500813,0.0,0.0,True,0.2,True,0.00046227538,-7.67935,0.003305276,-5.7122355,0.06693899,-2.7039738,0.1776629,-1.7278676,0.75163054,-0.28551054
B_RL_test_00013,baseline,ObservationPlanner,0,24,early,0.7414863323513986,0.05153996531154906,233.57152728401954,4531.85262877313,2645.317637165965,0.4,0,486.97141271942724,1,0.0,2,0,low,-1.736257804977541,1.0740468656905695,0.3667052714676963,0.6175553539035563,13,3,Imitation_128x128,404,0,0,0.034056433,0.0,0.0,True,-0.2,True,0.99457896,-0.0054359436,5.462377e-05,-9.815042,1.1127753e-08,-18.313824,0.0053583607,-5.2290974,8.031736e-06,-11.73211
B_RL_test_00014,baseline,MyopicEconomic,1,23,early,0.5271408732435738,0.7017806288528439,6543.9437847632835,9324.771183069348,3885.4089210235634,0.42337198126547393,0,675.8104456583286,1,0.0,1,1,high,-0.6684220948261075,1.1138218846795502,0.3991183392656671,0.6578988792549979,14,2,Imitation_128x128,404,0,0,0.0013643991,0.0,0.0,True,-0.2,True,0.999863,-0.0001373291,0.0001353661,-8.907528,3.1888987e-08,-17.261005,1.3843633e-06,-13.490271,1.3163728e-07,-15.843216
B_RL_test_00015,baseline,PPO,0,24,early,0.8827892318835304,0.7750439435362315,7010.115307667944,9044.797222314191,5056.69050475539,0.4,0,530.7452935881225,1,0.0,2,1,high,-1.857567923464245,1.5996820862393486,0.20504247408141998,0.6309168474085493,15,1,Imitation_128x128,404,0,0,0.0010501514,0.0,0.0,True,-0.2,True,0.9998975,-0.00010204315,0.00010152183,-9.195236,8.32255e-09,-18.604296,9.838744e-07,-13.831767,4.9834256e-08,-16.814564
B_RL_test_00016,baseline,ObservationPlanner,1,23,early,0.7575848522418619,0.7648472559966231,9178.167071959477,12000.0,6023.664357898624,0.27747791859413073,0,593.4475459693606,1,0.0,2,1,high,-0.4401584506355456,1.0497642801219806,0.40754786971653073,0.5611451094235479,16,3,Imitation_128x128,404,0,0,0.003915324,0.0,0.0,True,-0.2,True,0.9995534,-0.00044679642,0.00044313134,-7.7216444,1.7183672e-06,-13.274136,1.4627329e-06,-13.435204,3.0403675e-07,-15.006117
B_RL_test_00017,baseline,MyopicEconomic,11,13,middle,0.5162938840900015,0.37042864239233037,5556.429635884955,14999.999999999998,4958.497682325035,0.23577242148980457,0,698.095833451383,1,0.0,1,0,high,1.1733858159969814,0.7571982460402745,0.28812725488404634,0.8037034744292322,17,24,Imitation_128x128,404,0,0,0.15105078,0.0,0.0,True,-0.2,True,0.97124743,-0.02917409,0.019571424,-3.9336848,0.008461616,-4.7722154,3.46634e-05,-10.269826,0.00068501354,-7.286072
B_RL_test_00018,baseline,PPO,11,13,middle,0.44546002368694276,1.0801788188977697,712.5405351230945,659.6505343903904,4599.457693830454,0.1925300329586777,0,678.6047451687893,1,0.0,1,2,high,0.783350719956263,0.519994892666678,0.3439098168059432,0.6750775086741557,18,15,Imitation_128x128,404,0,1,1.3610796,69.66007399624488,69.66007399624488,False,-0.2,False,0.36579996,-1.0056686,0.29396585,-1.2242917,0.11090919,-2.1990435,0.0136343865,-4.2951603,0.21569069,-1.5339099
B_RL_test_00019,baseline,ObservationPlanner,14,10,middle,0.43628357786420313,1.0,986.8792762181879,986.8792762181879,2549.5416782191555,0.15752058515941827,0,614.2332567570838,1,0.0,1,1,low,0.008801761928701954,1.281540519190883,0.5907284257417467,0.640373467956049,19,16,Imitation_128x128,404,2,0,1.4248147,42.19368540547913,42.19368540547913,False,0.0,False,0.24384567,-1.4112197,0.103940666,-2.263935,0.3301204,-1.1082978,0.03687799,-3.3001404,0.28521523,-1.2545112
B_RL_test_00020,baseline,MyopicEconomic,6,18,early,0.9904872805090876,1.0,10354.41707224261,10354.41707224261,5657.078470578648,0.02,2,490.4954424610693,1,0.0,2,1,high,-1.4821096191035665,1.036690732347569,0.2978889158652708,0.5594487500561349,20,9,Imitation_128x128,404,0,0,0.1391332,0.0,0.0,True,-0.2,True,0.9727907,-0.027586222,0.0224086,-3.7983103,0.004428952,-5.419592,0.00013707274,-8.894999,0.0002345567,-8.357813
B_RL_test_00021,baseline,PPO,2,22,early,0.99134664354728,1.2249999999999999,1933.011399525078,1577.9684894082272,2850.588671250648,0.02,3,405.7868496895012,1,0.0,2,2,low,-2.4253689918491133,0.8437459054517884,0.339367546935539,0.6145889537406355,21,3,Imitation_128x128,404,0,0,0.31124017,0.0,0.0,True,-0.2,True,0.92937464,-0.07324338,0.052528337,-2.9464025,0.011987712,-4.4238734,0.002862095,-5.856201,0.0032473104,-5.7299285
B_RL_test_00022,baseline,ObservationPlanner,7,17,early,0.17169114823543966,1.0,1306.4095068443337,1306.4095068443337,3277.468032966299,0.36792693239861396,0,673.2894883247873,1,0.0,0,1,high,0.5250911873728785,1.0225740464416466,0.5763159361893628,0.6742307684177278,22,22,Imitation_128x128,404,0,1,1.1233517,11.375790228516536,11.375790228516536,False,-0.2,False,0.4769743,-0.74029255,0.38485077,-0.95489955,0.05257574,-2.9455004,0.013605894,-4.297252,0.07199325,-2.631183
B_RL_test_00023,baseline,MyopicEconomic,4,20,early,0.9678035069402425,1.0,12000.0,12000.0,5891.699067860228,0.032024988808005285,2,563.8674519452862,1,0.0,2,1,high,0.24134772804040389,1.3810949496954836,0.24254573603279125,0.7506369767835125,23,5,Imitation_128x128,404,0,0,0.04975826,0.0,0.0,True,-0.2,True,0.9919944,-0.008038044,0.0070882435,-4.949318,0.00085029926,-7.0699224,3.8270617e-05,-10.170828,2.8873139e-05,-10.452599
B_RL_test_00024,baseline,PPO,2,22,early,0.8642852064172054,0.6675057313785617,2305.939145833296,3454.5608186329287,2026.5878802852524,0.06325948422561593,0,590.1525426782189,1,0.0,2,1,low,-2.0101277777033815,1.478343626097419,0.4308653496981941,0.530824615742716,24,3,Imitation_128x128,404,0,0,0.04412983,0.0,0.0,True,-0.2,True,0.99308324,-0.0069408417,0.006154074,-5.090641,2.5846055e-05,-10.563353,0.0006207519,-7.384579,0.00011607617,-9.061264
B_RL_test_00025,baseline,ObservationPlanner,1,23,early,0.9230822556998987,0.7019633566330249,2407.255806884243,3429.3183314164326,2132.473316032242,0.02,1,572.8295723806025,1,0.0,2,1,low,-1.0508383580584602,0.7887385917443512,0.307348428917548,0.5336745085892886,25,4,Imitation_128x128,404,0,0,0.083099134,0.0,0.0,True,-0.2,True,0.985271,-0.0148386955,0.013237019,-4.324738,0.00037942058,-7.8768654,0.00078240724,-7.1531353,0.00033023173,-8.015717
B_RL_test_00026,baseline,MyopicEconomic,7,17,early,0.9365901282485903,0.8443705650804314,12665.558476206472,15000.0,6448.501935164566,0.02,1,585.5290430706376,1,0.0,2,1,high,-0.8487921202430904,0.9644137800497737,0.41649155616272776,0.8018488833642444,26,13,Imitation_128x128,404,0,0,0.085888386,0.0,0.0,True,-0.2,True,0.9852761,-0.01483345,0.0106059825,-4.546337,0.0040403153,-5.5114326,3.1821495e-05,-10.355369,4.579102e-05,-9.991423
B_RL_test_00027,baseline,PPO,11,13,middle,0.3252033535477799,1.0,609.6849856969869,609.6849856969869,3296.621660629314,0.3299546280846452,0,567.02653296758,1,0.0,1,1,high,-0.4425082286603216,0.8392601629979316,0.5331463867747503,0.7045610005896411,27,24,Imitation_128x128,404,0,0,1.4102974,0.0,0.0,True,-0.17990436,True,0.3925994,-0.9349655,0.27605912,-1.2871403,0.12968011,-2.0426846,0.039761096,-3.2248664,0.16190033,-1.8207743
B_RL_test_00028,baseline,ObservationPlanner,3,21,early,0.9893089746322069,1.0,2404.765648729171,2404.765648729171,2121.9774031476454,0.02,3,432.8680540537394,1,0.0,2,1,low,-2.0485506467438626,0.6815482883078391,0.3819575070249458,0.8591634595862108,28,4,Imitation_128x128,404,0,0,0.21411997,0.0,0.0,True,-0.2,True,0.959082,-0.041778803,0.023049328,-3.7701187,0.012061299,-4.417753,0.0033107896,-5.7105684,0.0024965901,-5.9928293
B_RL_test_00029,baseline,MyopicEconomic,23,1,late,0.9018311721921631,0.5956190380587226,8934.28557088084,15000.0,1928.8363003603918,0.05497909600922661,0,696.4720478215925,1,0.0,2,1,low,1.4081782222310821,1.1454430642322595,0.1524521085135705,0.686066795455444,29,24,Imitation_128x128,404,0,1,0.5921047,9.62374282235669,9.62374282235669,False,-0.2,False,0.7950905,-0.2292993,0.18259232,-1.7004993,0.004306537,-5.4476213,0.00087086204,-7.046027,0.01713977,-4.066354
B_RL_test_00030,baseline,PPO,18,6,late,0.17458352387309314,1.0,500.0,500.0,4154.559915174503,0.2914746552731627,0,680.746830732853,1,0.0,0,1,high,0.36049063728598935,0.6978249320066493,0.4584913795995479,0.7048195239783651,30,24,Imitation_128x128,404,2,2,1.1589036,0.0,0.0,True,0.0,True,0.050369624,-2.9883668,0.07384975,-2.6057224,0.5511058,-0.5958283,0.040594477,-3.204123,0.28408036,-1.258498
B_RL_test_00031,baseline,ObservationPlanner,23,1,late,0.3881165845248731,1.0,600.0,600.0,1384.7393957328795,0.35565533850095415,0,628.2226086563135,1,0.0,1,1,low,-0.4494291645959675,1.2133114246152,0.5382540007993669,0.5509989301790695,31,24,Imitation_128x128,404,3,0,0.7866571,34.877724604324385,34.877724604324385,False,0.1,False,0.0409075,-3.196442,0.012130402,-4.41204,0.011369753,-4.4767985,0.73272675,-0.31098247,0.20286562,-1.5952116
B_RL_test_00032,baseline,MyopicEconomic,14,10,middle,0.11861461159707183,0.39623458995451744,5943.518849317761,14999.999999999998,6538.028638524567,0.4823572270107184,0,663.1472569094424,1,0.0,0,0,high,0.07233569176205216,1.0330987645795806,0.5532516681278125,0.8240805632894571,32,24,Imitation_128x128,404,0,0,1.1160078,0.0,0.0,True,-0.2,True,0.38242614,-0.96121955,0.27630046,-1.2862662,0.33632421,-1.0896795,4.5352244e-05,-10.001051,0.004903808,-5.317743
B_RL_test_00033,baseline,PPO,3,21,early,0.8656298298742936,1.2249999999999999,3366.5276172647314,2748.1858100120257,1736.8128697309855,0.02,1,642.2010355136549,1,0.0,2,2,low,-0.569740014719955,0.9772691096688223,0.5020581483713409,0.5604406923181983,33,5,Imitation_128x128,404,0,0,0.6138564,0.0,0.0,True,-0.2,True,0.78724176,-0.2392199,0.1897566,-1.662013,0.007978085,-4.8310566,0.0038412972,-5.5619454,0.011182315,-4.4934216
B_RL_test_00034,baseline,ObservationPlanner,8,16,middle,0.7209933912032997,1.059538316732895,557.355009681004,526.0357279004483,2206.3188351759422,0.15236934661368406,0,559.6977206594408,1,0.0,2,2,low,-0.5568992969228953,1.1557145411930765,0.33555444694239067,0.7880201275407003,34,19,Imitation_128x128,404,0,1,0.81405985,33.23309480033947,0.0,False,-0.04949422,True,0.72897285,-0.31611884,0.19614731,-1.6288893,0.008534687,-4.7636166,0.024097998,-3.7256267,0.042247243,-3.1642163
B_RL_test_00035,baseline,MyopicEconomic,2,22,early,0.7124069971554298,0.3601784377622567,2346.3730929921007,6514.4740689360015,2943.277717707141,0.26742186215069164,0,534.1750857694525,1,0.0,2,0,low,-1.6769227877276522,1.0197454526672802,0.36430119712109293,0.39029351173850463,35,4,Imitation_128x128,404,0,0,0.0058372067,0.0,0.0,True,-0.2,True,0.99933475,-0.0006656647,0.0005738026,-7.4632254,3.1158452e-06,-12.67901,8.105147e-05,-9.420426,7.3166343e-06,-11.82536
B_RL_test_00036,baseline,PPO,10,14,middle,0.16985238612265544,1.351124932690788,743.3727078413355,550.1879876947398,2712.1614947827516,0.11763269701826078,0,746.4215773999038,1,0.0,0,2,low,0.7987720270045131,0.8271682697862274,0.4029096007715378,0.7093812837974224,36,24,Imitation_128x128,404,2,3,1.07881,10.061639613274025,10.061639613274025,False,0.0,False,0.061490744,-2.788869,0.08617494,-2.451376,0.59385914,-0.5211133,0.008357171,-4.7846355,0.25011808,-1.3858223
B_RL_test_00037,baseline,ObservationPlanner,5,19,early,0.8993257552516476,1.2268159216879904,2290.904721091305,1867.358159110963,2854.9562517245977,0.02,1,633.4964033299018,1,0.0,2,2,low,-1.2539493473761563,1.107970464256297,0.20714979550495394,0.5822403131144498,37,7,Imitation_128x128,404,0,2,0.77626973,11.841537744849802,11.841537744849802,False,-0.2,False,0.7171326,-0.33249438,0.23279043,-1.4576166,0.021804156,-3.8256545,0.00574806,-5.1588926,0.022524642,-3.7931452
B_RL_test_00038,baseline,MyopicEconomic,14,10,middle,0.684448328390616,0.6413451513607958,9620.177270411938,15000.0,4305.019512426003,0.05992413603561583,0,653.8034205228332,1,0.0,2,1,high,0.4441157710907515,0.9390821754564493,0.4005351522638762,0.7348842428889295,38,24,Imitation_128x128,404,0,0,0.7524426,0.0,0.0,True,-0.2,True,0.7537398,-0.28270817,0.12680943,-2.06507,0.113738224,-2.1738558,0.00015936806,-8.744294,0.005553177,-5.193385
B_RL_test_00039,baseline,PPO,5,19,early,0.9378959300747195,1.2950503995707228,2458.174595305655,1898.1304481435466,2057.7661936202644,0.031255013014439295,2,545.5440171275179,1,0.0,2,2,low,-0.9910608771563214,1.0687565486503725,0.32931114337766065,0.480487284890949,39,6,Imitation_128x128,404,0,0,0.52349406,0.0,0.0,True,-0.2,True,0.86633927,-0.14347863,0.08659789,-2.4464798,0.028622132,-3.553575,0.0065287533,-5.031539,0.011911915,-4.430216
B_RL_test_00040,baseline,ObservationPlanner,6,18,early,0.03798601396408765,0.8618221026318759,1346.2592029839443,1562.1080021882358,2112.7510526336328,0.542259564850849,0,719.0124875867314,1,0.0,0,1,low,0.3911514500331968,1.2544957364432432,0.6953851683896436,0.6634477604756893,40,24,Imitation_128x128,404,1,0,1.393678,10.471757153877178,10.471757153877178,False,-0.1,False,0.25468644,-1.3677222,0.3670022,-1.0023875,0.015877463,-4.1428547,0.14477675,-1.9325625,0.21765712,-1.5248344
B_RL_test_00041,baseline,MyopicEconomic,19,5,late,0.016633071844414767,0.1169709276912876,1754.563915369314,15000.0,3437.7353052762714,0.6094754641587934,0,764.7739696208452,1,0.0,0,0,high,1.3455774008055212,0.8534561755749168,0.47756049876243367,0.5444764634918892,41,24,Imitation_128x128,404,2,2,0.46808955,0.0,0.0,True,0.0,True,0.00065581815,-7.329627,0.051679175,-2.9627004,0.87666494,-0.13163042,0.0014240536,-6.554248,0.069575965,-2.6653361
B_RL_test_00042,baseline,PPO,10,14,middle,0.8826765474543761,2.574432043205924,2637.215610419299,1024.3873468631905,3450.7898658345794,0.027796455183778677,2,675.3251678924596,1,0.0,2,2,high,0.22909678781778126,0.879346771579291,0.2553585836990128,0.47150706749456744,42,12,Imitation_128x128,404,0,0,1.2807075,0.0,0.0,True,-0.2,True,0.3825764,-0.96082693,0.36105382,-1.0187283,0.16135965,-1.8241196,0.007950163,-4.834563,0.08705999,-2.4411578
B_RL_test_00043,baseline,ObservationPlanner,4,20,early,0.9623949810652032,1.5867197334287197,3929.6597847989556,2476.5935042021633,4452.6622712573635,0.02,3,542.2881919852082,1,0.0,2,2,high,-0.4983394640877816,1.1813366229036073,0.33760433114928884,0.7006270214394502,43,7,Imitation_128x128,404,0,0,0.4243767,0.0,0.0,True,-0.2,True,0.8967718,-0.10895395,0.06783259,-2.6907127,0.026395004,-3.6345806,0.0031386195,-5.7639723,0.0058619576,-5.1392717
B_RL_test_00044,baseline,MyopicEconomic,2,22,early,0.379209978329903,0.47810556982222124,2525.127915294928,5281.527919103455,1429.7605211837863,0.19493247158948834,0,762.0436848092071,1,0.0,1,0,low,0.09031488076551453,1.5566656761988789,0.21693195513352462,0.675601763777255,44,8,Imitation_128x128,404,0,0,0.039049894,0.0,0.0,True,-0.2,True,0.99444157,-0.0055737495,0.003668698,-5.6079183,1.7443099e-05,-10.956566,0.0014633244,-6.5270443,0.00040901918,-7.8017483
B_RL_test_00045,baseline,PPO,5,19,early,0.8222238740449165,1.2249999999999999,1883.35045135406,1537.4289398808653,3348.3448880232113,0.02,1,577.8049262304501,1,0.0,2,2,high,-0.7434848889073253,0.7769566157120102,0.4900627923832935,0.6806089276604373,45,9,Imitation_128x128,404,0,2,1.0498419,6.070997502499495,6.070997502499495,False,-0.2,False,0.6296025,-0.46266663,0.18655448,-1.679032,0.13030939,-2.0378437,0.008273999,-4.794637,0.045259606,-3.0953403
B_RL_test_00046,baseline,ObservationPlanner,13,11,middle,0.20288459529389125,0.9999999999999999,776.6788847965151,776.6788847965153,5999.266924562831,0.3460085372071179,0,687.7671178537944,1,0.0,1,1,high,0.04468770119945725,1.1100338854838319,0.466752765563234,0.8465379303694447,46,24,Imitation_128x128,404,2,0,1.3448445,60.698230747747914,60.698230747747914,False,0.0,False,0.15772106,-1.8469273,0.2919455,-1.2311883,0.39000973,-0.94158363,0.00855553,-4.7611775,0.15176828,-1.8854004
B_RL_test_00047,baseline,MyopicEconomic,6,18,early,0.6680502290690778,1.0,11664.0,11664.0,5780.583328255228,0.14874161924604068,0,650.2689375648152,1,0.0,2,1,high,0.6794578365423228,1.2605601452914865,0.39418557739057486,0.663345949117258,47,12,Imitation_128x128,404,0,1,0.6194014,22.27562385890087,22.27562385890087,False,-0.2,False,0.8116296,-0.20871115,0.07364178,-2.6085427,0.11297941,-2.1805496,0.0001229782,-9.003503,0.0016262806,-6.4214597
B_RL_test_00048,baseline,PPO,3,21,early,0.22787425817632054,1.0,3496.625410377927,3496.625410377927,4282.18936652522,0.2394748583802661,0,739.214628121166,1,0.0,1,1,high,0.8746453651728925,1.2289568893253286,0.34581064897313346,0.5645890100507188,48,11,Imitation_128x128,404,0,0,0.9818247,0.0,0.0,True,-0.2,True,0.63361704,-0.45631063,0.21487457,-1.5377009,0.124001265,-2.0874636,0.0010927933,-6.8190184,0.026414385,-3.6338468
B_RL_test_00049,baseline,ObservationPlanner,10,14,middle,0.3614319639668689,1.0,557.1361346362471,557.1361346362471,1756.1217037408028,0.22041247065985103,0,667.8601291773981,1,0.0,1,1,low,0.2671931472578545,0.946027321721571,0.49805137706200514,0.8348476688154185,49,24,Imitation_128x128,404,0,0,1.381506,0.0,0.0,True,-0.10255327,True,0.4317454,-0.83991927,0.1758249,-1.7382668,0.031536926,-3.4565964,0.13098828,-2.0326476,0.22990444,-1.4700916
B_RL_test_00050,baseline,MyopicEconomic,1,23,early,0.5640436083834576,0.37198488593015544,2778.8507088085507,7470.332300894378,2832.6429911485493,0.35883944705264603,0,654.4683900435166,1,0.0,1,0,low,-0.44078875144303553,0.8380510296018817,0.3871942516794568,0.6034522769722803,50,24,Imitation_128x128,404,0,0,0.001847621,0.0,0.0,True,-0.2,True,0.9998161,-0.00018405914,0.0001573392,-8.757107,6.206628e-08,-16.595064,2.5047872e-05,-10.594722,1.4388042e-06,-13.451698
B_RL_test_00051,baseline,PPO,0,24,early,0.6279381875877659,0.7097053825658842,5488.279280176071,7733.179732037013,2720.080753335256,0.4,0,652.8067991736757,1,0.0,2,1,low,-1.1207786885627906,1.002766217469849,0.3503577515463789,0.617426829756258,51,4,Imitation_128x128,404,0,0,0.0015045695,0.0,0.0,True,-0.2,True,0.99984825,-0.00015163422,0.00014809117,-8.817682,3.3193995e-08,-17.220896,3.4842922e-06,-12.5672455,1.7879063e-07,-15.53705
B_RL_test_00052,baseline,ObservationPlanner,22,2,late,0.39494446361012614,1.0,500.0,500.0,1732.4707144893682,0.2174831580160389,0,607.2925577081427,1,0.0,1,1,low,-0.23877457474671135,0.7227125995562862,0.4726893086707423,0.6581244204937098,52,24,Imitation_128x128,404,3,4,1.2505896,24.423359522993564,24.423359522993564,False,0.1,False,0.06879116,-2.67668,0.025533255,-3.6677737,0.11065113,-2.201373,0.4383875,-0.8246521,0.35663703,-1.0310367
B_RL_test_00053,baseline,MyopicEconomic,6,18,early,0.34426507000356177,0.2436763840649301,2049.447590889828,8410.530215122248,2009.1865947564293,0.47200289460980144,0,584.1029467466066,1,0.0,1,0,low,-0.3870103738071509,1.0471457565478777,0.4977787279614221,0.8372278510245246,53,24,Imitation_128x128,404,0,0,0.08883184,0.0,0.0,True,-0.2,True,0.9855698,-0.014535427,0.003622862,-5.620491,1.9504316e-05,-10.844875,0.008855885,-4.726673,0.0019320105,-6.249194
B_RL_test_00054,baseline,PPO,2,22,early,0.8049562963000642,1.0319384677467247,7130.673275385625,6909.979129817411,4895.253327835442,0.15084904971669436,0,600.8959365436986,1,0.0,2,2,high,-1.255506772438249,0.9360305659296442,0.363464744617099,0.5373903131399516,54,7,Imitation_128x128,404,0,0,0.12544025,0.0,0.0,True,-0.2,True,0.9742759,-0.026060581,0.024475278,-3.7100916,0.00093169697,-6.9785028,8.849352e-05,-9.332581,0.00022864684,-8.383331
B_RL_test_00055,baseline,ObservationPlanner,0,24,early,0.7703021013594434,0.8046723751405875,8386.849268140477,10422.688198628884,3782.175891677592,0.4,0,657.5751534584275,1,0.0,2,1,high,-0.5512478562946606,1.0949289310713148,0.2282812754865429,0.5039575619771754,55,5,Imitation_128x128,404,0,0,0.0008150971,0.0,0.0,True,-0.2,True,0.99992275,-7.724762e-05,7.645243e-05,-9.478842,2.8568592e-09,-19.673542,8.887323e-07,-13.93347,4.339424e-08,-16.952938
B_RL_test_00056,baseline,MyopicEconomic,3,21,early,0.5319335139074415,0.2944401741434168,3288.5919463967357,11168.964819301184,2236.5959758467075,0.2618928823547251,0,668.6782541872011,1,0.0,1,0,low,0.491521608931922,0.7981409760756403,0.40301955099779874,0.725467639639309,56,24,Imitation_128x128,404,0,0,0.009416929,0.0,0.0,True,-0.2,True,0.99885416,-0.0011463165,0.0010209972,-6.8869753,1.3143224e-05,-11.239604,6.191081e-05,-9.6898155,4.972397e-05,-9.909023
B_RL_test_00057,baseline,PPO,6,18,early,0.6835475823280572,1.5415926323287827,4138.878045092562,2684.8065813860508,3494.805096494596,0.1028284327062324,0,711.5596795853463,1,0.0,2,2,high,0.29734423011214695,1.2126248846903505,0.3002933541740706,0.833479734810448,57,11,Imitation_128x128,404,0,1,0.77175814,5.88263050868909,5.88263050868909,False,-0.2,False,0.6644706,-0.40876472,0.3022563,-1.19648,0.008204936,-4.8030195,0.0018844431,-6.274123,0.023183756,-3.7643037
B_RL_test_00058,baseline,ObservationPlanner,17,7,late,0.007347530160079491,0.25628247946200927,1319.3906808078113,5148.189152756323,3509.3180928960087,0.6279407830915847,0,813.4735944976718,1,0.0,0,0,high,2.782688012161225,0.6915874271637731,0.4819950280080346,0.698112208087694,58,24,Imitation_128x128,404,4,4,0.724916,0.0,0.0,True,0.2,True,0.0032525323,-5.728321,0.009969078,-4.608267,0.0010092282,-6.898569,0.34667698,-1.0593617,0.6390922,-0.44770646
B_RL_test_00059,baseline,MyopicEconomic,11,13,middle,0.3010701088009395,0.209471918594423,3142.0787789163446,14999.999999999998,1760.7293445204466,0.16035656363609666,0,704.3711085217833,1,0.0,1,0,low,0.971453190840694,1.533171519635366,0.4781722323867211,0.6056363128937179,59,24,Imitation_128x128,404,0,0,0.8126928,0.0,0.0,True,-0.2,True,0.67069805,-0.39943635,0.027881358,-3.5797973,0.27878428,-1.277317,0.000703691,-7.2591715,0.021932654,-3.8197787
B_RL_test_00060,baseline,PPO,0,24,early,0.5068592473650758,0.168176012802745,546.810907443923,3251.4203323709544,1514.974941648108,0.4,0,625.4025588941706,1,0.0,1,0,low,0.4676162543727831,0.8860136480030804,0.311185290065238,0.9046832844889655,60,4,Imitation_128x128,404,0,0,0.13236104,0.0,0.0,True,-0.2,True,0.97111386,-0.029311657,0.00017641306,-8.642683,1.6796823e-08,-17.902077,0.028648563,-3.5526521,6.1085564e-05,-9.703235
B_RL_test_00061,baseline,ObservationPlanner,1,23,early,0.6723392587564916,0.5264822437685277,4501.6441067295755,8550.419620056096,6653.596928286341,0.3606854027384583,0,595.3492738028834,1,0.0,2,1,high,-0.6019120795535214,1.250066022412253,0.32570285665920384,0.6690632347612712,61,4,Imitation_128x128,404,0,0,0.0021091078,0.0,0.0,True,-0.2,True,0.9997776,-0.00022220612,0.00021985763,-8.42253,3.365509e-07,-14.904516,1.9633414e-06,-13.140862,2.9085973e-07,-15.050425
B_RL_test_00062,baseline,MyopicEconomic,0,24,early,0.6558138612660278,0.22766535990445966,1353.0514007973516,5943.158859850981,3412.923749968226,0.4,1,623.1365100020726,1,0.0,2,0,high,-0.5197297972949666,1.0463883656689934,0.3776908173523991,0.815325111799893,62,24,Imitation_128x128,404,0,0,0.0047332104,0.0,0.0,True,-0.2,True,0.99945754,-0.0005426407,0.0005172814,-7.5669236,7.4595636e-07,-14.108599,2.2494924e-05,-10.702221,1.9275374e-06,-13.159267
B_RL_test_00063,baseline,PPO,0,24,early,0.6092112298996989,0.14054555952618597,1225.4641336450247,8719.337258155783,3515.256718321031,0.4,0,570.2458398508572,1,0.0,2,0,high,-1.4160968264962555,1.271300483920626,0.2624403200649598,0.5443897374113016,63,5,Imitation_128x128,404,0,0,0.002046235,0.0,0.0,True,-0.2,True,0.99980146,-0.00019836426,0.000104551495,-9.165831,1.8812655e-07,-15.486151,8.992023e-05,-9.316587,3.93258e-06,-12.446215
B_RL_test_00064,baseline,ObservationPlanner,1,23,early,0.7230093447733669,0.4422362425874765,2831.9463335814994,6403.695719310763,4169.321450676664,0.3816100151721653,0,551.480806362687,1,0.0,2,0,high,-0.2311648484074592,0.750470788967369,0.44116609633456183,0.7340685337223977,64,4,Imitation_128x128,404,0,0,0.0022158874,0.0,0.0,True,-0.2,True,0.9997688,-0.00023126602,0.00021935975,-8.424798,1.3880286e-07,-15.790211,1.0909307e-05,-11.425894,6.887974e-07,-14.188319
B_RL_test_00065,baseline,MyopicEconomic,17,7,late,0.16883788561041613,0.1953397861591348,2930.096792387022,15000.0,2526.854242657849,0.4377581672034112,0,681.087812638456,1,0.0,0,0,low,0.9543120520827897,1.2376231953811616,0.4808156757682948,0.8043152589284366,65,24,Imitation_128x128,404,2,0,0.88251936,27.26733318481513,27.26733318481513,False,0.0,False,0.027186884,-3.6050205,0.14631753,-1.9219761,0.7097558,-0.34283423,0.0017836868,-6.329073,0.114956155,-2.1632044
B_RL_test_00066,baseline,PPO,4,20,early,0.5446765194422268,1.073252499481339,1483.5483753950894,1382.2920292401186,1193.6200672635655,0.14139800041492867,0,709.3255489273176,1,0.0,1,2,low,0.10872647247335987,1.0882603901869417,0.24807577802657751,0.678805264804511,66,5,Imitation_128x128,404,0,1,0.64750594,44.239417380889336,44.239417380889336,False,-0.2,False,0.8053489,-0.21647978,0.14194347,-1.9523265,0.0018575676,-6.2884874,0.017740017,-4.0319324,0.03311006,-3.4079182
B_RL_test_00067,baseline,ObservationPlanner,2,22,early,0.1097643319784132,0.7714368241331376,4333.73462698888,5617.744047749718,3805.298674699541,0.348534859982811,0,858.1554947232789,1,0.0,0,1,high,1.7860277180715896,1.4976221550110438,0.3431977762345563,0.6947477889754374,67,7,Imitation_128x128,404,0,0,0.30676082,0.0,0.0,True,-0.2,True,0.91696846,-0.08668232,0.07875639,-2.541396,0.0020528054,-6.188548,0.000281061,-8.176939,0.0019413637,-6.2443647
B_RL_test_00068,baseline,MyopicEconomic,0,24,early,0.42653032626779175,0.37421081019193775,2545.965711703852,6803.560031838716,2610.68512423398,0.4,0,666.6578373952274,1,0.0,1,0,low,0.11732619098720778,0.9121918234253104,0.44108451528192855,0.739356466273892,68,14,Imitation_128x128,404,0,0,0.0009937759,0.0,0.0,True,-0.2,True,0.9999083,-9.1552734e-05,7.261906e-05,-9.530283,2.0690084e-08,-17.693611,1.8599036e-05,-10.892401,4.957699e-07,-14.517154
B_RL_test_00069,baseline,PPO,1,23,early,0.960812023620709,0.6728979002668548,2168.0837102651412,3222.0099206808827,4198.773867629622,0.2488485489978257,0,483.07543703213923,1,0.0,2,1,high,-1.4919352173107752,1.3055222135338365,0.41763881714870493,0.7592059164002953,69,6,Imitation_128x128,404,0,0,0.0059252526,0.0,0.0,True,-0.2,True,0.99929583,-0.0007042885,0.0006799405,-7.293505,2.294473e-07,-15.287592,2.2828026e-05,-10.687521,1.0792038e-06,-13.739286
B_RL_test_00070,baseline,ObservationPlanner,4,20,early,0.04844010728093621,1.0,1958.2948491654167,1958.2948491654167,1639.8550914103687,0.3349557074327678,0,910.063873343722,1,0.0,0,1,low,2.389651181165024,1.299545799569939,0.4153647449400546,0.7062253508358912,70,11,Imitation_128x128,404,0,0,1.1608257,0.0,0.0,True,-0.2,True,0.5198792,-0.6541587,0.3010634,-1.2004343,0.017871352,-4.024556,0.042727794,-3.1529055,0.11845822,-2.133195
B_RL_test_00071,baseline,MyopicEconomic,21,3,late,0.3819574454017667,0.3308075231538171,4962.112847307257,15000.0,3235.427963034861,0.26325602044805047,0,686.9360106943229,1,0.0,1,0,high,0.09105636204004242,1.0313146161355393,0.4853300622396656,0.5238168952882202,71,24,Imitation_128x128,404,0,1,1.0278612,20.589489271932962,20.589489271932962,False,-0.2,False,0.5909594,-0.526008,0.12418719,-2.0859654,0.2541192,-1.369952,0.0005611448,-7.485532,0.030173093,-3.500805
B_RL_test_00072,baseline,PPO,0,24,early,0.7588589061208596,0.6809655158039449,4039.6011253995216,5932.166947735064,1816.55993714263,0.4,1,695.702630528886,1,0.0,2,1,low,0.386536536410366,0.930225005718882,0.29112376646152666,0.6081968729634402,72,3,Imitation_128x128,404,0,0,0.0044227764,0.0,0.0,True,-0.2,True,0.99948907,-0.00051116943,0.00050348946,-7.593948,6.260792e-08,-16.586374,6.904502e-06,-11.883337,3.5763134e-07,-14.843763
B_RL_test_00073,baseline,ObservationPlanner,22,2,late,0.4137834712644008,1.029344230852175,514.6721154260874,500.0,5830.51050764666,0.14221314095652096,0,696.2288645930913,1,0.0,1,2,high,0.45941812709734065,1.1789910139310849,0.28356995023331066,0.6877866114164769,73,24,Imitation_128x128,404,4,2,1.3005761,20.46433510438669,20.46433510438669,False,0.2,False,0.11165091,-2.192378,0.10123688,-2.290292,0.37589708,-0.97843975,0.023730047,-3.741013,0.38748512,-0.94807774
B_RL_test_00074,baseline,MyopicEconomic,7,17,early,0.04053304116497742,0.13505325496414894,2025.7988244622338,14999.999999999998,4168.7212063130455,0.49730623844293537,0,737.1110563485262,1,0.0,0,0,high,1.5965306398868033,0.7644284406291425,0.5561785363345491,0.7034210583296641,74,24,Imitation_128x128,404,2,1,0.2685529,0.9982117901608092,0.9982117901608092,False,0.0,False,0.004802048,-5.3387127,0.044957757,-3.102032,0.9404318,-0.06141615,5.4724787e-05,-9.813194,0.009753791,-4.6300993
B_RL_test_00075,baseline,PPO,1,23,early,0.7564671147100324,0.6119493257231801,3427.4907057391165,5600.938773302232,2612.995156430521,0.28013957570482395,0,586.5806523842683,1,0.0,2,1,low,-1.9380212781880286,0.5667805381576572,0.34706457120354495,0.4642840454103798,75,4,Imitation_128x128,404,0,0,0.005932791,0.0,0.0,True,-0.2,True,0.99929965,-0.0007004738,0.0006667654,-7.313072,3.412943e-07,-14.89052,3.0777173e-05,-10.388737,2.4696249e-06,-12.911444
B_RL_test_00076,baseline,ObservationPlanner,3,21,early,0.8732476304401287,1.1162618083955889,3034.364563993472,2718.3269562494356,1933.50347851992,0.10699055328352877,0,582.3405206417185,1,0.0,2,2,low,-0.9456056299759363,0.9330307037393054,0.3516778080616225,0.7294508559928045,76,6,Imitation_128x128,404,0,1,0.21872745,20.356151312253132,20.356151312253132,False,-0.2,False,0.9490418,-0.05230236,0.047189947,-3.0535743,0.00073708786,-7.2128034,0.0015851822,-6.447056,0.001446139,-6.538858
B_RL_test_00077,baseline,MyopicEconomic,16,8,late,0.11924889965361976,0.10632274977041356,1594.8412465562033,14999.999999999998,2621.478144077052,0.3694256144447483,0,739.7602268363717,1,0.0,0,0,low,0.31858297831781607,0.8479897153648971,0.4532158731317911,0.56086922159226,77,24,Imitation_128x128,404,2,2,0.27667502,0.0,0.0,True,0.0,True,0.0014322597,-6.548502,0.01043328,-4.5627546,0.9360863,-0.06604767,0.0007755818,-7.161897,0.051272646,-2.970598
B_RL_test_00078,baseline,PPO,3,21,early,0.9540215157636134,1.225,5355.1173299948005,4371.524351016164,3521.0761850454173,0.02,2,565.1217807466435,1,0.0,2,2,high,-0.8075015401694254,1.0321185311846846,0.18971493676975942,0.6519106372702784,78,4,Imitation_128x128,404,0,1,0.27249897,19.22203246319441,19.22203246319441,False,-0.2,False,0.93193203,-0.07049537,0.06277329,-2.7682257,0.0028933852,-5.8453283,0.0010112094,-6.896608,0.0013901268,-6.5783606
B_RL_test_00079,baseline,ObservationPlanner,0,24,early,0.6107559122745796,0.35881894687930105,1990.6102300783075,5547.673129835883,2877.475817049848,0.4,0,606.0929451374526,1,0.0,2,0,low,-0.2263729641847368,0.7787968829600019,0.42086284106403515,0.720814474587929,79,1,Imitation_128x128,404,0,0,0.0018936748,0.0,0.0,True,-0.2,True,0.9998153,-0.00018453598,0.00012734575,-8.968604,2.7723393e-08,-17.40099,5.621102e-05,-9.786397,1.2090023e-06,-13.625715
B_RL_test_00080,baseline,MyopicEconomic,1,23,early,0.6454988717607186,0.6105344746162854,2483.2239255782656,4067.2951795866175,1869.5339146746887,0.31435377533905284,0,598.6720201337081,1,0.0,2,1,low,-1.0123921144009338,1.1258003834783963,0.39749000470481033,0.5241669124696455,80,2,Imitation_128x128,404,0,0,0.0078063076,0.0,0.0,True,-0.2,True,0.9990752,-0.0009250641,0.0007835674,-7.1516533,2.3264981e-07,-15.273731,0.00013505785,-8.909807,5.9330146e-06,-12.034978
B_RL_test_00081,baseline,PPO,5,19,early,0.5471971665134849,1.0,820.1402972263885,820.1402972263885,1144.5597734841792,0.21690835041641865,0,654.083534261115,1,0.0,1,1,low,0.4670964360920484,1.0318299041662726,0.39611149708091536,0.7766966329528985,81,24,Imitation_128x128,404,0,0,0.5632725,0.0,0.0,True,-0.2,True,0.84748197,-0.16548562,0.09927782,-2.309833,0.0008892234,-7.0251617,0.03529761,-3.34394,0.017053353,-4.0714083
B_RL_test_00082,baseline,ObservationPlanner,4,20,early,0.979857188575217,1.0,500.00000000000006,500.00000000000006,1287.0936432178305,0.0352510431562565,3,467.9522389366124,1,0.0,2,1,low,-1.8132668856006082,0.8977841514156312,0.379017546862315,0.6711371551218738,82,7,Imitation_128x128,404,0,2,0.3527197,-68.35334460771696,0.0,False,-0.0,True,0.92624754,-0.076613665,0.03250359,-3.4264047,0.024847567,-3.6949954,0.009511109,-4.6552944,0.006890281,-4.977643
B_RL_test_00083,baseline,MyopicEconomic,9,15,middle,0.8651092790573723,0.5928297836241365,8892.446754362049,15000.0,2967.3578290978676,0.10333974095211913,0,633.7478036785967,1,0.0,2,1,low,-0.19318881647829222,1.1007255421738986,0.39873602801111796,0.6182139355952364,83,13,Imitation_128x128,404,0,0,0.04665122,0.0,0.0,True,-0.2,True,0.9925921,-0.007435322,0.006640459,-5.014574,0.00062228244,-7.3821163,5.1862855e-05,-9.866907,9.337566e-05,-9.27888
B_RL_test_00084,baseline,PPO,0,24,early,0.906174739606605,0.4075748690648555,1513.3767327880428,3713.12572892522,2389.231910536744,0.4,0,427.4413147982198,1,0.0,2,0,low,-2.719303493644447,0.9141938919096755,0.4493131263051819,0.7602119282809829,84,2,Imitation_128x128,404,0,0,0.0026364615,0.0,0.0,True,-0.2,True,0.99973327,-0.00026655197,0.00017689921,-8.639931,1.9061297e-08,-17.775606,8.9087014e-05,-9.325896,7.386664e-07,-14.11842
B_RL_test_00085,baseline,ObservationPlanner,4,20,early,0.7941548900434988,1.1078584625333887,3538.6924791601796,3194.173803635616,3279.8007078489463,0.113713229973289,0,660.8190807718751,1,0.0,2,2,high,-0.732507953119708,1.414482734313204,0.324414951475154,0.5343499923124448,85,5,Imitation_128x128,404,0,1,0.3309174,53.64015616127699,53.64015616127699,False,-0.2,False,0.90745467,-0.0971117,0.087977916,-2.4306695,0.0008096675,-7.118887,0.0010236073,-6.8844223,0.0027341633,-5.90193
B_RL_test_00086,baseline,MyopicEconomic,9,15,middle,0.8725517982544201,0.5126492332251752,7689.7384983776265,14999.999999999998,3696.8864482792205,0.17155046543004115,0,578.3838689196426,1,0.0,2,1,high,-0.5739392325338428,0.8405098617483711,0.2825418813098837,0.6386877709365626,86,16,Imitation_128x128,404,0,0,0.060941625,0.0,0.0,True,-0.2,True,0.9896797,-0.010374069,0.0094564,-4.6610637,0.0006993727,-7.265327,3.3123823e-05,-10.315258,0.00013146733,-8.936752
B_RL_test_00087,baseline,PPO,9,15,middle,0.5014289547566524,1.9666253091615,3959.3397123443137,2013.265920000001,9962.41445462283,0.08991769508881849,0,706.7720228447201,1,0.0,1,2,high,0.6498672710491811,1.088206740370783,0.40818789241107123,0.7330825440302011,87,14,Imitation_128x128,404,2,1,1.0222996,55.73651992605255,55.73651992605255,False,0.0,False,0.11014811,-2.2059293,0.18771136,-1.6728497,0.63854957,-0.44855583,0.00066003203,-7.323222,0.06293087,-2.7657185
B_RL_test_00088,baseline,ObservationPlanner,10,14,middle,0.01751231497823463,1.0,2062.3705253171834,2062.3705253171834,6848.24600462249,0.42136429596045955,0,823.4542716105796,1,0.0,0,1,high,3.2597985744067355,0.9085305102515508,0.4665674267932232,0.8094894424242502,88,24,Imitation_128x128,404,1,1,1.1022333,0.0,0.0,True,-0.1,True,0.12791726,-2.0563715,0.5278235,-0.63899314,0.30159947,-1.1986552,0.0013030006,-6.6430855,0.041356705,-3.1855204
B_RL_test_00089,baseline,MyopicEconomic,14,10,middle,0.1543903474151127,0.14228358458682816,2028.3947818698225,14256.000000000002,3369.936719339581,0.43161391595669496,0,713.1052669663361,1,0.0,0,0,high,1.7888009368239013,0.6988729541935131,0.3328235380263363,0.8188913977778863,89,24,Imitation_128x128,404,2,3,0.5803651,8.046498553436578,8.046498553436578,False,0.0,False,0.016764345,-4.088501,0.055517178,-2.8910627,0.84642315,-0.16673589,0.0011803057,-6.7419815,0.08011502,-2.524292
B_RL_test_00090,baseline,PPO,10,14,middle,0.7534781431339181,2.315642848909248,2176.249783856102,939.8037287491009,4306.620593893453,0.02,1,646.8127409746123,1,0.0,2,2,high,0.043613096896889136,1.037068499561815,0.565620493324281,0.7959980754214587,90,11,Imitation_128x128,404,2,0,1.1046425,12.47295748320471,12.47295748320471,False,0.0,False,0.13535257,-1.9998723,0.14107898,-1.9584354,0.6164119,-0.48383987,0.004960187,-5.306312,0.10219634,-2.2808595
B_RL_test_00091,baseline,ObservationPlanner,20,4,late,0.004203746421753841,0.048369274057587466,725.539110863812,15000.0,1895.838978176145,0.6002317453913092,0,914.2149004138386,1,0.0,0,0,low,2.3382845918220068,0.6741896711819185,0.5199109965055012,0.712837240683555,91,24,Imitation_128x128,404,4,2,0.9177901,-17.73963985028837,0.0,False,0.0,True,0.0005735088,-7.4637375,0.032064397,-3.440009,0.26572725,-1.325285,0.05895861,-2.8309197,0.64267623,-0.44211435
B_RL_test_00092,baseline,MyopicEconomic,17,7,late,0.08960262868948717,0.1692689454392299,2056.6176870866434,12150.0,2114.236479504682,0.4353373723168985,0,580.4005404605385,1,0.0,0,0,low,-0.5862659646754461,1.1181404121059324,0.6389081097596125,0.889545304488342,92,22,Imitation_128x128,404,2,3,0.41684392,22.070955021289222,22.070955021289222,False,0.0,False,0.004698263,-5.3605623,0.0035688635,-5.635508,0.883143,-0.124268055,0.005144974,-5.269735,0.1034449,-2.268716
B_RL_test_00093,baseline,PPO,5,19,early,0.01220936956066418,1.0,4915.200000000001,4915.200000000001,8492.213570262602,0.4346923481340863,0,876.6096227204597,1,0.0,0,1,high,3.0629373987984785,0.9114223715622548,0.4060270931795948,0.7879782542358003,93,24,Imitation_128x128,404,0,0,0.78182024,0.0,0.0,True,-0.2,True,0.66844344,-0.40280342,0.283098,-1.261962,0.046481743,-3.0686955,8.904672e-05,-9.326349,0.0018878484,-6.2723174
B_RL_test_00094,baseline,ObservationPlanner,5,19,early,0.9887958087926114,1.0,500.0,500.0,1405.898611797393,0.02,3,392.42144428152614,1,0.0,2,1,low,-1.3976582755334301,0.7487520285556225,0.4855545079422672,0.6876819511748817,94,8,Imitation_128x128,404,0,2,0.45908347,-87.30987679035434,0.0,False,0.0,True,0.895033,-0.11089468,0.037801143,-3.275416,0.047237903,-3.0525587,0.010469076,-4.5593295,0.009458938,-4.660795
B_RL_test_00095,baseline,MyopicEconomic,14,10,middle,0.23804962142462843,0.1728121909906215,2042.0964107147854,11816.853886341905,2929.6763194070577,0.4715160381848498,0,599.3617573811041,1,0.0,1,0,low,-0.2563260662755433,0.9887072235021326,0.5326297737522329,0.6408928626998098,95,24,Imitation_128x128,404,4,0,1.3871195,56.713739767836955,56.713739767836955,False,0.2,False,0.2536928,-1.3716309,0.11300923,-2.1802857,0.18591861,-1.6824461,0.033925537,-3.3835871,0.41345376,-0.8832094
B_RL_test_00096,baseline,PPO,23,1,late,0.057706257325393535,1.0,500.0,500.0,4245.599445238874,0.3531450452789717,0,734.2826019711963,1,0.0,0,1,high,0.63121929203782,0.9721972196766725,0.445765228928636,0.7938713156995721,96,24,Imitation_128x128,404,2,2,0.48108944,0.0,0.0,True,0.0,True,0.0036419812,-5.6152277,0.005438535,-5.214246,0.8678356,-0.1417532,0.018111212,-4.0112243,0.10497282,-2.254054
B_RL_test_00097,baseline,ObservationPlanner,0,24,early,0.5202720984178253,0.18164222778984737,336.65413188935815,1853.3913395890145,1585.6471968155172,0.4,0,570.907195146081,1,0.0,1,0,low,-0.6422699443344645,0.5751794844401634,0.5138524784076035,0.5242284254912288,97,24,Imitation_128x128,404,0,0,0.17051695,0.0,0.0,True,-0.2,True,0.9596876,-0.04114771,0.00019058019,-8.565438,1.0725692e-07,-16.048038,0.040074006,-3.2170277,4.7705653e-05,-9.950461
B_RL_test_00098,baseline,MyopicEconomic,8,16,middle,0.36105580188544195,0.5128494073419781,7692.741110129673,15000.0,2999.8299614530706,0.1765400580706997,0,745.413405021207,1,0.0,1,1,low,0.9088657953933286,1.3248086092922042,0.36488819247598553,0.5828741555508058,98,22,Imitation_128x128,404,0,0,0.6936643,0.0,0.0,True,-0.2,True,0.76535344,-0.26741767,0.05882376,-2.8332095,0.1725289,-1.7571907,7.085514e-05,-9.554873,0.0032230618,-5.737424
B_RL_test_00099,baseline,PPO,1,23,early,0.6935374321243797,0.8015197217681155,3446.4035370911242,4299.836227970183,2308.449944443907,0.3122362038919836,0,638.8794272401572,1,0.0,2,1,low,-0.26689171429934844,0.6907053720958345,0.34363800188548893,0.47058435393170817,99,6,Imitation_128x128,404,0,0,0.006031646,0.0,0.0,True,-0.2,True,0.9992859,-0.00071430206,0.0006800751,-7.2933073,1.1719127e-07,-15.959458,3.2035885e-05,-10.348654,1.8531216e-06,-13.198639
B_RL_test_00000,severe_stress,PPO,2,22,early,0.4166718720179237,0.5570515438200542,5194.628365429958,9325.220301531006,5113.817957246661,0.2675494669086287,0,735.6133585549072,1,0.0,1,1,high,0.7766626320299265,1.1540687281369808,0.34471001732411144,0.8095158963876717,100,9,Imitation_128x128,404,0,0,0.016018819,0.0,0.0,True,-0.2,True,0.9977968,-0.0022058487,0.002141111,-6.1464305,3.9751543e-05,-10.132862,8.850503e-06,-11.635036,1.3548302e-05,-11.2092495
B_RL_test_00001,severe_stress,ObservationPlanner,5,19,early,0.3882490109490616,1.0006186687674683,1876.0181886488513,1874.8582723922927,1967.1722695860833,0.19101578376353281,0,827.2144458947637,2,1.6,1,2,low,1.6613225481260747,0.841180276874062,0.2960832412250551,0.6198577850919593,101,14,Imitation_128x128,404,0,1,0.6658498,18.710098816591994,18.710098816591994,False,-0.2,False,0.8031589,-0.21920276,0.09632652,-2.3400116,0.0043396186,-5.4399686,0.0036685439,-5.60796,0.09250651,-2.3804762
B_RL_test_00002,severe_stress,MyopicEconomic,1,23,early,0.4350840664284275,0.24334980512276738,1594.1887694297345,6551.017242958067,2311.7540353432664,0.35961980914440683,0,678.8660937176784,1,0.0,1,0,low,0.4546918678629157,0.8585965558808485,0.47150063272009635,0.832595564470931,102,8,Imitation_128x128,404,0,0,0.012273669,0.0,0.0,True,-0.2,True,0.99851185,-0.0014891624,0.00040590047,-7.8094025,4.5063956e-07,-14.612598,0.001024835,-6.8832235,5.6897283e-05,-9.774263
B_RL_test_00003,severe_stress,PPO,4,20,early,0.17384169938551708,0.9999999999999998,4497.415959676926,4497.415959676927,7800.775326931617,0.4070511995665708,0,757.5840193125299,2,1.6,0,1,high,1.033632078382112,1.2276235612338229,0.47864155202413344,0.8531424835747992,103,8,Imitation_128x128,404,0,0,0.25073966,0.0,0.0,True,-0.2,True,0.93269163,-0.06968069,0.06667684,-2.7078977,0.00023489268,-8.356382,3.8155635e-05,-10.173838,0.00035847013,-7.9336653
B_RL_test_00004,severe_stress,ObservationPlanner,6,18,early,0.776933689900663,1.008353470396052,2121.113929313534,2103.542053046559,2725.081576561847,0.140064894447816,0,641.2934889559235,2,1.6,2,2,low,0.4602511534154351,1.0830413162393473,0.45980112852588634,0.7412130218716163,104,11,Imitation_128x128,404,0,0,0.327553,0.0,0.0,True,-0.2,True,0.9109857,-0.0932281,0.08233398,-2.4969714,0.0002827178,-8.1710615,0.0007985895,-7.1326637,0.0055990065,-5.1851664
B_RL_test_00005,severe_stress,MyopicEconomic,7,17,early,0.8025142906744749,0.1102030000105691,1470.0200355926197,13339.201613854762,1638.3929991407078,0.3418930605080054,0,636.3318377891824,2,1.6,2,0,low,-0.04444196082094837,1.1818582927166443,0.48676356778721747,0.6668066982541053,105,12,Imitation_128x128,404,0,0,0.17825457,0.0,0.0,True,-0.2,True,0.9586839,-0.04219389,0.040039692,-3.217884,2.3295427e-06,-12.969839,0.00013859528,-8.883953,0.0011354889,-6.780692
B_RL_test_00006,severe_stress,PPO,5,19,early,0.8721603821264096,1.0998398072478652,3950.3923799281415,3591.7888713386624,5815.632777110655,0.02,1,684.1993287360234,2,1.6,2,2,high,0.9316380738118776,0.6386269675984682,0.5197144407917117,0.5755142980102315,106,7,Imitation_128x128,404,0,0,0.99887997,0.0,0.0,True,-0.2,True,0.5343001,-0.62679744,0.3688665,-0.99732023,0.06906427,-2.6727176,0.0043151905,-5.445614,0.023453902,-3.7527182
B_RL_test_00007,severe_stress,ObservationPlanner,2,22,early,0.941153837414281,1.0,9600.0,9600.0,6575.139522683609,0.02,1,540.727184687694,1,0.0,2,1,high,-1.7014713346367327,1.0009109290001965,0.4410433472212441,0.6888284147284123,107,5,Imitation_128x128,404,0,0,0.08081473,0.0,0.0,True,-0.2,True,0.98610306,-0.013994217,0.011187697,-4.4929404,0.002544321,-5.9738913,7.682422e-05,-9.47399,8.802876e-05,-9.337847
B_RL_test_00008,severe_stress,MyopicEconomic,3,21,early,0.46800086187321227,0.3932877923561791,4242.888278486691,10788.253184945392,4666.187714582823,0.3364305752596788,0,619.1106237784993,1,0.0,1,0,high,-0.39024726220835865,0.9356708536559166,0.4388010593340236,0.8167731441495508,108,6,Imitation_128x128,404,0,0,0.006768426,0.0,0.0,True,-0.2,True,0.9991953,-0.0008049011,0.00075238146,-7.192267,3.9785813e-05,-10.132,7.523064e-06,-11.797537,4.99558e-06,-12.206957
B_RL_test_00009,severe_stress,PPO,2,22,early,0.6161913093291045,0.5250073090912045,3060.6138934986757,5829.659588542955,3652.883738387161,0.3644789563273006,0,573.8508323546777,1,0.0,2,1,high,-0.11325674064309288,0.5753649050646394,0.44374303847723623,0.8737371263430239,109,5,Imitation_128x128,404,0,0,0.008397402,0.0,0.0,True,-0.2,True,0.9989617,-0.0010390282,0.0009900143,-6.9177914,2.4309275e-06,-12.927238,3.8470156e-05,-10.165628,7.4756103e-06,-11.803865
B_RL_test_00010,severe_stress,ObservationPlanner,1,23,early,0.9138404870515462,0.8336148063277276,1604.158451919865,1924.340162558492,1727.6845770750347,0.02,1,575.1760875918158,1,0.0,2,1,low,-0.4838409806239353,0.8413063321790891,0.4391246703190555,0.6872603844075084,110,4,Imitation_128x128,404,0,0,0.15568851,0.0,0.0,True,-0.2,True,0.96967834,-0.030790806,0.024988312,-3.689347,0.0016252651,-6.4220843,0.0023267663,-6.063276,0.0013812762,-6.5847473
B_RL_test_00011,severe_stress,MyopicEconomic,4,20,early,0.6259546933303869,0.44865801078481937,5072.576936786621,11306.110255143705,2986.8511662016085,0.2571121325345216,0,667.5995820019157,2,1.6,2,0,low,0.6701751736113165,1.1556843223065958,0.3527015341276848,0.6125902414428819,111,6,Imitation_128x128,404,0,0,0.01957215,0.0,0.0,True,-0.2,True,0.9971758,-0.0028281212,0.0027975421,-5.879014,3.5459004e-06,-12.549719,7.502005e-06,-11.800341,1.5553784e-05,-11.071207
B_RL_test_00012,severe_stress,PPO,7,17,early,0.5738788763763731,1.0160239515840837,1150.4354262240656,1132.2916398087082,1935.3231653427192,0.18718083873273306,0,719.5123947019736,2,1.6,1,2,low,0.9772288051966393,0.9509734753112715,0.46436674060322847,0.7302773060708184,112,9,Imitation_128x128,404,0,1,0.5005573,19.62120421677446,19.62120421677446,False,-0.2,False,0.86599576,-0.14387536,0.0797218,-2.5292122,0.0009711284,-6.937052,0.002914337,-5.838113,0.050397083,-2.987822
B_RL_test_00013,severe_stress,ObservationPlanner,2,22,early,0.9314582456168501,0.6919830412331085,2007.0177052663607,2900.385682414804,2408.1872813445257,0.2947446355756634,0,496.3313094061973,1,0.0,2,1,low,-1.736257804977541,1.0740468656905695,0.3667052714676963,0.6175553539035563,113,3,Imitation_128x128,404,0,0,0.008026187,0.0,0.0,True,-0.2,True,0.99902606,-0.00097465515,0.0008889979,-7.025416,1.2770067e-07,-15.873577,8.2663864e-05,-9.400728,2.126494e-06,-13.061036
B_RL_test_00014,severe_stress,MyopicEconomic,1,23,early,0.5271408732435738,0.7017806288528439,6543.9437847632835,9324.771183069348,3885.4089210235634,0.42337198126547393,0,675.8104456583286,1,0.0,1,1,high,-0.6684220948261075,1.1138218846795502,0.3991183392656671,0.6578988792549979,114,2,Imitation_128x128,404,0,0,0.0013643991,0.0,0.0,True,-0.2,True,0.999863,-0.0001373291,0.0001353661,-8.907528,3.1888987e-08,-17.261005,1.3843633e-06,-13.490271,1.3163728e-07,-15.843216
B_RL_test_00015,severe_stress,PPO,0,24,early,0.8827892318835304,0.7750439435362315,7010.115307667944,9044.797222314191,5056.69050475539,0.4,0,530.7452935881225,1,0.0,2,1,high,-1.857567923464245,1.5996820862393486,0.20504247408141998,0.6309168474085493,115,1,Imitation_128x128,404,0,0,0.0010501514,0.0,0.0,True,-0.2,True,0.9998975,-0.00010204315,0.00010152183,-9.195236,8.32255e-09,-18.604296,9.838744e-07,-13.831767,4.9834256e-08,-16.814564
B_RL_test_00016,severe_stress,ObservationPlanner,2,22,early,0.9303009848476829,1.0,9600.0,9600.0,6088.8328922062965,0.02,1,576.6080377234201,1,0.0,2,1,high,-0.4401584506355456,1.0497642801219806,0.40754786971653073,0.5611451094235479,116,3,Imitation_128x128,404,0,0,0.16137904,0.0,0.0,True,-0.2,True,0.9669452,-0.033613443,0.02758507,-3.5904806,0.005172689,-5.264363,0.00010014168,-9.208924,0.00019687414,-8.532946
B_RL_test_00017,severe_stress,MyopicEconomic,6,18,early,0.7768153545458911,0.40930999507012233,6139.649926051834,14999.999999999998,5866.334776902437,0.1954478274580968,0,694.7630917863607,2,1.6,2,0,high,1.1733858159969814,0.7571982460402745,0.28812725488404634,0.8037034744292322,117,9,Imitation_128x128,404,0,0,0.034980427,0.0,0.0,True,-0.2,True,0.9943961,-0.005619526,0.0055521405,-5.1935716,2.9535857e-05,-10.429905,3.6638744e-06,-12.516989,1.8644347e-05,-10.889967
B_RL_test_00018,severe_stress,PPO,6,18,early,0.9037274035148669,1.3043053922444858,2625.6889312815624,2013.0936718456728,3661.6467780397475,0.02,1,661.2703781829231,2,1.6,2,2,high,0.783350719956263,0.519994892666678,0.3439098168059432,0.6750775086741557,118,10,Imitation_128x128,404,0,2,1.2726111,44.98419754496899,44.98419754496899,False,-0.2,False,0.43456978,-0.83339876,0.27609825,-1.2869985,0.214435,-1.5397487,0.010758074,-4.532099,0.06413894,-2.7467036
B_RL_test_00019,severe_stress,ObservationPlanner,1,23,early,0.5225384016325821,0.8831844316605247,4188.129520917361,4742.078065215692,2842.7474317976203,0.33006626442034487,0,657.7004203308887,1,0.0,1,1,low,0.008801761928701954,1.281540519190883,0.5907284257417467,0.640373467956049,119,7,Imitation_128x128,404,0,0,0.016639933,0.0,0.0,True,-0.2,True,0.9976859,-0.0023169518,0.0022623895,-6.091334,2.9160724e-06,-12.745273,3.7435988e-05,-10.192879,1.1291528e-05,-11.3914585
B_RL_test_00020,severe_stress,MyopicEconomic,5,19,early,0.9903273726904043,0.7235343520892216,9364.720559533289,12943.021340303261,5857.857629745934,0.02,1,514.2749941083653,2,1.6,2,1,high,-1.4821096191035665,1.036690732347569,0.2978889158652708,0.5594487500561349,120,7,Imitation_128x128,404,0,0,0.0534916,0.0,0.0,True,-0.2,True,0.9912718,-0.008766651,0.0077032275,-4.866116,0.0009674191,-6.940879,3.134191e-05,-10.370554,2.625191e-05,-10.547772
B_RL_test_00021,severe_stress,PPO,0,24,early,0.952856086691239,0.6390721954551879,1575.6809170081594,2465.5757647003547,2983.166026826811,0.4,1,437.37277351007333,1,0.0,2,1,low,-2.4253689918491133,0.8437459054517884,0.339367546935539,0.6145889537406355,121,3,Imitation_128x128,404,0,0,0.024470394,0.0,0.0,True,-0.2,True,0.9963727,-0.003633976,0.0035368805,-5.6445103,4.7294393e-06,-12.2617035,7.830887e-05,-9.454849,7.3842543e-06,-11.81616
B_RL_test_00022,severe_stress,ObservationPlanner,6,18,early,0.8420111540845878,1.2249999999999999,1778.1684954270095,1451.5661187159262,3270.993987484063,0.02,1,656.6347725637011,2,1.6,2,2,high,0.5250911873728785,1.0225740464416466,0.5763159361893628,0.6742307684177278,122,9,Imitation_128x128,404,2,2,1.3174162,0.0,0.0,True,0.0,True,0.32353142,-1.1284592,0.17883241,-1.7213063,0.39250404,-0.93520856,0.013661825,-4.29315,0.09147041,-2.3917398
B_RL_test_00023,severe_stress,MyopicEconomic,2,22,early,0.8311454201682336,0.5229275424069387,7843.913136104081,15000.0,6830.231827298405,0.20253138521525418,0,597.884195380762,1,0.0,2,1,high,0.24134772804040389,1.3810949496954836,0.24254573603279125,0.7506369767835125,123,5,Imitation_128x128,404,0,0,0.0024315917,0.0,0.0,True,-0.2,True,0.999739,-0.00026082993,0.00025829813,-8.261395,1.5376643e-06,-13.385246,9.610754e-07,-13.855213,1.9614083e-07,-15.444432
B_RL_test_00024,severe_stress,PPO,2,22,early,0.8642852064172054,0.6675057313785617,2305.939145833296,3454.5608186329287,2026.5878802852524,0.06325948422561593,0,590.1525426782189,1,0.0,2,1,low,-2.0101277777033815,1.478343626097419,0.4308653496981941,0.530824615742716,124,3,Imitation_128x128,404,0,0,0.04412983,0.0,0.0,True,-0.2,True,0.99308324,-0.0069408417,0.006154074,-5.090641,2.5846055e-05,-10.563353,0.0006207519,-7.384579,0.00011607617,-9.061264
B_RL_test_00025,severe_stress,ObservationPlanner,1,23,early,0.9230822556998987,0.7019633566330249,2407.255806884243,3429.3183314164326,2132.473316032242,0.02,1,572.8295723806025,1,0.0,2,1,low,-1.0508383580584602,0.7887385917443512,0.307348428917548,0.5336745085892886,125,4,Imitation_128x128,404,0,0,0.083099134,0.0,0.0,True,-0.2,True,0.985271,-0.0148386955,0.013237019,-4.324738,0.00037942058,-7.8768654,0.00078240724,-7.1531353,0.00033023173,-8.015717
B_RL_test_00026,severe_stress,MyopicEconomic,3,21,early,0.6771584225464135,0.4334220552491781,6501.330828737671,15000.0,6516.058797860334,0.21084889268126272,0,618.5060310757419,1,0.0,2,0,high,-0.8487921202430904,0.9644137800497737,0.41649155616272776,0.8018488833642444,126,6,Imitation_128x128,404,0,0,0.024705432,0.0,0.0,True,-0.2,True,0.99664813,-0.0033574104,0.0022039243,-6.1175156,0.0011296124,-6.7858806,6.227886e-06,-11.986473,1.2067789e-05,-11.32497
B_RL_test_00027,severe_stress,PPO,7,17,early,0.9794303532191574,1.5006249999999994,2233.663407376808,1488.4887346117844,3613.5546788692905,0.02,2,531.7483152393892,2,1.6,2,2,high,-0.4425082286603216,0.8392601629979316,0.5331463867747503,0.7045610005896411,127,8,Imitation_128x128,404,0,0,1.2134899,0.0,0.0,True,-0.2,True,0.4128087,-0.88477105,0.14830552,-1.9084809,0.38039547,-0.9665439,0.013412518,-4.311567,0.045077726,-3.0993671
B_RL_test_00028,severe_stress,ObservationPlanner,0,24,early,0.7918132670670824,0.315123682209895,1480.0754024988344,4696.8079076741615,2278.444071317703,0.4,0,476.49642618302425,1,0.0,2,0,low,-2.0485506467438626,0.6815482883078391,0.3819575070249458,0.8591634595862108,128,4,Imitation_128x128,404,0,0,0.0025585587,0.0,0.0,True,-0.2,True,0.9997439,-0.00025606155,0.00013276422,-8.926935,5.0587126e-08,-16.799568,0.00012245355,-9.007778,9.754631e-07,-13.840353
B_RL_test_00029,severe_stress,MyopicEconomic,4,20,early,0.8033574653262319,0.2934697064267671,2863.7622568244174,9758.289166173427,2106.395876993439,0.1911581694323644,0,707.929516947412,2,1.6,2,0,low,1.4081782222310821,1.1454430642322595,0.1524521085135705,0.686066795455444,129,11,Imitation_128x128,404,0,0,0.012937736,0.0,0.0,True,-0.2,True,0.9982822,-0.0017194748,0.0016626591,-6.3993373,4.2807275e-07,-14.663973,2.7674512e-05,-10.494999,2.7057367e-05,-10.517551
B_RL_test_00030,severe_stress,PPO,2,22,early,0.3930271272446514,0.7230964992230754,2537.3396605380967,3508.9917642587384,3972.151885512717,0.38976284638487163,0,683.7439944050008,1,0.0,1,1,high,0.36049063728598935,0.6978249320066493,0.4584913795995479,0.7048195239783651,130,7,Imitation_128x128,404,0,0,0.027909378,0.0,0.0,True,-0.2,True,0.9958246,-0.004184246,0.003998238,-5.5219016,9.24459e-06,-11.591473,0.0001228528,-9.004524,4.5104167e-05,-10.0065365
B_RL_test_00031,severe_stress,ObservationPlanner,5,19,early,0.9546987231828551,1.225,1090.0667715457148,889.8504257516039,1181.8525818604196,0.02,1,601.2917641619872,2,1.6,2,2,low,-0.4494291645959675,1.2133114246152,0.5382540007993669,0.5509989301790695,131,6,Imitation_128x128,404,0,0,1.1629382,0.0,0.0,True,-0.2,True,0.5761584,-0.55137277,0.12791455,-2.056393,0.2138013,-1.5427083,0.02139861,-3.8444295,0.06072723,-2.8013632
B_RL_test_00032,severe_stress,MyopicEconomic,0,24,early,0.6821034197939189,0.6964197399644306,8738.828413024821,12548.220435955986,6254.032431135801,0.4,0,655.121411864739,1,0.0,2,1,high,0.07233569176205216,1.0330987645795806,0.5532516681278125,0.8240805632894571,132,9,Imitation_128x128,404,0,0,0.0007633016,0.0,0.0,True,-0.2,True,0.9999279,-7.247925e-05,7.1679344e-05,-9.543308,7.944598e-09,-18.650774,4.1817168e-07,-14.687374,2.7547237e-08,-17.407364
B_RL_test_00033,severe_stress,PPO,3,21,early,0.8656298298742936,1.2249999999999999,3366.5276172647314,2748.1858100120257,1736.8128697309855,0.02,1,642.2010355136549,1,0.0,2,2,low,-0.569740014719955,0.9772691096688223,0.5020581483713409,0.5604406923181983,133,5,Imitation_128x128,404,0,0,0.6138564,0.0,0.0,True,-0.2,True,0.78724176,-0.2392199,0.1897566,-1.662013,0.007978085,-4.8310566,0.0038412972,-5.5619454,0.011182315,-4.4934216
B_RL_test_00034,severe_stress,ObservationPlanner,6,18,early,0.9599025264082925,1.2469872232469077,819.9497895790572,657.5446598755602,2245.722265453572,0.07882788984505502,0,552.4497873515605,2,1.6,2,2,low,-0.5568992969228953,1.1557145411930765,0.33555444694239067,0.7880201275407003,134,8,Imitation_128x128,404,0,2,0.36482942,22.245915802534,22.245915802534,False,-0.2,False,0.90154445,-0.1036458,0.08755435,-2.4354954,0.0014411146,-6.5423384,0.0018192949,-6.309306,0.0076407935,-4.8742537
B_RL_test_00035,severe_stress,MyopicEconomic,1,23,early,0.7399868189734163,0.3399015402607635,1845.2331416834586,5428.728390780001,2727.8239958769,0.28400901187449423,0,533.8944637613272,1,0.0,2,0,low,-1.6769227877276522,1.0197454526672802,0.36430119712109293,0.39029351173850463,135,4,Imitation_128x128,404,0,0,0.0044567324,0.0,0.0,True,-0.2,True,0.99951756,-0.0004825592,0.00036486026,-7.915996,7.901986e-07,-14.0509815,0.00011265948,-9.091141,4.1008043e-06,-12.404327
B_RL_test_00036,severe_stress,PPO,16,8,late,0.3118847260717725,1.0,500.0,500.0,2454.9755549353904,0.1270905630381849,0,761.0107431952268,2,1.6,1,1,low,0.7987720270045131,0.8271682697862274,0.4029096007715378,0.7093812837974224,136,24,Imitation_128x128,404,4,2,0.6518992,51.953122851331074,51.953122851331074,False,0.2,False,0.10504339,-2.2533817,0.026941199,-3.6140985,0.0410702,-3.1924725,0.004815038,-5.3360114,0.82213014,-0.19585657
B_RL_test_00037,severe_stress,ObservationPlanner,4,20,early,0.9438664663311256,1.1266676831828484,2337.657878664597,2074.842399012181,2671.2774125862343,0.09866585345372143,0,646.0207764191298,2,1.6,2,2,low,-1.2539493473761563,1.107970464256297,0.20714979550495394,0.5822403131144498,137,5,Imitation_128x128,404,0,0,0.22308956,0.0,0.0,True,-0.2,True,0.9445128,-0.05708599,0.053811636,-2.9222655,6.670653e-05,-9.615208,0.00042466688,-7.7642055,0.0011843189,-6.7385874
B_RL_test_00038,severe_stress,MyopicEconomic,4,20,early,0.9109789387204008,0.798495095201021,8951.99355393873,11211.081455278152,4927.59608061142,0.19084067555623632,0,652.9248733731681,2,1.6,2,1,high,0.4441157710907515,0.9390821754564493,0.4005351522638762,0.7348842428889295,138,9,Imitation_128x128,404,0,0,0.0140096955,0.0,0.0,True,-0.2,True,0.9980806,-0.0019211769,0.0019075533,-6.261934,3.5447542e-06,-12.550041,4.5241263e-06,-12.306086,3.769264e-06,-12.488631
B_RL_test_00039,severe_stress,PPO,4,20,early,0.9784827512079856,1.069466509324007,2537.483680772115,2372.663060179433,2137.0096661463617,0.02,1,566.7124163652842,2,1.6,2,2,low,-0.9910608771563214,1.0687565486503725,0.32931114337766065,0.480487284890949,139,6,Imitation_128x128,404,0,1,0.8356762,5.246628571728934,5.246628571728934,False,-0.2,False,0.74853474,-0.28963768,0.11110137,-2.1973124,0.10680681,-2.2367337,0.012102884,-4.4143114,0.021454256,-3.8418322
B_RL_test_00040,severe_stress,ObservationPlanner,4,20,early,0.28512415317950746,0.7535326114404304,1839.2176910013982,2440.7937534191183,2159.6985599955833,0.5363117668805257,0,714.8132690760597,2,1.6,1,1,low,0.3911514500331968,1.2544957364432432,0.6953851683896436,0.6634477604756893,140,10,Imitation_128x128,404,0,0,0.5834158,0.0,0.0,True,-0.2,True,0.7674399,-0.26469493,0.22342178,-1.4986937,2.2628185e-06,-12.998899,0.00071588095,-7.241997,0.008420049,-4.7771397
B_RL_test_00041,severe_stress,MyopicEconomic,6,18,early,0.20086797113615712,0.12716522241927988,1907.478336289198,15000.0,3748.9872853351985,0.3683525844882146,0,758.9756291691266,2,1.6,1,0,high,1.3455774008055212,0.8534561755749168,0.47756049876243367,0.5444764634918892,141,24,Imitation_128x128,404,1,1,0.70704085,0.0,0.0,True,-0.1,True,0.13738082,-1.9849985,0.78159046,-0.24642444,0.0142447855,-4.251364,5.4302734e-05,-9.820936,0.06672956,-2.7071073
B_RL_test_00042,severe_stress,PPO,6,18,early,0.9623827095974269,1.6679803131757132,4171.528143637945,2500.9456710527106,3773.2694503359917,0.019724329481097452,2,669.1783429313944,2,1.6,2,2,high,0.22909678781778126,0.879346771579291,0.2553585836990128,0.47150706749456744,142,7,Imitation_128x128,404,0,0,0.98398405,0.0,0.0,True,-0.2,True,0.6171174,-0.48269606,0.27257714,-1.2998338,0.075174265,-2.5879464,0.008650735,-4.750111,0.026480528,-3.6313457
B_RL_test_00043,severe_stress,ObservationPlanner,3,21,early,0.8794035173799283,1.295281415043853,4009.8569232642403,3095.741880252704,4615.157409787453,0.04164321112005153,2,557.8206986773903,1,0.0,2,2,high,-0.4983394640877816,1.1813366229036073,0.33760433114928884,0.7006270214394502,143,5,Imitation_128x128,404,0,0,0.44553313,0.0,0.0,True,-0.2,True,0.88529897,-0.12182975,0.08405005,-2.4763427,0.022488905,-3.794733,0.0024139772,-6.0264797,0.005748018,-5.1589003
B_RL_test_00044,severe_stress,MyopicEconomic,1,23,early,0.3804055255840845,0.4356105149118464,1917.2409136349572,4401.273265919546,1396.0437312022414,0.27772017904346236,0,763.689211874541,1,0.0,1,0,low,0.09031488076551453,1.5566656761988789,0.21693195513352462,0.675601763777255,144,6,Imitation_128x128,404,0,0,0.016361166,0.0,0.0,True,-0.2,True,0.99794275,-0.0020594597,0.0008012426,-7.129347,6.629643e-07,-14.226545,0.0012091441,-6.7178426,4.621581e-05,-9.982189
B_RL_test_00045,severe_stress,PPO,1,23,early,0.5252960888755148,0.678798280687371,2547.8616237063934,3753.4886227560182,3463.9678318351735,0.3321768339442812,0,589.1816032979989,1,0.0,1,1,high,-0.7434848889073253,0.7769566157120102,0.4900627923832935,0.6806089276604373,145,5,Imitation_128x128,404,0,0,0.017782263,0.0,0.0,True,-0.2,True,0.99761677,-0.0023860931,0.0021441975,-6.14499,6.624438e-05,-9.62216,0.00013475193,-8.912075,3.8075243e-05,-10.175946
B_RL_test_00046,severe_stress,ObservationPlanner,3,21,early,0.30996818945811205,0.6254466564642434,4524.096955008408,7233.3857863816875,5497.876932608729,0.3959841218584353,0,678.2001978321048,1,0.0,1,1,high,0.04468770119945725,1.1100338854838319,0.466752765563234,0.8465379303694447,146,10,Imitation_128x128,404,0,0,0.012725604,0.0,0.0,True,-0.2,True,0.99831724,-0.0016841888,0.0016266437,-6.4212365,3.678766e-05,-10.210348,1.0988565e-05,-11.418655,8.39285e-06,-11.68813
B_RL_test_00047,severe_stress,MyopicEconomic,8,16,middle,0.9967577336578811,1.0,13500.0,13500.0,5426.792941577646,0.013091152856206597,5,584.0432940268033,2,1.6,2,1,high,0.6794578365423228,1.2605601452914865,0.39418557739057486,0.663345949117258,147,9,Imitation_128x128,404,0,1,0.57671463,72.45552604368004,72.45552604368004,False,-0.2,False,0.8333876,-0.18225646,0.06517595,-2.7306647,0.09851283,-2.3175685,0.00059843715,-7.4211893,0.0023250866,-6.0639977
B_RL_test_00048,severe_stress,PPO,3,21,early,0.22787425817632054,1.0,3496.625410377927,3496.625410377927,4282.18936652522,0.2394748583802661,0,739.214628121166,1,0.0,1,1,high,0.8746453651728925,1.2289568893253286,0.34581064897313346,0.5645890100507188,148,9,Imitation_128x128,404,0,0,0.9818247,0.0,0.0,True,-0.2,True,0.63361704,-0.45631063,0.21487457,-1.5377009,0.124001265,-2.0874636,0.0010927933,-6.8190184,0.026414385,-3.6338468
B_RL_test_00049,severe_stress,ObservationPlanner,1,23,early,0.6731811649547996,0.9726606164077489,3588.890871328263,3689.7668218364097,1771.293887873303,0.2761134340909944,0,669.7600350697134,1,0.0,2,1,low,0.2671931472578545,0.946027321721571,0.49805137706200514,0.8348476688154185,149,6,Imitation_128x128,404,0,0,0.013867365,0.0,0.0,True,-0.2,True,0.99814487,-0.0018568039,0.0017777495,-6.332407,3.5146607e-07,-14.861153,7.082558e-05,-9.55529,6.222451e-06,-11.987347
B_RL_test_00050,severe_stress,MyopicEconomic,2,22,early,0.5673679412873048,0.35772344139632345,3206.7755748600625,8964.398761073253,2779.934063955163,0.26209743594497137,0,655.6670458752743,1,0.0,1,0,low,-0.44078875144303553,0.8380510296018817,0.3871942516794568,0.6034522769722803,150,11,Imitation_128x128,404,0,0,0.0053880177,0.0,0.0,True,-0.2,True,0.99938285,-0.0006175041,0.0005666116,-7.4758368,1.9776458e-06,-13.133604,3.6736776e-05,-10.211733,1.1798059e-05,-11.347576
B_RL_test_00051,severe_stress,PPO,3,21,early,0.9551168147487235,1.5006249999999999,5941.556651718679,3959.3880228029516,2763.0243702744724,0.02,3,599.6707598627692,1,0.0,2,2,low,-1.1207786885627906,1.002766217469849,0.3503577515463789,0.617426829756258,151,4,Imitation_128x128,404,0,0,0.25534415,0.0,0.0,True,-0.2,True,0.94229925,-0.05943227,0.04832623,-3.0297806,0.0053725163,-5.2264585,0.0017768693,-6.3329024,0.0022252018,-6.1079073
B_RL_test_00052,severe_stress,ObservationPlanner,7,17,early,0.8423116195140266,1.0028847891375086,525.1376631518262,523.627109354655,1764.5634784849206,0.17445580730668783,0,621.9663069438811,2,1.6,2,2,low,-0.23877457474671135,0.7227125995562862,0.4726893086707423,0.6581244204937098,152,12,Imitation_128x128,404,0,0,0.25124142,0.0,0.0,True,-0.04512201,True,0.9438715,-0.057765245,0.044720247,-3.107329,0.00026445184,-8.237851,0.0021510397,-6.1418037,0.008992828,-4.7113276
B_RL_test_00053,severe_stress,MyopicEconomic,10,14,middle,0.9750360126947729,0.21997445309370525,3299.6167964055785,14999.999999999998,1790.0019683562887,0.09487484313454006,0,548.0169029670456,2,1.6,2,0,low,-0.3870103738071509,1.0471457565478777,0.4977787279614221,0.8372278510245246,153,13,Imitation_128x128,404,0,0,0.058229145,0.0,0.0,True,-0.2,True,0.9908785,-0.00916338,0.0072020288,-4.9333925,0.0011640424,-6.7558565,0.000116646945,-9.056358,0.0006387146,-7.356053
B_RL_test_00054,severe_stress,PPO,4,20,early,0.9526443675344505,1.2245366026332696,5415.3743154517815,4422.386643083143,4963.6253396735765,0.13322072171365323,0,603.5576050324527,2,1.6,2,2,high,-1.255506772438249,0.9360305659296442,0.363464744617099,0.5373903131399516,154,5,Imitation_128x128,404,0,1,0.2626709,50.931026764490525,50.931026764490525,False,-0.2,False,0.92776245,-0.07497978,0.07176453,-2.634365,7.5515505e-05,-9.491173,0.00010003244,-9.210016,0.00029746493,-8.120214
B_RL_test_00055,severe_stress,ObservationPlanner,4,20,early,0.9926894715730625,1.4555291881444832,7864.4011408301085,5403.1215621692145,4714.023653189749,0.017926995087853816,3,612.5651531578951,2,1.6,2,2,high,-0.5512478562946606,1.0949289310713148,0.2282812754865429,0.5039575619771754,155,5,Imitation_128x128,404,0,0,0.49380633,0.0,0.0,True,-0.2,True,0.84544915,-0.16788721,0.13902372,-1.9731107,0.010703354,-4.537198,0.0019717568,-6.2288303,0.0028520168,-5.859729
B_RL_test_00056,severe_stress,MyopicEconomic,1,23,early,0.5035782277571821,0.36165326586457647,2805.064307796412,7756.225568959157,2150.277309475043,0.30578845198468124,0,667.7641115927946,1,0.0,1,0,low,0.491521608931922,0.7981409760756403,0.40301955099779874,0.725467639639309,156,7,Imitation_128x128,404,0,0,0.0044051628,0.0,0.0,True,-0.2,True,0.9995209,-0.00047922134,0.00038883038,-7.8523674,5.210205e-07,-14.467476,8.0879305e-05,-9.422552,8.8814095e-06,-11.63155
B_RL_test_00057,severe_stress,PPO,5,19,early,0.909841616476469,1.4153390976028188,4749.889655171302,3356.0082267325633,3261.7861913498973,0.06668605580810198,0,714.5335659902294,2,1.6,2,2,high,0.29734423011214695,1.2126248846903505,0.3002933541740706,0.833479734810448,157,6,Imitation_128x128,404,0,1,0.39719,11.318199145885046,11.318199145885046,False,-0.2,False,0.8703364,-0.13887548,0.12770286,-2.0580492,0.00011881438,-9.037949,0.00030748718,-8.087077,0.0015344025,-6.4796143
B_RL_test_00058,severe_stress,ObservationPlanner,5,19,early,0.04835967530168532,0.26907861031756075,859.117241974016,3192.8113533814685,2912.9931262002365,0.540473495081097,0,797.0411241109779,2,1.6,0,0,low,2.782688012161225,0.6915874271637731,0.4819950280080346,0.698112208087694,158,24,Imitation_128x128,404,1,0,0.95286024,3.809456609712356,3.809456609712356,False,-0.1,False,0.10383263,-2.264975,0.53603256,-0.6235604,3.18362e-05,-10.354907,0.002578896,-5.960394,0.3575241,-1.0285525
B_RL_test_00059,severe_stress,MyopicEconomic,9,15,middle,0.7111854071180429,0.14119385208636528,2117.9077812954793,15000.0,1820.7155674506828,0.2505661397389287,0,726.7811467964113,2,1.6,2,0,low,0.971453190840694,1.533171519635366,0.4781722323867211,0.6056363128937179,159,24,Imitation_128x128,404,0,0,0.35995218,0.0,0.0,True,-0.2,True,0.89595544,-0.10986471,0.09728083,-2.3301535,3.5914185e-05,-10.234379,0.0001780152,-8.633642,0.0065498194,-5.028318
B_RL_test_00060,severe_stress,PPO,3,21,early,0.8255024590965289,0.8644525884552394,1439.0777459067222,1664.7272101739288,1549.1050055627006,0.2061728985927113,0,625.262744109826,1,0.0,2,1,low,0.4676162543727831,0.8860136480030804,0.311185290065238,0.9046832844889655,160,4,Imitation_128x128,404,0,0,0.0704775,0.0,0.0,True,-0.2,True,0.98803896,-0.012032986,0.010116263,-4.593611,3.863985e-06,-12.463812,0.0017080143,-6.3724236,0.00013285731,-8.926234
B_RL_test_00061,severe_stress,ObservationPlanner,3,21,early,0.9328907340488062,1.2249999999999999,6703.528982123979,5472.268556835902,6488.154144764619,0.02,2,559.1334385848705,1,0.0,2,2,high,-0.6019120795535214,1.250066022412253,0.32570285665920384,0.6690632347612712,161,4,Imitation_128x128,404,0,0,0.33334422,0.0,0.0,True,-0.2,True,0.9157654,-0.08799505,0.07082821,-2.647498,0.011140293,-4.4971867,0.00063480233,-7.362197,0.0016313127,-6.4183702
B_RL_test_00062,severe_stress,MyopicEconomic,8,16,middle,0.9487828627568947,0.2782140346366669,4173.2105195500035,15000.0,4276.697932838302,0.11480102279632093,0,619.752387353713,2,1.6,2,0,high,-0.5197297972949666,1.0463883656689934,0.3776908173523991,0.815325111799893,162,13,Imitation_128x128,404,0,0,0.032130342,0.0,0.0,True,-0.2,True,0.99495775,-0.0050549507,0.004973394,-5.303653,1.9781726e-05,-10.830751,8.844725e-06,-11.635689,4.016344e-05,-10.122553
B_RL_test_00063,severe_stress,PPO,1,23,early,0.791088375339115,0.2913549668642458,2032.3377743425297,6975.469806524627,3403.9167794934497,0.25531621104206104,0,570.2152423770772,1,0.0,2,0,high,-1.4160968264962555,1.271300483920626,0.2624403200649598,0.5443897374113016,163,5,Imitation_128x128,404,0,0,0.0023800735,0.0,0.0,True,-0.2,True,0.9997563,-0.00024366379,0.00020792046,-8.478355,1.6128321e-07,-15.640104,3.3914122e-05,-10.291679,1.659798e-06,-13.308815
B_RL_test_00064,severe_stress,ObservationPlanner,2,22,early,0.6826351159490309,0.5427171272258478,2780.316275530237,5122.95657544861,4374.566437472475,0.3872400641215184,0,558.572914503709,1,0.0,2,1,high,-0.2311648484074592,0.750470788967369,0.44116609633456183,0.7340685337223977,164,4,Imitation_128x128,404,0,0,0.005630066,0.0,0.0,True,-0.2,True,0.99933845,-0.00066185,0.00063410075,-7.3633027,7.8679903e-07,-14.055293,2.392422e-05,-10.640619,2.64344e-06,-12.84343
B_RL_test_00065,severe_stress,MyopicEconomic,6,18,early,0.6599472970753796,0.22131611208056978,3319.7416812085467,15000.0,2423.8621118241194,0.25542319236921396,0,672.2526521897478,2,1.6,2,0,low,0.9543120520827897,1.2376231953811616,0.4808156757682948,0.8043152589284366,165,24,Imitation_128x128,404,0,0,0.16640902,0.0,0.0,True,-0.2,True,0.9614841,-0.039277077,0.03794814,-3.2715347,3.9410595e-05,-10.141476,2.7879878e-05,-10.487605,0.00050053996,-7.599823
B_RL_test_00066,severe_stress,PPO,1,23,early,0.5047986667626899,0.6743000935655893,1820.468055960117,2699.7891196096057,1542.9255502075714,0.3062788872447605,0,699.3341725819399,1,0.0,1,1,low,0.10872647247335987,1.0882603901869417,0.24807577802657751,0.678805264804511,166,5,Imitation_128x128,404,0,0,0.028791087,0.0,0.0,True,-0.2,True,0.9959949,-0.0040130615,0.0028169274,-5.8721085,8.325205e-07,-13.998808,0.0011256282,-6.789414,6.178177e-05,-9.691902
B_RL_test_00067,severe_stress,ObservationPlanner,0,24,early,0.19322683130217108,0.5790157421144024,5082.440998150891,8777.725074608934,3890.760815916193,0.4,0,851.5288424890562,1,0.0,0,1,high,1.7860277180715896,1.4976221550110438,0.3431977762345563,0.6947477889754374,167,6,Imitation_128x128,404,0,0,0.0040358393,0.0,0.0,True,-0.2,True,0.99954,-0.00046014786,0.00045323017,-7.6991105,2.596485e-07,-15.163937,5.010857e-06,-12.203903,1.5993436e-06,-13.345918
B_RL_test_00068,severe_stress,MyopicEconomic,3,21,early,0.4693760380215134,0.4605324635086656,5414.273732894595,11756.551735017301,2978.2013228422875,0.2908618117124857,0,666.9668850637144,1,0.0,1,0,low,0.11732619098720778,0.9121918234253104,0.44108451528192855,0.739356466273892,168,8,Imitation_128x128,404,0,0,0.007081851,0.0,0.0,True,-0.2,True,0.9991449,-0.00085544586,0.0008186977,-7.1077957,1.9821035e-05,-10.828767,9.47259e-06,-11.567108,7.064941e-06,-11.860366
B_RL_test_00069,severe_stress,PPO,1,23,early,0.960812023620709,0.6728979002668548,2168.0837102651412,3222.0099206808827,4198.773867629622,0.2488485489978257,0,483.07543703213923,1,0.0,2,1,high,-1.4919352173107752,1.3055222135338365,0.41763881714870493,0.7592059164002953,169,5,Imitation_128x128,404,0,0,0.0059252526,0.0,0.0,True,-0.2,True,0.99929583,-0.0007042885,0.0006799405,-7.293505,2.294473e-07,-15.287592,2.2828026e-05,-10.687521,1.0792038e-06,-13.739286
B_RL_test_00070,severe_stress,ObservationPlanner,9,15,middle,0.21281686594409158,0.9943826913766872,1211.372964191225,1218.2160597688226,1427.3895968193285,0.22774283708102405,0,911.6582113977641,2,1.6,1,1,low,2.389651181165024,1.299545799569939,0.4153647449400546,0.7062253508358912,170,11,Imitation_128x128,404,4,1,0.94091153,82.72933818768631,82.72933818768631,False,0.2,False,0.37966228,-0.9684731,0.08232241,-2.4971118,0.0008509371,-7.069172,0.0048830807,-5.3219786,0.5322813,-0.63058305
B_RL_test_00071,severe_stress,MyopicEconomic,2,22,early,0.5740328841145435,0.5951739887626244,7605.021920581621,12777.812982708761,3069.135714804417,0.271378619155672,0,701.5061995753122,1,0.0,1,1,high,0.09105636204004242,1.0313146161355393,0.4853300622396656,0.5238168952882202,171,8,Imitation_128x128,404,0,0,0.0025511736,0.0,0.0,True,-0.2,True,0.9997243,-0.00027561188,0.0002728647,-8.206534,4.4162573e-07,-14.632803,1.7686691e-06,-13.245283,4.4259633e-07,-14.630608
B_RL_test_00072,severe_stress,PPO,2,22,early,0.948240488185595,1.2094007530851858,4591.594991371415,3796.5868465504414,1964.8516910922142,0.032479397531851285,3,655.9010008173161,1,0.0,2,2,low,0.386536536410366,0.930225005718882,0.29112376646152666,0.6081968729634402,172,3,Imitation_128x128,404,0,0,0.23450527,0.0,0.0,True,-0.2,True,0.9433605,-0.058306694,0.0531537,-2.9345675,0.0009400317,-6.969597,0.0013485715,-6.6087093,0.0011971084,-6.727846
B_RL_test_00073,severe_stress,ObservationPlanner,0,24,early,0.3919982683599533,0.39116388027494386,3070.9806700840295,7850.879963470754,5150.7503186470285,0.4,0,693.6695826171782,1,0.0,1,0,high,0.45941812709734065,1.1789910139310849,0.28356995023331066,0.6877866114164769,173,7,Imitation_128x128,404,0,0,0.0037053812,0.0,0.0,True,-0.2,True,0.99958676,-0.00041341782,0.00039948628,-7.825331,1.7701282e-06,-13.244459,8.981107e-06,-11.620388,3.0053404e-06,-12.71512
B_RL_test_00074,severe_stress,MyopicEconomic,17,7,late,0.22671624846750546,0.1250352829349012,1470.5649696539601,11761.2,3054.5463995179625,0.368099186936185,0,743.4137697409599,2,1.6,1,0,high,1.5965306398868033,0.7644284406291425,0.5561785363345491,0.7034210583296641,174,24,Imitation_128x128,404,4,3,0.6113158,8.018704699779732,8.018704699779732,False,0.2,False,0.008958832,-4.715115,0.23892151,-1.4316201,0.0014973867,-6.504034,0.00021537388,-8.443135,0.75040686,-0.28713965
B_RL_test_00075,severe_stress,PPO,0,24,early,0.7382116592789666,0.44562027441056534,3119.864841394645,7001.17346662779,2564.9616727005878,0.4,0,584.3411001869044,1,0.0,2,0,low,-1.9380212781880286,0.5667805381576572,0.34706457120354495,0.4642840454103798,175,4,Imitation_128x128,404,0,0,0.0014187389,0.0,0.0,True,-0.2,True,0.99986136,-0.00013828278,0.0001242174,-8.993477,2.0685876e-08,-17.693815,1.4036795e-05,-11.173828,4.1644415e-07,-14.691513
B_RL_test_00076,severe_stress,ObservationPlanner,5,19,early,0.9861656369292241,1.1911753786479151,2914.2037272593307,2446.494260624492,1925.3084133675156,0.02,2,551.460830049257,2,1.6,2,2,low,-0.9456056299759363,0.9330307037393054,0.3516778080616225,0.7294508559928045,176,6,Imitation_128x128,404,0,2,0.8352126,3.9271038647229943,3.9271038647229943,False,-0.2,False,0.74620277,-0.29275787,0.084826335,-2.4671493,0.13539612,-1.9995506,0.013958356,-4.271677,0.019616384,-3.9313903
B_RL_test_00077,severe_stress,MyopicEconomic,7,17,early,0.8133018746959686,0.21092219713511243,3163.8329570266865,15000.0,2650.88745591375,0.02,2,702.6792521180745,2,1.6,2,0,low,0.31858297831781607,0.8479897153648971,0.4532158731317911,0.56086922159226,177,8,Imitation_128x128,404,0,0,0.48944876,0.0,0.0,True,-0.2,True,0.8651595,-0.14484143,0.028077519,-3.572786,0.10093241,-2.2933042,0.0008141955,-7.1133103,0.0050165076,-5.295021
B_RL_test_00078,severe_stress,PPO,0,24,early,0.6781150053141439,0.4063975228559522,3469.876303432505,8538.133498078443,3593.4336285579748,0.4,0,602.921827198942,1,0.0,2,0,high,-0.8075015401694254,1.0321185311846846,0.18971493676975942,0.6519106372702784,178,4,Imitation_128x128,404,0,0,0.0010726042,0.0,0.0,True,-0.2,True,0.9998965,-0.000102996826,9.87941e-05,-9.222472,2.6589499e-08,-17.442749,4.4563444e-06,-12.321181,2.024991e-07,-15.41253
B_RL_test_00079,severe_stress,ObservationPlanner,0,24,early,0.6107559122745796,0.35881894687930105,1990.6102300783075,5547.673129835883,2877.475817049848,0.4,0,606.0929451374526,1,0.0,2,0,low,-0.2263729641847368,0.7787968829600019,0.42086284106403515,0.720814474587929,179,1,Imitation_128x128,404,0,0,0.0018936748,0.0,0.0,True,-0.2,True,0.9998153,-0.00018453598,0.00012734575,-8.968604,2.7723393e-08,-17.40099,5.621102e-05,-9.786397,1.2090023e-06,-13.625715
B_RL_test_00080,severe_stress,MyopicEconomic,0,24,early,0.7354091066480801,0.5930537031491864,2010.1037233788988,3389.4126496555145,1826.9041858791115,0.4,0,595.0018162256957,1,0.0,2,1,low,-1.0123921144009338,1.1258003834783963,0.39749000470481033,0.5241669124696455,180,2,Imitation_128x128,404,0,0,0.0034847655,0.0,0.0,True,-0.2,True,0.99963415,-0.0003657341,0.00026316562,-8.242727,1.5033155e-08,-18.013008,0.000101539335,-9.195065,1.1740112e-06,-13.655085
B_RL_test_00081,severe_stress,PPO,7,17,early,0.8637487281169084,1.1574111765469668,607.5133096616789,524.8897902248887,1080.4656295288282,0.13589993967529646,0,646.2908866331807,2,1.6,2,2,low,0.4670964360920484,1.0318299041662726,0.39611149708091536,0.7766966329528985,181,15,Imitation_128x128,404,0,0,0.28717965,0.0,0.0,True,-0.04741908,True,0.9336872,-0.06861377,0.051919617,-2.9580586,0.00030451416,-8.096793,0.0027944178,-5.8801312,0.011294297,-4.483457
B_RL_test_00082,severe_stress,ObservationPlanner,2,22,early,0.9544134655698913,1.0,500.00000000000006,500.00000000000006,1244.384148533584,0.02,1,491.3351177864671,1,0.0,2,1,low,-1.8132668856006082,0.8977841514156312,0.379017546862315,0.6711371551218738,182,5,Imitation_128x128,404,0,2,0.42195487,-29.274250616486597,0.0,False,-0.0,True,0.8995976,-0.10580778,0.06874192,-2.677396,0.015054272,-4.1960936,0.00801243,-4.8267612,0.0085937055,-4.7567253
B_RL_test_00083,severe_stress,MyopicEconomic,1,23,early,0.44889426720552517,0.2508102518258211,1744.1830852366552,6954.193748220184,2849.055309425812,0.370098954312864,0,662.4626308330324,1,0.0,1,0,low,-0.19318881647829222,1.1007255421738986,0.39873602801111796,0.6182139355952364,183,5,Imitation_128x128,404,0,0,0.0060623838,0.0,0.0,True,-0.2,True,0.9993369,-0.0006632805,0.00032294015,-8.038044,4.524905e-07,-14.608499,0.00031651155,-8.05815,2.3102075e-05,-10.675588
B_RL_test_00084,severe_stress,PPO,0,24,early,0.906174739606605,0.4075748690648555,1513.3767327880428,3713.12572892522,2389.231910536744,0.4,0,427.4413147982198,1,0.0,2,0,low,-2.719303493644447,0.9141938919096755,0.4493131263051819,0.7602119282809829,184,2,Imitation_128x128,404,0,0,0.0026364615,0.0,0.0,True,-0.2,True,0.99973327,-0.00026655197,0.00017689921,-8.639931,1.9061297e-08,-17.775606,8.9087014e-05,-9.325896,7.386664e-07,-14.11842
B_RL_test_00085,severe_stress,ObservationPlanner,2,22,early,0.7156070245290534,0.7720575387076455,3853.2593203739866,4990.896568180649,3266.1664997181333,0.2422690917029213,0,662.0574850946882,1,0.0,2,1,high,-0.732507953119708,1.414482734313204,0.324414951475154,0.5343499923124448,185,5,Imitation_128x128,404,0,0,0.015964849,0.0,0.0,True,-0.2,True,0.9977991,-0.0022034645,0.0021435486,-6.1452928,1.7678794e-06,-13.245729,4.5808734e-05,-9.991035,9.741381e-06,-11.539127
B_RL_test_00086,severe_stress,MyopicEconomic,1,23,early,0.8920782681027297,0.3920585714152794,3395.6772059953346,8661.147730394952,4318.752576105708,0.02,1,567.6569911013944,1,0.0,2,0,high,-0.5739392325338428,0.8405098617483711,0.2825418813098837,0.6386877709365626,186,8,Imitation_128x128,404,0,0,0.026104975,0.0,0.0,True,-0.2,True,0.9963247,-0.0036821365,0.00318866,-5.7481546,0.00033668248,-7.9963703,9.975235e-05,-9.21282,5.011775e-05,-9.901135
B_RL_test_00087,severe_stress,PPO,3,21,early,0.461061449263551,1.0,7680.0,7680.0,9723.863609157772,0.06976507968158221,0,721.1089281234724,1,0.0,1,1,high,0.6498672710491811,1.088206740370783,0.40818789241107123,0.7330825440302011,187,8,Imitation_128x128,404,0,0,0.65540034,0.0,0.0,True,-0.2,True,0.79439986,-0.23016834,0.082562536,-2.4941993,0.121449396,-2.1082575,8.9578396e-05,-9.320396,0.0014986008,-6.5032234
B_RL_test_00088,severe_stress,ObservationPlanner,17,7,late,0.07739497711327707,1.0,500.0,500.0,6272.689955570892,0.38472936597363283,0,811.1148786198856,2,1.6,0,1,high,3.2597985744067355,0.9085305102515508,0.4665674267932232,0.8094894424242502,188,24,Imitation_128x128,404,4,2,0.9728866,6.009713793044114,6.009713793044114,False,0.2,False,0.06589266,-2.7197282,0.10705882,-2.234377,0.14730036,-1.9152815,0.0013809389,-6.5849915,0.67836726,-0.38806653
B_RL_test_00089,severe_stress,MyopicEconomic,16,8,late,0.7229369882006237,0.14861354874064336,2229.20323110965,14999.999999999998,2735.064122068475,0.2363326258881103,0,707.7435596413802,2,1.6,2,0,low,1.7888009368239013,0.6988729541935131,0.3328235380263363,0.8188913977778863,189,24,Imitation_128x128,404,0,0,0.77793556,0.0,0.0,True,-0.2,True,0.666653,-0.40548563,0.28571934,-1.2527453,0.00041220602,-7.7939873,0.00040293232,-7.816742,0.046812523,-3.0616045
B_RL_test_00090,severe_stress,PPO,3,21,early,0.5244930043330686,1.0,4481.333392854215,4481.333392854215,3797.9454635062593,0.2976828633712957,0,683.097292396233,1,0.0,1,1,high,0.043613096896889136,1.037068499561815,0.565620493324281,0.7959980754214587,190,6,Imitation_128x128,404,0,0,0.08563076,0.0,0.0,True,-0.2,True,0.9836295,-0.016505718,0.016018735,-4.133996,8.855996e-05,-9.33183,0.00010680883,-9.14447,0.00015642238,-8.762951
B_RL_test_00091,severe_stress,ObservationPlanner,12,12,middle,0.1314375777650269,0.09160768946575051,703.1913595104816,7676.117186356771,1410.425767369461,0.4364607552809321,0,901.4144503999852,2,1.6,0,0,low,2.3382845918220068,0.6741896711819185,0.5199109965055012,0.712837240683555,191,24,Imitation_128x128,404,4,4,0.41209465,0.0,0.0,True,0.2,True,0.0060480796,-5.1080146,0.11927707,-2.1263063,1.5486072e-05,-11.075569,0.0013788233,-6.586525,0.8732805,-0.13549852
B_RL_test_00092,severe_stress,MyopicEconomic,1,23,early,0.5499265600721283,0.39625834560462464,2335.970820093433,5895.070339853986,2255.5974127143027,0.4565248883135144,0,582.2224444759813,1,0.0,1,0,low,-0.5862659646754461,1.1181404121059324,0.6389081097596125,0.889545304488342,192,15,Imitation_128x128,404,0,0,0.0031597498,0.0,0.0,True,-0.2,True,0.99967563,-0.00032424927,0.00020203381,-8.507075,5.601869e-08,-16.69758,0.00011948927,-9.032284,2.8757545e-06,-12.759195
B_RL_test_00093,severe_stress,PPO,10,14,middle,0.18774314801565403,1.0,1610.612736000001,1610.612736000001,7664.366127220601,0.21580289813715575,0,876.1027641372767,2,1.6,0,1,high,3.0629373987984785,0.9114223715622548,0.4060270931795948,0.7879782542358003,193,24,Imitation_128x128,404,0,0,1.3172052,0.0,0.0,True,-0.2,True,0.3294378,-1.1103678,0.26014403,-1.34652,0.09844655,-2.3182416,0.001499164,-6.5028477,0.31047255,-1.1696599
B_RL_test_00094,severe_stress,ObservationPlanner,0,24,early,0.9134142587402432,0.6704764770377748,335.2382385188874,500.0,1436.6262834547883,0.4,0,442.07399217630456,1,0.0,2,1,low,-1.3976582755334301,0.7487520285556225,0.4855545079422672,0.6876819511748817,194,5,Imitation_128x128,404,0,2,0.016866283,-171.31036415083236,0.0,False,0.0,True,0.9978515,-0.0021510124,0.0009693863,-6.9388475,1.3245686e-07,-15.837009,0.0011722367,-6.748842,6.7284636e-06,-11.909164
B_RL_test_00095,severe_stress,MyopicEconomic,1,23,early,0.38207848776653847,0.37966025159672456,2239.0167184562933,5897.421995164716,3385.2681834928144,0.5235643202147016,0,594.6158875921458,1,0.0,1,0,high,-0.2563260662755433,0.9887072235021326,0.5326297737522329,0.6408928626998098,195,5,Imitation_128x128,404,0,0,0.0029214309,0.0,0.0,True,-0.2,True,0.9996989,-0.00030136108,0.00023221137,-8.367863,5.790079e-07,-14.36195,6.508794e-05,-9.639771,3.2696964e-06,-12.630814
B_RL_test_00096,severe_stress,PPO,7,17,early,0.5173000165120831,1.0178676466583578,1341.141251347273,1317.5988604709237,3361.2853566205335,0.19868212231416982,0,732.0243629244239,2,1.6,1,2,high,0.63121929203782,0.9721972196766725,0.445765228928636,0.7938713156995721,196,12,Imitation_128x128,404,0,1,0.6062317,8.870301368558557,8.870301368558557,False,-0.2,False,0.81992704,-0.19853997,0.11986549,-2.121385,0.002666657,-5.9269295,0.002115309,-6.158554,0.055425506,-2.8927155
B_RL_test_00097,severe_stress,ObservationPlanner,2,22,early,0.5668801786211263,0.608260194430912,721.5002730079889,1186.1704573369695,1672.7002940307505,0.41289897448631335,0,571.3184386201295,1,0.0,1,1,low,-0.6422699443344645,0.5751794844401634,0.5138524784076035,0.5242284254912288,197,9,Imitation_128x128,404,0,0,0.05369381,0.0,0.0,True,-0.2,True,0.99169886,-0.00833559,0.002621084,-5.944167,4.2381876e-06,-12.371374,0.0055907844,-5.1866355,8.509138e-05,-9.371785
B_RL_test_00098,severe_stress,MyopicEconomic,3,21,early,0.24065976927050703,0.49491688522671456,4775.830233659442,9649.76216455355,3235.053675493276,0.3000075878322623,0,758.1077622426095,1,0.0,1,0,high,0.9088657953933286,1.3248086092922042,0.36488819247598553,0.5828741555508058,198,11,Imitation_128x128,404,0,0,0.059509464,0.0,0.0,True,-0.2,True,0.9899048,-0.010146618,0.009423999,-4.664496,0.00035541196,-7.942233,5.073704e-05,-9.888855,0.0002650133,-8.235731
B_RL_test_00099,severe_stress,PPO,1,23,early,0.6935374321243797,0.8015197217681155,3446.4035370911242,4299.836227970183,2308.449944443907,0.3122362038919836,0,638.8794272401572,1,0.0,2,1,low,-0.26689171429934844,0.6907053720958345,0.34363800188548893,0.47058435393170817,199,6,Imitation_128x128,404,0,0,0.006031649,0.0,0.0,True,-0.2,True,0.9992859,-0.00071430206,0.00068007567,-7.2933064,1.17191384e-07,-15.959457,3.2035914e-05,-10.348653,1.8531233e-06,-13.198638
B_RL_test_00000,baseline,PPO,16,8,late,0.2379555790490246,1.0,500.0,500.0,5985.089705294903,0.23118783353356365,0,730.9437736673831,1,0.0,1,1,high,0.7766626320299265,1.1540687281369808,0.34471001732411144,0.8095158963876717,0,24,Imitation_128x128,505,2,2,1.3844346,0.0,0.0,True,0.0,True,0.1579935,-1.8452014,0.1532795,-1.8754921,0.396083,-0.9261314,0.022367569,-3.8001432,0.2702764,-1.3083102
B_RL_test_00001,baseline,ObservationPlanner,12,12,middle,0.06837194242154448,1.0,500.0,500.0,2007.3304872982224,0.2888737980221177,0,830.2815138817816,1,0.0,0,1,low,1.6613225481260747,0.841180276874062,0.2960832412250551,0.6198577850919593,1,24,Imitation_128x128,505,4,3,1.2456272,3.6115330164159616,3.6115330164159616,False,0.2,False,0.04413998,-3.1203895,0.11082202,-2.1998298,0.11535657,-2.1597273,0.16095142,-1.8266528,0.56873,-0.56434953
B_RL_test_00002,baseline,MyopicEconomic,13,11,middle,0.10210201177067327,0.11217209360571379,1075.2796781170684,9585.982070520044,2437.259079929716,0.45502879908228483,0,690.9761593017319,1,0.0,0,0,low,0.4546918678629157,0.8585965558808485,0.47150063272009635,0.832595564470931,2,24,Imitation_128x128,505,4,4,0.68376124,0.0,0.0,True,0.2,True,0.008419743,-4.777176,0.013295277,-4.3203464,0.02757499,-3.590846,0.16518882,-1.8006661,0.78552115,-0.24140787
B_RL_test_00003,baseline,PPO,2,22,early,0.054717952272838925,0.5403214730936744,3796.953775699434,7027.212436995197,7228.707337667853,0.5379484931676871,0,748.6695090541555,1,0.0,0,1,high,1.033632078382112,1.2276235612338229,0.47864155202413344,0.8531424835747992,3,8,Imitation_128x128,505,0,0,0.048180085,0.0,0.0,True,-0.2,True,0.99222034,-0.007810116,0.007075599,-4.951103,0.00062970066,-7.370266,3.4438606e-05,-10.276332,3.985564e-05,-10.130247
B_RL_test_00004,baseline,ObservationPlanner,3,21,early,0.5968721123186518,0.9999999999999999,3651.982730983609,3651.9827309836096,3627.0039340218054,0.3087336184147029,0,638.3216473516175,1,0.0,1,1,high,0.4602511534154351,1.0830413162393473,0.45980112852588634,0.7412130218716163,4,24,Imitation_128x128,505,0,0,0.03492223,0.0,0.0,True,-0.2,True,0.9944674,-0.0055480003,0.005417473,-5.218126,8.929181e-06,-11.626186,7.910065e-05,-9.44479,2.7098487e-05,-10.516033
B_RL_test_00005,baseline,MyopicEconomic,1,23,early,0.4979048576250192,0.3364270541945389,1502.9110351080908,4467.271631011675,1721.8301202996743,0.4036472237693899,0,633.9837050213686,1,0.0,1,0,low,-0.04444196082094837,1.1818582927166443,0.48676356778721747,0.6668066982541053,5,18,Imitation_128x128,505,0,0,0.01556593,0.0,0.0,True,-0.2,True,0.9979693,-0.0020327568,0.00028925872,-8.14819,5.2131103e-08,-16.769505,0.001719861,-6.365512,2.1564329e-05,-10.74447
B_RL_test_00006,baseline,PPO,13,11,middle,0.05475255465070265,1.0,602.6021772084498,602.6021772084498,5078.781453664926,0.36775751012369107,0,715.3175253995527,1,0.0,0,1,high,0.9316380738118776,0.6386269675984682,0.5197144407917117,0.5755142980102315,6,24,Imitation_128x128,505,2,0,0.82212174,1.1224271131677739,1.1224271131677739,False,0.0,False,0.019940838,-3.9149857,0.10628632,-2.2416189,0.74848354,-0.28970623,0.007619769,-4.8770094,0.11766958,-2.139875
B_RL_test_00007,baseline,ObservationPlanner,1,23,early,0.7906424101315642,0.7179192941709722,8615.031530051667,12000.0,6070.414391389817,0.2917653700524575,0,557.1473599055465,1,0.0,2,1,high,-1.7014713346367327,1.0009109290001965,0.4410433472212441,0.6888284147284123,7,5,Imitation_128x128,505,0,0,0.0044755773,0.0,0.0,True,-0.2,True,0.9994808,-0.00051927567,0.00051524106,-7.5708756,1.7038567e-06,-13.282616,2.0791806e-06,-13.083536,4.012871e-07,-14.728588
B_RL_test_00008,baseline,MyopicEconomic,23,1,late,0.3562722482467574,0.3167653090738204,4751.479636107306,15000.0,4969.615697772818,0.266977695303081,0,616.3304101583744,1,0.0,1,0,high,-0.39024726220835865,0.9356708536559166,0.4388010593340236,0.8167731441495508,8,24,Imitation_128x128,505,2,1,0.8261022,34.28708449154385,34.28708449154385,False,0.0,False,0.2414152,-1.421237,0.06360386,-2.7550812,0.6846119,-0.37890315,0.00019880646,-8.523179,0.0101702735,-4.5882864
B_RL_test_00009,baseline,PPO,6,18,early,0.7033396566006782,1.0,2387.8285674671947,2387.8285674671947,3251.035828942063,0.27809642607519547,0,572.0517507533034,1,0.0,2,1,high,-0.11325674064309288,0.5753649050646394,0.44374303847723623,0.8737371263430239,9,7,Imitation_128x128,505,0,0,0.2734099,0.0,0.0,True,-0.2,True,0.92802405,-0.07469773,0.069149226,-2.6714885,0.00034483595,-7.972442,0.0012269716,-6.703206,0.0012548723,-6.6807213
B_RL_test_00010,baseline,ObservationPlanner,0,24,early,0.5818128660363321,0.41951200414734585,1009.1047478201779,2405.425203198115,1701.555300007723,0.4,0,588.9865506153408,1,0.0,1,0,low,-0.4838409806239353,0.8413063321790891,0.4391246703190555,0.6872603844075084,10,4,Imitation_128x128,505,0,0,0.010620616,0.0,0.0,True,-0.2,True,0.9986994,-0.0013012886,0.0002522182,-8.285216,4.806349e-08,-16.850742,0.0010421394,-6.8664794,6.232294e-06,-11.985766
B_RL_test_00011,baseline,MyopicEconomic,2,22,early,0.37210149521443003,0.5939540529908843,4663.409728891948,7851.465454960907,3018.192616841782,0.3204942918365675,0,671.5810896528725,1,0.0,1,1,high,0.6701751736113165,1.1556843223065958,0.3527015341276848,0.6125902414428819,11,15,Imitation_128x128,505,0,0,0.015553244,0.0,0.0,True,-0.2,True,0.9979107,-0.0020914078,0.0019731834,-6.228107,4.0654373e-05,-10.110404,4.4805704e-05,-10.013175,3.0521023e-05,-10.397095
B_RL_test_00012,baseline,PPO,21,3,late,0.030994854075521758,1.0,500.0,500.0,1700.7150011455492,0.5600166912975704,0,727.7627978170854,1,0.0,0,1,low,0.9772288051966393,0.9509734753112715,0.46436674060322847,0.7302773060708184,12,24,Imitation_128x128,505,4,4,0.78088605,0.0,0.0,True,0.2,True,0.00065025454,-7.338146,0.0076823765,-4.868826,0.07447771,-2.5972552,0.18857044,-1.6682835,0.72861916,-0.3166039
B_RL_test_00013,baseline,ObservationPlanner,0,24,early,0.7414863323513986,0.05153996531154906,233.57152728401954,4531.85262877313,2645.317637165965,0.4,0,486.97141271942724,1,0.0,2,0,low,-1.736257804977541,1.0740468656905695,0.3667052714676963,0.6175553539035563,13,3,Imitation_128x128,505,0,0,0.025427837,0.0,0.0,True,-0.2,True,0.9961915,-0.003815651,6.7399254e-05,-9.6048765,6.6710397e-09,-18.82549,0.003730483,-5.5912175,1.05875715e-05,-11.45583
B_RL_test_00014,baseline,MyopicEconomic,1,23,early,0.5271408732435738,0.7017806288528439,6543.9437847632835,9324.771183069348,3885.4089210235634,0.42337198126547393,0,675.8104456583286,1,0.0,1,1,high,-0.6684220948261075,1.1138218846795502,0.3991183392656671,0.6578988792549979,14,2,Imitation_128x128,505,0,0,0.0015405355,0.0,0.0,True,-0.2,True,0.99984384,-0.00015640259,0.00015322202,-8.783623,5.604254e-08,-16.697155,2.669687e-06,-12.8335495,2.021257e-07,-15.414376
B_RL_test_00015,baseline,PPO,0,24,early,0.8827892318835304,0.7750439435362315,7010.115307667944,9044.797222314191,5056.69050475539,0.4,0,530.7452935881225,1,0.0,2,1,high,-1.857567923464245,1.5996820862393486,0.20504247408141998,0.6309168474085493,15,1,Imitation_128x128,505,0,0,0.0013810574,0.0,0.0,True,-0.2,True,0.99986136,-0.00013828278,0.00013646271,-8.899459,1.44158605e-08,-18.054935,2.0265668e-06,-13.109167,9.411158e-08,-16.178783
B_RL_test_00016,baseline,ObservationPlanner,1,23,early,0.7575848522418619,0.7648472559966231,9178.167071959477,12000.0,6023.664357898624,0.27747791859413073,0,593.4475459693606,1,0.0,2,1,high,-0.4401584506355456,1.0497642801219806,0.40754786971653073,0.5611451094235479,16,3,Imitation_128x128,505,0,0,0.0056962357,0.0,0.0,True,-0.2,True,0.9993179,-0.000682354,0.00067591143,-7.2994485,3.6117497e-06,-12.531319,1.9953588e-06,-13.124686,6.3929434e-07,-14.2629
B_RL_test_00017,baseline,MyopicEconomic,11,13,middle,0.5162938840900015,0.37042864239233037,5556.429635884955,14999.999999999998,4958.497682325035,0.23577242148980457,0,698.095833451383,1,0.0,1,0,high,1.1733858159969814,0.7571982460402745,0.28812725488404634,0.8037034744292322,17,24,Imitation_128x128,505,0,0,0.10914941,0.0,0.0,True,-0.2,True,0.98076665,-0.019420624,0.012395723,-4.3904037,0.006451926,-5.0433764,3.1313357e-05,-10.371466,0.0003544124,-7.9450493
B_RL_test_00018,baseline,PPO,11,13,middle,0.44546002368694276,1.0801788188977697,712.5405351230945,659.6505343903904,4599.457693830454,0.1925300329586777,0,678.6047451687893,1,0.0,1,2,high,0.783350719956263,0.519994892666678,0.3439098168059432,0.6750775086741557,18,15,Imitation_128x128,505,0,1,1.359466,69.66007399624488,69.66007399624488,False,-0.2,False,0.38281274,-0.96020925,0.2870827,-1.2479849,0.10685467,-2.2362854,0.016914483,-4.079585,0.2063353,-1.5782527
B_RL_test_00019,baseline,ObservationPlanner,14,10,middle,0.43628357786420313,1.0,986.8792762181879,986.8792762181879,2549.5416782191555,0.15752058515941827,0,614.2332567570838,1,0.0,1,1,low,0.008801761928701954,1.281540519190883,0.5907284257417467,0.640373467956049,19,16,Imitation_128x128,505,4,0,1.4444212,105.64273701551639,105.64273701551639,False,0.2,False,0.25996184,-1.3472204,0.10666685,-2.2380447,0.25585237,-1.3631546,0.045517568,-3.0896568,0.3320014,-1.1026161
B_RL_test_00020,baseline,MyopicEconomic,6,18,early,0.9904872805090876,1.0,10354.41707224261,10354.41707224261,5657.078470578648,0.02,2,490.4954424610693,1,0.0,2,1,high,-1.4821096191035665,1.036690732347569,0.2978889158652708,0.5594487500561349,20,9,Imitation_128x128,505,0,0,0.22589272,0.0,0.0,True,-0.2,True,0.945914,-0.055603743,0.05010042,-2.993726,0.0036807044,-5.6046515,0.00013998899,-8.873947,0.00016513589,-8.708742
B_RL_test_00021,baseline,PPO,2,22,early,0.99134664354728,1.2249999999999999,1933.011399525078,1577.9684894082272,2850.588671250648,0.02,3,405.7868496895012,1,0.0,2,2,low,-2.4253689918491133,0.8437459054517884,0.339367546935539,0.6145889537406355,21,3,Imitation_128x128,505,0,0,0.2878826,0.0,0.0,True,-0.2,True,0.9337036,-0.068596125,0.05274472,-2.9422915,0.009929331,-4.6122622,0.0016044672,-6.434963,0.002017897,-6.205699
B_RL_test_00022,baseline,ObservationPlanner,7,17,early,0.17169114823543966,1.0,1306.4095068443337,1306.4095068443337,3277.468032966299,0.36792693239861396,0,673.2894883247873,1,0.0,0,1,high,0.5250911873728785,1.0225740464416466,0.5763159361893628,0.6742307684177278,22,22,Imitation_128x128,505,0,1,1.102339,11.375790228516536,11.375790228516536,False,-0.2,False,0.47690856,-0.7404304,0.39615664,-0.9259455,0.038555488,-3.2556567,0.016442012,-4.1079154,0.071937256,-2.6319609
B_RL_test_00023,baseline,MyopicEconomic,4,20,early,0.9678035069402425,1.0,12000.0,12000.0,5891.699067860228,0.032024988808005285,2,563.8674519452862,1,0.0,2,1,high,0.24134772804040389,1.3810949496954836,0.24254573603279125,0.7506369767835125,23,5,Imitation_128x128,505,0,0,0.105616644,0.0,0.0,True,-0.2,True,0.97910106,-0.021120548,0.019971231,-3.9134626,0.00085469545,-7.0647655,4.713233e-05,-9.962551,2.5848314e-05,-10.563265
B_RL_test_00024,baseline,PPO,2,22,early,0.8642852064172054,0.6675057313785617,2305.939145833296,3454.5608186329287,2026.5878802852524,0.06325948422561593,0,590.1525426782189,1,0.0,2,1,low,-2.0101277777033815,1.478343626097419,0.4308653496981941,0.530824615742716,24,3,Imitation_128x128,505,0,0,0.043114264,0.0,0.0,True,-0.2,True,0.99336255,-0.0066595078,0.0057235085,-5.163173,4.038604e-05,-10.117026,0.0007318845,-7.2198877,0.00014158155,-8.862635
B_RL_test_00025,baseline,ObservationPlanner,1,23,early,0.9230822556998987,0.7019633566330249,2407.255806884243,3429.3183314164326,2132.473316032242,0.02,1,572.8295723806025,1,0.0,2,1,low,-1.0508383580584602,0.7887385917443512,0.307348428917548,0.5336745085892886,25,4,Imitation_128x128,505,0,0,0.07225999,0.0,0.0,True,-0.2,True,0.9875465,-0.012531757,0.011229726,-4.489191,0.00046899213,-7.6649246,0.0005386763,-7.526396,0.00021596631,-8.440388
B_RL_test_00026,baseline,MyopicEconomic,7,17,early,0.9365901282485903,0.8443705650804314,12665.558476206472,15000.0,6448.501935164566,0.02,1,585.5290430706376,1,0.0,2,1,high,-0.8487921202430904,0.9644137800497737,0.41649155616272776,0.8018488833642444,26,13,Imitation_128x128,505,0,0,0.1545805,0.0,0.0,True,-0.2,True,0.9674916,-0.03304863,0.029130686,-3.5359633,0.0033094364,-5.7109776,3.7660597e-05,-10.186896,3.0533138e-05,-10.396698
B_RL_test_00027,baseline,PPO,11,13,middle,0.3252033535477799,1.0,609.6849856969869,609.6849856969869,3296.621660629314,0.3299546280846452,0,567.02653296758,1,0.0,1,1,high,-0.4425082286603216,0.8392601629979316,0.5331463867747503,0.7045610005896411,27,24,Imitation_128x128,505,0,0,1.3604661,0.0,0.0,True,-0.17990436,True,0.43477434,-0.83292824,0.27645543,-1.2857057,0.09500914,-2.3537822,0.041982878,-3.1704934,0.15177822,-1.885335
B_RL_test_00028,baseline,ObservationPlanner,3,21,early,0.9893089746322069,1.0,2404.765648729171,2404.765648729171,2121.9774031476454,0.02,3,432.8680540537394,1,0.0,2,1,low,-2.0485506467438626,0.6815482883078391,0.3819575070249458,0.8591634595862108,28,4,Imitation_128x128,505,0,0,0.16669321,0.0,0.0,True,-0.2,True,0.969147,-0.03133893,0.019791018,-3.922527,0.007855347,-4.846561,0.0017730625,-6.3350472,0.001433586,-6.5475764
B_RL_test_00029,baseline,MyopicEconomic,23,1,late,0.9018311721921631,0.5956190380587226,8934.28557088084,15000.0,1928.8363003603918,0.05497909600922661,0,696.4720478215925,1,0.0,2,1,low,1.4081782222310821,1.1454430642322595,0.1524521085135705,0.686066795455444,29,24,Imitation_128x128,505,0,1,0.62290794,9.62374282235669,9.62374282235669,False,-0.2,False,0.7736178,-0.2566774,0.2048775,-1.5853431,0.008887573,-4.7231016,0.00059197587,-7.4320445,0.012025114,-4.420758
B_RL_test_00030,baseline,PPO,18,6,late,0.17458352387309314,1.0,500.0,500.0,4154.559915174503,0.2914746552731627,0,680.746830732853,1,0.0,0,1,high,0.36049063728598935,0.6978249320066493,0.4584913795995479,0.7048195239783651,30,24,Imitation_128x128,505,2,2,1.2405081,0.0,0.0,True,0.0,True,0.065392226,-2.727352,0.0758038,-2.5796068,0.50239193,-0.68837464,0.054872446,-2.9027438,0.3015396,-1.1988539
B_RL_test_00031,baseline,ObservationPlanner,23,1,late,0.3881165845248731,1.0,600.0,600.0,1384.7393957328795,0.35565533850095415,0,628.2226086563135,1,0.0,1,1,low,-0.4494291645959675,1.2133114246152,0.5382540007993669,0.5509989301790695,31,24,Imitation_128x128,505,3,0,0.7830758,34.877724604324385,34.877724604324385,False,0.1,False,0.05322149,-2.933293,0.016756434,-4.088973,0.005249109,-5.2496967,0.74282146,-0.29729962,0.1819515,-1.7040153
B_RL_test_00032,baseline,MyopicEconomic,14,10,middle,0.11861461159707183,0.39623458995451744,5943.518849317761,14999.999999999998,6538.028638524567,0.4823572270107184,0,663.1472569094424,1,0.0,0,0,high,0.07233569176205216,1.0330987645795806,0.5532516681278125,0.8240805632894571,32,24,Imitation_128x128,505,0,0,1.0630025,0.0,0.0,True,-0.2,True,0.48014107,-0.7336755,0.23635896,-1.4424038,0.28143233,-1.2678634,4.3422406e-05,-10.044536,0.0020242964,-6.2025332
B_RL_test_00033,baseline,PPO,3,21,early,0.8656298298742936,1.2249999999999999,3366.5276172647314,2748.1858100120257,1736.8128697309855,0.02,1,642.2010355136549,1,0.0,2,2,low,-0.569740014719955,0.9772691096688223,0.5020581483713409,0.5604406923181983,33,5,Imitation_128x128,505,0,0,0.6663964,0.0,0.0,True,-0.2,True,0.7581589,-0.27686214,0.21384764,-1.5424914,0.014399427,-4.2405667,0.002974688,-5.817616,0.010619249,-4.545087
B_RL_test_00034,baseline,ObservationPlanner,8,16,middle,0.7209933912032997,1.059538316732895,557.355009681004,526.0357279004483,2206.3188351759422,0.15236934661368406,0,559.6977206594408,1,0.0,2,2,low,-0.5568992969228953,1.1557145411930765,0.33555444694239067,0.7880201275407003,34,19,Imitation_128x128,505,0,1,0.87134147,33.23309480033947,0.0,False,-0.04949422,True,0.6893388,-0.3720224,0.2289128,-1.4744141,0.008718222,-4.74234,0.022282628,-3.803948,0.050747562,-2.9808917
B_RL_test_00035,baseline,MyopicEconomic,2,22,early,0.7124069971554298,0.3601784377622567,2346.3730929921007,6514.4740689360015,2943.277717707141,0.26742186215069164,0,534.1750857694525,1,0.0,2,0,low,-1.6769227877276522,1.0197454526672802,0.36430119712109293,0.39029351173850463,35,4,Imitation_128x128,505,0,0,0.005837056,0.0,0.0,True,-0.2,True,0.9993405,-0.0006599426,0.00054260466,-7.5191298,2.115325e-06,-13.066302,0.00010644743,-9.14786,8.218198e-06,-11.70916
B_RL_test_00036,baseline,PPO,10,14,middle,0.16985238612265544,1.351124932690788,743.3727078413355,550.1879876947398,2712.1614947827516,0.11763269701826078,0,746.4215773999038,1,0.0,0,2,low,0.7987720270045131,0.8271682697862274,0.4029096007715378,0.7093812837974224,36,24,Imitation_128x128,505,2,3,1.136921,10.061639613274025,10.061639613274025,False,0.0,False,0.07742802,-2.5584066,0.071357675,-2.6400504,0.5492133,-0.59926844,0.015021817,-4.1982517,0.28697923,-1.2483455
B_RL_test_00037,baseline,ObservationPlanner,5,19,early,0.8993257552516476,1.2268159216879904,2290.904721091305,1867.358159110963,2854.9562517245977,0.02,1,633.4964033299018,1,0.0,2,2,low,-1.2539493473761563,1.107970464256297,0.20714979550495394,0.5822403131144498,37,7,Imitation_128x128,505,0,2,0.8407621,11.841537744849802,11.841537744849802,False,-0.2,False,0.66529024,-0.40753174,0.27775753,-1.2810066,0.03162734,-3.4537332,0.00427683,-5.454543,0.02104807,-3.8609462
B_RL_test_00038,baseline,MyopicEconomic,14,10,middle,0.684448328390616,0.6413451513607958,9620.177270411938,15000.0,4305.019512426003,0.05992413603561583,0,653.8034205228332,1,0.0,2,1,high,0.4441157710907515,0.9390821754564493,0.4005351522638762,0.7348842428889295,38,24,Imitation_128x128,505,0,0,0.7933038,0.0,0.0,True,-0.2,True,0.72498363,-0.32160616,0.15331179,-1.8752816,0.1182401,-2.135038,0.00013418657,-8.916279,0.0033302873,-5.7046967
B_RL_test_00039,baseline,PPO,5,19,early,0.9378959300747195,1.2950503995707228,2458.174595305655,1898.1304481435466,2057.7661936202644,0.031255013014439295,2,545.5440171275179,1,0.0,2,2,low,-0.9910608771563214,1.0687565486503725,0.32931114337766065,0.480487284890949,39,6,Imitation_128x128,505,0,0,0.52821,0.0,0.0,True,-0.2,True,0.8590853,-0.15188718,0.09876676,-2.3149943,0.028056946,-3.5735192,0.0044146827,-5.4228196,0.009676289,-4.638077
B_RL_test_00040,baseline,ObservationPlanner,6,18,early,0.03798601396408765,0.8618221026318759,1346.2592029839443,1562.1080021882358,2112.7510526336328,0.542259564850849,0,719.0124875867314,1,0.0,0,1,low,0.3911514500331968,1.2544957364432432,0.6953851683896436,0.6634477604756893,40,24,Imitation_128x128,505,1,0,1.3480736,10.471757153877178,10.471757153877178,False,-0.1,False,0.226934,-1.483096,0.4301679,-0.84357965,0.014182308,-4.25576,0.1349404,-2.002922,0.19377537,-1.6410557
B_RL_test_00041,baseline,MyopicEconomic,19,5,late,0.016633071844414767,0.1169709276912876,1754.563915369314,15000.0,3437.7353052762714,0.6094754641587934,0,764.7739696208452,1,0.0,0,0,high,1.3455774008055212,0.8534561755749168,0.47756049876243367,0.5444764634918892,41,24,Imitation_128x128,505,2,2,0.54292005,0.0,0.0,True,0.0,True,0.00073866744,-7.210663,0.05973702,-2.8178034,0.847395,-0.16558838,0.0019012532,-6.265242,0.090228125,-2.405414
B_RL_test_00042,baseline,PPO,10,14,middle,0.8826765474543761,2.574432043205924,2637.215610419299,1024.3873468631905,3450.7898658345794,0.027796455183778677,2,675.3251678924596,1,0.0,2,2,high,0.22909678781778126,0.879346771579291,0.2553585836990128,0.47150706749456744,42,12,Imitation_128x128,505,1,0,1.2470747,42.212314073346306,42.212314073346306,False,-0.1,False,0.32447833,-1.1255364,0.43598965,-0.8301367,0.15380171,-1.872091,0.0058685634,-5.1381454,0.07986175,-2.5274582
B_RL_test_00043,baseline,ObservationPlanner,4,20,early,0.9623949810652032,1.5867197334287197,3929.6597847989556,2476.5935042021633,4452.6622712573635,0.02,3,542.2881919852082,1,0.0,2,2,high,-0.4983394640877816,1.1813366229036073,0.33760433114928884,0.7006270214394502,43,7,Imitation_128x128,505,0,0,0.4111879,0.0,0.0,True,-0.2,True,0.89671284,-0.10901952,0.07505058,-2.589593,0.022261895,-3.8048787,0.0019633314,-6.2331123,0.004011266,-5.518648
B_RL_test_00044,baseline,MyopicEconomic,2,22,early,0.379209978329903,0.47810556982222124,2525.127915294928,5281.527919103455,1429.7605211837863,0.19493247158948834,0,762.0436848092071,1,0.0,1,0,low,0.09031488076551453,1.5566656761988789,0.21693195513352462,0.675601763777255,44,8,Imitation_128x128,505,0,0,0.033658847,0.0,0.0,True,-0.2,True,0.99537635,-0.0046343803,0.002573832,-5.9623594,1.0973218e-05,-11.4200535,0.001683789,-6.3867087,0.0003550999,-7.9431114
B_RL_test_00045,baseline,PPO,5,19,early,0.8222238740449165,1.2249999999999999,1883.35045135406,1537.4289398808653,3348.3448880232113,0.02,1,577.8049262304501,1,0.0,2,2,high,-0.7434848889073253,0.7769566157120102,0.4900627923832935,0.6806089276604373,45,9,Imitation_128x128,505,0,2,1.100331,6.070997502499495,6.070997502499495,False,-0.2,False,0.5889984,-0.5293319,0.20969129,-1.5621189,0.14624158,-1.9224955,0.0066001625,-5.020661,0.04846854,-3.0268404
B_RL_test_00046,baseline,ObservationPlanner,13,11,middle,0.20288459529389125,0.9999999999999999,776.6788847965151,776.6788847965153,5999.266924562831,0.3460085372071179,0,687.7671178537944,1,0.0,1,1,high,0.04468770119945725,1.1100338854838319,0.466752765563234,0.8465379303694447,46,24,Imitation_128x128,505,2,0,1.4053993,60.698230747747914,60.698230747747914,False,0.0,False,0.21458723,-1.5390389,0.2917077,-1.232003,0.32260373,-1.1313305,0.0141036045,-4.261325,0.15699771,-1.851524
B_RL_test_00047,baseline,MyopicEconomic,6,18,early,0.6680502290690778,1.0,11664.0,11664.0,5780.583328255228,0.14874161924604068,0,650.2689375648152,1,0.0,2,1,high,0.6794578365423228,1.2605601452914865,0.39418557739057486,0.663345949117258,47,12,Imitation_128x128,505,0,1,0.6331357,22.27562385890087,22.27562385890087,False,-0.2,False,0.8057816,-0.21594262,0.1109322,-2.198836,0.081731156,-2.5043201,0.00014179638,-8.861118,0.0014133176,-6.5618153
B_RL_test_00048,baseline,PPO,3,21,early,0.22787425817632054,1.0,3496.625410377927,3496.625410377927,4282.18936652522,0.2394748583802661,0,739.214628121166,1,0.0,1,1,high,0.8746453651728925,1.2289568893253286,0.34581064897313346,0.5645890100507188,48,11,Imitation_128x128,505,0,0,1.0010406,0.0,0.0,True,-0.2,True,0.6166453,-0.48346126,0.24782062,-1.39505,0.0992118,-2.3104982,0.0019311577,-6.2496357,0.034391105,-3.3699574
B_RL_test_00049,baseline,ObservationPlanner,10,14,middle,0.3614319639668689,1.0,557.1361346362471,557.1361346362471,1756.1217037408028,0.22041247065985103,0,667.8601291773981,1,0.0,1,1,low,0.2671931472578545,0.946027321721571,0.49805137706200514,0.8348476688154185,49,24,Imitation_128x128,505,0,0,1.3197405,0.0,0.0,True,-0.10255327,True,0.47672665,-0.74081194,0.18246049,-1.7012216,0.01959014,-3.932729,0.124226935,-2.0856452,0.19699574,-1.6245731
B_RL_test_00050,baseline,MyopicEconomic,1,23,early,0.5640436083834576,0.37198488593015544,2778.8507088085507,7470.332300894378,2832.6429911485493,0.35883944705264603,0,654.4683900435166,1,0.0,1,0,low,-0.44078875144303553,0.8380510296018817,0.3871942516794568,0.6034522769722803,50,24,Imitation_128x128,505,0,0,0.0019695892,0.0,0.0,True,-0.2,True,0.9998047,-0.00019550323,0.00015528902,-8.770223,6.4228516e-08,-16.560818,3.8300863e-05,-10.170038,1.6216485e-06,-13.3320675
B_RL_test_00051,baseline,PPO,0,24,early,0.6279381875877659,0.7097053825658842,5488.279280176071,7733.179732037013,2720.080753335256,0.4,0,652.8067991736757,1,0.0,2,1,low,-1.1207786885627906,1.002766217469849,0.3503577515463789,0.617426829756258,51,4,Imitation_128x128,505,0,0,0.0018384546,0.0,0.0,True,-0.2,True,0.999811,-0.00018882751,0.00018280593,-8.607085,3.2850007e-08,-17.231314,6.007321e-06,-12.0225315,2.2522609e-07,-15.306161
B_RL_test_00052,baseline,ObservationPlanner,22,2,late,0.39494446361012614,1.0,500.0,500.0,1732.4707144893682,0.2174831580160389,0,607.2925577081427,1,0.0,1,1,low,-0.23877457474671135,0.7227125995562862,0.4726893086707423,0.6581244204937098,52,24,Imitation_128x128,505,3,4,1.2559774,24.423359522993564,24.423359522993564,False,0.1,False,0.08813668,-2.4288666,0.03243441,-3.4285355,0.08002606,-2.525403,0.44196835,-0.8165171,0.3574345,-1.0288032
B_RL_test_00053,baseline,MyopicEconomic,6,18,early,0.34426507000356177,0.2436763840649301,2049.447590889828,8410.530215122248,2009.1865947564293,0.47200289460980144,0,584.1029467466066,1,0.0,1,0,low,-0.3870103738071509,1.0471457565478777,0.4977787279614221,0.8372278510245246,53,24,Imitation_128x128,505,0,0,0.06769416,0.0,0.0,True,-0.2,True,0.9893134,-0.010744095,0.0019921854,-6.218523,1.0739626e-05,-11.44157,0.007564022,-4.884352,0.0011197322,-6.794666
B_RL_test_00054,baseline,PPO,2,22,early,0.8049562963000642,1.0319384677467247,7130.673275385625,6909.979129817411,4895.253327835442,0.15084904971669436,0,600.8959365436986,1,0.0,2,2,high,-1.255506772438249,0.9360305659296442,0.363464744617099,0.5373903131399516,54,7,Imitation_128x128,505,0,0,0.19297397,0.0,0.0,True,-0.2,True,0.9553297,-0.045698643,0.0423513,-3.161756,0.0018908465,-6.2707305,0.00010147168,-9.19573,0.00032668127,-8.0265255
B_RL_test_00055,baseline,ObservationPlanner,0,24,early,0.7703021013594434,0.8046723751405875,8386.849268140477,10422.688198628884,3782.175891677592,0.4,0,657.5751534584275,1,0.0,2,1,high,-0.5512478562946606,1.0949289310713148,0.2282812754865429,0.5039575619771754,55,5,Imitation_128x128,505,0,0,0.0009715471,0.0,0.0,True,-0.2,True,0.99990654,-9.346008e-05,9.120215e-05,-9.302432,5.1365237e-09,-19.08689,2.1825408e-06,-13.035021,6.9562184e-08,-16.481045
B_RL_test_00056,baseline,MyopicEconomic,3,21,early,0.5319335139074415,0.2944401741434168,3288.5919463967357,11168.964819301184,2236.5959758467075,0.2618928823547251,0,668.6782541872011,1,0.0,1,0,low,0.491521608931922,0.7981409760756403,0.40301955099779874,0.725467639639309,56,24,Imitation_128x128,505,0,0,0.0061732214,0.0,0.0,True,-0.2,True,0.9993037,-0.0006966591,0.0005805757,-7.4514904,1.0476702e-05,-11.466356,6.997479e-05,-9.567376,3.5235767e-05,-10.253449
B_RL_test_00057,baseline,PPO,6,18,early,0.6835475823280572,1.5415926323287827,4138.878045092562,2684.8065813860508,3494.805096494596,0.1028284327062324,0,711.5596795853463,1,0.0,2,2,high,0.29734423011214695,1.2126248846903505,0.3002933541740706,0.833479734810448,57,11,Imitation_128x128,505,0,1,0.8573845,5.88263050868909,5.88263050868909,False,-0.2,False,0.56378275,-0.57308626,0.39420655,-0.9308802,0.014512738,-4.2327285,0.0019669656,-6.231263,0.025530973,-3.667863
B_RL_test_00058,baseline,ObservationPlanner,17,7,late,0.007347530160079491,0.25628247946200927,1319.3906808078113,5148.189152756323,3509.3180928960087,0.6279407830915847,0,813.4735944976718,1,0.0,0,0,high,2.782688012161225,0.6915874271637731,0.4819950280080346,0.698112208087694,58,24,Imitation_128x128,505,4,4,0.7442032,0.0,0.0,True,0.2,True,0.0034813634,-5.6603312,0.010461132,-4.5600886,0.0013528541,-6.605539,0.37170792,-0.9896469,0.61299676,-0.48939562
B_RL_test_00059,baseline,MyopicEconomic,11,13,middle,0.3010701088009395,0.209471918594423,3142.0787789163446,14999.999999999998,1760.7293445204466,0.16035656363609666,0,704.3711085217833,1,0.0,1,0,low,0.971453190840694,1.533171519635366,0.4781722323867211,0.6056363128937179,59,24,Imitation_128x128,505,0,0,0.77760583,0.0,0.0,True,-0.2,True,0.68892604,-0.37262142,0.02187229,-3.8225348,0.26845956,-1.315055,0.0009518541,-6.957099,0.019790215,-3.9225678
B_RL_test_00060,baseline,PPO,0,24,early,0.5068592473650758,0.168176012802745,546.810907443923,3251.4203323709544,1514.974941648108,0.4,0,625.4025588941706,1,0.0,1,0,low,0.4676162543727831,0.8860136480030804,0.311185290065238,0.9046832844889655,60,4,Imitation_128x128,505,0,0,0.09837369,0.0,0.0,True,-0.2,True,0.98024017,-0.019957542,0.00015504925,-8.771768,8.517934e-09,-18.58109,0.019552099,-3.9346726,5.2704476e-05,-9.85081
B_RL_test_00061,baseline,ObservationPlanner,1,23,early,0.6723392587564916,0.5264822437685277,4501.6441067295755,8550.419620056096,6653.596928286341,0.3606854027384583,0,595.3492738028834,1,0.0,2,1,high,-0.6019120795535214,1.250066022412253,0.32570285665920384,0.6690632347612712,61,4,Imitation_128x128,505,0,0,0.0028029268,0.0,0.0,True,-0.2,True,0.9996947,-0.00030517578,0.0003008946,-8.10875,5.909284e-07,-14.341571,3.3116748e-06,-12.618056,5.333163e-07,-14.444151
B_RL_test_00062,baseline,MyopicEconomic,0,24,early,0.6558138612660278,0.22766535990445966,1353.0514007973516,5943.158859850981,3412.923749968226,0.4,1,623.1365100020726,1,0.0,2,0,high,-0.5197297972949666,1.0463883656689934,0.3776908173523991,0.815325111799893,62,24,Imitation_128x128,505,0,0,0.004602579,0.0,0.0,True,-0.2,True,0.9994771,-0.00052309036,0.00049030036,-7.6204925,2.2422326e-07,-15.310623,3.0948064e-05,-10.3832,1.3830663e-06,-13.491208
B_RL_test_00063,baseline,PPO,0,24,early,0.6092112298996989,0.14054555952618597,1225.4641336450247,8719.337258155783,3515.256718321031,0.4,0,570.2458398508572,1,0.0,2,0,high,-1.4160968264962555,1.271300483920626,0.2624403200649598,0.5443897374113016,63,5,Imitation_128x128,505,0,0,0.0019035897,0.0,0.0,True,-0.2,True,0.99981683,-0.00018310547,7.6972734e-05,-9.472059,1.68027e-07,-15.599141,0.00010173742,-9.193115,4.3341633e-06,-12.348982
B_RL_test_00064,baseline,ObservationPlanner,1,23,early,0.7230093447733669,0.4422362425874765,2831.9463335814994,6403.695719310763,4169.321450676664,0.3816100151721653,0,551.480806362687,1,0.0,2,0,high,-0.2311648484074592,0.750470788967369,0.44116609633456183,0.7340685337223977,64,4,Imitation_128x128,505,0,0,0.002654953,0.0,0.0,True,-0.2,True,0.9997191,-0.0002808571,0.00026111494,-8.250549,1.4474372e-07,-15.748301,1.8731891e-05,-10.8852825,9.872232e-07,-13.82837
B_RL_test_00065,baseline,MyopicEconomic,17,7,late,0.16883788561041613,0.1953397861591348,2930.096792387022,15000.0,2526.854242657849,0.4377581672034112,0,681.087812638456,1,0.0,0,0,low,0.9543120520827897,1.2376231953811616,0.4808156757682948,0.8043152589284366,65,24,Imitation_128x128,505,2,0,0.9499426,27.26733318481513,27.26733318481513,False,0.0,False,0.033012036,-3.4108832,0.17296492,-1.7546666,0.6732546,-0.3956318,0.0025071604,-5.9886045,0.118261375,-2.1348581
B_RL_test_00066,baseline,PPO,4,20,early,0.5446765194422268,1.073252499481339,1483.5483753950894,1382.2920292401186,1193.6200672635655,0.14139800041492867,0,709.3255489273176,1,0.0,1,2,low,0.10872647247335987,1.0882603901869417,0.24807577802657751,0.678805264804511,66,5,Imitation_128x128,505,0,1,0.68426013,44.239417380889336,44.239417380889336,False,-0.2,False,0.7930813,-0.23182952,0.14483547,-1.9321568,0.0023800447,-6.040636,0.019773584,-3.9234085,0.039929587,-3.2206378
B_RL_test_00067,baseline,ObservationPlanner,2,22,early,0.1097643319784132,0.7714368241331376,4333.73462698888,5617.744047749718,3805.298674699541,0.348534859982811,0,858.1554947232789,1,0.0,0,1,high,1.7860277180715896,1.4976221550110438,0.3431977762345563,0.6947477889754374,67,7,Imitation_128x128,505,0,0,0.34737456,0.0,0.0,True,-0.2,True,0.9006515,-0.10463691,0.094568096,-2.3584352,0.0020584045,-6.1858244,0.0004947903,-7.611377,0.0022271925,-6.1070137
B_RL_test_00068,baseline,MyopicEconomic,0,24,early,0.42653032626779175,0.37421081019193775,2545.965711703852,6803.560031838716,2610.68512423398,0.4,0,666.6578373952274,1,0.0,1,0,low,0.11732619098720778,0.9121918234253104,0.44108451528192855,0.739356466273892,68,14,Imitation_128x128,505,0,0,0.0012227255,0.0,0.0,True,-0.2,True,0.99988544,-0.00011444092,8.460584e-05,-9.377507,1.5940374e-08,-17.95441,2.945708e-05,-10.432576,5.0385916e-07,-14.500969
B_RL_test_00069,baseline,PPO,1,23,early,0.960812023620709,0.6728979002668548,2168.0837102651412,3222.0099206808827,4198.773867629622,0.2488485489978257,0,483.07543703213923,1,0.0,2,1,high,-1.4919352173107752,1.3055222135338365,0.41763881714870493,0.7592059164002953,69,6,Imitation_128x128,505,0,0,0.0066905026,0.0,0.0,True,-0.2,True,0.99919564,-0.0008049011,0.0007685631,-7.170988,2.6074497e-07,-15.159723,3.420711e-05,-10.283077,1.425167e-06,-13.461222
B_RL_test_00070,baseline,ObservationPlanner,4,20,early,0.04844010728093621,1.0,1958.2948491654167,1958.2948491654167,1639.8550914103687,0.3349557074327678,0,910.063873343722,1,0.0,0,1,low,2.389651181165024,1.299545799569939,0.4153647449400546,0.7062253508358912,70,11,Imitation_128x128,505,0,0,1.1899257,0.0,0.0,True,-0.2,True,0.43705937,-0.8276863,0.3839007,-0.9573714,0.015585139,-4.1614375,0.048900336,-3.017971,0.11455445,-2.1667051
B_RL_test_00071,baseline,MyopicEconomic,21,3,late,0.3819574454017667,0.3308075231538171,4962.112847307257,15000.0,3235.427963034861,0.26325602044805047,0,686.9360106943229,1,0.0,1,0,high,0.09105636204004242,1.0313146161355393,0.4853300622396656,0.5238168952882202,71,24,Imitation_128x128,505,0,1,0.94648063,20.589489271932962,20.589489271932962,False,-0.2,False,0.6522925,-0.4272622,0.10103323,-2.2923057,0.21864821,-1.5202911,0.00078783266,-7.146225,0.02723813,-3.6031375
B_RL_test_00072,baseline,PPO,0,24,early,0.7588589061208596,0.6809655158039449,4039.6011253995216,5932.166947735064,1816.55993714263,0.4,1,695.702630528886,1,0.0,2,1,low,0.386536536410366,0.930225005718882,0.29112376646152666,0.6081968729634402,72,3,Imitation_128x128,505,0,0,0.0043109693,0.0,0.0,True,-0.2,True,0.99950504,-0.00049495697,0.00048529383,-7.630756,2.8938846e-08,-17.358082,9.33372e-06,-11.581877,2.991802e-07,-15.02222
B_RL_test_00073,baseline,ObservationPlanner,22,2,late,0.4137834712644008,1.029344230852175,514.6721154260874,500.0,5830.51050764666,0.14221314095652096,0,696.2288645930913,1,0.0,1,2,high,0.45941812709734065,1.1789910139310849,0.28356995023331066,0.6877866114164769,73,24,Imitation_128x128,505,2,2,1.3314335,0.0,0.0,True,0.0,True,0.13187195,-2.025924,0.09128915,-2.3937235,0.3847094,-0.95526725,0.03212725,-3.4380507,0.36000234,-1.021645
B_RL_test_00074,baseline,MyopicEconomic,7,17,early,0.04053304116497742,0.13505325496414894,2025.7988244622338,14999.999999999998,4168.7212063130455,0.49730623844293537,0,737.1110563485262,1,0.0,0,0,high,1.5965306398868033,0.7644284406291425,0.5561785363345491,0.7034210583296641,74,24,Imitation_128x128,505,2,1,0.26490784,0.9982117901608092,0.9982117901608092,False,0.0,False,0.005509332,-5.2013116,0.04421801,-3.1186228,0.94157124,-0.060204983,6.515321e-05,-9.638769,0.008636228,-4.751789
B_RL_test_00075,baseline,PPO,1,23,early,0.7564671147100324,0.6119493257231801,3427.4907057391165,5600.938773302232,2612.995156430521,0.28013957570482395,0,586.5806523842683,1,0.0,2,1,low,-1.9380212781880286,0.5667805381576572,0.34706457120354495,0.4642840454103798,75,4,Imitation_128x128,505,0,0,0.006265629,0.0,0.0,True,-0.2,True,0.9992594,-0.00074100494,0.0006939748,-7.273075,3.6129526e-07,-14.8335705,4.3150176e-05,-10.050824,3.0544165e-06,-12.698922
B_RL_test_00076,baseline,ObservationPlanner,3,21,early,0.8732476304401287,1.1162618083955889,3034.364563993472,2718.3269562494356,1933.50347851992,0.10699055328352877,0,582.3405206417185,1,0.0,2,2,low,-0.9456056299759363,0.9330307037393054,0.3516778080616225,0.7294508559928045,76,6,Imitation_128x128,505,0,1,0.28229445,20.356151312253132,20.356151312253132,False,-0.2,False,0.92819166,-0.07451701,0.066700265,-2.7075462,0.0014470852,-6.538204,0.0017525051,-6.3467093,0.0019085719,-6.2614
B_RL_test_00077,baseline,MyopicEconomic,16,8,late,0.11924889965361976,0.10632274977041356,1594.8412465562033,14999.999999999998,2621.478144077052,0.3694256144447483,0,739.7602268363717,1,0.0,0,0,low,0.31858297831781607,0.8479897153648971,0.4532158731317911,0.56086922159226,77,24,Imitation_128x128,505,2,2,0.30914226,0.0,0.0,True,0.0,True,0.0012288919,-6.7016425,0.010916699,-4.517462,0.92465574,-0.078333855,0.00088062586,-7.034878,0.06231803,-2.7755046
B_RL_test_00078,baseline,PPO,3,21,early,0.9540215157636134,1.225,5355.1173299948005,4371.524351016164,3521.0761850454173,0.02,2,565.1217807466435,1,0.0,2,2,high,-0.8075015401694254,1.0321185311846846,0.18971493676975942,0.6519106372702784,78,4,Imitation_128x128,505,0,1,0.3085603,19.22203246319441,19.22203246319441,False,-0.2,False,0.9168513,-0.08680987,0.07841947,-2.545683,0.0032033233,-5.743566,0.00065611786,-7.32917,0.0008698734,-7.047163
B_RL_test_00079,baseline,ObservationPlanner,0,24,early,0.6107559122745796,0.35881894687930105,1990.6102300783075,5547.673129835883,2877.475817049848,0.4,0,606.0929451374526,1,0.0,2,0,low,-0.2263729641847368,0.7787968829600019,0.42086284106403515,0.720814474587929,79,1,Imitation_128x128,505,0,0,0.0023259153,0.0,0.0,True,-0.2,True,0.9997688,-0.00023126602,0.00014798412,-8.818406,2.530359e-08,-17.49232,8.166787e-05,-9.412849,1.5349791e-06,-13.386993
B_RL_test_00080,baseline,MyopicEconomic,1,23,early,0.6454988717607186,0.6105344746162854,2483.2239255782656,4067.2951795866175,1869.5339146746887,0.31435377533905284,0,598.6720201337081,1,0.0,2,1,low,-1.0123921144009338,1.1258003834783963,0.39749000470481033,0.5241669124696455,80,2,Imitation_128x128,505,0,0,0.007558254,0.0,0.0,True,-0.2,True,0.9991185,-0.0008816719,0.0007019239,-7.2616854,2.0921757e-07,-15.379891,0.00017246696,-8.665305,6.9470716e-06,-11.87719
B_RL_test_00081,baseline,PPO,5,19,early,0.5471971665134849,1.0,820.1402972263885,820.1402972263885,1144.5597734841792,0.21690835041641865,0,654.083534261115,1,0.0,1,1,low,0.4670964360920484,1.0318299041662726,0.39611149708091536,0.7766966329528985,81,24,Imitation_128x128,505,0,0,0.5696813,0.0,0.0,True,-0.2,True,0.8432684,-0.17047,0.1051166,-2.252685,0.0006147297,-7.3943276,0.0334716,-3.397058,0.017528592,-4.043922
B_RL_test_00082,baseline,ObservationPlanner,4,20,early,0.979857188575217,1.0,500.00000000000006,500.00000000000006,1287.0936432178305,0.0352510431562565,3,467.9522389366124,1,0.0,2,1,low,-1.8132668856006082,0.8977841514156312,0.379017546862315,0.6711371551218738,82,7,Imitation_128x128,505,0,2,0.2631484,-68.35334460771696,0.0,False,-0.0,True,0.94786733,-0.053540707,0.02883501,-3.546165,0.013479511,-4.3065844,0.0056288475,-5.1798506,0.0041894396,-5.4751883
B_RL_test_00083,baseline,MyopicEconomic,9,15,middle,0.8651092790573723,0.5928297836241365,8892.446754362049,15000.0,2967.3578290978676,0.10333974095211913,0,633.7478036785967,1,0.0,2,1,low,-0.19318881647829222,1.1007255421738986,0.39873602801111796,0.6182139355952364,83,13,Imitation_128x128,505,0,0,0.053625777,0.0,0.0,True,-0.2,True,0.99127614,-0.00876236,0.0077052265,-4.8658566,0.0009053845,-7.007151,4.260397e-05,-10.063563,7.0552036e-05,-9.55916
B_RL_test_00084,baseline,PPO,0,24,early,0.906174739606605,0.4075748690648555,1513.3767327880428,3713.12572892522,2389.231910536744,0.4,0,427.4413147982198,1,0.0,2,0,low,-2.719303493644447,0.9141938919096755,0.4493131263051819,0.7602119282809829,84,2,Imitation_128x128,505,0,0,0.0032694973,0.0,0.0,True,-0.2,True,0.9996612,-0.00033855438,0.00022127599,-8.4161,1.296063e-08,-18.16135,0.000116492876,-9.05768,9.665513e-07,-13.849531
B_RL_test_00085,baseline,ObservationPlanner,4,20,early,0.7941548900434988,1.1078584625333887,3538.6924791601796,3194.173803635616,3279.8007078489463,0.113713229973289,0,660.8190807718751,1,0.0,2,2,high,-0.732507953119708,1.414482734313204,0.324414951475154,0.5343499923124448,85,5,Imitation_128x128,505,0,1,0.4203884,53.64015616127699,53.64015616127699,False,-0.2,False,0.869255,-0.14011884,0.12416753,-2.0861237,0.001773044,-6.3350577,0.0011820677,-6.74049,0.0036224846,-5.6205955
B_RL_test_00086,baseline,MyopicEconomic,9,15,middle,0.8725517982544201,0.5126492332251752,7689.7384983776265,14999.999999999998,3696.8864482792205,0.17155046543004115,0,578.3838689196426,1,0.0,2,1,high,-0.5739392325338428,0.8405098617483711,0.2825418813098837,0.6386877709365626,86,16,Imitation_128x128,505,0,0,0.055755336,0.0,0.0,True,-0.2,True,0.9909478,-0.009093285,0.0077729807,-4.8571014,0.0011559412,-6.7628403,2.5728694e-05,-10.5679035,9.7547185e-05,-9.235174
B_RL_test_00087,baseline,PPO,9,15,middle,0.5014289547566524,1.9666253091615,3959.3397123443137,2013.265920000001,9962.41445462283,0.08991769508881849,0,706.7720228447201,1,0.0,1,2,high,0.6498672710491811,1.088206740370783,0.40818789241107123,0.7330825440302011,87,14,Imitation_128x128,505,2,1,1.1671537,55.73651992605255,55.73651992605255,False,0.0,False,0.11745775,-2.1416767,0.23558456,-1.4456854,0.54199815,-0.6124927,0.0011753445,-6.746194,0.10378423,-2.2654412
B_RL_test_00088,baseline,ObservationPlanner,10,14,middle,0.01751231497823463,1.0,2062.3705253171834,2062.3705253171834,6848.24600462249,0.42136429596045955,0,823.4542716105796,1,0.0,0,1,high,3.2597985744067355,0.9085305102515508,0.4665674267932232,0.8094894424242502,88,24,Imitation_128x128,505,1,1,1.016115,0.0,0.0,True,-0.1,True,0.1323254,-2.0224915,0.6416173,-0.44376338,0.17691287,-1.732098,0.0022907204,-6.078889,0.04685366,-3.0607262
B_RL_test_00089,baseline,MyopicEconomic,14,10,middle,0.1543903474151127,0.14228358458682816,2028.3947818698225,14256.000000000002,3369.936719339581,0.43161391595669496,0,713.1052669663361,1,0.0,0,0,high,1.7888009368239013,0.6988729541935131,0.3328235380263363,0.8188913977778863,89,24,Imitation_128x128,505,2,3,0.6405233,8.046498553436578,8.046498553436578,False,0.0,False,0.018629428,-3.9830127,0.06819571,-2.6853735,0.82397187,-0.19361877,0.0016115754,-6.430543,0.08759141,-2.4350722
B_RL_test_00090,baseline,PPO,10,14,middle,0.7534781431339181,2.315642848909248,2176.249783856102,939.8037287491009,4306.620593893453,0.02,1,646.8127409746123,1,0.0,2,2,high,0.043613096896889136,1.037068499561815,0.565620493324281,0.7959980754214587,90,11,Imitation_128x128,505,2,0,1.189854,12.47295748320471,12.47295748320471,False,0.0,False,0.1363819,-1.9922963,0.15329538,-1.8753887,0.5609272,-0.5781642,0.0051249918,-5.2736263,0.1442705,-1.9360654
B_RL_test_00091,baseline,ObservationPlanner,20,4,late,0.004203746421753841,0.048369274057587466,725.539110863812,15000.0,1895.838978176145,0.6002317453913092,0,914.2149004138386,1,0.0,0,0,low,2.3382845918220068,0.6741896711819185,0.5199109965055012,0.712837240683555,91,24,Imitation_128x128,505,4,2,0.7920537,-17.73963985028837,0.0,False,0.0,True,0.00047074,-7.6612043,0.02892174,-3.5431616,0.15118392,-1.8892581,0.069170184,-2.6711853,0.7502534,-0.28734422
B_RL_test_00092,baseline,MyopicEconomic,17,7,late,0.08960262868948717,0.1692689454392299,2056.6176870866434,12150.0,2114.236479504682,0.4353373723168985,0,580.4005404605385,1,0.0,0,0,low,-0.5862659646754461,1.1181404121059324,0.6389081097596125,0.889545304488342,92,22,Imitation_128x128,505,2,3,0.3850358,22.070955021289222,22.070955021289222,False,0.0,False,0.0034229043,-5.677266,0.00499619,-5.29908,0.89725053,-0.10842013,0.004857311,-5.3272705,0.08947304,-2.413818
B_RL_test_00093,baseline,PPO,5,19,early,0.01220936956066418,1.0,4915.200000000001,4915.200000000001,8492.213570262602,0.4346923481340863,0,876.6096227204597,1,0.0,0,1,high,3.0629373987984785,0.9114223715622548,0.4060270931795948,0.7879782542358003,93,24,Imitation_128x128,505,0,0,0.7990947,0.0,0.0,True,-0.2,True,0.5966151,-0.51648307,0.36982423,-0.9947274,0.031174155,-3.4681659,0.00014693695,-8.825507,0.0022395991,-6.1014585
B_RL_test_00094,baseline,ObservationPlanner,5,19,early,0.9887958087926114,1.0,500.0,500.0,1405.898611797393,0.02,3,392.42144428152614,1,0.0,2,1,low,-1.3976582755334301,0.7487520285556225,0.4855545079422672,0.6876819511748817,94,8,Imitation_128x128,505,0,2,0.34121153,-87.30987679035434,0.0,False,0.0,True,0.92752236,-0.07523823,0.036459137,-3.311563,0.024207683,-3.721085,0.005982797,-5.118867,0.005828032,-5.145076
B_RL_test_00095,baseline,MyopicEconomic,14,10,middle,0.23804962142462843,0.1728121909906215,2042.0964107147854,11816.853886341905,2929.6763194070577,0.4715160381848498,0,599.3617573811041,1,0.0,1,0,low,-0.2563260662755433,0.9887072235021326,0.5326297737522329,0.6408928626998098,95,24,Imitation_128x128,505,4,0,1.4027047,56.713739767836955,56.713739767836955,False,0.2,False,0.2930188,-1.2275186,0.12434056,-2.084731,0.14836112,-1.908106,0.042216055,-3.1649547,0.3920635,-0.93633145
B_RL_test_00096,baseline,PPO,23,1,late,0.057706257325393535,1.0,500.0,500.0,4245.599445238874,0.3531450452789717,0,734.2826019711963,1,0.0,0,1,high,0.63121929203782,0.9721972196766725,0.445765228928636,0.7938713156995721,96,24,Imitation_128x128,505,2,2,0.54459095,0.0,0.0,True,0.0,True,0.0039309985,-5.5388618,0.0056341314,-5.178912,0.84203494,-0.17193365,0.024043214,-3.7279024,0.124356724,-2.084601
B_RL_test_00097,baseline,ObservationPlanner,0,24,early,0.5202720984178253,0.18164222778984737,336.65413188935815,1853.3913395890145,1585.6471968155172,0.4,0,570.907195146081,1,0.0,1,0,low,-0.6422699443344645,0.5751794844401634,0.5138524784076035,0.5242284254912288,97,24,Imitation_128x128,505,0,0,0.1265198,0.0,0.0,True,-0.2,True,0.9726917,-0.027688026,0.00014549383,-8.835377,3.9095905e-08,-17.05725,0.027114276,-3.6076949,4.8488535e-05,-9.934183
B_RL_test_00098,baseline,MyopicEconomic,8,16,middle,0.36105580188544195,0.5128494073419781,7692.741110129673,15000.0,2999.8299614530706,0.1765400580706997,0,745.413405021207,1,0.0,1,1,low,0.9088657953933286,1.3248086092922042,0.36488819247598553,0.5828741555508058,98,22,Imitation_128x128,505,0,0,0.6189842,0.0,0.0,True,-0.2,True,0.8035373,-0.21873164,0.051108755,-2.9737995,0.14334889,-1.9424739,7.836711e-05,-9.454106,0.0019266934,-6.2519503
B_RL_test_00099,baseline,PPO,1,23,early,0.6935374321243797,0.8015197217681155,3446.4035370911242,4299.836227970183,2308.449944443907,0.3122362038919836,0,638.8794272401572,1,0.0,2,1,low,-0.26689171429934844,0.6907053720958345,0.34363800188548893,0.47058435393170817,99,6,Imitation_128x128,505,0,0,0.0059875534,0.0,0.0,True,-0.2,True,0.99929726,-0.000702858,0.000655132,-7.3306737,1.2865262e-07,-15.86615,4.5311772e-05,-10.001944,2.0941302e-06,-13.076372
B_RL_test_00000,severe_stress,PPO,2,22,early,0.4166718720179237,0.5570515438200542,5194.628365429958,9325.220301531006,5113.817957246661,0.2675494669086287,0,735.6133585549072,1,0.0,1,1,high,0.7766626320299265,1.1540687281369808,0.34471001732411144,0.8095158963876717,100,9,Imitation_128x128,505,0,0,0.013135474,0.0,0.0,True,-0.2,True,0.9982602,-0.0017414093,0.0016739903,-6.392545,3.959562e-05,-10.136792,1.1784964e-05,-11.348686,1.4438e-05,-11.145647
B_RL_test_00001,severe_stress,ObservationPlanner,5,19,early,0.3882490109490616,1.0006186687674683,1876.0181886488513,1874.8582723922927,1967.1722695860833,0.19101578376353281,0,827.2144458947637,2,1.6,1,2,low,1.6613225481260747,0.841180276874062,0.2960832412250551,0.6198577850919593,101,14,Imitation_128x128,505,0,1,0.6502348,18.710098816591994,18.710098816591994,False,-0.2,False,0.8115216,-0.20884418,0.06444098,-2.7420053,0.008510567,-4.7664466,0.0030667316,-5.7871428,0.112460114,-2.1851566
B_RL_test_00002,severe_stress,MyopicEconomic,1,23,early,0.4350840664284275,0.24334980512276738,1594.1887694297345,6551.017242958067,2311.7540353432664,0.35961980914440683,0,678.8660937176784,1,0.0,1,0,low,0.4546918678629157,0.8585965558808485,0.47150063272009635,0.832595564470931,102,8,Imitation_128x128,505,0,0,0.010975015,0.0,0.0,True,-0.2,True,0.9986779,-0.0013227463,0.0002878663,-8.153014,3.7576203e-07,-14.79431,0.0009859953,-6.921859,4.7914342e-05,-9.946095
B_RL_test_00003,severe_stress,PPO,4,20,early,0.17384169938551708,0.9999999999999998,4497.415959676926,4497.415959676927,7800.775326931617,0.4070511995665708,0,757.5840193125299,2,1.6,0,1,high,1.033632078382112,1.2276235612338229,0.47864155202413344,0.8531424835747992,103,8,Imitation_128x128,505,0,0,0.14789486,0.0,0.0,True,-0.2,True,0.967073,-0.03348112,0.03240454,-3.4294567,0.00025432027,-8.276916,2.1789032e-05,-10.734103,0.00024641573,-8.30849
B_RL_test_00004,severe_stress,ObservationPlanner,6,18,early,0.776933689900663,1.008353470396052,2121.113929313534,2103.542053046559,2725.081576561847,0.140064894447816,0,641.2934889559235,2,1.6,2,2,low,0.4602511534154351,1.0830413162393473,0.45980112852588634,0.7412130218716163,104,11,Imitation_128x128,505,0,0,0.30552748,0.0,0.0,True,-0.2,True,0.9225697,-0.080592394,0.06803687,-2.6877055,0.0006041229,-7.4117327,0.00061317376,-7.396862,0.008176211,-4.806526
B_RL_test_00005,severe_stress,MyopicEconomic,7,17,early,0.8025142906744749,0.1102030000105691,1470.0200355926197,13339.201613854762,1638.3929991407078,0.3418930605080054,0,636.3318377891824,2,1.6,2,0,low,-0.04444196082094837,1.1818582927166443,0.48676356778721747,0.6668066982541053,105,12,Imitation_128x128,505,0,0,0.19471657,0.0,0.0,True,-0.2,True,0.9540813,-0.047006607,0.044042304,-3.1226048,7.94905e-06,-11.742458,0.00014483933,-8.839886,0.0017236328,-6.3633213
B_RL_test_00006,severe_stress,PPO,5,19,early,0.8721603821264096,1.0998398072478652,3950.3923799281415,3591.7888713386624,5815.632777110655,0.02,1,684.1993287360234,2,1.6,2,2,high,0.9316380738118776,0.6386269675984682,0.5197144407917117,0.5755142980102315,106,7,Imitation_128x128,505,0,0,0.9176271,0.0,0.0,True,-0.2,True,0.5820316,-0.54123056,0.34395564,-1.0672426,0.05915658,-2.8275676,0.0019236124,-6.2535505,0.012932624,-4.3480024
B_RL_test_00007,severe_stress,ObservationPlanner,2,22,early,0.941153837414281,1.0,9600.0,9600.0,6575.139522683609,0.02,1,540.727184687694,1,0.0,2,1,high,-1.7014713346367327,1.0009109290001965,0.4410433472212441,0.6888284147284123,107,5,Imitation_128x128,505,0,0,0.15274507,0.0,0.0,True,-0.2,True,0.96788657,-0.032640457,0.029134193,-3.535843,0.002796926,-5.8792343,9.515159e-05,-9.260039,8.706779e-05,-9.348824
B_RL_test_00008,severe_stress,MyopicEconomic,3,21,early,0.46800086187321227,0.3932877923561791,4242.888278486691,10788.253184945392,4666.187714582823,0.3364305752596788,0,619.1106237784993,1,0.0,1,0,high,-0.39024726220835865,0.9356708536559166,0.4388010593340236,0.8167731441495508,108,6,Imitation_128x128,505,0,0,0.0055414266,0.0,0.0,True,-0.2,True,0.99935955,-0.00064086914,0.00059845566,-7.4211583,2.7075721e-05,-10.516873,1.03112225e-05,-11.482278,4.604771e-06,-12.288418
B_RL_test_00009,severe_stress,PPO,2,22,early,0.6161913093291045,0.5250073090912045,3060.6138934986757,5829.659588542955,3652.883738387161,0.3644789563273006,0,573.8508323546777,1,0.0,2,1,high,-0.11325674064309288,0.5753649050646394,0.44374303847723623,0.8737371263430239,109,5,Imitation_128x128,505,0,0,0.008597918,0.0,0.0,True,-0.2,True,0.9989415,-0.0010590553,0.000990848,-6.9169493,2.5625873e-06,-12.874493,5.5686272e-05,-9.795776,9.310443e-06,-11.584374
B_RL_test_00010,severe_stress,ObservationPlanner,1,23,early,0.9138404870515462,0.8336148063277276,1604.158451919865,1924.340162558492,1727.6845770750347,0.02,1,575.1760875918158,1,0.0,2,1,low,-0.4838409806239353,0.8413063321790891,0.4391246703190555,0.6872603844075084,110,4,Imitation_128x128,505,0,0,0.13205579,0.0,0.0,True,-0.2,True,0.97532594,-0.024983644,0.020234471,-3.9003677,0.0019003473,-6.2657185,0.0015750752,-6.453452,0.00096409855,-6.944317
B_RL_test_00011,severe_stress,MyopicEconomic,4,20,early,0.6259546933303869,0.44865801078481937,5072.576936786621,11306.110255143705,2986.8511662016085,0.2571121325345216,0,667.5995820019157,2,1.6,2,0,low,0.6701751736113165,1.1556843223065958,0.3527015341276848,0.6125902414428819,111,6,Imitation_128x128,505,0,0,0.017022984,0.0,0.0,True,-0.2,True,0.99761415,-0.0023889542,0.0023469883,-6.0546227,7.093501e-06,-11.856332,6.63664e-06,-11.922905,2.5151641e-05,-10.590588
B_RL_test_00012,severe_stress,PPO,7,17,early,0.5738788763763731,1.0160239515840837,1150.4354262240656,1132.2916398087082,1935.3231653427192,0.18718083873273306,0,719.5123947019736,2,1.6,1,2,low,0.9772288051966393,0.9509734753112715,0.46436674060322847,0.7302773060708184,112,9,Imitation_128x128,505,0,1,0.5326985,19.62120421677446,19.62120421677446,False,-0.2,False,0.8551602,-0.15646648,0.0741328,-2.6018972,0.0016318666,-6.4180307,0.0025538949,-5.9701357,0.06652127,-2.7102334
B_RL_test_00013,severe_stress,ObservationPlanner,2,22,early,0.9314582456168501,0.6919830412331085,2007.0177052663607,2900.385682414804,2408.1872813445257,0.2947446355756634,0,496.3313094061973,1,0.0,2,1,low,-1.736257804977541,1.0740468656905695,0.3667052714676963,0.6175553539035563,113,3,Imitation_128x128,505,0,0,0.0072496156,0.0,0.0,True,-0.2,True,0.99914074,-0.0008597374,0.0007571521,-7.1859465,1.13037984e-07,-15.995542,9.9727855e-05,-9.213065,2.2412482e-06,-13.008478
B_RL_test_00014,severe_stress,MyopicEconomic,1,23,early,0.5271408732435738,0.7017806288528439,6543.9437847632835,9324.771183069348,3885.4089210235634,0.42337198126547393,0,675.8104456583286,1,0.0,1,1,high,-0.6684220948261075,1.1138218846795502,0.3991183392656671,0.6578988792549979,114,2,Imitation_128x128,505,0,0,0.0015405355,0.0,0.0,True,-0.2,True,0.99984384,-0.00015640259,0.00015322202,-8.783623,5.604254e-08,-16.697155,2.669687e-06,-12.8335495,2.021257e-07,-15.414376
B_RL_test_00015,severe_stress,PPO,0,24,early,0.8827892318835304,0.7750439435362315,7010.115307667944,9044.797222314191,5056.69050475539,0.4,0,530.7452935881225,1,0.0,2,1,high,-1.857567923464245,1.5996820862393486,0.20504247408141998,0.6309168474085493,115,1,Imitation_128x128,505,0,0,0.0013810574,0.0,0.0,True,-0.2,True,0.99986136,-0.00013828278,0.00013646271,-8.899459,1.44158605e-08,-18.054935,2.0265668e-06,-13.109167,9.411158e-08,-16.178783
B_RL_test_00016,severe_stress,ObservationPlanner,2,22,early,0.9303009848476829,1.0,9600.0,9600.0,6088.8328922062965,0.02,1,576.6080377234201,1,0.0,2,1,high,-0.4401584506355456,1.0497642801219806,0.40754786971653073,0.5611451094235479,116,3,Imitation_128x128,505,0,0,0.25977197,0.0,0.0,True,-0.2,True,0.93526417,-0.06692624,0.059328835,-2.8246598,0.0051046843,-5.2775965,0.00012209735,-9.010692,0.0001802313,-8.621269
B_RL_test_00017,severe_stress,MyopicEconomic,6,18,early,0.7768153545458911,0.40930999507012233,6139.649926051834,14999.999999999998,5866.334776902437,0.1954478274580968,0,694.7630917863607,2,1.6,2,0,high,1.1733858159969814,0.7571982460402745,0.28812725488404634,0.8037034744292322,117,9,Imitation_128x128,505,0,0,0.02854384,0.0,0.0,True,-0.2,True,0.99560994,-0.0043997765,0.0043371,-5.4405494,3.0876752e-05,-10.385508,3.1173797e-06,-12.678518,1.904316e-05,-10.868802
B_RL_test_00018,severe_stress,PPO,6,18,early,0.9037274035148669,1.3043053922444858,2625.6889312815624,2013.0936718456728,3661.6467780397475,0.02,1,661.2703781829231,2,1.6,2,2,high,0.783350719956263,0.519994892666678,0.3439098168059432,0.6750775086741557,118,10,Imitation_128x128,505,0,2,1.2159439,44.98419754496899,44.98419754496899,False,-0.2,False,0.43462655,-0.83326817,0.29634652,-1.2162259,0.22181143,-1.5059278,0.004643419,-5.3723044,0.042572103,-3.1565561
B_RL_test_00019,severe_stress,ObservationPlanner,1,23,early,0.5225384016325821,0.8831844316605247,4188.129520917361,4742.078065215692,2842.7474317976203,0.33006626442034487,0,657.7004203308887,1,0.0,1,1,low,0.008801761928701954,1.281540519190883,0.5907284257417467,0.640373467956049,119,7,Imitation_128x128,505,0,0,0.017565299,0.0,0.0,True,-0.2,True,0.99754673,-0.0024561882,0.0023823949,-6.039649,3.9879646e-06,-12.43223,5.2544656e-05,-9.8538475,1.4244886e-05,-11.159112
B_RL_test_00020,severe_stress,MyopicEconomic,5,19,early,0.9903273726904043,0.7235343520892216,9364.720559533289,12943.021340303261,5857.857629745934,0.02,1,514.2749941083653,2,1.6,2,1,high,-1.4821096191035665,1.036690732347569,0.2978889158652708,0.5594487500561349,120,7,Imitation_128x128,505,0,0,0.08512863,0.0,0.0,True,-0.2,True,0.98410726,-0.016020298,0.015038048,-4.1971717,0.00080943963,-7.1191683,2.2899329e-05,-10.684402,2.2260841e-05,-10.712682
B_RL_test_00021,severe_stress,PPO,0,24,early,0.952856086691239,0.6390721954551879,1575.6809170081594,2465.5757647003547,2983.166026826811,0.4,1,437.37277351007333,1,0.0,2,1,low,-2.4253689918491133,0.8437459054517884,0.339367546935539,0.6145889537406355,121,3,Imitation_128x128,505,0,0,0.020563392,0.0,0.0,True,-0.2,True,0.99704057,-0.0029640198,0.0028852455,-5.8481455,3.097284e-06,-12.684985,6.6963796e-05,-9.611359,4.192072e-06,-12.382316
B_RL_test_00022,severe_stress,ObservationPlanner,6,18,early,0.8420111540845878,1.2249999999999999,1778.1684954270095,1451.5661187159262,3270.993987484063,0.02,1,656.6347725637011,2,1.6,2,2,high,0.5250911873728785,1.0225740464416466,0.5763159361893628,0.6742307684177278,122,9,Imitation_128x128,505,2,2,1.2668171,0.0,0.0,True,0.0,True,0.34258306,-1.0712411,0.21972035,-1.5153997,0.37169266,-0.989688,0.005783197,-5.1527987,0.06022067,-2.8097396
B_RL_test_00023,severe_stress,MyopicEconomic,2,22,early,0.8311454201682336,0.5229275424069387,7843.913136104081,15000.0,6830.231827298405,0.20253138521525418,0,597.884195380762,1,0.0,2,1,high,0.24134772804040389,1.3810949496954836,0.24254573603279125,0.7506369767835125,123,5,Imitation_128x128,505,0,0,0.0030480947,0.0,0.0,True,-0.2,True,0.99966455,-0.00033569336,0.00033064032,-8.01448,3.2767325e-06,-12.628664,1.1660652e-06,-13.661876,3.564634e-07,-14.847034
B_RL_test_00024,severe_stress,PPO,2,22,early,0.8642852064172054,0.6675057313785617,2305.939145833296,3454.5608186329287,2026.5878802852524,0.06325948422561593,0,590.1525426782189,1,0.0,2,1,low,-2.0101277777033815,1.478343626097419,0.4308653496981941,0.530824615742716,124,3,Imitation_128x128,505,0,0,0.043114264,0.0,0.0,True,-0.2,True,0.99336255,-0.0066595078,0.0057235085,-5.163173,4.038604e-05,-10.117026,0.0007318845,-7.2198877,0.00014158155,-8.862635
B_RL_test_00025,severe_stress,ObservationPlanner,1,23,early,0.9230822556998987,0.7019633566330249,2407.255806884243,3429.3183314164326,2132.473316032242,0.02,1,572.8295723806025,1,0.0,2,1,low,-1.0508383580584602,0.7887385917443512,0.307348428917548,0.5336745085892886,125,4,Imitation_128x128,505,0,0,0.07225999,0.0,0.0,True,-0.2,True,0.9875465,-0.012531757,0.011229726,-4.489191,0.00046899213,-7.6649246,0.0005386763,-7.526396,0.00021596631,-8.440388
B_RL_test_00026,severe_stress,MyopicEconomic,3,21,early,0.6771584225464135,0.4334220552491781,6501.330828737671,15000.0,6516.058797860334,0.21084889268126272,0,618.5060310757419,1,0.0,2,0,high,-0.8487921202430904,0.9644137800497737,0.41649155616272776,0.8018488833642444,126,6,Imitation_128x128,505,0,0,0.022053769,0.0,0.0,True,-0.2,True,0.99706995,-0.0029344559,0.0018354984,-6.3004394,0.0010769268,-6.833644,7.0192405e-06,-11.866856,1.0544084e-05,-11.459946
B_RL_test_00027,severe_stress,PPO,7,17,early,0.9794303532191574,1.5006249999999994,2233.663407376808,1488.4887346117844,3613.5546788692905,0.02,2,531.7483152393892,2,1.6,2,2,high,-0.4425082286603216,0.8392601629979316,0.5331463867747503,0.7045610005896411,127,8,Imitation_128x128,505,0,0,1.1813463,0.0,0.0,True,-0.2,True,0.45517296,-0.78707784,0.22587207,-1.4877865,0.28508413,-1.254971,0.0052500665,-5.2495146,0.028620852,-3.5536199
B_RL_test_00028,severe_stress,ObservationPlanner,0,24,early,0.7918132670670824,0.315123682209895,1480.0754024988344,4696.8079076741615,2278.444071317703,0.4,0,476.49642618302425,1,0.0,2,0,low,-2.0485506467438626,0.6815482883078391,0.3819575070249458,0.8591634595862108,128,4,Imitation_128x128,505,0,0,0.0030163387,0.0,0.0,True,-0.2,True,0.9996923,-0.00030755997,0.00016022334,-8.738941,2.570358e-08,-17.476635,0.0001464761,-8.828648,1.0971421e-06,-13.722801
B_RL_test_00029,severe_stress,MyopicEconomic,4,20,early,0.8033574653262319,0.2934697064267671,2863.7622568244174,9758.289166173427,2106.395876993439,0.1911581694323644,0,707.929516947412,2,1.6,2,0,low,1.4081782222310821,1.1454430642322595,0.1524521085135705,0.686066795455444,129,11,Imitation_128x128,505,0,0,0.009979423,0.0,0.0,True,-0.2,True,0.99874425,-0.0012564659,0.0011814282,-6.741031,1.6891805e-06,-13.291267,2.3331499e-05,-10.665707,4.9328573e-05,-9.917007
B_RL_test_00030,severe_stress,PPO,2,22,early,0.3930271272446514,0.7230964992230754,2537.3396605380967,3508.9917642587384,3972.151885512717,0.38976284638487163,0,683.7439944050008,1,0.0,1,1,high,0.36049063728598935,0.6978249320066493,0.4584913795995479,0.7048195239783651,130,7,Imitation_128x128,505,0,0,0.026171252,0.0,0.0,True,-0.2,True,0.9961727,-0.0038347244,0.0035894944,-5.629744,9.032932e-06,-11.614634,0.00017816067,-8.632825,5.0579132e-05,-9.891972
B_RL_test_00031,severe_stress,ObservationPlanner,5,19,early,0.9546987231828551,1.225,1090.0667715457148,889.8504257516039,1181.8525818604196,0.02,1,601.2917641619872,2,1.6,2,2,low,-0.4494291645959675,1.2133114246152,0.5382540007993669,0.5509989301790695,131,6,Imitation_128x128,505,0,0,1.1638168,0.0,0.0,True,-0.2,True,0.5323285,-0.6304946,0.18144089,-1.7068254,0.23250239,-1.4588549,0.0077792895,-4.8562903,0.04594889,-3.0802257
B_RL_test_00032,severe_stress,MyopicEconomic,0,24,early,0.6821034197939189,0.6964197399644306,8738.828413024821,12548.220435955986,6254.032431135801,0.4,0,655.121411864739,1,0.0,2,1,high,0.07233569176205216,1.0330987645795806,0.5532516681278125,0.8240805632894571,132,9,Imitation_128x128,505,0,0,0.0007951844,0.0,0.0,True,-0.2,True,0.9999249,-7.534027e-05,7.4300944e-05,-9.507387,1.5969e-08,-17.952618,8.7672646e-07,-13.947071,5.5520836e-08,-16.706509
B_RL_test_00033,severe_stress,PPO,3,21,early,0.8656298298742936,1.2249999999999999,3366.5276172647314,2748.1858100120257,1736.8128697309855,0.02,1,642.2010355136549,1,0.0,2,2,low,-0.569740014719955,0.9772691096688223,0.5020581483713409,0.5604406923181983,133,5,Imitation_128x128,505,0,0,0.6663964,0.0,0.0,True,-0.2,True,0.7581589,-0.27686214,0.21384764,-1.5424914,0.014399427,-4.2405667,0.002974688,-5.817616,0.010619249,-4.545087
B_RL_test_00034,severe_stress,ObservationPlanner,6,18,early,0.9599025264082925,1.2469872232469077,819.9497895790572,657.5446598755602,2245.722265453572,0.07882788984505502,0,552.4497873515605,2,1.6,2,2,low,-0.5568992969228953,1.1557145411930765,0.33555444694239067,0.7880201275407003,134,8,Imitation_128x128,505,0,2,0.4063678,22.245915802534,22.245915802534,False,-0.2,False,0.88832545,-0.118417025,0.09588802,-2.3445742,0.002367272,-6.046017,0.0012667155,-6.6713276,0.012152475,-4.4102225
B_RL_test_00035,severe_stress,MyopicEconomic,1,23,early,0.7399868189734163,0.3399015402607635,1845.2331416834586,5428.728390780001,2727.8239958769,0.28400901187449423,0,533.8944637613272,1,0.0,2,0,low,-1.6769227877276522,1.0197454526672802,0.36430119712109293,0.39029351173850463,135,4,Imitation_128x128,505,0,0,0.004678064,0.0,0.0,True,-0.2,True,0.99949396,-0.0005059242,0.0003560987,-7.9403024,4.984221e-07,-14.511818,0.00014478726,-8.840245,4.7015114e-06,-12.267627
B_RL_test_00036,severe_stress,PPO,16,8,late,0.3118847260717725,1.0,500.0,500.0,2454.9755549353904,0.1270905630381849,0,761.0107431952268,2,1.6,1,1,low,0.7987720270045131,0.8271682697862274,0.4029096007715378,0.7093812837974224,136,24,Imitation_128x128,505,4,2,0.74671274,51.953122851331074,51.953122851331074,False,0.2,False,0.13136539,-2.0297725,0.02286839,-3.7779996,0.061529644,-2.7882361,0.005248833,-5.2497497,0.7789877,-0.24975991
B_RL_test_00037,severe_stress,ObservationPlanner,4,20,early,0.9438664663311256,1.1266676831828484,2337.657878664597,2074.842399012181,2671.2774125862343,0.09866585345372143,0,646.0207764191298,2,1.6,2,2,low,-1.2539493473761563,1.107970464256297,0.20714979550495394,0.5822403131144498,137,5,Imitation_128x128,505,0,0,0.2152705,0.0,0.0,True,-0.2,True,0.948358,-0.0530231,0.04904725,-3.014971,0.0002086846,-8.474687,0.00031669834,-8.057561,0.0020692688,-6.18056
B_RL_test_00038,severe_stress,MyopicEconomic,4,20,early,0.9109789387204008,0.798495095201021,8951.99355393873,11211.081455278152,4927.59608061142,0.19084067555623632,0,652.9248733731681,2,1.6,2,1,high,0.4441157710907515,0.9390821754564493,0.4005351522638762,0.7348842428889295,138,9,Imitation_128x128,505,0,0,0.013930154,0.0,0.0,True,-0.2,True,0.99809676,-0.0019049644,0.0018875063,-6.2724986,6.8647682e-06,-11.889109,3.1812658e-06,-12.658232,5.584712e-06,-12.095478
B_RL_test_00039,severe_stress,PPO,4,20,early,0.9784827512079856,1.069466509324007,2537.483680772115,2372.663060179433,2137.0096661463617,0.02,1,566.7124163652842,2,1.6,2,2,low,-0.9910608771563214,1.0687565486503725,0.32931114337766065,0.480487284890949,139,6,Imitation_128x128,505,0,1,0.8727374,5.246628571728934,5.246628571728934,False,-0.2,False,0.71119267,-0.34081197,0.14664823,-1.9197186,0.12070756,-2.1143847,0.004633312,-5.374483,0.016818192,-4.0852942
B_RL_test_00040,severe_stress,ObservationPlanner,4,20,early,0.28512415317950746,0.7535326114404304,1839.2176910013982,2440.7937534191183,2159.6985599955833,0.5363117668805257,0,714.8132690760597,2,1.6,1,1,low,0.3911514500331968,1.2544957364432432,0.6953851683896436,0.6634477604756893,140,10,Imitation_128x128,505,0,0,0.44358492,0.0,0.0,True,-0.2,True,0.85205644,-0.16010237,0.14265597,-1.9473193,9.347728e-06,-11.580378,0.00046929048,-7.6642885,0.0048089977,-5.3372664
B_RL_test_00041,severe_stress,MyopicEconomic,6,18,early,0.20086797113615712,0.12716522241927988,1907.478336289198,15000.0,3748.9872853351985,0.3683525844882146,0,758.9756291691266,2,1.6,1,0,high,1.3455774008055212,0.8534561755749168,0.47756049876243367,0.5444764634918892,141,24,Imitation_128x128,505,1,1,0.6747747,0.0,0.0,True,-0.1,True,0.15675536,-1.853069,0.78389853,-0.24347568,0.008959533,-4.715037,8.610819e-05,-9.359906,0.050300516,-2.98974
B_RL_test_00042,severe_stress,PPO,6,18,early,0.9623827095974269,1.6679803131757132,4171.528143637945,2500.9456710527106,3773.2694503359917,0.019724329481097452,2,669.1783429313944,2,1.6,2,2,high,0.22909678781778126,0.879346771579291,0.2553585836990128,0.47150706749456744,142,7,Imitation_128x128,505,0,0,0.93317294,0.0,0.0,True,-0.2,True,0.59104675,-0.5258602,0.32702515,-1.1177182,0.0637439,-2.752882,0.0032230502,-5.737427,0.014961257,-4.2022915
B_RL_test_00043,severe_stress,ObservationPlanner,3,21,early,0.8794035173799283,1.295281415043853,4009.8569232642403,3095.741880252704,4615.157409787453,0.04164321112005153,2,557.8206986773903,1,0.0,2,2,high,-0.4983394640877816,1.1813366229036073,0.33760433114928884,0.7006270214394502,143,5,Imitation_128x128,505,0,0,0.44779673,0.0,0.0,True,-0.2,True,0.88090366,-0.12680697,0.09113649,-2.395397,0.02216503,-3.8092394,0.0016976064,-6.378536,0.004097106,-5.4974747
B_RL_test_00044,severe_stress,MyopicEconomic,1,23,early,0.3804055255840845,0.4356105149118464,1917.2409136349572,4401.273265919546,1396.0437312022414,0.27772017904346236,0,763.689211874541,1,0.0,1,0,low,0.09031488076551453,1.5566656761988789,0.21693195513352462,0.675601763777255,144,6,Imitation_128x128,505,0,0,0.015200498,0.0,0.0,True,-0.2,True,0.9980902,-0.0019116402,0.0005516752,-7.502551,3.8661696e-07,-14.765831,0.0013166254,-6.6326833,4.1097624e-05,-10.09956
B_RL_test_00045,severe_stress,PPO,1,23,early,0.5252960888755148,0.678798280687371,2547.8616237063934,3753.4886227560182,3463.9678318351735,0.3321768339442812,0,589.1816032979989,1,0.0,1,1,high,-0.7434848889073253,0.7769566157120102,0.4900627923832935,0.6806089276604373,145,5,Imitation_128x128,505,0,0,0.022399845,0.0,0.0,True,-0.2,True,0.99688417,-0.0031208992,0.002796257,-5.8794737,6.094039e-05,-9.705615,0.00021292693,-8.454561,4.567612e-05,-9.993935
B_RL_test_00046,severe_stress,ObservationPlanner,3,21,early,0.30996818945811205,0.6254466564642434,4524.096955008408,7233.3857863816875,5497.876932608729,0.3959841218584353,0,678.2001978321048,1,0.0,1,1,high,0.04468770119945725,1.1100338854838319,0.466752765563234,0.8465379303694447,146,10,Imitation_128x128,505,0,0,0.012377413,0.0,0.0,True,-0.2,True,0.9983713,-0.0016298294,0.0015740795,-6.4540844,2.907685e-05,-10.445568,1.6300588e-05,-11.024309,9.283438e-06,-11.587278
B_RL_test_00047,severe_stress,MyopicEconomic,8,16,middle,0.9967577336578811,1.0,13500.0,13500.0,5426.792941577646,0.013091152856206597,5,584.0432940268033,2,1.6,2,1,high,0.6794578365423228,1.2605601452914865,0.39418557739057486,0.663345949117258,147,9,Imitation_128x128,505,0,1,0.59416956,72.45552604368004,72.45552604368004,False,-0.2,False,0.8222682,-0.19568872,0.11007336,-2.2066083,0.06614219,-2.7159486,0.00041526632,-7.7865906,0.0011010679,-6.811475
B_RL_test_00048,severe_stress,PPO,3,21,early,0.22787425817632054,1.0,3496.625410377927,3496.625410377927,4282.18936652522,0.2394748583802661,0,739.214628121166,1,0.0,1,1,high,0.8746453651728925,1.2289568893253286,0.34581064897313346,0.5645890100507188,148,9,Imitation_128x128,505,0,0,1.0010406,0.0,0.0,True,-0.2,True,0.6166453,-0.48346126,0.24782062,-1.39505,0.0992118,-2.3104982,0.0019311577,-6.2496357,0.034391105,-3.3699574
B_RL_test_00049,severe_stress,ObservationPlanner,1,23,early,0.6731811649547996,0.9726606164077489,3588.890871328263,3689.7668218364097,1771.293887873303,0.2761134340909944,0,669.7600350697134,1,0.0,2,1,low,0.2671931472578545,0.946027321721571,0.49805137706200514,0.8348476688154185,149,6,Imitation_128x128,505,0,0,0.012658098,0.0,0.0,True,-0.2,True,0.99834347,-0.0016579628,0.0015592363,-6.463559,4.3035902e-07,-14.658647,9.0131245e-05,-9.314244,6.61138e-06,-11.926719
B_RL_test_00050,severe_stress,MyopicEconomic,2,22,early,0.5673679412873048,0.35772344139632345,3206.7755748600625,8964.398761073253,2779.934063955163,0.26209743594497137,0,655.6670458752743,1,0.0,1,0,low,-0.44078875144303553,0.8380510296018817,0.3871942516794568,0.6034522769722803,150,11,Imitation_128x128,505,0,0,0.0045326287,0.0,0.0,True,-0.2,True,0.99949956,-0.000500679,0.0004381565,-7.7329345,2.1565008e-06,-13.047024,4.7949146e-05,-9.94537,1.2289721e-05,-11.306747
B_RL_test_00051,severe_stress,PPO,3,21,early,0.9551168147487235,1.5006249999999999,5941.556651718679,3959.3880228029516,2763.0243702744724,0.02,3,599.6707598627692,1,0.0,2,2,low,-1.1207786885627906,1.002766217469849,0.3503577515463789,0.617426829756258,151,4,Imitation_128x128,505,0,0,0.26470247,0.0,0.0,True,-0.2,True,0.93765956,-0.06436825,0.05403147,-2.9181886,0.005756531,-5.15742,0.0010987401,-6.813591,0.0014536604,-6.5336704
B_RL_test_00052,severe_stress,ObservationPlanner,7,17,early,0.8423116195140266,1.0028847891375086,525.1376631518262,523.627109354655,1764.5634784849206,0.17445580730668783,0,621.9663069438811,2,1.6,2,2,low,-0.23877457474671135,0.7227125995562862,0.4726893086707423,0.6581244204937098,152,12,Imitation_128x128,505,0,0,0.30926582,0.0,0.0,True,-0.04512201,True,0.92712975,-0.07566166,0.05521265,-2.896563,0.00044039747,-7.727833,0.0018407322,-6.2975917,0.0153763965,-4.1749215
B_RL_test_00053,severe_stress,MyopicEconomic,10,14,middle,0.9750360126947729,0.21997445309370525,3299.6167964055785,14999.999999999998,1790.0019683562887,0.09487484313454006,0,548.0169029670456,2,1.6,2,0,low,-0.3870103738071509,1.0471457565478777,0.4977787279614221,0.8372278510245246,153,13,Imitation_128x128,505,0,0,0.054072432,0.0,0.0,True,-0.2,True,0.99188435,-0.00814867,0.0056375987,-5.178297,0.0015121069,-6.4942513,7.803585e-05,-9.458342,0.0008878466,-7.0267115
B_RL_test_00054,severe_stress,PPO,4,20,early,0.9526443675344505,1.2245366026332696,5415.3743154517815,4422.386643083143,4963.6253396735765,0.13322072171365323,0,603.5576050324527,2,1.6,2,2,high,-1.255506772438249,0.9360305659296442,0.363464744617099,0.5373903131399516,154,5,Imitation_128x128,505,0,1,0.19838366,50.931026764490525,50.931026764490525,False,-0.2,False,0.9512424,-0.049986362,0.0482025,-3.0323443,0.0001763883,-8.642822,5.650627e-05,-9.781159,0.00032222015,-8.040276
B_RL_test_00055,severe_stress,ObservationPlanner,4,20,early,0.9926894715730625,1.4555291881444832,7864.4011408301085,5403.1215621692145,4714.023653189749,0.017926995087853816,3,612.5651531578951,2,1.6,2,2,high,-0.5512478562946606,1.0949289310713148,0.2282812754865429,0.5039575619771754,155,5,Imitation_128x128,505,0,0,0.5221179,0.0,0.0,True,-0.2,True,0.8200649,-0.19837189,0.16813228,-1.7830044,0.009513146,-4.655081,0.0007606695,-7.1813116,0.0015289548,-6.483171
B_RL_test_00056,severe_stress,MyopicEconomic,1,23,early,0.5035782277571821,0.36165326586457647,2805.064307796412,7756.225568959157,2150.277309475043,0.30578845198468124,0,667.7641115927946,1,0.0,1,0,low,0.491521608931922,0.7981409760756403,0.40301955099779874,0.725467639639309,156,7,Imitation_128x128,505,0,0,0.0040907357,0.0,0.0,True,-0.2,True,0.99956447,-0.00043582916,0.00031828377,-8.0525675,3.948758e-07,-14.744695,0.000109247914,-9.121891,7.613053e-06,-11.785646
B_RL_test_00057,severe_stress,PPO,5,19,early,0.909841616476469,1.4153390976028188,4749.889655171302,3356.0082267325633,3261.7861913498973,0.06668605580810198,0,714.5335659902294,2,1.6,2,2,high,0.29734423011214695,1.2126248846903505,0.3002933541740706,0.833479734810448,157,6,Imitation_128x128,505,0,1,0.3381503,11.318199145885046,11.318199145885046,False,-0.2,False,0.9004768,-0.10483074,0.09682575,-2.3348422,0.0003357375,-7.999181,0.00021070796,-8.465037,0.0021508962,-6.1418705
B_RL_test_00058,severe_stress,ObservationPlanner,5,19,early,0.04835967530168532,0.26907861031756075,859.117241974016,3192.8113533814685,2912.9931262002365,0.540473495081097,0,797.0411241109779,2,1.6,0,0,low,2.782688012161225,0.6915874271637731,0.4819950280080346,0.698112208087694,158,24,Imitation_128x128,505,1,0,0.880452,3.809456609712356,3.809456609712356,False,-0.1,False,0.06603655,-2.717547,0.5821795,-0.5409765,0.00012052056,-9.02369,0.0030348592,-5.7975903,0.34862852,-1.0537484
B_RL_test_00059,severe_stress,MyopicEconomic,9,15,middle,0.7111854071180429,0.14119385208636528,2117.9077812954793,15000.0,1820.7155674506828,0.2505661397389287,0,726.7811467964113,2,1.6,2,0,low,0.971453190840694,1.533171519635366,0.4781722323867211,0.6056363128937179,159,24,Imitation_128x128,505,0,0,0.43000314,0.0,0.0,True,-0.2,True,0.8637824,-0.1464343,0.12816085,-2.054469,8.831673e-05,-9.33458,0.00018623157,-8.588519,0.0077821156,-4.855927
B_RL_test_00060,severe_stress,PPO,3,21,early,0.8255024590965289,0.8644525884552394,1439.0777459067222,1664.7272101739288,1549.1050055627006,0.2061728985927113,0,625.262744109826,1,0.0,2,1,low,0.4676162543727831,0.8860136480030804,0.311185290065238,0.9046832844889655,160,4,Imitation_128x128,505,0,0,0.061845005,0.0,0.0,True,-0.2,True,0.9898982,-0.010153294,0.008241535,-4.7985687,4.2844604e-06,-12.360516,0.0017058473,-6.3736935,0.00015005989,-8.804476
B_RL_test_00061,severe_stress,ObservationPlanner,3,21,early,0.9328907340488062,1.2249999999999999,6703.528982123979,5472.268556835902,6488.154144764619,0.02,2,559.1334385848705,1,0.0,2,2,high,-0.6019120795535214,1.250066022412253,0.32570285665920384,0.6690632347612712,161,4,Imitation_128x128,505,0,0,0.39924616,0.0,0.0,True,-0.2,True,0.8857168,-0.12135792,0.102437876,-2.2784986,0.010195846,-4.585775,0.0005203561,-7.560997,0.0011291235,-6.7863135
B_RL_test_00062,severe_stress,MyopicEconomic,8,16,middle,0.9487828627568947,0.2782140346366669,4173.2105195500035,15000.0,4276.697932838302,0.11480102279632093,0,619.752387353713,2,1.6,2,0,high,-0.5197297972949666,1.0463883656689934,0.3776908173523991,0.815325111799893,162,13,Imitation_128x128,505,0,0,0.028058227,0.0,0.0,True,-0.2,True,0.99574476,-0.0042643547,0.004151256,-5.4843445,3.5131114e-05,-10.256424,8.036589e-06,-11.731506,6.0829883e-05,-9.707429
B_RL_test_00063,severe_stress,PPO,1,23,early,0.791088375339115,0.2913549668642458,2032.3377743425297,6975.469806524627,3403.9167794934497,0.25531621104206104,0,570.2152423770772,1,0.0,2,0,high,-1.4160968264962555,1.271300483920626,0.2624403200649598,0.5443897374113016,163,5,Imitation_128x128,505,0,0,0.0026289942,0.0,0.0,True,-0.2,True,0.9997304,-0.000269413,0.00021707261,-8.435279,1.5355957e-07,-15.6891775,5.016137e-05,-9.900266,2.2754546e-06,-12.99333
B_RL_test_00064,severe_stress,ObservationPlanner,2,22,early,0.6826351159490309,0.5427171272258478,2780.316275530237,5122.95657544861,4374.566437472475,0.3872400641215184,0,558.572914503709,1,0.0,2,1,high,-0.2311648484074592,0.750470788967369,0.44116609633456183,0.7340685337223977,164,4,Imitation_128x128,505,0,0,0.0062555647,0.0,0.0,True,-0.2,True,0.99925905,-0.00074100494,0.0006999879,-7.264447,7.86753e-07,-14.055351,3.686625e-05,-10.208214,3.3892034e-06,-12.594915
B_RL_test_00065,severe_stress,MyopicEconomic,6,18,early,0.6599472970753796,0.22131611208056978,3319.7416812085467,15000.0,2423.8621118241194,0.25542319236921396,0,672.2526521897478,2,1.6,2,0,low,0.9543120520827897,1.2376231953811616,0.4808156757682948,0.8043152589284366,165,24,Imitation_128x128,505,0,0,0.20685896,0.0,0.0,True,-0.2,True,0.9486388,-0.052727222,0.050592136,-2.9839592,7.254221e-05,-9.5313425,2.878779e-05,-10.455559,0.00066779193,-7.311534
B_RL_test_00066,severe_stress,PPO,1,23,early,0.5047986667626899,0.6743000935655893,1820.468055960117,2699.7891196096057,1542.9255502075714,0.3062788872447605,0,699.3341725819399,1,0.0,1,1,low,0.10872647247335987,1.0882603901869417,0.24807577802657751,0.678805264804511,166,5,Imitation_128x128,505,0,0,0.02480204,0.0,0.0,True,-0.2,True,0.9966732,-0.003332138,0.002021024,-6.2041507,7.150602e-07,-14.150899,0.0012379595,-6.6942906,6.7109984e-05,-9.609178
B_RL_test_00067,severe_stress,ObservationPlanner,0,24,early,0.19322683130217108,0.5790157421144024,5082.440998150891,8777.725074608934,3890.760815916193,0.4,0,851.5288424890562,1,0.0,0,1,high,1.7860277180715896,1.4976221550110438,0.3431977762345563,0.6947477889754374,167,6,Imitation_128x128,505,0,0,0.0034568475,0.0,0.0,True,-0.2,True,0.999616,-0.0003838539,0.00037353774,-7.8924913,3.4993607e-07,-14.865515,8.863267e-06,-11.633595,1.2256957e-06,-13.612002
B_RL_test_00068,severe_stress,MyopicEconomic,3,21,early,0.4693760380215134,0.4605324635086656,5414.273732894595,11756.551735017301,2978.2013228422875,0.2908618117124857,0,666.9668850637144,1,0.0,1,0,low,0.11732619098720778,0.9121918234253104,0.44108451528192855,0.739356466273892,168,8,Imitation_128x128,505,0,0,0.005670903,0.0,0.0,True,-0.2,True,0.9993394,-0.0006608963,0.00062547374,-7.3770013,1.7027542e-05,-10.980679,1.1400569e-05,-11.381847,6.678887e-06,-11.916559
B_RL_test_00069,severe_stress,PPO,1,23,early,0.960812023620709,0.6728979002668548,2168.0837102651412,3222.0099206808827,4198.773867629622,0.2488485489978257,0,483.07543703213923,1,0.0,2,1,high,-1.4919352173107752,1.3055222135338365,0.41763881714870493,0.7592059164002953,169,5,Imitation_128x128,505,0,0,0.0066905026,0.0,0.0,True,-0.2,True,0.99919564,-0.0008049011,0.0007685631,-7.170988,2.6074497e-07,-15.159723,3.420711e-05,-10.283077,1.425167e-06,-13.461222
B_RL_test_00070,severe_stress,ObservationPlanner,9,15,middle,0.21281686594409158,0.9943826913766872,1211.372964191225,1218.2160597688226,1427.3895968193285,0.22774283708102405,0,911.6582113977641,2,1.6,1,1,low,2.389651181165024,1.299545799569939,0.4153647449400546,0.7062253508358912,170,11,Imitation_128x128,505,4,1,0.95434254,82.72933818768631,82.72933818768631,False,0.2,False,0.412072,-0.88655734,0.07943608,-2.5328028,0.0019817,-6.2238,0.0056351805,-5.178726,0.50087506,-0.69139874
B_RL_test_00071,severe_stress,MyopicEconomic,2,22,early,0.5740328841145435,0.5951739887626244,7605.021920581621,12777.812982708761,3069.135714804417,0.271378619155672,0,701.5061995753122,1,0.0,1,1,high,0.09105636204004242,1.0313146161355393,0.4853300622396656,0.5238168952882202,171,8,Imitation_128x128,505,0,0,0.0023968585,0.0,0.0,True,-0.2,True,0.999744,-0.00025606155,0.00025224133,-8.285124,7.2515985e-07,-14.136874,2.4537599e-06,-12.91789,6.351456e-07,-14.269411
B_RL_test_00072,severe_stress,PPO,2,22,early,0.948240488185595,1.2094007530851858,4591.594991371415,3796.5868465504414,1964.8516910922142,0.032479397531851285,3,655.9010008173161,1,0.0,2,2,low,0.386536536410366,0.930225005718882,0.29112376646152666,0.6081968729634402,172,3,Imitation_128x128,505,0,0,0.22356841,0.0,0.0,True,-0.2,True,0.94604474,-0.05546546,0.051270064,-2.9706483,0.0011409458,-6.775898,0.0008470893,-7.0737047,0.0006971576,-7.268499
B_RL_test_00073,severe_stress,ObservationPlanner,0,24,early,0.3919982683599533,0.39116388027494386,3070.9806700840295,7850.879963470754,5150.7503186470285,0.4,0,693.6695826171782,1,0.0,1,0,high,0.45941812709734065,1.1789910139310849,0.28356995023331066,0.6877866114164769,173,7,Imitation_128x128,505,0,0,0.0033161833,0.0,0.0,True,-0.2,True,0.99963903,-0.00036096573,0.0003405547,-7.984935,2.0760897e-06,-13.085025,1.4842302e-05,-11.118029,3.4903503e-06,-12.565508
B_RL_test_00074,severe_stress,MyopicEconomic,17,7,late,0.22671624846750546,0.1250352829349012,1470.5649696539601,11761.2,3054.5463995179625,0.368099186936185,0,743.4137697409599,2,1.6,1,0,high,1.5965306398868033,0.7644284406291425,0.5561785363345491,0.7034210583296641,174,24,Imitation_128x128,505,4,3,0.612197,8.018704699779732,8.018704699779732,False,0.2,False,0.013651016,-4.2939415,0.2189371,-1.5189707,0.0019394985,-6.245326,0.0005218944,-7.5580454,0.7649505,-0.2679441
B_RL_test_00075,severe_stress,PPO,0,24,early,0.7382116592789666,0.44562027441056534,3119.864841394645,7001.17346662779,2564.9616727005878,0.4,0,584.3411001869044,1,0.0,2,0,low,-1.9380212781880286,0.5667805381576572,0.34706457120354495,0.4642840454103798,175,4,Imitation_128x128,505,0,0,0.0018069796,0.0,0.0,True,-0.2,True,0.99982005,-0.00018024445,0.00015479578,-8.773404,2.0941389e-08,-17.681538,2.4502646e-05,-10.61673,5.683756e-07,-14.380484
B_RL_test_00076,severe_stress,ObservationPlanner,5,19,early,0.9861656369292241,1.1911753786479151,2914.2037272593307,2446.494260624492,1925.3084133675156,0.02,2,551.460830049257,2,1.6,2,2,low,-0.9456056299759363,0.9330307037393054,0.3516778080616225,0.7294508559928045,176,6,Imitation_128x128,505,0,2,0.8323258,3.9271038647229943,3.9271038647229943,False,-0.2,False,0.73345,-0.30999577,0.12592003,-2.0721083,0.12106532,-2.111425,0.00532274,-5.235767,0.014241952,-4.251563
B_RL_test_00077,severe_stress,MyopicEconomic,7,17,early,0.8133018746959686,0.21092219713511243,3163.8329570266865,15000.0,2650.88745591375,0.02,2,702.6792521180745,2,1.6,2,0,low,0.31858297831781607,0.8479897153648971,0.4532158731317911,0.56086922159226,177,8,Imitation_128x128,505,0,0,0.3951886,0.0,0.0,True,-0.2,True,0.89539623,-0.11048889,0.018702151,-3.9791167,0.08373703,-2.480074,0.00030757516,-8.086791,0.0018569228,-6.2888346
B_RL_test_00078,severe_stress,PPO,0,24,early,0.6781150053141439,0.4063975228559522,3469.876303432505,8538.133498078443,3593.4336285579748,0.4,0,602.921827198942,1,0.0,2,0,high,-0.8075015401694254,1.0321185311846846,0.18971493676975942,0.6519106372702784,178,4,Imitation_128x128,505,0,0,0.0011990076,0.0,0.0,True,-0.2,True,0.99988425,-0.00011539459,0.00010646239,-9.147718,2.5882338e-08,-17.469706,9.0844605e-06,-11.608945,2.5175095e-07,-15.194825
B_RL_test_00079,severe_stress,ObservationPlanner,0,24,early,0.6107559122745796,0.35881894687930105,1990.6102300783075,5547.673129835883,2877.475817049848,0.4,0,606.0929451374526,1,0.0,2,0,low,-0.2263729641847368,0.7787968829600019,0.42086284106403515,0.720814474587929,179,1,Imitation_128x128,505,0,0,0.0023259153,0.0,0.0,True,-0.2,True,0.9997688,-0.00023126602,0.00014798412,-8.818406,2.530359e-08,-17.49232,8.166787e-05,-9.412849,1.5349791e-06,-13.386993
B_RL_test_00080,severe_stress,MyopicEconomic,0,24,early,0.7354091066480801,0.5930537031491864,2010.1037233788988,3389.4126496555145,1826.9041858791115,0.4,0,595.0018162256957,1,0.0,2,1,low,-1.0123921144009338,1.1258003834783963,0.39749000470481033,0.5241669124696455,180,2,Imitation_128x128,505,0,0,0.0038820566,0.0,0.0,True,-0.2,True,0.99958915,-0.00041103363,0.00027670563,-8.192556,1.24482495e-08,-18.201687,0.00013286994,-8.92614,1.3322331e-06,-13.528654
B_RL_test_00081,severe_stress,PPO,7,17,early,0.8637487281169084,1.1574111765469668,607.5133096616789,524.8897902248887,1080.4656295288282,0.13589993967529646,0,646.2908866331807,2,1.6,2,2,low,0.4670964360920484,1.0318299041662726,0.39611149708091536,0.7766966329528985,181,15,Imitation_128x128,505,0,0,0.3559729,0.0,0.0,True,-0.04741908,True,0.9120689,-0.09203982,0.066576734,-2.7094002,0.0004470975,-7.712734,0.0023422593,-6.0566397,0.018564902,-3.9864826
B_RL_test_00082,severe_stress,ObservationPlanner,2,22,early,0.9544134655698913,1.0,500.00000000000006,500.00000000000006,1244.384148533584,0.02,1,491.3351177864671,1,0.0,2,1,low,-1.8132668856006082,0.8977841514156312,0.379017546862315,0.6711371551218738,182,5,Imitation_128x128,505,0,2,0.40265596,-29.274250616486597,0.0,False,-0.0,True,0.90227145,-0.10283995,0.07183286,-2.6334133,0.013885929,-4.2768793,0.005157212,-5.2673593,0.00685263,-4.983123
B_RL_test_00083,severe_stress,MyopicEconomic,1,23,early,0.44889426720552517,0.2508102518258211,1744.1830852366552,6954.193748220184,2849.055309425812,0.370098954312864,0,662.4626308330324,1,0.0,1,0,low,-0.19318881647829222,1.1007255421738986,0.39873602801111796,0.6182139355952364,183,5,Imitation_128x128,505,0,0,0.0055324053,0.0,0.0,True,-0.2,True,0.99940026,-0.00059986115,0.0002331175,-8.363968,3.895944e-07,-14.75816,0.00034560106,-7.9702253,2.0658257e-05,-10.7873955
B_RL_test_00084,severe_stress,PPO,0,24,early,0.906174739606605,0.4075748690648555,1513.3767327880428,3713.12572892522,2389.231910536744,0.4,0,427.4413147982198,1,0.0,2,0,low,-2.719303493644447,0.9141938919096755,0.4493131263051819,0.7602119282809829,184,2,Imitation_128x128,505,0,0,0.0032694973,0.0,0.0,True,-0.2,True,0.9996612,-0.00033855438,0.00022127599,-8.4161,1.296063e-08,-18.16135,0.000116492876,-9.05768,9.665513e-07,-13.849531
B_RL_test_00085,severe_stress,ObservationPlanner,2,22,early,0.7156070245290534,0.7720575387076455,3853.2593203739866,4990.896568180649,3266.1664997181333,0.2422690917029213,0,662.0574850946882,1,0.0,2,1,high,-0.732507953119708,1.414482734313204,0.324414951475154,0.5343499923124448,185,5,Imitation_128x128,505,0,0,0.016246298,0.0,0.0,True,-0.2,True,0.99776244,-0.002240181,0.002166196,-6.134783,2.2573527e-06,-13.001318,5.807477e-05,-9.753779,1.1057316e-05,-11.412418
B_RL_test_00086,severe_stress,MyopicEconomic,1,23,early,0.8920782681027297,0.3920585714152794,3395.6772059953346,8661.147730394952,4318.752576105708,0.02,1,567.6569911013944,1,0.0,2,0,high,-0.5739392325338428,0.8405098617483711,0.2825418813098837,0.6386877709365626,186,8,Imitation_128x128,505,0,0,0.039043415,0.0,0.0,True,-0.2,True,0.99400604,-0.006011963,0.0053998088,-5.2213917,0.0004257019,-7.761771,0.000114267736,-9.076966,5.4105873e-05,-9.824568
B_RL_test_00087,severe_stress,PPO,3,21,early,0.461061449263551,1.0,7680.0,7680.0,9723.863609157772,0.06976507968158221,0,721.1089281234724,1,0.0,1,1,high,0.6498672710491811,1.088206740370783,0.40818789241107123,0.7330825440302011,187,8,Imitation_128x128,505,0,0,0.5991689,0.0,0.0,True,-0.2,True,0.82177675,-0.19628644,0.10342295,-2.2689283,0.07292456,-2.6183298,0.00013607141,-8.90233,0.0017396987,-6.354043
B_RL_test_00088,severe_stress,ObservationPlanner,17,7,late,0.07739497711327707,1.0,500.0,500.0,6272.689955570892,0.38472936597363283,0,811.1148786198856,2,1.6,0,1,high,3.2597985744067355,0.9085305102515508,0.4665674267932232,0.8094894424242502,188,24,Imitation_128x128,505,4,2,1.1080816,6.009713793044114,6.009713793044114,False,0.2,False,0.12979454,-2.0418024,0.09774669,-2.3253758,0.16629386,-1.7939987,0.0020994206,-6.166094,0.6040655,-0.50407255
B_RL_test_00089,severe_stress,MyopicEconomic,16,8,late,0.7229369882006237,0.14861354874064336,2229.20323110965,14999.999999999998,2735.064122068475,0.2363326258881103,0,707.7435596413802,2,1.6,2,0,low,1.7888009368239013,0.6988729541935131,0.3328235380263363,0.8188913977778863,189,24,Imitation_128x128,505,0,0,0.82244056,0.0,0.0,True,-0.2,True,0.6119832,-0.49105048,0.33867893,-1.0827028,0.00090643286,-7.005994,0.0003872019,-7.8565645,0.048044283,-3.0356321
B_RL_test_00090,severe_stress,PPO,3,21,early,0.5244930043330686,1.0,4481.333392854215,4481.333392854215,3797.9454635062593,0.2976828633712957,0,683.097292396233,1,0.0,1,1,high,0.043613096896889136,1.037068499561815,0.565620493324281,0.7959980754214587,190,6,Imitation_128x128,505,0,0,0.09805392,0.0,0.0,True,-0.2,True,0.9806511,-0.019538403,0.018911995,-3.9679587,0.00011591093,-9.062689,0.00013694477,-8.895933,0.00018404293,-8.600342
B_RL_test_00091,severe_stress,ObservationPlanner,12,12,middle,0.1314375777650269,0.09160768946575051,703.1913595104816,7676.117186356771,1410.425767369461,0.4364607552809321,0,901.4144503999852,2,1.6,0,0,low,2.3382845918220068,0.6741896711819185,0.5199109965055012,0.712837240683555,191,24,Imitation_128x128,505,4,4,0.39684504,0.0,0.0,True,0.2,True,0.0038873039,-5.5500393,0.11371257,-2.174081,5.5455468e-05,-9.799931,0.002482821,-5.9983597,0.87986183,-0.12799025
B_RL_test_00092,severe_stress,MyopicEconomic,1,23,early,0.5499265600721283,0.39625834560462464,2335.970820093433,5895.070339853986,2255.5974127143027,0.4565248883135144,0,582.2224444759813,1,0.0,1,0,low,-0.5862659646754461,1.1181404121059324,0.6389081097596125,0.889545304488342,192,15,Imitation_128x128,505,0,0,0.0034829695,0.0,0.0,True,-0.2,True,0.9996395,-0.0003604889,0.00019927754,-8.520812,4.479893e-08,-16.921082,0.00015813025,-8.752091,3.1475379e-06,-12.66889
B_RL_test_00093,severe_stress,PPO,10,14,middle,0.18774314801565403,1.0,1610.612736000001,1610.612736000001,7664.366127220601,0.21580289813715575,0,876.1027641372767,2,1.6,0,1,high,3.0629373987984785,0.9114223715622548,0.4060270931795948,0.7879782542358003,193,24,Imitation_128x128,505,0,0,1.2631061,0.0,0.0,True,-0.2,True,0.4509027,-0.79650366,0.12671648,-2.065803,0.1407426,-1.9608226,0.0014993125,-6.5027485,0.28013885,-1.2724699
B_RL_test_00094,severe_stress,ObservationPlanner,0,24,early,0.9134142587402432,0.6704764770377748,335.2382385188874,500.0,1436.6262834547883,0.4,0,442.07399217630456,1,0.0,2,1,low,-1.3976582755334301,0.7487520285556225,0.4855545079422672,0.6876819511748817,194,5,Imitation_128x128,505,0,2,0.013831581,-171.31036415083236,0.0,False,0.0,True,0.9982887,-0.0017127991,0.0007808909,-7.155075,7.6775116e-08,-16.382385,0.0009235002,-6.9873395,6.745144e-06,-11.906688
B_RL_test_00095,severe_stress,MyopicEconomic,1,23,early,0.38207848776653847,0.37966025159672456,2239.0167184562933,5897.421995164716,3385.2681834928144,0.5235643202147016,0,594.6158875921458,1,0.0,1,0,high,-0.2563260662755433,0.9887072235021326,0.5326297737522329,0.6408928626998098,195,5,Imitation_128x128,505,0,0,0.003136403,0.0,0.0,True,-0.2,True,0.99967694,-0.0003232956,0.0002245291,-8.401505,4.046099e-07,-14.720343,9.475596e-05,-9.264206,3.419209e-06,-12.586102
B_RL_test_00096,severe_stress,PPO,7,17,early,0.5173000165120831,1.0178676466583578,1341.141251347273,1317.5988604709237,3361.2853566205335,0.19868212231416982,0,732.0243629244239,2,1.6,1,2,high,0.63121929203782,0.9721972196766725,0.445765228928636,0.7938713156995721,196,12,Imitation_128x128,505,0,1,0.57533866,8.870301368558557,8.870301368558557,False,-0.2,False,0.83883613,-0.17574,0.09372342,-2.3674073,0.0045085237,-5.401786,0.0016497165,-6.407152,0.061282087,-2.7922678
B_RL_test_00097,severe_stress,ObservationPlanner,2,22,early,0.5668801786211263,0.608260194430912,721.5002730079889,1186.1704573369695,1672.7002940307505,0.41289897448631335,0,571.3184386201295,1,0.0,1,1,low,-0.6422699443344645,0.5751794844401634,0.5138524784076035,0.5242284254912288,197,9,Imitation_128x128,505,0,0,0.04366994,0.0,0.0,True,-0.2,True,0.9934588,-0.00656271,0.0017859105,-6.327827,1.8399926e-06,-13.2057495,0.004675169,-5.36549,7.830342e-05,-9.45492
B_RL_test_00098,severe_stress,MyopicEconomic,3,21,early,0.24065976927050703,0.49491688522671456,4775.830233659442,9649.76216455355,3235.053675493276,0.3000075878322623,0,758.1077622426095,1,0.0,1,0,high,0.9088657953933286,1.3248086092922042,0.36488819247598553,0.5828741555508058,198,11,Imitation_128x128,505,0,0,0.044740595,0.0,0.0,True,-0.2,True,0.9929183,-0.007106781,0.00648406,-5.0384083,0.0003081735,-8.084847,7.471389e-05,-9.501844,0.00021469011,-8.446315
B_RL_test_00099,severe_stress,PPO,1,23,early,0.6935374321243797,0.8015197217681155,3446.4035370911242,4299.836227970183,2308.449944443907,0.3122362038919836,0,638.8794272401572,1,0.0,2,1,low,-0.26689171429934844,0.6907053720958345,0.34363800188548893,0.47058435393170817,199,6,Imitation_128x128,505,0,0,0.0059875534,0.0,0.0,True,-0.2,True,0.99929726,-0.000702858,0.000655132,-7.3306737,1.2865262e-07,-15.86615,4.5311772e-05,-10.001944,2.0941302e-06,-13.076372
