budget,policy,policy_seed,world,pd_bucket,utilization_bucket,action,count,visits,share
262144,AlwaysDecrease20,101,behavioral_shift,0,0,0,15,15,1.0
262144,AlwaysDecrease20,101,behavioral_shift,0,0,1,0,15,0.0
262144,AlwaysDecrease20,101,behavioral_shift,0,0,2,0,15,0.0
262144,AlwaysDecrease20,101,behavioral_shift,0,0,3,0,15,0.0
262144,AlwaysDecrease20,101,behavioral_shift,0,0,4,0,15,0.0
262144,AlwaysDecrease20,101,behavioral_shift,0,1,0,140,435,0.3218390804597701
262144,AlwaysDecrease20,101,behavioral_shift,0,1,1,0,435,0.0
262144,AlwaysDecrease20,101,behavioral_shift,0,1,2,295,435,0.6781609195402298
262144,AlwaysDecrease20,101,behavioral_shift,0,1,3,0,435,0.0
262144,AlwaysDecrease20,101,behavioral_shift,0,1,4,0,435,0.0
262144,AlwaysDecrease20,101,behavioral_shift,0,2,0,22,33,0.6666666666666666
262144,AlwaysDecrease20,101,behavioral_shift,0,2,1,0,33,0.0
262144,AlwaysDecrease20,101,behavioral_shift,0,2,2,11,33,0.3333333333333333
262144,AlwaysDecrease20,101,behavioral_shift,0,2,3,0,33,0.0
262144,AlwaysDecrease20,101,behavioral_shift,0,2,4,0,33,0.0
262144,AlwaysDecrease20,101,behavioral_shift,1,0,0,126,126,1.0
262144,AlwaysDecrease20,101,behavioral_shift,1,0,1,0,126,0.0
262144,AlwaysDecrease20,101,behavioral_shift,1,0,2,0,126,0.0
262144,AlwaysDecrease20,101,behavioral_shift,1,0,3,0,126,0.0
262144,AlwaysDecrease20,101,behavioral_shift,1,0,4,0,126,0.0
262144,AlwaysDecrease20,101,behavioral_shift,1,1,0,298,472,0.6313559322033898
262144,AlwaysDecrease20,101,behavioral_shift,1,1,1,0,472,0.0
262144,AlwaysDecrease20,101,behavioral_shift,1,1,2,174,472,0.3686440677966102
262144,AlwaysDecrease20,101,behavioral_shift,1,1,3,0,472,0.0
262144,AlwaysDecrease20,101,behavioral_shift,1,1,4,0,472,0.0
262144,AlwaysDecrease20,101,behavioral_shift,1,2,0,116,144,0.8055555555555556
262144,AlwaysDecrease20,101,behavioral_shift,1,2,1,0,144,0.0
262144,AlwaysDecrease20,101,behavioral_shift,1,2,2,28,144,0.19444444444444445
262144,AlwaysDecrease20,101,behavioral_shift,1,2,3,0,144,0.0
262144,AlwaysDecrease20,101,behavioral_shift,1,2,4,0,144,0.0
262144,AlwaysDecrease20,101,behavioral_shift,2,0,0,60,60,1.0
262144,AlwaysDecrease20,101,behavioral_shift,2,0,1,0,60,0.0
262144,AlwaysDecrease20,101,behavioral_shift,2,0,2,0,60,0.0
262144,AlwaysDecrease20,101,behavioral_shift,2,0,3,0,60,0.0
262144,AlwaysDecrease20,101,behavioral_shift,2,0,4,0,60,0.0
262144,AlwaysDecrease20,101,behavioral_shift,2,1,0,180,199,0.9045226130653267
262144,AlwaysDecrease20,101,behavioral_shift,2,1,1,0,199,0.0
262144,AlwaysDecrease20,101,behavioral_shift,2,1,2,19,199,0.09547738693467336
262144,AlwaysDecrease20,101,behavioral_shift,2,1,3,0,199,0.0
262144,AlwaysDecrease20,101,behavioral_shift,2,1,4,0,199,0.0
262144,AlwaysDecrease20,101,behavioral_shift,2,2,0,248,266,0.9323308270676691
262144,AlwaysDecrease20,101,behavioral_shift,2,2,1,0,266,0.0
262144,AlwaysDecrease20,101,behavioral_shift,2,2,2,18,266,0.06766917293233082
262144,AlwaysDecrease20,101,behavioral_shift,2,2,3,0,266,0.0
262144,AlwaysDecrease20,101,behavioral_shift,2,2,4,0,266,0.0
262144,AlwaysDecrease20,202,behavioral_shift,0,0,0,15,15,1.0
262144,AlwaysDecrease20,202,behavioral_shift,0,0,1,0,15,0.0
262144,AlwaysDecrease20,202,behavioral_shift,0,0,2,0,15,0.0
262144,AlwaysDecrease20,202,behavioral_shift,0,0,3,0,15,0.0
262144,AlwaysDecrease20,202,behavioral_shift,0,0,4,0,15,0.0
262144,AlwaysDecrease20,202,behavioral_shift,0,1,0,140,435,0.3218390804597701
262144,AlwaysDecrease20,202,behavioral_shift,0,1,1,0,435,0.0
262144,AlwaysDecrease20,202,behavioral_shift,0,1,2,295,435,0.6781609195402298
262144,AlwaysDecrease20,202,behavioral_shift,0,1,3,0,435,0.0
262144,AlwaysDecrease20,202,behavioral_shift,0,1,4,0,435,0.0
262144,AlwaysDecrease20,202,behavioral_shift,0,2,0,22,33,0.6666666666666666
262144,AlwaysDecrease20,202,behavioral_shift,0,2,1,0,33,0.0
262144,AlwaysDecrease20,202,behavioral_shift,0,2,2,11,33,0.3333333333333333
262144,AlwaysDecrease20,202,behavioral_shift,0,2,3,0,33,0.0
262144,AlwaysDecrease20,202,behavioral_shift,0,2,4,0,33,0.0
262144,AlwaysDecrease20,202,behavioral_shift,1,0,0,126,126,1.0
262144,AlwaysDecrease20,202,behavioral_shift,1,0,1,0,126,0.0
262144,AlwaysDecrease20,202,behavioral_shift,1,0,2,0,126,0.0
262144,AlwaysDecrease20,202,behavioral_shift,1,0,3,0,126,0.0
262144,AlwaysDecrease20,202,behavioral_shift,1,0,4,0,126,0.0
262144,AlwaysDecrease20,202,behavioral_shift,1,1,0,298,472,0.6313559322033898
262144,AlwaysDecrease20,202,behavioral_shift,1,1,1,0,472,0.0
262144,AlwaysDecrease20,202,behavioral_shift,1,1,2,174,472,0.3686440677966102
262144,AlwaysDecrease20,202,behavioral_shift,1,1,3,0,472,0.0
262144,AlwaysDecrease20,202,behavioral_shift,1,1,4,0,472,0.0
262144,AlwaysDecrease20,202,behavioral_shift,1,2,0,116,144,0.8055555555555556
262144,AlwaysDecrease20,202,behavioral_shift,1,2,1,0,144,0.0
262144,AlwaysDecrease20,202,behavioral_shift,1,2,2,28,144,0.19444444444444445
262144,AlwaysDecrease20,202,behavioral_shift,1,2,3,0,144,0.0
262144,AlwaysDecrease20,202,behavioral_shift,1,2,4,0,144,0.0
262144,AlwaysDecrease20,202,behavioral_shift,2,0,0,60,60,1.0
262144,AlwaysDecrease20,202,behavioral_shift,2,0,1,0,60,0.0
262144,AlwaysDecrease20,202,behavioral_shift,2,0,2,0,60,0.0
262144,AlwaysDecrease20,202,behavioral_shift,2,0,3,0,60,0.0
262144,AlwaysDecrease20,202,behavioral_shift,2,0,4,0,60,0.0
262144,AlwaysDecrease20,202,behavioral_shift,2,1,0,180,199,0.9045226130653267
262144,AlwaysDecrease20,202,behavioral_shift,2,1,1,0,199,0.0
262144,AlwaysDecrease20,202,behavioral_shift,2,1,2,19,199,0.09547738693467336
262144,AlwaysDecrease20,202,behavioral_shift,2,1,3,0,199,0.0
262144,AlwaysDecrease20,202,behavioral_shift,2,1,4,0,199,0.0
262144,AlwaysDecrease20,202,behavioral_shift,2,2,0,248,266,0.9323308270676691
262144,AlwaysDecrease20,202,behavioral_shift,2,2,1,0,266,0.0
262144,AlwaysDecrease20,202,behavioral_shift,2,2,2,18,266,0.06766917293233082
262144,AlwaysDecrease20,202,behavioral_shift,2,2,3,0,266,0.0
262144,AlwaysDecrease20,202,behavioral_shift,2,2,4,0,266,0.0
262144,AlwaysDecrease20,303,behavioral_shift,0,0,0,15,15,1.0
262144,AlwaysDecrease20,303,behavioral_shift,0,0,1,0,15,0.0
262144,AlwaysDecrease20,303,behavioral_shift,0,0,2,0,15,0.0
262144,AlwaysDecrease20,303,behavioral_shift,0,0,3,0,15,0.0
262144,AlwaysDecrease20,303,behavioral_shift,0,0,4,0,15,0.0
262144,AlwaysDecrease20,303,behavioral_shift,0,1,0,140,435,0.3218390804597701
262144,AlwaysDecrease20,303,behavioral_shift,0,1,1,0,435,0.0
262144,AlwaysDecrease20,303,behavioral_shift,0,1,2,295,435,0.6781609195402298
262144,AlwaysDecrease20,303,behavioral_shift,0,1,3,0,435,0.0
262144,AlwaysDecrease20,303,behavioral_shift,0,1,4,0,435,0.0
262144,AlwaysDecrease20,303,behavioral_shift,0,2,0,22,33,0.6666666666666666
262144,AlwaysDecrease20,303,behavioral_shift,0,2,1,0,33,0.0
262144,AlwaysDecrease20,303,behavioral_shift,0,2,2,11,33,0.3333333333333333
262144,AlwaysDecrease20,303,behavioral_shift,0,2,3,0,33,0.0
262144,AlwaysDecrease20,303,behavioral_shift,0,2,4,0,33,0.0
262144,AlwaysDecrease20,303,behavioral_shift,1,0,0,126,126,1.0
262144,AlwaysDecrease20,303,behavioral_shift,1,0,1,0,126,0.0
262144,AlwaysDecrease20,303,behavioral_shift,1,0,2,0,126,0.0
262144,AlwaysDecrease20,303,behavioral_shift,1,0,3,0,126,0.0
262144,AlwaysDecrease20,303,behavioral_shift,1,0,4,0,126,0.0
262144,AlwaysDecrease20,303,behavioral_shift,1,1,0,298,472,0.6313559322033898
262144,AlwaysDecrease20,303,behavioral_shift,1,1,1,0,472,0.0
262144,AlwaysDecrease20,303,behavioral_shift,1,1,2,174,472,0.3686440677966102
262144,AlwaysDecrease20,303,behavioral_shift,1,1,3,0,472,0.0
262144,AlwaysDecrease20,303,behavioral_shift,1,1,4,0,472,0.0
262144,AlwaysDecrease20,303,behavioral_shift,1,2,0,116,144,0.8055555555555556
262144,AlwaysDecrease20,303,behavioral_shift,1,2,1,0,144,0.0
262144,AlwaysDecrease20,303,behavioral_shift,1,2,2,28,144,0.19444444444444445
262144,AlwaysDecrease20,303,behavioral_shift,1,2,3,0,144,0.0
262144,AlwaysDecrease20,303,behavioral_shift,1,2,4,0,144,0.0
262144,AlwaysDecrease20,303,behavioral_shift,2,0,0,60,60,1.0
262144,AlwaysDecrease20,303,behavioral_shift,2,0,1,0,60,0.0
262144,AlwaysDecrease20,303,behavioral_shift,2,0,2,0,60,0.0
262144,AlwaysDecrease20,303,behavioral_shift,2,0,3,0,60,0.0
262144,AlwaysDecrease20,303,behavioral_shift,2,0,4,0,60,0.0
262144,AlwaysDecrease20,303,behavioral_shift,2,1,0,180,199,0.9045226130653267
262144,AlwaysDecrease20,303,behavioral_shift,2,1,1,0,199,0.0
262144,AlwaysDecrease20,303,behavioral_shift,2,1,2,19,199,0.09547738693467336
262144,AlwaysDecrease20,303,behavioral_shift,2,1,3,0,199,0.0
262144,AlwaysDecrease20,303,behavioral_shift,2,1,4,0,199,0.0
262144,AlwaysDecrease20,303,behavioral_shift,2,2,0,248,266,0.9323308270676691
262144,AlwaysDecrease20,303,behavioral_shift,2,2,1,0,266,0.0
262144,AlwaysDecrease20,303,behavioral_shift,2,2,2,18,266,0.06766917293233082
262144,AlwaysDecrease20,303,behavioral_shift,2,2,3,0,266,0.0
262144,AlwaysDecrease20,303,behavioral_shift,2,2,4,0,266,0.0
262144,AlwaysDecrease20,404,behavioral_shift,0,0,0,15,15,1.0
262144,AlwaysDecrease20,404,behavioral_shift,0,0,1,0,15,0.0
262144,AlwaysDecrease20,404,behavioral_shift,0,0,2,0,15,0.0
262144,AlwaysDecrease20,404,behavioral_shift,0,0,3,0,15,0.0
262144,AlwaysDecrease20,404,behavioral_shift,0,0,4,0,15,0.0
262144,AlwaysDecrease20,404,behavioral_shift,0,1,0,140,435,0.3218390804597701
262144,AlwaysDecrease20,404,behavioral_shift,0,1,1,0,435,0.0
262144,AlwaysDecrease20,404,behavioral_shift,0,1,2,295,435,0.6781609195402298
262144,AlwaysDecrease20,404,behavioral_shift,0,1,3,0,435,0.0
262144,AlwaysDecrease20,404,behavioral_shift,0,1,4,0,435,0.0
262144,AlwaysDecrease20,404,behavioral_shift,0,2,0,22,33,0.6666666666666666
262144,AlwaysDecrease20,404,behavioral_shift,0,2,1,0,33,0.0
262144,AlwaysDecrease20,404,behavioral_shift,0,2,2,11,33,0.3333333333333333
262144,AlwaysDecrease20,404,behavioral_shift,0,2,3,0,33,0.0
262144,AlwaysDecrease20,404,behavioral_shift,0,2,4,0,33,0.0
262144,AlwaysDecrease20,404,behavioral_shift,1,0,0,126,126,1.0
262144,AlwaysDecrease20,404,behavioral_shift,1,0,1,0,126,0.0
262144,AlwaysDecrease20,404,behavioral_shift,1,0,2,0,126,0.0
262144,AlwaysDecrease20,404,behavioral_shift,1,0,3,0,126,0.0
262144,AlwaysDecrease20,404,behavioral_shift,1,0,4,0,126,0.0
262144,AlwaysDecrease20,404,behavioral_shift,1,1,0,298,472,0.6313559322033898
262144,AlwaysDecrease20,404,behavioral_shift,1,1,1,0,472,0.0
262144,AlwaysDecrease20,404,behavioral_shift,1,1,2,174,472,0.3686440677966102
262144,AlwaysDecrease20,404,behavioral_shift,1,1,3,0,472,0.0
262144,AlwaysDecrease20,404,behavioral_shift,1,1,4,0,472,0.0
262144,AlwaysDecrease20,404,behavioral_shift,1,2,0,116,144,0.8055555555555556
262144,AlwaysDecrease20,404,behavioral_shift,1,2,1,0,144,0.0
262144,AlwaysDecrease20,404,behavioral_shift,1,2,2,28,144,0.19444444444444445
262144,AlwaysDecrease20,404,behavioral_shift,1,2,3,0,144,0.0
262144,AlwaysDecrease20,404,behavioral_shift,1,2,4,0,144,0.0
262144,AlwaysDecrease20,404,behavioral_shift,2,0,0,60,60,1.0
262144,AlwaysDecrease20,404,behavioral_shift,2,0,1,0,60,0.0
262144,AlwaysDecrease20,404,behavioral_shift,2,0,2,0,60,0.0
262144,AlwaysDecrease20,404,behavioral_shift,2,0,3,0,60,0.0
262144,AlwaysDecrease20,404,behavioral_shift,2,0,4,0,60,0.0
262144,AlwaysDecrease20,404,behavioral_shift,2,1,0,180,199,0.9045226130653267
262144,AlwaysDecrease20,404,behavioral_shift,2,1,1,0,199,0.0
262144,AlwaysDecrease20,404,behavioral_shift,2,1,2,19,199,0.09547738693467336
262144,AlwaysDecrease20,404,behavioral_shift,2,1,3,0,199,0.0
262144,AlwaysDecrease20,404,behavioral_shift,2,1,4,0,199,0.0
262144,AlwaysDecrease20,404,behavioral_shift,2,2,0,248,266,0.9323308270676691
262144,AlwaysDecrease20,404,behavioral_shift,2,2,1,0,266,0.0
262144,AlwaysDecrease20,404,behavioral_shift,2,2,2,18,266,0.06766917293233082
262144,AlwaysDecrease20,404,behavioral_shift,2,2,3,0,266,0.0
262144,AlwaysDecrease20,404,behavioral_shift,2,2,4,0,266,0.0
262144,AlwaysDecrease20,505,behavioral_shift,0,0,0,15,15,1.0
262144,AlwaysDecrease20,505,behavioral_shift,0,0,1,0,15,0.0
262144,AlwaysDecrease20,505,behavioral_shift,0,0,2,0,15,0.0
262144,AlwaysDecrease20,505,behavioral_shift,0,0,3,0,15,0.0
262144,AlwaysDecrease20,505,behavioral_shift,0,0,4,0,15,0.0
262144,AlwaysDecrease20,505,behavioral_shift,0,1,0,140,435,0.3218390804597701
262144,AlwaysDecrease20,505,behavioral_shift,0,1,1,0,435,0.0
262144,AlwaysDecrease20,505,behavioral_shift,0,1,2,295,435,0.6781609195402298
262144,AlwaysDecrease20,505,behavioral_shift,0,1,3,0,435,0.0
262144,AlwaysDecrease20,505,behavioral_shift,0,1,4,0,435,0.0
262144,AlwaysDecrease20,505,behavioral_shift,0,2,0,22,33,0.6666666666666666
262144,AlwaysDecrease20,505,behavioral_shift,0,2,1,0,33,0.0
262144,AlwaysDecrease20,505,behavioral_shift,0,2,2,11,33,0.3333333333333333
262144,AlwaysDecrease20,505,behavioral_shift,0,2,3,0,33,0.0
262144,AlwaysDecrease20,505,behavioral_shift,0,2,4,0,33,0.0
262144,AlwaysDecrease20,505,behavioral_shift,1,0,0,126,126,1.0
262144,AlwaysDecrease20,505,behavioral_shift,1,0,1,0,126,0.0
262144,AlwaysDecrease20,505,behavioral_shift,1,0,2,0,126,0.0
262144,AlwaysDecrease20,505,behavioral_shift,1,0,3,0,126,0.0
262144,AlwaysDecrease20,505,behavioral_shift,1,0,4,0,126,0.0
262144,AlwaysDecrease20,505,behavioral_shift,1,1,0,298,472,0.6313559322033898
262144,AlwaysDecrease20,505,behavioral_shift,1,1,1,0,472,0.0
262144,AlwaysDecrease20,505,behavioral_shift,1,1,2,174,472,0.3686440677966102
262144,AlwaysDecrease20,505,behavioral_shift,1,1,3,0,472,0.0
262144,AlwaysDecrease20,505,behavioral_shift,1,1,4,0,472,0.0
262144,AlwaysDecrease20,505,behavioral_shift,1,2,0,116,144,0.8055555555555556
262144,AlwaysDecrease20,505,behavioral_shift,1,2,1,0,144,0.0
262144,AlwaysDecrease20,505,behavioral_shift,1,2,2,28,144,0.19444444444444445
262144,AlwaysDecrease20,505,behavioral_shift,1,2,3,0,144,0.0
262144,AlwaysDecrease20,505,behavioral_shift,1,2,4,0,144,0.0
262144,AlwaysDecrease20,505,behavioral_shift,2,0,0,60,60,1.0
262144,AlwaysDecrease20,505,behavioral_shift,2,0,1,0,60,0.0
262144,AlwaysDecrease20,505,behavioral_shift,2,0,2,0,60,0.0
262144,AlwaysDecrease20,505,behavioral_shift,2,0,3,0,60,0.0
262144,AlwaysDecrease20,505,behavioral_shift,2,0,4,0,60,0.0
262144,AlwaysDecrease20,505,behavioral_shift,2,1,0,180,199,0.9045226130653267
262144,AlwaysDecrease20,505,behavioral_shift,2,1,1,0,199,0.0
262144,AlwaysDecrease20,505,behavioral_shift,2,1,2,19,199,0.09547738693467336
262144,AlwaysDecrease20,505,behavioral_shift,2,1,3,0,199,0.0
262144,AlwaysDecrease20,505,behavioral_shift,2,1,4,0,199,0.0
262144,AlwaysDecrease20,505,behavioral_shift,2,2,0,248,266,0.9323308270676691
262144,AlwaysDecrease20,505,behavioral_shift,2,2,1,0,266,0.0
262144,AlwaysDecrease20,505,behavioral_shift,2,2,2,18,266,0.06766917293233082
262144,AlwaysDecrease20,505,behavioral_shift,2,2,3,0,266,0.0
262144,AlwaysDecrease20,505,behavioral_shift,2,2,4,0,266,0.0
262144,BCInitPPO,101,behavioral_shift,0,0,0,12,55,0.21818181818181817
262144,BCInitPPO,101,behavioral_shift,0,0,1,2,55,0.03636363636363636
262144,BCInitPPO,101,behavioral_shift,0,0,2,0,55,0.0
262144,BCInitPPO,101,behavioral_shift,0,0,3,33,55,0.6
262144,BCInitPPO,101,behavioral_shift,0,0,4,8,55,0.14545454545454545
262144,BCInitPPO,101,behavioral_shift,0,1,0,49,444,0.11036036036036036
262144,BCInitPPO,101,behavioral_shift,0,1,1,190,444,0.42792792792792794
262144,BCInitPPO,101,behavioral_shift,0,1,2,13,444,0.02927927927927928
262144,BCInitPPO,101,behavioral_shift,0,1,3,192,444,0.43243243243243246
262144,BCInitPPO,101,behavioral_shift,0,1,4,0,444,0.0
262144,BCInitPPO,101,behavioral_shift,0,2,0,0,8,0.0
262144,BCInitPPO,101,behavioral_shift,0,2,1,8,8,1.0
262144,BCInitPPO,101,behavioral_shift,0,2,2,0,8,0.0
262144,BCInitPPO,101,behavioral_shift,0,2,3,0,8,0.0
262144,BCInitPPO,101,behavioral_shift,0,2,4,0,8,0.0
262144,BCInitPPO,101,behavioral_shift,1,0,0,125,127,0.984251968503937
262144,BCInitPPO,101,behavioral_shift,1,0,1,1,127,0.007874015748031496
262144,BCInitPPO,101,behavioral_shift,1,0,2,0,127,0.0
262144,BCInitPPO,101,behavioral_shift,1,0,3,0,127,0.0
262144,BCInitPPO,101,behavioral_shift,1,0,4,1,127,0.007874015748031496
262144,BCInitPPO,101,behavioral_shift,1,1,0,456,558,0.8172043010752689
262144,BCInitPPO,101,behavioral_shift,1,1,1,65,558,0.11648745519713262
262144,BCInitPPO,101,behavioral_shift,1,1,2,11,558,0.01971326164874552
262144,BCInitPPO,101,behavioral_shift,1,1,3,24,558,0.043010752688172046
262144,BCInitPPO,101,behavioral_shift,1,1,4,2,558,0.0035842293906810036
262144,BCInitPPO,101,behavioral_shift,1,2,0,73,191,0.38219895287958117
262144,BCInitPPO,101,behavioral_shift,1,2,1,92,191,0.4816753926701571
262144,BCInitPPO,101,behavioral_shift,1,2,2,20,191,0.10471204188481675
262144,BCInitPPO,101,behavioral_shift,1,2,3,6,191,0.031413612565445025
262144,BCInitPPO,101,behavioral_shift,1,2,4,0,191,0.0
262144,BCInitPPO,101,behavioral_shift,2,0,0,59,60,0.9833333333333333
262144,BCInitPPO,101,behavioral_shift,2,0,1,1,60,0.016666666666666666
262144,BCInitPPO,101,behavioral_shift,2,0,2,0,60,0.0
262144,BCInitPPO,101,behavioral_shift,2,0,3,0,60,0.0
262144,BCInitPPO,101,behavioral_shift,2,0,4,0,60,0.0
262144,BCInitPPO,101,behavioral_shift,2,1,0,198,216,0.9166666666666666
262144,BCInitPPO,101,behavioral_shift,2,1,1,15,216,0.06944444444444445
262144,BCInitPPO,101,behavioral_shift,2,1,2,2,216,0.009259259259259259
262144,BCInitPPO,101,behavioral_shift,2,1,3,0,216,0.0
262144,BCInitPPO,101,behavioral_shift,2,1,4,1,216,0.004629629629629629
262144,BCInitPPO,101,behavioral_shift,2,2,0,96,304,0.3157894736842105
262144,BCInitPPO,101,behavioral_shift,2,2,1,59,304,0.19407894736842105
262144,BCInitPPO,101,behavioral_shift,2,2,2,73,304,0.24013157894736842
262144,BCInitPPO,101,behavioral_shift,2,2,3,76,304,0.25
262144,BCInitPPO,101,behavioral_shift,2,2,4,0,304,0.0
262144,BCInitPPO,202,behavioral_shift,0,0,0,14,67,0.208955223880597
262144,BCInitPPO,202,behavioral_shift,0,0,1,0,67,0.0
262144,BCInitPPO,202,behavioral_shift,0,0,2,0,67,0.0
262144,BCInitPPO,202,behavioral_shift,0,0,3,0,67,0.0
262144,BCInitPPO,202,behavioral_shift,0,0,4,53,67,0.7910447761194029
262144,BCInitPPO,202,behavioral_shift,0,1,0,216,446,0.484304932735426
262144,BCInitPPO,202,behavioral_shift,0,1,1,63,446,0.1412556053811659
262144,BCInitPPO,202,behavioral_shift,0,1,2,0,446,0.0
262144,BCInitPPO,202,behavioral_shift,0,1,3,23,446,0.0515695067264574
262144,BCInitPPO,202,behavioral_shift,0,1,4,144,446,0.32286995515695066
262144,BCInitPPO,202,behavioral_shift,0,2,0,7,13,0.5384615384615384
262144,BCInitPPO,202,behavioral_shift,0,2,1,4,13,0.3076923076923077
262144,BCInitPPO,202,behavioral_shift,0,2,2,1,13,0.07692307692307693
262144,BCInitPPO,202,behavioral_shift,0,2,3,0,13,0.0
262144,BCInitPPO,202,behavioral_shift,0,2,4,1,13,0.07692307692307693
262144,BCInitPPO,202,behavioral_shift,1,0,0,124,128,0.96875
262144,BCInitPPO,202,behavioral_shift,1,0,1,3,128,0.0234375
262144,BCInitPPO,202,behavioral_shift,1,0,2,0,128,0.0
262144,BCInitPPO,202,behavioral_shift,1,0,3,0,128,0.0
262144,BCInitPPO,202,behavioral_shift,1,0,4,1,128,0.0078125
262144,BCInitPPO,202,behavioral_shift,1,1,0,456,552,0.8260869565217391
262144,BCInitPPO,202,behavioral_shift,1,1,1,35,552,0.06340579710144928
262144,BCInitPPO,202,behavioral_shift,1,1,2,35,552,0.06340579710144928
262144,BCInitPPO,202,behavioral_shift,1,1,3,7,552,0.012681159420289856
262144,BCInitPPO,202,behavioral_shift,1,1,4,19,552,0.034420289855072464
262144,BCInitPPO,202,behavioral_shift,1,2,0,129,227,0.5682819383259912
262144,BCInitPPO,202,behavioral_shift,1,2,1,64,227,0.28193832599118945
262144,BCInitPPO,202,behavioral_shift,1,2,2,11,227,0.048458149779735685
262144,BCInitPPO,202,behavioral_shift,1,2,3,20,227,0.0881057268722467
262144,BCInitPPO,202,behavioral_shift,1,2,4,3,227,0.013215859030837005
262144,BCInitPPO,202,behavioral_shift,2,0,0,60,60,1.0
262144,BCInitPPO,202,behavioral_shift,2,0,1,0,60,0.0
262144,BCInitPPO,202,behavioral_shift,2,0,2,0,60,0.0
262144,BCInitPPO,202,behavioral_shift,2,0,3,0,60,0.0
262144,BCInitPPO,202,behavioral_shift,2,0,4,0,60,0.0
262144,BCInitPPO,202,behavioral_shift,2,1,0,202,211,0.957345971563981
262144,BCInitPPO,202,behavioral_shift,2,1,1,8,211,0.037914691943127965
262144,BCInitPPO,202,behavioral_shift,2,1,2,1,211,0.004739336492890996
262144,BCInitPPO,202,behavioral_shift,2,1,3,0,211,0.0
262144,BCInitPPO,202,behavioral_shift,2,1,4,0,211,0.0
262144,BCInitPPO,202,behavioral_shift,2,2,0,121,300,0.4033333333333333
262144,BCInitPPO,202,behavioral_shift,2,2,1,57,300,0.19
262144,BCInitPPO,202,behavioral_shift,2,2,2,22,300,0.07333333333333333
262144,BCInitPPO,202,behavioral_shift,2,2,3,99,300,0.33
262144,BCInitPPO,202,behavioral_shift,2,2,4,1,300,0.0033333333333333335
262144,BCInitPPO,303,behavioral_shift,0,0,0,14,27,0.5185185185185185
262144,BCInitPPO,303,behavioral_shift,0,0,1,0,27,0.0
262144,BCInitPPO,303,behavioral_shift,0,0,2,10,27,0.37037037037037035
262144,BCInitPPO,303,behavioral_shift,0,0,3,3,27,0.1111111111111111
262144,BCInitPPO,303,behavioral_shift,0,0,4,0,27,0.0
262144,BCInitPPO,303,behavioral_shift,0,1,0,131,474,0.27637130801687765
262144,BCInitPPO,303,behavioral_shift,0,1,1,171,474,0.36075949367088606
262144,BCInitPPO,303,behavioral_shift,0,1,2,88,474,0.18565400843881857
262144,BCInitPPO,303,behavioral_shift,0,1,3,78,474,0.16455696202531644
262144,BCInitPPO,303,behavioral_shift,0,1,4,6,474,0.012658227848101266
262144,BCInitPPO,303,behavioral_shift,0,2,0,5,8,0.625
262144,BCInitPPO,303,behavioral_shift,0,2,1,2,8,0.25
262144,BCInitPPO,303,behavioral_shift,0,2,2,0,8,0.0
262144,BCInitPPO,303,behavioral_shift,0,2,3,0,8,0.0
262144,BCInitPPO,303,behavioral_shift,0,2,4,1,8,0.125
262144,BCInitPPO,303,behavioral_shift,1,0,0,125,126,0.9920634920634921
262144,BCInitPPO,303,behavioral_shift,1,0,1,1,126,0.007936507936507936
262144,BCInitPPO,303,behavioral_shift,1,0,2,0,126,0.0
262144,BCInitPPO,303,behavioral_shift,1,0,3,0,126,0.0
262144,BCInitPPO,303,behavioral_shift,1,0,4,0,126,0.0
262144,BCInitPPO,303,behavioral_shift,1,1,0,467,590,0.7915254237288135
262144,BCInitPPO,303,behavioral_shift,1,1,1,115,590,0.19491525423728814
262144,BCInitPPO,303,behavioral_shift,1,1,2,7,590,0.011864406779661017
262144,BCInitPPO,303,behavioral_shift,1,1,3,0,590,0.0
262144,BCInitPPO,303,behavioral_shift,1,1,4,1,590,0.001694915254237288
262144,BCInitPPO,303,behavioral_shift,1,2,0,81,168,0.48214285714285715
262144,BCInitPPO,303,behavioral_shift,1,2,1,57,168,0.3392857142857143
262144,BCInitPPO,303,behavioral_shift,1,2,2,18,168,0.10714285714285714
262144,BCInitPPO,303,behavioral_shift,1,2,3,0,168,0.0
262144,BCInitPPO,303,behavioral_shift,1,2,4,12,168,0.07142857142857142
262144,BCInitPPO,303,behavioral_shift,2,0,0,60,60,1.0
262144,BCInitPPO,303,behavioral_shift,2,0,1,0,60,0.0
262144,BCInitPPO,303,behavioral_shift,2,0,2,0,60,0.0
262144,BCInitPPO,303,behavioral_shift,2,0,3,0,60,0.0
262144,BCInitPPO,303,behavioral_shift,2,0,4,0,60,0.0
262144,BCInitPPO,303,behavioral_shift,2,1,0,188,220,0.8545454545454545
262144,BCInitPPO,303,behavioral_shift,2,1,1,30,220,0.13636363636363635
262144,BCInitPPO,303,behavioral_shift,2,1,2,2,220,0.00909090909090909
262144,BCInitPPO,303,behavioral_shift,2,1,3,0,220,0.0
262144,BCInitPPO,303,behavioral_shift,2,1,4,0,220,0.0
262144,BCInitPPO,303,behavioral_shift,2,2,0,89,288,0.3090277777777778
262144,BCInitPPO,303,behavioral_shift,2,2,1,94,288,0.3263888888888889
262144,BCInitPPO,303,behavioral_shift,2,2,2,56,288,0.19444444444444445
262144,BCInitPPO,303,behavioral_shift,2,2,3,0,288,0.0
262144,BCInitPPO,303,behavioral_shift,2,2,4,49,288,0.1701388888888889
262144,BCInitPPO,404,behavioral_shift,0,0,0,11,85,0.12941176470588237
262144,BCInitPPO,404,behavioral_shift,0,0,1,0,85,0.0
262144,BCInitPPO,404,behavioral_shift,0,0,2,16,85,0.18823529411764706
262144,BCInitPPO,404,behavioral_shift,0,0,3,33,85,0.38823529411764707
262144,BCInitPPO,404,behavioral_shift,0,0,4,25,85,0.29411764705882354
262144,BCInitPPO,404,behavioral_shift,0,1,0,117,406,0.2881773399014778
262144,BCInitPPO,404,behavioral_shift,0,1,1,89,406,0.21921182266009853
262144,BCInitPPO,404,behavioral_shift,0,1,2,25,406,0.06157635467980296
262144,BCInitPPO,404,behavioral_shift,0,1,3,12,406,0.029556650246305417
262144,BCInitPPO,404,behavioral_shift,0,1,4,163,406,0.4014778325123153
262144,BCInitPPO,404,behavioral_shift,0,2,0,0,3,0.0
262144,BCInitPPO,404,behavioral_shift,0,2,1,3,3,1.0
262144,BCInitPPO,404,behavioral_shift,0,2,2,0,3,0.0
262144,BCInitPPO,404,behavioral_shift,0,2,3,0,3,0.0
262144,BCInitPPO,404,behavioral_shift,0,2,4,0,3,0.0
262144,BCInitPPO,404,behavioral_shift,1,0,0,125,132,0.946969696969697
262144,BCInitPPO,404,behavioral_shift,1,0,1,2,132,0.015151515151515152
262144,BCInitPPO,404,behavioral_shift,1,0,2,1,132,0.007575757575757576
262144,BCInitPPO,404,behavioral_shift,1,0,3,0,132,0.0
262144,BCInitPPO,404,behavioral_shift,1,0,4,4,132,0.030303030303030304
262144,BCInitPPO,404,behavioral_shift,1,1,0,386,603,0.6401326699834162
262144,BCInitPPO,404,behavioral_shift,1,1,1,93,603,0.15422885572139303
262144,BCInitPPO,404,behavioral_shift,1,1,2,110,603,0.1824212271973466
262144,BCInitPPO,404,behavioral_shift,1,1,3,0,603,0.0
262144,BCInitPPO,404,behavioral_shift,1,1,4,14,603,0.02321724709784411
262144,BCInitPPO,404,behavioral_shift,1,2,0,99,210,0.4714285714285714
262144,BCInitPPO,404,behavioral_shift,1,2,1,82,210,0.3904761904761905
262144,BCInitPPO,404,behavioral_shift,1,2,2,18,210,0.08571428571428572
262144,BCInitPPO,404,behavioral_shift,1,2,3,6,210,0.02857142857142857
262144,BCInitPPO,404,behavioral_shift,1,2,4,5,210,0.023809523809523808
262144,BCInitPPO,404,behavioral_shift,2,0,0,60,60,1.0
262144,BCInitPPO,404,behavioral_shift,2,0,1,0,60,0.0
262144,BCInitPPO,404,behavioral_shift,2,0,2,0,60,0.0
262144,BCInitPPO,404,behavioral_shift,2,0,3,0,60,0.0
262144,BCInitPPO,404,behavioral_shift,2,0,4,0,60,0.0
262144,BCInitPPO,404,behavioral_shift,2,1,0,194,226,0.8584070796460177
262144,BCInitPPO,404,behavioral_shift,2,1,1,12,226,0.05309734513274336
262144,BCInitPPO,404,behavioral_shift,2,1,2,14,226,0.061946902654867256
262144,BCInitPPO,404,behavioral_shift,2,1,3,5,226,0.022123893805309734
262144,BCInitPPO,404,behavioral_shift,2,1,4,1,226,0.004424778761061947
262144,BCInitPPO,404,behavioral_shift,2,2,0,94,311,0.3022508038585209
262144,BCInitPPO,404,behavioral_shift,2,2,1,85,311,0.2733118971061093
262144,BCInitPPO,404,behavioral_shift,2,2,2,24,311,0.07717041800643087
262144,BCInitPPO,404,behavioral_shift,2,2,3,54,311,0.17363344051446947
262144,BCInitPPO,404,behavioral_shift,2,2,4,54,311,0.17363344051446947
262144,BCInitPPO,505,behavioral_shift,0,0,0,12,72,0.16666666666666666
262144,BCInitPPO,505,behavioral_shift,0,0,1,0,72,0.0
262144,BCInitPPO,505,behavioral_shift,0,0,2,7,72,0.09722222222222222
262144,BCInitPPO,505,behavioral_shift,0,0,3,0,72,0.0
262144,BCInitPPO,505,behavioral_shift,0,0,4,53,72,0.7361111111111112
262144,BCInitPPO,505,behavioral_shift,0,1,0,180,439,0.41002277904328016
262144,BCInitPPO,505,behavioral_shift,0,1,1,5,439,0.011389521640091117
262144,BCInitPPO,505,behavioral_shift,0,1,2,199,439,0.4533029612756264
262144,BCInitPPO,505,behavioral_shift,0,1,3,5,439,0.011389521640091117
262144,BCInitPPO,505,behavioral_shift,0,1,4,50,439,0.11389521640091116
262144,BCInitPPO,505,behavioral_shift,0,2,0,5,8,0.625
262144,BCInitPPO,505,behavioral_shift,0,2,1,1,8,0.125
262144,BCInitPPO,505,behavioral_shift,0,2,2,2,8,0.25
262144,BCInitPPO,505,behavioral_shift,0,2,3,0,8,0.0
262144,BCInitPPO,505,behavioral_shift,0,2,4,0,8,0.0
262144,BCInitPPO,505,behavioral_shift,1,0,0,126,128,0.984375
262144,BCInitPPO,505,behavioral_shift,1,0,1,0,128,0.0
262144,BCInitPPO,505,behavioral_shift,1,0,2,1,128,0.0078125
262144,BCInitPPO,505,behavioral_shift,1,0,3,0,128,0.0
262144,BCInitPPO,505,behavioral_shift,1,0,4,1,128,0.0078125
262144,BCInitPPO,505,behavioral_shift,1,1,0,477,559,0.853309481216458
262144,BCInitPPO,505,behavioral_shift,1,1,1,3,559,0.005366726296958855
262144,BCInitPPO,505,behavioral_shift,1,1,2,60,559,0.1073345259391771
262144,BCInitPPO,505,behavioral_shift,1,1,3,0,559,0.0
262144,BCInitPPO,505,behavioral_shift,1,1,4,19,559,0.03398926654740608
262144,BCInitPPO,505,behavioral_shift,1,2,0,134,209,0.6411483253588517
262144,BCInitPPO,505,behavioral_shift,1,2,1,47,209,0.22488038277511962
262144,BCInitPPO,505,behavioral_shift,1,2,2,9,209,0.0430622009569378
262144,BCInitPPO,505,behavioral_shift,1,2,3,0,209,0.0
262144,BCInitPPO,505,behavioral_shift,1,2,4,19,209,0.09090909090909091
262144,BCInitPPO,505,behavioral_shift,2,0,0,60,60,1.0
262144,BCInitPPO,505,behavioral_shift,2,0,1,0,60,0.0
262144,BCInitPPO,505,behavioral_shift,2,0,2,0,60,0.0
262144,BCInitPPO,505,behavioral_shift,2,0,3,0,60,0.0
262144,BCInitPPO,505,behavioral_shift,2,0,4,0,60,0.0
262144,BCInitPPO,505,behavioral_shift,2,1,0,199,225,0.8844444444444445
262144,BCInitPPO,505,behavioral_shift,2,1,1,2,225,0.008888888888888889
262144,BCInitPPO,505,behavioral_shift,2,1,2,15,225,0.06666666666666667
262144,BCInitPPO,505,behavioral_shift,2,1,3,0,225,0.0
262144,BCInitPPO,505,behavioral_shift,2,1,4,9,225,0.04
262144,BCInitPPO,505,behavioral_shift,2,2,0,121,292,0.4143835616438356
262144,BCInitPPO,505,behavioral_shift,2,2,1,42,292,0.14383561643835616
262144,BCInitPPO,505,behavioral_shift,2,2,2,78,292,0.2671232876712329
262144,BCInitPPO,505,behavioral_shift,2,2,3,0,292,0.0
262144,BCInitPPO,505,behavioral_shift,2,2,4,51,292,0.17465753424657535
262144,BCRegularizedPPO,101,behavioral_shift,0,0,0,14,56,0.25
262144,BCRegularizedPPO,101,behavioral_shift,0,0,1,1,56,0.017857142857142856
262144,BCRegularizedPPO,101,behavioral_shift,0,0,2,4,56,0.07142857142857142
262144,BCRegularizedPPO,101,behavioral_shift,0,0,3,4,56,0.07142857142857142
262144,BCRegularizedPPO,101,behavioral_shift,0,0,4,33,56,0.5892857142857143
262144,BCRegularizedPPO,101,behavioral_shift,0,1,0,158,451,0.35033259423503327
262144,BCRegularizedPPO,101,behavioral_shift,0,1,1,99,451,0.21951219512195122
262144,BCRegularizedPPO,101,behavioral_shift,0,1,2,11,451,0.024390243902439025
262144,BCRegularizedPPO,101,behavioral_shift,0,1,3,1,451,0.0022172949002217295
262144,BCRegularizedPPO,101,behavioral_shift,0,1,4,182,451,0.4035476718403548
262144,BCRegularizedPPO,101,behavioral_shift,0,2,0,4,11,0.36363636363636365
262144,BCRegularizedPPO,101,behavioral_shift,0,2,1,3,11,0.2727272727272727
262144,BCRegularizedPPO,101,behavioral_shift,0,2,2,4,11,0.36363636363636365
262144,BCRegularizedPPO,101,behavioral_shift,0,2,3,0,11,0.0
262144,BCRegularizedPPO,101,behavioral_shift,0,2,4,0,11,0.0
262144,BCRegularizedPPO,101,behavioral_shift,1,0,0,126,127,0.9921259842519685
262144,BCRegularizedPPO,101,behavioral_shift,1,0,1,0,127,0.0
262144,BCRegularizedPPO,101,behavioral_shift,1,0,2,0,127,0.0
262144,BCRegularizedPPO,101,behavioral_shift,1,0,3,0,127,0.0
262144,BCRegularizedPPO,101,behavioral_shift,1,0,4,1,127,0.007874015748031496
262144,BCRegularizedPPO,101,behavioral_shift,1,1,0,485,600,0.8083333333333333
262144,BCRegularizedPPO,101,behavioral_shift,1,1,1,46,600,0.07666666666666666
262144,BCRegularizedPPO,101,behavioral_shift,1,1,2,53,600,0.08833333333333333
262144,BCRegularizedPPO,101,behavioral_shift,1,1,3,1,600,0.0016666666666666668
262144,BCRegularizedPPO,101,behavioral_shift,1,1,4,15,600,0.025
262144,BCRegularizedPPO,101,behavioral_shift,1,2,0,107,209,0.5119617224880383
262144,BCRegularizedPPO,101,behavioral_shift,1,2,1,49,209,0.23444976076555024
262144,BCRegularizedPPO,101,behavioral_shift,1,2,2,35,209,0.1674641148325359
262144,BCRegularizedPPO,101,behavioral_shift,1,2,3,18,209,0.0861244019138756
262144,BCRegularizedPPO,101,behavioral_shift,1,2,4,0,209,0.0
262144,BCRegularizedPPO,101,behavioral_shift,2,0,0,60,60,1.0
262144,BCRegularizedPPO,101,behavioral_shift,2,0,1,0,60,0.0
262144,BCRegularizedPPO,101,behavioral_shift,2,0,2,0,60,0.0
262144,BCRegularizedPPO,101,behavioral_shift,2,0,3,0,60,0.0
262144,BCRegularizedPPO,101,behavioral_shift,2,0,4,0,60,0.0
262144,BCRegularizedPPO,101,behavioral_shift,2,1,0,186,215,0.8651162790697674
262144,BCRegularizedPPO,101,behavioral_shift,2,1,1,10,215,0.046511627906976744
262144,BCRegularizedPPO,101,behavioral_shift,2,1,2,18,215,0.08372093023255814
262144,BCRegularizedPPO,101,behavioral_shift,2,1,3,1,215,0.004651162790697674
262144,BCRegularizedPPO,101,behavioral_shift,2,1,4,0,215,0.0
262144,BCRegularizedPPO,101,behavioral_shift,2,2,0,108,313,0.3450479233226837
262144,BCRegularizedPPO,101,behavioral_shift,2,2,1,40,313,0.12779552715654952
262144,BCRegularizedPPO,101,behavioral_shift,2,2,2,87,313,0.2779552715654952
262144,BCRegularizedPPO,101,behavioral_shift,2,2,3,78,313,0.24920127795527156
262144,BCRegularizedPPO,101,behavioral_shift,2,2,4,0,313,0.0
262144,BCRegularizedPPO,202,behavioral_shift,0,0,0,15,95,0.15789473684210525
262144,BCRegularizedPPO,202,behavioral_shift,0,0,1,2,95,0.021052631578947368
262144,BCRegularizedPPO,202,behavioral_shift,0,0,2,6,95,0.06315789473684211
262144,BCRegularizedPPO,202,behavioral_shift,0,0,3,14,95,0.14736842105263157
262144,BCRegularizedPPO,202,behavioral_shift,0,0,4,58,95,0.6105263157894737
262144,BCRegularizedPPO,202,behavioral_shift,0,1,0,279,410,0.6804878048780488
262144,BCRegularizedPPO,202,behavioral_shift,0,1,1,49,410,0.11951219512195121
262144,BCRegularizedPPO,202,behavioral_shift,0,1,2,7,410,0.01707317073170732
262144,BCRegularizedPPO,202,behavioral_shift,0,1,3,6,410,0.014634146341463415
262144,BCRegularizedPPO,202,behavioral_shift,0,1,4,69,410,0.16829268292682928
262144,BCRegularizedPPO,202,behavioral_shift,0,2,0,3,7,0.42857142857142855
262144,BCRegularizedPPO,202,behavioral_shift,0,2,1,3,7,0.42857142857142855
262144,BCRegularizedPPO,202,behavioral_shift,0,2,2,0,7,0.0
262144,BCRegularizedPPO,202,behavioral_shift,0,2,3,0,7,0.0
262144,BCRegularizedPPO,202,behavioral_shift,0,2,4,1,7,0.14285714285714285
262144,BCRegularizedPPO,202,behavioral_shift,1,0,0,118,130,0.9076923076923077
262144,BCRegularizedPPO,202,behavioral_shift,1,0,1,7,130,0.05384615384615385
262144,BCRegularizedPPO,202,behavioral_shift,1,0,2,0,130,0.0
262144,BCRegularizedPPO,202,behavioral_shift,1,0,3,0,130,0.0
262144,BCRegularizedPPO,202,behavioral_shift,1,0,4,5,130,0.038461538461538464
262144,BCRegularizedPPO,202,behavioral_shift,1,1,0,531,580,0.9155172413793103
262144,BCRegularizedPPO,202,behavioral_shift,1,1,1,15,580,0.02586206896551724
262144,BCRegularizedPPO,202,behavioral_shift,1,1,2,21,580,0.03620689655172414
262144,BCRegularizedPPO,202,behavioral_shift,1,1,3,5,580,0.008620689655172414
262144,BCRegularizedPPO,202,behavioral_shift,1,1,4,8,580,0.013793103448275862
262144,BCRegularizedPPO,202,behavioral_shift,1,2,0,84,181,0.46408839779005523
262144,BCRegularizedPPO,202,behavioral_shift,1,2,1,74,181,0.4088397790055249
262144,BCRegularizedPPO,202,behavioral_shift,1,2,2,10,181,0.055248618784530384
262144,BCRegularizedPPO,202,behavioral_shift,1,2,3,5,181,0.027624309392265192
262144,BCRegularizedPPO,202,behavioral_shift,1,2,4,8,181,0.04419889502762431
262144,BCRegularizedPPO,202,behavioral_shift,2,0,0,59,60,0.9833333333333333
262144,BCRegularizedPPO,202,behavioral_shift,2,0,1,1,60,0.016666666666666666
262144,BCRegularizedPPO,202,behavioral_shift,2,0,2,0,60,0.0
262144,BCRegularizedPPO,202,behavioral_shift,2,0,3,0,60,0.0
262144,BCRegularizedPPO,202,behavioral_shift,2,0,4,0,60,0.0
262144,BCRegularizedPPO,202,behavioral_shift,2,1,0,200,229,0.8733624454148472
262144,BCRegularizedPPO,202,behavioral_shift,2,1,1,11,229,0.048034934497816595
262144,BCRegularizedPPO,202,behavioral_shift,2,1,2,18,229,0.07860262008733625
262144,BCRegularizedPPO,202,behavioral_shift,2,1,3,0,229,0.0
262144,BCRegularizedPPO,202,behavioral_shift,2,1,4,0,229,0.0
262144,BCRegularizedPPO,202,behavioral_shift,2,2,0,74,286,0.25874125874125875
262144,BCRegularizedPPO,202,behavioral_shift,2,2,1,110,286,0.38461538461538464
262144,BCRegularizedPPO,202,behavioral_shift,2,2,2,38,286,0.13286713286713286
262144,BCRegularizedPPO,202,behavioral_shift,2,2,3,64,286,0.22377622377622378
262144,BCRegularizedPPO,202,behavioral_shift,2,2,4,0,286,0.0
262144,BCRegularizedPPO,303,behavioral_shift,0,0,0,14,51,0.27450980392156865
262144,BCRegularizedPPO,303,behavioral_shift,0,0,1,0,51,0.0
262144,BCRegularizedPPO,303,behavioral_shift,0,0,2,4,51,0.0784313725490196
262144,BCRegularizedPPO,303,behavioral_shift,0,0,3,20,51,0.39215686274509803
262144,BCRegularizedPPO,303,behavioral_shift,0,0,4,13,51,0.2549019607843137
262144,BCRegularizedPPO,303,behavioral_shift,0,1,0,168,456,0.3684210526315789
262144,BCRegularizedPPO,303,behavioral_shift,0,1,1,90,456,0.19736842105263158
262144,BCRegularizedPPO,303,behavioral_shift,0,1,2,20,456,0.043859649122807015
262144,BCRegularizedPPO,303,behavioral_shift,0,1,3,13,456,0.02850877192982456
262144,BCRegularizedPPO,303,behavioral_shift,0,1,4,165,456,0.3618421052631579
262144,BCRegularizedPPO,303,behavioral_shift,0,2,0,5,8,0.625
262144,BCRegularizedPPO,303,behavioral_shift,0,2,1,0,8,0.0
262144,BCRegularizedPPO,303,behavioral_shift,0,2,2,2,8,0.25
262144,BCRegularizedPPO,303,behavioral_shift,0,2,3,0,8,0.0
262144,BCRegularizedPPO,303,behavioral_shift,0,2,4,1,8,0.125
262144,BCRegularizedPPO,303,behavioral_shift,1,0,0,126,127,0.9921259842519685
262144,BCRegularizedPPO,303,behavioral_shift,1,0,1,0,127,0.0
262144,BCRegularizedPPO,303,behavioral_shift,1,0,2,0,127,0.0
262144,BCRegularizedPPO,303,behavioral_shift,1,0,3,0,127,0.0
262144,BCRegularizedPPO,303,behavioral_shift,1,0,4,1,127,0.007874015748031496
262144,BCRegularizedPPO,303,behavioral_shift,1,1,0,464,563,0.8241563055062167
262144,BCRegularizedPPO,303,behavioral_shift,1,1,1,3,563,0.0053285968028419185
262144,BCRegularizedPPO,303,behavioral_shift,1,1,2,77,563,0.13676731793960922
262144,BCRegularizedPPO,303,behavioral_shift,1,1,3,2,563,0.003552397868561279
262144,BCRegularizedPPO,303,behavioral_shift,1,1,4,17,563,0.03019538188277087
262144,BCRegularizedPPO,303,behavioral_shift,1,2,0,129,200,0.645
262144,BCRegularizedPPO,303,behavioral_shift,1,2,1,14,200,0.07
262144,BCRegularizedPPO,303,behavioral_shift,1,2,2,34,200,0.17
262144,BCRegularizedPPO,303,behavioral_shift,1,2,3,16,200,0.08
262144,BCRegularizedPPO,303,behavioral_shift,1,2,4,7,200,0.035
262144,BCRegularizedPPO,303,behavioral_shift,2,0,0,60,60,1.0
262144,BCRegularizedPPO,303,behavioral_shift,2,0,1,0,60,0.0
262144,BCRegularizedPPO,303,behavioral_shift,2,0,2,0,60,0.0
262144,BCRegularizedPPO,303,behavioral_shift,2,0,3,0,60,0.0
262144,BCRegularizedPPO,303,behavioral_shift,2,0,4,0,60,0.0
262144,BCRegularizedPPO,303,behavioral_shift,2,1,0,197,221,0.8914027149321267
262144,BCRegularizedPPO,303,behavioral_shift,2,1,1,4,221,0.01809954751131222
262144,BCRegularizedPPO,303,behavioral_shift,2,1,2,9,221,0.04072398190045249
262144,BCRegularizedPPO,303,behavioral_shift,2,1,3,3,221,0.013574660633484163
262144,BCRegularizedPPO,303,behavioral_shift,2,1,4,8,221,0.03619909502262444
262144,BCRegularizedPPO,303,behavioral_shift,2,2,0,145,287,0.5052264808362369
262144,BCRegularizedPPO,303,behavioral_shift,2,2,1,10,287,0.03484320557491289
262144,BCRegularizedPPO,303,behavioral_shift,2,2,2,33,287,0.11498257839721254
262144,BCRegularizedPPO,303,behavioral_shift,2,2,3,93,287,0.3240418118466899
262144,BCRegularizedPPO,303,behavioral_shift,2,2,4,6,287,0.020905923344947737
262144,BCRegularizedPPO,404,behavioral_shift,0,0,0,14,58,0.2413793103448276
262144,BCRegularizedPPO,404,behavioral_shift,0,0,1,0,58,0.0
262144,BCRegularizedPPO,404,behavioral_shift,0,0,2,3,58,0.05172413793103448
262144,BCRegularizedPPO,404,behavioral_shift,0,0,3,10,58,0.1724137931034483
262144,BCRegularizedPPO,404,behavioral_shift,0,0,4,31,58,0.5344827586206896
262144,BCRegularizedPPO,404,behavioral_shift,0,1,0,152,454,0.33480176211453744
262144,BCRegularizedPPO,404,behavioral_shift,0,1,1,128,454,0.28193832599118945
262144,BCRegularizedPPO,404,behavioral_shift,0,1,2,61,454,0.1343612334801762
262144,BCRegularizedPPO,404,behavioral_shift,0,1,3,24,454,0.05286343612334802
262144,BCRegularizedPPO,404,behavioral_shift,0,1,4,89,454,0.1960352422907489
262144,BCRegularizedPPO,404,behavioral_shift,0,2,0,3,6,0.5
262144,BCRegularizedPPO,404,behavioral_shift,0,2,1,2,6,0.3333333333333333
262144,BCRegularizedPPO,404,behavioral_shift,0,2,2,1,6,0.16666666666666666
262144,BCRegularizedPPO,404,behavioral_shift,0,2,3,0,6,0.0
262144,BCRegularizedPPO,404,behavioral_shift,0,2,4,0,6,0.0
262144,BCRegularizedPPO,404,behavioral_shift,1,0,0,125,127,0.984251968503937
262144,BCRegularizedPPO,404,behavioral_shift,1,0,1,1,127,0.007874015748031496
262144,BCRegularizedPPO,404,behavioral_shift,1,0,2,0,127,0.0
262144,BCRegularizedPPO,404,behavioral_shift,1,0,3,1,127,0.007874015748031496
262144,BCRegularizedPPO,404,behavioral_shift,1,0,4,0,127,0.0
262144,BCRegularizedPPO,404,behavioral_shift,1,1,0,499,614,0.8127035830618893
262144,BCRegularizedPPO,404,behavioral_shift,1,1,1,58,614,0.09446254071661238
262144,BCRegularizedPPO,404,behavioral_shift,1,1,2,31,614,0.050488599348534204
262144,BCRegularizedPPO,404,behavioral_shift,1,1,3,2,614,0.003257328990228013
262144,BCRegularizedPPO,404,behavioral_shift,1,1,4,24,614,0.03908794788273615
262144,BCRegularizedPPO,404,behavioral_shift,1,2,0,91,192,0.4739583333333333
262144,BCRegularizedPPO,404,behavioral_shift,1,2,1,58,192,0.3020833333333333
262144,BCRegularizedPPO,404,behavioral_shift,1,2,2,13,192,0.06770833333333333
262144,BCRegularizedPPO,404,behavioral_shift,1,2,3,16,192,0.08333333333333333
262144,BCRegularizedPPO,404,behavioral_shift,1,2,4,14,192,0.07291666666666667
262144,BCRegularizedPPO,404,behavioral_shift,2,0,0,60,60,1.0
262144,BCRegularizedPPO,404,behavioral_shift,2,0,1,0,60,0.0
262144,BCRegularizedPPO,404,behavioral_shift,2,0,2,0,60,0.0
262144,BCRegularizedPPO,404,behavioral_shift,2,0,3,0,60,0.0
262144,BCRegularizedPPO,404,behavioral_shift,2,0,4,0,60,0.0
262144,BCRegularizedPPO,404,behavioral_shift,2,1,0,188,236,0.7966101694915254
262144,BCRegularizedPPO,404,behavioral_shift,2,1,1,22,236,0.09322033898305085
262144,BCRegularizedPPO,404,behavioral_shift,2,1,2,21,236,0.08898305084745763
262144,BCRegularizedPPO,404,behavioral_shift,2,1,3,4,236,0.01694915254237288
262144,BCRegularizedPPO,404,behavioral_shift,2,1,4,1,236,0.00423728813559322
262144,BCRegularizedPPO,404,behavioral_shift,2,2,0,46,297,0.15488215488215487
262144,BCRegularizedPPO,404,behavioral_shift,2,2,1,85,297,0.28619528619528617
262144,BCRegularizedPPO,404,behavioral_shift,2,2,2,62,297,0.20875420875420875
262144,BCRegularizedPPO,404,behavioral_shift,2,2,3,101,297,0.3400673400673401
262144,BCRegularizedPPO,404,behavioral_shift,2,2,4,3,297,0.010101010101010102
262144,BCRegularizedPPO,505,behavioral_shift,0,0,0,14,44,0.3181818181818182
262144,BCRegularizedPPO,505,behavioral_shift,0,0,1,0,44,0.0
262144,BCRegularizedPPO,505,behavioral_shift,0,0,2,5,44,0.11363636363636363
262144,BCRegularizedPPO,505,behavioral_shift,0,0,3,5,44,0.11363636363636363
262144,BCRegularizedPPO,505,behavioral_shift,0,0,4,20,44,0.45454545454545453
262144,BCRegularizedPPO,505,behavioral_shift,0,1,0,174,470,0.3702127659574468
262144,BCRegularizedPPO,505,behavioral_shift,0,1,1,51,470,0.10851063829787234
262144,BCRegularizedPPO,505,behavioral_shift,0,1,2,138,470,0.2936170212765957
262144,BCRegularizedPPO,505,behavioral_shift,0,1,3,79,470,0.16808510638297872
262144,BCRegularizedPPO,505,behavioral_shift,0,1,4,28,470,0.059574468085106386
262144,BCRegularizedPPO,505,behavioral_shift,0,2,0,3,5,0.6
262144,BCRegularizedPPO,505,behavioral_shift,0,2,1,1,5,0.2
262144,BCRegularizedPPO,505,behavioral_shift,0,2,2,1,5,0.2
262144,BCRegularizedPPO,505,behavioral_shift,0,2,3,0,5,0.0
262144,BCRegularizedPPO,505,behavioral_shift,0,2,4,0,5,0.0
262144,BCRegularizedPPO,505,behavioral_shift,1,0,0,126,127,0.9921259842519685
262144,BCRegularizedPPO,505,behavioral_shift,1,0,1,0,127,0.0
262144,BCRegularizedPPO,505,behavioral_shift,1,0,2,0,127,0.0
262144,BCRegularizedPPO,505,behavioral_shift,1,0,3,0,127,0.0
262144,BCRegularizedPPO,505,behavioral_shift,1,0,4,1,127,0.007874015748031496
262144,BCRegularizedPPO,505,behavioral_shift,1,1,0,402,569,0.7065026362038664
262144,BCRegularizedPPO,505,behavioral_shift,1,1,1,17,569,0.029876977152899824
262144,BCRegularizedPPO,505,behavioral_shift,1,1,2,117,569,0.2056239015817223
262144,BCRegularizedPPO,505,behavioral_shift,1,1,3,24,569,0.0421792618629174
262144,BCRegularizedPPO,505,behavioral_shift,1,1,4,9,569,0.015817223198594025
262144,BCRegularizedPPO,505,behavioral_shift,1,2,0,50,182,0.27472527472527475
262144,BCRegularizedPPO,505,behavioral_shift,1,2,1,90,182,0.4945054945054945
262144,BCRegularizedPPO,505,behavioral_shift,1,2,2,36,182,0.1978021978021978
262144,BCRegularizedPPO,505,behavioral_shift,1,2,3,0,182,0.0
262144,BCRegularizedPPO,505,behavioral_shift,1,2,4,6,182,0.03296703296703297
262144,BCRegularizedPPO,505,behavioral_shift,2,0,0,60,60,1.0
262144,BCRegularizedPPO,505,behavioral_shift,2,0,1,0,60,0.0
262144,BCRegularizedPPO,505,behavioral_shift,2,0,2,0,60,0.0
262144,BCRegularizedPPO,505,behavioral_shift,2,0,3,0,60,0.0
262144,BCRegularizedPPO,505,behavioral_shift,2,0,4,0,60,0.0
262144,BCRegularizedPPO,505,behavioral_shift,2,1,0,185,210,0.8809523809523809
262144,BCRegularizedPPO,505,behavioral_shift,2,1,1,5,210,0.023809523809523808
262144,BCRegularizedPPO,505,behavioral_shift,2,1,2,20,210,0.09523809523809523
262144,BCRegularizedPPO,505,behavioral_shift,2,1,3,0,210,0.0
262144,BCRegularizedPPO,505,behavioral_shift,2,1,4,0,210,0.0
262144,BCRegularizedPPO,505,behavioral_shift,2,2,0,86,314,0.27388535031847133
262144,BCRegularizedPPO,505,behavioral_shift,2,2,1,91,314,0.2898089171974522
262144,BCRegularizedPPO,505,behavioral_shift,2,2,2,137,314,0.43630573248407645
262144,BCRegularizedPPO,505,behavioral_shift,2,2,3,0,314,0.0
262144,BCRegularizedPPO,505,behavioral_shift,2,2,4,0,314,0.0
262144,CanonicalPPO,101,behavioral_shift,0,0,0,15,15,1.0
262144,CanonicalPPO,101,behavioral_shift,0,0,1,0,15,0.0
262144,CanonicalPPO,101,behavioral_shift,0,0,2,0,15,0.0
262144,CanonicalPPO,101,behavioral_shift,0,0,3,0,15,0.0
262144,CanonicalPPO,101,behavioral_shift,0,0,4,0,15,0.0
262144,CanonicalPPO,101,behavioral_shift,0,1,0,18,466,0.03862660944206009
262144,CanonicalPPO,101,behavioral_shift,0,1,1,448,466,0.9613733905579399
262144,CanonicalPPO,101,behavioral_shift,0,1,2,0,466,0.0
262144,CanonicalPPO,101,behavioral_shift,0,1,3,0,466,0.0
262144,CanonicalPPO,101,behavioral_shift,0,1,4,0,466,0.0
262144,CanonicalPPO,101,behavioral_shift,0,2,0,0,14,0.0
262144,CanonicalPPO,101,behavioral_shift,0,2,1,14,14,1.0
262144,CanonicalPPO,101,behavioral_shift,0,2,2,0,14,0.0
262144,CanonicalPPO,101,behavioral_shift,0,2,3,0,14,0.0
262144,CanonicalPPO,101,behavioral_shift,0,2,4,0,14,0.0
262144,CanonicalPPO,101,behavioral_shift,1,0,0,126,126,1.0
262144,CanonicalPPO,101,behavioral_shift,1,0,1,0,126,0.0
262144,CanonicalPPO,101,behavioral_shift,1,0,2,0,126,0.0
262144,CanonicalPPO,101,behavioral_shift,1,0,3,0,126,0.0
262144,CanonicalPPO,101,behavioral_shift,1,0,4,0,126,0.0
262144,CanonicalPPO,101,behavioral_shift,1,1,0,228,561,0.40641711229946526
262144,CanonicalPPO,101,behavioral_shift,1,1,1,333,561,0.5935828877005348
262144,CanonicalPPO,101,behavioral_shift,1,1,2,0,561,0.0
262144,CanonicalPPO,101,behavioral_shift,1,1,3,0,561,0.0
262144,CanonicalPPO,101,behavioral_shift,1,1,4,0,561,0.0
262144,CanonicalPPO,101,behavioral_shift,1,2,0,11,128,0.0859375
262144,CanonicalPPO,101,behavioral_shift,1,2,1,117,128,0.9140625
262144,CanonicalPPO,101,behavioral_shift,1,2,2,0,128,0.0
262144,CanonicalPPO,101,behavioral_shift,1,2,3,0,128,0.0
262144,CanonicalPPO,101,behavioral_shift,1,2,4,0,128,0.0
262144,CanonicalPPO,101,behavioral_shift,2,0,0,60,60,1.0
262144,CanonicalPPO,101,behavioral_shift,2,0,1,0,60,0.0
262144,CanonicalPPO,101,behavioral_shift,2,0,2,0,60,0.0
262144,CanonicalPPO,101,behavioral_shift,2,0,3,0,60,0.0
262144,CanonicalPPO,101,behavioral_shift,2,0,4,0,60,0.0
262144,CanonicalPPO,101,behavioral_shift,2,1,0,174,201,0.8656716417910447
262144,CanonicalPPO,101,behavioral_shift,2,1,1,27,201,0.13432835820895522
262144,CanonicalPPO,101,behavioral_shift,2,1,2,0,201,0.0
262144,CanonicalPPO,101,behavioral_shift,2,1,3,0,201,0.0
262144,CanonicalPPO,101,behavioral_shift,2,1,4,0,201,0.0
262144,CanonicalPPO,101,behavioral_shift,2,2,0,107,297,0.3602693602693603
262144,CanonicalPPO,101,behavioral_shift,2,2,1,190,297,0.6397306397306397
262144,CanonicalPPO,101,behavioral_shift,2,2,2,0,297,0.0
262144,CanonicalPPO,101,behavioral_shift,2,2,3,0,297,0.0
262144,CanonicalPPO,101,behavioral_shift,2,2,4,0,297,0.0
262144,CanonicalPPO,202,behavioral_shift,0,0,0,15,15,1.0
262144,CanonicalPPO,202,behavioral_shift,0,0,1,0,15,0.0
262144,CanonicalPPO,202,behavioral_shift,0,0,2,0,15,0.0
262144,CanonicalPPO,202,behavioral_shift,0,0,3,0,15,0.0
262144,CanonicalPPO,202,behavioral_shift,0,0,4,0,15,0.0
262144,CanonicalPPO,202,behavioral_shift,0,1,0,23,476,0.04831932773109244
262144,CanonicalPPO,202,behavioral_shift,0,1,1,443,476,0.930672268907563
262144,CanonicalPPO,202,behavioral_shift,0,1,2,10,476,0.02100840336134454
262144,CanonicalPPO,202,behavioral_shift,0,1,3,0,476,0.0
262144,CanonicalPPO,202,behavioral_shift,0,1,4,0,476,0.0
262144,CanonicalPPO,202,behavioral_shift,0,2,0,0,7,0.0
262144,CanonicalPPO,202,behavioral_shift,0,2,1,6,7,0.8571428571428571
262144,CanonicalPPO,202,behavioral_shift,0,2,2,1,7,0.14285714285714285
262144,CanonicalPPO,202,behavioral_shift,0,2,3,0,7,0.0
262144,CanonicalPPO,202,behavioral_shift,0,2,4,0,7,0.0
262144,CanonicalPPO,202,behavioral_shift,1,0,0,126,126,1.0
262144,CanonicalPPO,202,behavioral_shift,1,0,1,0,126,0.0
262144,CanonicalPPO,202,behavioral_shift,1,0,2,0,126,0.0
262144,CanonicalPPO,202,behavioral_shift,1,0,3,0,126,0.0
262144,CanonicalPPO,202,behavioral_shift,1,0,4,0,126,0.0
262144,CanonicalPPO,202,behavioral_shift,1,1,0,247,556,0.4442446043165468
262144,CanonicalPPO,202,behavioral_shift,1,1,1,299,556,0.5377697841726619
262144,CanonicalPPO,202,behavioral_shift,1,1,2,10,556,0.017985611510791366
262144,CanonicalPPO,202,behavioral_shift,1,1,3,0,556,0.0
262144,CanonicalPPO,202,behavioral_shift,1,1,4,0,556,0.0
262144,CanonicalPPO,202,behavioral_shift,1,2,0,16,124,0.12903225806451613
262144,CanonicalPPO,202,behavioral_shift,1,2,1,104,124,0.8387096774193549
262144,CanonicalPPO,202,behavioral_shift,1,2,2,4,124,0.03225806451612903
262144,CanonicalPPO,202,behavioral_shift,1,2,3,0,124,0.0
262144,CanonicalPPO,202,behavioral_shift,1,2,4,0,124,0.0
262144,CanonicalPPO,202,behavioral_shift,2,0,0,60,60,1.0
262144,CanonicalPPO,202,behavioral_shift,2,0,1,0,60,0.0
262144,CanonicalPPO,202,behavioral_shift,2,0,2,0,60,0.0
262144,CanonicalPPO,202,behavioral_shift,2,0,3,0,60,0.0
262144,CanonicalPPO,202,behavioral_shift,2,0,4,0,60,0.0
262144,CanonicalPPO,202,behavioral_shift,2,1,0,171,201,0.8507462686567164
262144,CanonicalPPO,202,behavioral_shift,2,1,1,30,201,0.14925373134328357
262144,CanonicalPPO,202,behavioral_shift,2,1,2,0,201,0.0
262144,CanonicalPPO,202,behavioral_shift,2,1,3,0,201,0.0
262144,CanonicalPPO,202,behavioral_shift,2,1,4,0,201,0.0
262144,CanonicalPPO,202,behavioral_shift,2,2,0,94,304,0.3092105263157895
262144,CanonicalPPO,202,behavioral_shift,2,2,1,210,304,0.6907894736842105
262144,CanonicalPPO,202,behavioral_shift,2,2,2,0,304,0.0
262144,CanonicalPPO,202,behavioral_shift,2,2,3,0,304,0.0
262144,CanonicalPPO,202,behavioral_shift,2,2,4,0,304,0.0
262144,CanonicalPPO,303,behavioral_shift,0,0,0,15,15,1.0
262144,CanonicalPPO,303,behavioral_shift,0,0,1,0,15,0.0
262144,CanonicalPPO,303,behavioral_shift,0,0,2,0,15,0.0
262144,CanonicalPPO,303,behavioral_shift,0,0,3,0,15,0.0
262144,CanonicalPPO,303,behavioral_shift,0,0,4,0,15,0.0
262144,CanonicalPPO,303,behavioral_shift,0,1,0,383,480,0.7979166666666667
262144,CanonicalPPO,303,behavioral_shift,0,1,1,94,480,0.19583333333333333
262144,CanonicalPPO,303,behavioral_shift,0,1,2,0,480,0.0
262144,CanonicalPPO,303,behavioral_shift,0,1,3,0,480,0.0
262144,CanonicalPPO,303,behavioral_shift,0,1,4,3,480,0.00625
262144,CanonicalPPO,303,behavioral_shift,0,2,0,19,21,0.9047619047619048
262144,CanonicalPPO,303,behavioral_shift,0,2,1,0,21,0.0
262144,CanonicalPPO,303,behavioral_shift,0,2,2,0,21,0.0
262144,CanonicalPPO,303,behavioral_shift,0,2,3,0,21,0.0
262144,CanonicalPPO,303,behavioral_shift,0,2,4,2,21,0.09523809523809523
262144,CanonicalPPO,303,behavioral_shift,1,0,0,126,126,1.0
262144,CanonicalPPO,303,behavioral_shift,1,0,1,0,126,0.0
262144,CanonicalPPO,303,behavioral_shift,1,0,2,0,126,0.0
262144,CanonicalPPO,303,behavioral_shift,1,0,3,0,126,0.0
262144,CanonicalPPO,303,behavioral_shift,1,0,4,0,126,0.0
262144,CanonicalPPO,303,behavioral_shift,1,1,0,457,499,0.9158316633266533
262144,CanonicalPPO,303,behavioral_shift,1,1,1,22,499,0.04408817635270541
262144,CanonicalPPO,303,behavioral_shift,1,1,2,0,499,0.0
262144,CanonicalPPO,303,behavioral_shift,1,1,3,0,499,0.0
262144,CanonicalPPO,303,behavioral_shift,1,1,4,20,499,0.04008016032064128
262144,CanonicalPPO,303,behavioral_shift,1,2,0,126,146,0.863013698630137
262144,CanonicalPPO,303,behavioral_shift,1,2,1,0,146,0.0
262144,CanonicalPPO,303,behavioral_shift,1,2,2,0,146,0.0
262144,CanonicalPPO,303,behavioral_shift,1,2,3,0,146,0.0
262144,CanonicalPPO,303,behavioral_shift,1,2,4,20,146,0.136986301369863
262144,CanonicalPPO,303,behavioral_shift,2,0,0,60,60,1.0
262144,CanonicalPPO,303,behavioral_shift,2,0,1,0,60,0.0
262144,CanonicalPPO,303,behavioral_shift,2,0,2,0,60,0.0
262144,CanonicalPPO,303,behavioral_shift,2,0,3,0,60,0.0
262144,CanonicalPPO,303,behavioral_shift,2,0,4,0,60,0.0
262144,CanonicalPPO,303,behavioral_shift,2,1,0,189,217,0.8709677419354839
262144,CanonicalPPO,303,behavioral_shift,2,1,1,0,217,0.0
262144,CanonicalPPO,303,behavioral_shift,2,1,2,0,217,0.0
262144,CanonicalPPO,303,behavioral_shift,2,1,3,0,217,0.0
262144,CanonicalPPO,303,behavioral_shift,2,1,4,28,217,0.12903225806451613
262144,CanonicalPPO,303,behavioral_shift,2,2,0,193,273,0.706959706959707
262144,CanonicalPPO,303,behavioral_shift,2,2,1,0,273,0.0
262144,CanonicalPPO,303,behavioral_shift,2,2,2,0,273,0.0
262144,CanonicalPPO,303,behavioral_shift,2,2,3,0,273,0.0
262144,CanonicalPPO,303,behavioral_shift,2,2,4,80,273,0.29304029304029305
262144,CanonicalPPO,404,behavioral_shift,0,0,0,15,15,1.0
262144,CanonicalPPO,404,behavioral_shift,0,0,1,0,15,0.0
262144,CanonicalPPO,404,behavioral_shift,0,0,2,0,15,0.0
262144,CanonicalPPO,404,behavioral_shift,0,0,3,0,15,0.0
262144,CanonicalPPO,404,behavioral_shift,0,0,4,0,15,0.0
262144,CanonicalPPO,404,behavioral_shift,0,1,0,51,468,0.10897435897435898
262144,CanonicalPPO,404,behavioral_shift,0,1,1,415,468,0.8867521367521367
262144,CanonicalPPO,404,behavioral_shift,0,1,2,0,468,0.0
262144,CanonicalPPO,404,behavioral_shift,0,1,3,2,468,0.004273504273504274
262144,CanonicalPPO,404,behavioral_shift,0,1,4,0,468,0.0
262144,CanonicalPPO,404,behavioral_shift,0,2,0,2,11,0.18181818181818182
262144,CanonicalPPO,404,behavioral_shift,0,2,1,7,11,0.6363636363636364
262144,CanonicalPPO,404,behavioral_shift,0,2,2,0,11,0.0
262144,CanonicalPPO,404,behavioral_shift,0,2,3,2,11,0.18181818181818182
262144,CanonicalPPO,404,behavioral_shift,0,2,4,0,11,0.0
262144,CanonicalPPO,404,behavioral_shift,1,0,0,126,126,1.0
262144,CanonicalPPO,404,behavioral_shift,1,0,1,0,126,0.0
262144,CanonicalPPO,404,behavioral_shift,1,0,2,0,126,0.0
262144,CanonicalPPO,404,behavioral_shift,1,0,3,0,126,0.0
262144,CanonicalPPO,404,behavioral_shift,1,0,4,0,126,0.0
262144,CanonicalPPO,404,behavioral_shift,1,1,0,278,506,0.549407114624506
262144,CanonicalPPO,404,behavioral_shift,1,1,1,217,506,0.4288537549407115
262144,CanonicalPPO,404,behavioral_shift,1,1,2,0,506,0.0
262144,CanonicalPPO,404,behavioral_shift,1,1,3,11,506,0.021739130434782608
262144,CanonicalPPO,404,behavioral_shift,1,1,4,0,506,0.0
262144,CanonicalPPO,404,behavioral_shift,1,2,0,61,140,0.4357142857142857
262144,CanonicalPPO,404,behavioral_shift,1,2,1,68,140,0.4857142857142857
262144,CanonicalPPO,404,behavioral_shift,1,2,2,0,140,0.0
262144,CanonicalPPO,404,behavioral_shift,1,2,3,11,140,0.07857142857142857
262144,CanonicalPPO,404,behavioral_shift,1,2,4,0,140,0.0
262144,CanonicalPPO,404,behavioral_shift,2,0,0,60,60,1.0
262144,CanonicalPPO,404,behavioral_shift,2,0,1,0,60,0.0
262144,CanonicalPPO,404,behavioral_shift,2,0,2,0,60,0.0
262144,CanonicalPPO,404,behavioral_shift,2,0,3,0,60,0.0
262144,CanonicalPPO,404,behavioral_shift,2,0,4,0,60,0.0
262144,CanonicalPPO,404,behavioral_shift,2,1,0,178,199,0.8944723618090452
262144,CanonicalPPO,404,behavioral_shift,2,1,1,15,199,0.07537688442211055
262144,CanonicalPPO,404,behavioral_shift,2,1,2,0,199,0.0
262144,CanonicalPPO,404,behavioral_shift,2,1,3,6,199,0.03015075376884422
262144,CanonicalPPO,404,behavioral_shift,2,1,4,0,199,0.0
262144,CanonicalPPO,404,behavioral_shift,2,2,0,135,288,0.46875
262144,CanonicalPPO,404,behavioral_shift,2,2,1,152,288,0.5277777777777778
262144,CanonicalPPO,404,behavioral_shift,2,2,2,0,288,0.0
262144,CanonicalPPO,404,behavioral_shift,2,2,3,1,288,0.003472222222222222
262144,CanonicalPPO,404,behavioral_shift,2,2,4,0,288,0.0
262144,CanonicalPPO,505,behavioral_shift,0,0,0,15,15,1.0
262144,CanonicalPPO,505,behavioral_shift,0,0,1,0,15,0.0
262144,CanonicalPPO,505,behavioral_shift,0,0,2,0,15,0.0
262144,CanonicalPPO,505,behavioral_shift,0,0,3,0,15,0.0
262144,CanonicalPPO,505,behavioral_shift,0,0,4,0,15,0.0
262144,CanonicalPPO,505,behavioral_shift,0,1,0,63,471,0.1337579617834395
262144,CanonicalPPO,505,behavioral_shift,0,1,1,408,471,0.8662420382165605
262144,CanonicalPPO,505,behavioral_shift,0,1,2,0,471,0.0
262144,CanonicalPPO,505,behavioral_shift,0,1,3,0,471,0.0
262144,CanonicalPPO,505,behavioral_shift,0,1,4,0,471,0.0
262144,CanonicalPPO,505,behavioral_shift,0,2,0,0,14,0.0
262144,CanonicalPPO,505,behavioral_shift,0,2,1,14,14,1.0
262144,CanonicalPPO,505,behavioral_shift,0,2,2,0,14,0.0
262144,CanonicalPPO,505,behavioral_shift,0,2,3,0,14,0.0
262144,CanonicalPPO,505,behavioral_shift,0,2,4,0,14,0.0
262144,CanonicalPPO,505,behavioral_shift,1,0,0,126,126,1.0
262144,CanonicalPPO,505,behavioral_shift,1,0,1,0,126,0.0
262144,CanonicalPPO,505,behavioral_shift,1,0,2,0,126,0.0
262144,CanonicalPPO,505,behavioral_shift,1,0,3,0,126,0.0
262144,CanonicalPPO,505,behavioral_shift,1,0,4,0,126,0.0
262144,CanonicalPPO,505,behavioral_shift,1,1,0,274,530,0.5169811320754717
262144,CanonicalPPO,505,behavioral_shift,1,1,1,256,530,0.4830188679245283
262144,CanonicalPPO,505,behavioral_shift,1,1,2,0,530,0.0
262144,CanonicalPPO,505,behavioral_shift,1,1,3,0,530,0.0
262144,CanonicalPPO,505,behavioral_shift,1,1,4,0,530,0.0
262144,CanonicalPPO,505,behavioral_shift,1,2,0,45,135,0.3333333333333333
262144,CanonicalPPO,505,behavioral_shift,1,2,1,90,135,0.6666666666666666
262144,CanonicalPPO,505,behavioral_shift,1,2,2,0,135,0.0
262144,CanonicalPPO,505,behavioral_shift,1,2,3,0,135,0.0
262144,CanonicalPPO,505,behavioral_shift,1,2,4,0,135,0.0
262144,CanonicalPPO,505,behavioral_shift,2,0,0,60,60,1.0
262144,CanonicalPPO,505,behavioral_shift,2,0,1,0,60,0.0
262144,CanonicalPPO,505,behavioral_shift,2,0,2,0,60,0.0
262144,CanonicalPPO,505,behavioral_shift,2,0,3,0,60,0.0
262144,CanonicalPPO,505,behavioral_shift,2,0,4,0,60,0.0
262144,CanonicalPPO,505,behavioral_shift,2,1,0,170,201,0.845771144278607
262144,CanonicalPPO,505,behavioral_shift,2,1,1,31,201,0.15422885572139303
262144,CanonicalPPO,505,behavioral_shift,2,1,2,0,201,0.0
262144,CanonicalPPO,505,behavioral_shift,2,1,3,0,201,0.0
262144,CanonicalPPO,505,behavioral_shift,2,1,4,0,201,0.0
262144,CanonicalPPO,505,behavioral_shift,2,2,0,107,290,0.3689655172413793
262144,CanonicalPPO,505,behavioral_shift,2,2,1,183,290,0.6310344827586207
262144,CanonicalPPO,505,behavioral_shift,2,2,2,0,290,0.0
262144,CanonicalPPO,505,behavioral_shift,2,2,3,0,290,0.0
262144,CanonicalPPO,505,behavioral_shift,2,2,4,0,290,0.0
262144,MyopicEconomic,101,behavioral_shift,0,0,0,35,567,0.06172839506172839
262144,MyopicEconomic,101,behavioral_shift,0,0,1,39,567,0.06878306878306878
262144,MyopicEconomic,101,behavioral_shift,0,0,2,284,567,0.5008818342151675
262144,MyopicEconomic,101,behavioral_shift,0,0,3,42,567,0.07407407407407407
262144,MyopicEconomic,101,behavioral_shift,0,0,4,167,567,0.2945326278659612
262144,MyopicEconomic,101,behavioral_shift,0,1,0,0,19,0.0
262144,MyopicEconomic,101,behavioral_shift,0,1,1,0,19,0.0
262144,MyopicEconomic,101,behavioral_shift,0,1,2,0,19,0.0
262144,MyopicEconomic,101,behavioral_shift,0,1,3,0,19,0.0
262144,MyopicEconomic,101,behavioral_shift,0,1,4,19,19,1.0
262144,MyopicEconomic,101,behavioral_shift,1,0,0,31,765,0.040522875816993466
262144,MyopicEconomic,101,behavioral_shift,1,0,1,34,765,0.044444444444444446
262144,MyopicEconomic,101,behavioral_shift,1,0,2,379,765,0.4954248366013072
262144,MyopicEconomic,101,behavioral_shift,1,0,3,52,765,0.06797385620915032
262144,MyopicEconomic,101,behavioral_shift,1,0,4,269,765,0.3516339869281046
262144,MyopicEconomic,101,behavioral_shift,1,1,0,46,159,0.2893081761006289
262144,MyopicEconomic,101,behavioral_shift,1,1,1,1,159,0.006289308176100629
262144,MyopicEconomic,101,behavioral_shift,1,1,2,59,159,0.3710691823899371
262144,MyopicEconomic,101,behavioral_shift,1,1,3,2,159,0.012578616352201259
262144,MyopicEconomic,101,behavioral_shift,1,1,4,51,159,0.32075471698113206
262144,MyopicEconomic,101,behavioral_shift,1,2,0,0,9,0.0
262144,MyopicEconomic,101,behavioral_shift,1,2,1,0,9,0.0
262144,MyopicEconomic,101,behavioral_shift,1,2,2,0,9,0.0
262144,MyopicEconomic,101,behavioral_shift,1,2,3,0,9,0.0
262144,MyopicEconomic,101,behavioral_shift,1,2,4,9,9,1.0
262144,MyopicEconomic,101,behavioral_shift,2,0,0,8,514,0.01556420233463035
262144,MyopicEconomic,101,behavioral_shift,2,0,1,4,514,0.007782101167315175
262144,MyopicEconomic,101,behavioral_shift,2,0,2,326,514,0.6342412451361867
262144,MyopicEconomic,101,behavioral_shift,2,0,3,18,514,0.03501945525291829
262144,MyopicEconomic,101,behavioral_shift,2,0,4,158,514,0.30739299610894943
262144,MyopicEconomic,101,behavioral_shift,2,1,0,59,289,0.2041522491349481
262144,MyopicEconomic,101,behavioral_shift,2,1,1,23,289,0.07958477508650519
262144,MyopicEconomic,101,behavioral_shift,2,1,2,140,289,0.4844290657439446
262144,MyopicEconomic,101,behavioral_shift,2,1,3,2,289,0.006920415224913495
262144,MyopicEconomic,101,behavioral_shift,2,1,4,65,289,0.22491349480968859
262144,MyopicEconomic,101,behavioral_shift,2,2,0,0,37,0.0
262144,MyopicEconomic,101,behavioral_shift,2,2,1,0,37,0.0
262144,MyopicEconomic,101,behavioral_shift,2,2,2,13,37,0.35135135135135137
262144,MyopicEconomic,101,behavioral_shift,2,2,3,0,37,0.0
262144,MyopicEconomic,101,behavioral_shift,2,2,4,24,37,0.6486486486486487
262144,MyopicEconomic,202,behavioral_shift,0,0,0,35,567,0.06172839506172839
262144,MyopicEconomic,202,behavioral_shift,0,0,1,39,567,0.06878306878306878
262144,MyopicEconomic,202,behavioral_shift,0,0,2,284,567,0.5008818342151675
262144,MyopicEconomic,202,behavioral_shift,0,0,3,42,567,0.07407407407407407
262144,MyopicEconomic,202,behavioral_shift,0,0,4,167,567,0.2945326278659612
262144,MyopicEconomic,202,behavioral_shift,0,1,0,0,19,0.0
262144,MyopicEconomic,202,behavioral_shift,0,1,1,0,19,0.0
262144,MyopicEconomic,202,behavioral_shift,0,1,2,0,19,0.0
262144,MyopicEconomic,202,behavioral_shift,0,1,3,0,19,0.0
262144,MyopicEconomic,202,behavioral_shift,0,1,4,19,19,1.0
262144,MyopicEconomic,202,behavioral_shift,1,0,0,31,765,0.040522875816993466
262144,MyopicEconomic,202,behavioral_shift,1,0,1,34,765,0.044444444444444446
262144,MyopicEconomic,202,behavioral_shift,1,0,2,379,765,0.4954248366013072
262144,MyopicEconomic,202,behavioral_shift,1,0,3,52,765,0.06797385620915032
262144,MyopicEconomic,202,behavioral_shift,1,0,4,269,765,0.3516339869281046
262144,MyopicEconomic,202,behavioral_shift,1,1,0,46,159,0.2893081761006289
262144,MyopicEconomic,202,behavioral_shift,1,1,1,1,159,0.006289308176100629
262144,MyopicEconomic,202,behavioral_shift,1,1,2,59,159,0.3710691823899371
262144,MyopicEconomic,202,behavioral_shift,1,1,3,2,159,0.012578616352201259
262144,MyopicEconomic,202,behavioral_shift,1,1,4,51,159,0.32075471698113206
262144,MyopicEconomic,202,behavioral_shift,1,2,0,0,9,0.0
262144,MyopicEconomic,202,behavioral_shift,1,2,1,0,9,0.0
262144,MyopicEconomic,202,behavioral_shift,1,2,2,0,9,0.0
262144,MyopicEconomic,202,behavioral_shift,1,2,3,0,9,0.0
262144,MyopicEconomic,202,behavioral_shift,1,2,4,9,9,1.0
262144,MyopicEconomic,202,behavioral_shift,2,0,0,8,514,0.01556420233463035
262144,MyopicEconomic,202,behavioral_shift,2,0,1,4,514,0.007782101167315175
262144,MyopicEconomic,202,behavioral_shift,2,0,2,326,514,0.6342412451361867
262144,MyopicEconomic,202,behavioral_shift,2,0,3,18,514,0.03501945525291829
262144,MyopicEconomic,202,behavioral_shift,2,0,4,158,514,0.30739299610894943
262144,MyopicEconomic,202,behavioral_shift,2,1,0,59,289,0.2041522491349481
262144,MyopicEconomic,202,behavioral_shift,2,1,1,23,289,0.07958477508650519
262144,MyopicEconomic,202,behavioral_shift,2,1,2,140,289,0.4844290657439446
262144,MyopicEconomic,202,behavioral_shift,2,1,3,2,289,0.006920415224913495
262144,MyopicEconomic,202,behavioral_shift,2,1,4,65,289,0.22491349480968859
262144,MyopicEconomic,202,behavioral_shift,2,2,0,0,37,0.0
262144,MyopicEconomic,202,behavioral_shift,2,2,1,0,37,0.0
262144,MyopicEconomic,202,behavioral_shift,2,2,2,13,37,0.35135135135135137
262144,MyopicEconomic,202,behavioral_shift,2,2,3,0,37,0.0
262144,MyopicEconomic,202,behavioral_shift,2,2,4,24,37,0.6486486486486487
262144,MyopicEconomic,303,behavioral_shift,0,0,0,35,567,0.06172839506172839
262144,MyopicEconomic,303,behavioral_shift,0,0,1,39,567,0.06878306878306878
262144,MyopicEconomic,303,behavioral_shift,0,0,2,284,567,0.5008818342151675
262144,MyopicEconomic,303,behavioral_shift,0,0,3,42,567,0.07407407407407407
262144,MyopicEconomic,303,behavioral_shift,0,0,4,167,567,0.2945326278659612
262144,MyopicEconomic,303,behavioral_shift,0,1,0,0,19,0.0
262144,MyopicEconomic,303,behavioral_shift,0,1,1,0,19,0.0
262144,MyopicEconomic,303,behavioral_shift,0,1,2,0,19,0.0
262144,MyopicEconomic,303,behavioral_shift,0,1,3,0,19,0.0
262144,MyopicEconomic,303,behavioral_shift,0,1,4,19,19,1.0
262144,MyopicEconomic,303,behavioral_shift,1,0,0,31,765,0.040522875816993466
262144,MyopicEconomic,303,behavioral_shift,1,0,1,34,765,0.044444444444444446
262144,MyopicEconomic,303,behavioral_shift,1,0,2,379,765,0.4954248366013072
262144,MyopicEconomic,303,behavioral_shift,1,0,3,52,765,0.06797385620915032
262144,MyopicEconomic,303,behavioral_shift,1,0,4,269,765,0.3516339869281046
262144,MyopicEconomic,303,behavioral_shift,1,1,0,46,159,0.2893081761006289
262144,MyopicEconomic,303,behavioral_shift,1,1,1,1,159,0.006289308176100629
262144,MyopicEconomic,303,behavioral_shift,1,1,2,59,159,0.3710691823899371
262144,MyopicEconomic,303,behavioral_shift,1,1,3,2,159,0.012578616352201259
262144,MyopicEconomic,303,behavioral_shift,1,1,4,51,159,0.32075471698113206
262144,MyopicEconomic,303,behavioral_shift,1,2,0,0,9,0.0
262144,MyopicEconomic,303,behavioral_shift,1,2,1,0,9,0.0
262144,MyopicEconomic,303,behavioral_shift,1,2,2,0,9,0.0
262144,MyopicEconomic,303,behavioral_shift,1,2,3,0,9,0.0
262144,MyopicEconomic,303,behavioral_shift,1,2,4,9,9,1.0
262144,MyopicEconomic,303,behavioral_shift,2,0,0,8,514,0.01556420233463035
262144,MyopicEconomic,303,behavioral_shift,2,0,1,4,514,0.007782101167315175
262144,MyopicEconomic,303,behavioral_shift,2,0,2,326,514,0.6342412451361867
262144,MyopicEconomic,303,behavioral_shift,2,0,3,18,514,0.03501945525291829
262144,MyopicEconomic,303,behavioral_shift,2,0,4,158,514,0.30739299610894943
262144,MyopicEconomic,303,behavioral_shift,2,1,0,59,289,0.2041522491349481
262144,MyopicEconomic,303,behavioral_shift,2,1,1,23,289,0.07958477508650519
262144,MyopicEconomic,303,behavioral_shift,2,1,2,140,289,0.4844290657439446
262144,MyopicEconomic,303,behavioral_shift,2,1,3,2,289,0.006920415224913495
262144,MyopicEconomic,303,behavioral_shift,2,1,4,65,289,0.22491349480968859
262144,MyopicEconomic,303,behavioral_shift,2,2,0,0,37,0.0
262144,MyopicEconomic,303,behavioral_shift,2,2,1,0,37,0.0
262144,MyopicEconomic,303,behavioral_shift,2,2,2,13,37,0.35135135135135137
262144,MyopicEconomic,303,behavioral_shift,2,2,3,0,37,0.0
262144,MyopicEconomic,303,behavioral_shift,2,2,4,24,37,0.6486486486486487
262144,MyopicEconomic,404,behavioral_shift,0,0,0,35,567,0.06172839506172839
262144,MyopicEconomic,404,behavioral_shift,0,0,1,39,567,0.06878306878306878
262144,MyopicEconomic,404,behavioral_shift,0,0,2,284,567,0.5008818342151675
262144,MyopicEconomic,404,behavioral_shift,0,0,3,42,567,0.07407407407407407
262144,MyopicEconomic,404,behavioral_shift,0,0,4,167,567,0.2945326278659612
262144,MyopicEconomic,404,behavioral_shift,0,1,0,0,19,0.0
262144,MyopicEconomic,404,behavioral_shift,0,1,1,0,19,0.0
262144,MyopicEconomic,404,behavioral_shift,0,1,2,0,19,0.0
262144,MyopicEconomic,404,behavioral_shift,0,1,3,0,19,0.0
262144,MyopicEconomic,404,behavioral_shift,0,1,4,19,19,1.0
262144,MyopicEconomic,404,behavioral_shift,1,0,0,31,765,0.040522875816993466
262144,MyopicEconomic,404,behavioral_shift,1,0,1,34,765,0.044444444444444446
262144,MyopicEconomic,404,behavioral_shift,1,0,2,379,765,0.4954248366013072
262144,MyopicEconomic,404,behavioral_shift,1,0,3,52,765,0.06797385620915032
262144,MyopicEconomic,404,behavioral_shift,1,0,4,269,765,0.3516339869281046
262144,MyopicEconomic,404,behavioral_shift,1,1,0,46,159,0.2893081761006289
262144,MyopicEconomic,404,behavioral_shift,1,1,1,1,159,0.006289308176100629
262144,MyopicEconomic,404,behavioral_shift,1,1,2,59,159,0.3710691823899371
262144,MyopicEconomic,404,behavioral_shift,1,1,3,2,159,0.012578616352201259
262144,MyopicEconomic,404,behavioral_shift,1,1,4,51,159,0.32075471698113206
262144,MyopicEconomic,404,behavioral_shift,1,2,0,0,9,0.0
262144,MyopicEconomic,404,behavioral_shift,1,2,1,0,9,0.0
262144,MyopicEconomic,404,behavioral_shift,1,2,2,0,9,0.0
262144,MyopicEconomic,404,behavioral_shift,1,2,3,0,9,0.0
262144,MyopicEconomic,404,behavioral_shift,1,2,4,9,9,1.0
262144,MyopicEconomic,404,behavioral_shift,2,0,0,8,514,0.01556420233463035
262144,MyopicEconomic,404,behavioral_shift,2,0,1,4,514,0.007782101167315175
262144,MyopicEconomic,404,behavioral_shift,2,0,2,326,514,0.6342412451361867
262144,MyopicEconomic,404,behavioral_shift,2,0,3,18,514,0.03501945525291829
262144,MyopicEconomic,404,behavioral_shift,2,0,4,158,514,0.30739299610894943
262144,MyopicEconomic,404,behavioral_shift,2,1,0,59,289,0.2041522491349481
262144,MyopicEconomic,404,behavioral_shift,2,1,1,23,289,0.07958477508650519
262144,MyopicEconomic,404,behavioral_shift,2,1,2,140,289,0.4844290657439446
262144,MyopicEconomic,404,behavioral_shift,2,1,3,2,289,0.006920415224913495
262144,MyopicEconomic,404,behavioral_shift,2,1,4,65,289,0.22491349480968859
262144,MyopicEconomic,404,behavioral_shift,2,2,0,0,37,0.0
262144,MyopicEconomic,404,behavioral_shift,2,2,1,0,37,0.0
262144,MyopicEconomic,404,behavioral_shift,2,2,2,13,37,0.35135135135135137
262144,MyopicEconomic,404,behavioral_shift,2,2,3,0,37,0.0
262144,MyopicEconomic,404,behavioral_shift,2,2,4,24,37,0.6486486486486487
262144,MyopicEconomic,505,behavioral_shift,0,0,0,35,567,0.06172839506172839
262144,MyopicEconomic,505,behavioral_shift,0,0,1,39,567,0.06878306878306878
262144,MyopicEconomic,505,behavioral_shift,0,0,2,284,567,0.5008818342151675
262144,MyopicEconomic,505,behavioral_shift,0,0,3,42,567,0.07407407407407407
262144,MyopicEconomic,505,behavioral_shift,0,0,4,167,567,0.2945326278659612
262144,MyopicEconomic,505,behavioral_shift,0,1,0,0,19,0.0
262144,MyopicEconomic,505,behavioral_shift,0,1,1,0,19,0.0
262144,MyopicEconomic,505,behavioral_shift,0,1,2,0,19,0.0
262144,MyopicEconomic,505,behavioral_shift,0,1,3,0,19,0.0
262144,MyopicEconomic,505,behavioral_shift,0,1,4,19,19,1.0
262144,MyopicEconomic,505,behavioral_shift,1,0,0,31,765,0.040522875816993466
262144,MyopicEconomic,505,behavioral_shift,1,0,1,34,765,0.044444444444444446
262144,MyopicEconomic,505,behavioral_shift,1,0,2,379,765,0.4954248366013072
262144,MyopicEconomic,505,behavioral_shift,1,0,3,52,765,0.06797385620915032
262144,MyopicEconomic,505,behavioral_shift,1,0,4,269,765,0.3516339869281046
262144,MyopicEconomic,505,behavioral_shift,1,1,0,46,159,0.2893081761006289
262144,MyopicEconomic,505,behavioral_shift,1,1,1,1,159,0.006289308176100629
262144,MyopicEconomic,505,behavioral_shift,1,1,2,59,159,0.3710691823899371
262144,MyopicEconomic,505,behavioral_shift,1,1,3,2,159,0.012578616352201259
262144,MyopicEconomic,505,behavioral_shift,1,1,4,51,159,0.32075471698113206
262144,MyopicEconomic,505,behavioral_shift,1,2,0,0,9,0.0
262144,MyopicEconomic,505,behavioral_shift,1,2,1,0,9,0.0
262144,MyopicEconomic,505,behavioral_shift,1,2,2,0,9,0.0
262144,MyopicEconomic,505,behavioral_shift,1,2,3,0,9,0.0
262144,MyopicEconomic,505,behavioral_shift,1,2,4,9,9,1.0
262144,MyopicEconomic,505,behavioral_shift,2,0,0,8,514,0.01556420233463035
262144,MyopicEconomic,505,behavioral_shift,2,0,1,4,514,0.007782101167315175
262144,MyopicEconomic,505,behavioral_shift,2,0,2,326,514,0.6342412451361867
262144,MyopicEconomic,505,behavioral_shift,2,0,3,18,514,0.03501945525291829
262144,MyopicEconomic,505,behavioral_shift,2,0,4,158,514,0.30739299610894943
262144,MyopicEconomic,505,behavioral_shift,2,1,0,59,289,0.2041522491349481
262144,MyopicEconomic,505,behavioral_shift,2,1,1,23,289,0.07958477508650519
262144,MyopicEconomic,505,behavioral_shift,2,1,2,140,289,0.4844290657439446
262144,MyopicEconomic,505,behavioral_shift,2,1,3,2,289,0.006920415224913495
262144,MyopicEconomic,505,behavioral_shift,2,1,4,65,289,0.22491349480968859
262144,MyopicEconomic,505,behavioral_shift,2,2,0,0,37,0.0
262144,MyopicEconomic,505,behavioral_shift,2,2,1,0,37,0.0
262144,MyopicEconomic,505,behavioral_shift,2,2,2,13,37,0.35135135135135137
262144,MyopicEconomic,505,behavioral_shift,2,2,3,0,37,0.0
262144,MyopicEconomic,505,behavioral_shift,2,2,4,24,37,0.6486486486486487
262144,ObservationPlanner,101,behavioral_shift,0,0,0,15,36,0.4166666666666667
262144,ObservationPlanner,101,behavioral_shift,0,0,1,0,36,0.0
262144,ObservationPlanner,101,behavioral_shift,0,0,2,0,36,0.0
262144,ObservationPlanner,101,behavioral_shift,0,0,3,8,36,0.2222222222222222
262144,ObservationPlanner,101,behavioral_shift,0,0,4,13,36,0.3611111111111111
262144,ObservationPlanner,101,behavioral_shift,0,1,0,159,469,0.3390191897654584
262144,ObservationPlanner,101,behavioral_shift,0,1,1,129,469,0.27505330490405117
262144,ObservationPlanner,101,behavioral_shift,0,1,2,38,469,0.08102345415778252
262144,ObservationPlanner,101,behavioral_shift,0,1,3,44,469,0.09381663113006397
262144,ObservationPlanner,101,behavioral_shift,0,1,4,99,469,0.21108742004264391
262144,ObservationPlanner,101,behavioral_shift,0,2,0,1,11,0.09090909090909091
262144,ObservationPlanner,101,behavioral_shift,0,2,1,4,11,0.36363636363636365
262144,ObservationPlanner,101,behavioral_shift,0,2,2,2,11,0.18181818181818182
262144,ObservationPlanner,101,behavioral_shift,0,2,3,2,11,0.18181818181818182
262144,ObservationPlanner,101,behavioral_shift,0,2,4,2,11,0.18181818181818182
262144,ObservationPlanner,101,behavioral_shift,1,0,0,126,126,1.0
262144,ObservationPlanner,101,behavioral_shift,1,0,1,0,126,0.0
262144,ObservationPlanner,101,behavioral_shift,1,0,2,0,126,0.0
262144,ObservationPlanner,101,behavioral_shift,1,0,3,0,126,0.0
262144,ObservationPlanner,101,behavioral_shift,1,0,4,0,126,0.0
262144,ObservationPlanner,101,behavioral_shift,1,1,0,401,585,0.6854700854700855
262144,ObservationPlanner,101,behavioral_shift,1,1,1,47,585,0.08034188034188035
262144,ObservationPlanner,101,behavioral_shift,1,1,2,87,585,0.14871794871794872
262144,ObservationPlanner,101,behavioral_shift,1,1,3,22,585,0.037606837606837605
262144,ObservationPlanner,101,behavioral_shift,1,1,4,28,585,0.04786324786324787
262144,ObservationPlanner,101,behavioral_shift,1,2,0,23,148,0.1554054054054054
262144,ObservationPlanner,101,behavioral_shift,1,2,1,60,148,0.40540540540540543
262144,ObservationPlanner,101,behavioral_shift,1,2,2,35,148,0.23648648648648649
262144,ObservationPlanner,101,behavioral_shift,1,2,3,15,148,0.10135135135135136
262144,ObservationPlanner,101,behavioral_shift,1,2,4,15,148,0.10135135135135136
262144,ObservationPlanner,101,behavioral_shift,2,0,0,57,60,0.95
262144,ObservationPlanner,101,behavioral_shift,2,0,1,3,60,0.05
262144,ObservationPlanner,101,behavioral_shift,2,0,2,0,60,0.0
262144,ObservationPlanner,101,behavioral_shift,2,0,3,0,60,0.0
262144,ObservationPlanner,101,behavioral_shift,2,0,4,0,60,0.0
262144,ObservationPlanner,101,behavioral_shift,2,1,0,191,210,0.9095238095238095
262144,ObservationPlanner,101,behavioral_shift,2,1,1,5,210,0.023809523809523808
262144,ObservationPlanner,101,behavioral_shift,2,1,2,13,210,0.06190476190476191
262144,ObservationPlanner,101,behavioral_shift,2,1,3,0,210,0.0
262144,ObservationPlanner,101,behavioral_shift,2,1,4,1,210,0.004761904761904762
262144,ObservationPlanner,101,behavioral_shift,2,2,0,134,295,0.4542372881355932
262144,ObservationPlanner,101,behavioral_shift,2,2,1,75,295,0.2542372881355932
262144,ObservationPlanner,101,behavioral_shift,2,2,2,64,295,0.21694915254237288
262144,ObservationPlanner,101,behavioral_shift,2,2,3,12,295,0.04067796610169491
262144,ObservationPlanner,101,behavioral_shift,2,2,4,10,295,0.03389830508474576
262144,ObservationPlanner,202,behavioral_shift,0,0,0,15,36,0.4166666666666667
262144,ObservationPlanner,202,behavioral_shift,0,0,1,0,36,0.0
262144,ObservationPlanner,202,behavioral_shift,0,0,2,0,36,0.0
262144,ObservationPlanner,202,behavioral_shift,0,0,3,8,36,0.2222222222222222
262144,ObservationPlanner,202,behavioral_shift,0,0,4,13,36,0.3611111111111111
262144,ObservationPlanner,202,behavioral_shift,0,1,0,159,469,0.3390191897654584
262144,ObservationPlanner,202,behavioral_shift,0,1,1,129,469,0.27505330490405117
262144,ObservationPlanner,202,behavioral_shift,0,1,2,38,469,0.08102345415778252
262144,ObservationPlanner,202,behavioral_shift,0,1,3,44,469,0.09381663113006397
262144,ObservationPlanner,202,behavioral_shift,0,1,4,99,469,0.21108742004264391
262144,ObservationPlanner,202,behavioral_shift,0,2,0,1,11,0.09090909090909091
262144,ObservationPlanner,202,behavioral_shift,0,2,1,4,11,0.36363636363636365
262144,ObservationPlanner,202,behavioral_shift,0,2,2,2,11,0.18181818181818182
262144,ObservationPlanner,202,behavioral_shift,0,2,3,2,11,0.18181818181818182
262144,ObservationPlanner,202,behavioral_shift,0,2,4,2,11,0.18181818181818182
262144,ObservationPlanner,202,behavioral_shift,1,0,0,126,126,1.0
262144,ObservationPlanner,202,behavioral_shift,1,0,1,0,126,0.0
262144,ObservationPlanner,202,behavioral_shift,1,0,2,0,126,0.0
262144,ObservationPlanner,202,behavioral_shift,1,0,3,0,126,0.0
262144,ObservationPlanner,202,behavioral_shift,1,0,4,0,126,0.0
262144,ObservationPlanner,202,behavioral_shift,1,1,0,401,585,0.6854700854700855
262144,ObservationPlanner,202,behavioral_shift,1,1,1,47,585,0.08034188034188035
262144,ObservationPlanner,202,behavioral_shift,1,1,2,87,585,0.14871794871794872
262144,ObservationPlanner,202,behavioral_shift,1,1,3,22,585,0.037606837606837605
262144,ObservationPlanner,202,behavioral_shift,1,1,4,28,585,0.04786324786324787
262144,ObservationPlanner,202,behavioral_shift,1,2,0,23,148,0.1554054054054054
262144,ObservationPlanner,202,behavioral_shift,1,2,1,60,148,0.40540540540540543
262144,ObservationPlanner,202,behavioral_shift,1,2,2,35,148,0.23648648648648649
262144,ObservationPlanner,202,behavioral_shift,1,2,3,15,148,0.10135135135135136
262144,ObservationPlanner,202,behavioral_shift,1,2,4,15,148,0.10135135135135136
262144,ObservationPlanner,202,behavioral_shift,2,0,0,57,60,0.95
262144,ObservationPlanner,202,behavioral_shift,2,0,1,3,60,0.05
262144,ObservationPlanner,202,behavioral_shift,2,0,2,0,60,0.0
262144,ObservationPlanner,202,behavioral_shift,2,0,3,0,60,0.0
262144,ObservationPlanner,202,behavioral_shift,2,0,4,0,60,0.0
262144,ObservationPlanner,202,behavioral_shift,2,1,0,191,210,0.9095238095238095
262144,ObservationPlanner,202,behavioral_shift,2,1,1,5,210,0.023809523809523808
262144,ObservationPlanner,202,behavioral_shift,2,1,2,13,210,0.06190476190476191
262144,ObservationPlanner,202,behavioral_shift,2,1,3,0,210,0.0
262144,ObservationPlanner,202,behavioral_shift,2,1,4,1,210,0.004761904761904762
262144,ObservationPlanner,202,behavioral_shift,2,2,0,134,295,0.4542372881355932
262144,ObservationPlanner,202,behavioral_shift,2,2,1,75,295,0.2542372881355932
262144,ObservationPlanner,202,behavioral_shift,2,2,2,64,295,0.21694915254237288
262144,ObservationPlanner,202,behavioral_shift,2,2,3,12,295,0.04067796610169491
262144,ObservationPlanner,202,behavioral_shift,2,2,4,10,295,0.03389830508474576
262144,ObservationPlanner,303,behavioral_shift,0,0,0,15,36,0.4166666666666667
262144,ObservationPlanner,303,behavioral_shift,0,0,1,0,36,0.0
262144,ObservationPlanner,303,behavioral_shift,0,0,2,0,36,0.0
262144,ObservationPlanner,303,behavioral_shift,0,0,3,8,36,0.2222222222222222
262144,ObservationPlanner,303,behavioral_shift,0,0,4,13,36,0.3611111111111111
262144,ObservationPlanner,303,behavioral_shift,0,1,0,159,469,0.3390191897654584
262144,ObservationPlanner,303,behavioral_shift,0,1,1,129,469,0.27505330490405117
262144,ObservationPlanner,303,behavioral_shift,0,1,2,38,469,0.08102345415778252
262144,ObservationPlanner,303,behavioral_shift,0,1,3,44,469,0.09381663113006397
262144,ObservationPlanner,303,behavioral_shift,0,1,4,99,469,0.21108742004264391
262144,ObservationPlanner,303,behavioral_shift,0,2,0,1,11,0.09090909090909091
262144,ObservationPlanner,303,behavioral_shift,0,2,1,4,11,0.36363636363636365
262144,ObservationPlanner,303,behavioral_shift,0,2,2,2,11,0.18181818181818182
262144,ObservationPlanner,303,behavioral_shift,0,2,3,2,11,0.18181818181818182
262144,ObservationPlanner,303,behavioral_shift,0,2,4,2,11,0.18181818181818182
262144,ObservationPlanner,303,behavioral_shift,1,0,0,126,126,1.0
262144,ObservationPlanner,303,behavioral_shift,1,0,1,0,126,0.0
262144,ObservationPlanner,303,behavioral_shift,1,0,2,0,126,0.0
262144,ObservationPlanner,303,behavioral_shift,1,0,3,0,126,0.0
262144,ObservationPlanner,303,behavioral_shift,1,0,4,0,126,0.0
262144,ObservationPlanner,303,behavioral_shift,1,1,0,401,585,0.6854700854700855
262144,ObservationPlanner,303,behavioral_shift,1,1,1,47,585,0.08034188034188035
262144,ObservationPlanner,303,behavioral_shift,1,1,2,87,585,0.14871794871794872
262144,ObservationPlanner,303,behavioral_shift,1,1,3,22,585,0.037606837606837605
262144,ObservationPlanner,303,behavioral_shift,1,1,4,28,585,0.04786324786324787
262144,ObservationPlanner,303,behavioral_shift,1,2,0,23,148,0.1554054054054054
262144,ObservationPlanner,303,behavioral_shift,1,2,1,60,148,0.40540540540540543
262144,ObservationPlanner,303,behavioral_shift,1,2,2,35,148,0.23648648648648649
262144,ObservationPlanner,303,behavioral_shift,1,2,3,15,148,0.10135135135135136
262144,ObservationPlanner,303,behavioral_shift,1,2,4,15,148,0.10135135135135136
262144,ObservationPlanner,303,behavioral_shift,2,0,0,57,60,0.95
262144,ObservationPlanner,303,behavioral_shift,2,0,1,3,60,0.05
262144,ObservationPlanner,303,behavioral_shift,2,0,2,0,60,0.0
262144,ObservationPlanner,303,behavioral_shift,2,0,3,0,60,0.0
262144,ObservationPlanner,303,behavioral_shift,2,0,4,0,60,0.0
262144,ObservationPlanner,303,behavioral_shift,2,1,0,191,210,0.9095238095238095
262144,ObservationPlanner,303,behavioral_shift,2,1,1,5,210,0.023809523809523808
262144,ObservationPlanner,303,behavioral_shift,2,1,2,13,210,0.06190476190476191
262144,ObservationPlanner,303,behavioral_shift,2,1,3,0,210,0.0
262144,ObservationPlanner,303,behavioral_shift,2,1,4,1,210,0.004761904761904762
262144,ObservationPlanner,303,behavioral_shift,2,2,0,134,295,0.4542372881355932
262144,ObservationPlanner,303,behavioral_shift,2,2,1,75,295,0.2542372881355932
262144,ObservationPlanner,303,behavioral_shift,2,2,2,64,295,0.21694915254237288
262144,ObservationPlanner,303,behavioral_shift,2,2,3,12,295,0.04067796610169491
262144,ObservationPlanner,303,behavioral_shift,2,2,4,10,295,0.03389830508474576
262144,ObservationPlanner,404,behavioral_shift,0,0,0,15,36,0.4166666666666667
262144,ObservationPlanner,404,behavioral_shift,0,0,1,0,36,0.0
262144,ObservationPlanner,404,behavioral_shift,0,0,2,0,36,0.0
262144,ObservationPlanner,404,behavioral_shift,0,0,3,8,36,0.2222222222222222
262144,ObservationPlanner,404,behavioral_shift,0,0,4,13,36,0.3611111111111111
262144,ObservationPlanner,404,behavioral_shift,0,1,0,159,469,0.3390191897654584
262144,ObservationPlanner,404,behavioral_shift,0,1,1,129,469,0.27505330490405117
262144,ObservationPlanner,404,behavioral_shift,0,1,2,38,469,0.08102345415778252
262144,ObservationPlanner,404,behavioral_shift,0,1,3,44,469,0.09381663113006397
262144,ObservationPlanner,404,behavioral_shift,0,1,4,99,469,0.21108742004264391
262144,ObservationPlanner,404,behavioral_shift,0,2,0,1,11,0.09090909090909091
262144,ObservationPlanner,404,behavioral_shift,0,2,1,4,11,0.36363636363636365
262144,ObservationPlanner,404,behavioral_shift,0,2,2,2,11,0.18181818181818182
262144,ObservationPlanner,404,behavioral_shift,0,2,3,2,11,0.18181818181818182
262144,ObservationPlanner,404,behavioral_shift,0,2,4,2,11,0.18181818181818182
262144,ObservationPlanner,404,behavioral_shift,1,0,0,126,126,1.0
262144,ObservationPlanner,404,behavioral_shift,1,0,1,0,126,0.0
262144,ObservationPlanner,404,behavioral_shift,1,0,2,0,126,0.0
262144,ObservationPlanner,404,behavioral_shift,1,0,3,0,126,0.0
262144,ObservationPlanner,404,behavioral_shift,1,0,4,0,126,0.0
262144,ObservationPlanner,404,behavioral_shift,1,1,0,401,585,0.6854700854700855
262144,ObservationPlanner,404,behavioral_shift,1,1,1,47,585,0.08034188034188035
262144,ObservationPlanner,404,behavioral_shift,1,1,2,87,585,0.14871794871794872
262144,ObservationPlanner,404,behavioral_shift,1,1,3,22,585,0.037606837606837605
262144,ObservationPlanner,404,behavioral_shift,1,1,4,28,585,0.04786324786324787
262144,ObservationPlanner,404,behavioral_shift,1,2,0,23,148,0.1554054054054054
262144,ObservationPlanner,404,behavioral_shift,1,2,1,60,148,0.40540540540540543
262144,ObservationPlanner,404,behavioral_shift,1,2,2,35,148,0.23648648648648649
262144,ObservationPlanner,404,behavioral_shift,1,2,3,15,148,0.10135135135135136
262144,ObservationPlanner,404,behavioral_shift,1,2,4,15,148,0.10135135135135136
262144,ObservationPlanner,404,behavioral_shift,2,0,0,57,60,0.95
262144,ObservationPlanner,404,behavioral_shift,2,0,1,3,60,0.05
262144,ObservationPlanner,404,behavioral_shift,2,0,2,0,60,0.0
262144,ObservationPlanner,404,behavioral_shift,2,0,3,0,60,0.0
262144,ObservationPlanner,404,behavioral_shift,2,0,4,0,60,0.0
262144,ObservationPlanner,404,behavioral_shift,2,1,0,191,210,0.9095238095238095
262144,ObservationPlanner,404,behavioral_shift,2,1,1,5,210,0.023809523809523808
262144,ObservationPlanner,404,behavioral_shift,2,1,2,13,210,0.06190476190476191
262144,ObservationPlanner,404,behavioral_shift,2,1,3,0,210,0.0
262144,ObservationPlanner,404,behavioral_shift,2,1,4,1,210,0.004761904761904762
262144,ObservationPlanner,404,behavioral_shift,2,2,0,134,295,0.4542372881355932
262144,ObservationPlanner,404,behavioral_shift,2,2,1,75,295,0.2542372881355932
262144,ObservationPlanner,404,behavioral_shift,2,2,2,64,295,0.21694915254237288
262144,ObservationPlanner,404,behavioral_shift,2,2,3,12,295,0.04067796610169491
262144,ObservationPlanner,404,behavioral_shift,2,2,4,10,295,0.03389830508474576
262144,ObservationPlanner,505,behavioral_shift,0,0,0,15,36,0.4166666666666667
262144,ObservationPlanner,505,behavioral_shift,0,0,1,0,36,0.0
262144,ObservationPlanner,505,behavioral_shift,0,0,2,0,36,0.0
262144,ObservationPlanner,505,behavioral_shift,0,0,3,8,36,0.2222222222222222
262144,ObservationPlanner,505,behavioral_shift,0,0,4,13,36,0.3611111111111111
262144,ObservationPlanner,505,behavioral_shift,0,1,0,159,469,0.3390191897654584
262144,ObservationPlanner,505,behavioral_shift,0,1,1,129,469,0.27505330490405117
262144,ObservationPlanner,505,behavioral_shift,0,1,2,38,469,0.08102345415778252
262144,ObservationPlanner,505,behavioral_shift,0,1,3,44,469,0.09381663113006397
262144,ObservationPlanner,505,behavioral_shift,0,1,4,99,469,0.21108742004264391
262144,ObservationPlanner,505,behavioral_shift,0,2,0,1,11,0.09090909090909091
262144,ObservationPlanner,505,behavioral_shift,0,2,1,4,11,0.36363636363636365
262144,ObservationPlanner,505,behavioral_shift,0,2,2,2,11,0.18181818181818182
262144,ObservationPlanner,505,behavioral_shift,0,2,3,2,11,0.18181818181818182
262144,ObservationPlanner,505,behavioral_shift,0,2,4,2,11,0.18181818181818182
262144,ObservationPlanner,505,behavioral_shift,1,0,0,126,126,1.0
262144,ObservationPlanner,505,behavioral_shift,1,0,1,0,126,0.0
262144,ObservationPlanner,505,behavioral_shift,1,0,2,0,126,0.0
262144,ObservationPlanner,505,behavioral_shift,1,0,3,0,126,0.0
262144,ObservationPlanner,505,behavioral_shift,1,0,4,0,126,0.0
262144,ObservationPlanner,505,behavioral_shift,1,1,0,401,585,0.6854700854700855
262144,ObservationPlanner,505,behavioral_shift,1,1,1,47,585,0.08034188034188035
262144,ObservationPlanner,505,behavioral_shift,1,1,2,87,585,0.14871794871794872
262144,ObservationPlanner,505,behavioral_shift,1,1,3,22,585,0.037606837606837605
262144,ObservationPlanner,505,behavioral_shift,1,1,4,28,585,0.04786324786324787
262144,ObservationPlanner,505,behavioral_shift,1,2,0,23,148,0.1554054054054054
262144,ObservationPlanner,505,behavioral_shift,1,2,1,60,148,0.40540540540540543
262144,ObservationPlanner,505,behavioral_shift,1,2,2,35,148,0.23648648648648649
262144,ObservationPlanner,505,behavioral_shift,1,2,3,15,148,0.10135135135135136
262144,ObservationPlanner,505,behavioral_shift,1,2,4,15,148,0.10135135135135136
262144,ObservationPlanner,505,behavioral_shift,2,0,0,57,60,0.95
262144,ObservationPlanner,505,behavioral_shift,2,0,1,3,60,0.05
262144,ObservationPlanner,505,behavioral_shift,2,0,2,0,60,0.0
262144,ObservationPlanner,505,behavioral_shift,2,0,3,0,60,0.0
262144,ObservationPlanner,505,behavioral_shift,2,0,4,0,60,0.0
262144,ObservationPlanner,505,behavioral_shift,2,1,0,191,210,0.9095238095238095
262144,ObservationPlanner,505,behavioral_shift,2,1,1,5,210,0.023809523809523808
262144,ObservationPlanner,505,behavioral_shift,2,1,2,13,210,0.06190476190476191
262144,ObservationPlanner,505,behavioral_shift,2,1,3,0,210,0.0
262144,ObservationPlanner,505,behavioral_shift,2,1,4,1,210,0.004761904761904762
262144,ObservationPlanner,505,behavioral_shift,2,2,0,134,295,0.4542372881355932
262144,ObservationPlanner,505,behavioral_shift,2,2,1,75,295,0.2542372881355932
262144,ObservationPlanner,505,behavioral_shift,2,2,2,64,295,0.21694915254237288
262144,ObservationPlanner,505,behavioral_shift,2,2,3,12,295,0.04067796610169491
262144,ObservationPlanner,505,behavioral_shift,2,2,4,10,295,0.03389830508474576
262144,PDThreshold,101,behavioral_shift,0,0,0,0,468,0.0
262144,PDThreshold,101,behavioral_shift,0,0,1,0,468,0.0
262144,PDThreshold,101,behavioral_shift,0,0,2,163,468,0.3482905982905983
262144,PDThreshold,101,behavioral_shift,0,0,3,305,468,0.6517094017094017
262144,PDThreshold,101,behavioral_shift,0,0,4,0,468,0.0
262144,PDThreshold,101,behavioral_shift,0,1,0,0,34,0.0
262144,PDThreshold,101,behavioral_shift,0,1,1,0,34,0.0
262144,PDThreshold,101,behavioral_shift,0,1,2,0,34,0.0
262144,PDThreshold,101,behavioral_shift,0,1,3,34,34,1.0
262144,PDThreshold,101,behavioral_shift,0,1,4,0,34,0.0
262144,PDThreshold,101,behavioral_shift,1,0,0,0,385,0.0
262144,PDThreshold,101,behavioral_shift,1,0,1,0,385,0.0
262144,PDThreshold,101,behavioral_shift,1,0,2,385,385,1.0
262144,PDThreshold,101,behavioral_shift,1,0,3,0,385,0.0
262144,PDThreshold,101,behavioral_shift,1,0,4,0,385,0.0
262144,PDThreshold,101,behavioral_shift,1,1,0,0,466,0.0
262144,PDThreshold,101,behavioral_shift,1,1,1,0,466,0.0
262144,PDThreshold,101,behavioral_shift,1,1,2,466,466,1.0
262144,PDThreshold,101,behavioral_shift,1,1,3,0,466,0.0
262144,PDThreshold,101,behavioral_shift,1,1,4,0,466,0.0
262144,PDThreshold,101,behavioral_shift,1,2,0,0,14,0.0
262144,PDThreshold,101,behavioral_shift,1,2,1,0,14,0.0
262144,PDThreshold,101,behavioral_shift,1,2,2,14,14,1.0
262144,PDThreshold,101,behavioral_shift,1,2,3,0,14,0.0
262144,PDThreshold,101,behavioral_shift,1,2,4,0,14,0.0
262144,PDThreshold,101,behavioral_shift,2,0,0,0,96,0.0
262144,PDThreshold,101,behavioral_shift,2,0,1,96,96,1.0
262144,PDThreshold,101,behavioral_shift,2,0,2,0,96,0.0
262144,PDThreshold,101,behavioral_shift,2,0,3,0,96,0.0
262144,PDThreshold,101,behavioral_shift,2,0,4,0,96,0.0
262144,PDThreshold,101,behavioral_shift,2,1,0,0,347,0.0
262144,PDThreshold,101,behavioral_shift,2,1,1,347,347,1.0
262144,PDThreshold,101,behavioral_shift,2,1,2,0,347,0.0
262144,PDThreshold,101,behavioral_shift,2,1,3,0,347,0.0
262144,PDThreshold,101,behavioral_shift,2,1,4,0,347,0.0
262144,PDThreshold,101,behavioral_shift,2,2,0,0,221,0.0
262144,PDThreshold,101,behavioral_shift,2,2,1,221,221,1.0
262144,PDThreshold,101,behavioral_shift,2,2,2,0,221,0.0
262144,PDThreshold,101,behavioral_shift,2,2,3,0,221,0.0
262144,PDThreshold,101,behavioral_shift,2,2,4,0,221,0.0
262144,PDThreshold,202,behavioral_shift,0,0,0,0,468,0.0
262144,PDThreshold,202,behavioral_shift,0,0,1,0,468,0.0
262144,PDThreshold,202,behavioral_shift,0,0,2,163,468,0.3482905982905983
262144,PDThreshold,202,behavioral_shift,0,0,3,305,468,0.6517094017094017
262144,PDThreshold,202,behavioral_shift,0,0,4,0,468,0.0
262144,PDThreshold,202,behavioral_shift,0,1,0,0,34,0.0
262144,PDThreshold,202,behavioral_shift,0,1,1,0,34,0.0
262144,PDThreshold,202,behavioral_shift,0,1,2,0,34,0.0
262144,PDThreshold,202,behavioral_shift,0,1,3,34,34,1.0
262144,PDThreshold,202,behavioral_shift,0,1,4,0,34,0.0
262144,PDThreshold,202,behavioral_shift,1,0,0,0,385,0.0
262144,PDThreshold,202,behavioral_shift,1,0,1,0,385,0.0
262144,PDThreshold,202,behavioral_shift,1,0,2,385,385,1.0
262144,PDThreshold,202,behavioral_shift,1,0,3,0,385,0.0
262144,PDThreshold,202,behavioral_shift,1,0,4,0,385,0.0
262144,PDThreshold,202,behavioral_shift,1,1,0,0,466,0.0
262144,PDThreshold,202,behavioral_shift,1,1,1,0,466,0.0
262144,PDThreshold,202,behavioral_shift,1,1,2,466,466,1.0
262144,PDThreshold,202,behavioral_shift,1,1,3,0,466,0.0
262144,PDThreshold,202,behavioral_shift,1,1,4,0,466,0.0
262144,PDThreshold,202,behavioral_shift,1,2,0,0,14,0.0
262144,PDThreshold,202,behavioral_shift,1,2,1,0,14,0.0
262144,PDThreshold,202,behavioral_shift,1,2,2,14,14,1.0
262144,PDThreshold,202,behavioral_shift,1,2,3,0,14,0.0
262144,PDThreshold,202,behavioral_shift,1,2,4,0,14,0.0
262144,PDThreshold,202,behavioral_shift,2,0,0,0,96,0.0
262144,PDThreshold,202,behavioral_shift,2,0,1,96,96,1.0
262144,PDThreshold,202,behavioral_shift,2,0,2,0,96,0.0
262144,PDThreshold,202,behavioral_shift,2,0,3,0,96,0.0
262144,PDThreshold,202,behavioral_shift,2,0,4,0,96,0.0
262144,PDThreshold,202,behavioral_shift,2,1,0,0,347,0.0
262144,PDThreshold,202,behavioral_shift,2,1,1,347,347,1.0
262144,PDThreshold,202,behavioral_shift,2,1,2,0,347,0.0
262144,PDThreshold,202,behavioral_shift,2,1,3,0,347,0.0
262144,PDThreshold,202,behavioral_shift,2,1,4,0,347,0.0
262144,PDThreshold,202,behavioral_shift,2,2,0,0,221,0.0
262144,PDThreshold,202,behavioral_shift,2,2,1,221,221,1.0
262144,PDThreshold,202,behavioral_shift,2,2,2,0,221,0.0
262144,PDThreshold,202,behavioral_shift,2,2,3,0,221,0.0
262144,PDThreshold,202,behavioral_shift,2,2,4,0,221,0.0
262144,PDThreshold,303,behavioral_shift,0,0,0,0,468,0.0
262144,PDThreshold,303,behavioral_shift,0,0,1,0,468,0.0
262144,PDThreshold,303,behavioral_shift,0,0,2,163,468,0.3482905982905983
262144,PDThreshold,303,behavioral_shift,0,0,3,305,468,0.6517094017094017
262144,PDThreshold,303,behavioral_shift,0,0,4,0,468,0.0
262144,PDThreshold,303,behavioral_shift,0,1,0,0,34,0.0
262144,PDThreshold,303,behavioral_shift,0,1,1,0,34,0.0
262144,PDThreshold,303,behavioral_shift,0,1,2,0,34,0.0
262144,PDThreshold,303,behavioral_shift,0,1,3,34,34,1.0
262144,PDThreshold,303,behavioral_shift,0,1,4,0,34,0.0
262144,PDThreshold,303,behavioral_shift,1,0,0,0,385,0.0
262144,PDThreshold,303,behavioral_shift,1,0,1,0,385,0.0
262144,PDThreshold,303,behavioral_shift,1,0,2,385,385,1.0
262144,PDThreshold,303,behavioral_shift,1,0,3,0,385,0.0
262144,PDThreshold,303,behavioral_shift,1,0,4,0,385,0.0
262144,PDThreshold,303,behavioral_shift,1,1,0,0,466,0.0
262144,PDThreshold,303,behavioral_shift,1,1,1,0,466,0.0
262144,PDThreshold,303,behavioral_shift,1,1,2,466,466,1.0
262144,PDThreshold,303,behavioral_shift,1,1,3,0,466,0.0
262144,PDThreshold,303,behavioral_shift,1,1,4,0,466,0.0
262144,PDThreshold,303,behavioral_shift,1,2,0,0,14,0.0
262144,PDThreshold,303,behavioral_shift,1,2,1,0,14,0.0
262144,PDThreshold,303,behavioral_shift,1,2,2,14,14,1.0
262144,PDThreshold,303,behavioral_shift,1,2,3,0,14,0.0
262144,PDThreshold,303,behavioral_shift,1,2,4,0,14,0.0
262144,PDThreshold,303,behavioral_shift,2,0,0,0,96,0.0
262144,PDThreshold,303,behavioral_shift,2,0,1,96,96,1.0
262144,PDThreshold,303,behavioral_shift,2,0,2,0,96,0.0
262144,PDThreshold,303,behavioral_shift,2,0,3,0,96,0.0
262144,PDThreshold,303,behavioral_shift,2,0,4,0,96,0.0
262144,PDThreshold,303,behavioral_shift,2,1,0,0,347,0.0
262144,PDThreshold,303,behavioral_shift,2,1,1,347,347,1.0
262144,PDThreshold,303,behavioral_shift,2,1,2,0,347,0.0
262144,PDThreshold,303,behavioral_shift,2,1,3,0,347,0.0
262144,PDThreshold,303,behavioral_shift,2,1,4,0,347,0.0
262144,PDThreshold,303,behavioral_shift,2,2,0,0,221,0.0
262144,PDThreshold,303,behavioral_shift,2,2,1,221,221,1.0
262144,PDThreshold,303,behavioral_shift,2,2,2,0,221,0.0
262144,PDThreshold,303,behavioral_shift,2,2,3,0,221,0.0
262144,PDThreshold,303,behavioral_shift,2,2,4,0,221,0.0
262144,PDThreshold,404,behavioral_shift,0,0,0,0,468,0.0
262144,PDThreshold,404,behavioral_shift,0,0,1,0,468,0.0
262144,PDThreshold,404,behavioral_shift,0,0,2,163,468,0.3482905982905983
262144,PDThreshold,404,behavioral_shift,0,0,3,305,468,0.6517094017094017
262144,PDThreshold,404,behavioral_shift,0,0,4,0,468,0.0
262144,PDThreshold,404,behavioral_shift,0,1,0,0,34,0.0
262144,PDThreshold,404,behavioral_shift,0,1,1,0,34,0.0
262144,PDThreshold,404,behavioral_shift,0,1,2,0,34,0.0
262144,PDThreshold,404,behavioral_shift,0,1,3,34,34,1.0
262144,PDThreshold,404,behavioral_shift,0,1,4,0,34,0.0
262144,PDThreshold,404,behavioral_shift,1,0,0,0,385,0.0
262144,PDThreshold,404,behavioral_shift,1,0,1,0,385,0.0
262144,PDThreshold,404,behavioral_shift,1,0,2,385,385,1.0
262144,PDThreshold,404,behavioral_shift,1,0,3,0,385,0.0
262144,PDThreshold,404,behavioral_shift,1,0,4,0,385,0.0
262144,PDThreshold,404,behavioral_shift,1,1,0,0,466,0.0
262144,PDThreshold,404,behavioral_shift,1,1,1,0,466,0.0
262144,PDThreshold,404,behavioral_shift,1,1,2,466,466,1.0
262144,PDThreshold,404,behavioral_shift,1,1,3,0,466,0.0
262144,PDThreshold,404,behavioral_shift,1,1,4,0,466,0.0
262144,PDThreshold,404,behavioral_shift,1,2,0,0,14,0.0
262144,PDThreshold,404,behavioral_shift,1,2,1,0,14,0.0
262144,PDThreshold,404,behavioral_shift,1,2,2,14,14,1.0
262144,PDThreshold,404,behavioral_shift,1,2,3,0,14,0.0
262144,PDThreshold,404,behavioral_shift,1,2,4,0,14,0.0
262144,PDThreshold,404,behavioral_shift,2,0,0,0,96,0.0
262144,PDThreshold,404,behavioral_shift,2,0,1,96,96,1.0
262144,PDThreshold,404,behavioral_shift,2,0,2,0,96,0.0
262144,PDThreshold,404,behavioral_shift,2,0,3,0,96,0.0
262144,PDThreshold,404,behavioral_shift,2,0,4,0,96,0.0
262144,PDThreshold,404,behavioral_shift,2,1,0,0,347,0.0
262144,PDThreshold,404,behavioral_shift,2,1,1,347,347,1.0
262144,PDThreshold,404,behavioral_shift,2,1,2,0,347,0.0
262144,PDThreshold,404,behavioral_shift,2,1,3,0,347,0.0
262144,PDThreshold,404,behavioral_shift,2,1,4,0,347,0.0
262144,PDThreshold,404,behavioral_shift,2,2,0,0,221,0.0
262144,PDThreshold,404,behavioral_shift,2,2,1,221,221,1.0
262144,PDThreshold,404,behavioral_shift,2,2,2,0,221,0.0
262144,PDThreshold,404,behavioral_shift,2,2,3,0,221,0.0
262144,PDThreshold,404,behavioral_shift,2,2,4,0,221,0.0
262144,PDThreshold,505,behavioral_shift,0,0,0,0,468,0.0
262144,PDThreshold,505,behavioral_shift,0,0,1,0,468,0.0
262144,PDThreshold,505,behavioral_shift,0,0,2,163,468,0.3482905982905983
262144,PDThreshold,505,behavioral_shift,0,0,3,305,468,0.6517094017094017
262144,PDThreshold,505,behavioral_shift,0,0,4,0,468,0.0
262144,PDThreshold,505,behavioral_shift,0,1,0,0,34,0.0
262144,PDThreshold,505,behavioral_shift,0,1,1,0,34,0.0
262144,PDThreshold,505,behavioral_shift,0,1,2,0,34,0.0
262144,PDThreshold,505,behavioral_shift,0,1,3,34,34,1.0
262144,PDThreshold,505,behavioral_shift,0,1,4,0,34,0.0
262144,PDThreshold,505,behavioral_shift,1,0,0,0,385,0.0
262144,PDThreshold,505,behavioral_shift,1,0,1,0,385,0.0
262144,PDThreshold,505,behavioral_shift,1,0,2,385,385,1.0
262144,PDThreshold,505,behavioral_shift,1,0,3,0,385,0.0
262144,PDThreshold,505,behavioral_shift,1,0,4,0,385,0.0
262144,PDThreshold,505,behavioral_shift,1,1,0,0,466,0.0
262144,PDThreshold,505,behavioral_shift,1,1,1,0,466,0.0
262144,PDThreshold,505,behavioral_shift,1,1,2,466,466,1.0
262144,PDThreshold,505,behavioral_shift,1,1,3,0,466,0.0
262144,PDThreshold,505,behavioral_shift,1,1,4,0,466,0.0
262144,PDThreshold,505,behavioral_shift,1,2,0,0,14,0.0
262144,PDThreshold,505,behavioral_shift,1,2,1,0,14,0.0
262144,PDThreshold,505,behavioral_shift,1,2,2,14,14,1.0
262144,PDThreshold,505,behavioral_shift,1,2,3,0,14,0.0
262144,PDThreshold,505,behavioral_shift,1,2,4,0,14,0.0
262144,PDThreshold,505,behavioral_shift,2,0,0,0,96,0.0
262144,PDThreshold,505,behavioral_shift,2,0,1,96,96,1.0
262144,PDThreshold,505,behavioral_shift,2,0,2,0,96,0.0
262144,PDThreshold,505,behavioral_shift,2,0,3,0,96,0.0
262144,PDThreshold,505,behavioral_shift,2,0,4,0,96,0.0
262144,PDThreshold,505,behavioral_shift,2,1,0,0,347,0.0
262144,PDThreshold,505,behavioral_shift,2,1,1,347,347,1.0
262144,PDThreshold,505,behavioral_shift,2,1,2,0,347,0.0
262144,PDThreshold,505,behavioral_shift,2,1,3,0,347,0.0
262144,PDThreshold,505,behavioral_shift,2,1,4,0,347,0.0
262144,PDThreshold,505,behavioral_shift,2,2,0,0,221,0.0
262144,PDThreshold,505,behavioral_shift,2,2,1,221,221,1.0
262144,PDThreshold,505,behavioral_shift,2,2,2,0,221,0.0
262144,PDThreshold,505,behavioral_shift,2,2,3,0,221,0.0
262144,PDThreshold,505,behavioral_shift,2,2,4,0,221,0.0
262144,Static,101,behavioral_shift,0,0,0,0,392,0.0
262144,Static,101,behavioral_shift,0,0,1,0,392,0.0
262144,Static,101,behavioral_shift,0,0,2,392,392,1.0
262144,Static,101,behavioral_shift,0,0,3,0,392,0.0
262144,Static,101,behavioral_shift,0,0,4,0,392,0.0
262144,Static,101,behavioral_shift,0,1,0,0,77,0.0
262144,Static,101,behavioral_shift,0,1,1,0,77,0.0
262144,Static,101,behavioral_shift,0,1,2,77,77,1.0
262144,Static,101,behavioral_shift,0,1,3,0,77,0.0
262144,Static,101,behavioral_shift,0,1,4,0,77,0.0
262144,Static,101,behavioral_shift,1,0,0,0,378,0.0
262144,Static,101,behavioral_shift,1,0,1,0,378,0.0
262144,Static,101,behavioral_shift,1,0,2,378,378,1.0
262144,Static,101,behavioral_shift,1,0,3,0,378,0.0
262144,Static,101,behavioral_shift,1,0,4,0,378,0.0
262144,Static,101,behavioral_shift,1,1,0,0,480,0.0
262144,Static,101,behavioral_shift,1,1,1,0,480,0.0
262144,Static,101,behavioral_shift,1,1,2,480,480,1.0
262144,Static,101,behavioral_shift,1,1,3,0,480,0.0
262144,Static,101,behavioral_shift,1,1,4,0,480,0.0
262144,Static,101,behavioral_shift,2,0,0,0,135,0.0
262144,Static,101,behavioral_shift,2,0,1,0,135,0.0
262144,Static,101,behavioral_shift,2,0,2,135,135,1.0
262144,Static,101,behavioral_shift,2,0,3,0,135,0.0
262144,Static,101,behavioral_shift,2,0,4,0,135,0.0
262144,Static,101,behavioral_shift,2,1,0,0,670,0.0
262144,Static,101,behavioral_shift,2,1,1,0,670,0.0
262144,Static,101,behavioral_shift,2,1,2,670,670,1.0
262144,Static,101,behavioral_shift,2,1,3,0,670,0.0
262144,Static,101,behavioral_shift,2,1,4,0,670,0.0
262144,Static,202,behavioral_shift,0,0,0,0,392,0.0
262144,Static,202,behavioral_shift,0,0,1,0,392,0.0
262144,Static,202,behavioral_shift,0,0,2,392,392,1.0
262144,Static,202,behavioral_shift,0,0,3,0,392,0.0
262144,Static,202,behavioral_shift,0,0,4,0,392,0.0
262144,Static,202,behavioral_shift,0,1,0,0,77,0.0
262144,Static,202,behavioral_shift,0,1,1,0,77,0.0
262144,Static,202,behavioral_shift,0,1,2,77,77,1.0
262144,Static,202,behavioral_shift,0,1,3,0,77,0.0
262144,Static,202,behavioral_shift,0,1,4,0,77,0.0
262144,Static,202,behavioral_shift,1,0,0,0,378,0.0
262144,Static,202,behavioral_shift,1,0,1,0,378,0.0
262144,Static,202,behavioral_shift,1,0,2,378,378,1.0
262144,Static,202,behavioral_shift,1,0,3,0,378,0.0
262144,Static,202,behavioral_shift,1,0,4,0,378,0.0
262144,Static,202,behavioral_shift,1,1,0,0,480,0.0
262144,Static,202,behavioral_shift,1,1,1,0,480,0.0
262144,Static,202,behavioral_shift,1,1,2,480,480,1.0
262144,Static,202,behavioral_shift,1,1,3,0,480,0.0
262144,Static,202,behavioral_shift,1,1,4,0,480,0.0
262144,Static,202,behavioral_shift,2,0,0,0,135,0.0
262144,Static,202,behavioral_shift,2,0,1,0,135,0.0
262144,Static,202,behavioral_shift,2,0,2,135,135,1.0
262144,Static,202,behavioral_shift,2,0,3,0,135,0.0
262144,Static,202,behavioral_shift,2,0,4,0,135,0.0
262144,Static,202,behavioral_shift,2,1,0,0,670,0.0
262144,Static,202,behavioral_shift,2,1,1,0,670,0.0
262144,Static,202,behavioral_shift,2,1,2,670,670,1.0
262144,Static,202,behavioral_shift,2,1,3,0,670,0.0
262144,Static,202,behavioral_shift,2,1,4,0,670,0.0
262144,Static,303,behavioral_shift,0,0,0,0,392,0.0
262144,Static,303,behavioral_shift,0,0,1,0,392,0.0
262144,Static,303,behavioral_shift,0,0,2,392,392,1.0
262144,Static,303,behavioral_shift,0,0,3,0,392,0.0
262144,Static,303,behavioral_shift,0,0,4,0,392,0.0
262144,Static,303,behavioral_shift,0,1,0,0,77,0.0
262144,Static,303,behavioral_shift,0,1,1,0,77,0.0
262144,Static,303,behavioral_shift,0,1,2,77,77,1.0
262144,Static,303,behavioral_shift,0,1,3,0,77,0.0
262144,Static,303,behavioral_shift,0,1,4,0,77,0.0
262144,Static,303,behavioral_shift,1,0,0,0,378,0.0
262144,Static,303,behavioral_shift,1,0,1,0,378,0.0
262144,Static,303,behavioral_shift,1,0,2,378,378,1.0
262144,Static,303,behavioral_shift,1,0,3,0,378,0.0
262144,Static,303,behavioral_shift,1,0,4,0,378,0.0
262144,Static,303,behavioral_shift,1,1,0,0,480,0.0
262144,Static,303,behavioral_shift,1,1,1,0,480,0.0
262144,Static,303,behavioral_shift,1,1,2,480,480,1.0
262144,Static,303,behavioral_shift,1,1,3,0,480,0.0
262144,Static,303,behavioral_shift,1,1,4,0,480,0.0
262144,Static,303,behavioral_shift,2,0,0,0,135,0.0
262144,Static,303,behavioral_shift,2,0,1,0,135,0.0
262144,Static,303,behavioral_shift,2,0,2,135,135,1.0
262144,Static,303,behavioral_shift,2,0,3,0,135,0.0
262144,Static,303,behavioral_shift,2,0,4,0,135,0.0
262144,Static,303,behavioral_shift,2,1,0,0,670,0.0
262144,Static,303,behavioral_shift,2,1,1,0,670,0.0
262144,Static,303,behavioral_shift,2,1,2,670,670,1.0
262144,Static,303,behavioral_shift,2,1,3,0,670,0.0
262144,Static,303,behavioral_shift,2,1,4,0,670,0.0
262144,Static,404,behavioral_shift,0,0,0,0,392,0.0
262144,Static,404,behavioral_shift,0,0,1,0,392,0.0
262144,Static,404,behavioral_shift,0,0,2,392,392,1.0
262144,Static,404,behavioral_shift,0,0,3,0,392,0.0
262144,Static,404,behavioral_shift,0,0,4,0,392,0.0
262144,Static,404,behavioral_shift,0,1,0,0,77,0.0
262144,Static,404,behavioral_shift,0,1,1,0,77,0.0
262144,Static,404,behavioral_shift,0,1,2,77,77,1.0
262144,Static,404,behavioral_shift,0,1,3,0,77,0.0
262144,Static,404,behavioral_shift,0,1,4,0,77,0.0
262144,Static,404,behavioral_shift,1,0,0,0,378,0.0
262144,Static,404,behavioral_shift,1,0,1,0,378,0.0
262144,Static,404,behavioral_shift,1,0,2,378,378,1.0
262144,Static,404,behavioral_shift,1,0,3,0,378,0.0
262144,Static,404,behavioral_shift,1,0,4,0,378,0.0
262144,Static,404,behavioral_shift,1,1,0,0,480,0.0
262144,Static,404,behavioral_shift,1,1,1,0,480,0.0
262144,Static,404,behavioral_shift,1,1,2,480,480,1.0
262144,Static,404,behavioral_shift,1,1,3,0,480,0.0
262144,Static,404,behavioral_shift,1,1,4,0,480,0.0
262144,Static,404,behavioral_shift,2,0,0,0,135,0.0
262144,Static,404,behavioral_shift,2,0,1,0,135,0.0
262144,Static,404,behavioral_shift,2,0,2,135,135,1.0
262144,Static,404,behavioral_shift,2,0,3,0,135,0.0
262144,Static,404,behavioral_shift,2,0,4,0,135,0.0
262144,Static,404,behavioral_shift,2,1,0,0,670,0.0
262144,Static,404,behavioral_shift,2,1,1,0,670,0.0
262144,Static,404,behavioral_shift,2,1,2,670,670,1.0
262144,Static,404,behavioral_shift,2,1,3,0,670,0.0
262144,Static,404,behavioral_shift,2,1,4,0,670,0.0
262144,Static,505,behavioral_shift,0,0,0,0,392,0.0
262144,Static,505,behavioral_shift,0,0,1,0,392,0.0
262144,Static,505,behavioral_shift,0,0,2,392,392,1.0
262144,Static,505,behavioral_shift,0,0,3,0,392,0.0
262144,Static,505,behavioral_shift,0,0,4,0,392,0.0
262144,Static,505,behavioral_shift,0,1,0,0,77,0.0
262144,Static,505,behavioral_shift,0,1,1,0,77,0.0
262144,Static,505,behavioral_shift,0,1,2,77,77,1.0
262144,Static,505,behavioral_shift,0,1,3,0,77,0.0
262144,Static,505,behavioral_shift,0,1,4,0,77,0.0
262144,Static,505,behavioral_shift,1,0,0,0,378,0.0
262144,Static,505,behavioral_shift,1,0,1,0,378,0.0
262144,Static,505,behavioral_shift,1,0,2,378,378,1.0
262144,Static,505,behavioral_shift,1,0,3,0,378,0.0
262144,Static,505,behavioral_shift,1,0,4,0,378,0.0
262144,Static,505,behavioral_shift,1,1,0,0,480,0.0
262144,Static,505,behavioral_shift,1,1,1,0,480,0.0
262144,Static,505,behavioral_shift,1,1,2,480,480,1.0
262144,Static,505,behavioral_shift,1,1,3,0,480,0.0
262144,Static,505,behavioral_shift,1,1,4,0,480,0.0
262144,Static,505,behavioral_shift,2,0,0,0,135,0.0
262144,Static,505,behavioral_shift,2,0,1,0,135,0.0
262144,Static,505,behavioral_shift,2,0,2,135,135,1.0
262144,Static,505,behavioral_shift,2,0,3,0,135,0.0
262144,Static,505,behavioral_shift,2,0,4,0,135,0.0
262144,Static,505,behavioral_shift,2,1,0,0,670,0.0
262144,Static,505,behavioral_shift,2,1,1,0,670,0.0
262144,Static,505,behavioral_shift,2,1,2,670,670,1.0
262144,Static,505,behavioral_shift,2,1,3,0,670,0.0
262144,Static,505,behavioral_shift,2,1,4,0,670,0.0
262144,AlwaysDecrease20,101,nominal,0,0,0,16,16,1.0
262144,AlwaysDecrease20,101,nominal,0,0,1,0,16,0.0
262144,AlwaysDecrease20,101,nominal,0,0,2,0,16,0.0
262144,AlwaysDecrease20,101,nominal,0,0,3,0,16,0.0
262144,AlwaysDecrease20,101,nominal,0,0,4,0,16,0.0
262144,AlwaysDecrease20,101,nominal,0,1,0,146,468,0.31196581196581197
262144,AlwaysDecrease20,101,nominal,0,1,1,0,468,0.0
262144,AlwaysDecrease20,101,nominal,0,1,2,322,468,0.688034188034188
262144,AlwaysDecrease20,101,nominal,0,1,3,0,468,0.0
262144,AlwaysDecrease20,101,nominal,0,1,4,0,468,0.0
262144,AlwaysDecrease20,101,nominal,0,2,0,25,39,0.6410256410256411
262144,AlwaysDecrease20,101,nominal,0,2,1,0,39,0.0
262144,AlwaysDecrease20,101,nominal,0,2,2,14,39,0.358974358974359
262144,AlwaysDecrease20,101,nominal,0,2,3,0,39,0.0
262144,AlwaysDecrease20,101,nominal,0,2,4,0,39,0.0
262144,AlwaysDecrease20,101,nominal,1,0,0,126,126,1.0
262144,AlwaysDecrease20,101,nominal,1,0,1,0,126,0.0
262144,AlwaysDecrease20,101,nominal,1,0,2,0,126,0.0
262144,AlwaysDecrease20,101,nominal,1,0,3,0,126,0.0
262144,AlwaysDecrease20,101,nominal,1,0,4,0,126,0.0
262144,AlwaysDecrease20,101,nominal,1,1,0,279,438,0.636986301369863
262144,AlwaysDecrease20,101,nominal,1,1,1,0,438,0.0
262144,AlwaysDecrease20,101,nominal,1,1,2,159,438,0.363013698630137
262144,AlwaysDecrease20,101,nominal,1,1,3,0,438,0.0
262144,AlwaysDecrease20,101,nominal,1,1,4,0,438,0.0
262144,AlwaysDecrease20,101,nominal,1,2,0,118,139,0.8489208633093526
262144,AlwaysDecrease20,101,nominal,1,2,1,0,139,0.0
262144,AlwaysDecrease20,101,nominal,1,2,2,21,139,0.1510791366906475
262144,AlwaysDecrease20,101,nominal,1,2,3,0,139,0.0
262144,AlwaysDecrease20,101,nominal,1,2,4,0,139,0.0
262144,AlwaysDecrease20,101,nominal,2,0,0,58,58,1.0
262144,AlwaysDecrease20,101,nominal,2,0,1,0,58,0.0
262144,AlwaysDecrease20,101,nominal,2,0,2,0,58,0.0
262144,AlwaysDecrease20,101,nominal,2,0,3,0,58,0.0
262144,AlwaysDecrease20,101,nominal,2,0,4,0,58,0.0
262144,AlwaysDecrease20,101,nominal,2,1,0,182,197,0.9238578680203046
262144,AlwaysDecrease20,101,nominal,2,1,1,0,197,0.0
262144,AlwaysDecrease20,101,nominal,2,1,2,15,197,0.07614213197969544
262144,AlwaysDecrease20,101,nominal,2,1,3,0,197,0.0
262144,AlwaysDecrease20,101,nominal,2,1,4,0,197,0.0
262144,AlwaysDecrease20,101,nominal,2,2,0,261,283,0.9222614840989399
262144,AlwaysDecrease20,101,nominal,2,2,1,0,283,0.0
262144,AlwaysDecrease20,101,nominal,2,2,2,22,283,0.07773851590106007
262144,AlwaysDecrease20,101,nominal,2,2,3,0,283,0.0
262144,AlwaysDecrease20,101,nominal,2,2,4,0,283,0.0
262144,AlwaysDecrease20,202,nominal,0,0,0,16,16,1.0
262144,AlwaysDecrease20,202,nominal,0,0,1,0,16,0.0
262144,AlwaysDecrease20,202,nominal,0,0,2,0,16,0.0
262144,AlwaysDecrease20,202,nominal,0,0,3,0,16,0.0
262144,AlwaysDecrease20,202,nominal,0,0,4,0,16,0.0
262144,AlwaysDecrease20,202,nominal,0,1,0,146,468,0.31196581196581197
262144,AlwaysDecrease20,202,nominal,0,1,1,0,468,0.0
262144,AlwaysDecrease20,202,nominal,0,1,2,322,468,0.688034188034188
262144,AlwaysDecrease20,202,nominal,0,1,3,0,468,0.0
262144,AlwaysDecrease20,202,nominal,0,1,4,0,468,0.0
262144,AlwaysDecrease20,202,nominal,0,2,0,25,39,0.6410256410256411
262144,AlwaysDecrease20,202,nominal,0,2,1,0,39,0.0
262144,AlwaysDecrease20,202,nominal,0,2,2,14,39,0.358974358974359
262144,AlwaysDecrease20,202,nominal,0,2,3,0,39,0.0
262144,AlwaysDecrease20,202,nominal,0,2,4,0,39,0.0
262144,AlwaysDecrease20,202,nominal,1,0,0,126,126,1.0
262144,AlwaysDecrease20,202,nominal,1,0,1,0,126,0.0
262144,AlwaysDecrease20,202,nominal,1,0,2,0,126,0.0
262144,AlwaysDecrease20,202,nominal,1,0,3,0,126,0.0
262144,AlwaysDecrease20,202,nominal,1,0,4,0,126,0.0
262144,AlwaysDecrease20,202,nominal,1,1,0,279,438,0.636986301369863
262144,AlwaysDecrease20,202,nominal,1,1,1,0,438,0.0
262144,AlwaysDecrease20,202,nominal,1,1,2,159,438,0.363013698630137
262144,AlwaysDecrease20,202,nominal,1,1,3,0,438,0.0
262144,AlwaysDecrease20,202,nominal,1,1,4,0,438,0.0
262144,AlwaysDecrease20,202,nominal,1,2,0,118,139,0.8489208633093526
262144,AlwaysDecrease20,202,nominal,1,2,1,0,139,0.0
262144,AlwaysDecrease20,202,nominal,1,2,2,21,139,0.1510791366906475
262144,AlwaysDecrease20,202,nominal,1,2,3,0,139,0.0
262144,AlwaysDecrease20,202,nominal,1,2,4,0,139,0.0
262144,AlwaysDecrease20,202,nominal,2,0,0,58,58,1.0
262144,AlwaysDecrease20,202,nominal,2,0,1,0,58,0.0
262144,AlwaysDecrease20,202,nominal,2,0,2,0,58,0.0
262144,AlwaysDecrease20,202,nominal,2,0,3,0,58,0.0
262144,AlwaysDecrease20,202,nominal,2,0,4,0,58,0.0
262144,AlwaysDecrease20,202,nominal,2,1,0,182,197,0.9238578680203046
262144,AlwaysDecrease20,202,nominal,2,1,1,0,197,0.0
262144,AlwaysDecrease20,202,nominal,2,1,2,15,197,0.07614213197969544
262144,AlwaysDecrease20,202,nominal,2,1,3,0,197,0.0
262144,AlwaysDecrease20,202,nominal,2,1,4,0,197,0.0
262144,AlwaysDecrease20,202,nominal,2,2,0,261,283,0.9222614840989399
262144,AlwaysDecrease20,202,nominal,2,2,1,0,283,0.0
262144,AlwaysDecrease20,202,nominal,2,2,2,22,283,0.07773851590106007
262144,AlwaysDecrease20,202,nominal,2,2,3,0,283,0.0
262144,AlwaysDecrease20,202,nominal,2,2,4,0,283,0.0
262144,AlwaysDecrease20,303,nominal,0,0,0,16,16,1.0
262144,AlwaysDecrease20,303,nominal,0,0,1,0,16,0.0
262144,AlwaysDecrease20,303,nominal,0,0,2,0,16,0.0
262144,AlwaysDecrease20,303,nominal,0,0,3,0,16,0.0
262144,AlwaysDecrease20,303,nominal,0,0,4,0,16,0.0
262144,AlwaysDecrease20,303,nominal,0,1,0,146,468,0.31196581196581197
262144,AlwaysDecrease20,303,nominal,0,1,1,0,468,0.0
262144,AlwaysDecrease20,303,nominal,0,1,2,322,468,0.688034188034188
262144,AlwaysDecrease20,303,nominal,0,1,3,0,468,0.0
262144,AlwaysDecrease20,303,nominal,0,1,4,0,468,0.0
262144,AlwaysDecrease20,303,nominal,0,2,0,25,39,0.6410256410256411
262144,AlwaysDecrease20,303,nominal,0,2,1,0,39,0.0
262144,AlwaysDecrease20,303,nominal,0,2,2,14,39,0.358974358974359
262144,AlwaysDecrease20,303,nominal,0,2,3,0,39,0.0
262144,AlwaysDecrease20,303,nominal,0,2,4,0,39,0.0
262144,AlwaysDecrease20,303,nominal,1,0,0,126,126,1.0
262144,AlwaysDecrease20,303,nominal,1,0,1,0,126,0.0
262144,AlwaysDecrease20,303,nominal,1,0,2,0,126,0.0
262144,AlwaysDecrease20,303,nominal,1,0,3,0,126,0.0
262144,AlwaysDecrease20,303,nominal,1,0,4,0,126,0.0
262144,AlwaysDecrease20,303,nominal,1,1,0,279,438,0.636986301369863
262144,AlwaysDecrease20,303,nominal,1,1,1,0,438,0.0
262144,AlwaysDecrease20,303,nominal,1,1,2,159,438,0.363013698630137
262144,AlwaysDecrease20,303,nominal,1,1,3,0,438,0.0
262144,AlwaysDecrease20,303,nominal,1,1,4,0,438,0.0
262144,AlwaysDecrease20,303,nominal,1,2,0,118,139,0.8489208633093526
262144,AlwaysDecrease20,303,nominal,1,2,1,0,139,0.0
262144,AlwaysDecrease20,303,nominal,1,2,2,21,139,0.1510791366906475
262144,AlwaysDecrease20,303,nominal,1,2,3,0,139,0.0
262144,AlwaysDecrease20,303,nominal,1,2,4,0,139,0.0
262144,AlwaysDecrease20,303,nominal,2,0,0,58,58,1.0
262144,AlwaysDecrease20,303,nominal,2,0,1,0,58,0.0
262144,AlwaysDecrease20,303,nominal,2,0,2,0,58,0.0
262144,AlwaysDecrease20,303,nominal,2,0,3,0,58,0.0
262144,AlwaysDecrease20,303,nominal,2,0,4,0,58,0.0
262144,AlwaysDecrease20,303,nominal,2,1,0,182,197,0.9238578680203046
262144,AlwaysDecrease20,303,nominal,2,1,1,0,197,0.0
262144,AlwaysDecrease20,303,nominal,2,1,2,15,197,0.07614213197969544
262144,AlwaysDecrease20,303,nominal,2,1,3,0,197,0.0
262144,AlwaysDecrease20,303,nominal,2,1,4,0,197,0.0
262144,AlwaysDecrease20,303,nominal,2,2,0,261,283,0.9222614840989399
262144,AlwaysDecrease20,303,nominal,2,2,1,0,283,0.0
262144,AlwaysDecrease20,303,nominal,2,2,2,22,283,0.07773851590106007
262144,AlwaysDecrease20,303,nominal,2,2,3,0,283,0.0
262144,AlwaysDecrease20,303,nominal,2,2,4,0,283,0.0
262144,AlwaysDecrease20,404,nominal,0,0,0,16,16,1.0
262144,AlwaysDecrease20,404,nominal,0,0,1,0,16,0.0
262144,AlwaysDecrease20,404,nominal,0,0,2,0,16,0.0
262144,AlwaysDecrease20,404,nominal,0,0,3,0,16,0.0
262144,AlwaysDecrease20,404,nominal,0,0,4,0,16,0.0
262144,AlwaysDecrease20,404,nominal,0,1,0,146,468,0.31196581196581197
262144,AlwaysDecrease20,404,nominal,0,1,1,0,468,0.0
262144,AlwaysDecrease20,404,nominal,0,1,2,322,468,0.688034188034188
262144,AlwaysDecrease20,404,nominal,0,1,3,0,468,0.0
262144,AlwaysDecrease20,404,nominal,0,1,4,0,468,0.0
262144,AlwaysDecrease20,404,nominal,0,2,0,25,39,0.6410256410256411
262144,AlwaysDecrease20,404,nominal,0,2,1,0,39,0.0
262144,AlwaysDecrease20,404,nominal,0,2,2,14,39,0.358974358974359
262144,AlwaysDecrease20,404,nominal,0,2,3,0,39,0.0
262144,AlwaysDecrease20,404,nominal,0,2,4,0,39,0.0
262144,AlwaysDecrease20,404,nominal,1,0,0,126,126,1.0
262144,AlwaysDecrease20,404,nominal,1,0,1,0,126,0.0
262144,AlwaysDecrease20,404,nominal,1,0,2,0,126,0.0
262144,AlwaysDecrease20,404,nominal,1,0,3,0,126,0.0
262144,AlwaysDecrease20,404,nominal,1,0,4,0,126,0.0
262144,AlwaysDecrease20,404,nominal,1,1,0,279,438,0.636986301369863
262144,AlwaysDecrease20,404,nominal,1,1,1,0,438,0.0
262144,AlwaysDecrease20,404,nominal,1,1,2,159,438,0.363013698630137
262144,AlwaysDecrease20,404,nominal,1,1,3,0,438,0.0
262144,AlwaysDecrease20,404,nominal,1,1,4,0,438,0.0
262144,AlwaysDecrease20,404,nominal,1,2,0,118,139,0.8489208633093526
262144,AlwaysDecrease20,404,nominal,1,2,1,0,139,0.0
262144,AlwaysDecrease20,404,nominal,1,2,2,21,139,0.1510791366906475
262144,AlwaysDecrease20,404,nominal,1,2,3,0,139,0.0
262144,AlwaysDecrease20,404,nominal,1,2,4,0,139,0.0
262144,AlwaysDecrease20,404,nominal,2,0,0,58,58,1.0
262144,AlwaysDecrease20,404,nominal,2,0,1,0,58,0.0
262144,AlwaysDecrease20,404,nominal,2,0,2,0,58,0.0
262144,AlwaysDecrease20,404,nominal,2,0,3,0,58,0.0
262144,AlwaysDecrease20,404,nominal,2,0,4,0,58,0.0
262144,AlwaysDecrease20,404,nominal,2,1,0,182,197,0.9238578680203046
262144,AlwaysDecrease20,404,nominal,2,1,1,0,197,0.0
262144,AlwaysDecrease20,404,nominal,2,1,2,15,197,0.07614213197969544
262144,AlwaysDecrease20,404,nominal,2,1,3,0,197,0.0
262144,AlwaysDecrease20,404,nominal,2,1,4,0,197,0.0
262144,AlwaysDecrease20,404,nominal,2,2,0,261,283,0.9222614840989399
262144,AlwaysDecrease20,404,nominal,2,2,1,0,283,0.0
262144,AlwaysDecrease20,404,nominal,2,2,2,22,283,0.07773851590106007
262144,AlwaysDecrease20,404,nominal,2,2,3,0,283,0.0
262144,AlwaysDecrease20,404,nominal,2,2,4,0,283,0.0
262144,AlwaysDecrease20,505,nominal,0,0,0,16,16,1.0
262144,AlwaysDecrease20,505,nominal,0,0,1,0,16,0.0
262144,AlwaysDecrease20,505,nominal,0,0,2,0,16,0.0
262144,AlwaysDecrease20,505,nominal,0,0,3,0,16,0.0
262144,AlwaysDecrease20,505,nominal,0,0,4,0,16,0.0
262144,AlwaysDecrease20,505,nominal,0,1,0,146,468,0.31196581196581197
262144,AlwaysDecrease20,505,nominal,0,1,1,0,468,0.0
262144,AlwaysDecrease20,505,nominal,0,1,2,322,468,0.688034188034188
262144,AlwaysDecrease20,505,nominal,0,1,3,0,468,0.0
262144,AlwaysDecrease20,505,nominal,0,1,4,0,468,0.0
262144,AlwaysDecrease20,505,nominal,0,2,0,25,39,0.6410256410256411
262144,AlwaysDecrease20,505,nominal,0,2,1,0,39,0.0
262144,AlwaysDecrease20,505,nominal,0,2,2,14,39,0.358974358974359
262144,AlwaysDecrease20,505,nominal,0,2,3,0,39,0.0
262144,AlwaysDecrease20,505,nominal,0,2,4,0,39,0.0
262144,AlwaysDecrease20,505,nominal,1,0,0,126,126,1.0
262144,AlwaysDecrease20,505,nominal,1,0,1,0,126,0.0
262144,AlwaysDecrease20,505,nominal,1,0,2,0,126,0.0
262144,AlwaysDecrease20,505,nominal,1,0,3,0,126,0.0
262144,AlwaysDecrease20,505,nominal,1,0,4,0,126,0.0
262144,AlwaysDecrease20,505,nominal,1,1,0,279,438,0.636986301369863
262144,AlwaysDecrease20,505,nominal,1,1,1,0,438,0.0
262144,AlwaysDecrease20,505,nominal,1,1,2,159,438,0.363013698630137
262144,AlwaysDecrease20,505,nominal,1,1,3,0,438,0.0
262144,AlwaysDecrease20,505,nominal,1,1,4,0,438,0.0
262144,AlwaysDecrease20,505,nominal,1,2,0,118,139,0.8489208633093526
262144,AlwaysDecrease20,505,nominal,1,2,1,0,139,0.0
262144,AlwaysDecrease20,505,nominal,1,2,2,21,139,0.1510791366906475
262144,AlwaysDecrease20,505,nominal,1,2,3,0,139,0.0
262144,AlwaysDecrease20,505,nominal,1,2,4,0,139,0.0
262144,AlwaysDecrease20,505,nominal,2,0,0,58,58,1.0
262144,AlwaysDecrease20,505,nominal,2,0,1,0,58,0.0
262144,AlwaysDecrease20,505,nominal,2,0,2,0,58,0.0
262144,AlwaysDecrease20,505,nominal,2,0,3,0,58,0.0
262144,AlwaysDecrease20,505,nominal,2,0,4,0,58,0.0
262144,AlwaysDecrease20,505,nominal,2,1,0,182,197,0.9238578680203046
262144,AlwaysDecrease20,505,nominal,2,1,1,0,197,0.0
262144,AlwaysDecrease20,505,nominal,2,1,2,15,197,0.07614213197969544
262144,AlwaysDecrease20,505,nominal,2,1,3,0,197,0.0
262144,AlwaysDecrease20,505,nominal,2,1,4,0,197,0.0
262144,AlwaysDecrease20,505,nominal,2,2,0,261,283,0.9222614840989399
262144,AlwaysDecrease20,505,nominal,2,2,1,0,283,0.0
262144,AlwaysDecrease20,505,nominal,2,2,2,22,283,0.07773851590106007
262144,AlwaysDecrease20,505,nominal,2,2,3,0,283,0.0
262144,AlwaysDecrease20,505,nominal,2,2,4,0,283,0.0
262144,BCInitPPO,101,nominal,0,0,0,10,64,0.15625
262144,BCInitPPO,101,nominal,0,0,1,4,64,0.0625
262144,BCInitPPO,101,nominal,0,0,2,0,64,0.0
262144,BCInitPPO,101,nominal,0,0,3,42,64,0.65625
262144,BCInitPPO,101,nominal,0,0,4,8,64,0.125
262144,BCInitPPO,101,nominal,0,1,0,58,471,0.12314225053078556
262144,BCInitPPO,101,nominal,0,1,1,191,471,0.40552016985138006
262144,BCInitPPO,101,nominal,0,1,2,13,471,0.027600849256900213
262144,BCInitPPO,101,nominal,0,1,3,209,471,0.4437367303609342
262144,BCInitPPO,101,nominal,0,1,4,0,471,0.0
262144,BCInitPPO,101,nominal,0,2,0,1,9,0.1111111111111111
262144,BCInitPPO,101,nominal,0,2,1,7,9,0.7777777777777778
262144,BCInitPPO,101,nominal,0,2,2,1,9,0.1111111111111111
262144,BCInitPPO,101,nominal,0,2,3,0,9,0.0
262144,BCInitPPO,101,nominal,0,2,4,0,9,0.0
262144,BCInitPPO,101,nominal,1,0,0,125,127,0.984251968503937
262144,BCInitPPO,101,nominal,1,0,1,1,127,0.007874015748031496
262144,BCInitPPO,101,nominal,1,0,2,0,127,0.0
262144,BCInitPPO,101,nominal,1,0,3,0,127,0.0
262144,BCInitPPO,101,nominal,1,0,4,1,127,0.007874015748031496
262144,BCInitPPO,101,nominal,1,1,0,467,586,0.7969283276450512
262144,BCInitPPO,101,nominal,1,1,1,79,586,0.1348122866894198
262144,BCInitPPO,101,nominal,1,1,2,12,586,0.020477815699658702
262144,BCInitPPO,101,nominal,1,1,3,24,586,0.040955631399317405
262144,BCInitPPO,101,nominal,1,1,4,4,586,0.006825938566552901
262144,BCInitPPO,101,nominal,1,2,0,83,214,0.3878504672897196
262144,BCInitPPO,101,nominal,1,2,1,95,214,0.4439252336448598
262144,BCInitPPO,101,nominal,1,2,2,24,214,0.11214953271028037
262144,BCInitPPO,101,nominal,1,2,3,12,214,0.056074766355140186
262144,BCInitPPO,101,nominal,1,2,4,0,214,0.0
262144,BCInitPPO,101,nominal,2,0,0,57,58,0.9827586206896551
262144,BCInitPPO,101,nominal,2,0,1,1,58,0.017241379310344827
262144,BCInitPPO,101,nominal,2,0,2,0,58,0.0
262144,BCInitPPO,101,nominal,2,0,3,0,58,0.0
262144,BCInitPPO,101,nominal,2,0,4,0,58,0.0
262144,BCInitPPO,101,nominal,2,1,0,195,209,0.9330143540669856
262144,BCInitPPO,101,nominal,2,1,1,9,209,0.0430622009569378
262144,BCInitPPO,101,nominal,2,1,2,4,209,0.019138755980861243
262144,BCInitPPO,101,nominal,2,1,3,0,209,0.0
262144,BCInitPPO,101,nominal,2,1,4,1,209,0.004784688995215311
262144,BCInitPPO,101,nominal,2,2,0,93,316,0.29430379746835444
262144,BCInitPPO,101,nominal,2,2,1,83,316,0.2626582278481013
262144,BCInitPPO,101,nominal,2,2,2,69,316,0.21835443037974683
262144,BCInitPPO,101,nominal,2,2,3,71,316,0.22468354430379747
262144,BCInitPPO,101,nominal,2,2,4,0,316,0.0
262144,BCInitPPO,202,nominal,0,0,0,13,72,0.18055555555555555
262144,BCInitPPO,202,nominal,0,0,1,0,72,0.0
262144,BCInitPPO,202,nominal,0,0,2,0,72,0.0
262144,BCInitPPO,202,nominal,0,0,3,0,72,0.0
262144,BCInitPPO,202,nominal,0,0,4,59,72,0.8194444444444444
262144,BCInitPPO,202,nominal,0,1,0,226,473,0.47780126849894294
262144,BCInitPPO,202,nominal,0,1,1,66,473,0.13953488372093023
262144,BCInitPPO,202,nominal,0,1,2,1,473,0.0021141649048625794
262144,BCInitPPO,202,nominal,0,1,3,21,473,0.04439746300211417
262144,BCInitPPO,202,nominal,0,1,4,159,473,0.3361522198731501
262144,BCInitPPO,202,nominal,0,2,0,12,16,0.75
262144,BCInitPPO,202,nominal,0,2,1,2,16,0.125
262144,BCInitPPO,202,nominal,0,2,2,1,16,0.0625
262144,BCInitPPO,202,nominal,0,2,3,0,16,0.0
262144,BCInitPPO,202,nominal,0,2,4,1,16,0.0625
262144,BCInitPPO,202,nominal,1,0,0,124,127,0.9763779527559056
262144,BCInitPPO,202,nominal,1,0,1,3,127,0.023622047244094488
262144,BCInitPPO,202,nominal,1,0,2,0,127,0.0
262144,BCInitPPO,202,nominal,1,0,3,0,127,0.0
262144,BCInitPPO,202,nominal,1,0,4,0,127,0.0
262144,BCInitPPO,202,nominal,1,1,0,458,550,0.8327272727272728
262144,BCInitPPO,202,nominal,1,1,1,36,550,0.06545454545454546
262144,BCInitPPO,202,nominal,1,1,2,30,550,0.05454545454545454
262144,BCInitPPO,202,nominal,1,1,3,7,550,0.012727272727272728
262144,BCInitPPO,202,nominal,1,1,4,19,550,0.034545454545454546
262144,BCInitPPO,202,nominal,1,2,0,119,228,0.5219298245614035
262144,BCInitPPO,202,nominal,1,2,1,79,228,0.34649122807017546
262144,BCInitPPO,202,nominal,1,2,2,5,228,0.021929824561403508
262144,BCInitPPO,202,nominal,1,2,3,22,228,0.09649122807017543
262144,BCInitPPO,202,nominal,1,2,4,3,228,0.013157894736842105
262144,BCInitPPO,202,nominal,2,0,0,58,58,1.0
262144,BCInitPPO,202,nominal,2,0,1,0,58,0.0
262144,BCInitPPO,202,nominal,2,0,2,0,58,0.0
262144,BCInitPPO,202,nominal,2,0,3,0,58,0.0
262144,BCInitPPO,202,nominal,2,0,4,0,58,0.0
262144,BCInitPPO,202,nominal,2,1,0,202,212,0.9528301886792453
262144,BCInitPPO,202,nominal,2,1,1,8,212,0.03773584905660377
262144,BCInitPPO,202,nominal,2,1,2,2,212,0.009433962264150943
262144,BCInitPPO,202,nominal,2,1,3,0,212,0.0
262144,BCInitPPO,202,nominal,2,1,4,0,212,0.0
262144,BCInitPPO,202,nominal,2,2,0,121,308,0.39285714285714285
262144,BCInitPPO,202,nominal,2,2,1,71,308,0.2305194805194805
262144,BCInitPPO,202,nominal,2,2,2,19,308,0.06168831168831169
262144,BCInitPPO,202,nominal,2,2,3,96,308,0.3116883116883117
262144,BCInitPPO,202,nominal,2,2,4,1,308,0.003246753246753247
262144,BCInitPPO,303,nominal,0,0,0,14,59,0.23728813559322035
262144,BCInitPPO,303,nominal,0,0,1,0,59,0.0
262144,BCInitPPO,303,nominal,0,0,2,17,59,0.288135593220339
262144,BCInitPPO,303,nominal,0,0,3,26,59,0.4406779661016949
262144,BCInitPPO,303,nominal,0,0,4,2,59,0.03389830508474576
262144,BCInitPPO,303,nominal,0,1,0,143,488,0.2930327868852459
262144,BCInitPPO,303,nominal,0,1,1,178,488,0.36475409836065575
262144,BCInitPPO,303,nominal,0,1,2,80,488,0.16393442622950818
262144,BCInitPPO,303,nominal,0,1,3,79,488,0.16188524590163936
262144,BCInitPPO,303,nominal,0,1,4,8,488,0.01639344262295082
262144,BCInitPPO,303,nominal,0,2,0,9,13,0.6923076923076923
262144,BCInitPPO,303,nominal,0,2,1,2,13,0.15384615384615385
262144,BCInitPPO,303,nominal,0,2,2,2,13,0.15384615384615385
262144,BCInitPPO,303,nominal,0,2,3,0,13,0.0
262144,BCInitPPO,303,nominal,0,2,4,0,13,0.0
262144,BCInitPPO,303,nominal,1,0,0,125,126,0.9920634920634921
262144,BCInitPPO,303,nominal,1,0,1,1,126,0.007936507936507936
262144,BCInitPPO,303,nominal,1,0,2,0,126,0.0
262144,BCInitPPO,303,nominal,1,0,3,0,126,0.0
262144,BCInitPPO,303,nominal,1,0,4,0,126,0.0
262144,BCInitPPO,303,nominal,1,1,0,497,617,0.8055105348460292
262144,BCInitPPO,303,nominal,1,1,1,109,617,0.1766612641815235
262144,BCInitPPO,303,nominal,1,1,2,11,617,0.017828200972447326
262144,BCInitPPO,303,nominal,1,1,3,0,617,0.0
262144,BCInitPPO,303,nominal,1,1,4,0,617,0.0
262144,BCInitPPO,303,nominal,1,2,0,94,203,0.4630541871921182
262144,BCInitPPO,303,nominal,1,2,1,69,203,0.3399014778325123
262144,BCInitPPO,303,nominal,1,2,2,24,203,0.11822660098522167
262144,BCInitPPO,303,nominal,1,2,3,1,203,0.0049261083743842365
262144,BCInitPPO,303,nominal,1,2,4,15,203,0.07389162561576355
262144,BCInitPPO,303,nominal,2,0,0,58,58,1.0
262144,BCInitPPO,303,nominal,2,0,1,0,58,0.0
262144,BCInitPPO,303,nominal,2,0,2,0,58,0.0
262144,BCInitPPO,303,nominal,2,0,3,0,58,0.0
262144,BCInitPPO,303,nominal,2,0,4,0,58,0.0
262144,BCInitPPO,303,nominal,2,1,0,195,240,0.8125
262144,BCInitPPO,303,nominal,2,1,1,42,240,0.175
262144,BCInitPPO,303,nominal,2,1,2,2,240,0.008333333333333333
262144,BCInitPPO,303,nominal,2,1,3,0,240,0.0
262144,BCInitPPO,303,nominal,2,1,4,1,240,0.004166666666666667
262144,BCInitPPO,303,nominal,2,2,0,75,281,0.2669039145907473
262144,BCInitPPO,303,nominal,2,2,1,100,281,0.35587188612099646
262144,BCInitPPO,303,nominal,2,2,2,51,281,0.18149466192170818
262144,BCInitPPO,303,nominal,2,2,3,0,281,0.0
262144,BCInitPPO,303,nominal,2,2,4,55,281,0.19572953736654805
262144,BCInitPPO,404,nominal,0,0,0,12,99,0.12121212121212122
262144,BCInitPPO,404,nominal,0,0,1,0,99,0.0
262144,BCInitPPO,404,nominal,0,0,2,27,99,0.2727272727272727
262144,BCInitPPO,404,nominal,0,0,3,30,99,0.30303030303030304
262144,BCInitPPO,404,nominal,0,0,4,30,99,0.30303030303030304
262144,BCInitPPO,404,nominal,0,1,0,124,428,0.2897196261682243
262144,BCInitPPO,404,nominal,0,1,1,87,428,0.20327102803738317
262144,BCInitPPO,404,nominal,0,1,2,25,428,0.05841121495327103
262144,BCInitPPO,404,nominal,0,1,3,9,428,0.02102803738317757
262144,BCInitPPO,404,nominal,0,1,4,183,428,0.42757009345794394
262144,BCInitPPO,404,nominal,0,2,0,2,6,0.3333333333333333
262144,BCInitPPO,404,nominal,0,2,1,4,6,0.6666666666666666
262144,BCInitPPO,404,nominal,0,2,2,0,6,0.0
262144,BCInitPPO,404,nominal,0,2,3,0,6,0.0
262144,BCInitPPO,404,nominal,0,2,4,0,6,0.0
262144,BCInitPPO,404,nominal,1,0,0,126,134,0.9402985074626866
262144,BCInitPPO,404,nominal,1,0,1,2,134,0.014925373134328358
262144,BCInitPPO,404,nominal,1,0,2,3,134,0.022388059701492536
262144,BCInitPPO,404,nominal,1,0,3,0,134,0.0
262144,BCInitPPO,404,nominal,1,0,4,3,134,0.022388059701492536
262144,BCInitPPO,404,nominal,1,1,0,390,606,0.6435643564356436
262144,BCInitPPO,404,nominal,1,1,1,94,606,0.1551155115511551
262144,BCInitPPO,404,nominal,1,1,2,112,606,0.1848184818481848
262144,BCInitPPO,404,nominal,1,1,3,0,606,0.0
262144,BCInitPPO,404,nominal,1,1,4,10,606,0.0165016501650165
262144,BCInitPPO,404,nominal,1,2,0,101,217,0.46543778801843316
262144,BCInitPPO,404,nominal,1,2,1,75,217,0.3456221198156682
262144,BCInitPPO,404,nominal,1,2,2,22,217,0.10138248847926268
262144,BCInitPPO,404,nominal,1,2,3,11,217,0.05069124423963134
262144,BCInitPPO,404,nominal,1,2,4,8,217,0.03686635944700461
262144,BCInitPPO,404,nominal,2,0,0,58,58,1.0
262144,BCInitPPO,404,nominal,2,0,1,0,58,0.0
262144,BCInitPPO,404,nominal,2,0,2,0,58,0.0
262144,BCInitPPO,404,nominal,2,0,3,0,58,0.0
262144,BCInitPPO,404,nominal,2,0,4,0,58,0.0
262144,BCInitPPO,404,nominal,2,1,0,202,226,0.8938053097345132
262144,BCInitPPO,404,nominal,2,1,1,7,226,0.030973451327433628
262144,BCInitPPO,404,nominal,2,1,2,8,226,0.035398230088495575
262144,BCInitPPO,404,nominal,2,1,3,8,226,0.035398230088495575
262144,BCInitPPO,404,nominal,2,1,4,1,226,0.004424778761061947
262144,BCInitPPO,404,nominal,2,2,0,96,308,0.3116883116883117
262144,BCInitPPO,404,nominal,2,2,1,77,308,0.25
262144,BCInitPPO,404,nominal,2,2,2,29,308,0.09415584415584416
262144,BCInitPPO,404,nominal,2,2,3,52,308,0.16883116883116883
262144,BCInitPPO,404,nominal,2,2,4,54,308,0.17532467532467533
262144,BCInitPPO,505,nominal,0,0,0,12,112,0.10714285714285714
262144,BCInitPPO,505,nominal,0,0,1,0,112,0.0
262144,BCInitPPO,505,nominal,0,0,2,26,112,0.23214285714285715
262144,BCInitPPO,505,nominal,0,0,3,1,112,0.008928571428571428
262144,BCInitPPO,505,nominal,0,0,4,73,112,0.6517857142857143
262144,BCInitPPO,505,nominal,0,1,0,195,444,0.4391891891891892
262144,BCInitPPO,505,nominal,0,1,1,2,444,0.0045045045045045045
262144,BCInitPPO,505,nominal,0,1,2,195,444,0.4391891891891892
262144,BCInitPPO,505,nominal,0,1,3,6,444,0.013513513513513514
262144,BCInitPPO,505,nominal,0,1,4,46,444,0.1036036036036036
262144,BCInitPPO,505,nominal,0,2,0,4,5,0.8
262144,BCInitPPO,505,nominal,0,2,1,0,5,0.0
262144,BCInitPPO,505,nominal,0,2,2,1,5,0.2
262144,BCInitPPO,505,nominal,0,2,3,0,5,0.0
262144,BCInitPPO,505,nominal,0,2,4,0,5,0.0
262144,BCInitPPO,505,nominal,1,0,0,126,128,0.984375
262144,BCInitPPO,505,nominal,1,0,1,0,128,0.0
262144,BCInitPPO,505,nominal,1,0,2,2,128,0.015625
262144,BCInitPPO,505,nominal,1,0,3,0,128,0.0
262144,BCInitPPO,505,nominal,1,0,4,0,128,0.0
262144,BCInitPPO,505,nominal,1,1,0,469,557,0.8420107719928187
262144,BCInitPPO,505,nominal,1,1,1,2,557,0.003590664272890485
262144,BCInitPPO,505,nominal,1,1,2,67,557,0.12028725314183124
262144,BCInitPPO,505,nominal,1,1,3,0,557,0.0
262144,BCInitPPO,505,nominal,1,1,4,19,557,0.03411131059245961
262144,BCInitPPO,505,nominal,1,2,0,138,209,0.6602870813397129
262144,BCInitPPO,505,nominal,1,2,1,46,209,0.22009569377990432
262144,BCInitPPO,505,nominal,1,2,2,5,209,0.023923444976076555
262144,BCInitPPO,505,nominal,1,2,3,0,209,0.0
262144,BCInitPPO,505,nominal,1,2,4,20,209,0.09569377990430622
262144,BCInitPPO,505,nominal,2,0,0,58,58,1.0
262144,BCInitPPO,505,nominal,2,0,1,0,58,0.0
262144,BCInitPPO,505,nominal,2,0,2,0,58,0.0
262144,BCInitPPO,505,nominal,2,0,3,0,58,0.0
262144,BCInitPPO,505,nominal,2,0,4,0,58,0.0
262144,BCInitPPO,505,nominal,2,1,0,194,221,0.8778280542986425
262144,BCInitPPO,505,nominal,2,1,1,3,221,0.013574660633484163
262144,BCInitPPO,505,nominal,2,1,2,16,221,0.07239819004524888
262144,BCInitPPO,505,nominal,2,1,3,0,221,0.0
262144,BCInitPPO,505,nominal,2,1,4,8,221,0.03619909502262444
262144,BCInitPPO,505,nominal,2,2,0,121,318,0.3805031446540881
262144,BCInitPPO,505,nominal,2,2,1,60,318,0.18867924528301888
262144,BCInitPPO,505,nominal,2,2,2,83,318,0.2610062893081761
262144,BCInitPPO,505,nominal,2,2,3,0,318,0.0
262144,BCInitPPO,505,nominal,2,2,4,54,318,0.16981132075471697
262144,BCRegularizedPPO,101,nominal,0,0,0,14,62,0.22580645161290322
262144,BCRegularizedPPO,101,nominal,0,0,1,1,62,0.016129032258064516
262144,BCRegularizedPPO,101,nominal,0,0,2,4,62,0.06451612903225806
262144,BCRegularizedPPO,101,nominal,0,0,3,4,62,0.06451612903225806
262144,BCRegularizedPPO,101,nominal,0,0,4,39,62,0.6290322580645161
262144,BCRegularizedPPO,101,nominal,0,1,0,163,477,0.3417190775681342
262144,BCRegularizedPPO,101,nominal,0,1,1,110,477,0.23060796645702306
262144,BCRegularizedPPO,101,nominal,0,1,2,8,477,0.016771488469601678
262144,BCRegularizedPPO,101,nominal,0,1,3,0,477,0.0
262144,BCRegularizedPPO,101,nominal,0,1,4,196,477,0.4109014675052411
262144,BCRegularizedPPO,101,nominal,0,2,0,5,12,0.4166666666666667
262144,BCRegularizedPPO,101,nominal,0,2,1,3,12,0.25
262144,BCRegularizedPPO,101,nominal,0,2,2,4,12,0.3333333333333333
262144,BCRegularizedPPO,101,nominal,0,2,3,0,12,0.0
262144,BCRegularizedPPO,101,nominal,0,2,4,0,12,0.0
262144,BCRegularizedPPO,101,nominal,1,0,0,126,127,0.9921259842519685
262144,BCRegularizedPPO,101,nominal,1,0,1,0,127,0.0
262144,BCRegularizedPPO,101,nominal,1,0,2,0,127,0.0
262144,BCRegularizedPPO,101,nominal,1,0,3,0,127,0.0
262144,BCRegularizedPPO,101,nominal,1,0,4,1,127,0.007874015748031496
262144,BCRegularizedPPO,101,nominal,1,1,0,479,593,0.8077571669477235
262144,BCRegularizedPPO,101,nominal,1,1,1,46,593,0.0775716694772344
262144,BCRegularizedPPO,101,nominal,1,1,2,49,593,0.08263069139966273
262144,BCRegularizedPPO,101,nominal,1,1,3,1,593,0.0016863406408094434
262144,BCRegularizedPPO,101,nominal,1,1,4,18,593,0.03035413153456998
262144,BCRegularizedPPO,101,nominal,1,2,0,95,211,0.45023696682464454
262144,BCRegularizedPPO,101,nominal,1,2,1,56,211,0.26540284360189575
262144,BCRegularizedPPO,101,nominal,1,2,2,43,211,0.2037914691943128
262144,BCRegularizedPPO,101,nominal,1,2,3,17,211,0.08056872037914692
262144,BCRegularizedPPO,101,nominal,1,2,4,0,211,0.0
262144,BCRegularizedPPO,101,nominal,2,0,0,58,58,1.0
262144,BCRegularizedPPO,101,nominal,2,0,1,0,58,0.0
262144,BCRegularizedPPO,101,nominal,2,0,2,0,58,0.0
262144,BCRegularizedPPO,101,nominal,2,0,3,0,58,0.0
262144,BCRegularizedPPO,101,nominal,2,0,4,0,58,0.0
262144,BCRegularizedPPO,101,nominal,2,1,0,194,224,0.8660714285714286
262144,BCRegularizedPPO,101,nominal,2,1,1,10,224,0.044642857142857144
262144,BCRegularizedPPO,101,nominal,2,1,2,20,224,0.08928571428571429
262144,BCRegularizedPPO,101,nominal,2,1,3,0,224,0.0
262144,BCRegularizedPPO,101,nominal,2,1,4,0,224,0.0
262144,BCRegularizedPPO,101,nominal,2,2,0,101,310,0.3258064516129032
262144,BCRegularizedPPO,101,nominal,2,2,1,58,310,0.1870967741935484
262144,BCRegularizedPPO,101,nominal,2,2,2,71,310,0.22903225806451613
262144,BCRegularizedPPO,101,nominal,2,2,3,80,310,0.25806451612903225
262144,BCRegularizedPPO,101,nominal,2,2,4,0,310,0.0
262144,BCRegularizedPPO,202,nominal,0,0,0,15,105,0.14285714285714285
262144,BCRegularizedPPO,202,nominal,0,0,1,2,105,0.01904761904761905
262144,BCRegularizedPPO,202,nominal,0,0,2,4,105,0.0380952380952381
262144,BCRegularizedPPO,202,nominal,0,0,3,17,105,0.1619047619047619
262144,BCRegularizedPPO,202,nominal,0,0,4,67,105,0.638095238095238
262144,BCRegularizedPPO,202,nominal,0,1,0,299,444,0.6734234234234234
262144,BCRegularizedPPO,202,nominal,0,1,1,47,444,0.10585585585585586
262144,BCRegularizedPPO,202,nominal,0,1,2,7,444,0.015765765765765764
262144,BCRegularizedPPO,202,nominal,0,1,3,7,444,0.015765765765765764
262144,BCRegularizedPPO,202,nominal,0,1,4,84,444,0.1891891891891892
262144,BCRegularizedPPO,202,nominal,0,2,0,9,14,0.6428571428571429
262144,BCRegularizedPPO,202,nominal,0,2,1,5,14,0.35714285714285715
262144,BCRegularizedPPO,202,nominal,0,2,2,0,14,0.0
262144,BCRegularizedPPO,202,nominal,0,2,3,0,14,0.0
262144,BCRegularizedPPO,202,nominal,0,2,4,0,14,0.0
262144,BCRegularizedPPO,202,nominal,1,0,0,119,129,0.9224806201550387
262144,BCRegularizedPPO,202,nominal,1,0,1,6,129,0.046511627906976744
262144,BCRegularizedPPO,202,nominal,1,0,2,0,129,0.0
262144,BCRegularizedPPO,202,nominal,1,0,3,1,129,0.007751937984496124
262144,BCRegularizedPPO,202,nominal,1,0,4,3,129,0.023255813953488372
262144,BCRegularizedPPO,202,nominal,1,1,0,528,587,0.899488926746167
262144,BCRegularizedPPO,202,nominal,1,1,1,22,587,0.03747870528109029
262144,BCRegularizedPPO,202,nominal,1,1,2,24,587,0.04088586030664395
262144,BCRegularizedPPO,202,nominal,1,1,3,5,587,0.008517887563884156
262144,BCRegularizedPPO,202,nominal,1,1,4,8,587,0.013628620102214651
262144,BCRegularizedPPO,202,nominal,1,2,0,100,219,0.45662100456621
262144,BCRegularizedPPO,202,nominal,1,2,1,84,219,0.3835616438356164
262144,BCRegularizedPPO,202,nominal,1,2,2,19,219,0.0867579908675799
262144,BCRegularizedPPO,202,nominal,1,2,3,6,219,0.0273972602739726
262144,BCRegularizedPPO,202,nominal,1,2,4,10,219,0.045662100456621
262144,BCRegularizedPPO,202,nominal,2,0,0,57,58,0.9827586206896551
262144,BCRegularizedPPO,202,nominal,2,0,1,1,58,0.017241379310344827
262144,BCRegularizedPPO,202,nominal,2,0,2,0,58,0.0
262144,BCRegularizedPPO,202,nominal,2,0,3,0,58,0.0
262144,BCRegularizedPPO,202,nominal,2,0,4,0,58,0.0
262144,BCRegularizedPPO,202,nominal,2,1,0,220,259,0.8494208494208494
262144,BCRegularizedPPO,202,nominal,2,1,1,13,259,0.05019305019305019
262144,BCRegularizedPPO,202,nominal,2,1,2,26,259,0.10038610038610038
262144,BCRegularizedPPO,202,nominal,2,1,3,0,259,0.0
262144,BCRegularizedPPO,202,nominal,2,1,4,0,259,0.0
262144,BCRegularizedPPO,202,nominal,2,2,0,71,297,0.23905723905723905
262144,BCRegularizedPPO,202,nominal,2,2,1,120,297,0.40404040404040403
262144,BCRegularizedPPO,202,nominal,2,2,2,29,297,0.09764309764309764
262144,BCRegularizedPPO,202,nominal,2,2,3,76,297,0.2558922558922559
262144,BCRegularizedPPO,202,nominal,2,2,4,1,297,0.003367003367003367
262144,BCRegularizedPPO,303,nominal,0,0,0,14,52,0.2692307692307692
262144,BCRegularizedPPO,303,nominal,0,0,1,0,52,0.0
262144,BCRegularizedPPO,303,nominal,0,0,2,3,52,0.057692307692307696
262144,BCRegularizedPPO,303,nominal,0,0,3,22,52,0.4230769230769231
262144,BCRegularizedPPO,303,nominal,0,0,4,13,52,0.25
262144,BCRegularizedPPO,303,nominal,0,1,0,176,485,0.3628865979381443
262144,BCRegularizedPPO,303,nominal,0,1,1,94,485,0.19381443298969073
262144,BCRegularizedPPO,303,nominal,0,1,2,33,485,0.06804123711340206
262144,BCRegularizedPPO,303,nominal,0,1,3,14,485,0.0288659793814433
262144,BCRegularizedPPO,303,nominal,0,1,4,168,485,0.3463917525773196
262144,BCRegularizedPPO,303,nominal,0,2,0,6,14,0.42857142857142855
262144,BCRegularizedPPO,303,nominal,0,2,1,3,14,0.21428571428571427
262144,BCRegularizedPPO,303,nominal,0,2,2,3,14,0.21428571428571427
262144,BCRegularizedPPO,303,nominal,0,2,3,0,14,0.0
262144,BCRegularizedPPO,303,nominal,0,2,4,2,14,0.14285714285714285
262144,BCRegularizedPPO,303,nominal,1,0,0,126,127,0.9921259842519685
262144,BCRegularizedPPO,303,nominal,1,0,1,0,127,0.0
262144,BCRegularizedPPO,303,nominal,1,0,2,0,127,0.0
262144,BCRegularizedPPO,303,nominal,1,0,3,0,127,0.0
262144,BCRegularizedPPO,303,nominal,1,0,4,1,127,0.007874015748031496
262144,BCRegularizedPPO,303,nominal,1,1,0,471,572,0.8234265734265734
262144,BCRegularizedPPO,303,nominal,1,1,1,4,572,0.006993006993006993
262144,BCRegularizedPPO,303,nominal,1,1,2,76,572,0.13286713286713286
262144,BCRegularizedPPO,303,nominal,1,1,3,2,572,0.0034965034965034965
262144,BCRegularizedPPO,303,nominal,1,1,4,19,572,0.033216783216783216
262144,BCRegularizedPPO,303,nominal,1,2,0,134,212,0.6320754716981132
262144,BCRegularizedPPO,303,nominal,1,2,1,16,212,0.07547169811320754
262144,BCRegularizedPPO,303,nominal,1,2,2,34,212,0.16037735849056603
262144,BCRegularizedPPO,303,nominal,1,2,3,20,212,0.09433962264150944
262144,BCRegularizedPPO,303,nominal,1,2,4,8,212,0.03773584905660377
262144,BCRegularizedPPO,303,nominal,2,0,0,58,58,1.0
262144,BCRegularizedPPO,303,nominal,2,0,1,0,58,0.0
262144,BCRegularizedPPO,303,nominal,2,0,2,0,58,0.0
262144,BCRegularizedPPO,303,nominal,2,0,3,0,58,0.0
262144,BCRegularizedPPO,303,nominal,2,0,4,0,58,0.0
262144,BCRegularizedPPO,303,nominal,2,1,0,195,217,0.8986175115207373
262144,BCRegularizedPPO,303,nominal,2,1,1,2,217,0.009216589861751152
262144,BCRegularizedPPO,303,nominal,2,1,2,11,217,0.05069124423963134
262144,BCRegularizedPPO,303,nominal,2,1,3,2,217,0.009216589861751152
262144,BCRegularizedPPO,303,nominal,2,1,4,7,217,0.03225806451612903
262144,BCRegularizedPPO,303,nominal,2,2,0,149,280,0.5321428571428571
262144,BCRegularizedPPO,303,nominal,2,2,1,15,280,0.05357142857142857
262144,BCRegularizedPPO,303,nominal,2,2,2,21,280,0.075
262144,BCRegularizedPPO,303,nominal,2,2,3,85,280,0.30357142857142855
262144,BCRegularizedPPO,303,nominal,2,2,4,10,280,0.03571428571428571
262144,BCRegularizedPPO,404,nominal,0,0,0,14,65,0.2153846153846154
262144,BCRegularizedPPO,404,nominal,0,0,1,0,65,0.0
262144,BCRegularizedPPO,404,nominal,0,0,2,6,65,0.09230769230769231
262144,BCRegularizedPPO,404,nominal,0,0,3,14,65,0.2153846153846154
262144,BCRegularizedPPO,404,nominal,0,0,4,31,65,0.47692307692307695
262144,BCRegularizedPPO,404,nominal,0,1,0,174,484,0.359504132231405
262144,BCRegularizedPPO,404,nominal,0,1,1,124,484,0.256198347107438
262144,BCRegularizedPPO,404,nominal,0,1,2,65,484,0.13429752066115702
262144,BCRegularizedPPO,404,nominal,0,1,3,33,484,0.06818181818181818
262144,BCRegularizedPPO,404,nominal,0,1,4,88,484,0.18181818181818182
262144,BCRegularizedPPO,404,nominal,0,2,0,3,8,0.375
262144,BCRegularizedPPO,404,nominal,0,2,1,3,8,0.375
262144,BCRegularizedPPO,404,nominal,0,2,2,2,8,0.25
262144,BCRegularizedPPO,404,nominal,0,2,3,0,8,0.0
262144,BCRegularizedPPO,404,nominal,0,2,4,0,8,0.0
262144,BCRegularizedPPO,404,nominal,1,0,0,125,127,0.984251968503937
262144,BCRegularizedPPO,404,nominal,1,0,1,1,127,0.007874015748031496
262144,BCRegularizedPPO,404,nominal,1,0,2,0,127,0.0
262144,BCRegularizedPPO,404,nominal,1,0,3,1,127,0.007874015748031496
262144,BCRegularizedPPO,404,nominal,1,0,4,0,127,0.0
262144,BCRegularizedPPO,404,nominal,1,1,0,481,609,0.7898193760262726
262144,BCRegularizedPPO,404,nominal,1,1,1,76,609,0.12479474548440066
262144,BCRegularizedPPO,404,nominal,1,1,2,32,609,0.052545155993431854
262144,BCRegularizedPPO,404,nominal,1,1,3,0,609,0.0
262144,BCRegularizedPPO,404,nominal,1,1,4,20,609,0.03284072249589491
262144,BCRegularizedPPO,404,nominal,1,2,0,103,211,0.4881516587677725
262144,BCRegularizedPPO,404,nominal,1,2,1,58,211,0.27488151658767773
262144,BCRegularizedPPO,404,nominal,1,2,2,14,211,0.06635071090047394
262144,BCRegularizedPPO,404,nominal,1,2,3,15,211,0.07109004739336493
262144,BCRegularizedPPO,404,nominal,1,2,4,21,211,0.0995260663507109
262144,BCRegularizedPPO,404,nominal,2,0,0,58,58,1.0
262144,BCRegularizedPPO,404,nominal,2,0,1,0,58,0.0
262144,BCRegularizedPPO,404,nominal,2,0,2,0,58,0.0
262144,BCRegularizedPPO,404,nominal,2,0,3,0,58,0.0
262144,BCRegularizedPPO,404,nominal,2,0,4,0,58,0.0
262144,BCRegularizedPPO,404,nominal,2,1,0,192,244,0.7868852459016393
262144,BCRegularizedPPO,404,nominal,2,1,1,26,244,0.10655737704918032
262144,BCRegularizedPPO,404,nominal,2,1,2,21,244,0.0860655737704918
262144,BCRegularizedPPO,404,nominal,2,1,3,2,244,0.00819672131147541
262144,BCRegularizedPPO,404,nominal,2,1,4,3,244,0.012295081967213115
262144,BCRegularizedPPO,404,nominal,2,2,0,49,288,0.1701388888888889
262144,BCRegularizedPPO,404,nominal,2,2,1,74,288,0.2569444444444444
262144,BCRegularizedPPO,404,nominal,2,2,2,52,288,0.18055555555555555
262144,BCRegularizedPPO,404,nominal,2,2,3,110,288,0.3819444444444444
262144,BCRegularizedPPO,404,nominal,2,2,4,3,288,0.010416666666666666
262144,BCRegularizedPPO,505,nominal,0,0,0,14,62,0.22580645161290322
262144,BCRegularizedPPO,505,nominal,0,0,1,0,62,0.0
262144,BCRegularizedPPO,505,nominal,0,0,2,10,62,0.16129032258064516
262144,BCRegularizedPPO,505,nominal,0,0,3,6,62,0.0967741935483871
262144,BCRegularizedPPO,505,nominal,0,0,4,32,62,0.5161290322580645
262144,BCRegularizedPPO,505,nominal,0,1,0,179,486,0.3683127572016461
262144,BCRegularizedPPO,505,nominal,0,1,1,58,486,0.11934156378600823
262144,BCRegularizedPPO,505,nominal,0,1,2,133,486,0.2736625514403292
262144,BCRegularizedPPO,505,nominal,0,1,3,84,486,0.1728395061728395
262144,BCRegularizedPPO,505,nominal,0,1,4,32,486,0.06584362139917696
262144,BCRegularizedPPO,505,nominal,0,2,0,7,12,0.5833333333333334
262144,BCRegularizedPPO,505,nominal,0,2,1,1,12,0.08333333333333333
262144,BCRegularizedPPO,505,nominal,0,2,2,4,12,0.3333333333333333
262144,BCRegularizedPPO,505,nominal,0,2,3,0,12,0.0
262144,BCRegularizedPPO,505,nominal,0,2,4,0,12,0.0
262144,BCRegularizedPPO,505,nominal,1,0,0,126,127,0.9921259842519685
262144,BCRegularizedPPO,505,nominal,1,0,1,0,127,0.0
262144,BCRegularizedPPO,505,nominal,1,0,2,0,127,0.0
262144,BCRegularizedPPO,505,nominal,1,0,3,0,127,0.0
262144,BCRegularizedPPO,505,nominal,1,0,4,1,127,0.007874015748031496
262144,BCRegularizedPPO,505,nominal,1,1,0,397,576,0.6892361111111112
262144,BCRegularizedPPO,505,nominal,1,1,1,12,576,0.020833333333333332
262144,BCRegularizedPPO,505,nominal,1,1,2,137,576,0.2378472222222222
262144,BCRegularizedPPO,505,nominal,1,1,3,21,576,0.036458333333333336
262144,BCRegularizedPPO,505,nominal,1,1,4,9,576,0.015625
262144,BCRegularizedPPO,505,nominal,1,2,0,64,219,0.2922374429223744
262144,BCRegularizedPPO,505,nominal,1,2,1,104,219,0.4748858447488584
262144,BCRegularizedPPO,505,nominal,1,2,2,45,219,0.2054794520547945
262144,BCRegularizedPPO,505,nominal,1,2,3,0,219,0.0
262144,BCRegularizedPPO,505,nominal,1,2,4,6,219,0.0273972602739726
262144,BCRegularizedPPO,505,nominal,2,0,0,58,58,1.0
262144,BCRegularizedPPO,505,nominal,2,0,1,0,58,0.0
262144,BCRegularizedPPO,505,nominal,2,0,2,0,58,0.0
262144,BCRegularizedPPO,505,nominal,2,0,3,0,58,0.0
262144,BCRegularizedPPO,505,nominal,2,0,4,0,58,0.0
262144,BCRegularizedPPO,505,nominal,2,1,0,184,207,0.8888888888888888
262144,BCRegularizedPPO,505,nominal,2,1,1,4,207,0.01932367149758454
262144,BCRegularizedPPO,505,nominal,2,1,2,19,207,0.09178743961352658
262144,BCRegularizedPPO,505,nominal,2,1,3,0,207,0.0
262144,BCRegularizedPPO,505,nominal,2,1,4,0,207,0.0
262144,BCRegularizedPPO,505,nominal,2,2,0,85,326,0.2607361963190184
262144,BCRegularizedPPO,505,nominal,2,2,1,108,326,0.3312883435582822
262144,BCRegularizedPPO,505,nominal,2,2,2,128,326,0.39263803680981596
262144,BCRegularizedPPO,505,nominal,2,2,3,4,326,0.012269938650306749
262144,BCRegularizedPPO,505,nominal,2,2,4,1,326,0.003067484662576687
262144,CanonicalPPO,101,nominal,0,0,0,16,16,1.0
262144,CanonicalPPO,101,nominal,0,0,1,0,16,0.0
262144,CanonicalPPO,101,nominal,0,0,2,0,16,0.0
262144,CanonicalPPO,101,nominal,0,0,3,0,16,0.0
262144,CanonicalPPO,101,nominal,0,0,4,0,16,0.0
262144,CanonicalPPO,101,nominal,0,1,0,19,498,0.03815261044176707
262144,CanonicalPPO,101,nominal,0,1,1,479,498,0.9618473895582329
262144,CanonicalPPO,101,nominal,0,1,2,0,498,0.0
262144,CanonicalPPO,101,nominal,0,1,3,0,498,0.0
262144,CanonicalPPO,101,nominal,0,1,4,0,498,0.0
262144,CanonicalPPO,101,nominal,0,2,0,0,14,0.0
262144,CanonicalPPO,101,nominal,0,2,1,14,14,1.0
262144,CanonicalPPO,101,nominal,0,2,2,0,14,0.0
262144,CanonicalPPO,101,nominal,0,2,3,0,14,0.0
262144,CanonicalPPO,101,nominal,0,2,4,0,14,0.0
262144,CanonicalPPO,101,nominal,1,0,0,126,126,1.0
262144,CanonicalPPO,101,nominal,1,0,1,0,126,0.0
262144,CanonicalPPO,101,nominal,1,0,2,0,126,0.0
262144,CanonicalPPO,101,nominal,1,0,3,0,126,0.0
262144,CanonicalPPO,101,nominal,1,0,4,0,126,0.0
262144,CanonicalPPO,101,nominal,1,1,0,217,554,0.3916967509025271
262144,CanonicalPPO,101,nominal,1,1,1,337,554,0.6083032490974729
262144,CanonicalPPO,101,nominal,1,1,2,0,554,0.0
262144,CanonicalPPO,101,nominal,1,1,3,0,554,0.0
262144,CanonicalPPO,101,nominal,1,1,4,0,554,0.0
262144,CanonicalPPO,101,nominal,1,2,0,15,160,0.09375
262144,CanonicalPPO,101,nominal,1,2,1,145,160,0.90625
262144,CanonicalPPO,101,nominal,1,2,2,0,160,0.0
262144,CanonicalPPO,101,nominal,1,2,3,0,160,0.0
262144,CanonicalPPO,101,nominal,1,2,4,0,160,0.0
262144,CanonicalPPO,101,nominal,2,0,0,58,58,1.0
262144,CanonicalPPO,101,nominal,2,0,1,0,58,0.0
262144,CanonicalPPO,101,nominal,2,0,2,0,58,0.0
262144,CanonicalPPO,101,nominal,2,0,3,0,58,0.0
262144,CanonicalPPO,101,nominal,2,0,4,0,58,0.0
262144,CanonicalPPO,101,nominal,2,1,0,178,200,0.89
262144,CanonicalPPO,101,nominal,2,1,1,22,200,0.11
262144,CanonicalPPO,101,nominal,2,1,2,0,200,0.0
262144,CanonicalPPO,101,nominal,2,1,3,0,200,0.0
262144,CanonicalPPO,101,nominal,2,1,4,0,200,0.0
262144,CanonicalPPO,101,nominal,2,2,0,110,292,0.3767123287671233
262144,CanonicalPPO,101,nominal,2,2,1,182,292,0.6232876712328768
262144,CanonicalPPO,101,nominal,2,2,2,0,292,0.0
262144,CanonicalPPO,101,nominal,2,2,3,0,292,0.0
262144,CanonicalPPO,101,nominal,2,2,4,0,292,0.0
262144,CanonicalPPO,202,nominal,0,0,0,16,16,1.0
262144,CanonicalPPO,202,nominal,0,0,1,0,16,0.0
262144,CanonicalPPO,202,nominal,0,0,2,0,16,0.0
262144,CanonicalPPO,202,nominal,0,0,3,0,16,0.0
262144,CanonicalPPO,202,nominal,0,0,4,0,16,0.0
262144,CanonicalPPO,202,nominal,0,1,0,22,506,0.043478260869565216
262144,CanonicalPPO,202,nominal,0,1,1,474,506,0.9367588932806324
262144,CanonicalPPO,202,nominal,0,1,2,10,506,0.019762845849802372
262144,CanonicalPPO,202,nominal,0,1,3,0,506,0.0
262144,CanonicalPPO,202,nominal,0,1,4,0,506,0.0
262144,CanonicalPPO,202,nominal,0,2,0,0,9,0.0
262144,CanonicalPPO,202,nominal,0,2,1,8,9,0.8888888888888888
262144,CanonicalPPO,202,nominal,0,2,2,1,9,0.1111111111111111
262144,CanonicalPPO,202,nominal,0,2,3,0,9,0.0
262144,CanonicalPPO,202,nominal,0,2,4,0,9,0.0
262144,CanonicalPPO,202,nominal,1,0,0,126,126,1.0
262144,CanonicalPPO,202,nominal,1,0,1,0,126,0.0
262144,CanonicalPPO,202,nominal,1,0,2,0,126,0.0
262144,CanonicalPPO,202,nominal,1,0,3,0,126,0.0
262144,CanonicalPPO,202,nominal,1,0,4,0,126,0.0
262144,CanonicalPPO,202,nominal,1,1,0,235,537,0.4376163873370577
262144,CanonicalPPO,202,nominal,1,1,1,291,537,0.5418994413407822
262144,CanonicalPPO,202,nominal,1,1,2,11,537,0.020484171322160148
262144,CanonicalPPO,202,nominal,1,1,3,0,537,0.0
262144,CanonicalPPO,202,nominal,1,1,4,0,537,0.0
262144,CanonicalPPO,202,nominal,1,2,0,24,157,0.15286624203821655
262144,CanonicalPPO,202,nominal,1,2,1,128,157,0.8152866242038217
262144,CanonicalPPO,202,nominal,1,2,2,5,157,0.03184713375796178
262144,CanonicalPPO,202,nominal,1,2,3,0,157,0.0
262144,CanonicalPPO,202,nominal,1,2,4,0,157,0.0
262144,CanonicalPPO,202,nominal,2,0,0,58,58,1.0
262144,CanonicalPPO,202,nominal,2,0,1,0,58,0.0
262144,CanonicalPPO,202,nominal,2,0,2,0,58,0.0
262144,CanonicalPPO,202,nominal,2,0,3,0,58,0.0
262144,CanonicalPPO,202,nominal,2,0,4,0,58,0.0
262144,CanonicalPPO,202,nominal,2,1,0,174,200,0.87
262144,CanonicalPPO,202,nominal,2,1,1,25,200,0.125
262144,CanonicalPPO,202,nominal,2,1,2,1,200,0.005
262144,CanonicalPPO,202,nominal,2,1,3,0,200,0.0
262144,CanonicalPPO,202,nominal,2,1,4,0,200,0.0
262144,CanonicalPPO,202,nominal,2,2,0,101,297,0.3400673400673401
262144,CanonicalPPO,202,nominal,2,2,1,196,297,0.6599326599326599
262144,CanonicalPPO,202,nominal,2,2,2,0,297,0.0
262144,CanonicalPPO,202,nominal,2,2,3,0,297,0.0
262144,CanonicalPPO,202,nominal,2,2,4,0,297,0.0
262144,CanonicalPPO,303,nominal,0,0,0,16,16,1.0
262144,CanonicalPPO,303,nominal,0,0,1,0,16,0.0
262144,CanonicalPPO,303,nominal,0,0,2,0,16,0.0
262144,CanonicalPPO,303,nominal,0,0,3,0,16,0.0
262144,CanonicalPPO,303,nominal,0,0,4,0,16,0.0
262144,CanonicalPPO,303,nominal,0,1,0,401,510,0.7862745098039216
262144,CanonicalPPO,303,nominal,0,1,1,106,510,0.20784313725490197
262144,CanonicalPPO,303,nominal,0,1,2,0,510,0.0
262144,CanonicalPPO,303,nominal,0,1,3,0,510,0.0
262144,CanonicalPPO,303,nominal,0,1,4,3,510,0.0058823529411764705
262144,CanonicalPPO,303,nominal,0,2,0,18,21,0.8571428571428571
262144,CanonicalPPO,303,nominal,0,2,1,1,21,0.047619047619047616
262144,CanonicalPPO,303,nominal,0,2,2,0,21,0.0
262144,CanonicalPPO,303,nominal,0,2,3,0,21,0.0
262144,CanonicalPPO,303,nominal,0,2,4,2,21,0.09523809523809523
262144,CanonicalPPO,303,nominal,1,0,0,126,126,1.0
262144,CanonicalPPO,303,nominal,1,0,1,0,126,0.0
262144,CanonicalPPO,303,nominal,1,0,2,0,126,0.0
262144,CanonicalPPO,303,nominal,1,0,3,0,126,0.0
262144,CanonicalPPO,303,nominal,1,0,4,0,126,0.0
262144,CanonicalPPO,303,nominal,1,1,0,440,471,0.9341825902335457
262144,CanonicalPPO,303,nominal,1,1,1,14,471,0.029723991507430998
262144,CanonicalPPO,303,nominal,1,1,2,0,471,0.0
262144,CanonicalPPO,303,nominal,1,1,3,0,471,0.0
262144,CanonicalPPO,303,nominal,1,1,4,17,471,0.036093418259023353
262144,CanonicalPPO,303,nominal,1,2,0,121,152,0.7960526315789473
262144,CanonicalPPO,303,nominal,1,2,1,0,152,0.0
262144,CanonicalPPO,303,nominal,1,2,2,0,152,0.0
262144,CanonicalPPO,303,nominal,1,2,3,0,152,0.0
262144,CanonicalPPO,303,nominal,1,2,4,31,152,0.20394736842105263
262144,CanonicalPPO,303,nominal,2,0,0,58,58,1.0
262144,CanonicalPPO,303,nominal,2,0,1,0,58,0.0
262144,CanonicalPPO,303,nominal,2,0,2,0,58,0.0
262144,CanonicalPPO,303,nominal,2,0,3,0,58,0.0
262144,CanonicalPPO,303,nominal,2,0,4,0,58,0.0
262144,CanonicalPPO,303,nominal,2,1,0,189,201,0.9402985074626866
262144,CanonicalPPO,303,nominal,2,1,1,0,201,0.0
262144,CanonicalPPO,303,nominal,2,1,2,0,201,0.0
262144,CanonicalPPO,303,nominal,2,1,3,0,201,0.0
262144,CanonicalPPO,303,nominal,2,1,4,12,201,0.05970149253731343
262144,CanonicalPPO,303,nominal,2,2,0,214,298,0.7181208053691275
262144,CanonicalPPO,303,nominal,2,2,1,0,298,0.0
262144,CanonicalPPO,303,nominal,2,2,2,0,298,0.0
262144,CanonicalPPO,303,nominal,2,2,3,0,298,0.0
262144,CanonicalPPO,303,nominal,2,2,4,84,298,0.28187919463087246
262144,CanonicalPPO,404,nominal,0,0,0,16,16,1.0
262144,CanonicalPPO,404,nominal,0,0,1,0,16,0.0
262144,CanonicalPPO,404,nominal,0,0,2,0,16,0.0
262144,CanonicalPPO,404,nominal,0,0,3,0,16,0.0
262144,CanonicalPPO,404,nominal,0,0,4,0,16,0.0
262144,CanonicalPPO,404,nominal,0,1,0,52,508,0.10236220472440945
262144,CanonicalPPO,404,nominal,0,1,1,454,508,0.8937007874015748
262144,CanonicalPPO,404,nominal,0,1,2,0,508,0.0
262144,CanonicalPPO,404,nominal,0,1,3,2,508,0.003937007874015748
262144,CanonicalPPO,404,nominal,0,1,4,0,508,0.0
262144,CanonicalPPO,404,nominal,0,2,0,1,13,0.07692307692307693
262144,CanonicalPPO,404,nominal,0,2,1,10,13,0.7692307692307693
262144,CanonicalPPO,404,nominal,0,2,2,0,13,0.0
262144,CanonicalPPO,404,nominal,0,2,3,2,13,0.15384615384615385
262144,CanonicalPPO,404,nominal,0,2,4,0,13,0.0
262144,CanonicalPPO,404,nominal,1,0,0,126,126,1.0
262144,CanonicalPPO,404,nominal,1,0,1,0,126,0.0
262144,CanonicalPPO,404,nominal,1,0,2,0,126,0.0
262144,CanonicalPPO,404,nominal,1,0,3,0,126,0.0
262144,CanonicalPPO,404,nominal,1,0,4,0,126,0.0
262144,CanonicalPPO,404,nominal,1,1,0,263,471,0.5583864118895966
262144,CanonicalPPO,404,nominal,1,1,1,195,471,0.4140127388535032
262144,CanonicalPPO,404,nominal,1,1,2,0,471,0.0
262144,CanonicalPPO,404,nominal,1,1,3,13,471,0.027600849256900213
262144,CanonicalPPO,404,nominal,1,1,4,0,471,0.0
262144,CanonicalPPO,404,nominal,1,2,0,70,150,0.4666666666666667
262144,CanonicalPPO,404,nominal,1,2,1,68,150,0.4533333333333333
262144,CanonicalPPO,404,nominal,1,2,2,0,150,0.0
262144,CanonicalPPO,404,nominal,1,2,3,12,150,0.08
262144,CanonicalPPO,404,nominal,1,2,4,0,150,0.0
262144,CanonicalPPO,404,nominal,2,0,0,58,58,1.0
262144,CanonicalPPO,404,nominal,2,0,1,0,58,0.0
262144,CanonicalPPO,404,nominal,2,0,2,0,58,0.0
262144,CanonicalPPO,404,nominal,2,0,3,0,58,0.0
262144,CanonicalPPO,404,nominal,2,0,4,0,58,0.0
262144,CanonicalPPO,404,nominal,2,1,0,191,211,0.9052132701421801
262144,CanonicalPPO,404,nominal,2,1,1,16,211,0.07582938388625593
262144,CanonicalPPO,404,nominal,2,1,2,0,211,0.0
262144,CanonicalPPO,404,nominal,2,1,3,4,211,0.018957345971563982
262144,CanonicalPPO,404,nominal,2,1,4,0,211,0.0
262144,CanonicalPPO,404,nominal,2,2,0,157,301,0.521594684385382
262144,CanonicalPPO,404,nominal,2,2,1,142,301,0.4717607973421927
262144,CanonicalPPO,404,nominal,2,2,2,0,301,0.0
262144,CanonicalPPO,404,nominal,2,2,3,2,301,0.006644518272425249
262144,CanonicalPPO,404,nominal,2,2,4,0,301,0.0
262144,CanonicalPPO,505,nominal,0,0,0,16,16,1.0
262144,CanonicalPPO,505,nominal,0,0,1,0,16,0.0
262144,CanonicalPPO,505,nominal,0,0,2,0,16,0.0
262144,CanonicalPPO,505,nominal,0,0,3,0,16,0.0
262144,CanonicalPPO,505,nominal,0,0,4,0,16,0.0
262144,CanonicalPPO,505,nominal,0,1,0,66,500,0.132
262144,CanonicalPPO,505,nominal,0,1,1,434,500,0.868
262144,CanonicalPPO,505,nominal,0,1,2,0,500,0.0
262144,CanonicalPPO,505,nominal,0,1,3,0,500,0.0
262144,CanonicalPPO,505,nominal,0,1,4,0,500,0.0
262144,CanonicalPPO,505,nominal,0,2,0,0,16,0.0
262144,CanonicalPPO,505,nominal,0,2,1,16,16,1.0
262144,CanonicalPPO,505,nominal,0,2,2,0,16,0.0
262144,CanonicalPPO,505,nominal,0,2,3,0,16,0.0
262144,CanonicalPPO,505,nominal,0,2,4,0,16,0.0
262144,CanonicalPPO,505,nominal,1,0,0,126,126,1.0
262144,CanonicalPPO,505,nominal,1,0,1,0,126,0.0
262144,CanonicalPPO,505,nominal,1,0,2,0,126,0.0
262144,CanonicalPPO,505,nominal,1,0,3,0,126,0.0
262144,CanonicalPPO,505,nominal,1,0,4,0,126,0.0
262144,CanonicalPPO,505,nominal,1,1,0,259,505,0.5128712871287129
262144,CanonicalPPO,505,nominal,1,1,1,246,505,0.4871287128712871
262144,CanonicalPPO,505,nominal,1,1,2,0,505,0.0
262144,CanonicalPPO,505,nominal,1,1,3,0,505,0.0
262144,CanonicalPPO,505,nominal,1,1,4,0,505,0.0
262144,CanonicalPPO,505,nominal,1,2,0,56,144,0.3888888888888889
262144,CanonicalPPO,505,nominal,1,2,1,88,144,0.6111111111111112
262144,CanonicalPPO,505,nominal,1,2,2,0,144,0.0
262144,CanonicalPPO,505,nominal,1,2,3,0,144,0.0
262144,CanonicalPPO,505,nominal,1,2,4,0,144,0.0
262144,CanonicalPPO,505,nominal,2,0,0,58,58,1.0
262144,CanonicalPPO,505,nominal,2,0,1,0,58,0.0
262144,CanonicalPPO,505,nominal,2,0,2,0,58,0.0
262144,CanonicalPPO,505,nominal,2,0,3,0,58,0.0
262144,CanonicalPPO,505,nominal,2,0,4,0,58,0.0
262144,CanonicalPPO,505,nominal,2,1,0,180,215,0.8372093023255814
262144,CanonicalPPO,505,nominal,2,1,1,35,215,0.16279069767441862
262144,CanonicalPPO,505,nominal,2,1,2,0,215,0.0
262144,CanonicalPPO,505,nominal,2,1,3,0,215,0.0
262144,CanonicalPPO,505,nominal,2,1,4,0,215,0.0
262144,CanonicalPPO,505,nominal,2,2,0,120,298,0.40268456375838924
262144,CanonicalPPO,505,nominal,2,2,1,178,298,0.5973154362416108
262144,CanonicalPPO,505,nominal,2,2,2,0,298,0.0
262144,CanonicalPPO,505,nominal,2,2,3,0,298,0.0
262144,CanonicalPPO,505,nominal,2,2,4,0,298,0.0
262144,MyopicEconomic,101,nominal,0,0,0,44,679,0.06480117820324006
262144,MyopicEconomic,101,nominal,0,0,1,34,679,0.050073637702503684
262144,MyopicEconomic,101,nominal,0,0,2,367,679,0.540500736377025
262144,MyopicEconomic,101,nominal,0,0,3,55,679,0.08100147275405008
262144,MyopicEconomic,101,nominal,0,0,4,179,679,0.26362297496318116
262144,MyopicEconomic,101,nominal,0,1,0,0,15,0.0
262144,MyopicEconomic,101,nominal,0,1,1,0,15,0.0
262144,MyopicEconomic,101,nominal,0,1,2,1,15,0.06666666666666667
262144,MyopicEconomic,101,nominal,0,1,3,0,15,0.0
262144,MyopicEconomic,101,nominal,0,1,4,14,15,0.9333333333333333
262144,MyopicEconomic,101,nominal,1,0,0,33,700,0.047142857142857146
262144,MyopicEconomic,101,nominal,1,0,1,34,700,0.04857142857142857
262144,MyopicEconomic,101,nominal,1,0,2,324,700,0.46285714285714286
262144,MyopicEconomic,101,nominal,1,0,3,52,700,0.07428571428571429
262144,MyopicEconomic,101,nominal,1,0,4,257,700,0.36714285714285716
262144,MyopicEconomic,101,nominal,1,1,0,49,151,0.32450331125827814
262144,MyopicEconomic,101,nominal,1,1,1,2,151,0.013245033112582781
262144,MyopicEconomic,101,nominal,1,1,2,50,151,0.33112582781456956
262144,MyopicEconomic,101,nominal,1,1,3,0,151,0.0
262144,MyopicEconomic,101,nominal,1,1,4,50,151,0.33112582781456956
262144,MyopicEconomic,101,nominal,1,2,0,0,6,0.0
262144,MyopicEconomic,101,nominal,1,2,1,0,6,0.0
262144,MyopicEconomic,101,nominal,1,2,2,0,6,0.0
262144,MyopicEconomic,101,nominal,1,2,3,0,6,0.0
262144,MyopicEconomic,101,nominal,1,2,4,6,6,1.0
262144,MyopicEconomic,101,nominal,2,0,0,6,524,0.011450381679389313
262144,MyopicEconomic,101,nominal,2,0,1,4,524,0.007633587786259542
262144,MyopicEconomic,101,nominal,2,0,2,331,524,0.6316793893129771
262144,MyopicEconomic,101,nominal,2,0,3,17,524,0.03244274809160305
262144,MyopicEconomic,101,nominal,2,0,4,166,524,0.31679389312977096
262144,MyopicEconomic,101,nominal,2,1,0,62,281,0.2206405693950178
262144,MyopicEconomic,101,nominal,2,1,1,31,281,0.1103202846975089
262144,MyopicEconomic,101,nominal,2,1,2,120,281,0.42704626334519574
262144,MyopicEconomic,101,nominal,2,1,3,3,281,0.010676156583629894
262144,MyopicEconomic,101,nominal,2,1,4,65,281,0.2313167259786477
262144,MyopicEconomic,101,nominal,2,2,0,0,50,0.0
262144,MyopicEconomic,101,nominal,2,2,1,0,50,0.0
262144,MyopicEconomic,101,nominal,2,2,2,15,50,0.3
262144,MyopicEconomic,101,nominal,2,2,3,0,50,0.0
262144,MyopicEconomic,101,nominal,2,2,4,35,50,0.7
262144,MyopicEconomic,202,nominal,0,0,0,44,679,0.06480117820324006
262144,MyopicEconomic,202,nominal,0,0,1,34,679,0.050073637702503684
262144,MyopicEconomic,202,nominal,0,0,2,367,679,0.540500736377025
262144,MyopicEconomic,202,nominal,0,0,3,55,679,0.08100147275405008
262144,MyopicEconomic,202,nominal,0,0,4,179,679,0.26362297496318116
262144,MyopicEconomic,202,nominal,0,1,0,0,15,0.0
262144,MyopicEconomic,202,nominal,0,1,1,0,15,0.0
262144,MyopicEconomic,202,nominal,0,1,2,1,15,0.06666666666666667
262144,MyopicEconomic,202,nominal,0,1,3,0,15,0.0
262144,MyopicEconomic,202,nominal,0,1,4,14,15,0.9333333333333333
262144,MyopicEconomic,202,nominal,1,0,0,33,700,0.047142857142857146
262144,MyopicEconomic,202,nominal,1,0,1,34,700,0.04857142857142857
262144,MyopicEconomic,202,nominal,1,0,2,324,700,0.46285714285714286
262144,MyopicEconomic,202,nominal,1,0,3,52,700,0.07428571428571429
262144,MyopicEconomic,202,nominal,1,0,4,257,700,0.36714285714285716
262144,MyopicEconomic,202,nominal,1,1,0,49,151,0.32450331125827814
262144,MyopicEconomic,202,nominal,1,1,1,2,151,0.013245033112582781
262144,MyopicEconomic,202,nominal,1,1,2,50,151,0.33112582781456956
262144,MyopicEconomic,202,nominal,1,1,3,0,151,0.0
262144,MyopicEconomic,202,nominal,1,1,4,50,151,0.33112582781456956
262144,MyopicEconomic,202,nominal,1,2,0,0,6,0.0
262144,MyopicEconomic,202,nominal,1,2,1,0,6,0.0
262144,MyopicEconomic,202,nominal,1,2,2,0,6,0.0
262144,MyopicEconomic,202,nominal,1,2,3,0,6,0.0
262144,MyopicEconomic,202,nominal,1,2,4,6,6,1.0
262144,MyopicEconomic,202,nominal,2,0,0,6,524,0.011450381679389313
262144,MyopicEconomic,202,nominal,2,0,1,4,524,0.007633587786259542
262144,MyopicEconomic,202,nominal,2,0,2,331,524,0.6316793893129771
262144,MyopicEconomic,202,nominal,2,0,3,17,524,0.03244274809160305
262144,MyopicEconomic,202,nominal,2,0,4,166,524,0.31679389312977096
262144,MyopicEconomic,202,nominal,2,1,0,62,281,0.2206405693950178
262144,MyopicEconomic,202,nominal,2,1,1,31,281,0.1103202846975089
262144,MyopicEconomic,202,nominal,2,1,2,120,281,0.42704626334519574
262144,MyopicEconomic,202,nominal,2,1,3,3,281,0.010676156583629894
262144,MyopicEconomic,202,nominal,2,1,4,65,281,0.2313167259786477
262144,MyopicEconomic,202,nominal,2,2,0,0,50,0.0
262144,MyopicEconomic,202,nominal,2,2,1,0,50,0.0
262144,MyopicEconomic,202,nominal,2,2,2,15,50,0.3
262144,MyopicEconomic,202,nominal,2,2,3,0,50,0.0
262144,MyopicEconomic,202,nominal,2,2,4,35,50,0.7
262144,MyopicEconomic,303,nominal,0,0,0,44,679,0.06480117820324006
262144,MyopicEconomic,303,nominal,0,0,1,34,679,0.050073637702503684
262144,MyopicEconomic,303,nominal,0,0,2,367,679,0.540500736377025
262144,MyopicEconomic,303,nominal,0,0,3,55,679,0.08100147275405008
262144,MyopicEconomic,303,nominal,0,0,4,179,679,0.26362297496318116
262144,MyopicEconomic,303,nominal,0,1,0,0,15,0.0
262144,MyopicEconomic,303,nominal,0,1,1,0,15,0.0
262144,MyopicEconomic,303,nominal,0,1,2,1,15,0.06666666666666667
262144,MyopicEconomic,303,nominal,0,1,3,0,15,0.0
262144,MyopicEconomic,303,nominal,0,1,4,14,15,0.9333333333333333
262144,MyopicEconomic,303,nominal,1,0,0,33,700,0.047142857142857146
262144,MyopicEconomic,303,nominal,1,0,1,34,700,0.04857142857142857
262144,MyopicEconomic,303,nominal,1,0,2,324,700,0.46285714285714286
262144,MyopicEconomic,303,nominal,1,0,3,52,700,0.07428571428571429
262144,MyopicEconomic,303,nominal,1,0,4,257,700,0.36714285714285716
262144,MyopicEconomic,303,nominal,1,1,0,49,151,0.32450331125827814
262144,MyopicEconomic,303,nominal,1,1,1,2,151,0.013245033112582781
262144,MyopicEconomic,303,nominal,1,1,2,50,151,0.33112582781456956
262144,MyopicEconomic,303,nominal,1,1,3,0,151,0.0
262144,MyopicEconomic,303,nominal,1,1,4,50,151,0.33112582781456956
262144,MyopicEconomic,303,nominal,1,2,0,0,6,0.0
262144,MyopicEconomic,303,nominal,1,2,1,0,6,0.0
262144,MyopicEconomic,303,nominal,1,2,2,0,6,0.0
262144,MyopicEconomic,303,nominal,1,2,3,0,6,0.0
262144,MyopicEconomic,303,nominal,1,2,4,6,6,1.0
262144,MyopicEconomic,303,nominal,2,0,0,6,524,0.011450381679389313
262144,MyopicEconomic,303,nominal,2,0,1,4,524,0.007633587786259542
262144,MyopicEconomic,303,nominal,2,0,2,331,524,0.6316793893129771
262144,MyopicEconomic,303,nominal,2,0,3,17,524,0.03244274809160305
262144,MyopicEconomic,303,nominal,2,0,4,166,524,0.31679389312977096
262144,MyopicEconomic,303,nominal,2,1,0,62,281,0.2206405693950178
262144,MyopicEconomic,303,nominal,2,1,1,31,281,0.1103202846975089
262144,MyopicEconomic,303,nominal,2,1,2,120,281,0.42704626334519574
262144,MyopicEconomic,303,nominal,2,1,3,3,281,0.010676156583629894
262144,MyopicEconomic,303,nominal,2,1,4,65,281,0.2313167259786477
262144,MyopicEconomic,303,nominal,2,2,0,0,50,0.0
262144,MyopicEconomic,303,nominal,2,2,1,0,50,0.0
262144,MyopicEconomic,303,nominal,2,2,2,15,50,0.3
262144,MyopicEconomic,303,nominal,2,2,3,0,50,0.0
262144,MyopicEconomic,303,nominal,2,2,4,35,50,0.7
262144,MyopicEconomic,404,nominal,0,0,0,44,679,0.06480117820324006
262144,MyopicEconomic,404,nominal,0,0,1,34,679,0.050073637702503684
262144,MyopicEconomic,404,nominal,0,0,2,367,679,0.540500736377025
262144,MyopicEconomic,404,nominal,0,0,3,55,679,0.08100147275405008
262144,MyopicEconomic,404,nominal,0,0,4,179,679,0.26362297496318116
262144,MyopicEconomic,404,nominal,0,1,0,0,15,0.0
262144,MyopicEconomic,404,nominal,0,1,1,0,15,0.0
262144,MyopicEconomic,404,nominal,0,1,2,1,15,0.06666666666666667
262144,MyopicEconomic,404,nominal,0,1,3,0,15,0.0
262144,MyopicEconomic,404,nominal,0,1,4,14,15,0.9333333333333333
262144,MyopicEconomic,404,nominal,1,0,0,33,700,0.047142857142857146
262144,MyopicEconomic,404,nominal,1,0,1,34,700,0.04857142857142857
262144,MyopicEconomic,404,nominal,1,0,2,324,700,0.46285714285714286
262144,MyopicEconomic,404,nominal,1,0,3,52,700,0.07428571428571429
262144,MyopicEconomic,404,nominal,1,0,4,257,700,0.36714285714285716
262144,MyopicEconomic,404,nominal,1,1,0,49,151,0.32450331125827814
262144,MyopicEconomic,404,nominal,1,1,1,2,151,0.013245033112582781
262144,MyopicEconomic,404,nominal,1,1,2,50,151,0.33112582781456956
262144,MyopicEconomic,404,nominal,1,1,3,0,151,0.0
262144,MyopicEconomic,404,nominal,1,1,4,50,151,0.33112582781456956
262144,MyopicEconomic,404,nominal,1,2,0,0,6,0.0
262144,MyopicEconomic,404,nominal,1,2,1,0,6,0.0
262144,MyopicEconomic,404,nominal,1,2,2,0,6,0.0
262144,MyopicEconomic,404,nominal,1,2,3,0,6,0.0
262144,MyopicEconomic,404,nominal,1,2,4,6,6,1.0
262144,MyopicEconomic,404,nominal,2,0,0,6,524,0.011450381679389313
262144,MyopicEconomic,404,nominal,2,0,1,4,524,0.007633587786259542
262144,MyopicEconomic,404,nominal,2,0,2,331,524,0.6316793893129771
262144,MyopicEconomic,404,nominal,2,0,3,17,524,0.03244274809160305
262144,MyopicEconomic,404,nominal,2,0,4,166,524,0.31679389312977096
262144,MyopicEconomic,404,nominal,2,1,0,62,281,0.2206405693950178
262144,MyopicEconomic,404,nominal,2,1,1,31,281,0.1103202846975089
262144,MyopicEconomic,404,nominal,2,1,2,120,281,0.42704626334519574
262144,MyopicEconomic,404,nominal,2,1,3,3,281,0.010676156583629894
262144,MyopicEconomic,404,nominal,2,1,4,65,281,0.2313167259786477
262144,MyopicEconomic,404,nominal,2,2,0,0,50,0.0
262144,MyopicEconomic,404,nominal,2,2,1,0,50,0.0
262144,MyopicEconomic,404,nominal,2,2,2,15,50,0.3
262144,MyopicEconomic,404,nominal,2,2,3,0,50,0.0
262144,MyopicEconomic,404,nominal,2,2,4,35,50,0.7
262144,MyopicEconomic,505,nominal,0,0,0,44,679,0.06480117820324006
262144,MyopicEconomic,505,nominal,0,0,1,34,679,0.050073637702503684
262144,MyopicEconomic,505,nominal,0,0,2,367,679,0.540500736377025
262144,MyopicEconomic,505,nominal,0,0,3,55,679,0.08100147275405008
262144,MyopicEconomic,505,nominal,0,0,4,179,679,0.26362297496318116
262144,MyopicEconomic,505,nominal,0,1,0,0,15,0.0
262144,MyopicEconomic,505,nominal,0,1,1,0,15,0.0
262144,MyopicEconomic,505,nominal,0,1,2,1,15,0.06666666666666667
262144,MyopicEconomic,505,nominal,0,1,3,0,15,0.0
262144,MyopicEconomic,505,nominal,0,1,4,14,15,0.9333333333333333
262144,MyopicEconomic,505,nominal,1,0,0,33,700,0.047142857142857146
262144,MyopicEconomic,505,nominal,1,0,1,34,700,0.04857142857142857
262144,MyopicEconomic,505,nominal,1,0,2,324,700,0.46285714285714286
262144,MyopicEconomic,505,nominal,1,0,3,52,700,0.07428571428571429
262144,MyopicEconomic,505,nominal,1,0,4,257,700,0.36714285714285716
262144,MyopicEconomic,505,nominal,1,1,0,49,151,0.32450331125827814
262144,MyopicEconomic,505,nominal,1,1,1,2,151,0.013245033112582781
262144,MyopicEconomic,505,nominal,1,1,2,50,151,0.33112582781456956
262144,MyopicEconomic,505,nominal,1,1,3,0,151,0.0
262144,MyopicEconomic,505,nominal,1,1,4,50,151,0.33112582781456956
262144,MyopicEconomic,505,nominal,1,2,0,0,6,0.0
262144,MyopicEconomic,505,nominal,1,2,1,0,6,0.0
262144,MyopicEconomic,505,nominal,1,2,2,0,6,0.0
262144,MyopicEconomic,505,nominal,1,2,3,0,6,0.0
262144,MyopicEconomic,505,nominal,1,2,4,6,6,1.0
262144,MyopicEconomic,505,nominal,2,0,0,6,524,0.011450381679389313
262144,MyopicEconomic,505,nominal,2,0,1,4,524,0.007633587786259542
262144,MyopicEconomic,505,nominal,2,0,2,331,524,0.6316793893129771
262144,MyopicEconomic,505,nominal,2,0,3,17,524,0.03244274809160305
262144,MyopicEconomic,505,nominal,2,0,4,166,524,0.31679389312977096
262144,MyopicEconomic,505,nominal,2,1,0,62,281,0.2206405693950178
262144,MyopicEconomic,505,nominal,2,1,1,31,281,0.1103202846975089
262144,MyopicEconomic,505,nominal,2,1,2,120,281,0.42704626334519574
262144,MyopicEconomic,505,nominal,2,1,3,3,281,0.010676156583629894
262144,MyopicEconomic,505,nominal,2,1,4,65,281,0.2313167259786477
262144,MyopicEconomic,505,nominal,2,2,0,0,50,0.0
262144,MyopicEconomic,505,nominal,2,2,1,0,50,0.0
262144,MyopicEconomic,505,nominal,2,2,2,15,50,0.3
262144,MyopicEconomic,505,nominal,2,2,3,0,50,0.0
262144,MyopicEconomic,505,nominal,2,2,4,35,50,0.7
262144,ObservationPlanner,101,nominal,0,0,0,15,43,0.3488372093023256
262144,ObservationPlanner,101,nominal,0,0,1,1,43,0.023255813953488372
262144,ObservationPlanner,101,nominal,0,0,2,0,43,0.0
262144,ObservationPlanner,101,nominal,0,0,3,9,43,0.20930232558139536
262144,ObservationPlanner,101,nominal,0,0,4,18,43,0.4186046511627907
262144,ObservationPlanner,101,nominal,0,1,0,165,493,0.33468559837728196
262144,ObservationPlanner,101,nominal,0,1,1,128,493,0.25963488843813387
262144,ObservationPlanner,101,nominal,0,1,2,40,493,0.08113590263691683
262144,ObservationPlanner,101,nominal,0,1,3,48,493,0.0973630831643002
262144,ObservationPlanner,101,nominal,0,1,4,112,493,0.22718052738336714
262144,ObservationPlanner,101,nominal,0,2,0,4,18,0.2222222222222222
262144,ObservationPlanner,101,nominal,0,2,1,7,18,0.3888888888888889
262144,ObservationPlanner,101,nominal,0,2,2,3,18,0.16666666666666666
262144,ObservationPlanner,101,nominal,0,2,3,2,18,0.1111111111111111
262144,ObservationPlanner,101,nominal,0,2,4,2,18,0.1111111111111111
262144,ObservationPlanner,101,nominal,1,0,0,126,126,1.0
262144,ObservationPlanner,101,nominal,1,0,1,0,126,0.0
262144,ObservationPlanner,101,nominal,1,0,2,0,126,0.0
262144,ObservationPlanner,101,nominal,1,0,3,0,126,0.0
262144,ObservationPlanner,101,nominal,1,0,4,0,126,0.0
262144,ObservationPlanner,101,nominal,1,1,0,396,584,0.678082191780822
262144,ObservationPlanner,101,nominal,1,1,1,52,584,0.08904109589041095
262144,ObservationPlanner,101,nominal,1,1,2,80,584,0.136986301369863
262144,ObservationPlanner,101,nominal,1,1,3,22,584,0.03767123287671233
262144,ObservationPlanner,101,nominal,1,1,4,34,584,0.05821917808219178
262144,ObservationPlanner,101,nominal,1,2,0,28,145,0.19310344827586207
262144,ObservationPlanner,101,nominal,1,2,1,59,145,0.4068965517241379
262144,ObservationPlanner,101,nominal,1,2,2,30,145,0.20689655172413793
262144,ObservationPlanner,101,nominal,1,2,3,13,145,0.0896551724137931
262144,ObservationPlanner,101,nominal,1,2,4,15,145,0.10344827586206896
262144,ObservationPlanner,101,nominal,2,0,0,55,58,0.9482758620689655
262144,ObservationPlanner,101,nominal,2,0,1,3,58,0.05172413793103448
262144,ObservationPlanner,101,nominal,2,0,2,0,58,0.0
262144,ObservationPlanner,101,nominal,2,0,3,0,58,0.0
262144,ObservationPlanner,101,nominal,2,0,4,0,58,0.0
262144,ObservationPlanner,101,nominal,2,1,0,186,213,0.8732394366197183
262144,ObservationPlanner,101,nominal,2,1,1,9,213,0.04225352112676056
262144,ObservationPlanner,101,nominal,2,1,2,18,213,0.08450704225352113
262144,ObservationPlanner,101,nominal,2,1,3,0,213,0.0
262144,ObservationPlanner,101,nominal,2,1,4,0,213,0.0
262144,ObservationPlanner,101,nominal,2,2,0,147,305,0.4819672131147541
262144,ObservationPlanner,101,nominal,2,2,1,75,305,0.2459016393442623
262144,ObservationPlanner,101,nominal,2,2,2,58,305,0.1901639344262295
262144,ObservationPlanner,101,nominal,2,2,3,11,305,0.036065573770491806
262144,ObservationPlanner,101,nominal,2,2,4,14,305,0.04590163934426229
262144,ObservationPlanner,202,nominal,0,0,0,15,43,0.3488372093023256
262144,ObservationPlanner,202,nominal,0,0,1,1,43,0.023255813953488372
262144,ObservationPlanner,202,nominal,0,0,2,0,43,0.0
262144,ObservationPlanner,202,nominal,0,0,3,9,43,0.20930232558139536
262144,ObservationPlanner,202,nominal,0,0,4,18,43,0.4186046511627907
262144,ObservationPlanner,202,nominal,0,1,0,165,493,0.33468559837728196
262144,ObservationPlanner,202,nominal,0,1,1,128,493,0.25963488843813387
262144,ObservationPlanner,202,nominal,0,1,2,40,493,0.08113590263691683
262144,ObservationPlanner,202,nominal,0,1,3,48,493,0.0973630831643002
262144,ObservationPlanner,202,nominal,0,1,4,112,493,0.22718052738336714
262144,ObservationPlanner,202,nominal,0,2,0,4,18,0.2222222222222222
262144,ObservationPlanner,202,nominal,0,2,1,7,18,0.3888888888888889
262144,ObservationPlanner,202,nominal,0,2,2,3,18,0.16666666666666666
262144,ObservationPlanner,202,nominal,0,2,3,2,18,0.1111111111111111
262144,ObservationPlanner,202,nominal,0,2,4,2,18,0.1111111111111111
262144,ObservationPlanner,202,nominal,1,0,0,126,126,1.0
262144,ObservationPlanner,202,nominal,1,0,1,0,126,0.0
262144,ObservationPlanner,202,nominal,1,0,2,0,126,0.0
262144,ObservationPlanner,202,nominal,1,0,3,0,126,0.0
262144,ObservationPlanner,202,nominal,1,0,4,0,126,0.0
262144,ObservationPlanner,202,nominal,1,1,0,396,584,0.678082191780822
262144,ObservationPlanner,202,nominal,1,1,1,52,584,0.08904109589041095
262144,ObservationPlanner,202,nominal,1,1,2,80,584,0.136986301369863
262144,ObservationPlanner,202,nominal,1,1,3,22,584,0.03767123287671233
262144,ObservationPlanner,202,nominal,1,1,4,34,584,0.05821917808219178
262144,ObservationPlanner,202,nominal,1,2,0,28,145,0.19310344827586207
262144,ObservationPlanner,202,nominal,1,2,1,59,145,0.4068965517241379
262144,ObservationPlanner,202,nominal,1,2,2,30,145,0.20689655172413793
262144,ObservationPlanner,202,nominal,1,2,3,13,145,0.0896551724137931
262144,ObservationPlanner,202,nominal,1,2,4,15,145,0.10344827586206896
262144,ObservationPlanner,202,nominal,2,0,0,55,58,0.9482758620689655
262144,ObservationPlanner,202,nominal,2,0,1,3,58,0.05172413793103448
262144,ObservationPlanner,202,nominal,2,0,2,0,58,0.0
262144,ObservationPlanner,202,nominal,2,0,3,0,58,0.0
262144,ObservationPlanner,202,nominal,2,0,4,0,58,0.0
262144,ObservationPlanner,202,nominal,2,1,0,186,213,0.8732394366197183
262144,ObservationPlanner,202,nominal,2,1,1,9,213,0.04225352112676056
262144,ObservationPlanner,202,nominal,2,1,2,18,213,0.08450704225352113
262144,ObservationPlanner,202,nominal,2,1,3,0,213,0.0
262144,ObservationPlanner,202,nominal,2,1,4,0,213,0.0
262144,ObservationPlanner,202,nominal,2,2,0,147,305,0.4819672131147541
262144,ObservationPlanner,202,nominal,2,2,1,75,305,0.2459016393442623
262144,ObservationPlanner,202,nominal,2,2,2,58,305,0.1901639344262295
262144,ObservationPlanner,202,nominal,2,2,3,11,305,0.036065573770491806
262144,ObservationPlanner,202,nominal,2,2,4,14,305,0.04590163934426229
262144,ObservationPlanner,303,nominal,0,0,0,15,43,0.3488372093023256
262144,ObservationPlanner,303,nominal,0,0,1,1,43,0.023255813953488372
262144,ObservationPlanner,303,nominal,0,0,2,0,43,0.0
262144,ObservationPlanner,303,nominal,0,0,3,9,43,0.20930232558139536
262144,ObservationPlanner,303,nominal,0,0,4,18,43,0.4186046511627907
262144,ObservationPlanner,303,nominal,0,1,0,165,493,0.33468559837728196
262144,ObservationPlanner,303,nominal,0,1,1,128,493,0.25963488843813387
262144,ObservationPlanner,303,nominal,0,1,2,40,493,0.08113590263691683
262144,ObservationPlanner,303,nominal,0,1,3,48,493,0.0973630831643002
262144,ObservationPlanner,303,nominal,0,1,4,112,493,0.22718052738336714
262144,ObservationPlanner,303,nominal,0,2,0,4,18,0.2222222222222222
262144,ObservationPlanner,303,nominal,0,2,1,7,18,0.3888888888888889
262144,ObservationPlanner,303,nominal,0,2,2,3,18,0.16666666666666666
262144,ObservationPlanner,303,nominal,0,2,3,2,18,0.1111111111111111
262144,ObservationPlanner,303,nominal,0,2,4,2,18,0.1111111111111111
262144,ObservationPlanner,303,nominal,1,0,0,126,126,1.0
262144,ObservationPlanner,303,nominal,1,0,1,0,126,0.0
262144,ObservationPlanner,303,nominal,1,0,2,0,126,0.0
262144,ObservationPlanner,303,nominal,1,0,3,0,126,0.0
262144,ObservationPlanner,303,nominal,1,0,4,0,126,0.0
262144,ObservationPlanner,303,nominal,1,1,0,396,584,0.678082191780822
262144,ObservationPlanner,303,nominal,1,1,1,52,584,0.08904109589041095
262144,ObservationPlanner,303,nominal,1,1,2,80,584,0.136986301369863
262144,ObservationPlanner,303,nominal,1,1,3,22,584,0.03767123287671233
262144,ObservationPlanner,303,nominal,1,1,4,34,584,0.05821917808219178
262144,ObservationPlanner,303,nominal,1,2,0,28,145,0.19310344827586207
262144,ObservationPlanner,303,nominal,1,2,1,59,145,0.4068965517241379
262144,ObservationPlanner,303,nominal,1,2,2,30,145,0.20689655172413793
262144,ObservationPlanner,303,nominal,1,2,3,13,145,0.0896551724137931
262144,ObservationPlanner,303,nominal,1,2,4,15,145,0.10344827586206896
262144,ObservationPlanner,303,nominal,2,0,0,55,58,0.9482758620689655
262144,ObservationPlanner,303,nominal,2,0,1,3,58,0.05172413793103448
262144,ObservationPlanner,303,nominal,2,0,2,0,58,0.0
262144,ObservationPlanner,303,nominal,2,0,3,0,58,0.0
262144,ObservationPlanner,303,nominal,2,0,4,0,58,0.0
262144,ObservationPlanner,303,nominal,2,1,0,186,213,0.8732394366197183
262144,ObservationPlanner,303,nominal,2,1,1,9,213,0.04225352112676056
262144,ObservationPlanner,303,nominal,2,1,2,18,213,0.08450704225352113
262144,ObservationPlanner,303,nominal,2,1,3,0,213,0.0
262144,ObservationPlanner,303,nominal,2,1,4,0,213,0.0
262144,ObservationPlanner,303,nominal,2,2,0,147,305,0.4819672131147541
262144,ObservationPlanner,303,nominal,2,2,1,75,305,0.2459016393442623
262144,ObservationPlanner,303,nominal,2,2,2,58,305,0.1901639344262295
262144,ObservationPlanner,303,nominal,2,2,3,11,305,0.036065573770491806
262144,ObservationPlanner,303,nominal,2,2,4,14,305,0.04590163934426229
262144,ObservationPlanner,404,nominal,0,0,0,15,43,0.3488372093023256
262144,ObservationPlanner,404,nominal,0,0,1,1,43,0.023255813953488372
262144,ObservationPlanner,404,nominal,0,0,2,0,43,0.0
262144,ObservationPlanner,404,nominal,0,0,3,9,43,0.20930232558139536
262144,ObservationPlanner,404,nominal,0,0,4,18,43,0.4186046511627907
262144,ObservationPlanner,404,nominal,0,1,0,165,493,0.33468559837728196
262144,ObservationPlanner,404,nominal,0,1,1,128,493,0.25963488843813387
262144,ObservationPlanner,404,nominal,0,1,2,40,493,0.08113590263691683
262144,ObservationPlanner,404,nominal,0,1,3,48,493,0.0973630831643002
262144,ObservationPlanner,404,nominal,0,1,4,112,493,0.22718052738336714
262144,ObservationPlanner,404,nominal,0,2,0,4,18,0.2222222222222222
262144,ObservationPlanner,404,nominal,0,2,1,7,18,0.3888888888888889
262144,ObservationPlanner,404,nominal,0,2,2,3,18,0.16666666666666666
262144,ObservationPlanner,404,nominal,0,2,3,2,18,0.1111111111111111
262144,ObservationPlanner,404,nominal,0,2,4,2,18,0.1111111111111111
262144,ObservationPlanner,404,nominal,1,0,0,126,126,1.0
262144,ObservationPlanner,404,nominal,1,0,1,0,126,0.0
262144,ObservationPlanner,404,nominal,1,0,2,0,126,0.0
262144,ObservationPlanner,404,nominal,1,0,3,0,126,0.0
262144,ObservationPlanner,404,nominal,1,0,4,0,126,0.0
262144,ObservationPlanner,404,nominal,1,1,0,396,584,0.678082191780822
262144,ObservationPlanner,404,nominal,1,1,1,52,584,0.08904109589041095
262144,ObservationPlanner,404,nominal,1,1,2,80,584,0.136986301369863
262144,ObservationPlanner,404,nominal,1,1,3,22,584,0.03767123287671233
262144,ObservationPlanner,404,nominal,1,1,4,34,584,0.05821917808219178
262144,ObservationPlanner,404,nominal,1,2,0,28,145,0.19310344827586207
262144,ObservationPlanner,404,nominal,1,2,1,59,145,0.4068965517241379
262144,ObservationPlanner,404,nominal,1,2,2,30,145,0.20689655172413793
262144,ObservationPlanner,404,nominal,1,2,3,13,145,0.0896551724137931
262144,ObservationPlanner,404,nominal,1,2,4,15,145,0.10344827586206896
262144,ObservationPlanner,404,nominal,2,0,0,55,58,0.9482758620689655
262144,ObservationPlanner,404,nominal,2,0,1,3,58,0.05172413793103448
262144,ObservationPlanner,404,nominal,2,0,2,0,58,0.0
262144,ObservationPlanner,404,nominal,2,0,3,0,58,0.0
262144,ObservationPlanner,404,nominal,2,0,4,0,58,0.0
262144,ObservationPlanner,404,nominal,2,1,0,186,213,0.8732394366197183
262144,ObservationPlanner,404,nominal,2,1,1,9,213,0.04225352112676056
262144,ObservationPlanner,404,nominal,2,1,2,18,213,0.08450704225352113
262144,ObservationPlanner,404,nominal,2,1,3,0,213,0.0
262144,ObservationPlanner,404,nominal,2,1,4,0,213,0.0
262144,ObservationPlanner,404,nominal,2,2,0,147,305,0.4819672131147541
262144,ObservationPlanner,404,nominal,2,2,1,75,305,0.2459016393442623
262144,ObservationPlanner,404,nominal,2,2,2,58,305,0.1901639344262295
262144,ObservationPlanner,404,nominal,2,2,3,11,305,0.036065573770491806
262144,ObservationPlanner,404,nominal,2,2,4,14,305,0.04590163934426229
262144,ObservationPlanner,505,nominal,0,0,0,15,43,0.3488372093023256
262144,ObservationPlanner,505,nominal,0,0,1,1,43,0.023255813953488372
262144,ObservationPlanner,505,nominal,0,0,2,0,43,0.0
262144,ObservationPlanner,505,nominal,0,0,3,9,43,0.20930232558139536
262144,ObservationPlanner,505,nominal,0,0,4,18,43,0.4186046511627907
262144,ObservationPlanner,505,nominal,0,1,0,165,493,0.33468559837728196
262144,ObservationPlanner,505,nominal,0,1,1,128,493,0.25963488843813387
262144,ObservationPlanner,505,nominal,0,1,2,40,493,0.08113590263691683
262144,ObservationPlanner,505,nominal,0,1,3,48,493,0.0973630831643002
262144,ObservationPlanner,505,nominal,0,1,4,112,493,0.22718052738336714
262144,ObservationPlanner,505,nominal,0,2,0,4,18,0.2222222222222222
262144,ObservationPlanner,505,nominal,0,2,1,7,18,0.3888888888888889
262144,ObservationPlanner,505,nominal,0,2,2,3,18,0.16666666666666666
262144,ObservationPlanner,505,nominal,0,2,3,2,18,0.1111111111111111
262144,ObservationPlanner,505,nominal,0,2,4,2,18,0.1111111111111111
262144,ObservationPlanner,505,nominal,1,0,0,126,126,1.0
262144,ObservationPlanner,505,nominal,1,0,1,0,126,0.0
262144,ObservationPlanner,505,nominal,1,0,2,0,126,0.0
262144,ObservationPlanner,505,nominal,1,0,3,0,126,0.0
262144,ObservationPlanner,505,nominal,1,0,4,0,126,0.0
262144,ObservationPlanner,505,nominal,1,1,0,396,584,0.678082191780822
262144,ObservationPlanner,505,nominal,1,1,1,52,584,0.08904109589041095
262144,ObservationPlanner,505,nominal,1,1,2,80,584,0.136986301369863
262144,ObservationPlanner,505,nominal,1,1,3,22,584,0.03767123287671233
262144,ObservationPlanner,505,nominal,1,1,4,34,584,0.05821917808219178
262144,ObservationPlanner,505,nominal,1,2,0,28,145,0.19310344827586207
262144,ObservationPlanner,505,nominal,1,2,1,59,145,0.4068965517241379
262144,ObservationPlanner,505,nominal,1,2,2,30,145,0.20689655172413793
262144,ObservationPlanner,505,nominal,1,2,3,13,145,0.0896551724137931
262144,ObservationPlanner,505,nominal,1,2,4,15,145,0.10344827586206896
262144,ObservationPlanner,505,nominal,2,0,0,55,58,0.9482758620689655
262144,ObservationPlanner,505,nominal,2,0,1,3,58,0.05172413793103448
262144,ObservationPlanner,505,nominal,2,0,2,0,58,0.0
262144,ObservationPlanner,505,nominal,2,0,3,0,58,0.0
262144,ObservationPlanner,505,nominal,2,0,4,0,58,0.0
262144,ObservationPlanner,505,nominal,2,1,0,186,213,0.8732394366197183
262144,ObservationPlanner,505,nominal,2,1,1,9,213,0.04225352112676056
262144,ObservationPlanner,505,nominal,2,1,2,18,213,0.08450704225352113
262144,ObservationPlanner,505,nominal,2,1,3,0,213,0.0
262144,ObservationPlanner,505,nominal,2,1,4,0,213,0.0
262144,ObservationPlanner,505,nominal,2,2,0,147,305,0.4819672131147541
262144,ObservationPlanner,505,nominal,2,2,1,75,305,0.2459016393442623
262144,ObservationPlanner,505,nominal,2,2,2,58,305,0.1901639344262295
262144,ObservationPlanner,505,nominal,2,2,3,11,305,0.036065573770491806
262144,ObservationPlanner,505,nominal,2,2,4,14,305,0.04590163934426229
262144,PDThreshold,101,nominal,0,0,0,0,553,0.0
262144,PDThreshold,101,nominal,0,0,1,0,553,0.0
262144,PDThreshold,101,nominal,0,0,2,218,553,0.39421338155515373
262144,PDThreshold,101,nominal,0,0,3,335,553,0.6057866184448463
262144,PDThreshold,101,nominal,0,0,4,0,553,0.0
262144,PDThreshold,101,nominal,0,1,0,0,43,0.0
262144,PDThreshold,101,nominal,0,1,1,0,43,0.0
262144,PDThreshold,101,nominal,0,1,2,1,43,0.023255813953488372
262144,PDThreshold,101,nominal,0,1,3,42,43,0.9767441860465116
262144,PDThreshold,101,nominal,0,1,4,0,43,0.0
262144,PDThreshold,101,nominal,1,0,0,0,368,0.0
262144,PDThreshold,101,nominal,1,0,1,0,368,0.0
262144,PDThreshold,101,nominal,1,0,2,368,368,1.0
262144,PDThreshold,101,nominal,1,0,3,0,368,0.0
262144,PDThreshold,101,nominal,1,0,4,0,368,0.0
262144,PDThreshold,101,nominal,1,1,0,0,422,0.0
262144,PDThreshold,101,nominal,1,1,1,0,422,0.0
262144,PDThreshold,101,nominal,1,1,2,422,422,1.0
262144,PDThreshold,101,nominal,1,1,3,0,422,0.0
262144,PDThreshold,101,nominal,1,1,4,0,422,0.0
262144,PDThreshold,101,nominal,1,2,0,0,16,0.0
262144,PDThreshold,101,nominal,1,2,1,0,16,0.0
262144,PDThreshold,101,nominal,1,2,2,16,16,1.0
262144,PDThreshold,101,nominal,1,2,3,0,16,0.0
262144,PDThreshold,101,nominal,1,2,4,0,16,0.0
262144,PDThreshold,101,nominal,2,0,0,0,98,0.0
262144,PDThreshold,101,nominal,2,0,1,98,98,1.0
262144,PDThreshold,101,nominal,2,0,2,0,98,0.0
262144,PDThreshold,101,nominal,2,0,3,0,98,0.0
262144,PDThreshold,101,nominal,2,0,4,0,98,0.0
262144,PDThreshold,101,nominal,2,1,0,0,376,0.0
262144,PDThreshold,101,nominal,2,1,1,359,376,0.9547872340425532
262144,PDThreshold,101,nominal,2,1,2,17,376,0.04521276595744681
262144,PDThreshold,101,nominal,2,1,3,0,376,0.0
262144,PDThreshold,101,nominal,2,1,4,0,376,0.0
262144,PDThreshold,101,nominal,2,2,0,0,237,0.0
262144,PDThreshold,101,nominal,2,2,1,237,237,1.0
262144,PDThreshold,101,nominal,2,2,2,0,237,0.0
262144,PDThreshold,101,nominal,2,2,3,0,237,0.0
262144,PDThreshold,101,nominal,2,2,4,0,237,0.0
262144,PDThreshold,202,nominal,0,0,0,0,553,0.0
262144,PDThreshold,202,nominal,0,0,1,0,553,0.0
262144,PDThreshold,202,nominal,0,0,2,218,553,0.39421338155515373
262144,PDThreshold,202,nominal,0,0,3,335,553,0.6057866184448463
262144,PDThreshold,202,nominal,0,0,4,0,553,0.0
262144,PDThreshold,202,nominal,0,1,0,0,43,0.0
262144,PDThreshold,202,nominal,0,1,1,0,43,0.0
262144,PDThreshold,202,nominal,0,1,2,1,43,0.023255813953488372
262144,PDThreshold,202,nominal,0,1,3,42,43,0.9767441860465116
262144,PDThreshold,202,nominal,0,1,4,0,43,0.0
262144,PDThreshold,202,nominal,1,0,0,0,368,0.0
262144,PDThreshold,202,nominal,1,0,1,0,368,0.0
262144,PDThreshold,202,nominal,1,0,2,368,368,1.0
262144,PDThreshold,202,nominal,1,0,3,0,368,0.0
262144,PDThreshold,202,nominal,1,0,4,0,368,0.0
262144,PDThreshold,202,nominal,1,1,0,0,422,0.0
262144,PDThreshold,202,nominal,1,1,1,0,422,0.0
262144,PDThreshold,202,nominal,1,1,2,422,422,1.0
262144,PDThreshold,202,nominal,1,1,3,0,422,0.0
262144,PDThreshold,202,nominal,1,1,4,0,422,0.0
262144,PDThreshold,202,nominal,1,2,0,0,16,0.0
262144,PDThreshold,202,nominal,1,2,1,0,16,0.0
262144,PDThreshold,202,nominal,1,2,2,16,16,1.0
262144,PDThreshold,202,nominal,1,2,3,0,16,0.0
262144,PDThreshold,202,nominal,1,2,4,0,16,0.0
262144,PDThreshold,202,nominal,2,0,0,0,98,0.0
262144,PDThreshold,202,nominal,2,0,1,98,98,1.0
262144,PDThreshold,202,nominal,2,0,2,0,98,0.0
262144,PDThreshold,202,nominal,2,0,3,0,98,0.0
262144,PDThreshold,202,nominal,2,0,4,0,98,0.0
262144,PDThreshold,202,nominal,2,1,0,0,376,0.0
262144,PDThreshold,202,nominal,2,1,1,359,376,0.9547872340425532
262144,PDThreshold,202,nominal,2,1,2,17,376,0.04521276595744681
262144,PDThreshold,202,nominal,2,1,3,0,376,0.0
262144,PDThreshold,202,nominal,2,1,4,0,376,0.0
262144,PDThreshold,202,nominal,2,2,0,0,237,0.0
262144,PDThreshold,202,nominal,2,2,1,237,237,1.0
262144,PDThreshold,202,nominal,2,2,2,0,237,0.0
262144,PDThreshold,202,nominal,2,2,3,0,237,0.0
262144,PDThreshold,202,nominal,2,2,4,0,237,0.0
262144,PDThreshold,303,nominal,0,0,0,0,553,0.0
262144,PDThreshold,303,nominal,0,0,1,0,553,0.0
262144,PDThreshold,303,nominal,0,0,2,218,553,0.39421338155515373
262144,PDThreshold,303,nominal,0,0,3,335,553,0.6057866184448463
262144,PDThreshold,303,nominal,0,0,4,0,553,0.0
262144,PDThreshold,303,nominal,0,1,0,0,43,0.0
262144,PDThreshold,303,nominal,0,1,1,0,43,0.0
262144,PDThreshold,303,nominal,0,1,2,1,43,0.023255813953488372
262144,PDThreshold,303,nominal,0,1,3,42,43,0.9767441860465116
262144,PDThreshold,303,nominal,0,1,4,0,43,0.0
262144,PDThreshold,303,nominal,1,0,0,0,368,0.0
262144,PDThreshold,303,nominal,1,0,1,0,368,0.0
262144,PDThreshold,303,nominal,1,0,2,368,368,1.0
262144,PDThreshold,303,nominal,1,0,3,0,368,0.0
262144,PDThreshold,303,nominal,1,0,4,0,368,0.0
262144,PDThreshold,303,nominal,1,1,0,0,422,0.0
262144,PDThreshold,303,nominal,1,1,1,0,422,0.0
262144,PDThreshold,303,nominal,1,1,2,422,422,1.0
262144,PDThreshold,303,nominal,1,1,3,0,422,0.0
262144,PDThreshold,303,nominal,1,1,4,0,422,0.0
262144,PDThreshold,303,nominal,1,2,0,0,16,0.0
262144,PDThreshold,303,nominal,1,2,1,0,16,0.0
262144,PDThreshold,303,nominal,1,2,2,16,16,1.0
262144,PDThreshold,303,nominal,1,2,3,0,16,0.0
262144,PDThreshold,303,nominal,1,2,4,0,16,0.0
262144,PDThreshold,303,nominal,2,0,0,0,98,0.0
262144,PDThreshold,303,nominal,2,0,1,98,98,1.0
262144,PDThreshold,303,nominal,2,0,2,0,98,0.0
262144,PDThreshold,303,nominal,2,0,3,0,98,0.0
262144,PDThreshold,303,nominal,2,0,4,0,98,0.0
262144,PDThreshold,303,nominal,2,1,0,0,376,0.0
262144,PDThreshold,303,nominal,2,1,1,359,376,0.9547872340425532
262144,PDThreshold,303,nominal,2,1,2,17,376,0.04521276595744681
262144,PDThreshold,303,nominal,2,1,3,0,376,0.0
262144,PDThreshold,303,nominal,2,1,4,0,376,0.0
262144,PDThreshold,303,nominal,2,2,0,0,237,0.0
262144,PDThreshold,303,nominal,2,2,1,237,237,1.0
262144,PDThreshold,303,nominal,2,2,2,0,237,0.0
262144,PDThreshold,303,nominal,2,2,3,0,237,0.0
262144,PDThreshold,303,nominal,2,2,4,0,237,0.0
262144,PDThreshold,404,nominal,0,0,0,0,553,0.0
262144,PDThreshold,404,nominal,0,0,1,0,553,0.0
262144,PDThreshold,404,nominal,0,0,2,218,553,0.39421338155515373
262144,PDThreshold,404,nominal,0,0,3,335,553,0.6057866184448463
262144,PDThreshold,404,nominal,0,0,4,0,553,0.0
262144,PDThreshold,404,nominal,0,1,0,0,43,0.0
262144,PDThreshold,404,nominal,0,1,1,0,43,0.0
262144,PDThreshold,404,nominal,0,1,2,1,43,0.023255813953488372
262144,PDThreshold,404,nominal,0,1,3,42,43,0.9767441860465116
262144,PDThreshold,404,nominal,0,1,4,0,43,0.0
262144,PDThreshold,404,nominal,1,0,0,0,368,0.0
262144,PDThreshold,404,nominal,1,0,1,0,368,0.0
262144,PDThreshold,404,nominal,1,0,2,368,368,1.0
262144,PDThreshold,404,nominal,1,0,3,0,368,0.0
262144,PDThreshold,404,nominal,1,0,4,0,368,0.0
262144,PDThreshold,404,nominal,1,1,0,0,422,0.0
262144,PDThreshold,404,nominal,1,1,1,0,422,0.0
262144,PDThreshold,404,nominal,1,1,2,422,422,1.0
262144,PDThreshold,404,nominal,1,1,3,0,422,0.0
262144,PDThreshold,404,nominal,1,1,4,0,422,0.0
262144,PDThreshold,404,nominal,1,2,0,0,16,0.0
262144,PDThreshold,404,nominal,1,2,1,0,16,0.0
262144,PDThreshold,404,nominal,1,2,2,16,16,1.0
262144,PDThreshold,404,nominal,1,2,3,0,16,0.0
262144,PDThreshold,404,nominal,1,2,4,0,16,0.0
262144,PDThreshold,404,nominal,2,0,0,0,98,0.0
262144,PDThreshold,404,nominal,2,0,1,98,98,1.0
262144,PDThreshold,404,nominal,2,0,2,0,98,0.0
262144,PDThreshold,404,nominal,2,0,3,0,98,0.0
262144,PDThreshold,404,nominal,2,0,4,0,98,0.0
262144,PDThreshold,404,nominal,2,1,0,0,376,0.0
262144,PDThreshold,404,nominal,2,1,1,359,376,0.9547872340425532
262144,PDThreshold,404,nominal,2,1,2,17,376,0.04521276595744681
262144,PDThreshold,404,nominal,2,1,3,0,376,0.0
262144,PDThreshold,404,nominal,2,1,4,0,376,0.0
262144,PDThreshold,404,nominal,2,2,0,0,237,0.0
262144,PDThreshold,404,nominal,2,2,1,237,237,1.0
262144,PDThreshold,404,nominal,2,2,2,0,237,0.0
262144,PDThreshold,404,nominal,2,2,3,0,237,0.0
262144,PDThreshold,404,nominal,2,2,4,0,237,0.0
262144,PDThreshold,505,nominal,0,0,0,0,553,0.0
262144,PDThreshold,505,nominal,0,0,1,0,553,0.0
262144,PDThreshold,505,nominal,0,0,2,218,553,0.39421338155515373
262144,PDThreshold,505,nominal,0,0,3,335,553,0.6057866184448463
262144,PDThreshold,505,nominal,0,0,4,0,553,0.0
262144,PDThreshold,505,nominal,0,1,0,0,43,0.0
262144,PDThreshold,505,nominal,0,1,1,0,43,0.0
262144,PDThreshold,505,nominal,0,1,2,1,43,0.023255813953488372
262144,PDThreshold,505,nominal,0,1,3,42,43,0.9767441860465116
262144,PDThreshold,505,nominal,0,1,4,0,43,0.0
262144,PDThreshold,505,nominal,1,0,0,0,368,0.0
262144,PDThreshold,505,nominal,1,0,1,0,368,0.0
262144,PDThreshold,505,nominal,1,0,2,368,368,1.0
262144,PDThreshold,505,nominal,1,0,3,0,368,0.0
262144,PDThreshold,505,nominal,1,0,4,0,368,0.0
262144,PDThreshold,505,nominal,1,1,0,0,422,0.0
262144,PDThreshold,505,nominal,1,1,1,0,422,0.0
262144,PDThreshold,505,nominal,1,1,2,422,422,1.0
262144,PDThreshold,505,nominal,1,1,3,0,422,0.0
262144,PDThreshold,505,nominal,1,1,4,0,422,0.0
262144,PDThreshold,505,nominal,1,2,0,0,16,0.0
262144,PDThreshold,505,nominal,1,2,1,0,16,0.0
262144,PDThreshold,505,nominal,1,2,2,16,16,1.0
262144,PDThreshold,505,nominal,1,2,3,0,16,0.0
262144,PDThreshold,505,nominal,1,2,4,0,16,0.0
262144,PDThreshold,505,nominal,2,0,0,0,98,0.0
262144,PDThreshold,505,nominal,2,0,1,98,98,1.0
262144,PDThreshold,505,nominal,2,0,2,0,98,0.0
262144,PDThreshold,505,nominal,2,0,3,0,98,0.0
262144,PDThreshold,505,nominal,2,0,4,0,98,0.0
262144,PDThreshold,505,nominal,2,1,0,0,376,0.0
262144,PDThreshold,505,nominal,2,1,1,359,376,0.9547872340425532
262144,PDThreshold,505,nominal,2,1,2,17,376,0.04521276595744681
262144,PDThreshold,505,nominal,2,1,3,0,376,0.0
262144,PDThreshold,505,nominal,2,1,4,0,376,0.0
262144,PDThreshold,505,nominal,2,2,0,0,237,0.0
262144,PDThreshold,505,nominal,2,2,1,237,237,1.0
262144,PDThreshold,505,nominal,2,2,2,0,237,0.0
262144,PDThreshold,505,nominal,2,2,3,0,237,0.0
262144,PDThreshold,505,nominal,2,2,4,0,237,0.0
262144,Static,101,nominal,0,0,0,0,437,0.0
262144,Static,101,nominal,0,0,1,0,437,0.0
262144,Static,101,nominal,0,0,2,437,437,1.0
262144,Static,101,nominal,0,0,3,0,437,0.0
262144,Static,101,nominal,0,0,4,0,437,0.0
262144,Static,101,nominal,0,1,0,0,132,0.0
262144,Static,101,nominal,0,1,1,0,132,0.0
262144,Static,101,nominal,0,1,2,132,132,1.0
262144,Static,101,nominal,0,1,3,0,132,0.0
262144,Static,101,nominal,0,1,4,0,132,0.0
262144,Static,101,nominal,1,0,0,0,356,0.0
262144,Static,101,nominal,1,0,1,0,356,0.0
262144,Static,101,nominal,1,0,2,356,356,1.0
262144,Static,101,nominal,1,0,3,0,356,0.0
262144,Static,101,nominal,1,0,4,0,356,0.0
262144,Static,101,nominal,1,1,0,0,443,0.0
262144,Static,101,nominal,1,1,1,0,443,0.0
262144,Static,101,nominal,1,1,2,443,443,1.0
262144,Static,101,nominal,1,1,3,0,443,0.0
262144,Static,101,nominal,1,1,4,0,443,0.0
262144,Static,101,nominal,2,0,0,0,122,0.0
262144,Static,101,nominal,2,0,1,0,122,0.0
262144,Static,101,nominal,2,0,2,122,122,1.0
262144,Static,101,nominal,2,0,3,0,122,0.0
262144,Static,101,nominal,2,0,4,0,122,0.0
262144,Static,101,nominal,2,1,0,0,639,0.0
262144,Static,101,nominal,2,1,1,0,639,0.0
262144,Static,101,nominal,2,1,2,639,639,1.0
262144,Static,101,nominal,2,1,3,0,639,0.0
262144,Static,101,nominal,2,1,4,0,639,0.0
262144,Static,202,nominal,0,0,0,0,437,0.0
262144,Static,202,nominal,0,0,1,0,437,0.0
262144,Static,202,nominal,0,0,2,437,437,1.0
262144,Static,202,nominal,0,0,3,0,437,0.0
262144,Static,202,nominal,0,0,4,0,437,0.0
262144,Static,202,nominal,0,1,0,0,132,0.0
262144,Static,202,nominal,0,1,1,0,132,0.0
262144,Static,202,nominal,0,1,2,132,132,1.0
262144,Static,202,nominal,0,1,3,0,132,0.0
262144,Static,202,nominal,0,1,4,0,132,0.0
262144,Static,202,nominal,1,0,0,0,356,0.0
262144,Static,202,nominal,1,0,1,0,356,0.0
262144,Static,202,nominal,1,0,2,356,356,1.0
262144,Static,202,nominal,1,0,3,0,356,0.0
262144,Static,202,nominal,1,0,4,0,356,0.0
262144,Static,202,nominal,1,1,0,0,443,0.0
262144,Static,202,nominal,1,1,1,0,443,0.0
262144,Static,202,nominal,1,1,2,443,443,1.0
262144,Static,202,nominal,1,1,3,0,443,0.0
262144,Static,202,nominal,1,1,4,0,443,0.0
262144,Static,202,nominal,2,0,0,0,122,0.0
262144,Static,202,nominal,2,0,1,0,122,0.0
262144,Static,202,nominal,2,0,2,122,122,1.0
262144,Static,202,nominal,2,0,3,0,122,0.0
262144,Static,202,nominal,2,0,4,0,122,0.0
262144,Static,202,nominal,2,1,0,0,639,0.0
262144,Static,202,nominal,2,1,1,0,639,0.0
262144,Static,202,nominal,2,1,2,639,639,1.0
262144,Static,202,nominal,2,1,3,0,639,0.0
262144,Static,202,nominal,2,1,4,0,639,0.0
262144,Static,303,nominal,0,0,0,0,437,0.0
262144,Static,303,nominal,0,0,1,0,437,0.0
262144,Static,303,nominal,0,0,2,437,437,1.0
262144,Static,303,nominal,0,0,3,0,437,0.0
262144,Static,303,nominal,0,0,4,0,437,0.0
262144,Static,303,nominal,0,1,0,0,132,0.0
262144,Static,303,nominal,0,1,1,0,132,0.0
262144,Static,303,nominal,0,1,2,132,132,1.0
262144,Static,303,nominal,0,1,3,0,132,0.0
262144,Static,303,nominal,0,1,4,0,132,0.0
262144,Static,303,nominal,1,0,0,0,356,0.0
262144,Static,303,nominal,1,0,1,0,356,0.0
262144,Static,303,nominal,1,0,2,356,356,1.0
262144,Static,303,nominal,1,0,3,0,356,0.0
262144,Static,303,nominal,1,0,4,0,356,0.0
262144,Static,303,nominal,1,1,0,0,443,0.0
262144,Static,303,nominal,1,1,1,0,443,0.0
262144,Static,303,nominal,1,1,2,443,443,1.0
262144,Static,303,nominal,1,1,3,0,443,0.0
262144,Static,303,nominal,1,1,4,0,443,0.0
262144,Static,303,nominal,2,0,0,0,122,0.0
262144,Static,303,nominal,2,0,1,0,122,0.0
262144,Static,303,nominal,2,0,2,122,122,1.0
262144,Static,303,nominal,2,0,3,0,122,0.0
262144,Static,303,nominal,2,0,4,0,122,0.0
262144,Static,303,nominal,2,1,0,0,639,0.0
262144,Static,303,nominal,2,1,1,0,639,0.0
262144,Static,303,nominal,2,1,2,639,639,1.0
262144,Static,303,nominal,2,1,3,0,639,0.0
262144,Static,303,nominal,2,1,4,0,639,0.0
262144,Static,404,nominal,0,0,0,0,437,0.0
262144,Static,404,nominal,0,0,1,0,437,0.0
262144,Static,404,nominal,0,0,2,437,437,1.0
262144,Static,404,nominal,0,0,3,0,437,0.0
262144,Static,404,nominal,0,0,4,0,437,0.0
262144,Static,404,nominal,0,1,0,0,132,0.0
262144,Static,404,nominal,0,1,1,0,132,0.0
262144,Static,404,nominal,0,1,2,132,132,1.0
262144,Static,404,nominal,0,1,3,0,132,0.0
262144,Static,404,nominal,0,1,4,0,132,0.0
262144,Static,404,nominal,1,0,0,0,356,0.0
262144,Static,404,nominal,1,0,1,0,356,0.0
262144,Static,404,nominal,1,0,2,356,356,1.0
262144,Static,404,nominal,1,0,3,0,356,0.0
262144,Static,404,nominal,1,0,4,0,356,0.0
262144,Static,404,nominal,1,1,0,0,443,0.0
262144,Static,404,nominal,1,1,1,0,443,0.0
262144,Static,404,nominal,1,1,2,443,443,1.0
262144,Static,404,nominal,1,1,3,0,443,0.0
262144,Static,404,nominal,1,1,4,0,443,0.0
262144,Static,404,nominal,2,0,0,0,122,0.0
262144,Static,404,nominal,2,0,1,0,122,0.0
262144,Static,404,nominal,2,0,2,122,122,1.0
262144,Static,404,nominal,2,0,3,0,122,0.0
262144,Static,404,nominal,2,0,4,0,122,0.0
262144,Static,404,nominal,2,1,0,0,639,0.0
262144,Static,404,nominal,2,1,1,0,639,0.0
262144,Static,404,nominal,2,1,2,639,639,1.0
262144,Static,404,nominal,2,1,3,0,639,0.0
262144,Static,404,nominal,2,1,4,0,639,0.0
262144,Static,505,nominal,0,0,0,0,437,0.0
262144,Static,505,nominal,0,0,1,0,437,0.0
262144,Static,505,nominal,0,0,2,437,437,1.0
262144,Static,505,nominal,0,0,3,0,437,0.0
262144,Static,505,nominal,0,0,4,0,437,0.0
262144,Static,505,nominal,0,1,0,0,132,0.0
262144,Static,505,nominal,0,1,1,0,132,0.0
262144,Static,505,nominal,0,1,2,132,132,1.0
262144,Static,505,nominal,0,1,3,0,132,0.0
262144,Static,505,nominal,0,1,4,0,132,0.0
262144,Static,505,nominal,1,0,0,0,356,0.0
262144,Static,505,nominal,1,0,1,0,356,0.0
262144,Static,505,nominal,1,0,2,356,356,1.0
262144,Static,505,nominal,1,0,3,0,356,0.0
262144,Static,505,nominal,1,0,4,0,356,0.0
262144,Static,505,nominal,1,1,0,0,443,0.0
262144,Static,505,nominal,1,1,1,0,443,0.0
262144,Static,505,nominal,1,1,2,443,443,1.0
262144,Static,505,nominal,1,1,3,0,443,0.0
262144,Static,505,nominal,1,1,4,0,443,0.0
262144,Static,505,nominal,2,0,0,0,122,0.0
262144,Static,505,nominal,2,0,1,0,122,0.0
262144,Static,505,nominal,2,0,2,122,122,1.0
262144,Static,505,nominal,2,0,3,0,122,0.0
262144,Static,505,nominal,2,0,4,0,122,0.0
262144,Static,505,nominal,2,1,0,0,639,0.0
262144,Static,505,nominal,2,1,1,0,639,0.0
262144,Static,505,nominal,2,1,2,639,639,1.0
262144,Static,505,nominal,2,1,3,0,639,0.0
262144,Static,505,nominal,2,1,4,0,639,0.0
262144,AlwaysDecrease20,101,population_shift,0,0,0,8,8,1.0
262144,AlwaysDecrease20,101,population_shift,0,0,1,0,8,0.0
262144,AlwaysDecrease20,101,population_shift,0,0,2,0,8,0.0
262144,AlwaysDecrease20,101,population_shift,0,0,3,0,8,0.0
262144,AlwaysDecrease20,101,population_shift,0,0,4,0,8,0.0
262144,AlwaysDecrease20,101,population_shift,0,1,0,103,323,0.3188854489164087
262144,AlwaysDecrease20,101,population_shift,0,1,1,0,323,0.0
262144,AlwaysDecrease20,101,population_shift,0,1,2,220,323,0.6811145510835913
262144,AlwaysDecrease20,101,population_shift,0,1,3,0,323,0.0
262144,AlwaysDecrease20,101,population_shift,0,1,4,0,323,0.0
262144,AlwaysDecrease20,101,population_shift,0,2,0,14,24,0.5833333333333334
262144,AlwaysDecrease20,101,population_shift,0,2,1,0,24,0.0
262144,AlwaysDecrease20,101,population_shift,0,2,2,10,24,0.4166666666666667
262144,AlwaysDecrease20,101,population_shift,0,2,3,0,24,0.0
262144,AlwaysDecrease20,101,population_shift,0,2,4,0,24,0.0
262144,AlwaysDecrease20,101,population_shift,1,0,0,121,121,1.0
262144,AlwaysDecrease20,101,population_shift,1,0,1,0,121,0.0
262144,AlwaysDecrease20,101,population_shift,1,0,2,0,121,0.0
262144,AlwaysDecrease20,101,population_shift,1,0,3,0,121,0.0
262144,AlwaysDecrease20,101,population_shift,1,0,4,0,121,0.0
262144,AlwaysDecrease20,101,population_shift,1,1,0,216,323,0.6687306501547987
262144,AlwaysDecrease20,101,population_shift,1,1,1,0,323,0.0
262144,AlwaysDecrease20,101,population_shift,1,1,2,107,323,0.33126934984520123
262144,AlwaysDecrease20,101,population_shift,1,1,3,0,323,0.0
262144,AlwaysDecrease20,101,population_shift,1,1,4,0,323,0.0
262144,AlwaysDecrease20,101,population_shift,1,2,0,104,127,0.8188976377952756
262144,AlwaysDecrease20,101,population_shift,1,2,1,0,127,0.0
262144,AlwaysDecrease20,101,population_shift,1,2,2,23,127,0.18110236220472442
262144,AlwaysDecrease20,101,population_shift,1,2,3,0,127,0.0
262144,AlwaysDecrease20,101,population_shift,1,2,4,0,127,0.0
262144,AlwaysDecrease20,101,population_shift,2,0,0,61,61,1.0
262144,AlwaysDecrease20,101,population_shift,2,0,1,0,61,0.0
262144,AlwaysDecrease20,101,population_shift,2,0,2,0,61,0.0
262144,AlwaysDecrease20,101,population_shift,2,0,3,0,61,0.0
262144,AlwaysDecrease20,101,population_shift,2,0,4,0,61,0.0
262144,AlwaysDecrease20,101,population_shift,2,1,0,187,202,0.9257425742574258
262144,AlwaysDecrease20,101,population_shift,2,1,1,0,202,0.0
262144,AlwaysDecrease20,101,population_shift,2,1,2,15,202,0.07425742574257425
262144,AlwaysDecrease20,101,population_shift,2,1,3,0,202,0.0
262144,AlwaysDecrease20,101,population_shift,2,1,4,0,202,0.0
262144,AlwaysDecrease20,101,population_shift,2,2,0,254,268,0.9477611940298507
262144,AlwaysDecrease20,101,population_shift,2,2,1,0,268,0.0
262144,AlwaysDecrease20,101,population_shift,2,2,2,14,268,0.05223880597014925
262144,AlwaysDecrease20,101,population_shift,2,2,3,0,268,0.0
262144,AlwaysDecrease20,101,population_shift,2,2,4,0,268,0.0
262144,AlwaysDecrease20,202,population_shift,0,0,0,8,8,1.0
262144,AlwaysDecrease20,202,population_shift,0,0,1,0,8,0.0
262144,AlwaysDecrease20,202,population_shift,0,0,2,0,8,0.0
262144,AlwaysDecrease20,202,population_shift,0,0,3,0,8,0.0
262144,AlwaysDecrease20,202,population_shift,0,0,4,0,8,0.0
262144,AlwaysDecrease20,202,population_shift,0,1,0,103,323,0.3188854489164087
262144,AlwaysDecrease20,202,population_shift,0,1,1,0,323,0.0
262144,AlwaysDecrease20,202,population_shift,0,1,2,220,323,0.6811145510835913
262144,AlwaysDecrease20,202,population_shift,0,1,3,0,323,0.0
262144,AlwaysDecrease20,202,population_shift,0,1,4,0,323,0.0
262144,AlwaysDecrease20,202,population_shift,0,2,0,14,24,0.5833333333333334
262144,AlwaysDecrease20,202,population_shift,0,2,1,0,24,0.0
262144,AlwaysDecrease20,202,population_shift,0,2,2,10,24,0.4166666666666667
262144,AlwaysDecrease20,202,population_shift,0,2,3,0,24,0.0
262144,AlwaysDecrease20,202,population_shift,0,2,4,0,24,0.0
262144,AlwaysDecrease20,202,population_shift,1,0,0,121,121,1.0
262144,AlwaysDecrease20,202,population_shift,1,0,1,0,121,0.0
262144,AlwaysDecrease20,202,population_shift,1,0,2,0,121,0.0
262144,AlwaysDecrease20,202,population_shift,1,0,3,0,121,0.0
262144,AlwaysDecrease20,202,population_shift,1,0,4,0,121,0.0
262144,AlwaysDecrease20,202,population_shift,1,1,0,216,323,0.6687306501547987
262144,AlwaysDecrease20,202,population_shift,1,1,1,0,323,0.0
262144,AlwaysDecrease20,202,population_shift,1,1,2,107,323,0.33126934984520123
262144,AlwaysDecrease20,202,population_shift,1,1,3,0,323,0.0
262144,AlwaysDecrease20,202,population_shift,1,1,4,0,323,0.0
262144,AlwaysDecrease20,202,population_shift,1,2,0,104,127,0.8188976377952756
262144,AlwaysDecrease20,202,population_shift,1,2,1,0,127,0.0
262144,AlwaysDecrease20,202,population_shift,1,2,2,23,127,0.18110236220472442
262144,AlwaysDecrease20,202,population_shift,1,2,3,0,127,0.0
262144,AlwaysDecrease20,202,population_shift,1,2,4,0,127,0.0
262144,AlwaysDecrease20,202,population_shift,2,0,0,61,61,1.0
262144,AlwaysDecrease20,202,population_shift,2,0,1,0,61,0.0
262144,AlwaysDecrease20,202,population_shift,2,0,2,0,61,0.0
262144,AlwaysDecrease20,202,population_shift,2,0,3,0,61,0.0
262144,AlwaysDecrease20,202,population_shift,2,0,4,0,61,0.0
262144,AlwaysDecrease20,202,population_shift,2,1,0,187,202,0.9257425742574258
262144,AlwaysDecrease20,202,population_shift,2,1,1,0,202,0.0
262144,AlwaysDecrease20,202,population_shift,2,1,2,15,202,0.07425742574257425
262144,AlwaysDecrease20,202,population_shift,2,1,3,0,202,0.0
262144,AlwaysDecrease20,202,population_shift,2,1,4,0,202,0.0
262144,AlwaysDecrease20,202,population_shift,2,2,0,254,268,0.9477611940298507
262144,AlwaysDecrease20,202,population_shift,2,2,1,0,268,0.0
262144,AlwaysDecrease20,202,population_shift,2,2,2,14,268,0.05223880597014925
262144,AlwaysDecrease20,202,population_shift,2,2,3,0,268,0.0
262144,AlwaysDecrease20,202,population_shift,2,2,4,0,268,0.0
262144,AlwaysDecrease20,303,population_shift,0,0,0,8,8,1.0
262144,AlwaysDecrease20,303,population_shift,0,0,1,0,8,0.0
262144,AlwaysDecrease20,303,population_shift,0,0,2,0,8,0.0
262144,AlwaysDecrease20,303,population_shift,0,0,3,0,8,0.0
262144,AlwaysDecrease20,303,population_shift,0,0,4,0,8,0.0
262144,AlwaysDecrease20,303,population_shift,0,1,0,103,323,0.3188854489164087
262144,AlwaysDecrease20,303,population_shift,0,1,1,0,323,0.0
262144,AlwaysDecrease20,303,population_shift,0,1,2,220,323,0.6811145510835913
262144,AlwaysDecrease20,303,population_shift,0,1,3,0,323,0.0
262144,AlwaysDecrease20,303,population_shift,0,1,4,0,323,0.0
262144,AlwaysDecrease20,303,population_shift,0,2,0,14,24,0.5833333333333334
262144,AlwaysDecrease20,303,population_shift,0,2,1,0,24,0.0
262144,AlwaysDecrease20,303,population_shift,0,2,2,10,24,0.4166666666666667
262144,AlwaysDecrease20,303,population_shift,0,2,3,0,24,0.0
262144,AlwaysDecrease20,303,population_shift,0,2,4,0,24,0.0
262144,AlwaysDecrease20,303,population_shift,1,0,0,121,121,1.0
262144,AlwaysDecrease20,303,population_shift,1,0,1,0,121,0.0
262144,AlwaysDecrease20,303,population_shift,1,0,2,0,121,0.0
262144,AlwaysDecrease20,303,population_shift,1,0,3,0,121,0.0
262144,AlwaysDecrease20,303,population_shift,1,0,4,0,121,0.0
262144,AlwaysDecrease20,303,population_shift,1,1,0,216,323,0.6687306501547987
262144,AlwaysDecrease20,303,population_shift,1,1,1,0,323,0.0
262144,AlwaysDecrease20,303,population_shift,1,1,2,107,323,0.33126934984520123
262144,AlwaysDecrease20,303,population_shift,1,1,3,0,323,0.0
262144,AlwaysDecrease20,303,population_shift,1,1,4,0,323,0.0
262144,AlwaysDecrease20,303,population_shift,1,2,0,104,127,0.8188976377952756
262144,AlwaysDecrease20,303,population_shift,1,2,1,0,127,0.0
262144,AlwaysDecrease20,303,population_shift,1,2,2,23,127,0.18110236220472442
262144,AlwaysDecrease20,303,population_shift,1,2,3,0,127,0.0
262144,AlwaysDecrease20,303,population_shift,1,2,4,0,127,0.0
262144,AlwaysDecrease20,303,population_shift,2,0,0,61,61,1.0
262144,AlwaysDecrease20,303,population_shift,2,0,1,0,61,0.0
262144,AlwaysDecrease20,303,population_shift,2,0,2,0,61,0.0
262144,AlwaysDecrease20,303,population_shift,2,0,3,0,61,0.0
262144,AlwaysDecrease20,303,population_shift,2,0,4,0,61,0.0
262144,AlwaysDecrease20,303,population_shift,2,1,0,187,202,0.9257425742574258
262144,AlwaysDecrease20,303,population_shift,2,1,1,0,202,0.0
262144,AlwaysDecrease20,303,population_shift,2,1,2,15,202,0.07425742574257425
262144,AlwaysDecrease20,303,population_shift,2,1,3,0,202,0.0
262144,AlwaysDecrease20,303,population_shift,2,1,4,0,202,0.0
262144,AlwaysDecrease20,303,population_shift,2,2,0,254,268,0.9477611940298507
262144,AlwaysDecrease20,303,population_shift,2,2,1,0,268,0.0
262144,AlwaysDecrease20,303,population_shift,2,2,2,14,268,0.05223880597014925
262144,AlwaysDecrease20,303,population_shift,2,2,3,0,268,0.0
262144,AlwaysDecrease20,303,population_shift,2,2,4,0,268,0.0
262144,AlwaysDecrease20,404,population_shift,0,0,0,8,8,1.0
262144,AlwaysDecrease20,404,population_shift,0,0,1,0,8,0.0
262144,AlwaysDecrease20,404,population_shift,0,0,2,0,8,0.0
262144,AlwaysDecrease20,404,population_shift,0,0,3,0,8,0.0
262144,AlwaysDecrease20,404,population_shift,0,0,4,0,8,0.0
262144,AlwaysDecrease20,404,population_shift,0,1,0,103,323,0.3188854489164087
262144,AlwaysDecrease20,404,population_shift,0,1,1,0,323,0.0
262144,AlwaysDecrease20,404,population_shift,0,1,2,220,323,0.6811145510835913
262144,AlwaysDecrease20,404,population_shift,0,1,3,0,323,0.0
262144,AlwaysDecrease20,404,population_shift,0,1,4,0,323,0.0
262144,AlwaysDecrease20,404,population_shift,0,2,0,14,24,0.5833333333333334
262144,AlwaysDecrease20,404,population_shift,0,2,1,0,24,0.0
262144,AlwaysDecrease20,404,population_shift,0,2,2,10,24,0.4166666666666667
262144,AlwaysDecrease20,404,population_shift,0,2,3,0,24,0.0
262144,AlwaysDecrease20,404,population_shift,0,2,4,0,24,0.0
262144,AlwaysDecrease20,404,population_shift,1,0,0,121,121,1.0
262144,AlwaysDecrease20,404,population_shift,1,0,1,0,121,0.0
262144,AlwaysDecrease20,404,population_shift,1,0,2,0,121,0.0
262144,AlwaysDecrease20,404,population_shift,1,0,3,0,121,0.0
262144,AlwaysDecrease20,404,population_shift,1,0,4,0,121,0.0
262144,AlwaysDecrease20,404,population_shift,1,1,0,216,323,0.6687306501547987
262144,AlwaysDecrease20,404,population_shift,1,1,1,0,323,0.0
262144,AlwaysDecrease20,404,population_shift,1,1,2,107,323,0.33126934984520123
262144,AlwaysDecrease20,404,population_shift,1,1,3,0,323,0.0
262144,AlwaysDecrease20,404,population_shift,1,1,4,0,323,0.0
262144,AlwaysDecrease20,404,population_shift,1,2,0,104,127,0.8188976377952756
262144,AlwaysDecrease20,404,population_shift,1,2,1,0,127,0.0
262144,AlwaysDecrease20,404,population_shift,1,2,2,23,127,0.18110236220472442
262144,AlwaysDecrease20,404,population_shift,1,2,3,0,127,0.0
262144,AlwaysDecrease20,404,population_shift,1,2,4,0,127,0.0
262144,AlwaysDecrease20,404,population_shift,2,0,0,61,61,1.0
262144,AlwaysDecrease20,404,population_shift,2,0,1,0,61,0.0
262144,AlwaysDecrease20,404,population_shift,2,0,2,0,61,0.0
262144,AlwaysDecrease20,404,population_shift,2,0,3,0,61,0.0
262144,AlwaysDecrease20,404,population_shift,2,0,4,0,61,0.0
262144,AlwaysDecrease20,404,population_shift,2,1,0,187,202,0.9257425742574258
262144,AlwaysDecrease20,404,population_shift,2,1,1,0,202,0.0
262144,AlwaysDecrease20,404,population_shift,2,1,2,15,202,0.07425742574257425
262144,AlwaysDecrease20,404,population_shift,2,1,3,0,202,0.0
262144,AlwaysDecrease20,404,population_shift,2,1,4,0,202,0.0
262144,AlwaysDecrease20,404,population_shift,2,2,0,254,268,0.9477611940298507
262144,AlwaysDecrease20,404,population_shift,2,2,1,0,268,0.0
262144,AlwaysDecrease20,404,population_shift,2,2,2,14,268,0.05223880597014925
262144,AlwaysDecrease20,404,population_shift,2,2,3,0,268,0.0
262144,AlwaysDecrease20,404,population_shift,2,2,4,0,268,0.0
262144,AlwaysDecrease20,505,population_shift,0,0,0,8,8,1.0
262144,AlwaysDecrease20,505,population_shift,0,0,1,0,8,0.0
262144,AlwaysDecrease20,505,population_shift,0,0,2,0,8,0.0
262144,AlwaysDecrease20,505,population_shift,0,0,3,0,8,0.0
262144,AlwaysDecrease20,505,population_shift,0,0,4,0,8,0.0
262144,AlwaysDecrease20,505,population_shift,0,1,0,103,323,0.3188854489164087
262144,AlwaysDecrease20,505,population_shift,0,1,1,0,323,0.0
262144,AlwaysDecrease20,505,population_shift,0,1,2,220,323,0.6811145510835913
262144,AlwaysDecrease20,505,population_shift,0,1,3,0,323,0.0
262144,AlwaysDecrease20,505,population_shift,0,1,4,0,323,0.0
262144,AlwaysDecrease20,505,population_shift,0,2,0,14,24,0.5833333333333334
262144,AlwaysDecrease20,505,population_shift,0,2,1,0,24,0.0
262144,AlwaysDecrease20,505,population_shift,0,2,2,10,24,0.4166666666666667
262144,AlwaysDecrease20,505,population_shift,0,2,3,0,24,0.0
262144,AlwaysDecrease20,505,population_shift,0,2,4,0,24,0.0
262144,AlwaysDecrease20,505,population_shift,1,0,0,121,121,1.0
262144,AlwaysDecrease20,505,population_shift,1,0,1,0,121,0.0
262144,AlwaysDecrease20,505,population_shift,1,0,2,0,121,0.0
262144,AlwaysDecrease20,505,population_shift,1,0,3,0,121,0.0
262144,AlwaysDecrease20,505,population_shift,1,0,4,0,121,0.0
262144,AlwaysDecrease20,505,population_shift,1,1,0,216,323,0.6687306501547987
262144,AlwaysDecrease20,505,population_shift,1,1,1,0,323,0.0
262144,AlwaysDecrease20,505,population_shift,1,1,2,107,323,0.33126934984520123
262144,AlwaysDecrease20,505,population_shift,1,1,3,0,323,0.0
262144,AlwaysDecrease20,505,population_shift,1,1,4,0,323,0.0
262144,AlwaysDecrease20,505,population_shift,1,2,0,104,127,0.8188976377952756
262144,AlwaysDecrease20,505,population_shift,1,2,1,0,127,0.0
262144,AlwaysDecrease20,505,population_shift,1,2,2,23,127,0.18110236220472442
262144,AlwaysDecrease20,505,population_shift,1,2,3,0,127,0.0
262144,AlwaysDecrease20,505,population_shift,1,2,4,0,127,0.0
262144,AlwaysDecrease20,505,population_shift,2,0,0,61,61,1.0
262144,AlwaysDecrease20,505,population_shift,2,0,1,0,61,0.0
262144,AlwaysDecrease20,505,population_shift,2,0,2,0,61,0.0
262144,AlwaysDecrease20,505,population_shift,2,0,3,0,61,0.0
262144,AlwaysDecrease20,505,population_shift,2,0,4,0,61,0.0
262144,AlwaysDecrease20,505,population_shift,2,1,0,187,202,0.9257425742574258
262144,AlwaysDecrease20,505,population_shift,2,1,1,0,202,0.0
262144,AlwaysDecrease20,505,population_shift,2,1,2,15,202,0.07425742574257425
262144,AlwaysDecrease20,505,population_shift,2,1,3,0,202,0.0
262144,AlwaysDecrease20,505,population_shift,2,1,4,0,202,0.0
262144,AlwaysDecrease20,505,population_shift,2,2,0,254,268,0.9477611940298507
262144,AlwaysDecrease20,505,population_shift,2,2,1,0,268,0.0
262144,AlwaysDecrease20,505,population_shift,2,2,2,14,268,0.05223880597014925
262144,AlwaysDecrease20,505,population_shift,2,2,3,0,268,0.0
262144,AlwaysDecrease20,505,population_shift,2,2,4,0,268,0.0
262144,BCInitPPO,101,population_shift,0,0,0,8,37,0.21621621621621623
262144,BCInitPPO,101,population_shift,0,0,1,0,37,0.0
262144,BCInitPPO,101,population_shift,0,0,2,0,37,0.0
262144,BCInitPPO,101,population_shift,0,0,3,27,37,0.7297297297297297
262144,BCInitPPO,101,population_shift,0,0,4,2,37,0.05405405405405406
262144,BCInitPPO,101,population_shift,0,1,0,35,339,0.10324483775811209
262144,BCInitPPO,101,population_shift,0,1,1,138,339,0.40707964601769914
262144,BCInitPPO,101,population_shift,0,1,2,10,339,0.029498525073746312
262144,BCInitPPO,101,population_shift,0,1,3,156,339,0.46017699115044247
262144,BCInitPPO,101,population_shift,0,1,4,0,339,0.0
262144,BCInitPPO,101,population_shift,0,2,0,1,10,0.1
262144,BCInitPPO,101,population_shift,0,2,1,8,10,0.8
262144,BCInitPPO,101,population_shift,0,2,2,1,10,0.1
262144,BCInitPPO,101,population_shift,0,2,3,0,10,0.0
262144,BCInitPPO,101,population_shift,0,2,4,0,10,0.0
262144,BCInitPPO,101,population_shift,1,0,0,120,121,0.9917355371900827
262144,BCInitPPO,101,population_shift,1,0,1,1,121,0.008264462809917356
262144,BCInitPPO,101,population_shift,1,0,2,0,121,0.0
262144,BCInitPPO,101,population_shift,1,0,3,0,121,0.0
262144,BCInitPPO,101,population_shift,1,0,4,0,121,0.0
262144,BCInitPPO,101,population_shift,1,1,0,350,426,0.8215962441314554
262144,BCInitPPO,101,population_shift,1,1,1,52,426,0.12206572769953052
262144,BCInitPPO,101,population_shift,1,1,2,9,426,0.02112676056338028
262144,BCInitPPO,101,population_shift,1,1,3,13,426,0.03051643192488263
262144,BCInitPPO,101,population_shift,1,1,4,2,426,0.004694835680751174
262144,BCInitPPO,101,population_shift,1,2,0,63,189,0.3333333333333333
262144,BCInitPPO,101,population_shift,1,2,1,93,189,0.49206349206349204
262144,BCInitPPO,101,population_shift,1,2,2,23,189,0.12169312169312169
262144,BCInitPPO,101,population_shift,1,2,3,10,189,0.05291005291005291
262144,BCInitPPO,101,population_shift,1,2,4,0,189,0.0
262144,BCInitPPO,101,population_shift,2,0,0,60,61,0.9836065573770492
262144,BCInitPPO,101,population_shift,2,0,1,1,61,0.01639344262295082
262144,BCInitPPO,101,population_shift,2,0,2,0,61,0.0
262144,BCInitPPO,101,population_shift,2,0,3,0,61,0.0
262144,BCInitPPO,101,population_shift,2,0,4,0,61,0.0
262144,BCInitPPO,101,population_shift,2,1,0,210,220,0.9545454545454546
262144,BCInitPPO,101,population_shift,2,1,1,5,220,0.022727272727272728
262144,BCInitPPO,101,population_shift,2,1,2,4,220,0.01818181818181818
262144,BCInitPPO,101,population_shift,2,1,3,0,220,0.0
262144,BCInitPPO,101,population_shift,2,1,4,1,220,0.004545454545454545
262144,BCInitPPO,101,population_shift,2,2,0,93,296,0.3141891891891892
262144,BCInitPPO,101,population_shift,2,2,1,76,296,0.25675675675675674
262144,BCInitPPO,101,population_shift,2,2,2,62,296,0.20945945945945946
262144,BCInitPPO,101,population_shift,2,2,3,65,296,0.2195945945945946
262144,BCInitPPO,101,population_shift,2,2,4,0,296,0.0
262144,BCInitPPO,202,population_shift,0,0,0,8,39,0.20512820512820512
262144,BCInitPPO,202,population_shift,0,0,1,0,39,0.0
262144,BCInitPPO,202,population_shift,0,0,2,0,39,0.0
262144,BCInitPPO,202,population_shift,0,0,3,0,39,0.0
262144,BCInitPPO,202,population_shift,0,0,4,31,39,0.7948717948717948
262144,BCInitPPO,202,population_shift,0,1,0,163,331,0.49244712990936557
262144,BCInitPPO,202,population_shift,0,1,1,46,331,0.13897280966767372
262144,BCInitPPO,202,population_shift,0,1,2,0,331,0.0
262144,BCInitPPO,202,population_shift,0,1,3,11,331,0.03323262839879154
262144,BCInitPPO,202,population_shift,0,1,4,111,331,0.33534743202416917
262144,BCInitPPO,202,population_shift,0,2,0,13,18,0.7222222222222222
262144,BCInitPPO,202,population_shift,0,2,1,3,18,0.16666666666666666
262144,BCInitPPO,202,population_shift,0,2,2,1,18,0.05555555555555555
262144,BCInitPPO,202,population_shift,0,2,3,0,18,0.0
262144,BCInitPPO,202,population_shift,0,2,4,1,18,0.05555555555555555
262144,BCInitPPO,202,population_shift,1,0,0,118,121,0.9752066115702479
262144,BCInitPPO,202,population_shift,1,0,1,3,121,0.024793388429752067
262144,BCInitPPO,202,population_shift,1,0,2,0,121,0.0
262144,BCInitPPO,202,population_shift,1,0,3,0,121,0.0
262144,BCInitPPO,202,population_shift,1,0,4,0,121,0.0
262144,BCInitPPO,202,population_shift,1,1,0,348,399,0.8721804511278195
262144,BCInitPPO,202,population_shift,1,1,1,17,399,0.042606516290726815
262144,BCInitPPO,202,population_shift,1,1,2,15,399,0.03759398496240601
262144,BCInitPPO,202,population_shift,1,1,3,5,399,0.012531328320802004
262144,BCInitPPO,202,population_shift,1,1,4,14,399,0.03508771929824561
262144,BCInitPPO,202,population_shift,1,2,0,106,204,0.5196078431372549
262144,BCInitPPO,202,population_shift,1,2,1,66,204,0.3235294117647059
262144,BCInitPPO,202,population_shift,1,2,2,7,204,0.03431372549019608
262144,BCInitPPO,202,population_shift,1,2,3,20,204,0.09803921568627451
262144,BCInitPPO,202,population_shift,1,2,4,5,204,0.024509803921568627
262144,BCInitPPO,202,population_shift,2,0,0,61,61,1.0
262144,BCInitPPO,202,population_shift,2,0,1,0,61,0.0
262144,BCInitPPO,202,population_shift,2,0,2,0,61,0.0
262144,BCInitPPO,202,population_shift,2,0,3,0,61,0.0
262144,BCInitPPO,202,population_shift,2,0,4,0,61,0.0
262144,BCInitPPO,202,population_shift,2,1,0,212,224,0.9464285714285714
262144,BCInitPPO,202,population_shift,2,1,1,10,224,0.044642857142857144
262144,BCInitPPO,202,population_shift,2,1,2,2,224,0.008928571428571428
262144,BCInitPPO,202,population_shift,2,1,3,0,224,0.0
262144,BCInitPPO,202,population_shift,2,1,4,0,224,0.0
262144,BCInitPPO,202,population_shift,2,2,0,119,286,0.4160839160839161
262144,BCInitPPO,202,population_shift,2,2,1,62,286,0.21678321678321677
262144,BCInitPPO,202,population_shift,2,2,2,18,286,0.06293706293706294
262144,BCInitPPO,202,population_shift,2,2,3,83,286,0.2902097902097902
262144,BCInitPPO,202,population_shift,2,2,4,4,286,0.013986013986013986
262144,BCInitPPO,303,population_shift,0,0,0,8,43,0.18604651162790697
262144,BCInitPPO,303,population_shift,0,0,1,0,43,0.0
262144,BCInitPPO,303,population_shift,0,0,2,10,43,0.23255813953488372
262144,BCInitPPO,303,population_shift,0,0,3,23,43,0.5348837209302325
262144,BCInitPPO,303,population_shift,0,0,4,2,43,0.046511627906976744
262144,BCInitPPO,303,population_shift,0,1,0,102,343,0.29737609329446063
262144,BCInitPPO,303,population_shift,0,1,1,122,343,0.3556851311953353
262144,BCInitPPO,303,population_shift,0,1,2,59,343,0.17201166180758018
262144,BCInitPPO,303,population_shift,0,1,3,52,343,0.15160349854227406
262144,BCInitPPO,303,population_shift,0,1,4,8,343,0.023323615160349854
262144,BCInitPPO,303,population_shift,0,2,0,7,10,0.7
262144,BCInitPPO,303,population_shift,0,2,1,1,10,0.1
262144,BCInitPPO,303,population_shift,0,2,2,2,10,0.2
262144,BCInitPPO,303,population_shift,0,2,3,0,10,0.0
262144,BCInitPPO,303,population_shift,0,2,4,0,10,0.0
262144,BCInitPPO,303,population_shift,1,0,0,120,121,0.9917355371900827
262144,BCInitPPO,303,population_shift,1,0,1,1,121,0.008264462809917356
262144,BCInitPPO,303,population_shift,1,0,2,0,121,0.0
262144,BCInitPPO,303,population_shift,1,0,3,0,121,0.0
262144,BCInitPPO,303,population_shift,1,0,4,0,121,0.0
262144,BCInitPPO,303,population_shift,1,1,0,373,447,0.8344519015659956
262144,BCInitPPO,303,population_shift,1,1,1,69,447,0.15436241610738255
262144,BCInitPPO,303,population_shift,1,1,2,5,447,0.011185682326621925
262144,BCInitPPO,303,population_shift,1,1,3,0,447,0.0
262144,BCInitPPO,303,population_shift,1,1,4,0,447,0.0
262144,BCInitPPO,303,population_shift,1,2,0,77,180,0.42777777777777776
262144,BCInitPPO,303,population_shift,1,2,1,66,180,0.36666666666666664
262144,BCInitPPO,303,population_shift,1,2,2,21,180,0.11666666666666667
262144,BCInitPPO,303,population_shift,1,2,3,1,180,0.005555555555555556
262144,BCInitPPO,303,population_shift,1,2,4,15,180,0.08333333333333333
262144,BCInitPPO,303,population_shift,2,0,0,61,61,1.0
262144,BCInitPPO,303,population_shift,2,0,1,0,61,0.0
262144,BCInitPPO,303,population_shift,2,0,2,0,61,0.0
262144,BCInitPPO,303,population_shift,2,0,3,0,61,0.0
262144,BCInitPPO,303,population_shift,2,0,4,0,61,0.0
262144,BCInitPPO,303,population_shift,2,1,0,198,241,0.8215767634854771
262144,BCInitPPO,303,population_shift,2,1,1,40,241,0.16597510373443983
262144,BCInitPPO,303,population_shift,2,1,2,2,241,0.008298755186721992
262144,BCInitPPO,303,population_shift,2,1,3,0,241,0.0
262144,BCInitPPO,303,population_shift,2,1,4,1,241,0.004149377593360996
262144,BCInitPPO,303,population_shift,2,2,0,80,284,0.28169014084507044
262144,BCInitPPO,303,population_shift,2,2,1,98,284,0.34507042253521125
262144,BCInitPPO,303,population_shift,2,2,2,58,284,0.20422535211267606
262144,BCInitPPO,303,population_shift,2,2,3,0,284,0.0
262144,BCInitPPO,303,population_shift,2,2,4,48,284,0.16901408450704225
262144,BCInitPPO,404,population_shift,0,0,0,9,67,0.13432835820895522
262144,BCInitPPO,404,population_shift,0,0,1,0,67,0.0
262144,BCInitPPO,404,population_shift,0,0,2,14,67,0.208955223880597
262144,BCInitPPO,404,population_shift,0,0,3,19,67,0.2835820895522388
262144,BCInitPPO,404,population_shift,0,0,4,25,67,0.373134328358209
262144,BCInitPPO,404,population_shift,0,1,0,89,300,0.2966666666666667
262144,BCInitPPO,404,population_shift,0,1,1,59,300,0.19666666666666666
262144,BCInitPPO,404,population_shift,0,1,2,10,300,0.03333333333333333
262144,BCInitPPO,404,population_shift,0,1,3,7,300,0.023333333333333334
262144,BCInitPPO,404,population_shift,0,1,4,135,300,0.45
262144,BCInitPPO,404,population_shift,0,2,0,1,7,0.14285714285714285
262144,BCInitPPO,404,population_shift,0,2,1,6,7,0.8571428571428571
262144,BCInitPPO,404,population_shift,0,2,2,0,7,0.0
262144,BCInitPPO,404,population_shift,0,2,3,0,7,0.0
262144,BCInitPPO,404,population_shift,0,2,4,0,7,0.0
262144,BCInitPPO,404,population_shift,1,0,0,122,128,0.953125
262144,BCInitPPO,404,population_shift,1,0,1,1,128,0.0078125
262144,BCInitPPO,404,population_shift,1,0,2,3,128,0.0234375
262144,BCInitPPO,404,population_shift,1,0,3,0,128,0.0
262144,BCInitPPO,404,population_shift,1,0,4,2,128,0.015625
262144,BCInitPPO,404,population_shift,1,1,0,287,441,0.6507936507936508
262144,BCInitPPO,404,population_shift,1,1,1,73,441,0.1655328798185941
262144,BCInitPPO,404,population_shift,1,1,2,74,441,0.16780045351473924
262144,BCInitPPO,404,population_shift,1,1,3,0,441,0.0
262144,BCInitPPO,404,population_shift,1,1,4,7,441,0.015873015873015872
262144,BCInitPPO,404,population_shift,1,2,0,84,192,0.4375
262144,BCInitPPO,404,population_shift,1,2,1,72,192,0.375
262144,BCInitPPO,404,population_shift,1,2,2,21,192,0.109375
262144,BCInitPPO,404,population_shift,1,2,3,7,192,0.036458333333333336
262144,BCInitPPO,404,population_shift,1,2,4,8,192,0.041666666666666664
262144,BCInitPPO,404,population_shift,2,0,0,61,61,1.0
262144,BCInitPPO,404,population_shift,2,0,1,0,61,0.0
262144,BCInitPPO,404,population_shift,2,0,2,0,61,0.0
262144,BCInitPPO,404,population_shift,2,0,3,0,61,0.0
262144,BCInitPPO,404,population_shift,2,0,4,0,61,0.0
262144,BCInitPPO,404,population_shift,2,1,0,203,229,0.8864628820960698
262144,BCInitPPO,404,population_shift,2,1,1,8,229,0.034934497816593885
262144,BCInitPPO,404,population_shift,2,1,2,9,229,0.039301310043668124
262144,BCInitPPO,404,population_shift,2,1,3,8,229,0.034934497816593885
262144,BCInitPPO,404,population_shift,2,1,4,1,229,0.004366812227074236
262144,BCInitPPO,404,population_shift,2,2,0,100,299,0.33444816053511706
262144,BCInitPPO,404,population_shift,2,2,1,80,299,0.26755852842809363
262144,BCInitPPO,404,population_shift,2,2,2,21,299,0.07023411371237458
262144,BCInitPPO,404,population_shift,2,2,3,48,299,0.1605351170568562
262144,BCInitPPO,404,population_shift,2,2,4,50,299,0.16722408026755853
262144,BCInitPPO,505,population_shift,0,0,0,8,78,0.10256410256410256
262144,BCInitPPO,505,population_shift,0,0,1,0,78,0.0
262144,BCInitPPO,505,population_shift,0,0,2,18,78,0.23076923076923078
262144,BCInitPPO,505,population_shift,0,0,3,1,78,0.01282051282051282
262144,BCInitPPO,505,population_shift,0,0,4,51,78,0.6538461538461539
262144,BCInitPPO,505,population_shift,0,1,0,134,312,0.42948717948717946
262144,BCInitPPO,505,population_shift,0,1,1,5,312,0.016025641025641024
262144,BCInitPPO,505,population_shift,0,1,2,133,312,0.42628205128205127
262144,BCInitPPO,505,population_shift,0,1,3,6,312,0.019230769230769232
262144,BCInitPPO,505,population_shift,0,1,4,34,312,0.10897435897435898
262144,BCInitPPO,505,population_shift,0,2,0,2,3,0.6666666666666666
262144,BCInitPPO,505,population_shift,0,2,1,0,3,0.0
262144,BCInitPPO,505,population_shift,0,2,2,1,3,0.3333333333333333
262144,BCInitPPO,505,population_shift,0,2,3,0,3,0.0
262144,BCInitPPO,505,population_shift,0,2,4,0,3,0.0
262144,BCInitPPO,505,population_shift,1,0,0,121,122,0.9918032786885246
262144,BCInitPPO,505,population_shift,1,0,1,0,122,0.0
262144,BCInitPPO,505,population_shift,1,0,2,1,122,0.00819672131147541
262144,BCInitPPO,505,population_shift,1,0,3,0,122,0.0
262144,BCInitPPO,505,population_shift,1,0,4,0,122,0.0
262144,BCInitPPO,505,population_shift,1,1,0,346,407,0.8501228501228502
262144,BCInitPPO,505,population_shift,1,1,1,2,407,0.004914004914004914
262144,BCInitPPO,505,population_shift,1,1,2,45,407,0.11056511056511056
262144,BCInitPPO,505,population_shift,1,1,3,0,407,0.0
262144,BCInitPPO,505,population_shift,1,1,4,14,407,0.0343980343980344
262144,BCInitPPO,505,population_shift,1,2,0,123,192,0.640625
262144,BCInitPPO,505,population_shift,1,2,1,44,192,0.22916666666666666
262144,BCInitPPO,505,population_shift,1,2,2,4,192,0.020833333333333332
262144,BCInitPPO,505,population_shift,1,2,3,0,192,0.0
262144,BCInitPPO,505,population_shift,1,2,4,21,192,0.109375
262144,BCInitPPO,505,population_shift,2,0,0,61,61,1.0
262144,BCInitPPO,505,population_shift,2,0,1,0,61,0.0
262144,BCInitPPO,505,population_shift,2,0,2,0,61,0.0
262144,BCInitPPO,505,population_shift,2,0,3,0,61,0.0
262144,BCInitPPO,505,population_shift,2,0,4,0,61,0.0
262144,BCInitPPO,505,population_shift,2,1,0,198,222,0.8918918918918919
262144,BCInitPPO,505,population_shift,2,1,1,1,222,0.0045045045045045045
262144,BCInitPPO,505,population_shift,2,1,2,16,222,0.07207207207207207
262144,BCInitPPO,505,population_shift,2,1,3,0,222,0.0
262144,BCInitPPO,505,population_shift,2,1,4,7,222,0.03153153153153153
262144,BCInitPPO,505,population_shift,2,2,0,116,307,0.3778501628664495
262144,BCInitPPO,505,population_shift,2,2,1,55,307,0.1791530944625407
262144,BCInitPPO,505,population_shift,2,2,2,84,307,0.2736156351791531
262144,BCInitPPO,505,population_shift,2,2,3,0,307,0.0
262144,BCInitPPO,505,population_shift,2,2,4,52,307,0.16938110749185667
262144,BCRegularizedPPO,101,population_shift,0,0,0,8,29,0.27586206896551724
262144,BCRegularizedPPO,101,population_shift,0,0,1,0,29,0.0
262144,BCRegularizedPPO,101,population_shift,0,0,2,0,29,0.0
262144,BCRegularizedPPO,101,population_shift,0,0,3,0,29,0.0
262144,BCRegularizedPPO,101,population_shift,0,0,4,21,29,0.7241379310344828
262144,BCRegularizedPPO,101,population_shift,0,1,0,115,343,0.33527696793002915
262144,BCRegularizedPPO,101,population_shift,0,1,1,85,343,0.2478134110787172
262144,BCRegularizedPPO,101,population_shift,0,1,2,8,343,0.023323615160349854
262144,BCRegularizedPPO,101,population_shift,0,1,3,0,343,0.0
262144,BCRegularizedPPO,101,population_shift,0,1,4,135,343,0.3935860058309038
262144,BCRegularizedPPO,101,population_shift,0,2,0,3,9,0.3333333333333333
262144,BCRegularizedPPO,101,population_shift,0,2,1,3,9,0.3333333333333333
262144,BCRegularizedPPO,101,population_shift,0,2,2,1,9,0.1111111111111111
262144,BCRegularizedPPO,101,population_shift,0,2,3,2,9,0.2222222222222222
262144,BCRegularizedPPO,101,population_shift,0,2,4,0,9,0.0
262144,BCRegularizedPPO,101,population_shift,1,0,0,121,121,1.0
262144,BCRegularizedPPO,101,population_shift,1,0,1,0,121,0.0
262144,BCRegularizedPPO,101,population_shift,1,0,2,0,121,0.0
262144,BCRegularizedPPO,101,population_shift,1,0,3,0,121,0.0
262144,BCRegularizedPPO,101,population_shift,1,0,4,0,121,0.0
262144,BCRegularizedPPO,101,population_shift,1,1,0,362,438,0.8264840182648402
262144,BCRegularizedPPO,101,population_shift,1,1,1,27,438,0.06164383561643835
262144,BCRegularizedPPO,101,population_shift,1,1,2,34,438,0.0776255707762557
262144,BCRegularizedPPO,101,population_shift,1,1,3,1,438,0.00228310502283105
262144,BCRegularizedPPO,101,population_shift,1,1,4,14,438,0.0319634703196347
262144,BCRegularizedPPO,101,population_shift,1,2,0,83,186,0.44623655913978494
262144,BCRegularizedPPO,101,population_shift,1,2,1,47,186,0.25268817204301075
262144,BCRegularizedPPO,101,population_shift,1,2,2,37,186,0.1989247311827957
262144,BCRegularizedPPO,101,population_shift,1,2,3,19,186,0.10215053763440861
262144,BCRegularizedPPO,101,population_shift,1,2,4,0,186,0.0
262144,BCRegularizedPPO,101,population_shift,2,0,0,61,61,1.0
262144,BCRegularizedPPO,101,population_shift,2,0,1,0,61,0.0
262144,BCRegularizedPPO,101,population_shift,2,0,2,0,61,0.0
262144,BCRegularizedPPO,101,population_shift,2,0,3,0,61,0.0
262144,BCRegularizedPPO,101,population_shift,2,0,4,0,61,0.0
262144,BCRegularizedPPO,101,population_shift,2,1,0,199,228,0.8728070175438597
262144,BCRegularizedPPO,101,population_shift,2,1,1,8,228,0.03508771929824561
262144,BCRegularizedPPO,101,population_shift,2,1,2,21,228,0.09210526315789473
262144,BCRegularizedPPO,101,population_shift,2,1,3,0,228,0.0
262144,BCRegularizedPPO,101,population_shift,2,1,4,0,228,0.0
262144,BCRegularizedPPO,101,population_shift,2,2,0,96,291,0.32989690721649484
262144,BCRegularizedPPO,101,population_shift,2,2,1,53,291,0.18213058419243985
262144,BCRegularizedPPO,101,population_shift,2,2,2,66,291,0.2268041237113402
262144,BCRegularizedPPO,101,population_shift,2,2,3,76,291,0.2611683848797251
262144,BCRegularizedPPO,101,population_shift,2,2,4,0,291,0.0
262144,BCRegularizedPPO,202,population_shift,0,0,0,10,74,0.13513513513513514
262144,BCRegularizedPPO,202,population_shift,0,0,1,2,74,0.02702702702702703
262144,BCRegularizedPPO,202,population_shift,0,0,2,3,74,0.04054054054054054
262144,BCRegularizedPPO,202,population_shift,0,0,3,11,74,0.14864864864864866
262144,BCRegularizedPPO,202,population_shift,0,0,4,48,74,0.6486486486486487
262144,BCRegularizedPPO,202,population_shift,0,1,0,212,308,0.6883116883116883
262144,BCRegularizedPPO,202,population_shift,0,1,1,33,308,0.10714285714285714
262144,BCRegularizedPPO,202,population_shift,0,1,2,5,308,0.016233766233766232
262144,BCRegularizedPPO,202,population_shift,0,1,3,1,308,0.003246753246753247
262144,BCRegularizedPPO,202,population_shift,0,1,4,57,308,0.18506493506493507
262144,BCRegularizedPPO,202,population_shift,0,2,0,7,15,0.4666666666666667
262144,BCRegularizedPPO,202,population_shift,0,2,1,7,15,0.4666666666666667
262144,BCRegularizedPPO,202,population_shift,0,2,2,0,15,0.0
262144,BCRegularizedPPO,202,population_shift,0,2,3,0,15,0.0
262144,BCRegularizedPPO,202,population_shift,0,2,4,1,15,0.06666666666666667
262144,BCRegularizedPPO,202,population_shift,1,0,0,114,123,0.926829268292683
262144,BCRegularizedPPO,202,population_shift,1,0,1,6,123,0.04878048780487805
262144,BCRegularizedPPO,202,population_shift,1,0,2,0,123,0.0
262144,BCRegularizedPPO,202,population_shift,1,0,3,1,123,0.008130081300813009
262144,BCRegularizedPPO,202,population_shift,1,0,4,2,123,0.016260162601626018
262144,BCRegularizedPPO,202,population_shift,1,1,0,399,433,0.9214780600461894
262144,BCRegularizedPPO,202,population_shift,1,1,1,18,433,0.04157043879907621
262144,BCRegularizedPPO,202,population_shift,1,1,2,12,433,0.02771362586605081
262144,BCRegularizedPPO,202,population_shift,1,1,3,0,433,0.0
262144,BCRegularizedPPO,202,population_shift,1,1,4,4,433,0.009237875288683603
262144,BCRegularizedPPO,202,population_shift,1,2,0,84,197,0.4263959390862944
262144,BCRegularizedPPO,202,population_shift,1,2,1,79,197,0.4010152284263959
262144,BCRegularizedPPO,202,population_shift,1,2,2,21,197,0.1065989847715736
262144,BCRegularizedPPO,202,population_shift,1,2,3,6,197,0.030456852791878174
262144,BCRegularizedPPO,202,population_shift,1,2,4,7,197,0.03553299492385787
262144,BCRegularizedPPO,202,population_shift,2,0,0,60,61,0.9836065573770492
262144,BCRegularizedPPO,202,population_shift,2,0,1,1,61,0.01639344262295082
262144,BCRegularizedPPO,202,population_shift,2,0,2,0,61,0.0
262144,BCRegularizedPPO,202,population_shift,2,0,3,0,61,0.0
262144,BCRegularizedPPO,202,population_shift,2,0,4,0,61,0.0
262144,BCRegularizedPPO,202,population_shift,2,1,0,207,242,0.8553719008264463
262144,BCRegularizedPPO,202,population_shift,2,1,1,11,242,0.045454545454545456
262144,BCRegularizedPPO,202,population_shift,2,1,2,24,242,0.09917355371900827
262144,BCRegularizedPPO,202,population_shift,2,1,3,0,242,0.0
262144,BCRegularizedPPO,202,population_shift,2,1,4,0,242,0.0
262144,BCRegularizedPPO,202,population_shift,2,2,0,74,278,0.26618705035971224
262144,BCRegularizedPPO,202,population_shift,2,2,1,107,278,0.38489208633093525
262144,BCRegularizedPPO,202,population_shift,2,2,2,25,278,0.08992805755395683
262144,BCRegularizedPPO,202,population_shift,2,2,3,71,278,0.25539568345323743
262144,BCRegularizedPPO,202,population_shift,2,2,4,1,278,0.0035971223021582736
262144,BCRegularizedPPO,303,population_shift,0,0,0,8,24,0.3333333333333333
262144,BCRegularizedPPO,303,population_shift,0,0,1,0,24,0.0
262144,BCRegularizedPPO,303,population_shift,0,0,2,0,24,0.0
262144,BCRegularizedPPO,303,population_shift,0,0,3,11,24,0.4583333333333333
262144,BCRegularizedPPO,303,population_shift,0,0,4,5,24,0.20833333333333334
262144,BCRegularizedPPO,303,population_shift,0,1,0,124,348,0.3563218390804598
262144,BCRegularizedPPO,303,population_shift,0,1,1,80,348,0.22988505747126436
262144,BCRegularizedPPO,303,population_shift,0,1,2,14,348,0.040229885057471264
262144,BCRegularizedPPO,303,population_shift,0,1,3,13,348,0.03735632183908046
262144,BCRegularizedPPO,303,population_shift,0,1,4,117,348,0.33620689655172414
262144,BCRegularizedPPO,303,population_shift,0,2,0,6,12,0.5
262144,BCRegularizedPPO,303,population_shift,0,2,1,1,12,0.08333333333333333
262144,BCRegularizedPPO,303,population_shift,0,2,2,3,12,0.25
262144,BCRegularizedPPO,303,population_shift,0,2,3,0,12,0.0
262144,BCRegularizedPPO,303,population_shift,0,2,4,2,12,0.16666666666666666
262144,BCRegularizedPPO,303,population_shift,1,0,0,121,121,1.0
262144,BCRegularizedPPO,303,population_shift,1,0,1,0,121,0.0
262144,BCRegularizedPPO,303,population_shift,1,0,2,0,121,0.0
262144,BCRegularizedPPO,303,population_shift,1,0,3,0,121,0.0
262144,BCRegularizedPPO,303,population_shift,1,0,4,0,121,0.0
262144,BCRegularizedPPO,303,population_shift,1,1,0,357,427,0.8360655737704918
262144,BCRegularizedPPO,303,population_shift,1,1,1,4,427,0.00936768149882904
262144,BCRegularizedPPO,303,population_shift,1,1,2,50,427,0.117096018735363
262144,BCRegularizedPPO,303,population_shift,1,1,3,2,427,0.00468384074941452
262144,BCRegularizedPPO,303,population_shift,1,1,4,14,427,0.03278688524590164
262144,BCRegularizedPPO,303,population_shift,1,2,0,110,182,0.6043956043956044
262144,BCRegularizedPPO,303,population_shift,1,2,1,16,182,0.08791208791208792
262144,BCRegularizedPPO,303,population_shift,1,2,2,30,182,0.16483516483516483
262144,BCRegularizedPPO,303,population_shift,1,2,3,18,182,0.0989010989010989
262144,BCRegularizedPPO,303,population_shift,1,2,4,8,182,0.04395604395604396
262144,BCRegularizedPPO,303,population_shift,2,0,0,61,61,1.0
262144,BCRegularizedPPO,303,population_shift,2,0,1,0,61,0.0
262144,BCRegularizedPPO,303,population_shift,2,0,2,0,61,0.0
262144,BCRegularizedPPO,303,population_shift,2,0,3,0,61,0.0
262144,BCRegularizedPPO,303,population_shift,2,0,4,0,61,0.0
262144,BCRegularizedPPO,303,population_shift,2,1,0,201,227,0.8854625550660793
262144,BCRegularizedPPO,303,population_shift,2,1,1,3,227,0.013215859030837005
262144,BCRegularizedPPO,303,population_shift,2,1,2,12,227,0.05286343612334802
262144,BCRegularizedPPO,303,population_shift,2,1,3,5,227,0.022026431718061675
262144,BCRegularizedPPO,303,population_shift,2,1,4,6,227,0.02643171806167401
262144,BCRegularizedPPO,303,population_shift,2,2,0,148,267,0.5543071161048689
262144,BCRegularizedPPO,303,population_shift,2,2,1,16,267,0.0599250936329588
262144,BCRegularizedPPO,303,population_shift,2,2,2,18,267,0.06741573033707865
262144,BCRegularizedPPO,303,population_shift,2,2,3,76,267,0.2846441947565543
262144,BCRegularizedPPO,303,population_shift,2,2,4,9,267,0.033707865168539325
262144,BCRegularizedPPO,404,population_shift,0,0,0,8,39,0.20512820512820512
262144,BCRegularizedPPO,404,population_shift,0,0,1,0,39,0.0
262144,BCRegularizedPPO,404,population_shift,0,0,2,3,39,0.07692307692307693
262144,BCRegularizedPPO,404,population_shift,0,0,3,5,39,0.1282051282051282
262144,BCRegularizedPPO,404,population_shift,0,0,4,23,39,0.5897435897435898
262144,BCRegularizedPPO,404,population_shift,0,1,0,113,342,0.3304093567251462
262144,BCRegularizedPPO,404,population_shift,0,1,1,104,342,0.30409356725146197
262144,BCRegularizedPPO,404,population_shift,0,1,2,35,342,0.1023391812865497
262144,BCRegularizedPPO,404,population_shift,0,1,3,31,342,0.09064327485380116
262144,BCRegularizedPPO,404,population_shift,0,1,4,59,342,0.17251461988304093
262144,BCRegularizedPPO,404,population_shift,0,2,0,1,6,0.16666666666666666
262144,BCRegularizedPPO,404,population_shift,0,2,1,4,6,0.6666666666666666
262144,BCRegularizedPPO,404,population_shift,0,2,2,0,6,0.0
262144,BCRegularizedPPO,404,population_shift,0,2,3,0,6,0.0
262144,BCRegularizedPPO,404,population_shift,0,2,4,1,6,0.16666666666666666
262144,BCRegularizedPPO,404,population_shift,1,0,0,120,121,0.9917355371900827
262144,BCRegularizedPPO,404,population_shift,1,0,1,1,121,0.008264462809917356
262144,BCRegularizedPPO,404,population_shift,1,0,2,0,121,0.0
262144,BCRegularizedPPO,404,population_shift,1,0,3,0,121,0.0
262144,BCRegularizedPPO,404,population_shift,1,0,4,0,121,0.0
262144,BCRegularizedPPO,404,population_shift,1,1,0,376,464,0.8103448275862069
262144,BCRegularizedPPO,404,population_shift,1,1,1,52,464,0.11206896551724138
262144,BCRegularizedPPO,404,population_shift,1,1,2,18,464,0.03879310344827586
262144,BCRegularizedPPO,404,population_shift,1,1,3,0,464,0.0
262144,BCRegularizedPPO,404,population_shift,1,1,4,18,464,0.03879310344827586
262144,BCRegularizedPPO,404,population_shift,1,2,0,86,184,0.4673913043478261
262144,BCRegularizedPPO,404,population_shift,1,2,1,50,184,0.2717391304347826
262144,BCRegularizedPPO,404,population_shift,1,2,2,17,184,0.09239130434782608
262144,BCRegularizedPPO,404,population_shift,1,2,3,14,184,0.07608695652173914
262144,BCRegularizedPPO,404,population_shift,1,2,4,17,184,0.09239130434782608
262144,BCRegularizedPPO,404,population_shift,2,0,0,61,61,1.0
262144,BCRegularizedPPO,404,population_shift,2,0,1,0,61,0.0
262144,BCRegularizedPPO,404,population_shift,2,0,2,0,61,0.0
262144,BCRegularizedPPO,404,population_shift,2,0,3,0,61,0.0
262144,BCRegularizedPPO,404,population_shift,2,0,4,0,61,0.0
262144,BCRegularizedPPO,404,population_shift,2,1,0,195,249,0.7831325301204819
262144,BCRegularizedPPO,404,population_shift,2,1,1,28,249,0.11244979919678715
262144,BCRegularizedPPO,404,population_shift,2,1,2,22,249,0.08835341365461848
262144,BCRegularizedPPO,404,population_shift,2,1,3,2,249,0.008032128514056224
262144,BCRegularizedPPO,404,population_shift,2,1,4,2,249,0.008032128514056224
262144,BCRegularizedPPO,404,population_shift,2,2,0,46,279,0.16487455197132617
262144,BCRegularizedPPO,404,population_shift,2,2,1,79,279,0.2831541218637993
262144,BCRegularizedPPO,404,population_shift,2,2,2,49,279,0.17562724014336917
262144,BCRegularizedPPO,404,population_shift,2,2,3,102,279,0.3655913978494624
262144,BCRegularizedPPO,404,population_shift,2,2,4,3,279,0.010752688172043012
262144,BCRegularizedPPO,505,population_shift,0,0,0,8,38,0.21052631578947367
262144,BCRegularizedPPO,505,population_shift,0,0,1,0,38,0.0
262144,BCRegularizedPPO,505,population_shift,0,0,2,5,38,0.13157894736842105
262144,BCRegularizedPPO,505,population_shift,0,0,3,1,38,0.02631578947368421
262144,BCRegularizedPPO,505,population_shift,0,0,4,24,38,0.631578947368421
262144,BCRegularizedPPO,505,population_shift,0,1,0,122,333,0.3663663663663664
262144,BCRegularizedPPO,505,population_shift,0,1,1,44,333,0.13213213213213212
262144,BCRegularizedPPO,505,population_shift,0,1,2,86,333,0.25825825825825827
262144,BCRegularizedPPO,505,population_shift,0,1,3,65,333,0.19519519519519518
262144,BCRegularizedPPO,505,population_shift,0,1,4,16,333,0.04804804804804805
262144,BCRegularizedPPO,505,population_shift,0,2,0,5,15,0.3333333333333333
262144,BCRegularizedPPO,505,population_shift,0,2,1,5,15,0.3333333333333333
262144,BCRegularizedPPO,505,population_shift,0,2,2,4,15,0.26666666666666666
262144,BCRegularizedPPO,505,population_shift,0,2,3,0,15,0.0
262144,BCRegularizedPPO,505,population_shift,0,2,4,1,15,0.06666666666666667
262144,BCRegularizedPPO,505,population_shift,1,0,0,121,121,1.0
262144,BCRegularizedPPO,505,population_shift,1,0,1,0,121,0.0
262144,BCRegularizedPPO,505,population_shift,1,0,2,0,121,0.0
262144,BCRegularizedPPO,505,population_shift,1,0,3,0,121,0.0
262144,BCRegularizedPPO,505,population_shift,1,0,4,0,121,0.0
262144,BCRegularizedPPO,505,population_shift,1,1,0,307,429,0.7156177156177156
262144,BCRegularizedPPO,505,population_shift,1,1,1,15,429,0.03496503496503497
262144,BCRegularizedPPO,505,population_shift,1,1,2,85,429,0.19813519813519814
262144,BCRegularizedPPO,505,population_shift,1,1,3,14,429,0.03263403263403263
262144,BCRegularizedPPO,505,population_shift,1,1,4,8,429,0.018648018648018648
262144,BCRegularizedPPO,505,population_shift,1,2,0,54,196,0.2755102040816326
262144,BCRegularizedPPO,505,population_shift,1,2,1,97,196,0.49489795918367346
262144,BCRegularizedPPO,505,population_shift,1,2,2,41,196,0.20918367346938777
262144,BCRegularizedPPO,505,population_shift,1,2,3,0,196,0.0
262144,BCRegularizedPPO,505,population_shift,1,2,4,4,196,0.02040816326530612
262144,BCRegularizedPPO,505,population_shift,2,0,0,61,61,1.0
262144,BCRegularizedPPO,505,population_shift,2,0,1,0,61,0.0
262144,BCRegularizedPPO,505,population_shift,2,0,2,0,61,0.0
262144,BCRegularizedPPO,505,population_shift,2,0,3,0,61,0.0
262144,BCRegularizedPPO,505,population_shift,2,0,4,0,61,0.0
262144,BCRegularizedPPO,505,population_shift,2,1,0,192,217,0.8847926267281107
262144,BCRegularizedPPO,505,population_shift,2,1,1,5,217,0.02304147465437788
262144,BCRegularizedPPO,505,population_shift,2,1,2,20,217,0.09216589861751152
262144,BCRegularizedPPO,505,population_shift,2,1,3,0,217,0.0
262144,BCRegularizedPPO,505,population_shift,2,1,4,0,217,0.0
262144,BCRegularizedPPO,505,population_shift,2,2,0,76,305,0.24918032786885247
262144,BCRegularizedPPO,505,population_shift,2,2,1,103,305,0.3377049180327869
262144,BCRegularizedPPO,505,population_shift,2,2,2,121,305,0.39672131147540984
262144,BCRegularizedPPO,505,population_shift,2,2,3,4,305,0.013114754098360656
262144,BCRegularizedPPO,505,population_shift,2,2,4,1,305,0.003278688524590164
262144,CanonicalPPO,101,population_shift,0,0,0,8,8,1.0
262144,CanonicalPPO,101,population_shift,0,0,1,0,8,0.0
262144,CanonicalPPO,101,population_shift,0,0,2,0,8,0.0
262144,CanonicalPPO,101,population_shift,0,0,3,0,8,0.0
262144,CanonicalPPO,101,population_shift,0,0,4,0,8,0.0
262144,CanonicalPPO,101,population_shift,0,1,0,15,342,0.043859649122807015
262144,CanonicalPPO,101,population_shift,0,1,1,327,342,0.956140350877193
262144,CanonicalPPO,101,population_shift,0,1,2,0,342,0.0
262144,CanonicalPPO,101,population_shift,0,1,3,0,342,0.0
262144,CanonicalPPO,101,population_shift,0,1,4,0,342,0.0
262144,CanonicalPPO,101,population_shift,0,2,0,0,7,0.0
262144,CanonicalPPO,101,population_shift,0,2,1,7,7,1.0
262144,CanonicalPPO,101,population_shift,0,2,2,0,7,0.0
262144,CanonicalPPO,101,population_shift,0,2,3,0,7,0.0
262144,CanonicalPPO,101,population_shift,0,2,4,0,7,0.0
262144,CanonicalPPO,101,population_shift,1,0,0,121,121,1.0
262144,CanonicalPPO,101,population_shift,1,0,1,0,121,0.0
262144,CanonicalPPO,101,population_shift,1,0,2,0,121,0.0
262144,CanonicalPPO,101,population_shift,1,0,3,0,121,0.0
262144,CanonicalPPO,101,population_shift,1,0,4,0,121,0.0
262144,CanonicalPPO,101,population_shift,1,1,0,180,418,0.430622009569378
262144,CanonicalPPO,101,population_shift,1,1,1,238,418,0.569377990430622
262144,CanonicalPPO,101,population_shift,1,1,2,0,418,0.0
262144,CanonicalPPO,101,population_shift,1,1,3,0,418,0.0
262144,CanonicalPPO,101,population_shift,1,1,4,0,418,0.0
262144,CanonicalPPO,101,population_shift,1,2,0,14,135,0.1037037037037037
262144,CanonicalPPO,101,population_shift,1,2,1,121,135,0.8962962962962963
262144,CanonicalPPO,101,population_shift,1,2,2,0,135,0.0
262144,CanonicalPPO,101,population_shift,1,2,3,0,135,0.0
262144,CanonicalPPO,101,population_shift,1,2,4,0,135,0.0
262144,CanonicalPPO,101,population_shift,2,0,0,61,61,1.0
262144,CanonicalPPO,101,population_shift,2,0,1,0,61,0.0
262144,CanonicalPPO,101,population_shift,2,0,2,0,61,0.0
262144,CanonicalPPO,101,population_shift,2,0,3,0,61,0.0
262144,CanonicalPPO,101,population_shift,2,0,4,0,61,0.0
262144,CanonicalPPO,101,population_shift,2,1,0,183,206,0.8883495145631068
262144,CanonicalPPO,101,population_shift,2,1,1,23,206,0.11165048543689321
262144,CanonicalPPO,101,population_shift,2,1,2,0,206,0.0
262144,CanonicalPPO,101,population_shift,2,1,3,0,206,0.0
262144,CanonicalPPO,101,population_shift,2,1,4,0,206,0.0
262144,CanonicalPPO,101,population_shift,2,2,0,107,278,0.38489208633093525
262144,CanonicalPPO,101,population_shift,2,2,1,171,278,0.6151079136690647
262144,CanonicalPPO,101,population_shift,2,2,2,0,278,0.0
262144,CanonicalPPO,101,population_shift,2,2,3,0,278,0.0
262144,CanonicalPPO,101,population_shift,2,2,4,0,278,0.0
262144,CanonicalPPO,202,population_shift,0,0,0,8,8,1.0
262144,CanonicalPPO,202,population_shift,0,0,1,0,8,0.0
262144,CanonicalPPO,202,population_shift,0,0,2,0,8,0.0
262144,CanonicalPPO,202,population_shift,0,0,3,0,8,0.0
262144,CanonicalPPO,202,population_shift,0,0,4,0,8,0.0
262144,CanonicalPPO,202,population_shift,0,1,0,17,343,0.04956268221574344
262144,CanonicalPPO,202,population_shift,0,1,1,318,343,0.9271137026239067
262144,CanonicalPPO,202,population_shift,0,1,2,8,343,0.023323615160349854
262144,CanonicalPPO,202,population_shift,0,1,3,0,343,0.0
262144,CanonicalPPO,202,population_shift,0,1,4,0,343,0.0
262144,CanonicalPPO,202,population_shift,0,2,0,0,5,0.0
262144,CanonicalPPO,202,population_shift,0,2,1,5,5,1.0
262144,CanonicalPPO,202,population_shift,0,2,2,0,5,0.0
262144,CanonicalPPO,202,population_shift,0,2,3,0,5,0.0
262144,CanonicalPPO,202,population_shift,0,2,4,0,5,0.0
262144,CanonicalPPO,202,population_shift,1,0,0,121,121,1.0
262144,CanonicalPPO,202,population_shift,1,0,1,0,121,0.0
262144,CanonicalPPO,202,population_shift,1,0,2,0,121,0.0
262144,CanonicalPPO,202,population_shift,1,0,3,0,121,0.0
262144,CanonicalPPO,202,population_shift,1,0,4,0,121,0.0
262144,CanonicalPPO,202,population_shift,1,1,0,196,404,0.48514851485148514
262144,CanonicalPPO,202,population_shift,1,1,1,201,404,0.4975247524752475
262144,CanonicalPPO,202,population_shift,1,1,2,7,404,0.017326732673267328
262144,CanonicalPPO,202,population_shift,1,1,3,0,404,0.0
262144,CanonicalPPO,202,population_shift,1,1,4,0,404,0.0
262144,CanonicalPPO,202,population_shift,1,2,0,22,141,0.15602836879432624
262144,CanonicalPPO,202,population_shift,1,2,1,115,141,0.8156028368794326
262144,CanonicalPPO,202,population_shift,1,2,2,4,141,0.028368794326241134
262144,CanonicalPPO,202,population_shift,1,2,3,0,141,0.0
262144,CanonicalPPO,202,population_shift,1,2,4,0,141,0.0
262144,CanonicalPPO,202,population_shift,2,0,0,61,61,1.0
262144,CanonicalPPO,202,population_shift,2,0,1,0,61,0.0
262144,CanonicalPPO,202,population_shift,2,0,2,0,61,0.0
262144,CanonicalPPO,202,population_shift,2,0,3,0,61,0.0
262144,CanonicalPPO,202,population_shift,2,0,4,0,61,0.0
262144,CanonicalPPO,202,population_shift,2,1,0,177,204,0.8676470588235294
262144,CanonicalPPO,202,population_shift,2,1,1,27,204,0.1323529411764706
262144,CanonicalPPO,202,population_shift,2,1,2,0,204,0.0
262144,CanonicalPPO,202,population_shift,2,1,3,0,204,0.0
262144,CanonicalPPO,202,population_shift,2,1,4,0,204,0.0
262144,CanonicalPPO,202,population_shift,2,2,0,96,280,0.34285714285714286
262144,CanonicalPPO,202,population_shift,2,2,1,184,280,0.6571428571428571
262144,CanonicalPPO,202,population_shift,2,2,2,0,280,0.0
262144,CanonicalPPO,202,population_shift,2,2,3,0,280,0.0
262144,CanonicalPPO,202,population_shift,2,2,4,0,280,0.0
262144,CanonicalPPO,303,population_shift,0,0,0,8,8,1.0
262144,CanonicalPPO,303,population_shift,0,0,1,0,8,0.0
262144,CanonicalPPO,303,population_shift,0,0,2,0,8,0.0
262144,CanonicalPPO,303,population_shift,0,0,3,0,8,0.0
262144,CanonicalPPO,303,population_shift,0,0,4,0,8,0.0
262144,CanonicalPPO,303,population_shift,0,1,0,277,347,0.7982708933717579
262144,CanonicalPPO,303,population_shift,0,1,1,69,347,0.1988472622478386
262144,CanonicalPPO,303,population_shift,0,1,2,0,347,0.0
262144,CanonicalPPO,303,population_shift,0,1,3,0,347,0.0
262144,CanonicalPPO,303,population_shift,0,1,4,1,347,0.002881844380403458
262144,CanonicalPPO,303,population_shift,0,2,0,18,20,0.9
262144,CanonicalPPO,303,population_shift,0,2,1,1,20,0.05
262144,CanonicalPPO,303,population_shift,0,2,2,0,20,0.0
262144,CanonicalPPO,303,population_shift,0,2,3,0,20,0.0
262144,CanonicalPPO,303,population_shift,0,2,4,1,20,0.05
262144,CanonicalPPO,303,population_shift,1,0,0,121,121,1.0
262144,CanonicalPPO,303,population_shift,1,0,1,0,121,0.0
262144,CanonicalPPO,303,population_shift,1,0,2,0,121,0.0
262144,CanonicalPPO,303,population_shift,1,0,3,0,121,0.0
262144,CanonicalPPO,303,population_shift,1,0,4,0,121,0.0
262144,CanonicalPPO,303,population_shift,1,1,0,337,361,0.9335180055401662
262144,CanonicalPPO,303,population_shift,1,1,1,9,361,0.024930747922437674
262144,CanonicalPPO,303,population_shift,1,1,2,0,361,0.0
262144,CanonicalPPO,303,population_shift,1,1,3,0,361,0.0
262144,CanonicalPPO,303,population_shift,1,1,4,15,361,0.04155124653739612
262144,CanonicalPPO,303,population_shift,1,2,0,118,145,0.8137931034482758
262144,CanonicalPPO,303,population_shift,1,2,1,0,145,0.0
262144,CanonicalPPO,303,population_shift,1,2,2,0,145,0.0
262144,CanonicalPPO,303,population_shift,1,2,3,0,145,0.0
262144,CanonicalPPO,303,population_shift,1,2,4,27,145,0.18620689655172415
262144,CanonicalPPO,303,population_shift,2,0,0,61,61,1.0
262144,CanonicalPPO,303,population_shift,2,0,1,0,61,0.0
262144,CanonicalPPO,303,population_shift,2,0,2,0,61,0.0
262144,CanonicalPPO,303,population_shift,2,0,3,0,61,0.0
262144,CanonicalPPO,303,population_shift,2,0,4,0,61,0.0
262144,CanonicalPPO,303,population_shift,2,1,0,195,207,0.9420289855072463
262144,CanonicalPPO,303,population_shift,2,1,1,0,207,0.0
262144,CanonicalPPO,303,population_shift,2,1,2,0,207,0.0
262144,CanonicalPPO,303,population_shift,2,1,3,0,207,0.0
262144,CanonicalPPO,303,population_shift,2,1,4,12,207,0.057971014492753624
262144,CanonicalPPO,303,population_shift,2,2,0,211,288,0.7326388888888888
262144,CanonicalPPO,303,population_shift,2,2,1,0,288,0.0
262144,CanonicalPPO,303,population_shift,2,2,2,0,288,0.0
262144,CanonicalPPO,303,population_shift,2,2,3,0,288,0.0
262144,CanonicalPPO,303,population_shift,2,2,4,77,288,0.2673611111111111
262144,CanonicalPPO,404,population_shift,0,0,0,8,8,1.0
262144,CanonicalPPO,404,population_shift,0,0,1,0,8,0.0
262144,CanonicalPPO,404,population_shift,0,0,2,0,8,0.0
262144,CanonicalPPO,404,population_shift,0,0,3,0,8,0.0
262144,CanonicalPPO,404,population_shift,0,0,4,0,8,0.0
262144,CanonicalPPO,404,population_shift,0,1,0,38,348,0.10919540229885058
262144,CanonicalPPO,404,population_shift,0,1,1,309,348,0.8879310344827587
262144,CanonicalPPO,404,population_shift,0,1,2,0,348,0.0
262144,CanonicalPPO,404,population_shift,0,1,3,1,348,0.0028735632183908046
262144,CanonicalPPO,404,population_shift,0,1,4,0,348,0.0
262144,CanonicalPPO,404,population_shift,0,2,0,1,8,0.125
262144,CanonicalPPO,404,population_shift,0,2,1,7,8,0.875
262144,CanonicalPPO,404,population_shift,0,2,2,0,8,0.0
262144,CanonicalPPO,404,population_shift,0,2,3,0,8,0.0
262144,CanonicalPPO,404,population_shift,0,2,4,0,8,0.0
262144,CanonicalPPO,404,population_shift,1,0,0,121,121,1.0
262144,CanonicalPPO,404,population_shift,1,0,1,0,121,0.0
262144,CanonicalPPO,404,population_shift,1,0,2,0,121,0.0
262144,CanonicalPPO,404,population_shift,1,0,3,0,121,0.0
262144,CanonicalPPO,404,population_shift,1,0,4,0,121,0.0
262144,CanonicalPPO,404,population_shift,1,1,0,212,352,0.6022727272727273
262144,CanonicalPPO,404,population_shift,1,1,1,130,352,0.3693181818181818
262144,CanonicalPPO,404,population_shift,1,1,2,0,352,0.0
262144,CanonicalPPO,404,population_shift,1,1,3,10,352,0.028409090909090908
262144,CanonicalPPO,404,population_shift,1,1,4,0,352,0.0
262144,CanonicalPPO,404,population_shift,1,2,0,63,128,0.4921875
262144,CanonicalPPO,404,population_shift,1,2,1,56,128,0.4375
262144,CanonicalPPO,404,population_shift,1,2,2,0,128,0.0
262144,CanonicalPPO,404,population_shift,1,2,3,9,128,0.0703125
262144,CanonicalPPO,404,population_shift,1,2,4,0,128,0.0
262144,CanonicalPPO,404,population_shift,2,0,0,61,61,1.0
262144,CanonicalPPO,404,population_shift,2,0,1,0,61,0.0
262144,CanonicalPPO,404,population_shift,2,0,2,0,61,0.0
262144,CanonicalPPO,404,population_shift,2,0,3,0,61,0.0
262144,CanonicalPPO,404,population_shift,2,0,4,0,61,0.0
262144,CanonicalPPO,404,population_shift,2,1,0,186,202,0.9207920792079208
262144,CanonicalPPO,404,population_shift,2,1,1,11,202,0.054455445544554455
262144,CanonicalPPO,404,population_shift,2,1,2,0,202,0.0
262144,CanonicalPPO,404,population_shift,2,1,3,5,202,0.024752475247524754
262144,CanonicalPPO,404,population_shift,2,1,4,0,202,0.0
262144,CanonicalPPO,404,population_shift,2,2,0,149,283,0.5265017667844523
262144,CanonicalPPO,404,population_shift,2,2,1,133,283,0.46996466431095407
262144,CanonicalPPO,404,population_shift,2,2,2,0,283,0.0
262144,CanonicalPPO,404,population_shift,2,2,3,1,283,0.0035335689045936395
262144,CanonicalPPO,404,population_shift,2,2,4,0,283,0.0
262144,CanonicalPPO,505,population_shift,0,0,0,8,8,1.0
262144,CanonicalPPO,505,population_shift,0,0,1,0,8,0.0
262144,CanonicalPPO,505,population_shift,0,0,2,0,8,0.0
262144,CanonicalPPO,505,population_shift,0,0,3,0,8,0.0
262144,CanonicalPPO,505,population_shift,0,0,4,0,8,0.0
262144,CanonicalPPO,505,population_shift,0,1,0,46,341,0.1348973607038123
262144,CanonicalPPO,505,population_shift,0,1,1,295,341,0.8651026392961877
262144,CanonicalPPO,505,population_shift,0,1,2,0,341,0.0
262144,CanonicalPPO,505,population_shift,0,1,3,0,341,0.0
262144,CanonicalPPO,505,population_shift,0,1,4,0,341,0.0
262144,CanonicalPPO,505,population_shift,0,2,0,0,8,0.0
262144,CanonicalPPO,505,population_shift,0,2,1,8,8,1.0
262144,CanonicalPPO,505,population_shift,0,2,2,0,8,0.0
262144,CanonicalPPO,505,population_shift,0,2,3,0,8,0.0
262144,CanonicalPPO,505,population_shift,0,2,4,0,8,0.0
262144,CanonicalPPO,505,population_shift,1,0,0,121,121,1.0
262144,CanonicalPPO,505,population_shift,1,0,1,0,121,0.0
262144,CanonicalPPO,505,population_shift,1,0,2,0,121,0.0
262144,CanonicalPPO,505,population_shift,1,0,3,0,121,0.0
262144,CanonicalPPO,505,population_shift,1,0,4,0,121,0.0
262144,CanonicalPPO,505,population_shift,1,1,0,209,380,0.55
262144,CanonicalPPO,505,population_shift,1,1,1,171,380,0.45
262144,CanonicalPPO,505,population_shift,1,1,2,0,380,0.0
262144,CanonicalPPO,505,population_shift,1,1,3,0,380,0.0
262144,CanonicalPPO,505,population_shift,1,1,4,0,380,0.0
262144,CanonicalPPO,505,population_shift,1,2,0,53,133,0.39849624060150374
262144,CanonicalPPO,505,population_shift,1,2,1,80,133,0.6015037593984962
262144,CanonicalPPO,505,population_shift,1,2,2,0,133,0.0
262144,CanonicalPPO,505,population_shift,1,2,3,0,133,0.0
262144,CanonicalPPO,505,population_shift,1,2,4,0,133,0.0
262144,CanonicalPPO,505,population_shift,2,0,0,61,61,1.0
262144,CanonicalPPO,505,population_shift,2,0,1,0,61,0.0
262144,CanonicalPPO,505,population_shift,2,0,2,0,61,0.0
262144,CanonicalPPO,505,population_shift,2,0,3,0,61,0.0
262144,CanonicalPPO,505,population_shift,2,0,4,0,61,0.0
262144,CanonicalPPO,505,population_shift,2,1,0,180,204,0.8823529411764706
262144,CanonicalPPO,505,population_shift,2,1,1,24,204,0.11764705882352941
262144,CanonicalPPO,505,population_shift,2,1,2,0,204,0.0
262144,CanonicalPPO,505,population_shift,2,1,3,0,204,0.0
262144,CanonicalPPO,505,population_shift,2,1,4,0,204,0.0
262144,CanonicalPPO,505,population_shift,2,2,0,112,283,0.3957597173144876
262144,CanonicalPPO,505,population_shift,2,2,1,171,283,0.6042402826855123
262144,CanonicalPPO,505,population_shift,2,2,2,0,283,0.0
262144,CanonicalPPO,505,population_shift,2,2,3,0,283,0.0
262144,CanonicalPPO,505,population_shift,2,2,4,0,283,0.0
262144,MyopicEconomic,101,population_shift,0,0,0,38,492,0.07723577235772358
262144,MyopicEconomic,101,population_shift,0,0,1,32,492,0.06504065040650407
262144,MyopicEconomic,101,population_shift,0,0,2,241,492,0.4898373983739837
262144,MyopicEconomic,101,population_shift,0,0,3,37,492,0.07520325203252033
262144,MyopicEconomic,101,population_shift,0,0,4,144,492,0.2926829268292683
262144,MyopicEconomic,101,population_shift,0,1,0,0,11,0.0
262144,MyopicEconomic,101,population_shift,0,1,1,0,11,0.0
262144,MyopicEconomic,101,population_shift,0,1,2,1,11,0.09090909090909091
262144,MyopicEconomic,101,population_shift,0,1,3,0,11,0.0
262144,MyopicEconomic,101,population_shift,0,1,4,10,11,0.9090909090909091
262144,MyopicEconomic,101,population_shift,1,0,0,32,600,0.05333333333333334
262144,MyopicEconomic,101,population_shift,1,0,1,29,600,0.04833333333333333
262144,MyopicEconomic,101,population_shift,1,0,2,257,600,0.42833333333333334
262144,MyopicEconomic,101,population_shift,1,0,3,44,600,0.07333333333333333
262144,MyopicEconomic,101,population_shift,1,0,4,238,600,0.39666666666666667
262144,MyopicEconomic,101,population_shift,1,1,0,38,125,0.304
262144,MyopicEconomic,101,population_shift,1,1,1,2,125,0.016
262144,MyopicEconomic,101,population_shift,1,1,2,43,125,0.344
262144,MyopicEconomic,101,population_shift,1,1,3,0,125,0.0
262144,MyopicEconomic,101,population_shift,1,1,4,42,125,0.336
262144,MyopicEconomic,101,population_shift,1,2,0,0,6,0.0
262144,MyopicEconomic,101,population_shift,1,2,1,0,6,0.0
262144,MyopicEconomic,101,population_shift,1,2,2,0,6,0.0
262144,MyopicEconomic,101,population_shift,1,2,3,0,6,0.0
262144,MyopicEconomic,101,population_shift,1,2,4,6,6,1.0
262144,MyopicEconomic,101,population_shift,2,0,0,4,451,0.008869179600886918
262144,MyopicEconomic,101,population_shift,2,0,1,3,451,0.0066518847006651885
262144,MyopicEconomic,101,population_shift,2,0,2,264,451,0.5853658536585366
262144,MyopicEconomic,101,population_shift,2,0,3,16,451,0.03547671840354767
262144,MyopicEconomic,101,population_shift,2,0,4,164,451,0.36363636363636365
262144,MyopicEconomic,101,population_shift,2,1,0,60,277,0.21660649819494585
262144,MyopicEconomic,101,population_shift,2,1,1,36,277,0.1299638989169675
262144,MyopicEconomic,101,population_shift,2,1,2,106,277,0.38267148014440433
262144,MyopicEconomic,101,population_shift,2,1,3,3,277,0.010830324909747292
262144,MyopicEconomic,101,population_shift,2,1,4,72,277,0.259927797833935
262144,MyopicEconomic,101,population_shift,2,2,0,0,54,0.0
262144,MyopicEconomic,101,population_shift,2,2,1,0,54,0.0
262144,MyopicEconomic,101,population_shift,2,2,2,16,54,0.2962962962962963
262144,MyopicEconomic,101,population_shift,2,2,3,0,54,0.0
262144,MyopicEconomic,101,population_shift,2,2,4,38,54,0.7037037037037037
262144,MyopicEconomic,202,population_shift,0,0,0,38,492,0.07723577235772358
262144,MyopicEconomic,202,population_shift,0,0,1,32,492,0.06504065040650407
262144,MyopicEconomic,202,population_shift,0,0,2,241,492,0.4898373983739837
262144,MyopicEconomic,202,population_shift,0,0,3,37,492,0.07520325203252033
262144,MyopicEconomic,202,population_shift,0,0,4,144,492,0.2926829268292683
262144,MyopicEconomic,202,population_shift,0,1,0,0,11,0.0
262144,MyopicEconomic,202,population_shift,0,1,1,0,11,0.0
262144,MyopicEconomic,202,population_shift,0,1,2,1,11,0.09090909090909091
262144,MyopicEconomic,202,population_shift,0,1,3,0,11,0.0
262144,MyopicEconomic,202,population_shift,0,1,4,10,11,0.9090909090909091
262144,MyopicEconomic,202,population_shift,1,0,0,32,600,0.05333333333333334
262144,MyopicEconomic,202,population_shift,1,0,1,29,600,0.04833333333333333
262144,MyopicEconomic,202,population_shift,1,0,2,257,600,0.42833333333333334
262144,MyopicEconomic,202,population_shift,1,0,3,44,600,0.07333333333333333
262144,MyopicEconomic,202,population_shift,1,0,4,238,600,0.39666666666666667
262144,MyopicEconomic,202,population_shift,1,1,0,38,125,0.304
262144,MyopicEconomic,202,population_shift,1,1,1,2,125,0.016
262144,MyopicEconomic,202,population_shift,1,1,2,43,125,0.344
262144,MyopicEconomic,202,population_shift,1,1,3,0,125,0.0
262144,MyopicEconomic,202,population_shift,1,1,4,42,125,0.336
262144,MyopicEconomic,202,population_shift,1,2,0,0,6,0.0
262144,MyopicEconomic,202,population_shift,1,2,1,0,6,0.0
262144,MyopicEconomic,202,population_shift,1,2,2,0,6,0.0
262144,MyopicEconomic,202,population_shift,1,2,3,0,6,0.0
262144,MyopicEconomic,202,population_shift,1,2,4,6,6,1.0
262144,MyopicEconomic,202,population_shift,2,0,0,4,451,0.008869179600886918
262144,MyopicEconomic,202,population_shift,2,0,1,3,451,0.0066518847006651885
262144,MyopicEconomic,202,population_shift,2,0,2,264,451,0.5853658536585366
262144,MyopicEconomic,202,population_shift,2,0,3,16,451,0.03547671840354767
262144,MyopicEconomic,202,population_shift,2,0,4,164,451,0.36363636363636365
262144,MyopicEconomic,202,population_shift,2,1,0,60,277,0.21660649819494585
262144,MyopicEconomic,202,population_shift,2,1,1,36,277,0.1299638989169675
262144,MyopicEconomic,202,population_shift,2,1,2,106,277,0.38267148014440433
262144,MyopicEconomic,202,population_shift,2,1,3,3,277,0.010830324909747292
262144,MyopicEconomic,202,population_shift,2,1,4,72,277,0.259927797833935
262144,MyopicEconomic,202,population_shift,2,2,0,0,54,0.0
262144,MyopicEconomic,202,population_shift,2,2,1,0,54,0.0
262144,MyopicEconomic,202,population_shift,2,2,2,16,54,0.2962962962962963
262144,MyopicEconomic,202,population_shift,2,2,3,0,54,0.0
262144,MyopicEconomic,202,population_shift,2,2,4,38,54,0.7037037037037037
262144,MyopicEconomic,303,population_shift,0,0,0,38,492,0.07723577235772358
262144,MyopicEconomic,303,population_shift,0,0,1,32,492,0.06504065040650407
262144,MyopicEconomic,303,population_shift,0,0,2,241,492,0.4898373983739837
262144,MyopicEconomic,303,population_shift,0,0,3,37,492,0.07520325203252033
262144,MyopicEconomic,303,population_shift,0,0,4,144,492,0.2926829268292683
262144,MyopicEconomic,303,population_shift,0,1,0,0,11,0.0
262144,MyopicEconomic,303,population_shift,0,1,1,0,11,0.0
262144,MyopicEconomic,303,population_shift,0,1,2,1,11,0.09090909090909091
262144,MyopicEconomic,303,population_shift,0,1,3,0,11,0.0
262144,MyopicEconomic,303,population_shift,0,1,4,10,11,0.9090909090909091
262144,MyopicEconomic,303,population_shift,1,0,0,32,600,0.05333333333333334
262144,MyopicEconomic,303,population_shift,1,0,1,29,600,0.04833333333333333
262144,MyopicEconomic,303,population_shift,1,0,2,257,600,0.42833333333333334
262144,MyopicEconomic,303,population_shift,1,0,3,44,600,0.07333333333333333
262144,MyopicEconomic,303,population_shift,1,0,4,238,600,0.39666666666666667
262144,MyopicEconomic,303,population_shift,1,1,0,38,125,0.304
262144,MyopicEconomic,303,population_shift,1,1,1,2,125,0.016
262144,MyopicEconomic,303,population_shift,1,1,2,43,125,0.344
262144,MyopicEconomic,303,population_shift,1,1,3,0,125,0.0
262144,MyopicEconomic,303,population_shift,1,1,4,42,125,0.336
262144,MyopicEconomic,303,population_shift,1,2,0,0,6,0.0
262144,MyopicEconomic,303,population_shift,1,2,1,0,6,0.0
262144,MyopicEconomic,303,population_shift,1,2,2,0,6,0.0
262144,MyopicEconomic,303,population_shift,1,2,3,0,6,0.0
262144,MyopicEconomic,303,population_shift,1,2,4,6,6,1.0
262144,MyopicEconomic,303,population_shift,2,0,0,4,451,0.008869179600886918
262144,MyopicEconomic,303,population_shift,2,0,1,3,451,0.0066518847006651885
262144,MyopicEconomic,303,population_shift,2,0,2,264,451,0.5853658536585366
262144,MyopicEconomic,303,population_shift,2,0,3,16,451,0.03547671840354767
262144,MyopicEconomic,303,population_shift,2,0,4,164,451,0.36363636363636365
262144,MyopicEconomic,303,population_shift,2,1,0,60,277,0.21660649819494585
262144,MyopicEconomic,303,population_shift,2,1,1,36,277,0.1299638989169675
262144,MyopicEconomic,303,population_shift,2,1,2,106,277,0.38267148014440433
262144,MyopicEconomic,303,population_shift,2,1,3,3,277,0.010830324909747292
262144,MyopicEconomic,303,population_shift,2,1,4,72,277,0.259927797833935
262144,MyopicEconomic,303,population_shift,2,2,0,0,54,0.0
262144,MyopicEconomic,303,population_shift,2,2,1,0,54,0.0
262144,MyopicEconomic,303,population_shift,2,2,2,16,54,0.2962962962962963
262144,MyopicEconomic,303,population_shift,2,2,3,0,54,0.0
262144,MyopicEconomic,303,population_shift,2,2,4,38,54,0.7037037037037037
262144,MyopicEconomic,404,population_shift,0,0,0,38,492,0.07723577235772358
262144,MyopicEconomic,404,population_shift,0,0,1,32,492,0.06504065040650407
262144,MyopicEconomic,404,population_shift,0,0,2,241,492,0.4898373983739837
262144,MyopicEconomic,404,population_shift,0,0,3,37,492,0.07520325203252033
262144,MyopicEconomic,404,population_shift,0,0,4,144,492,0.2926829268292683
262144,MyopicEconomic,404,population_shift,0,1,0,0,11,0.0
262144,MyopicEconomic,404,population_shift,0,1,1,0,11,0.0
262144,MyopicEconomic,404,population_shift,0,1,2,1,11,0.09090909090909091
262144,MyopicEconomic,404,population_shift,0,1,3,0,11,0.0
262144,MyopicEconomic,404,population_shift,0,1,4,10,11,0.9090909090909091
262144,MyopicEconomic,404,population_shift,1,0,0,32,600,0.05333333333333334
262144,MyopicEconomic,404,population_shift,1,0,1,29,600,0.04833333333333333
262144,MyopicEconomic,404,population_shift,1,0,2,257,600,0.42833333333333334
262144,MyopicEconomic,404,population_shift,1,0,3,44,600,0.07333333333333333
262144,MyopicEconomic,404,population_shift,1,0,4,238,600,0.39666666666666667
262144,MyopicEconomic,404,population_shift,1,1,0,38,125,0.304
262144,MyopicEconomic,404,population_shift,1,1,1,2,125,0.016
262144,MyopicEconomic,404,population_shift,1,1,2,43,125,0.344
262144,MyopicEconomic,404,population_shift,1,1,3,0,125,0.0
262144,MyopicEconomic,404,population_shift,1,1,4,42,125,0.336
262144,MyopicEconomic,404,population_shift,1,2,0,0,6,0.0
262144,MyopicEconomic,404,population_shift,1,2,1,0,6,0.0
262144,MyopicEconomic,404,population_shift,1,2,2,0,6,0.0
262144,MyopicEconomic,404,population_shift,1,2,3,0,6,0.0
262144,MyopicEconomic,404,population_shift,1,2,4,6,6,1.0
262144,MyopicEconomic,404,population_shift,2,0,0,4,451,0.008869179600886918
262144,MyopicEconomic,404,population_shift,2,0,1,3,451,0.0066518847006651885
262144,MyopicEconomic,404,population_shift,2,0,2,264,451,0.5853658536585366
262144,MyopicEconomic,404,population_shift,2,0,3,16,451,0.03547671840354767
262144,MyopicEconomic,404,population_shift,2,0,4,164,451,0.36363636363636365
262144,MyopicEconomic,404,population_shift,2,1,0,60,277,0.21660649819494585
262144,MyopicEconomic,404,population_shift,2,1,1,36,277,0.1299638989169675
262144,MyopicEconomic,404,population_shift,2,1,2,106,277,0.38267148014440433
262144,MyopicEconomic,404,population_shift,2,1,3,3,277,0.010830324909747292
262144,MyopicEconomic,404,population_shift,2,1,4,72,277,0.259927797833935
262144,MyopicEconomic,404,population_shift,2,2,0,0,54,0.0
262144,MyopicEconomic,404,population_shift,2,2,1,0,54,0.0
262144,MyopicEconomic,404,population_shift,2,2,2,16,54,0.2962962962962963
262144,MyopicEconomic,404,population_shift,2,2,3,0,54,0.0
262144,MyopicEconomic,404,population_shift,2,2,4,38,54,0.7037037037037037
262144,MyopicEconomic,505,population_shift,0,0,0,38,492,0.07723577235772358
262144,MyopicEconomic,505,population_shift,0,0,1,32,492,0.06504065040650407
262144,MyopicEconomic,505,population_shift,0,0,2,241,492,0.4898373983739837
262144,MyopicEconomic,505,population_shift,0,0,3,37,492,0.07520325203252033
262144,MyopicEconomic,505,population_shift,0,0,4,144,492,0.2926829268292683
262144,MyopicEconomic,505,population_shift,0,1,0,0,11,0.0
262144,MyopicEconomic,505,population_shift,0,1,1,0,11,0.0
262144,MyopicEconomic,505,population_shift,0,1,2,1,11,0.09090909090909091
262144,MyopicEconomic,505,population_shift,0,1,3,0,11,0.0
262144,MyopicEconomic,505,population_shift,0,1,4,10,11,0.9090909090909091
262144,MyopicEconomic,505,population_shift,1,0,0,32,600,0.05333333333333334
262144,MyopicEconomic,505,population_shift,1,0,1,29,600,0.04833333333333333
262144,MyopicEconomic,505,population_shift,1,0,2,257,600,0.42833333333333334
262144,MyopicEconomic,505,population_shift,1,0,3,44,600,0.07333333333333333
262144,MyopicEconomic,505,population_shift,1,0,4,238,600,0.39666666666666667
262144,MyopicEconomic,505,population_shift,1,1,0,38,125,0.304
262144,MyopicEconomic,505,population_shift,1,1,1,2,125,0.016
262144,MyopicEconomic,505,population_shift,1,1,2,43,125,0.344
262144,MyopicEconomic,505,population_shift,1,1,3,0,125,0.0
262144,MyopicEconomic,505,population_shift,1,1,4,42,125,0.336
262144,MyopicEconomic,505,population_shift,1,2,0,0,6,0.0
262144,MyopicEconomic,505,population_shift,1,2,1,0,6,0.0
262144,MyopicEconomic,505,population_shift,1,2,2,0,6,0.0
262144,MyopicEconomic,505,population_shift,1,2,3,0,6,0.0
262144,MyopicEconomic,505,population_shift,1,2,4,6,6,1.0
262144,MyopicEconomic,505,population_shift,2,0,0,4,451,0.008869179600886918
262144,MyopicEconomic,505,population_shift,2,0,1,3,451,0.0066518847006651885
262144,MyopicEconomic,505,population_shift,2,0,2,264,451,0.5853658536585366
262144,MyopicEconomic,505,population_shift,2,0,3,16,451,0.03547671840354767
262144,MyopicEconomic,505,population_shift,2,0,4,164,451,0.36363636363636365
262144,MyopicEconomic,505,population_shift,2,1,0,60,277,0.21660649819494585
262144,MyopicEconomic,505,population_shift,2,1,1,36,277,0.1299638989169675
262144,MyopicEconomic,505,population_shift,2,1,2,106,277,0.38267148014440433
262144,MyopicEconomic,505,population_shift,2,1,3,3,277,0.010830324909747292
262144,MyopicEconomic,505,population_shift,2,1,4,72,277,0.259927797833935
262144,MyopicEconomic,505,population_shift,2,2,0,0,54,0.0
262144,MyopicEconomic,505,population_shift,2,2,1,0,54,0.0
262144,MyopicEconomic,505,population_shift,2,2,2,16,54,0.2962962962962963
262144,MyopicEconomic,505,population_shift,2,2,3,0,54,0.0
262144,MyopicEconomic,505,population_shift,2,2,4,38,54,0.7037037037037037
262144,ObservationPlanner,101,population_shift,0,0,0,8,20,0.4
262144,ObservationPlanner,101,population_shift,0,0,1,0,20,0.0
262144,ObservationPlanner,101,population_shift,0,0,2,0,20,0.0
262144,ObservationPlanner,101,population_shift,0,0,3,0,20,0.0
262144,ObservationPlanner,101,population_shift,0,0,4,12,20,0.6
262144,ObservationPlanner,101,population_shift,0,1,0,123,360,0.3416666666666667
262144,ObservationPlanner,101,population_shift,0,1,1,97,360,0.26944444444444443
262144,ObservationPlanner,101,population_shift,0,1,2,24,360,0.06666666666666667
262144,ObservationPlanner,101,population_shift,0,1,3,23,360,0.06388888888888888
262144,ObservationPlanner,101,population_shift,0,1,4,93,360,0.25833333333333336
262144,ObservationPlanner,101,population_shift,0,2,0,2,13,0.15384615384615385
262144,ObservationPlanner,101,population_shift,0,2,1,6,13,0.46153846153846156
262144,ObservationPlanner,101,population_shift,0,2,2,1,13,0.07692307692307693
262144,ObservationPlanner,101,population_shift,0,2,3,3,13,0.23076923076923078
262144,ObservationPlanner,101,population_shift,0,2,4,1,13,0.07692307692307693
262144,ObservationPlanner,101,population_shift,1,0,0,121,121,1.0
262144,ObservationPlanner,101,population_shift,1,0,1,0,121,0.0
262144,ObservationPlanner,101,population_shift,1,0,2,0,121,0.0
262144,ObservationPlanner,101,population_shift,1,0,3,0,121,0.0
262144,ObservationPlanner,101,population_shift,1,0,4,0,121,0.0
262144,ObservationPlanner,101,population_shift,1,1,0,293,426,0.687793427230047
262144,ObservationPlanner,101,population_shift,1,1,1,43,426,0.10093896713615023
262144,ObservationPlanner,101,population_shift,1,1,2,57,426,0.13380281690140844
262144,ObservationPlanner,101,population_shift,1,1,3,10,426,0.023474178403755867
262144,ObservationPlanner,101,population_shift,1,1,4,23,426,0.0539906103286385
262144,ObservationPlanner,101,population_shift,1,2,0,23,124,0.18548387096774194
262144,ObservationPlanner,101,population_shift,1,2,1,55,124,0.4435483870967742
262144,ObservationPlanner,101,population_shift,1,2,2,26,124,0.20967741935483872
262144,ObservationPlanner,101,population_shift,1,2,3,8,124,0.06451612903225806
262144,ObservationPlanner,101,population_shift,1,2,4,12,124,0.0967741935483871
262144,ObservationPlanner,101,population_shift,2,0,0,60,61,0.9836065573770492
262144,ObservationPlanner,101,population_shift,2,0,1,1,61,0.01639344262295082
262144,ObservationPlanner,101,population_shift,2,0,2,0,61,0.0
262144,ObservationPlanner,101,population_shift,2,0,3,0,61,0.0
262144,ObservationPlanner,101,population_shift,2,0,4,0,61,0.0
262144,ObservationPlanner,101,population_shift,2,1,0,194,219,0.8858447488584474
262144,ObservationPlanner,101,population_shift,2,1,1,6,219,0.0273972602739726
262144,ObservationPlanner,101,population_shift,2,1,2,18,219,0.0821917808219178
262144,ObservationPlanner,101,population_shift,2,1,3,1,219,0.0045662100456621
262144,ObservationPlanner,101,population_shift,2,1,4,0,219,0.0
262144,ObservationPlanner,101,population_shift,2,2,0,137,283,0.4840989399293286
262144,ObservationPlanner,101,population_shift,2,2,1,71,283,0.2508833922261484
262144,ObservationPlanner,101,population_shift,2,2,2,54,283,0.19081272084805653
262144,ObservationPlanner,101,population_shift,2,2,3,11,283,0.038869257950530034
262144,ObservationPlanner,101,population_shift,2,2,4,10,283,0.0353356890459364
262144,ObservationPlanner,202,population_shift,0,0,0,8,20,0.4
262144,ObservationPlanner,202,population_shift,0,0,1,0,20,0.0
262144,ObservationPlanner,202,population_shift,0,0,2,0,20,0.0
262144,ObservationPlanner,202,population_shift,0,0,3,0,20,0.0
262144,ObservationPlanner,202,population_shift,0,0,4,12,20,0.6
262144,ObservationPlanner,202,population_shift,0,1,0,123,360,0.3416666666666667
262144,ObservationPlanner,202,population_shift,0,1,1,97,360,0.26944444444444443
262144,ObservationPlanner,202,population_shift,0,1,2,24,360,0.06666666666666667
262144,ObservationPlanner,202,population_shift,0,1,3,23,360,0.06388888888888888
262144,ObservationPlanner,202,population_shift,0,1,4,93,360,0.25833333333333336
262144,ObservationPlanner,202,population_shift,0,2,0,2,13,0.15384615384615385
262144,ObservationPlanner,202,population_shift,0,2,1,6,13,0.46153846153846156
262144,ObservationPlanner,202,population_shift,0,2,2,1,13,0.07692307692307693
262144,ObservationPlanner,202,population_shift,0,2,3,3,13,0.23076923076923078
262144,ObservationPlanner,202,population_shift,0,2,4,1,13,0.07692307692307693
262144,ObservationPlanner,202,population_shift,1,0,0,121,121,1.0
262144,ObservationPlanner,202,population_shift,1,0,1,0,121,0.0
262144,ObservationPlanner,202,population_shift,1,0,2,0,121,0.0
262144,ObservationPlanner,202,population_shift,1,0,3,0,121,0.0
262144,ObservationPlanner,202,population_shift,1,0,4,0,121,0.0
262144,ObservationPlanner,202,population_shift,1,1,0,293,426,0.687793427230047
262144,ObservationPlanner,202,population_shift,1,1,1,43,426,0.10093896713615023
262144,ObservationPlanner,202,population_shift,1,1,2,57,426,0.13380281690140844
262144,ObservationPlanner,202,population_shift,1,1,3,10,426,0.023474178403755867
262144,ObservationPlanner,202,population_shift,1,1,4,23,426,0.0539906103286385
262144,ObservationPlanner,202,population_shift,1,2,0,23,124,0.18548387096774194
262144,ObservationPlanner,202,population_shift,1,2,1,55,124,0.4435483870967742
262144,ObservationPlanner,202,population_shift,1,2,2,26,124,0.20967741935483872
262144,ObservationPlanner,202,population_shift,1,2,3,8,124,0.06451612903225806
262144,ObservationPlanner,202,population_shift,1,2,4,12,124,0.0967741935483871
262144,ObservationPlanner,202,population_shift,2,0,0,60,61,0.9836065573770492
262144,ObservationPlanner,202,population_shift,2,0,1,1,61,0.01639344262295082
262144,ObservationPlanner,202,population_shift,2,0,2,0,61,0.0
262144,ObservationPlanner,202,population_shift,2,0,3,0,61,0.0
262144,ObservationPlanner,202,population_shift,2,0,4,0,61,0.0
262144,ObservationPlanner,202,population_shift,2,1,0,194,219,0.8858447488584474
262144,ObservationPlanner,202,population_shift,2,1,1,6,219,0.0273972602739726
262144,ObservationPlanner,202,population_shift,2,1,2,18,219,0.0821917808219178
262144,ObservationPlanner,202,population_shift,2,1,3,1,219,0.0045662100456621
262144,ObservationPlanner,202,population_shift,2,1,4,0,219,0.0
262144,ObservationPlanner,202,population_shift,2,2,0,137,283,0.4840989399293286
262144,ObservationPlanner,202,population_shift,2,2,1,71,283,0.2508833922261484
262144,ObservationPlanner,202,population_shift,2,2,2,54,283,0.19081272084805653
262144,ObservationPlanner,202,population_shift,2,2,3,11,283,0.038869257950530034
262144,ObservationPlanner,202,population_shift,2,2,4,10,283,0.0353356890459364
262144,ObservationPlanner,303,population_shift,0,0,0,8,20,0.4
262144,ObservationPlanner,303,population_shift,0,0,1,0,20,0.0
262144,ObservationPlanner,303,population_shift,0,0,2,0,20,0.0
262144,ObservationPlanner,303,population_shift,0,0,3,0,20,0.0
262144,ObservationPlanner,303,population_shift,0,0,4,12,20,0.6
262144,ObservationPlanner,303,population_shift,0,1,0,123,360,0.3416666666666667
262144,ObservationPlanner,303,population_shift,0,1,1,97,360,0.26944444444444443
262144,ObservationPlanner,303,population_shift,0,1,2,24,360,0.06666666666666667
262144,ObservationPlanner,303,population_shift,0,1,3,23,360,0.06388888888888888
262144,ObservationPlanner,303,population_shift,0,1,4,93,360,0.25833333333333336
262144,ObservationPlanner,303,population_shift,0,2,0,2,13,0.15384615384615385
262144,ObservationPlanner,303,population_shift,0,2,1,6,13,0.46153846153846156
262144,ObservationPlanner,303,population_shift,0,2,2,1,13,0.07692307692307693
262144,ObservationPlanner,303,population_shift,0,2,3,3,13,0.23076923076923078
262144,ObservationPlanner,303,population_shift,0,2,4,1,13,0.07692307692307693
262144,ObservationPlanner,303,population_shift,1,0,0,121,121,1.0
262144,ObservationPlanner,303,population_shift,1,0,1,0,121,0.0
262144,ObservationPlanner,303,population_shift,1,0,2,0,121,0.0
262144,ObservationPlanner,303,population_shift,1,0,3,0,121,0.0
262144,ObservationPlanner,303,population_shift,1,0,4,0,121,0.0
262144,ObservationPlanner,303,population_shift,1,1,0,293,426,0.687793427230047
262144,ObservationPlanner,303,population_shift,1,1,1,43,426,0.10093896713615023
262144,ObservationPlanner,303,population_shift,1,1,2,57,426,0.13380281690140844
262144,ObservationPlanner,303,population_shift,1,1,3,10,426,0.023474178403755867
262144,ObservationPlanner,303,population_shift,1,1,4,23,426,0.0539906103286385
262144,ObservationPlanner,303,population_shift,1,2,0,23,124,0.18548387096774194
262144,ObservationPlanner,303,population_shift,1,2,1,55,124,0.4435483870967742
262144,ObservationPlanner,303,population_shift,1,2,2,26,124,0.20967741935483872
262144,ObservationPlanner,303,population_shift,1,2,3,8,124,0.06451612903225806
262144,ObservationPlanner,303,population_shift,1,2,4,12,124,0.0967741935483871
262144,ObservationPlanner,303,population_shift,2,0,0,60,61,0.9836065573770492
262144,ObservationPlanner,303,population_shift,2,0,1,1,61,0.01639344262295082
262144,ObservationPlanner,303,population_shift,2,0,2,0,61,0.0
262144,ObservationPlanner,303,population_shift,2,0,3,0,61,0.0
262144,ObservationPlanner,303,population_shift,2,0,4,0,61,0.0
262144,ObservationPlanner,303,population_shift,2,1,0,194,219,0.8858447488584474
262144,ObservationPlanner,303,population_shift,2,1,1,6,219,0.0273972602739726
262144,ObservationPlanner,303,population_shift,2,1,2,18,219,0.0821917808219178
262144,ObservationPlanner,303,population_shift,2,1,3,1,219,0.0045662100456621
262144,ObservationPlanner,303,population_shift,2,1,4,0,219,0.0
262144,ObservationPlanner,303,population_shift,2,2,0,137,283,0.4840989399293286
262144,ObservationPlanner,303,population_shift,2,2,1,71,283,0.2508833922261484
262144,ObservationPlanner,303,population_shift,2,2,2,54,283,0.19081272084805653
262144,ObservationPlanner,303,population_shift,2,2,3,11,283,0.038869257950530034
262144,ObservationPlanner,303,population_shift,2,2,4,10,283,0.0353356890459364
262144,ObservationPlanner,404,population_shift,0,0,0,8,20,0.4
262144,ObservationPlanner,404,population_shift,0,0,1,0,20,0.0
262144,ObservationPlanner,404,population_shift,0,0,2,0,20,0.0
262144,ObservationPlanner,404,population_shift,0,0,3,0,20,0.0
262144,ObservationPlanner,404,population_shift,0,0,4,12,20,0.6
262144,ObservationPlanner,404,population_shift,0,1,0,123,360,0.3416666666666667
262144,ObservationPlanner,404,population_shift,0,1,1,97,360,0.26944444444444443
262144,ObservationPlanner,404,population_shift,0,1,2,24,360,0.06666666666666667
262144,ObservationPlanner,404,population_shift,0,1,3,23,360,0.06388888888888888
262144,ObservationPlanner,404,population_shift,0,1,4,93,360,0.25833333333333336
262144,ObservationPlanner,404,population_shift,0,2,0,2,13,0.15384615384615385
262144,ObservationPlanner,404,population_shift,0,2,1,6,13,0.46153846153846156
262144,ObservationPlanner,404,population_shift,0,2,2,1,13,0.07692307692307693
262144,ObservationPlanner,404,population_shift,0,2,3,3,13,0.23076923076923078
262144,ObservationPlanner,404,population_shift,0,2,4,1,13,0.07692307692307693
262144,ObservationPlanner,404,population_shift,1,0,0,121,121,1.0
262144,ObservationPlanner,404,population_shift,1,0,1,0,121,0.0
262144,ObservationPlanner,404,population_shift,1,0,2,0,121,0.0
262144,ObservationPlanner,404,population_shift,1,0,3,0,121,0.0
262144,ObservationPlanner,404,population_shift,1,0,4,0,121,0.0
262144,ObservationPlanner,404,population_shift,1,1,0,293,426,0.687793427230047
262144,ObservationPlanner,404,population_shift,1,1,1,43,426,0.10093896713615023
262144,ObservationPlanner,404,population_shift,1,1,2,57,426,0.13380281690140844
262144,ObservationPlanner,404,population_shift,1,1,3,10,426,0.023474178403755867
262144,ObservationPlanner,404,population_shift,1,1,4,23,426,0.0539906103286385
262144,ObservationPlanner,404,population_shift,1,2,0,23,124,0.18548387096774194
262144,ObservationPlanner,404,population_shift,1,2,1,55,124,0.4435483870967742
262144,ObservationPlanner,404,population_shift,1,2,2,26,124,0.20967741935483872
262144,ObservationPlanner,404,population_shift,1,2,3,8,124,0.06451612903225806
262144,ObservationPlanner,404,population_shift,1,2,4,12,124,0.0967741935483871
262144,ObservationPlanner,404,population_shift,2,0,0,60,61,0.9836065573770492
262144,ObservationPlanner,404,population_shift,2,0,1,1,61,0.01639344262295082
262144,ObservationPlanner,404,population_shift,2,0,2,0,61,0.0
262144,ObservationPlanner,404,population_shift,2,0,3,0,61,0.0
262144,ObservationPlanner,404,population_shift,2,0,4,0,61,0.0
262144,ObservationPlanner,404,population_shift,2,1,0,194,219,0.8858447488584474
262144,ObservationPlanner,404,population_shift,2,1,1,6,219,0.0273972602739726
262144,ObservationPlanner,404,population_shift,2,1,2,18,219,0.0821917808219178
262144,ObservationPlanner,404,population_shift,2,1,3,1,219,0.0045662100456621
262144,ObservationPlanner,404,population_shift,2,1,4,0,219,0.0
262144,ObservationPlanner,404,population_shift,2,2,0,137,283,0.4840989399293286
262144,ObservationPlanner,404,population_shift,2,2,1,71,283,0.2508833922261484
262144,ObservationPlanner,404,population_shift,2,2,2,54,283,0.19081272084805653
262144,ObservationPlanner,404,population_shift,2,2,3,11,283,0.038869257950530034
262144,ObservationPlanner,404,population_shift,2,2,4,10,283,0.0353356890459364
262144,ObservationPlanner,505,population_shift,0,0,0,8,20,0.4
262144,ObservationPlanner,505,population_shift,0,0,1,0,20,0.0
262144,ObservationPlanner,505,population_shift,0,0,2,0,20,0.0
262144,ObservationPlanner,505,population_shift,0,0,3,0,20,0.0
262144,ObservationPlanner,505,population_shift,0,0,4,12,20,0.6
262144,ObservationPlanner,505,population_shift,0,1,0,123,360,0.3416666666666667
262144,ObservationPlanner,505,population_shift,0,1,1,97,360,0.26944444444444443
262144,ObservationPlanner,505,population_shift,0,1,2,24,360,0.06666666666666667
262144,ObservationPlanner,505,population_shift,0,1,3,23,360,0.06388888888888888
262144,ObservationPlanner,505,population_shift,0,1,4,93,360,0.25833333333333336
262144,ObservationPlanner,505,population_shift,0,2,0,2,13,0.15384615384615385
262144,ObservationPlanner,505,population_shift,0,2,1,6,13,0.46153846153846156
262144,ObservationPlanner,505,population_shift,0,2,2,1,13,0.07692307692307693
262144,ObservationPlanner,505,population_shift,0,2,3,3,13,0.23076923076923078
262144,ObservationPlanner,505,population_shift,0,2,4,1,13,0.07692307692307693
262144,ObservationPlanner,505,population_shift,1,0,0,121,121,1.0
262144,ObservationPlanner,505,population_shift,1,0,1,0,121,0.0
262144,ObservationPlanner,505,population_shift,1,0,2,0,121,0.0
262144,ObservationPlanner,505,population_shift,1,0,3,0,121,0.0
262144,ObservationPlanner,505,population_shift,1,0,4,0,121,0.0
262144,ObservationPlanner,505,population_shift,1,1,0,293,426,0.687793427230047
262144,ObservationPlanner,505,population_shift,1,1,1,43,426,0.10093896713615023
262144,ObservationPlanner,505,population_shift,1,1,2,57,426,0.13380281690140844
262144,ObservationPlanner,505,population_shift,1,1,3,10,426,0.023474178403755867
262144,ObservationPlanner,505,population_shift,1,1,4,23,426,0.0539906103286385
262144,ObservationPlanner,505,population_shift,1,2,0,23,124,0.18548387096774194
262144,ObservationPlanner,505,population_shift,1,2,1,55,124,0.4435483870967742
262144,ObservationPlanner,505,population_shift,1,2,2,26,124,0.20967741935483872
262144,ObservationPlanner,505,population_shift,1,2,3,8,124,0.06451612903225806
262144,ObservationPlanner,505,population_shift,1,2,4,12,124,0.0967741935483871
262144,ObservationPlanner,505,population_shift,2,0,0,60,61,0.9836065573770492
262144,ObservationPlanner,505,population_shift,2,0,1,1,61,0.01639344262295082
262144,ObservationPlanner,505,population_shift,2,0,2,0,61,0.0
262144,ObservationPlanner,505,population_shift,2,0,3,0,61,0.0
262144,ObservationPlanner,505,population_shift,2,0,4,0,61,0.0
262144,ObservationPlanner,505,population_shift,2,1,0,194,219,0.8858447488584474
262144,ObservationPlanner,505,population_shift,2,1,1,6,219,0.0273972602739726
262144,ObservationPlanner,505,population_shift,2,1,2,18,219,0.0821917808219178
262144,ObservationPlanner,505,population_shift,2,1,3,1,219,0.0045662100456621
262144,ObservationPlanner,505,population_shift,2,1,4,0,219,0.0
262144,ObservationPlanner,505,population_shift,2,2,0,137,283,0.4840989399293286
262144,ObservationPlanner,505,population_shift,2,2,1,71,283,0.2508833922261484
262144,ObservationPlanner,505,population_shift,2,2,2,54,283,0.19081272084805653
262144,ObservationPlanner,505,population_shift,2,2,3,11,283,0.038869257950530034
262144,ObservationPlanner,505,population_shift,2,2,4,10,283,0.0353356890459364
262144,PDThreshold,101,population_shift,0,0,0,0,400,0.0
262144,PDThreshold,101,population_shift,0,0,1,0,400,0.0
262144,PDThreshold,101,population_shift,0,0,2,142,400,0.355
262144,PDThreshold,101,population_shift,0,0,3,258,400,0.645
262144,PDThreshold,101,population_shift,0,0,4,0,400,0.0
262144,PDThreshold,101,population_shift,0,1,0,0,28,0.0
262144,PDThreshold,101,population_shift,0,1,1,0,28,0.0
262144,PDThreshold,101,population_shift,0,1,2,1,28,0.03571428571428571
262144,PDThreshold,101,population_shift,0,1,3,27,28,0.9642857142857143
262144,PDThreshold,101,population_shift,0,1,4,0,28,0.0
262144,PDThreshold,101,population_shift,1,0,0,0,335,0.0
262144,PDThreshold,101,population_shift,1,0,1,0,335,0.0
262144,PDThreshold,101,population_shift,1,0,2,335,335,1.0
262144,PDThreshold,101,population_shift,1,0,3,0,335,0.0
262144,PDThreshold,101,population_shift,1,0,4,0,335,0.0
262144,PDThreshold,101,population_shift,1,1,0,0,310,0.0
262144,PDThreshold,101,population_shift,1,1,1,0,310,0.0
262144,PDThreshold,101,population_shift,1,1,2,310,310,1.0
262144,PDThreshold,101,population_shift,1,1,3,0,310,0.0
262144,PDThreshold,101,population_shift,1,1,4,0,310,0.0
262144,PDThreshold,101,population_shift,1,2,0,0,12,0.0
262144,PDThreshold,101,population_shift,1,2,1,0,12,0.0
262144,PDThreshold,101,population_shift,1,2,2,12,12,1.0
262144,PDThreshold,101,population_shift,1,2,3,0,12,0.0
262144,PDThreshold,101,population_shift,1,2,4,0,12,0.0
262144,PDThreshold,101,population_shift,2,0,0,0,103,0.0
262144,PDThreshold,101,population_shift,2,0,1,103,103,1.0
262144,PDThreshold,101,population_shift,2,0,2,0,103,0.0
262144,PDThreshold,101,population_shift,2,0,3,0,103,0.0
262144,PDThreshold,101,population_shift,2,0,4,0,103,0.0
262144,PDThreshold,101,population_shift,2,1,0,0,354,0.0
262144,PDThreshold,101,population_shift,2,1,1,354,354,1.0
262144,PDThreshold,101,population_shift,2,1,2,0,354,0.0
262144,PDThreshold,101,population_shift,2,1,3,0,354,0.0
262144,PDThreshold,101,population_shift,2,1,4,0,354,0.0
262144,PDThreshold,101,population_shift,2,2,0,0,215,0.0
262144,PDThreshold,101,population_shift,2,2,1,215,215,1.0
262144,PDThreshold,101,population_shift,2,2,2,0,215,0.0
262144,PDThreshold,101,population_shift,2,2,3,0,215,0.0
262144,PDThreshold,101,population_shift,2,2,4,0,215,0.0
262144,PDThreshold,202,population_shift,0,0,0,0,400,0.0
262144,PDThreshold,202,population_shift,0,0,1,0,400,0.0
262144,PDThreshold,202,population_shift,0,0,2,142,400,0.355
262144,PDThreshold,202,population_shift,0,0,3,258,400,0.645
262144,PDThreshold,202,population_shift,0,0,4,0,400,0.0
262144,PDThreshold,202,population_shift,0,1,0,0,28,0.0
262144,PDThreshold,202,population_shift,0,1,1,0,28,0.0
262144,PDThreshold,202,population_shift,0,1,2,1,28,0.03571428571428571
262144,PDThreshold,202,population_shift,0,1,3,27,28,0.9642857142857143
262144,PDThreshold,202,population_shift,0,1,4,0,28,0.0
262144,PDThreshold,202,population_shift,1,0,0,0,335,0.0
262144,PDThreshold,202,population_shift,1,0,1,0,335,0.0
262144,PDThreshold,202,population_shift,1,0,2,335,335,1.0
262144,PDThreshold,202,population_shift,1,0,3,0,335,0.0
262144,PDThreshold,202,population_shift,1,0,4,0,335,0.0
262144,PDThreshold,202,population_shift,1,1,0,0,310,0.0
262144,PDThreshold,202,population_shift,1,1,1,0,310,0.0
262144,PDThreshold,202,population_shift,1,1,2,310,310,1.0
262144,PDThreshold,202,population_shift,1,1,3,0,310,0.0
262144,PDThreshold,202,population_shift,1,1,4,0,310,0.0
262144,PDThreshold,202,population_shift,1,2,0,0,12,0.0
262144,PDThreshold,202,population_shift,1,2,1,0,12,0.0
262144,PDThreshold,202,population_shift,1,2,2,12,12,1.0
262144,PDThreshold,202,population_shift,1,2,3,0,12,0.0
262144,PDThreshold,202,population_shift,1,2,4,0,12,0.0
262144,PDThreshold,202,population_shift,2,0,0,0,103,0.0
262144,PDThreshold,202,population_shift,2,0,1,103,103,1.0
262144,PDThreshold,202,population_shift,2,0,2,0,103,0.0
262144,PDThreshold,202,population_shift,2,0,3,0,103,0.0
262144,PDThreshold,202,population_shift,2,0,4,0,103,0.0
262144,PDThreshold,202,population_shift,2,1,0,0,354,0.0
262144,PDThreshold,202,population_shift,2,1,1,354,354,1.0
262144,PDThreshold,202,population_shift,2,1,2,0,354,0.0
262144,PDThreshold,202,population_shift,2,1,3,0,354,0.0
262144,PDThreshold,202,population_shift,2,1,4,0,354,0.0
262144,PDThreshold,202,population_shift,2,2,0,0,215,0.0
262144,PDThreshold,202,population_shift,2,2,1,215,215,1.0
262144,PDThreshold,202,population_shift,2,2,2,0,215,0.0
262144,PDThreshold,202,population_shift,2,2,3,0,215,0.0
262144,PDThreshold,202,population_shift,2,2,4,0,215,0.0
262144,PDThreshold,303,population_shift,0,0,0,0,400,0.0
262144,PDThreshold,303,population_shift,0,0,1,0,400,0.0
262144,PDThreshold,303,population_shift,0,0,2,142,400,0.355
262144,PDThreshold,303,population_shift,0,0,3,258,400,0.645
262144,PDThreshold,303,population_shift,0,0,4,0,400,0.0
262144,PDThreshold,303,population_shift,0,1,0,0,28,0.0
262144,PDThreshold,303,population_shift,0,1,1,0,28,0.0
262144,PDThreshold,303,population_shift,0,1,2,1,28,0.03571428571428571
262144,PDThreshold,303,population_shift,0,1,3,27,28,0.9642857142857143
262144,PDThreshold,303,population_shift,0,1,4,0,28,0.0
262144,PDThreshold,303,population_shift,1,0,0,0,335,0.0
262144,PDThreshold,303,population_shift,1,0,1,0,335,0.0
262144,PDThreshold,303,population_shift,1,0,2,335,335,1.0
262144,PDThreshold,303,population_shift,1,0,3,0,335,0.0
262144,PDThreshold,303,population_shift,1,0,4,0,335,0.0
262144,PDThreshold,303,population_shift,1,1,0,0,310,0.0
262144,PDThreshold,303,population_shift,1,1,1,0,310,0.0
262144,PDThreshold,303,population_shift,1,1,2,310,310,1.0
262144,PDThreshold,303,population_shift,1,1,3,0,310,0.0
262144,PDThreshold,303,population_shift,1,1,4,0,310,0.0
262144,PDThreshold,303,population_shift,1,2,0,0,12,0.0
262144,PDThreshold,303,population_shift,1,2,1,0,12,0.0
262144,PDThreshold,303,population_shift,1,2,2,12,12,1.0
262144,PDThreshold,303,population_shift,1,2,3,0,12,0.0
262144,PDThreshold,303,population_shift,1,2,4,0,12,0.0
262144,PDThreshold,303,population_shift,2,0,0,0,103,0.0
262144,PDThreshold,303,population_shift,2,0,1,103,103,1.0
262144,PDThreshold,303,population_shift,2,0,2,0,103,0.0
262144,PDThreshold,303,population_shift,2,0,3,0,103,0.0
262144,PDThreshold,303,population_shift,2,0,4,0,103,0.0
262144,PDThreshold,303,population_shift,2,1,0,0,354,0.0
262144,PDThreshold,303,population_shift,2,1,1,354,354,1.0
262144,PDThreshold,303,population_shift,2,1,2,0,354,0.0
262144,PDThreshold,303,population_shift,2,1,3,0,354,0.0
262144,PDThreshold,303,population_shift,2,1,4,0,354,0.0
262144,PDThreshold,303,population_shift,2,2,0,0,215,0.0
262144,PDThreshold,303,population_shift,2,2,1,215,215,1.0
262144,PDThreshold,303,population_shift,2,2,2,0,215,0.0
262144,PDThreshold,303,population_shift,2,2,3,0,215,0.0
262144,PDThreshold,303,population_shift,2,2,4,0,215,0.0
262144,PDThreshold,404,population_shift,0,0,0,0,400,0.0
262144,PDThreshold,404,population_shift,0,0,1,0,400,0.0
262144,PDThreshold,404,population_shift,0,0,2,142,400,0.355
262144,PDThreshold,404,population_shift,0,0,3,258,400,0.645
262144,PDThreshold,404,population_shift,0,0,4,0,400,0.0
262144,PDThreshold,404,population_shift,0,1,0,0,28,0.0
262144,PDThreshold,404,population_shift,0,1,1,0,28,0.0
262144,PDThreshold,404,population_shift,0,1,2,1,28,0.03571428571428571
262144,PDThreshold,404,population_shift,0,1,3,27,28,0.9642857142857143
262144,PDThreshold,404,population_shift,0,1,4,0,28,0.0
262144,PDThreshold,404,population_shift,1,0,0,0,335,0.0
262144,PDThreshold,404,population_shift,1,0,1,0,335,0.0
262144,PDThreshold,404,population_shift,1,0,2,335,335,1.0
262144,PDThreshold,404,population_shift,1,0,3,0,335,0.0
262144,PDThreshold,404,population_shift,1,0,4,0,335,0.0
262144,PDThreshold,404,population_shift,1,1,0,0,310,0.0
262144,PDThreshold,404,population_shift,1,1,1,0,310,0.0
262144,PDThreshold,404,population_shift,1,1,2,310,310,1.0
262144,PDThreshold,404,population_shift,1,1,3,0,310,0.0
262144,PDThreshold,404,population_shift,1,1,4,0,310,0.0
262144,PDThreshold,404,population_shift,1,2,0,0,12,0.0
262144,PDThreshold,404,population_shift,1,2,1,0,12,0.0
262144,PDThreshold,404,population_shift,1,2,2,12,12,1.0
262144,PDThreshold,404,population_shift,1,2,3,0,12,0.0
262144,PDThreshold,404,population_shift,1,2,4,0,12,0.0
262144,PDThreshold,404,population_shift,2,0,0,0,103,0.0
262144,PDThreshold,404,population_shift,2,0,1,103,103,1.0
262144,PDThreshold,404,population_shift,2,0,2,0,103,0.0
262144,PDThreshold,404,population_shift,2,0,3,0,103,0.0
262144,PDThreshold,404,population_shift,2,0,4,0,103,0.0
262144,PDThreshold,404,population_shift,2,1,0,0,354,0.0
262144,PDThreshold,404,population_shift,2,1,1,354,354,1.0
262144,PDThreshold,404,population_shift,2,1,2,0,354,0.0
262144,PDThreshold,404,population_shift,2,1,3,0,354,0.0
262144,PDThreshold,404,population_shift,2,1,4,0,354,0.0
262144,PDThreshold,404,population_shift,2,2,0,0,215,0.0
262144,PDThreshold,404,population_shift,2,2,1,215,215,1.0
262144,PDThreshold,404,population_shift,2,2,2,0,215,0.0
262144,PDThreshold,404,population_shift,2,2,3,0,215,0.0
262144,PDThreshold,404,population_shift,2,2,4,0,215,0.0
262144,PDThreshold,505,population_shift,0,0,0,0,400,0.0
262144,PDThreshold,505,population_shift,0,0,1,0,400,0.0
262144,PDThreshold,505,population_shift,0,0,2,142,400,0.355
262144,PDThreshold,505,population_shift,0,0,3,258,400,0.645
262144,PDThreshold,505,population_shift,0,0,4,0,400,0.0
262144,PDThreshold,505,population_shift,0,1,0,0,28,0.0
262144,PDThreshold,505,population_shift,0,1,1,0,28,0.0
262144,PDThreshold,505,population_shift,0,1,2,1,28,0.03571428571428571
262144,PDThreshold,505,population_shift,0,1,3,27,28,0.9642857142857143
262144,PDThreshold,505,population_shift,0,1,4,0,28,0.0
262144,PDThreshold,505,population_shift,1,0,0,0,335,0.0
262144,PDThreshold,505,population_shift,1,0,1,0,335,0.0
262144,PDThreshold,505,population_shift,1,0,2,335,335,1.0
262144,PDThreshold,505,population_shift,1,0,3,0,335,0.0
262144,PDThreshold,505,population_shift,1,0,4,0,335,0.0
262144,PDThreshold,505,population_shift,1,1,0,0,310,0.0
262144,PDThreshold,505,population_shift,1,1,1,0,310,0.0
262144,PDThreshold,505,population_shift,1,1,2,310,310,1.0
262144,PDThreshold,505,population_shift,1,1,3,0,310,0.0
262144,PDThreshold,505,population_shift,1,1,4,0,310,0.0
262144,PDThreshold,505,population_shift,1,2,0,0,12,0.0
262144,PDThreshold,505,population_shift,1,2,1,0,12,0.0
262144,PDThreshold,505,population_shift,1,2,2,12,12,1.0
262144,PDThreshold,505,population_shift,1,2,3,0,12,0.0
262144,PDThreshold,505,population_shift,1,2,4,0,12,0.0
262144,PDThreshold,505,population_shift,2,0,0,0,103,0.0
262144,PDThreshold,505,population_shift,2,0,1,103,103,1.0
262144,PDThreshold,505,population_shift,2,0,2,0,103,0.0
262144,PDThreshold,505,population_shift,2,0,3,0,103,0.0
262144,PDThreshold,505,population_shift,2,0,4,0,103,0.0
262144,PDThreshold,505,population_shift,2,1,0,0,354,0.0
262144,PDThreshold,505,population_shift,2,1,1,354,354,1.0
262144,PDThreshold,505,population_shift,2,1,2,0,354,0.0
262144,PDThreshold,505,population_shift,2,1,3,0,354,0.0
262144,PDThreshold,505,population_shift,2,1,4,0,354,0.0
262144,PDThreshold,505,population_shift,2,2,0,0,215,0.0
262144,PDThreshold,505,population_shift,2,2,1,215,215,1.0
262144,PDThreshold,505,population_shift,2,2,2,0,215,0.0
262144,PDThreshold,505,population_shift,2,2,3,0,215,0.0
262144,PDThreshold,505,population_shift,2,2,4,0,215,0.0
262144,Static,101,population_shift,0,0,0,0,338,0.0
262144,Static,101,population_shift,0,0,1,0,338,0.0
262144,Static,101,population_shift,0,0,2,338,338,1.0
262144,Static,101,population_shift,0,0,3,0,338,0.0
262144,Static,101,population_shift,0,0,4,0,338,0.0
262144,Static,101,population_shift,0,1,0,0,84,0.0
262144,Static,101,population_shift,0,1,1,0,84,0.0
262144,Static,101,population_shift,0,1,2,84,84,1.0
262144,Static,101,population_shift,0,1,3,0,84,0.0
262144,Static,101,population_shift,0,1,4,0,84,0.0
262144,Static,101,population_shift,1,0,0,0,333,0.0
262144,Static,101,population_shift,1,0,1,0,333,0.0
262144,Static,101,population_shift,1,0,2,333,333,1.0
262144,Static,101,population_shift,1,0,3,0,333,0.0
262144,Static,101,population_shift,1,0,4,0,333,0.0
262144,Static,101,population_shift,1,1,0,0,307,0.0
262144,Static,101,population_shift,1,1,1,0,307,0.0
262144,Static,101,population_shift,1,1,2,307,307,1.0
262144,Static,101,population_shift,1,1,3,0,307,0.0
262144,Static,101,population_shift,1,1,4,0,307,0.0
262144,Static,101,population_shift,2,0,0,0,139,0.0
262144,Static,101,population_shift,2,0,1,0,139,0.0
262144,Static,101,population_shift,2,0,2,139,139,1.0
262144,Static,101,population_shift,2,0,3,0,139,0.0
262144,Static,101,population_shift,2,0,4,0,139,0.0
262144,Static,101,population_shift,2,1,0,0,571,0.0
262144,Static,101,population_shift,2,1,1,0,571,0.0
262144,Static,101,population_shift,2,1,2,571,571,1.0
262144,Static,101,population_shift,2,1,3,0,571,0.0
262144,Static,101,population_shift,2,1,4,0,571,0.0
262144,Static,202,population_shift,0,0,0,0,338,0.0
262144,Static,202,population_shift,0,0,1,0,338,0.0
262144,Static,202,population_shift,0,0,2,338,338,1.0
262144,Static,202,population_shift,0,0,3,0,338,0.0
262144,Static,202,population_shift,0,0,4,0,338,0.0
262144,Static,202,population_shift,0,1,0,0,84,0.0
262144,Static,202,population_shift,0,1,1,0,84,0.0
262144,Static,202,population_shift,0,1,2,84,84,1.0
262144,Static,202,population_shift,0,1,3,0,84,0.0
262144,Static,202,population_shift,0,1,4,0,84,0.0
262144,Static,202,population_shift,1,0,0,0,333,0.0
262144,Static,202,population_shift,1,0,1,0,333,0.0
262144,Static,202,population_shift,1,0,2,333,333,1.0
262144,Static,202,population_shift,1,0,3,0,333,0.0
262144,Static,202,population_shift,1,0,4,0,333,0.0
262144,Static,202,population_shift,1,1,0,0,307,0.0
262144,Static,202,population_shift,1,1,1,0,307,0.0
262144,Static,202,population_shift,1,1,2,307,307,1.0
262144,Static,202,population_shift,1,1,3,0,307,0.0
262144,Static,202,population_shift,1,1,4,0,307,0.0
262144,Static,202,population_shift,2,0,0,0,139,0.0
262144,Static,202,population_shift,2,0,1,0,139,0.0
262144,Static,202,population_shift,2,0,2,139,139,1.0
262144,Static,202,population_shift,2,0,3,0,139,0.0
262144,Static,202,population_shift,2,0,4,0,139,0.0
262144,Static,202,population_shift,2,1,0,0,571,0.0
262144,Static,202,population_shift,2,1,1,0,571,0.0
262144,Static,202,population_shift,2,1,2,571,571,1.0
262144,Static,202,population_shift,2,1,3,0,571,0.0
262144,Static,202,population_shift,2,1,4,0,571,0.0
262144,Static,303,population_shift,0,0,0,0,338,0.0
262144,Static,303,population_shift,0,0,1,0,338,0.0
262144,Static,303,population_shift,0,0,2,338,338,1.0
262144,Static,303,population_shift,0,0,3,0,338,0.0
262144,Static,303,population_shift,0,0,4,0,338,0.0
262144,Static,303,population_shift,0,1,0,0,84,0.0
262144,Static,303,population_shift,0,1,1,0,84,0.0
262144,Static,303,population_shift,0,1,2,84,84,1.0
262144,Static,303,population_shift,0,1,3,0,84,0.0
262144,Static,303,population_shift,0,1,4,0,84,0.0
262144,Static,303,population_shift,1,0,0,0,333,0.0
262144,Static,303,population_shift,1,0,1,0,333,0.0
262144,Static,303,population_shift,1,0,2,333,333,1.0
262144,Static,303,population_shift,1,0,3,0,333,0.0
262144,Static,303,population_shift,1,0,4,0,333,0.0
262144,Static,303,population_shift,1,1,0,0,307,0.0
262144,Static,303,population_shift,1,1,1,0,307,0.0
262144,Static,303,population_shift,1,1,2,307,307,1.0
262144,Static,303,population_shift,1,1,3,0,307,0.0
262144,Static,303,population_shift,1,1,4,0,307,0.0
262144,Static,303,population_shift,2,0,0,0,139,0.0
262144,Static,303,population_shift,2,0,1,0,139,0.0
262144,Static,303,population_shift,2,0,2,139,139,1.0
262144,Static,303,population_shift,2,0,3,0,139,0.0
262144,Static,303,population_shift,2,0,4,0,139,0.0
262144,Static,303,population_shift,2,1,0,0,571,0.0
262144,Static,303,population_shift,2,1,1,0,571,0.0
262144,Static,303,population_shift,2,1,2,571,571,1.0
262144,Static,303,population_shift,2,1,3,0,571,0.0
262144,Static,303,population_shift,2,1,4,0,571,0.0
262144,Static,404,population_shift,0,0,0,0,338,0.0
262144,Static,404,population_shift,0,0,1,0,338,0.0
262144,Static,404,population_shift,0,0,2,338,338,1.0
262144,Static,404,population_shift,0,0,3,0,338,0.0
262144,Static,404,population_shift,0,0,4,0,338,0.0
262144,Static,404,population_shift,0,1,0,0,84,0.0
262144,Static,404,population_shift,0,1,1,0,84,0.0
262144,Static,404,population_shift,0,1,2,84,84,1.0
262144,Static,404,population_shift,0,1,3,0,84,0.0
262144,Static,404,population_shift,0,1,4,0,84,0.0
262144,Static,404,population_shift,1,0,0,0,333,0.0
262144,Static,404,population_shift,1,0,1,0,333,0.0
262144,Static,404,population_shift,1,0,2,333,333,1.0
262144,Static,404,population_shift,1,0,3,0,333,0.0
262144,Static,404,population_shift,1,0,4,0,333,0.0
262144,Static,404,population_shift,1,1,0,0,307,0.0
262144,Static,404,population_shift,1,1,1,0,307,0.0
262144,Static,404,population_shift,1,1,2,307,307,1.0
262144,Static,404,population_shift,1,1,3,0,307,0.0
262144,Static,404,population_shift,1,1,4,0,307,0.0
262144,Static,404,population_shift,2,0,0,0,139,0.0
262144,Static,404,population_shift,2,0,1,0,139,0.0
262144,Static,404,population_shift,2,0,2,139,139,1.0
262144,Static,404,population_shift,2,0,3,0,139,0.0
262144,Static,404,population_shift,2,0,4,0,139,0.0
262144,Static,404,population_shift,2,1,0,0,571,0.0
262144,Static,404,population_shift,2,1,1,0,571,0.0
262144,Static,404,population_shift,2,1,2,571,571,1.0
262144,Static,404,population_shift,2,1,3,0,571,0.0
262144,Static,404,population_shift,2,1,4,0,571,0.0
262144,Static,505,population_shift,0,0,0,0,338,0.0
262144,Static,505,population_shift,0,0,1,0,338,0.0
262144,Static,505,population_shift,0,0,2,338,338,1.0
262144,Static,505,population_shift,0,0,3,0,338,0.0
262144,Static,505,population_shift,0,0,4,0,338,0.0
262144,Static,505,population_shift,0,1,0,0,84,0.0
262144,Static,505,population_shift,0,1,1,0,84,0.0
262144,Static,505,population_shift,0,1,2,84,84,1.0
262144,Static,505,population_shift,0,1,3,0,84,0.0
262144,Static,505,population_shift,0,1,4,0,84,0.0
262144,Static,505,population_shift,1,0,0,0,333,0.0
262144,Static,505,population_shift,1,0,1,0,333,0.0
262144,Static,505,population_shift,1,0,2,333,333,1.0
262144,Static,505,population_shift,1,0,3,0,333,0.0
262144,Static,505,population_shift,1,0,4,0,333,0.0
262144,Static,505,population_shift,1,1,0,0,307,0.0
262144,Static,505,population_shift,1,1,1,0,307,0.0
262144,Static,505,population_shift,1,1,2,307,307,1.0
262144,Static,505,population_shift,1,1,3,0,307,0.0
262144,Static,505,population_shift,1,1,4,0,307,0.0
262144,Static,505,population_shift,2,0,0,0,139,0.0
262144,Static,505,population_shift,2,0,1,0,139,0.0
262144,Static,505,population_shift,2,0,2,139,139,1.0
262144,Static,505,population_shift,2,0,3,0,139,0.0
262144,Static,505,population_shift,2,0,4,0,139,0.0
262144,Static,505,population_shift,2,1,0,0,571,0.0
262144,Static,505,population_shift,2,1,1,0,571,0.0
262144,Static,505,population_shift,2,1,2,571,571,1.0
262144,Static,505,population_shift,2,1,3,0,571,0.0
262144,Static,505,population_shift,2,1,4,0,571,0.0
262144,AlwaysDecrease20,101,risk_shift,0,0,0,16,16,1.0
262144,AlwaysDecrease20,101,risk_shift,0,0,1,0,16,0.0
262144,AlwaysDecrease20,101,risk_shift,0,0,2,0,16,0.0
262144,AlwaysDecrease20,101,risk_shift,0,0,3,0,16,0.0
262144,AlwaysDecrease20,101,risk_shift,0,0,4,0,16,0.0
262144,AlwaysDecrease20,101,risk_shift,0,1,0,145,465,0.3118279569892473
262144,AlwaysDecrease20,101,risk_shift,0,1,1,0,465,0.0
262144,AlwaysDecrease20,101,risk_shift,0,1,2,320,465,0.6881720430107527
262144,AlwaysDecrease20,101,risk_shift,0,1,3,0,465,0.0
262144,AlwaysDecrease20,101,risk_shift,0,1,4,0,465,0.0
262144,AlwaysDecrease20,101,risk_shift,0,2,0,25,39,0.6410256410256411
262144,AlwaysDecrease20,101,risk_shift,0,2,1,0,39,0.0
262144,AlwaysDecrease20,101,risk_shift,0,2,2,14,39,0.358974358974359
262144,AlwaysDecrease20,101,risk_shift,0,2,3,0,39,0.0
262144,AlwaysDecrease20,101,risk_shift,0,2,4,0,39,0.0
262144,AlwaysDecrease20,101,risk_shift,1,0,0,126,126,1.0
262144,AlwaysDecrease20,101,risk_shift,1,0,1,0,126,0.0
262144,AlwaysDecrease20,101,risk_shift,1,0,2,0,126,0.0
262144,AlwaysDecrease20,101,risk_shift,1,0,3,0,126,0.0
262144,AlwaysDecrease20,101,risk_shift,1,0,4,0,126,0.0
262144,AlwaysDecrease20,101,risk_shift,1,1,0,274,417,0.657074340527578
262144,AlwaysDecrease20,101,risk_shift,1,1,1,0,417,0.0
262144,AlwaysDecrease20,101,risk_shift,1,1,2,143,417,0.34292565947242204
262144,AlwaysDecrease20,101,risk_shift,1,1,3,0,417,0.0
262144,AlwaysDecrease20,101,risk_shift,1,1,4,0,417,0.0
262144,AlwaysDecrease20,101,risk_shift,1,2,0,118,131,0.9007633587786259
262144,AlwaysDecrease20,101,risk_shift,1,2,1,0,131,0.0
262144,AlwaysDecrease20,101,risk_shift,1,2,2,13,131,0.09923664122137404
262144,AlwaysDecrease20,101,risk_shift,1,2,3,0,131,0.0
262144,AlwaysDecrease20,101,risk_shift,1,2,4,0,131,0.0
262144,AlwaysDecrease20,101,risk_shift,2,0,0,58,58,1.0
262144,AlwaysDecrease20,101,risk_shift,2,0,1,0,58,0.0
262144,AlwaysDecrease20,101,risk_shift,2,0,2,0,58,0.0
262144,AlwaysDecrease20,101,risk_shift,2,0,3,0,58,0.0
262144,AlwaysDecrease20,101,risk_shift,2,0,4,0,58,0.0
262144,AlwaysDecrease20,101,risk_shift,2,1,0,176,189,0.9312169312169312
262144,AlwaysDecrease20,101,risk_shift,2,1,1,0,189,0.0
262144,AlwaysDecrease20,101,risk_shift,2,1,2,13,189,0.06878306878306878
262144,AlwaysDecrease20,101,risk_shift,2,1,3,0,189,0.0
262144,AlwaysDecrease20,101,risk_shift,2,1,4,0,189,0.0
262144,AlwaysDecrease20,101,risk_shift,2,2,0,215,226,0.9513274336283186
262144,AlwaysDecrease20,101,risk_shift,2,2,1,0,226,0.0
262144,AlwaysDecrease20,101,risk_shift,2,2,2,11,226,0.048672566371681415
262144,AlwaysDecrease20,101,risk_shift,2,2,3,0,226,0.0
262144,AlwaysDecrease20,101,risk_shift,2,2,4,0,226,0.0
262144,AlwaysDecrease20,202,risk_shift,0,0,0,16,16,1.0
262144,AlwaysDecrease20,202,risk_shift,0,0,1,0,16,0.0
262144,AlwaysDecrease20,202,risk_shift,0,0,2,0,16,0.0
262144,AlwaysDecrease20,202,risk_shift,0,0,3,0,16,0.0
262144,AlwaysDecrease20,202,risk_shift,0,0,4,0,16,0.0
262144,AlwaysDecrease20,202,risk_shift,0,1,0,145,465,0.3118279569892473
262144,AlwaysDecrease20,202,risk_shift,0,1,1,0,465,0.0
262144,AlwaysDecrease20,202,risk_shift,0,1,2,320,465,0.6881720430107527
262144,AlwaysDecrease20,202,risk_shift,0,1,3,0,465,0.0
262144,AlwaysDecrease20,202,risk_shift,0,1,4,0,465,0.0
262144,AlwaysDecrease20,202,risk_shift,0,2,0,25,39,0.6410256410256411
262144,AlwaysDecrease20,202,risk_shift,0,2,1,0,39,0.0
262144,AlwaysDecrease20,202,risk_shift,0,2,2,14,39,0.358974358974359
262144,AlwaysDecrease20,202,risk_shift,0,2,3,0,39,0.0
262144,AlwaysDecrease20,202,risk_shift,0,2,4,0,39,0.0
262144,AlwaysDecrease20,202,risk_shift,1,0,0,126,126,1.0
262144,AlwaysDecrease20,202,risk_shift,1,0,1,0,126,0.0
262144,AlwaysDecrease20,202,risk_shift,1,0,2,0,126,0.0
262144,AlwaysDecrease20,202,risk_shift,1,0,3,0,126,0.0
262144,AlwaysDecrease20,202,risk_shift,1,0,4,0,126,0.0
262144,AlwaysDecrease20,202,risk_shift,1,1,0,274,417,0.657074340527578
262144,AlwaysDecrease20,202,risk_shift,1,1,1,0,417,0.0
262144,AlwaysDecrease20,202,risk_shift,1,1,2,143,417,0.34292565947242204
262144,AlwaysDecrease20,202,risk_shift,1,1,3,0,417,0.0
262144,AlwaysDecrease20,202,risk_shift,1,1,4,0,417,0.0
262144,AlwaysDecrease20,202,risk_shift,1,2,0,118,131,0.9007633587786259
262144,AlwaysDecrease20,202,risk_shift,1,2,1,0,131,0.0
262144,AlwaysDecrease20,202,risk_shift,1,2,2,13,131,0.09923664122137404
262144,AlwaysDecrease20,202,risk_shift,1,2,3,0,131,0.0
262144,AlwaysDecrease20,202,risk_shift,1,2,4,0,131,0.0
262144,AlwaysDecrease20,202,risk_shift,2,0,0,58,58,1.0
262144,AlwaysDecrease20,202,risk_shift,2,0,1,0,58,0.0
262144,AlwaysDecrease20,202,risk_shift,2,0,2,0,58,0.0
262144,AlwaysDecrease20,202,risk_shift,2,0,3,0,58,0.0
262144,AlwaysDecrease20,202,risk_shift,2,0,4,0,58,0.0
262144,AlwaysDecrease20,202,risk_shift,2,1,0,176,189,0.9312169312169312
262144,AlwaysDecrease20,202,risk_shift,2,1,1,0,189,0.0
262144,AlwaysDecrease20,202,risk_shift,2,1,2,13,189,0.06878306878306878
262144,AlwaysDecrease20,202,risk_shift,2,1,3,0,189,0.0
262144,AlwaysDecrease20,202,risk_shift,2,1,4,0,189,0.0
262144,AlwaysDecrease20,202,risk_shift,2,2,0,215,226,0.9513274336283186
262144,AlwaysDecrease20,202,risk_shift,2,2,1,0,226,0.0
262144,AlwaysDecrease20,202,risk_shift,2,2,2,11,226,0.048672566371681415
262144,AlwaysDecrease20,202,risk_shift,2,2,3,0,226,0.0
262144,AlwaysDecrease20,202,risk_shift,2,2,4,0,226,0.0
262144,AlwaysDecrease20,303,risk_shift,0,0,0,16,16,1.0
262144,AlwaysDecrease20,303,risk_shift,0,0,1,0,16,0.0
262144,AlwaysDecrease20,303,risk_shift,0,0,2,0,16,0.0
262144,AlwaysDecrease20,303,risk_shift,0,0,3,0,16,0.0
262144,AlwaysDecrease20,303,risk_shift,0,0,4,0,16,0.0
262144,AlwaysDecrease20,303,risk_shift,0,1,0,145,465,0.3118279569892473
262144,AlwaysDecrease20,303,risk_shift,0,1,1,0,465,0.0
262144,AlwaysDecrease20,303,risk_shift,0,1,2,320,465,0.6881720430107527
262144,AlwaysDecrease20,303,risk_shift,0,1,3,0,465,0.0
262144,AlwaysDecrease20,303,risk_shift,0,1,4,0,465,0.0
262144,AlwaysDecrease20,303,risk_shift,0,2,0,25,39,0.6410256410256411
262144,AlwaysDecrease20,303,risk_shift,0,2,1,0,39,0.0
262144,AlwaysDecrease20,303,risk_shift,0,2,2,14,39,0.358974358974359
262144,AlwaysDecrease20,303,risk_shift,0,2,3,0,39,0.0
262144,AlwaysDecrease20,303,risk_shift,0,2,4,0,39,0.0
262144,AlwaysDecrease20,303,risk_shift,1,0,0,126,126,1.0
262144,AlwaysDecrease20,303,risk_shift,1,0,1,0,126,0.0
262144,AlwaysDecrease20,303,risk_shift,1,0,2,0,126,0.0
262144,AlwaysDecrease20,303,risk_shift,1,0,3,0,126,0.0
262144,AlwaysDecrease20,303,risk_shift,1,0,4,0,126,0.0
262144,AlwaysDecrease20,303,risk_shift,1,1,0,274,417,0.657074340527578
262144,AlwaysDecrease20,303,risk_shift,1,1,1,0,417,0.0
262144,AlwaysDecrease20,303,risk_shift,1,1,2,143,417,0.34292565947242204
262144,AlwaysDecrease20,303,risk_shift,1,1,3,0,417,0.0
262144,AlwaysDecrease20,303,risk_shift,1,1,4,0,417,0.0
262144,AlwaysDecrease20,303,risk_shift,1,2,0,118,131,0.9007633587786259
262144,AlwaysDecrease20,303,risk_shift,1,2,1,0,131,0.0
262144,AlwaysDecrease20,303,risk_shift,1,2,2,13,131,0.09923664122137404
262144,AlwaysDecrease20,303,risk_shift,1,2,3,0,131,0.0
262144,AlwaysDecrease20,303,risk_shift,1,2,4,0,131,0.0
262144,AlwaysDecrease20,303,risk_shift,2,0,0,58,58,1.0
262144,AlwaysDecrease20,303,risk_shift,2,0,1,0,58,0.0
262144,AlwaysDecrease20,303,risk_shift,2,0,2,0,58,0.0
262144,AlwaysDecrease20,303,risk_shift,2,0,3,0,58,0.0
262144,AlwaysDecrease20,303,risk_shift,2,0,4,0,58,0.0
262144,AlwaysDecrease20,303,risk_shift,2,1,0,176,189,0.9312169312169312
262144,AlwaysDecrease20,303,risk_shift,2,1,1,0,189,0.0
262144,AlwaysDecrease20,303,risk_shift,2,1,2,13,189,0.06878306878306878
262144,AlwaysDecrease20,303,risk_shift,2,1,3,0,189,0.0
262144,AlwaysDecrease20,303,risk_shift,2,1,4,0,189,0.0
262144,AlwaysDecrease20,303,risk_shift,2,2,0,215,226,0.9513274336283186
262144,AlwaysDecrease20,303,risk_shift,2,2,1,0,226,0.0
262144,AlwaysDecrease20,303,risk_shift,2,2,2,11,226,0.048672566371681415
262144,AlwaysDecrease20,303,risk_shift,2,2,3,0,226,0.0
262144,AlwaysDecrease20,303,risk_shift,2,2,4,0,226,0.0
262144,AlwaysDecrease20,404,risk_shift,0,0,0,16,16,1.0
262144,AlwaysDecrease20,404,risk_shift,0,0,1,0,16,0.0
262144,AlwaysDecrease20,404,risk_shift,0,0,2,0,16,0.0
262144,AlwaysDecrease20,404,risk_shift,0,0,3,0,16,0.0
262144,AlwaysDecrease20,404,risk_shift,0,0,4,0,16,0.0
262144,AlwaysDecrease20,404,risk_shift,0,1,0,145,465,0.3118279569892473
262144,AlwaysDecrease20,404,risk_shift,0,1,1,0,465,0.0
262144,AlwaysDecrease20,404,risk_shift,0,1,2,320,465,0.6881720430107527
262144,AlwaysDecrease20,404,risk_shift,0,1,3,0,465,0.0
262144,AlwaysDecrease20,404,risk_shift,0,1,4,0,465,0.0
262144,AlwaysDecrease20,404,risk_shift,0,2,0,25,39,0.6410256410256411
262144,AlwaysDecrease20,404,risk_shift,0,2,1,0,39,0.0
262144,AlwaysDecrease20,404,risk_shift,0,2,2,14,39,0.358974358974359
262144,AlwaysDecrease20,404,risk_shift,0,2,3,0,39,0.0
262144,AlwaysDecrease20,404,risk_shift,0,2,4,0,39,0.0
262144,AlwaysDecrease20,404,risk_shift,1,0,0,126,126,1.0
262144,AlwaysDecrease20,404,risk_shift,1,0,1,0,126,0.0
262144,AlwaysDecrease20,404,risk_shift,1,0,2,0,126,0.0
262144,AlwaysDecrease20,404,risk_shift,1,0,3,0,126,0.0
262144,AlwaysDecrease20,404,risk_shift,1,0,4,0,126,0.0
262144,AlwaysDecrease20,404,risk_shift,1,1,0,274,417,0.657074340527578
262144,AlwaysDecrease20,404,risk_shift,1,1,1,0,417,0.0
262144,AlwaysDecrease20,404,risk_shift,1,1,2,143,417,0.34292565947242204
262144,AlwaysDecrease20,404,risk_shift,1,1,3,0,417,0.0
262144,AlwaysDecrease20,404,risk_shift,1,1,4,0,417,0.0
262144,AlwaysDecrease20,404,risk_shift,1,2,0,118,131,0.9007633587786259
262144,AlwaysDecrease20,404,risk_shift,1,2,1,0,131,0.0
262144,AlwaysDecrease20,404,risk_shift,1,2,2,13,131,0.09923664122137404
262144,AlwaysDecrease20,404,risk_shift,1,2,3,0,131,0.0
262144,AlwaysDecrease20,404,risk_shift,1,2,4,0,131,0.0
262144,AlwaysDecrease20,404,risk_shift,2,0,0,58,58,1.0
262144,AlwaysDecrease20,404,risk_shift,2,0,1,0,58,0.0
262144,AlwaysDecrease20,404,risk_shift,2,0,2,0,58,0.0
262144,AlwaysDecrease20,404,risk_shift,2,0,3,0,58,0.0
262144,AlwaysDecrease20,404,risk_shift,2,0,4,0,58,0.0
262144,AlwaysDecrease20,404,risk_shift,2,1,0,176,189,0.9312169312169312
262144,AlwaysDecrease20,404,risk_shift,2,1,1,0,189,0.0
262144,AlwaysDecrease20,404,risk_shift,2,1,2,13,189,0.06878306878306878
262144,AlwaysDecrease20,404,risk_shift,2,1,3,0,189,0.0
262144,AlwaysDecrease20,404,risk_shift,2,1,4,0,189,0.0
262144,AlwaysDecrease20,404,risk_shift,2,2,0,215,226,0.9513274336283186
262144,AlwaysDecrease20,404,risk_shift,2,2,1,0,226,0.0
262144,AlwaysDecrease20,404,risk_shift,2,2,2,11,226,0.048672566371681415
262144,AlwaysDecrease20,404,risk_shift,2,2,3,0,226,0.0
262144,AlwaysDecrease20,404,risk_shift,2,2,4,0,226,0.0
262144,AlwaysDecrease20,505,risk_shift,0,0,0,16,16,1.0
262144,AlwaysDecrease20,505,risk_shift,0,0,1,0,16,0.0
262144,AlwaysDecrease20,505,risk_shift,0,0,2,0,16,0.0
262144,AlwaysDecrease20,505,risk_shift,0,0,3,0,16,0.0
262144,AlwaysDecrease20,505,risk_shift,0,0,4,0,16,0.0
262144,AlwaysDecrease20,505,risk_shift,0,1,0,145,465,0.3118279569892473
262144,AlwaysDecrease20,505,risk_shift,0,1,1,0,465,0.0
262144,AlwaysDecrease20,505,risk_shift,0,1,2,320,465,0.6881720430107527
262144,AlwaysDecrease20,505,risk_shift,0,1,3,0,465,0.0
262144,AlwaysDecrease20,505,risk_shift,0,1,4,0,465,0.0
262144,AlwaysDecrease20,505,risk_shift,0,2,0,25,39,0.6410256410256411
262144,AlwaysDecrease20,505,risk_shift,0,2,1,0,39,0.0
262144,AlwaysDecrease20,505,risk_shift,0,2,2,14,39,0.358974358974359
262144,AlwaysDecrease20,505,risk_shift,0,2,3,0,39,0.0
262144,AlwaysDecrease20,505,risk_shift,0,2,4,0,39,0.0
262144,AlwaysDecrease20,505,risk_shift,1,0,0,126,126,1.0
262144,AlwaysDecrease20,505,risk_shift,1,0,1,0,126,0.0
262144,AlwaysDecrease20,505,risk_shift,1,0,2,0,126,0.0
262144,AlwaysDecrease20,505,risk_shift,1,0,3,0,126,0.0
262144,AlwaysDecrease20,505,risk_shift,1,0,4,0,126,0.0
262144,AlwaysDecrease20,505,risk_shift,1,1,0,274,417,0.657074340527578
262144,AlwaysDecrease20,505,risk_shift,1,1,1,0,417,0.0
262144,AlwaysDecrease20,505,risk_shift,1,1,2,143,417,0.34292565947242204
262144,AlwaysDecrease20,505,risk_shift,1,1,3,0,417,0.0
262144,AlwaysDecrease20,505,risk_shift,1,1,4,0,417,0.0
262144,AlwaysDecrease20,505,risk_shift,1,2,0,118,131,0.9007633587786259
262144,AlwaysDecrease20,505,risk_shift,1,2,1,0,131,0.0
262144,AlwaysDecrease20,505,risk_shift,1,2,2,13,131,0.09923664122137404
262144,AlwaysDecrease20,505,risk_shift,1,2,3,0,131,0.0
262144,AlwaysDecrease20,505,risk_shift,1,2,4,0,131,0.0
262144,AlwaysDecrease20,505,risk_shift,2,0,0,58,58,1.0
262144,AlwaysDecrease20,505,risk_shift,2,0,1,0,58,0.0
262144,AlwaysDecrease20,505,risk_shift,2,0,2,0,58,0.0
262144,AlwaysDecrease20,505,risk_shift,2,0,3,0,58,0.0
262144,AlwaysDecrease20,505,risk_shift,2,0,4,0,58,0.0
262144,AlwaysDecrease20,505,risk_shift,2,1,0,176,189,0.9312169312169312
262144,AlwaysDecrease20,505,risk_shift,2,1,1,0,189,0.0
262144,AlwaysDecrease20,505,risk_shift,2,1,2,13,189,0.06878306878306878
262144,AlwaysDecrease20,505,risk_shift,2,1,3,0,189,0.0
262144,AlwaysDecrease20,505,risk_shift,2,1,4,0,189,0.0
262144,AlwaysDecrease20,505,risk_shift,2,2,0,215,226,0.9513274336283186
262144,AlwaysDecrease20,505,risk_shift,2,2,1,0,226,0.0
262144,AlwaysDecrease20,505,risk_shift,2,2,2,11,226,0.048672566371681415
262144,AlwaysDecrease20,505,risk_shift,2,2,3,0,226,0.0
262144,AlwaysDecrease20,505,risk_shift,2,2,4,0,226,0.0
262144,BCInitPPO,101,risk_shift,0,0,0,10,64,0.15625
262144,BCInitPPO,101,risk_shift,0,0,1,4,64,0.0625
262144,BCInitPPO,101,risk_shift,0,0,2,0,64,0.0
262144,BCInitPPO,101,risk_shift,0,0,3,42,64,0.65625
262144,BCInitPPO,101,risk_shift,0,0,4,8,64,0.125
262144,BCInitPPO,101,risk_shift,0,1,0,58,468,0.12393162393162394
262144,BCInitPPO,101,risk_shift,0,1,1,191,468,0.4081196581196581
262144,BCInitPPO,101,risk_shift,0,1,2,12,468,0.02564102564102564
262144,BCInitPPO,101,risk_shift,0,1,3,207,468,0.4423076923076923
262144,BCInitPPO,101,risk_shift,0,1,4,0,468,0.0
262144,BCInitPPO,101,risk_shift,0,2,0,1,9,0.1111111111111111
262144,BCInitPPO,101,risk_shift,0,2,1,7,9,0.7777777777777778
262144,BCInitPPO,101,risk_shift,0,2,2,1,9,0.1111111111111111
262144,BCInitPPO,101,risk_shift,0,2,3,0,9,0.0
262144,BCInitPPO,101,risk_shift,0,2,4,0,9,0.0
262144,BCInitPPO,101,risk_shift,1,0,0,125,127,0.984251968503937
262144,BCInitPPO,101,risk_shift,1,0,1,1,127,0.007874015748031496
262144,BCInitPPO,101,risk_shift,1,0,2,0,127,0.0
262144,BCInitPPO,101,risk_shift,1,0,3,0,127,0.0
262144,BCInitPPO,101,risk_shift,1,0,4,1,127,0.007874015748031496
262144,BCInitPPO,101,risk_shift,1,1,0,444,561,0.7914438502673797
262144,BCInitPPO,101,risk_shift,1,1,1,77,561,0.13725490196078433
262144,BCInitPPO,101,risk_shift,1,1,2,12,561,0.0213903743315508
262144,BCInitPPO,101,risk_shift,1,1,3,24,561,0.0427807486631016
262144,BCInitPPO,101,risk_shift,1,1,4,4,561,0.0071301247771836
262144,BCInitPPO,101,risk_shift,1,2,0,80,207,0.3864734299516908
262144,BCInitPPO,101,risk_shift,1,2,1,92,207,0.4444444444444444
262144,BCInitPPO,101,risk_shift,1,2,2,24,207,0.11594202898550725
262144,BCInitPPO,101,risk_shift,1,2,3,11,207,0.05314009661835749
262144,BCInitPPO,101,risk_shift,1,2,4,0,207,0.0
262144,BCInitPPO,101,risk_shift,2,0,0,57,58,0.9827586206896551
262144,BCInitPPO,101,risk_shift,2,0,1,1,58,0.017241379310344827
262144,BCInitPPO,101,risk_shift,2,0,2,0,58,0.0
262144,BCInitPPO,101,risk_shift,2,0,3,0,58,0.0
262144,BCInitPPO,101,risk_shift,2,0,4,0,58,0.0
262144,BCInitPPO,101,risk_shift,2,1,0,188,201,0.9353233830845771
262144,BCInitPPO,101,risk_shift,2,1,1,9,201,0.04477611940298507
262144,BCInitPPO,101,risk_shift,2,1,2,3,201,0.014925373134328358
262144,BCInitPPO,101,risk_shift,2,1,3,0,201,0.0
262144,BCInitPPO,101,risk_shift,2,1,4,1,201,0.004975124378109453
262144,BCInitPPO,101,risk_shift,2,2,0,81,264,0.3068181818181818
262144,BCInitPPO,101,risk_shift,2,2,1,74,264,0.2803030303030303
262144,BCInitPPO,101,risk_shift,2,2,2,53,264,0.20075757575757575
262144,BCInitPPO,101,risk_shift,2,2,3,56,264,0.21212121212121213
262144,BCInitPPO,101,risk_shift,2,2,4,0,264,0.0
262144,BCInitPPO,202,risk_shift,0,0,0,13,72,0.18055555555555555
262144,BCInitPPO,202,risk_shift,0,0,1,0,72,0.0
262144,BCInitPPO,202,risk_shift,0,0,2,0,72,0.0
262144,BCInitPPO,202,risk_shift,0,0,3,0,72,0.0
262144,BCInitPPO,202,risk_shift,0,0,4,59,72,0.8194444444444444
262144,BCInitPPO,202,risk_shift,0,1,0,224,470,0.4765957446808511
262144,BCInitPPO,202,risk_shift,0,1,1,65,470,0.13829787234042554
262144,BCInitPPO,202,risk_shift,0,1,2,1,470,0.002127659574468085
262144,BCInitPPO,202,risk_shift,0,1,3,21,470,0.04468085106382979
262144,BCInitPPO,202,risk_shift,0,1,4,159,470,0.3382978723404255
262144,BCInitPPO,202,risk_shift,0,2,0,12,16,0.75
262144,BCInitPPO,202,risk_shift,0,2,1,2,16,0.125
262144,BCInitPPO,202,risk_shift,0,2,2,1,16,0.0625
262144,BCInitPPO,202,risk_shift,0,2,3,0,16,0.0
262144,BCInitPPO,202,risk_shift,0,2,4,1,16,0.0625
262144,BCInitPPO,202,risk_shift,1,0,0,124,127,0.9763779527559056
262144,BCInitPPO,202,risk_shift,1,0,1,3,127,0.023622047244094488
262144,BCInitPPO,202,risk_shift,1,0,2,0,127,0.0
262144,BCInitPPO,202,risk_shift,1,0,3,0,127,0.0
262144,BCInitPPO,202,risk_shift,1,0,4,0,127,0.0
262144,BCInitPPO,202,risk_shift,1,1,0,448,527,0.8500948766603416
262144,BCInitPPO,202,risk_shift,1,1,1,31,527,0.058823529411764705
262144,BCInitPPO,202,risk_shift,1,1,2,26,527,0.04933586337760911
262144,BCInitPPO,202,risk_shift,1,1,3,7,527,0.013282732447817837
262144,BCInitPPO,202,risk_shift,1,1,4,15,527,0.028462998102466792
262144,BCInitPPO,202,risk_shift,1,2,0,115,220,0.5227272727272727
262144,BCInitPPO,202,risk_shift,1,2,1,75,220,0.3409090909090909
262144,BCInitPPO,202,risk_shift,1,2,2,5,220,0.022727272727272728
262144,BCInitPPO,202,risk_shift,1,2,3,22,220,0.1
262144,BCInitPPO,202,risk_shift,1,2,4,3,220,0.013636363636363636
262144,BCInitPPO,202,risk_shift,2,0,0,58,58,1.0
262144,BCInitPPO,202,risk_shift,2,0,1,0,58,0.0
262144,BCInitPPO,202,risk_shift,2,0,2,0,58,0.0
262144,BCInitPPO,202,risk_shift,2,0,3,0,58,0.0
262144,BCInitPPO,202,risk_shift,2,0,4,0,58,0.0
262144,BCInitPPO,202,risk_shift,2,1,0,195,205,0.9512195121951219
262144,BCInitPPO,202,risk_shift,2,1,1,8,205,0.03902439024390244
262144,BCInitPPO,202,risk_shift,2,1,2,2,205,0.00975609756097561
262144,BCInitPPO,202,risk_shift,2,1,3,0,205,0.0
262144,BCInitPPO,202,risk_shift,2,1,4,0,205,0.0
262144,BCInitPPO,202,risk_shift,2,2,0,95,258,0.3682170542635659
262144,BCInitPPO,202,risk_shift,2,2,1,65,258,0.25193798449612403
262144,BCInitPPO,202,risk_shift,2,2,2,15,258,0.05813953488372093
262144,BCInitPPO,202,risk_shift,2,2,3,82,258,0.3178294573643411
262144,BCInitPPO,202,risk_shift,2,2,4,1,258,0.003875968992248062
262144,BCInitPPO,303,risk_shift,0,0,0,14,59,0.23728813559322035
262144,BCInitPPO,303,risk_shift,0,0,1,0,59,0.0
262144,BCInitPPO,303,risk_shift,0,0,2,17,59,0.288135593220339
262144,BCInitPPO,303,risk_shift,0,0,3,26,59,0.4406779661016949
262144,BCInitPPO,303,risk_shift,0,0,4,2,59,0.03389830508474576
262144,BCInitPPO,303,risk_shift,0,1,0,141,485,0.2907216494845361
262144,BCInitPPO,303,risk_shift,0,1,1,177,485,0.3649484536082474
262144,BCInitPPO,303,risk_shift,0,1,2,80,485,0.16494845360824742
262144,BCInitPPO,303,risk_shift,0,1,3,79,485,0.16288659793814433
262144,BCInitPPO,303,risk_shift,0,1,4,8,485,0.016494845360824743
262144,BCInitPPO,303,risk_shift,0,2,0,9,13,0.6923076923076923
262144,BCInitPPO,303,risk_shift,0,2,1,2,13,0.15384615384615385
262144,BCInitPPO,303,risk_shift,0,2,2,2,13,0.15384615384615385
262144,BCInitPPO,303,risk_shift,0,2,3,0,13,0.0
262144,BCInitPPO,303,risk_shift,0,2,4,0,13,0.0
262144,BCInitPPO,303,risk_shift,1,0,0,125,126,0.9920634920634921
262144,BCInitPPO,303,risk_shift,1,0,1,1,126,0.007936507936507936
262144,BCInitPPO,303,risk_shift,1,0,2,0,126,0.0
262144,BCInitPPO,303,risk_shift,1,0,3,0,126,0.0
262144,BCInitPPO,303,risk_shift,1,0,4,0,126,0.0
262144,BCInitPPO,303,risk_shift,1,1,0,471,585,0.8051282051282052
262144,BCInitPPO,303,risk_shift,1,1,1,103,585,0.17606837606837608
262144,BCInitPPO,303,risk_shift,1,1,2,11,585,0.018803418803418803
262144,BCInitPPO,303,risk_shift,1,1,3,0,585,0.0
262144,BCInitPPO,303,risk_shift,1,1,4,0,585,0.0
262144,BCInitPPO,303,risk_shift,1,2,0,91,199,0.457286432160804
262144,BCInitPPO,303,risk_shift,1,2,1,68,199,0.3417085427135678
262144,BCInitPPO,303,risk_shift,1,2,2,24,199,0.12060301507537688
262144,BCInitPPO,303,risk_shift,1,2,3,1,199,0.005025125628140704
262144,BCInitPPO,303,risk_shift,1,2,4,15,199,0.07537688442211055
262144,BCInitPPO,303,risk_shift,2,0,0,58,58,1.0
262144,BCInitPPO,303,risk_shift,2,0,1,0,58,0.0
262144,BCInitPPO,303,risk_shift,2,0,2,0,58,0.0
262144,BCInitPPO,303,risk_shift,2,0,3,0,58,0.0
262144,BCInitPPO,303,risk_shift,2,0,4,0,58,0.0
262144,BCInitPPO,303,risk_shift,2,1,0,189,226,0.8362831858407079
262144,BCInitPPO,303,risk_shift,2,1,1,36,226,0.1592920353982301
262144,BCInitPPO,303,risk_shift,2,1,2,0,226,0.0
262144,BCInitPPO,303,risk_shift,2,1,3,0,226,0.0
262144,BCInitPPO,303,risk_shift,2,1,4,1,226,0.004424778761061947
262144,BCInitPPO,303,risk_shift,2,2,0,65,240,0.2708333333333333
262144,BCInitPPO,303,risk_shift,2,2,1,86,240,0.35833333333333334
262144,BCInitPPO,303,risk_shift,2,2,2,38,240,0.15833333333333333
262144,BCInitPPO,303,risk_shift,2,2,3,0,240,0.0
262144,BCInitPPO,303,risk_shift,2,2,4,51,240,0.2125
262144,BCInitPPO,404,risk_shift,0,0,0,12,99,0.12121212121212122
262144,BCInitPPO,404,risk_shift,0,0,1,0,99,0.0
262144,BCInitPPO,404,risk_shift,0,0,2,27,99,0.2727272727272727
262144,BCInitPPO,404,risk_shift,0,0,3,30,99,0.30303030303030304
262144,BCInitPPO,404,risk_shift,0,0,4,30,99,0.30303030303030304
262144,BCInitPPO,404,risk_shift,0,1,0,124,425,0.2917647058823529
262144,BCInitPPO,404,risk_shift,0,1,1,87,425,0.20470588235294118
262144,BCInitPPO,404,risk_shift,0,1,2,24,425,0.05647058823529412
262144,BCInitPPO,404,risk_shift,0,1,3,9,425,0.021176470588235293
262144,BCInitPPO,404,risk_shift,0,1,4,181,425,0.4258823529411765
262144,BCInitPPO,404,risk_shift,0,2,0,2,6,0.3333333333333333
262144,BCInitPPO,404,risk_shift,0,2,1,4,6,0.6666666666666666
262144,BCInitPPO,404,risk_shift,0,2,2,0,6,0.0
262144,BCInitPPO,404,risk_shift,0,2,3,0,6,0.0
262144,BCInitPPO,404,risk_shift,0,2,4,0,6,0.0
262144,BCInitPPO,404,risk_shift,1,0,0,126,134,0.9402985074626866
262144,BCInitPPO,404,risk_shift,1,0,1,2,134,0.014925373134328358
262144,BCInitPPO,404,risk_shift,1,0,2,3,134,0.022388059701492536
262144,BCInitPPO,404,risk_shift,1,0,3,0,134,0.0
262144,BCInitPPO,404,risk_shift,1,0,4,3,134,0.022388059701492536
262144,BCInitPPO,404,risk_shift,1,1,0,381,580,0.656896551724138
262144,BCInitPPO,404,risk_shift,1,1,1,92,580,0.15862068965517243
262144,BCInitPPO,404,risk_shift,1,1,2,97,580,0.16724137931034483
262144,BCInitPPO,404,risk_shift,1,1,3,0,580,0.0
262144,BCInitPPO,404,risk_shift,1,1,4,10,580,0.017241379310344827
262144,BCInitPPO,404,risk_shift,1,2,0,99,211,0.46919431279620855
262144,BCInitPPO,404,risk_shift,1,2,1,73,211,0.3459715639810427
262144,BCInitPPO,404,risk_shift,1,2,2,21,211,0.0995260663507109
262144,BCInitPPO,404,risk_shift,1,2,3,10,211,0.04739336492890995
262144,BCInitPPO,404,risk_shift,1,2,4,8,211,0.037914691943127965
262144,BCInitPPO,404,risk_shift,2,0,0,58,58,1.0
262144,BCInitPPO,404,risk_shift,2,0,1,0,58,0.0
262144,BCInitPPO,404,risk_shift,2,0,2,0,58,0.0
262144,BCInitPPO,404,risk_shift,2,0,3,0,58,0.0
262144,BCInitPPO,404,risk_shift,2,0,4,0,58,0.0
262144,BCInitPPO,404,risk_shift,2,1,0,194,217,0.8940092165898618
262144,BCInitPPO,404,risk_shift,2,1,1,7,217,0.03225806451612903
262144,BCInitPPO,404,risk_shift,2,1,2,8,217,0.03686635944700461
262144,BCInitPPO,404,risk_shift,2,1,3,7,217,0.03225806451612903
262144,BCInitPPO,404,risk_shift,2,1,4,1,217,0.004608294930875576
262144,BCInitPPO,404,risk_shift,2,2,0,80,262,0.3053435114503817
262144,BCInitPPO,404,risk_shift,2,2,1,67,262,0.25572519083969464
262144,BCInitPPO,404,risk_shift,2,2,2,26,262,0.09923664122137404
262144,BCInitPPO,404,risk_shift,2,2,3,45,262,0.1717557251908397
262144,BCInitPPO,404,risk_shift,2,2,4,44,262,0.16793893129770993
262144,BCInitPPO,505,risk_shift,0,0,0,12,112,0.10714285714285714
262144,BCInitPPO,505,risk_shift,0,0,1,0,112,0.0
262144,BCInitPPO,505,risk_shift,0,0,2,26,112,0.23214285714285715
262144,BCInitPPO,505,risk_shift,0,0,3,1,112,0.008928571428571428
262144,BCInitPPO,505,risk_shift,0,0,4,73,112,0.6517857142857143
262144,BCInitPPO,505,risk_shift,0,1,0,188,431,0.4361948955916473
262144,BCInitPPO,505,risk_shift,0,1,1,2,431,0.004640371229698376
262144,BCInitPPO,505,risk_shift,0,1,2,189,431,0.4385150812064965
262144,BCInitPPO,505,risk_shift,0,1,3,6,431,0.013921113689095127
262144,BCInitPPO,505,risk_shift,0,1,4,46,431,0.10672853828306264
262144,BCInitPPO,505,risk_shift,0,2,0,4,5,0.8
262144,BCInitPPO,505,risk_shift,0,2,1,0,5,0.0
262144,BCInitPPO,505,risk_shift,0,2,2,1,5,0.2
262144,BCInitPPO,505,risk_shift,0,2,3,0,5,0.0
262144,BCInitPPO,505,risk_shift,0,2,4,0,5,0.0
262144,BCInitPPO,505,risk_shift,1,0,0,126,128,0.984375
262144,BCInitPPO,505,risk_shift,1,0,1,0,128,0.0
262144,BCInitPPO,505,risk_shift,1,0,2,2,128,0.015625
262144,BCInitPPO,505,risk_shift,1,0,3,0,128,0.0
262144,BCInitPPO,505,risk_shift,1,0,4,0,128,0.0
262144,BCInitPPO,505,risk_shift,1,1,0,452,536,0.8432835820895522
262144,BCInitPPO,505,risk_shift,1,1,1,2,536,0.0037313432835820895
262144,BCInitPPO,505,risk_shift,1,1,2,63,536,0.11753731343283583
262144,BCInitPPO,505,risk_shift,1,1,3,0,536,0.0
262144,BCInitPPO,505,risk_shift,1,1,4,19,536,0.03544776119402985
262144,BCInitPPO,505,risk_shift,1,2,0,134,201,0.6666666666666666
262144,BCInitPPO,505,risk_shift,1,2,1,42,201,0.208955223880597
262144,BCInitPPO,505,risk_shift,1,2,2,5,201,0.024875621890547265
262144,BCInitPPO,505,risk_shift,1,2,3,0,201,0.0
262144,BCInitPPO,505,risk_shift,1,2,4,20,201,0.09950248756218906
262144,BCInitPPO,505,risk_shift,2,0,0,58,58,1.0
262144,BCInitPPO,505,risk_shift,2,0,1,0,58,0.0
262144,BCInitPPO,505,risk_shift,2,0,2,0,58,0.0
262144,BCInitPPO,505,risk_shift,2,0,3,0,58,0.0
262144,BCInitPPO,505,risk_shift,2,0,4,0,58,0.0
262144,BCInitPPO,505,risk_shift,2,1,0,187,210,0.8904761904761904
262144,BCInitPPO,505,risk_shift,2,1,1,1,210,0.004761904761904762
262144,BCInitPPO,505,risk_shift,2,1,2,14,210,0.06666666666666667
262144,BCInitPPO,505,risk_shift,2,1,3,0,210,0.0
262144,BCInitPPO,505,risk_shift,2,1,4,8,210,0.0380952380952381
262144,BCInitPPO,505,risk_shift,2,2,0,100,279,0.35842293906810035
262144,BCInitPPO,505,risk_shift,2,2,1,57,279,0.20430107526881722
262144,BCInitPPO,505,risk_shift,2,2,2,76,279,0.2724014336917563
262144,BCInitPPO,505,risk_shift,2,2,3,0,279,0.0
262144,BCInitPPO,505,risk_shift,2,2,4,46,279,0.16487455197132617
262144,BCRegularizedPPO,101,risk_shift,0,0,0,14,62,0.22580645161290322
262144,BCRegularizedPPO,101,risk_shift,0,0,1,1,62,0.016129032258064516
262144,BCRegularizedPPO,101,risk_shift,0,0,2,4,62,0.06451612903225806
262144,BCRegularizedPPO,101,risk_shift,0,0,3,4,62,0.06451612903225806
262144,BCRegularizedPPO,101,risk_shift,0,0,4,39,62,0.6290322580645161
262144,BCRegularizedPPO,101,risk_shift,0,1,0,162,474,0.34177215189873417
262144,BCRegularizedPPO,101,risk_shift,0,1,1,110,474,0.2320675105485232
262144,BCRegularizedPPO,101,risk_shift,0,1,2,8,474,0.016877637130801686
262144,BCRegularizedPPO,101,risk_shift,0,1,3,0,474,0.0
262144,BCRegularizedPPO,101,risk_shift,0,1,4,194,474,0.4092827004219409
262144,BCRegularizedPPO,101,risk_shift,0,2,0,5,12,0.4166666666666667
262144,BCRegularizedPPO,101,risk_shift,0,2,1,3,12,0.25
262144,BCRegularizedPPO,101,risk_shift,0,2,2,4,12,0.3333333333333333
262144,BCRegularizedPPO,101,risk_shift,0,2,3,0,12,0.0
262144,BCRegularizedPPO,101,risk_shift,0,2,4,0,12,0.0
262144,BCRegularizedPPO,101,risk_shift,1,0,0,126,127,0.9921259842519685
262144,BCRegularizedPPO,101,risk_shift,1,0,1,0,127,0.0
262144,BCRegularizedPPO,101,risk_shift,1,0,2,0,127,0.0
262144,BCRegularizedPPO,101,risk_shift,1,0,3,0,127,0.0
262144,BCRegularizedPPO,101,risk_shift,1,0,4,1,127,0.007874015748031496
262144,BCRegularizedPPO,101,risk_shift,1,1,0,464,568,0.8169014084507042
262144,BCRegularizedPPO,101,risk_shift,1,1,1,45,568,0.07922535211267606
262144,BCRegularizedPPO,101,risk_shift,1,1,2,43,568,0.07570422535211267
262144,BCRegularizedPPO,101,risk_shift,1,1,3,1,568,0.0017605633802816902
262144,BCRegularizedPPO,101,risk_shift,1,1,4,15,568,0.02640845070422535
262144,BCRegularizedPPO,101,risk_shift,1,2,0,93,208,0.44711538461538464
262144,BCRegularizedPPO,101,risk_shift,1,2,1,56,208,0.2692307692307692
262144,BCRegularizedPPO,101,risk_shift,1,2,2,42,208,0.20192307692307693
262144,BCRegularizedPPO,101,risk_shift,1,2,3,17,208,0.08173076923076923
262144,BCRegularizedPPO,101,risk_shift,1,2,4,0,208,0.0
262144,BCRegularizedPPO,101,risk_shift,2,0,0,58,58,1.0
262144,BCRegularizedPPO,101,risk_shift,2,0,1,0,58,0.0
262144,BCRegularizedPPO,101,risk_shift,2,0,2,0,58,0.0
262144,BCRegularizedPPO,101,risk_shift,2,0,3,0,58,0.0
262144,BCRegularizedPPO,101,risk_shift,2,0,4,0,58,0.0
262144,BCRegularizedPPO,101,risk_shift,2,1,0,186,216,0.8611111111111112
262144,BCRegularizedPPO,101,risk_shift,2,1,1,10,216,0.046296296296296294
262144,BCRegularizedPPO,101,risk_shift,2,1,2,20,216,0.09259259259259259
262144,BCRegularizedPPO,101,risk_shift,2,1,3,0,216,0.0
262144,BCRegularizedPPO,101,risk_shift,2,1,4,0,216,0.0
262144,BCRegularizedPPO,101,risk_shift,2,2,0,82,262,0.31297709923664124
262144,BCRegularizedPPO,101,risk_shift,2,2,1,54,262,0.20610687022900764
262144,BCRegularizedPPO,101,risk_shift,2,2,2,61,262,0.23282442748091603
262144,BCRegularizedPPO,101,risk_shift,2,2,3,65,262,0.2480916030534351
262144,BCRegularizedPPO,101,risk_shift,2,2,4,0,262,0.0
262144,BCRegularizedPPO,202,risk_shift,0,0,0,15,105,0.14285714285714285
262144,BCRegularizedPPO,202,risk_shift,0,0,1,2,105,0.01904761904761905
262144,BCRegularizedPPO,202,risk_shift,0,0,2,4,105,0.0380952380952381
262144,BCRegularizedPPO,202,risk_shift,0,0,3,17,105,0.1619047619047619
262144,BCRegularizedPPO,202,risk_shift,0,0,4,67,105,0.638095238095238
262144,BCRegularizedPPO,202,risk_shift,0,1,0,298,443,0.672686230248307
262144,BCRegularizedPPO,202,risk_shift,0,1,1,47,443,0.10609480812641084
262144,BCRegularizedPPO,202,risk_shift,0,1,2,7,443,0.01580135440180587
262144,BCRegularizedPPO,202,risk_shift,0,1,3,7,443,0.01580135440180587
262144,BCRegularizedPPO,202,risk_shift,0,1,4,84,443,0.18961625282167044
262144,BCRegularizedPPO,202,risk_shift,0,2,0,9,14,0.6428571428571429
262144,BCRegularizedPPO,202,risk_shift,0,2,1,5,14,0.35714285714285715
262144,BCRegularizedPPO,202,risk_shift,0,2,2,0,14,0.0
262144,BCRegularizedPPO,202,risk_shift,0,2,3,0,14,0.0
262144,BCRegularizedPPO,202,risk_shift,0,2,4,0,14,0.0
262144,BCRegularizedPPO,202,risk_shift,1,0,0,119,129,0.9224806201550387
262144,BCRegularizedPPO,202,risk_shift,1,0,1,6,129,0.046511627906976744
262144,BCRegularizedPPO,202,risk_shift,1,0,2,0,129,0.0
262144,BCRegularizedPPO,202,risk_shift,1,0,3,1,129,0.007751937984496124
262144,BCRegularizedPPO,202,risk_shift,1,0,4,3,129,0.023255813953488372
262144,BCRegularizedPPO,202,risk_shift,1,1,0,507,565,0.8973451327433628
262144,BCRegularizedPPO,202,risk_shift,1,1,1,22,565,0.03893805309734513
262144,BCRegularizedPPO,202,risk_shift,1,1,2,23,565,0.04070796460176991
262144,BCRegularizedPPO,202,risk_shift,1,1,3,5,565,0.008849557522123894
262144,BCRegularizedPPO,202,risk_shift,1,1,4,8,565,0.01415929203539823
262144,BCRegularizedPPO,202,risk_shift,1,2,0,99,218,0.4541284403669725
262144,BCRegularizedPPO,202,risk_shift,1,2,1,84,218,0.3853211009174312
262144,BCRegularizedPPO,202,risk_shift,1,2,2,19,218,0.0871559633027523
262144,BCRegularizedPPO,202,risk_shift,1,2,3,6,218,0.027522935779816515
262144,BCRegularizedPPO,202,risk_shift,1,2,4,10,218,0.045871559633027525
262144,BCRegularizedPPO,202,risk_shift,2,0,0,57,58,0.9827586206896551
262144,BCRegularizedPPO,202,risk_shift,2,0,1,1,58,0.017241379310344827
262144,BCRegularizedPPO,202,risk_shift,2,0,2,0,58,0.0
262144,BCRegularizedPPO,202,risk_shift,2,0,3,0,58,0.0
262144,BCRegularizedPPO,202,risk_shift,2,0,4,0,58,0.0
262144,BCRegularizedPPO,202,risk_shift,2,1,0,214,251,0.852589641434263
262144,BCRegularizedPPO,202,risk_shift,2,1,1,13,251,0.05179282868525897
262144,BCRegularizedPPO,202,risk_shift,2,1,2,24,251,0.09561752988047809
262144,BCRegularizedPPO,202,risk_shift,2,1,3,0,251,0.0
262144,BCRegularizedPPO,202,risk_shift,2,1,4,0,251,0.0
262144,BCRegularizedPPO,202,risk_shift,2,2,0,56,262,0.21374045801526717
262144,BCRegularizedPPO,202,risk_shift,2,2,1,112,262,0.42748091603053434
262144,BCRegularizedPPO,202,risk_shift,2,2,2,20,262,0.07633587786259542
262144,BCRegularizedPPO,202,risk_shift,2,2,3,74,262,0.2824427480916031
262144,BCRegularizedPPO,202,risk_shift,2,2,4,0,262,0.0
262144,BCRegularizedPPO,303,risk_shift,0,0,0,14,52,0.2692307692307692
262144,BCRegularizedPPO,303,risk_shift,0,0,1,0,52,0.0
262144,BCRegularizedPPO,303,risk_shift,0,0,2,3,52,0.057692307692307696
262144,BCRegularizedPPO,303,risk_shift,0,0,3,22,52,0.4230769230769231
262144,BCRegularizedPPO,303,risk_shift,0,0,4,13,52,0.25
262144,BCRegularizedPPO,303,risk_shift,0,1,0,175,482,0.3630705394190871
262144,BCRegularizedPPO,303,risk_shift,0,1,1,94,482,0.1950207468879668
262144,BCRegularizedPPO,303,risk_shift,0,1,2,33,482,0.06846473029045644
262144,BCRegularizedPPO,303,risk_shift,0,1,3,13,482,0.026970954356846474
262144,BCRegularizedPPO,303,risk_shift,0,1,4,167,482,0.34647302904564314
262144,BCRegularizedPPO,303,risk_shift,0,2,0,6,14,0.42857142857142855
262144,BCRegularizedPPO,303,risk_shift,0,2,1,3,14,0.21428571428571427
262144,BCRegularizedPPO,303,risk_shift,0,2,2,3,14,0.21428571428571427
262144,BCRegularizedPPO,303,risk_shift,0,2,3,0,14,0.0
262144,BCRegularizedPPO,303,risk_shift,0,2,4,2,14,0.14285714285714285
262144,BCRegularizedPPO,303,risk_shift,1,0,0,126,127,0.9921259842519685
262144,BCRegularizedPPO,303,risk_shift,1,0,1,0,127,0.0
262144,BCRegularizedPPO,303,risk_shift,1,0,2,0,127,0.0
262144,BCRegularizedPPO,303,risk_shift,1,0,3,0,127,0.0
262144,BCRegularizedPPO,303,risk_shift,1,0,4,1,127,0.007874015748031496
262144,BCRegularizedPPO,303,risk_shift,1,1,0,450,541,0.8317929759704251
262144,BCRegularizedPPO,303,risk_shift,1,1,1,4,541,0.0073937153419593345
262144,BCRegularizedPPO,303,risk_shift,1,1,2,66,541,0.12199630314232902
262144,BCRegularizedPPO,303,risk_shift,1,1,3,2,541,0.0036968576709796672
262144,BCRegularizedPPO,303,risk_shift,1,1,4,19,541,0.03512014787430684
262144,BCRegularizedPPO,303,risk_shift,1,2,0,126,201,0.6268656716417911
262144,BCRegularizedPPO,303,risk_shift,1,2,1,16,201,0.07960199004975124
262144,BCRegularizedPPO,303,risk_shift,1,2,2,32,201,0.15920398009950248
262144,BCRegularizedPPO,303,risk_shift,1,2,3,19,201,0.0945273631840796
262144,BCRegularizedPPO,303,risk_shift,1,2,4,8,201,0.03980099502487562
262144,BCRegularizedPPO,303,risk_shift,2,0,0,58,58,1.0
262144,BCRegularizedPPO,303,risk_shift,2,0,1,0,58,0.0
262144,BCRegularizedPPO,303,risk_shift,2,0,2,0,58,0.0
262144,BCRegularizedPPO,303,risk_shift,2,0,3,0,58,0.0
262144,BCRegularizedPPO,303,risk_shift,2,0,4,0,58,0.0
262144,BCRegularizedPPO,303,risk_shift,2,1,0,186,205,0.9073170731707317
262144,BCRegularizedPPO,303,risk_shift,2,1,1,2,205,0.00975609756097561
262144,BCRegularizedPPO,303,risk_shift,2,1,2,9,205,0.04390243902439024
262144,BCRegularizedPPO,303,risk_shift,2,1,3,2,205,0.00975609756097561
262144,BCRegularizedPPO,303,risk_shift,2,1,4,6,205,0.02926829268292683
262144,BCRegularizedPPO,303,risk_shift,2,2,0,122,235,0.5191489361702127
262144,BCRegularizedPPO,303,risk_shift,2,2,1,13,235,0.05531914893617021
262144,BCRegularizedPPO,303,risk_shift,2,2,2,17,235,0.07234042553191489
262144,BCRegularizedPPO,303,risk_shift,2,2,3,74,235,0.3148936170212766
262144,BCRegularizedPPO,303,risk_shift,2,2,4,9,235,0.03829787234042553
262144,BCRegularizedPPO,404,risk_shift,0,0,0,14,65,0.2153846153846154
262144,BCRegularizedPPO,404,risk_shift,0,0,1,0,65,0.0
262144,BCRegularizedPPO,404,risk_shift,0,0,2,6,65,0.09230769230769231
262144,BCRegularizedPPO,404,risk_shift,0,0,3,14,65,0.2153846153846154
262144,BCRegularizedPPO,404,risk_shift,0,0,4,31,65,0.47692307692307695
262144,BCRegularizedPPO,404,risk_shift,0,1,0,173,483,0.3581780538302277
262144,BCRegularizedPPO,404,risk_shift,0,1,1,124,483,0.2567287784679089
262144,BCRegularizedPPO,404,risk_shift,0,1,2,65,483,0.13457556935817805
262144,BCRegularizedPPO,404,risk_shift,0,1,3,33,483,0.06832298136645963
262144,BCRegularizedPPO,404,risk_shift,0,1,4,88,483,0.18219461697722567
262144,BCRegularizedPPO,404,risk_shift,0,2,0,3,8,0.375
262144,BCRegularizedPPO,404,risk_shift,0,2,1,3,8,0.375
262144,BCRegularizedPPO,404,risk_shift,0,2,2,2,8,0.25
262144,BCRegularizedPPO,404,risk_shift,0,2,3,0,8,0.0
262144,BCRegularizedPPO,404,risk_shift,0,2,4,0,8,0.0
262144,BCRegularizedPPO,404,risk_shift,1,0,0,125,127,0.984251968503937
262144,BCRegularizedPPO,404,risk_shift,1,0,1,1,127,0.007874015748031496
262144,BCRegularizedPPO,404,risk_shift,1,0,2,0,127,0.0
262144,BCRegularizedPPO,404,risk_shift,1,0,3,1,127,0.007874015748031496
262144,BCRegularizedPPO,404,risk_shift,1,0,4,0,127,0.0
262144,BCRegularizedPPO,404,risk_shift,1,1,0,462,590,0.7830508474576271
262144,BCRegularizedPPO,404,risk_shift,1,1,1,76,590,0.1288135593220339
262144,BCRegularizedPPO,404,risk_shift,1,1,2,32,590,0.05423728813559322
262144,BCRegularizedPPO,404,risk_shift,1,1,3,0,590,0.0
262144,BCRegularizedPPO,404,risk_shift,1,1,4,20,590,0.03389830508474576
262144,BCRegularizedPPO,404,risk_shift,1,2,0,103,211,0.4881516587677725
262144,BCRegularizedPPO,404,risk_shift,1,2,1,58,211,0.27488151658767773
262144,BCRegularizedPPO,404,risk_shift,1,2,2,14,211,0.06635071090047394
262144,BCRegularizedPPO,404,risk_shift,1,2,3,15,211,0.07109004739336493
262144,BCRegularizedPPO,404,risk_shift,1,2,4,21,211,0.0995260663507109
262144,BCRegularizedPPO,404,risk_shift,2,0,0,58,58,1.0
262144,BCRegularizedPPO,404,risk_shift,2,0,1,0,58,0.0
262144,BCRegularizedPPO,404,risk_shift,2,0,2,0,58,0.0
262144,BCRegularizedPPO,404,risk_shift,2,0,3,0,58,0.0
262144,BCRegularizedPPO,404,risk_shift,2,0,4,0,58,0.0
262144,BCRegularizedPPO,404,risk_shift,2,1,0,186,236,0.788135593220339
262144,BCRegularizedPPO,404,risk_shift,2,1,1,26,236,0.11016949152542373
262144,BCRegularizedPPO,404,risk_shift,2,1,2,19,236,0.08050847457627118
262144,BCRegularizedPPO,404,risk_shift,2,1,3,2,236,0.00847457627118644
262144,BCRegularizedPPO,404,risk_shift,2,1,4,3,236,0.012711864406779662
262144,BCRegularizedPPO,404,risk_shift,2,2,0,48,259,0.18532818532818532
262144,BCRegularizedPPO,404,risk_shift,2,2,1,63,259,0.24324324324324326
262144,BCRegularizedPPO,404,risk_shift,2,2,2,38,259,0.14671814671814673
262144,BCRegularizedPPO,404,risk_shift,2,2,3,107,259,0.41312741312741313
262144,BCRegularizedPPO,404,risk_shift,2,2,4,3,259,0.011583011583011582
262144,BCRegularizedPPO,505,risk_shift,0,0,0,14,62,0.22580645161290322
262144,BCRegularizedPPO,505,risk_shift,0,0,1,0,62,0.0
262144,BCRegularizedPPO,505,risk_shift,0,0,2,10,62,0.16129032258064516
262144,BCRegularizedPPO,505,risk_shift,0,0,3,6,62,0.0967741935483871
262144,BCRegularizedPPO,505,risk_shift,0,0,4,32,62,0.5161290322580645
262144,BCRegularizedPPO,505,risk_shift,0,1,0,178,485,0.3670103092783505
262144,BCRegularizedPPO,505,risk_shift,0,1,1,58,485,0.11958762886597939
262144,BCRegularizedPPO,505,risk_shift,0,1,2,133,485,0.27422680412371137
262144,BCRegularizedPPO,505,risk_shift,0,1,3,84,485,0.1731958762886598
262144,BCRegularizedPPO,505,risk_shift,0,1,4,32,485,0.06597938144329897
262144,BCRegularizedPPO,505,risk_shift,0,2,0,7,11,0.6363636363636364
262144,BCRegularizedPPO,505,risk_shift,0,2,1,1,11,0.09090909090909091
262144,BCRegularizedPPO,505,risk_shift,0,2,2,3,11,0.2727272727272727
262144,BCRegularizedPPO,505,risk_shift,0,2,3,0,11,0.0
262144,BCRegularizedPPO,505,risk_shift,0,2,4,0,11,0.0
262144,BCRegularizedPPO,505,risk_shift,1,0,0,126,127,0.9921259842519685
262144,BCRegularizedPPO,505,risk_shift,1,0,1,0,127,0.0
262144,BCRegularizedPPO,505,risk_shift,1,0,2,0,127,0.0
262144,BCRegularizedPPO,505,risk_shift,1,0,3,0,127,0.0
262144,BCRegularizedPPO,505,risk_shift,1,0,4,1,127,0.007874015748031496
262144,BCRegularizedPPO,505,risk_shift,1,1,0,382,544,0.7022058823529411
262144,BCRegularizedPPO,505,risk_shift,1,1,1,12,544,0.022058823529411766
262144,BCRegularizedPPO,505,risk_shift,1,1,2,124,544,0.22794117647058823
262144,BCRegularizedPPO,505,risk_shift,1,1,3,18,544,0.03308823529411765
262144,BCRegularizedPPO,505,risk_shift,1,1,4,8,544,0.014705882352941176
262144,BCRegularizedPPO,505,risk_shift,1,2,0,62,212,0.29245283018867924
262144,BCRegularizedPPO,505,risk_shift,1,2,1,100,212,0.4716981132075472
262144,BCRegularizedPPO,505,risk_shift,1,2,2,44,212,0.20754716981132076
262144,BCRegularizedPPO,505,risk_shift,1,2,3,0,212,0.0
262144,BCRegularizedPPO,505,risk_shift,1,2,4,6,212,0.02830188679245283
262144,BCRegularizedPPO,505,risk_shift,2,0,0,58,58,1.0
262144,BCRegularizedPPO,505,risk_shift,2,0,1,0,58,0.0
262144,BCRegularizedPPO,505,risk_shift,2,0,2,0,58,0.0
262144,BCRegularizedPPO,505,risk_shift,2,0,3,0,58,0.0
262144,BCRegularizedPPO,505,risk_shift,2,0,4,0,58,0.0
262144,BCRegularizedPPO,505,risk_shift,2,1,0,178,201,0.8855721393034826
262144,BCRegularizedPPO,505,risk_shift,2,1,1,4,201,0.01990049751243781
262144,BCRegularizedPPO,505,risk_shift,2,1,2,19,201,0.0945273631840796
262144,BCRegularizedPPO,505,risk_shift,2,1,3,0,201,0.0
262144,BCRegularizedPPO,505,risk_shift,2,1,4,0,201,0.0
262144,BCRegularizedPPO,505,risk_shift,2,2,0,73,281,0.2597864768683274
262144,BCRegularizedPPO,505,risk_shift,2,2,1,94,281,0.33451957295373663
262144,BCRegularizedPPO,505,risk_shift,2,2,2,110,281,0.3914590747330961
262144,BCRegularizedPPO,505,risk_shift,2,2,3,4,281,0.014234875444839857
262144,BCRegularizedPPO,505,risk_shift,2,2,4,0,281,0.0
262144,CanonicalPPO,101,risk_shift,0,0,0,16,16,1.0
262144,CanonicalPPO,101,risk_shift,0,0,1,0,16,0.0
262144,CanonicalPPO,101,risk_shift,0,0,2,0,16,0.0
262144,CanonicalPPO,101,risk_shift,0,0,3,0,16,0.0
262144,CanonicalPPO,101,risk_shift,0,0,4,0,16,0.0
262144,CanonicalPPO,101,risk_shift,0,1,0,19,495,0.03838383838383838
262144,CanonicalPPO,101,risk_shift,0,1,1,476,495,0.9616161616161616
262144,CanonicalPPO,101,risk_shift,0,1,2,0,495,0.0
262144,CanonicalPPO,101,risk_shift,0,1,3,0,495,0.0
262144,CanonicalPPO,101,risk_shift,0,1,4,0,495,0.0
262144,CanonicalPPO,101,risk_shift,0,2,0,0,14,0.0
262144,CanonicalPPO,101,risk_shift,0,2,1,14,14,1.0
262144,CanonicalPPO,101,risk_shift,0,2,2,0,14,0.0
262144,CanonicalPPO,101,risk_shift,0,2,3,0,14,0.0
262144,CanonicalPPO,101,risk_shift,0,2,4,0,14,0.0
262144,CanonicalPPO,101,risk_shift,1,0,0,126,126,1.0
262144,CanonicalPPO,101,risk_shift,1,0,1,0,126,0.0
262144,CanonicalPPO,101,risk_shift,1,0,2,0,126,0.0
262144,CanonicalPPO,101,risk_shift,1,0,3,0,126,0.0
262144,CanonicalPPO,101,risk_shift,1,0,4,0,126,0.0
262144,CanonicalPPO,101,risk_shift,1,1,0,214,528,0.4053030303030303
262144,CanonicalPPO,101,risk_shift,1,1,1,314,528,0.5946969696969697
262144,CanonicalPPO,101,risk_shift,1,1,2,0,528,0.0
262144,CanonicalPPO,101,risk_shift,1,1,3,0,528,0.0
262144,CanonicalPPO,101,risk_shift,1,1,4,0,528,0.0
262144,CanonicalPPO,101,risk_shift,1,2,0,15,151,0.09933774834437085
262144,CanonicalPPO,101,risk_shift,1,2,1,136,151,0.9006622516556292
262144,CanonicalPPO,101,risk_shift,1,2,2,0,151,0.0
262144,CanonicalPPO,101,risk_shift,1,2,3,0,151,0.0
262144,CanonicalPPO,101,risk_shift,1,2,4,0,151,0.0
262144,CanonicalPPO,101,risk_shift,2,0,0,58,58,1.0
262144,CanonicalPPO,101,risk_shift,2,0,1,0,58,0.0
262144,CanonicalPPO,101,risk_shift,2,0,2,0,58,0.0
262144,CanonicalPPO,101,risk_shift,2,0,3,0,58,0.0
262144,CanonicalPPO,101,risk_shift,2,0,4,0,58,0.0
262144,CanonicalPPO,101,risk_shift,2,1,0,172,191,0.900523560209424
262144,CanonicalPPO,101,risk_shift,2,1,1,19,191,0.09947643979057591
262144,CanonicalPPO,101,risk_shift,2,1,2,0,191,0.0
262144,CanonicalPPO,101,risk_shift,2,1,3,0,191,0.0
262144,CanonicalPPO,101,risk_shift,2,1,4,0,191,0.0
262144,CanonicalPPO,101,risk_shift,2,2,0,104,239,0.4351464435146444
262144,CanonicalPPO,101,risk_shift,2,2,1,135,239,0.5648535564853556
262144,CanonicalPPO,101,risk_shift,2,2,2,0,239,0.0
262144,CanonicalPPO,101,risk_shift,2,2,3,0,239,0.0
262144,CanonicalPPO,101,risk_shift,2,2,4,0,239,0.0
262144,CanonicalPPO,202,risk_shift,0,0,0,16,16,1.0
262144,CanonicalPPO,202,risk_shift,0,0,1,0,16,0.0
262144,CanonicalPPO,202,risk_shift,0,0,2,0,16,0.0
262144,CanonicalPPO,202,risk_shift,0,0,3,0,16,0.0
262144,CanonicalPPO,202,risk_shift,0,0,4,0,16,0.0
262144,CanonicalPPO,202,risk_shift,0,1,0,22,503,0.0437375745526839
262144,CanonicalPPO,202,risk_shift,0,1,1,473,503,0.9403578528827038
262144,CanonicalPPO,202,risk_shift,0,1,2,8,503,0.015904572564612324
262144,CanonicalPPO,202,risk_shift,0,1,3,0,503,0.0
262144,CanonicalPPO,202,risk_shift,0,1,4,0,503,0.0
262144,CanonicalPPO,202,risk_shift,0,2,0,0,9,0.0
262144,CanonicalPPO,202,risk_shift,0,2,1,8,9,0.8888888888888888
262144,CanonicalPPO,202,risk_shift,0,2,2,1,9,0.1111111111111111
262144,CanonicalPPO,202,risk_shift,0,2,3,0,9,0.0
262144,CanonicalPPO,202,risk_shift,0,2,4,0,9,0.0
262144,CanonicalPPO,202,risk_shift,1,0,0,126,126,1.0
262144,CanonicalPPO,202,risk_shift,1,0,1,0,126,0.0
262144,CanonicalPPO,202,risk_shift,1,0,2,0,126,0.0
262144,CanonicalPPO,202,risk_shift,1,0,3,0,126,0.0
262144,CanonicalPPO,202,risk_shift,1,0,4,0,126,0.0
262144,CanonicalPPO,202,risk_shift,1,1,0,231,516,0.4476744186046512
262144,CanonicalPPO,202,risk_shift,1,1,1,274,516,0.5310077519379846
262144,CanonicalPPO,202,risk_shift,1,1,2,11,516,0.02131782945736434
262144,CanonicalPPO,202,risk_shift,1,1,3,0,516,0.0
262144,CanonicalPPO,202,risk_shift,1,1,4,0,516,0.0
262144,CanonicalPPO,202,risk_shift,1,2,0,24,155,0.15483870967741936
262144,CanonicalPPO,202,risk_shift,1,2,1,126,155,0.8129032258064516
262144,CanonicalPPO,202,risk_shift,1,2,2,5,155,0.03225806451612903
262144,CanonicalPPO,202,risk_shift,1,2,3,0,155,0.0
262144,CanonicalPPO,202,risk_shift,1,2,4,0,155,0.0
262144,CanonicalPPO,202,risk_shift,2,0,0,58,58,1.0
262144,CanonicalPPO,202,risk_shift,2,0,1,0,58,0.0
262144,CanonicalPPO,202,risk_shift,2,0,2,0,58,0.0
262144,CanonicalPPO,202,risk_shift,2,0,3,0,58,0.0
262144,CanonicalPPO,202,risk_shift,2,0,4,0,58,0.0
262144,CanonicalPPO,202,risk_shift,2,1,0,168,192,0.875
262144,CanonicalPPO,202,risk_shift,2,1,1,23,192,0.11979166666666667
262144,CanonicalPPO,202,risk_shift,2,1,2,1,192,0.005208333333333333
262144,CanonicalPPO,202,risk_shift,2,1,3,0,192,0.0
262144,CanonicalPPO,202,risk_shift,2,1,4,0,192,0.0
262144,CanonicalPPO,202,risk_shift,2,2,0,99,253,0.391304347826087
262144,CanonicalPPO,202,risk_shift,2,2,1,154,253,0.6086956521739131
262144,CanonicalPPO,202,risk_shift,2,2,2,0,253,0.0
262144,CanonicalPPO,202,risk_shift,2,2,3,0,253,0.0
262144,CanonicalPPO,202,risk_shift,2,2,4,0,253,0.0
262144,CanonicalPPO,303,risk_shift,0,0,0,16,16,1.0
262144,CanonicalPPO,303,risk_shift,0,0,1,0,16,0.0
262144,CanonicalPPO,303,risk_shift,0,0,2,0,16,0.0
262144,CanonicalPPO,303,risk_shift,0,0,3,0,16,0.0
262144,CanonicalPPO,303,risk_shift,0,0,4,0,16,0.0
262144,CanonicalPPO,303,risk_shift,0,1,0,400,507,0.7889546351084813
262144,CanonicalPPO,303,risk_shift,0,1,1,105,507,0.20710059171597633
262144,CanonicalPPO,303,risk_shift,0,1,2,0,507,0.0
262144,CanonicalPPO,303,risk_shift,0,1,3,0,507,0.0
262144,CanonicalPPO,303,risk_shift,0,1,4,2,507,0.0039447731755424065
262144,CanonicalPPO,303,risk_shift,0,2,0,17,20,0.85
262144,CanonicalPPO,303,risk_shift,0,2,1,1,20,0.05
262144,CanonicalPPO,303,risk_shift,0,2,2,0,20,0.0
262144,CanonicalPPO,303,risk_shift,0,2,3,0,20,0.0
262144,CanonicalPPO,303,risk_shift,0,2,4,2,20,0.1
262144,CanonicalPPO,303,risk_shift,1,0,0,126,126,1.0
262144,CanonicalPPO,303,risk_shift,1,0,1,0,126,0.0
262144,CanonicalPPO,303,risk_shift,1,0,2,0,126,0.0
262144,CanonicalPPO,303,risk_shift,1,0,3,0,126,0.0
262144,CanonicalPPO,303,risk_shift,1,0,4,0,126,0.0
262144,CanonicalPPO,303,risk_shift,1,1,0,418,449,0.9309576837416481
262144,CanonicalPPO,303,risk_shift,1,1,1,14,449,0.031180400890868598
262144,CanonicalPPO,303,risk_shift,1,1,2,0,449,0.0
262144,CanonicalPPO,303,risk_shift,1,1,3,0,449,0.0
262144,CanonicalPPO,303,risk_shift,1,1,4,17,449,0.0378619153674833
262144,CanonicalPPO,303,risk_shift,1,2,0,113,135,0.837037037037037
262144,CanonicalPPO,303,risk_shift,1,2,1,0,135,0.0
262144,CanonicalPPO,303,risk_shift,1,2,2,0,135,0.0
262144,CanonicalPPO,303,risk_shift,1,2,3,0,135,0.0
262144,CanonicalPPO,303,risk_shift,1,2,4,22,135,0.16296296296296298
262144,CanonicalPPO,303,risk_shift,2,0,0,58,58,1.0
262144,CanonicalPPO,303,risk_shift,2,0,1,0,58,0.0
262144,CanonicalPPO,303,risk_shift,2,0,2,0,58,0.0
262144,CanonicalPPO,303,risk_shift,2,0,3,0,58,0.0
262144,CanonicalPPO,303,risk_shift,2,0,4,0,58,0.0
262144,CanonicalPPO,303,risk_shift,2,1,0,182,193,0.9430051813471503
262144,CanonicalPPO,303,risk_shift,2,1,1,0,193,0.0
262144,CanonicalPPO,303,risk_shift,2,1,2,0,193,0.0
262144,CanonicalPPO,303,risk_shift,2,1,3,0,193,0.0
262144,CanonicalPPO,303,risk_shift,2,1,4,11,193,0.05699481865284974
262144,CanonicalPPO,303,risk_shift,2,2,0,186,232,0.8017241379310345
262144,CanonicalPPO,303,risk_shift,2,2,1,0,232,0.0
262144,CanonicalPPO,303,risk_shift,2,2,2,0,232,0.0
262144,CanonicalPPO,303,risk_shift,2,2,3,0,232,0.0
262144,CanonicalPPO,303,risk_shift,2,2,4,46,232,0.19827586206896552
262144,CanonicalPPO,404,risk_shift,0,0,0,16,16,1.0
262144,CanonicalPPO,404,risk_shift,0,0,1,0,16,0.0
262144,CanonicalPPO,404,risk_shift,0,0,2,0,16,0.0
262144,CanonicalPPO,404,risk_shift,0,0,3,0,16,0.0
262144,CanonicalPPO,404,risk_shift,0,0,4,0,16,0.0
262144,CanonicalPPO,404,risk_shift,0,1,0,52,505,0.10297029702970296
262144,CanonicalPPO,404,risk_shift,0,1,1,452,505,0.8950495049504951
262144,CanonicalPPO,404,risk_shift,0,1,2,0,505,0.0
262144,CanonicalPPO,404,risk_shift,0,1,3,1,505,0.0019801980198019802
262144,CanonicalPPO,404,risk_shift,0,1,4,0,505,0.0
262144,CanonicalPPO,404,risk_shift,0,2,0,1,13,0.07692307692307693
262144,CanonicalPPO,404,risk_shift,0,2,1,10,13,0.7692307692307693
262144,CanonicalPPO,404,risk_shift,0,2,2,0,13,0.0
262144,CanonicalPPO,404,risk_shift,0,2,3,2,13,0.15384615384615385
262144,CanonicalPPO,404,risk_shift,0,2,4,0,13,0.0
262144,CanonicalPPO,404,risk_shift,1,0,0,126,126,1.0
262144,CanonicalPPO,404,risk_shift,1,0,1,0,126,0.0
262144,CanonicalPPO,404,risk_shift,1,0,2,0,126,0.0
262144,CanonicalPPO,404,risk_shift,1,0,3,0,126,0.0
262144,CanonicalPPO,404,risk_shift,1,0,4,0,126,0.0
262144,CanonicalPPO,404,risk_shift,1,1,0,259,450,0.5755555555555556
262144,CanonicalPPO,404,risk_shift,1,1,1,178,450,0.39555555555555555
262144,CanonicalPPO,404,risk_shift,1,1,2,0,450,0.0
262144,CanonicalPPO,404,risk_shift,1,1,3,13,450,0.028888888888888888
262144,CanonicalPPO,404,risk_shift,1,1,4,0,450,0.0
262144,CanonicalPPO,404,risk_shift,1,2,0,68,141,0.48226950354609927
262144,CanonicalPPO,404,risk_shift,1,2,1,64,141,0.45390070921985815
262144,CanonicalPPO,404,risk_shift,1,2,2,0,141,0.0
262144,CanonicalPPO,404,risk_shift,1,2,3,9,141,0.06382978723404255
262144,CanonicalPPO,404,risk_shift,1,2,4,0,141,0.0
262144,CanonicalPPO,404,risk_shift,2,0,0,58,58,1.0
262144,CanonicalPPO,404,risk_shift,2,0,1,0,58,0.0
262144,CanonicalPPO,404,risk_shift,2,0,2,0,58,0.0
262144,CanonicalPPO,404,risk_shift,2,0,3,0,58,0.0
262144,CanonicalPPO,404,risk_shift,2,0,4,0,58,0.0
262144,CanonicalPPO,404,risk_shift,2,1,0,185,203,0.9113300492610837
262144,CanonicalPPO,404,risk_shift,2,1,1,14,203,0.06896551724137931
262144,CanonicalPPO,404,risk_shift,2,1,2,0,203,0.0
262144,CanonicalPPO,404,risk_shift,2,1,3,4,203,0.019704433497536946
262144,CanonicalPPO,404,risk_shift,2,1,4,0,203,0.0
262144,CanonicalPPO,404,risk_shift,2,2,0,139,237,0.5864978902953587
262144,CanonicalPPO,404,risk_shift,2,2,1,96,237,0.4050632911392405
262144,CanonicalPPO,404,risk_shift,2,2,2,0,237,0.0
262144,CanonicalPPO,404,risk_shift,2,2,3,2,237,0.008438818565400843
262144,CanonicalPPO,404,risk_shift,2,2,4,0,237,0.0
262144,CanonicalPPO,505,risk_shift,0,0,0,16,16,1.0
262144,CanonicalPPO,505,risk_shift,0,0,1,0,16,0.0
262144,CanonicalPPO,505,risk_shift,0,0,2,0,16,0.0
262144,CanonicalPPO,505,risk_shift,0,0,3,0,16,0.0
262144,CanonicalPPO,505,risk_shift,0,0,4,0,16,0.0
262144,CanonicalPPO,505,risk_shift,0,1,0,66,497,0.13279678068410464
262144,CanonicalPPO,505,risk_shift,0,1,1,431,497,0.8672032193158954
262144,CanonicalPPO,505,risk_shift,0,1,2,0,497,0.0
262144,CanonicalPPO,505,risk_shift,0,1,3,0,497,0.0
262144,CanonicalPPO,505,risk_shift,0,1,4,0,497,0.0
262144,CanonicalPPO,505,risk_shift,0,2,0,0,16,0.0
262144,CanonicalPPO,505,risk_shift,0,2,1,16,16,1.0
262144,CanonicalPPO,505,risk_shift,0,2,2,0,16,0.0
262144,CanonicalPPO,505,risk_shift,0,2,3,0,16,0.0
262144,CanonicalPPO,505,risk_shift,0,2,4,0,16,0.0
262144,CanonicalPPO,505,risk_shift,1,0,0,126,126,1.0
262144,CanonicalPPO,505,risk_shift,1,0,1,0,126,0.0
262144,CanonicalPPO,505,risk_shift,1,0,2,0,126,0.0
262144,CanonicalPPO,505,risk_shift,1,0,3,0,126,0.0
262144,CanonicalPPO,505,risk_shift,1,0,4,0,126,0.0
262144,CanonicalPPO,505,risk_shift,1,1,0,255,484,0.5268595041322314
262144,CanonicalPPO,505,risk_shift,1,1,1,229,484,0.4731404958677686
262144,CanonicalPPO,505,risk_shift,1,1,2,0,484,0.0
262144,CanonicalPPO,505,risk_shift,1,1,3,0,484,0.0
262144,CanonicalPPO,505,risk_shift,1,1,4,0,484,0.0
262144,CanonicalPPO,505,risk_shift,1,2,0,56,142,0.39436619718309857
262144,CanonicalPPO,505,risk_shift,1,2,1,86,142,0.6056338028169014
262144,CanonicalPPO,505,risk_shift,1,2,2,0,142,0.0
262144,CanonicalPPO,505,risk_shift,1,2,3,0,142,0.0
262144,CanonicalPPO,505,risk_shift,1,2,4,0,142,0.0
262144,CanonicalPPO,505,risk_shift,2,0,0,58,58,1.0
262144,CanonicalPPO,505,risk_shift,2,0,1,0,58,0.0
262144,CanonicalPPO,505,risk_shift,2,0,2,0,58,0.0
262144,CanonicalPPO,505,risk_shift,2,0,3,0,58,0.0
262144,CanonicalPPO,505,risk_shift,2,0,4,0,58,0.0
262144,CanonicalPPO,505,risk_shift,2,1,0,174,207,0.8405797101449275
262144,CanonicalPPO,505,risk_shift,2,1,1,33,207,0.15942028985507245
262144,CanonicalPPO,505,risk_shift,2,1,2,0,207,0.0
262144,CanonicalPPO,505,risk_shift,2,1,3,0,207,0.0
262144,CanonicalPPO,505,risk_shift,2,1,4,0,207,0.0
262144,CanonicalPPO,505,risk_shift,2,2,0,115,245,0.46938775510204084
262144,CanonicalPPO,505,risk_shift,2,2,1,130,245,0.5306122448979592
262144,CanonicalPPO,505,risk_shift,2,2,2,0,245,0.0
262144,CanonicalPPO,505,risk_shift,2,2,3,0,245,0.0
262144,CanonicalPPO,505,risk_shift,2,2,4,0,245,0.0
262144,MyopicEconomic,101,risk_shift,0,0,0,42,665,0.06315789473684211
262144,MyopicEconomic,101,risk_shift,0,0,1,32,665,0.0481203007518797
262144,MyopicEconomic,101,risk_shift,0,0,2,361,665,0.5428571428571428
262144,MyopicEconomic,101,risk_shift,0,0,3,52,665,0.07819548872180451
262144,MyopicEconomic,101,risk_shift,0,0,4,178,665,0.26766917293233083
262144,MyopicEconomic,101,risk_shift,0,1,0,0,15,0.0
262144,MyopicEconomic,101,risk_shift,0,1,1,0,15,0.0
262144,MyopicEconomic,101,risk_shift,0,1,2,1,15,0.06666666666666667
262144,MyopicEconomic,101,risk_shift,0,1,3,0,15,0.0
262144,MyopicEconomic,101,risk_shift,0,1,4,14,15,0.9333333333333333
262144,MyopicEconomic,101,risk_shift,1,0,0,33,690,0.04782608695652174
262144,MyopicEconomic,101,risk_shift,1,0,1,32,690,0.0463768115942029
262144,MyopicEconomic,101,risk_shift,1,0,2,318,690,0.4608695652173913
262144,MyopicEconomic,101,risk_shift,1,0,3,51,690,0.07391304347826087
262144,MyopicEconomic,101,risk_shift,1,0,4,256,690,0.3710144927536232
262144,MyopicEconomic,101,risk_shift,1,1,0,46,147,0.3129251700680272
262144,MyopicEconomic,101,risk_shift,1,1,1,2,147,0.013605442176870748
262144,MyopicEconomic,101,risk_shift,1,1,2,49,147,0.3333333333333333
262144,MyopicEconomic,101,risk_shift,1,1,3,0,147,0.0
262144,MyopicEconomic,101,risk_shift,1,1,4,50,147,0.3401360544217687
262144,MyopicEconomic,101,risk_shift,1,2,0,0,6,0.0
262144,MyopicEconomic,101,risk_shift,1,2,1,0,6,0.0
262144,MyopicEconomic,101,risk_shift,1,2,2,0,6,0.0
262144,MyopicEconomic,101,risk_shift,1,2,3,0,6,0.0
262144,MyopicEconomic,101,risk_shift,1,2,4,6,6,1.0
262144,MyopicEconomic,101,risk_shift,2,0,0,5,461,0.010845986984815618
262144,MyopicEconomic,101,risk_shift,2,0,1,2,461,0.004338394793926247
262144,MyopicEconomic,101,risk_shift,2,0,2,282,461,0.6117136659436009
262144,MyopicEconomic,101,risk_shift,2,0,3,15,461,0.03253796095444685
262144,MyopicEconomic,101,risk_shift,2,0,4,157,461,0.3405639913232104
262144,MyopicEconomic,101,risk_shift,2,1,0,56,238,0.23529411764705882
262144,MyopicEconomic,101,risk_shift,2,1,1,27,238,0.1134453781512605
262144,MyopicEconomic,101,risk_shift,2,1,2,94,238,0.3949579831932773
262144,MyopicEconomic,101,risk_shift,2,1,3,3,238,0.012605042016806723
262144,MyopicEconomic,101,risk_shift,2,1,4,58,238,0.24369747899159663
262144,MyopicEconomic,101,risk_shift,2,2,0,0,37,0.0
262144,MyopicEconomic,101,risk_shift,2,2,1,0,37,0.0
262144,MyopicEconomic,101,risk_shift,2,2,2,6,37,0.16216216216216217
262144,MyopicEconomic,101,risk_shift,2,2,3,0,37,0.0
262144,MyopicEconomic,101,risk_shift,2,2,4,31,37,0.8378378378378378
262144,MyopicEconomic,202,risk_shift,0,0,0,42,665,0.06315789473684211
262144,MyopicEconomic,202,risk_shift,0,0,1,32,665,0.0481203007518797
262144,MyopicEconomic,202,risk_shift,0,0,2,361,665,0.5428571428571428
262144,MyopicEconomic,202,risk_shift,0,0,3,52,665,0.07819548872180451
262144,MyopicEconomic,202,risk_shift,0,0,4,178,665,0.26766917293233083
262144,MyopicEconomic,202,risk_shift,0,1,0,0,15,0.0
262144,MyopicEconomic,202,risk_shift,0,1,1,0,15,0.0
262144,MyopicEconomic,202,risk_shift,0,1,2,1,15,0.06666666666666667
262144,MyopicEconomic,202,risk_shift,0,1,3,0,15,0.0
262144,MyopicEconomic,202,risk_shift,0,1,4,14,15,0.9333333333333333
262144,MyopicEconomic,202,risk_shift,1,0,0,33,690,0.04782608695652174
262144,MyopicEconomic,202,risk_shift,1,0,1,32,690,0.0463768115942029
262144,MyopicEconomic,202,risk_shift,1,0,2,318,690,0.4608695652173913
262144,MyopicEconomic,202,risk_shift,1,0,3,51,690,0.07391304347826087
262144,MyopicEconomic,202,risk_shift,1,0,4,256,690,0.3710144927536232
262144,MyopicEconomic,202,risk_shift,1,1,0,46,147,0.3129251700680272
262144,MyopicEconomic,202,risk_shift,1,1,1,2,147,0.013605442176870748
262144,MyopicEconomic,202,risk_shift,1,1,2,49,147,0.3333333333333333
262144,MyopicEconomic,202,risk_shift,1,1,3,0,147,0.0
262144,MyopicEconomic,202,risk_shift,1,1,4,50,147,0.3401360544217687
262144,MyopicEconomic,202,risk_shift,1,2,0,0,6,0.0
262144,MyopicEconomic,202,risk_shift,1,2,1,0,6,0.0
262144,MyopicEconomic,202,risk_shift,1,2,2,0,6,0.0
262144,MyopicEconomic,202,risk_shift,1,2,3,0,6,0.0
262144,MyopicEconomic,202,risk_shift,1,2,4,6,6,1.0
262144,MyopicEconomic,202,risk_shift,2,0,0,5,461,0.010845986984815618
262144,MyopicEconomic,202,risk_shift,2,0,1,2,461,0.004338394793926247
262144,MyopicEconomic,202,risk_shift,2,0,2,282,461,0.6117136659436009
262144,MyopicEconomic,202,risk_shift,2,0,3,15,461,0.03253796095444685
262144,MyopicEconomic,202,risk_shift,2,0,4,157,461,0.3405639913232104
262144,MyopicEconomic,202,risk_shift,2,1,0,56,238,0.23529411764705882
262144,MyopicEconomic,202,risk_shift,2,1,1,27,238,0.1134453781512605
262144,MyopicEconomic,202,risk_shift,2,1,2,94,238,0.3949579831932773
262144,MyopicEconomic,202,risk_shift,2,1,3,3,238,0.012605042016806723
262144,MyopicEconomic,202,risk_shift,2,1,4,58,238,0.24369747899159663
262144,MyopicEconomic,202,risk_shift,2,2,0,0,37,0.0
262144,MyopicEconomic,202,risk_shift,2,2,1,0,37,0.0
262144,MyopicEconomic,202,risk_shift,2,2,2,6,37,0.16216216216216217
262144,MyopicEconomic,202,risk_shift,2,2,3,0,37,0.0
262144,MyopicEconomic,202,risk_shift,2,2,4,31,37,0.8378378378378378
262144,MyopicEconomic,303,risk_shift,0,0,0,42,665,0.06315789473684211
262144,MyopicEconomic,303,risk_shift,0,0,1,32,665,0.0481203007518797
262144,MyopicEconomic,303,risk_shift,0,0,2,361,665,0.5428571428571428
262144,MyopicEconomic,303,risk_shift,0,0,3,52,665,0.07819548872180451
262144,MyopicEconomic,303,risk_shift,0,0,4,178,665,0.26766917293233083
262144,MyopicEconomic,303,risk_shift,0,1,0,0,15,0.0
262144,MyopicEconomic,303,risk_shift,0,1,1,0,15,0.0
262144,MyopicEconomic,303,risk_shift,0,1,2,1,15,0.06666666666666667
262144,MyopicEconomic,303,risk_shift,0,1,3,0,15,0.0
262144,MyopicEconomic,303,risk_shift,0,1,4,14,15,0.9333333333333333
262144,MyopicEconomic,303,risk_shift,1,0,0,33,690,0.04782608695652174
262144,MyopicEconomic,303,risk_shift,1,0,1,32,690,0.0463768115942029
262144,MyopicEconomic,303,risk_shift,1,0,2,318,690,0.4608695652173913
262144,MyopicEconomic,303,risk_shift,1,0,3,51,690,0.07391304347826087
262144,MyopicEconomic,303,risk_shift,1,0,4,256,690,0.3710144927536232
262144,MyopicEconomic,303,risk_shift,1,1,0,46,147,0.3129251700680272
262144,MyopicEconomic,303,risk_shift,1,1,1,2,147,0.013605442176870748
262144,MyopicEconomic,303,risk_shift,1,1,2,49,147,0.3333333333333333
262144,MyopicEconomic,303,risk_shift,1,1,3,0,147,0.0
262144,MyopicEconomic,303,risk_shift,1,1,4,50,147,0.3401360544217687
262144,MyopicEconomic,303,risk_shift,1,2,0,0,6,0.0
262144,MyopicEconomic,303,risk_shift,1,2,1,0,6,0.0
262144,MyopicEconomic,303,risk_shift,1,2,2,0,6,0.0
262144,MyopicEconomic,303,risk_shift,1,2,3,0,6,0.0
262144,MyopicEconomic,303,risk_shift,1,2,4,6,6,1.0
262144,MyopicEconomic,303,risk_shift,2,0,0,5,461,0.010845986984815618
262144,MyopicEconomic,303,risk_shift,2,0,1,2,461,0.004338394793926247
262144,MyopicEconomic,303,risk_shift,2,0,2,282,461,0.6117136659436009
262144,MyopicEconomic,303,risk_shift,2,0,3,15,461,0.03253796095444685
262144,MyopicEconomic,303,risk_shift,2,0,4,157,461,0.3405639913232104
262144,MyopicEconomic,303,risk_shift,2,1,0,56,238,0.23529411764705882
262144,MyopicEconomic,303,risk_shift,2,1,1,27,238,0.1134453781512605
262144,MyopicEconomic,303,risk_shift,2,1,2,94,238,0.3949579831932773
262144,MyopicEconomic,303,risk_shift,2,1,3,3,238,0.012605042016806723
262144,MyopicEconomic,303,risk_shift,2,1,4,58,238,0.24369747899159663
262144,MyopicEconomic,303,risk_shift,2,2,0,0,37,0.0
262144,MyopicEconomic,303,risk_shift,2,2,1,0,37,0.0
262144,MyopicEconomic,303,risk_shift,2,2,2,6,37,0.16216216216216217
262144,MyopicEconomic,303,risk_shift,2,2,3,0,37,0.0
262144,MyopicEconomic,303,risk_shift,2,2,4,31,37,0.8378378378378378
262144,MyopicEconomic,404,risk_shift,0,0,0,42,665,0.06315789473684211
262144,MyopicEconomic,404,risk_shift,0,0,1,32,665,0.0481203007518797
262144,MyopicEconomic,404,risk_shift,0,0,2,361,665,0.5428571428571428
262144,MyopicEconomic,404,risk_shift,0,0,3,52,665,0.07819548872180451
262144,MyopicEconomic,404,risk_shift,0,0,4,178,665,0.26766917293233083
262144,MyopicEconomic,404,risk_shift,0,1,0,0,15,0.0
262144,MyopicEconomic,404,risk_shift,0,1,1,0,15,0.0
262144,MyopicEconomic,404,risk_shift,0,1,2,1,15,0.06666666666666667
262144,MyopicEconomic,404,risk_shift,0,1,3,0,15,0.0
262144,MyopicEconomic,404,risk_shift,0,1,4,14,15,0.9333333333333333
262144,MyopicEconomic,404,risk_shift,1,0,0,33,690,0.04782608695652174
262144,MyopicEconomic,404,risk_shift,1,0,1,32,690,0.0463768115942029
262144,MyopicEconomic,404,risk_shift,1,0,2,318,690,0.4608695652173913
262144,MyopicEconomic,404,risk_shift,1,0,3,51,690,0.07391304347826087
262144,MyopicEconomic,404,risk_shift,1,0,4,256,690,0.3710144927536232
262144,MyopicEconomic,404,risk_shift,1,1,0,46,147,0.3129251700680272
262144,MyopicEconomic,404,risk_shift,1,1,1,2,147,0.013605442176870748
262144,MyopicEconomic,404,risk_shift,1,1,2,49,147,0.3333333333333333
262144,MyopicEconomic,404,risk_shift,1,1,3,0,147,0.0
262144,MyopicEconomic,404,risk_shift,1,1,4,50,147,0.3401360544217687
262144,MyopicEconomic,404,risk_shift,1,2,0,0,6,0.0
262144,MyopicEconomic,404,risk_shift,1,2,1,0,6,0.0
262144,MyopicEconomic,404,risk_shift,1,2,2,0,6,0.0
262144,MyopicEconomic,404,risk_shift,1,2,3,0,6,0.0
262144,MyopicEconomic,404,risk_shift,1,2,4,6,6,1.0
262144,MyopicEconomic,404,risk_shift,2,0,0,5,461,0.010845986984815618
262144,MyopicEconomic,404,risk_shift,2,0,1,2,461,0.004338394793926247
262144,MyopicEconomic,404,risk_shift,2,0,2,282,461,0.6117136659436009
262144,MyopicEconomic,404,risk_shift,2,0,3,15,461,0.03253796095444685
262144,MyopicEconomic,404,risk_shift,2,0,4,157,461,0.3405639913232104
262144,MyopicEconomic,404,risk_shift,2,1,0,56,238,0.23529411764705882
262144,MyopicEconomic,404,risk_shift,2,1,1,27,238,0.1134453781512605
262144,MyopicEconomic,404,risk_shift,2,1,2,94,238,0.3949579831932773
262144,MyopicEconomic,404,risk_shift,2,1,3,3,238,0.012605042016806723
262144,MyopicEconomic,404,risk_shift,2,1,4,58,238,0.24369747899159663
262144,MyopicEconomic,404,risk_shift,2,2,0,0,37,0.0
262144,MyopicEconomic,404,risk_shift,2,2,1,0,37,0.0
262144,MyopicEconomic,404,risk_shift,2,2,2,6,37,0.16216216216216217
262144,MyopicEconomic,404,risk_shift,2,2,3,0,37,0.0
262144,MyopicEconomic,404,risk_shift,2,2,4,31,37,0.8378378378378378
262144,MyopicEconomic,505,risk_shift,0,0,0,42,665,0.06315789473684211
262144,MyopicEconomic,505,risk_shift,0,0,1,32,665,0.0481203007518797
262144,MyopicEconomic,505,risk_shift,0,0,2,361,665,0.5428571428571428
262144,MyopicEconomic,505,risk_shift,0,0,3,52,665,0.07819548872180451
262144,MyopicEconomic,505,risk_shift,0,0,4,178,665,0.26766917293233083
262144,MyopicEconomic,505,risk_shift,0,1,0,0,15,0.0
262144,MyopicEconomic,505,risk_shift,0,1,1,0,15,0.0
262144,MyopicEconomic,505,risk_shift,0,1,2,1,15,0.06666666666666667
262144,MyopicEconomic,505,risk_shift,0,1,3,0,15,0.0
262144,MyopicEconomic,505,risk_shift,0,1,4,14,15,0.9333333333333333
262144,MyopicEconomic,505,risk_shift,1,0,0,33,690,0.04782608695652174
262144,MyopicEconomic,505,risk_shift,1,0,1,32,690,0.0463768115942029
262144,MyopicEconomic,505,risk_shift,1,0,2,318,690,0.4608695652173913
262144,MyopicEconomic,505,risk_shift,1,0,3,51,690,0.07391304347826087
262144,MyopicEconomic,505,risk_shift,1,0,4,256,690,0.3710144927536232
262144,MyopicEconomic,505,risk_shift,1,1,0,46,147,0.3129251700680272
262144,MyopicEconomic,505,risk_shift,1,1,1,2,147,0.013605442176870748
262144,MyopicEconomic,505,risk_shift,1,1,2,49,147,0.3333333333333333
262144,MyopicEconomic,505,risk_shift,1,1,3,0,147,0.0
262144,MyopicEconomic,505,risk_shift,1,1,4,50,147,0.3401360544217687
262144,MyopicEconomic,505,risk_shift,1,2,0,0,6,0.0
262144,MyopicEconomic,505,risk_shift,1,2,1,0,6,0.0
262144,MyopicEconomic,505,risk_shift,1,2,2,0,6,0.0
262144,MyopicEconomic,505,risk_shift,1,2,3,0,6,0.0
262144,MyopicEconomic,505,risk_shift,1,2,4,6,6,1.0
262144,MyopicEconomic,505,risk_shift,2,0,0,5,461,0.010845986984815618
262144,MyopicEconomic,505,risk_shift,2,0,1,2,461,0.004338394793926247
262144,MyopicEconomic,505,risk_shift,2,0,2,282,461,0.6117136659436009
262144,MyopicEconomic,505,risk_shift,2,0,3,15,461,0.03253796095444685
262144,MyopicEconomic,505,risk_shift,2,0,4,157,461,0.3405639913232104
262144,MyopicEconomic,505,risk_shift,2,1,0,56,238,0.23529411764705882
262144,MyopicEconomic,505,risk_shift,2,1,1,27,238,0.1134453781512605
262144,MyopicEconomic,505,risk_shift,2,1,2,94,238,0.3949579831932773
262144,MyopicEconomic,505,risk_shift,2,1,3,3,238,0.012605042016806723
262144,MyopicEconomic,505,risk_shift,2,1,4,58,238,0.24369747899159663
262144,MyopicEconomic,505,risk_shift,2,2,0,0,37,0.0
262144,MyopicEconomic,505,risk_shift,2,2,1,0,37,0.0
262144,MyopicEconomic,505,risk_shift,2,2,2,6,37,0.16216216216216217
262144,MyopicEconomic,505,risk_shift,2,2,3,0,37,0.0
262144,MyopicEconomic,505,risk_shift,2,2,4,31,37,0.8378378378378378
262144,ObservationPlanner,101,risk_shift,0,0,0,15,43,0.3488372093023256
262144,ObservationPlanner,101,risk_shift,0,0,1,1,43,0.023255813953488372
262144,ObservationPlanner,101,risk_shift,0,0,2,0,43,0.0
262144,ObservationPlanner,101,risk_shift,0,0,3,9,43,0.20930232558139536
262144,ObservationPlanner,101,risk_shift,0,0,4,18,43,0.4186046511627907
262144,ObservationPlanner,101,risk_shift,0,1,0,164,492,0.3333333333333333
262144,ObservationPlanner,101,risk_shift,0,1,1,128,492,0.2601626016260163
262144,ObservationPlanner,101,risk_shift,0,1,2,40,492,0.08130081300813008
262144,ObservationPlanner,101,risk_shift,0,1,3,48,492,0.0975609756097561
262144,ObservationPlanner,101,risk_shift,0,1,4,112,492,0.22764227642276422
262144,ObservationPlanner,101,risk_shift,0,2,0,4,18,0.2222222222222222
262144,ObservationPlanner,101,risk_shift,0,2,1,7,18,0.3888888888888889
262144,ObservationPlanner,101,risk_shift,0,2,2,3,18,0.16666666666666666
262144,ObservationPlanner,101,risk_shift,0,2,3,2,18,0.1111111111111111
262144,ObservationPlanner,101,risk_shift,0,2,4,2,18,0.1111111111111111
262144,ObservationPlanner,101,risk_shift,1,0,0,126,126,1.0
262144,ObservationPlanner,101,risk_shift,1,0,1,0,126,0.0
262144,ObservationPlanner,101,risk_shift,1,0,2,0,126,0.0
262144,ObservationPlanner,101,risk_shift,1,0,3,0,126,0.0
262144,ObservationPlanner,101,risk_shift,1,0,4,0,126,0.0
262144,ObservationPlanner,101,risk_shift,1,1,0,386,561,0.6880570409982175
262144,ObservationPlanner,101,risk_shift,1,1,1,52,561,0.09269162210338681
262144,ObservationPlanner,101,risk_shift,1,1,2,71,561,0.1265597147950089
262144,ObservationPlanner,101,risk_shift,1,1,3,21,561,0.0374331550802139
262144,ObservationPlanner,101,risk_shift,1,1,4,31,561,0.05525846702317291
262144,ObservationPlanner,101,risk_shift,1,2,0,28,142,0.19718309859154928
262144,ObservationPlanner,101,risk_shift,1,2,1,58,142,0.4084507042253521
262144,ObservationPlanner,101,risk_shift,1,2,2,29,142,0.20422535211267606
262144,ObservationPlanner,101,risk_shift,1,2,3,12,142,0.08450704225352113
262144,ObservationPlanner,101,risk_shift,1,2,4,15,142,0.1056338028169014
262144,ObservationPlanner,101,risk_shift,2,0,0,55,58,0.9482758620689655
262144,ObservationPlanner,101,risk_shift,2,0,1,3,58,0.05172413793103448
262144,ObservationPlanner,101,risk_shift,2,0,2,0,58,0.0
262144,ObservationPlanner,101,risk_shift,2,0,3,0,58,0.0
262144,ObservationPlanner,101,risk_shift,2,0,4,0,58,0.0
262144,ObservationPlanner,101,risk_shift,2,1,0,180,206,0.8737864077669902
262144,ObservationPlanner,101,risk_shift,2,1,1,9,206,0.043689320388349516
262144,ObservationPlanner,101,risk_shift,2,1,2,17,206,0.0825242718446602
262144,ObservationPlanner,101,risk_shift,2,1,3,0,206,0.0
262144,ObservationPlanner,101,risk_shift,2,1,4,0,206,0.0
262144,ObservationPlanner,101,risk_shift,2,2,0,114,262,0.4351145038167939
262144,ObservationPlanner,101,risk_shift,2,2,1,73,262,0.2786259541984733
262144,ObservationPlanner,101,risk_shift,2,2,2,50,262,0.19083969465648856
262144,ObservationPlanner,101,risk_shift,2,2,3,11,262,0.04198473282442748
262144,ObservationPlanner,101,risk_shift,2,2,4,14,262,0.05343511450381679
262144,ObservationPlanner,202,risk_shift,0,0,0,15,43,0.3488372093023256
262144,ObservationPlanner,202,risk_shift,0,0,1,1,43,0.023255813953488372
262144,ObservationPlanner,202,risk_shift,0,0,2,0,43,0.0
262144,ObservationPlanner,202,risk_shift,0,0,3,9,43,0.20930232558139536
262144,ObservationPlanner,202,risk_shift,0,0,4,18,43,0.4186046511627907
262144,ObservationPlanner,202,risk_shift,0,1,0,164,492,0.3333333333333333
262144,ObservationPlanner,202,risk_shift,0,1,1,128,492,0.2601626016260163
262144,ObservationPlanner,202,risk_shift,0,1,2,40,492,0.08130081300813008
262144,ObservationPlanner,202,risk_shift,0,1,3,48,492,0.0975609756097561
262144,ObservationPlanner,202,risk_shift,0,1,4,112,492,0.22764227642276422
262144,ObservationPlanner,202,risk_shift,0,2,0,4,18,0.2222222222222222
262144,ObservationPlanner,202,risk_shift,0,2,1,7,18,0.3888888888888889
262144,ObservationPlanner,202,risk_shift,0,2,2,3,18,0.16666666666666666
262144,ObservationPlanner,202,risk_shift,0,2,3,2,18,0.1111111111111111
262144,ObservationPlanner,202,risk_shift,0,2,4,2,18,0.1111111111111111
262144,ObservationPlanner,202,risk_shift,1,0,0,126,126,1.0
262144,ObservationPlanner,202,risk_shift,1,0,1,0,126,0.0
262144,ObservationPlanner,202,risk_shift,1,0,2,0,126,0.0
262144,ObservationPlanner,202,risk_shift,1,0,3,0,126,0.0
262144,ObservationPlanner,202,risk_shift,1,0,4,0,126,0.0
262144,ObservationPlanner,202,risk_shift,1,1,0,386,561,0.6880570409982175
262144,ObservationPlanner,202,risk_shift,1,1,1,52,561,0.09269162210338681
262144,ObservationPlanner,202,risk_shift,1,1,2,71,561,0.1265597147950089
262144,ObservationPlanner,202,risk_shift,1,1,3,21,561,0.0374331550802139
262144,ObservationPlanner,202,risk_shift,1,1,4,31,561,0.05525846702317291
262144,ObservationPlanner,202,risk_shift,1,2,0,28,142,0.19718309859154928
262144,ObservationPlanner,202,risk_shift,1,2,1,58,142,0.4084507042253521
262144,ObservationPlanner,202,risk_shift,1,2,2,29,142,0.20422535211267606
262144,ObservationPlanner,202,risk_shift,1,2,3,12,142,0.08450704225352113
262144,ObservationPlanner,202,risk_shift,1,2,4,15,142,0.1056338028169014
262144,ObservationPlanner,202,risk_shift,2,0,0,55,58,0.9482758620689655
262144,ObservationPlanner,202,risk_shift,2,0,1,3,58,0.05172413793103448
262144,ObservationPlanner,202,risk_shift,2,0,2,0,58,0.0
262144,ObservationPlanner,202,risk_shift,2,0,3,0,58,0.0
262144,ObservationPlanner,202,risk_shift,2,0,4,0,58,0.0
262144,ObservationPlanner,202,risk_shift,2,1,0,180,206,0.8737864077669902
262144,ObservationPlanner,202,risk_shift,2,1,1,9,206,0.043689320388349516
262144,ObservationPlanner,202,risk_shift,2,1,2,17,206,0.0825242718446602
262144,ObservationPlanner,202,risk_shift,2,1,3,0,206,0.0
262144,ObservationPlanner,202,risk_shift,2,1,4,0,206,0.0
262144,ObservationPlanner,202,risk_shift,2,2,0,114,262,0.4351145038167939
262144,ObservationPlanner,202,risk_shift,2,2,1,73,262,0.2786259541984733
262144,ObservationPlanner,202,risk_shift,2,2,2,50,262,0.19083969465648856
262144,ObservationPlanner,202,risk_shift,2,2,3,11,262,0.04198473282442748
262144,ObservationPlanner,202,risk_shift,2,2,4,14,262,0.05343511450381679
262144,ObservationPlanner,303,risk_shift,0,0,0,15,43,0.3488372093023256
262144,ObservationPlanner,303,risk_shift,0,0,1,1,43,0.023255813953488372
262144,ObservationPlanner,303,risk_shift,0,0,2,0,43,0.0
262144,ObservationPlanner,303,risk_shift,0,0,3,9,43,0.20930232558139536
262144,ObservationPlanner,303,risk_shift,0,0,4,18,43,0.4186046511627907
262144,ObservationPlanner,303,risk_shift,0,1,0,164,492,0.3333333333333333
262144,ObservationPlanner,303,risk_shift,0,1,1,128,492,0.2601626016260163
262144,ObservationPlanner,303,risk_shift,0,1,2,40,492,0.08130081300813008
262144,ObservationPlanner,303,risk_shift,0,1,3,48,492,0.0975609756097561
262144,ObservationPlanner,303,risk_shift,0,1,4,112,492,0.22764227642276422
262144,ObservationPlanner,303,risk_shift,0,2,0,4,18,0.2222222222222222
262144,ObservationPlanner,303,risk_shift,0,2,1,7,18,0.3888888888888889
262144,ObservationPlanner,303,risk_shift,0,2,2,3,18,0.16666666666666666
262144,ObservationPlanner,303,risk_shift,0,2,3,2,18,0.1111111111111111
262144,ObservationPlanner,303,risk_shift,0,2,4,2,18,0.1111111111111111
262144,ObservationPlanner,303,risk_shift,1,0,0,126,126,1.0
262144,ObservationPlanner,303,risk_shift,1,0,1,0,126,0.0
262144,ObservationPlanner,303,risk_shift,1,0,2,0,126,0.0
262144,ObservationPlanner,303,risk_shift,1,0,3,0,126,0.0
262144,ObservationPlanner,303,risk_shift,1,0,4,0,126,0.0
262144,ObservationPlanner,303,risk_shift,1,1,0,386,561,0.6880570409982175
262144,ObservationPlanner,303,risk_shift,1,1,1,52,561,0.09269162210338681
262144,ObservationPlanner,303,risk_shift,1,1,2,71,561,0.1265597147950089
262144,ObservationPlanner,303,risk_shift,1,1,3,21,561,0.0374331550802139
262144,ObservationPlanner,303,risk_shift,1,1,4,31,561,0.05525846702317291
262144,ObservationPlanner,303,risk_shift,1,2,0,28,142,0.19718309859154928
262144,ObservationPlanner,303,risk_shift,1,2,1,58,142,0.4084507042253521
262144,ObservationPlanner,303,risk_shift,1,2,2,29,142,0.20422535211267606
262144,ObservationPlanner,303,risk_shift,1,2,3,12,142,0.08450704225352113
262144,ObservationPlanner,303,risk_shift,1,2,4,15,142,0.1056338028169014
262144,ObservationPlanner,303,risk_shift,2,0,0,55,58,0.9482758620689655
262144,ObservationPlanner,303,risk_shift,2,0,1,3,58,0.05172413793103448
262144,ObservationPlanner,303,risk_shift,2,0,2,0,58,0.0
262144,ObservationPlanner,303,risk_shift,2,0,3,0,58,0.0
262144,ObservationPlanner,303,risk_shift,2,0,4,0,58,0.0
262144,ObservationPlanner,303,risk_shift,2,1,0,180,206,0.8737864077669902
262144,ObservationPlanner,303,risk_shift,2,1,1,9,206,0.043689320388349516
262144,ObservationPlanner,303,risk_shift,2,1,2,17,206,0.0825242718446602
262144,ObservationPlanner,303,risk_shift,2,1,3,0,206,0.0
262144,ObservationPlanner,303,risk_shift,2,1,4,0,206,0.0
262144,ObservationPlanner,303,risk_shift,2,2,0,114,262,0.4351145038167939
262144,ObservationPlanner,303,risk_shift,2,2,1,73,262,0.2786259541984733
262144,ObservationPlanner,303,risk_shift,2,2,2,50,262,0.19083969465648856
262144,ObservationPlanner,303,risk_shift,2,2,3,11,262,0.04198473282442748
262144,ObservationPlanner,303,risk_shift,2,2,4,14,262,0.05343511450381679
262144,ObservationPlanner,404,risk_shift,0,0,0,15,43,0.3488372093023256
262144,ObservationPlanner,404,risk_shift,0,0,1,1,43,0.023255813953488372
262144,ObservationPlanner,404,risk_shift,0,0,2,0,43,0.0
262144,ObservationPlanner,404,risk_shift,0,0,3,9,43,0.20930232558139536
262144,ObservationPlanner,404,risk_shift,0,0,4,18,43,0.4186046511627907
262144,ObservationPlanner,404,risk_shift,0,1,0,164,492,0.3333333333333333
262144,ObservationPlanner,404,risk_shift,0,1,1,128,492,0.2601626016260163
262144,ObservationPlanner,404,risk_shift,0,1,2,40,492,0.08130081300813008
262144,ObservationPlanner,404,risk_shift,0,1,3,48,492,0.0975609756097561
262144,ObservationPlanner,404,risk_shift,0,1,4,112,492,0.22764227642276422
262144,ObservationPlanner,404,risk_shift,0,2,0,4,18,0.2222222222222222
262144,ObservationPlanner,404,risk_shift,0,2,1,7,18,0.3888888888888889
262144,ObservationPlanner,404,risk_shift,0,2,2,3,18,0.16666666666666666
262144,ObservationPlanner,404,risk_shift,0,2,3,2,18,0.1111111111111111
262144,ObservationPlanner,404,risk_shift,0,2,4,2,18,0.1111111111111111
262144,ObservationPlanner,404,risk_shift,1,0,0,126,126,1.0
262144,ObservationPlanner,404,risk_shift,1,0,1,0,126,0.0
262144,ObservationPlanner,404,risk_shift,1,0,2,0,126,0.0
262144,ObservationPlanner,404,risk_shift,1,0,3,0,126,0.0
262144,ObservationPlanner,404,risk_shift,1,0,4,0,126,0.0
262144,ObservationPlanner,404,risk_shift,1,1,0,386,561,0.6880570409982175
262144,ObservationPlanner,404,risk_shift,1,1,1,52,561,0.09269162210338681
262144,ObservationPlanner,404,risk_shift,1,1,2,71,561,0.1265597147950089
262144,ObservationPlanner,404,risk_shift,1,1,3,21,561,0.0374331550802139
262144,ObservationPlanner,404,risk_shift,1,1,4,31,561,0.05525846702317291
262144,ObservationPlanner,404,risk_shift,1,2,0,28,142,0.19718309859154928
262144,ObservationPlanner,404,risk_shift,1,2,1,58,142,0.4084507042253521
262144,ObservationPlanner,404,risk_shift,1,2,2,29,142,0.20422535211267606
262144,ObservationPlanner,404,risk_shift,1,2,3,12,142,0.08450704225352113
262144,ObservationPlanner,404,risk_shift,1,2,4,15,142,0.1056338028169014
262144,ObservationPlanner,404,risk_shift,2,0,0,55,58,0.9482758620689655
262144,ObservationPlanner,404,risk_shift,2,0,1,3,58,0.05172413793103448
262144,ObservationPlanner,404,risk_shift,2,0,2,0,58,0.0
262144,ObservationPlanner,404,risk_shift,2,0,3,0,58,0.0
262144,ObservationPlanner,404,risk_shift,2,0,4,0,58,0.0
262144,ObservationPlanner,404,risk_shift,2,1,0,180,206,0.8737864077669902
262144,ObservationPlanner,404,risk_shift,2,1,1,9,206,0.043689320388349516
262144,ObservationPlanner,404,risk_shift,2,1,2,17,206,0.0825242718446602
262144,ObservationPlanner,404,risk_shift,2,1,3,0,206,0.0
262144,ObservationPlanner,404,risk_shift,2,1,4,0,206,0.0
262144,ObservationPlanner,404,risk_shift,2,2,0,114,262,0.4351145038167939
262144,ObservationPlanner,404,risk_shift,2,2,1,73,262,0.2786259541984733
262144,ObservationPlanner,404,risk_shift,2,2,2,50,262,0.19083969465648856
262144,ObservationPlanner,404,risk_shift,2,2,3,11,262,0.04198473282442748
262144,ObservationPlanner,404,risk_shift,2,2,4,14,262,0.05343511450381679
262144,ObservationPlanner,505,risk_shift,0,0,0,15,43,0.3488372093023256
262144,ObservationPlanner,505,risk_shift,0,0,1,1,43,0.023255813953488372
262144,ObservationPlanner,505,risk_shift,0,0,2,0,43,0.0
262144,ObservationPlanner,505,risk_shift,0,0,3,9,43,0.20930232558139536
262144,ObservationPlanner,505,risk_shift,0,0,4,18,43,0.4186046511627907
262144,ObservationPlanner,505,risk_shift,0,1,0,164,492,0.3333333333333333
262144,ObservationPlanner,505,risk_shift,0,1,1,128,492,0.2601626016260163
262144,ObservationPlanner,505,risk_shift,0,1,2,40,492,0.08130081300813008
262144,ObservationPlanner,505,risk_shift,0,1,3,48,492,0.0975609756097561
262144,ObservationPlanner,505,risk_shift,0,1,4,112,492,0.22764227642276422
262144,ObservationPlanner,505,risk_shift,0,2,0,4,18,0.2222222222222222
262144,ObservationPlanner,505,risk_shift,0,2,1,7,18,0.3888888888888889
262144,ObservationPlanner,505,risk_shift,0,2,2,3,18,0.16666666666666666
262144,ObservationPlanner,505,risk_shift,0,2,3,2,18,0.1111111111111111
262144,ObservationPlanner,505,risk_shift,0,2,4,2,18,0.1111111111111111
262144,ObservationPlanner,505,risk_shift,1,0,0,126,126,1.0
262144,ObservationPlanner,505,risk_shift,1,0,1,0,126,0.0
262144,ObservationPlanner,505,risk_shift,1,0,2,0,126,0.0
262144,ObservationPlanner,505,risk_shift,1,0,3,0,126,0.0
262144,ObservationPlanner,505,risk_shift,1,0,4,0,126,0.0
262144,ObservationPlanner,505,risk_shift,1,1,0,386,561,0.6880570409982175
262144,ObservationPlanner,505,risk_shift,1,1,1,52,561,0.09269162210338681
262144,ObservationPlanner,505,risk_shift,1,1,2,71,561,0.1265597147950089
262144,ObservationPlanner,505,risk_shift,1,1,3,21,561,0.0374331550802139
262144,ObservationPlanner,505,risk_shift,1,1,4,31,561,0.05525846702317291
262144,ObservationPlanner,505,risk_shift,1,2,0,28,142,0.19718309859154928
262144,ObservationPlanner,505,risk_shift,1,2,1,58,142,0.4084507042253521
262144,ObservationPlanner,505,risk_shift,1,2,2,29,142,0.20422535211267606
262144,ObservationPlanner,505,risk_shift,1,2,3,12,142,0.08450704225352113
262144,ObservationPlanner,505,risk_shift,1,2,4,15,142,0.1056338028169014
262144,ObservationPlanner,505,risk_shift,2,0,0,55,58,0.9482758620689655
262144,ObservationPlanner,505,risk_shift,2,0,1,3,58,0.05172413793103448
262144,ObservationPlanner,505,risk_shift,2,0,2,0,58,0.0
262144,ObservationPlanner,505,risk_shift,2,0,3,0,58,0.0
262144,ObservationPlanner,505,risk_shift,2,0,4,0,58,0.0
262144,ObservationPlanner,505,risk_shift,2,1,0,180,206,0.8737864077669902
262144,ObservationPlanner,505,risk_shift,2,1,1,9,206,0.043689320388349516
262144,ObservationPlanner,505,risk_shift,2,1,2,17,206,0.0825242718446602
262144,ObservationPlanner,505,risk_shift,2,1,3,0,206,0.0
262144,ObservationPlanner,505,risk_shift,2,1,4,0,206,0.0
262144,ObservationPlanner,505,risk_shift,2,2,0,114,262,0.4351145038167939
262144,ObservationPlanner,505,risk_shift,2,2,1,73,262,0.2786259541984733
262144,ObservationPlanner,505,risk_shift,2,2,2,50,262,0.19083969465648856
262144,ObservationPlanner,505,risk_shift,2,2,3,11,262,0.04198473282442748
262144,ObservationPlanner,505,risk_shift,2,2,4,14,262,0.05343511450381679
262144,PDThreshold,101,risk_shift,0,0,0,0,551,0.0
262144,PDThreshold,101,risk_shift,0,0,1,0,551,0.0
262144,PDThreshold,101,risk_shift,0,0,2,216,551,0.39201451905626133
262144,PDThreshold,101,risk_shift,0,0,3,335,551,0.6079854809437386
262144,PDThreshold,101,risk_shift,0,0,4,0,551,0.0
262144,PDThreshold,101,risk_shift,0,1,0,0,43,0.0
262144,PDThreshold,101,risk_shift,0,1,1,0,43,0.0
262144,PDThreshold,101,risk_shift,0,1,2,1,43,0.023255813953488372
262144,PDThreshold,101,risk_shift,0,1,3,42,43,0.9767441860465116
262144,PDThreshold,101,risk_shift,0,1,4,0,43,0.0
262144,PDThreshold,101,risk_shift,1,0,0,0,365,0.0
262144,PDThreshold,101,risk_shift,1,0,1,0,365,0.0
262144,PDThreshold,101,risk_shift,1,0,2,365,365,1.0
262144,PDThreshold,101,risk_shift,1,0,3,0,365,0.0
262144,PDThreshold,101,risk_shift,1,0,4,0,365,0.0
262144,PDThreshold,101,risk_shift,1,1,0,0,403,0.0
262144,PDThreshold,101,risk_shift,1,1,1,0,403,0.0
262144,PDThreshold,101,risk_shift,1,1,2,403,403,1.0
262144,PDThreshold,101,risk_shift,1,1,3,0,403,0.0
262144,PDThreshold,101,risk_shift,1,1,4,0,403,0.0
262144,PDThreshold,101,risk_shift,1,2,0,0,15,0.0
262144,PDThreshold,101,risk_shift,1,2,1,0,15,0.0
262144,PDThreshold,101,risk_shift,1,2,2,15,15,1.0
262144,PDThreshold,101,risk_shift,1,2,3,0,15,0.0
262144,PDThreshold,101,risk_shift,1,2,4,0,15,0.0
262144,PDThreshold,101,risk_shift,2,0,0,0,94,0.0
262144,PDThreshold,101,risk_shift,2,0,1,94,94,1.0
262144,PDThreshold,101,risk_shift,2,0,2,0,94,0.0
262144,PDThreshold,101,risk_shift,2,0,3,0,94,0.0
262144,PDThreshold,101,risk_shift,2,0,4,0,94,0.0
262144,PDThreshold,101,risk_shift,2,1,0,0,355,0.0
262144,PDThreshold,101,risk_shift,2,1,1,338,355,0.952112676056338
262144,PDThreshold,101,risk_shift,2,1,2,17,355,0.04788732394366197
262144,PDThreshold,101,risk_shift,2,1,3,0,355,0.0
262144,PDThreshold,101,risk_shift,2,1,4,0,355,0.0
262144,PDThreshold,101,risk_shift,2,2,0,0,194,0.0
262144,PDThreshold,101,risk_shift,2,2,1,194,194,1.0
262144,PDThreshold,101,risk_shift,2,2,2,0,194,0.0
262144,PDThreshold,101,risk_shift,2,2,3,0,194,0.0
262144,PDThreshold,101,risk_shift,2,2,4,0,194,0.0
262144,PDThreshold,202,risk_shift,0,0,0,0,551,0.0
262144,PDThreshold,202,risk_shift,0,0,1,0,551,0.0
262144,PDThreshold,202,risk_shift,0,0,2,216,551,0.39201451905626133
262144,PDThreshold,202,risk_shift,0,0,3,335,551,0.6079854809437386
262144,PDThreshold,202,risk_shift,0,0,4,0,551,0.0
262144,PDThreshold,202,risk_shift,0,1,0,0,43,0.0
262144,PDThreshold,202,risk_shift,0,1,1,0,43,0.0
262144,PDThreshold,202,risk_shift,0,1,2,1,43,0.023255813953488372
262144,PDThreshold,202,risk_shift,0,1,3,42,43,0.9767441860465116
262144,PDThreshold,202,risk_shift,0,1,4,0,43,0.0
262144,PDThreshold,202,risk_shift,1,0,0,0,365,0.0
262144,PDThreshold,202,risk_shift,1,0,1,0,365,0.0
262144,PDThreshold,202,risk_shift,1,0,2,365,365,1.0
262144,PDThreshold,202,risk_shift,1,0,3,0,365,0.0
262144,PDThreshold,202,risk_shift,1,0,4,0,365,0.0
262144,PDThreshold,202,risk_shift,1,1,0,0,403,0.0
262144,PDThreshold,202,risk_shift,1,1,1,0,403,0.0
262144,PDThreshold,202,risk_shift,1,1,2,403,403,1.0
262144,PDThreshold,202,risk_shift,1,1,3,0,403,0.0
262144,PDThreshold,202,risk_shift,1,1,4,0,403,0.0
262144,PDThreshold,202,risk_shift,1,2,0,0,15,0.0
262144,PDThreshold,202,risk_shift,1,2,1,0,15,0.0
262144,PDThreshold,202,risk_shift,1,2,2,15,15,1.0
262144,PDThreshold,202,risk_shift,1,2,3,0,15,0.0
262144,PDThreshold,202,risk_shift,1,2,4,0,15,0.0
262144,PDThreshold,202,risk_shift,2,0,0,0,94,0.0
262144,PDThreshold,202,risk_shift,2,0,1,94,94,1.0
262144,PDThreshold,202,risk_shift,2,0,2,0,94,0.0
262144,PDThreshold,202,risk_shift,2,0,3,0,94,0.0
262144,PDThreshold,202,risk_shift,2,0,4,0,94,0.0
262144,PDThreshold,202,risk_shift,2,1,0,0,355,0.0
262144,PDThreshold,202,risk_shift,2,1,1,338,355,0.952112676056338
262144,PDThreshold,202,risk_shift,2,1,2,17,355,0.04788732394366197
262144,PDThreshold,202,risk_shift,2,1,3,0,355,0.0
262144,PDThreshold,202,risk_shift,2,1,4,0,355,0.0
262144,PDThreshold,202,risk_shift,2,2,0,0,194,0.0
262144,PDThreshold,202,risk_shift,2,2,1,194,194,1.0
262144,PDThreshold,202,risk_shift,2,2,2,0,194,0.0
262144,PDThreshold,202,risk_shift,2,2,3,0,194,0.0
262144,PDThreshold,202,risk_shift,2,2,4,0,194,0.0
262144,PDThreshold,303,risk_shift,0,0,0,0,551,0.0
262144,PDThreshold,303,risk_shift,0,0,1,0,551,0.0
262144,PDThreshold,303,risk_shift,0,0,2,216,551,0.39201451905626133
262144,PDThreshold,303,risk_shift,0,0,3,335,551,0.6079854809437386
262144,PDThreshold,303,risk_shift,0,0,4,0,551,0.0
262144,PDThreshold,303,risk_shift,0,1,0,0,43,0.0
262144,PDThreshold,303,risk_shift,0,1,1,0,43,0.0
262144,PDThreshold,303,risk_shift,0,1,2,1,43,0.023255813953488372
262144,PDThreshold,303,risk_shift,0,1,3,42,43,0.9767441860465116
262144,PDThreshold,303,risk_shift,0,1,4,0,43,0.0
262144,PDThreshold,303,risk_shift,1,0,0,0,365,0.0
262144,PDThreshold,303,risk_shift,1,0,1,0,365,0.0
262144,PDThreshold,303,risk_shift,1,0,2,365,365,1.0
262144,PDThreshold,303,risk_shift,1,0,3,0,365,0.0
262144,PDThreshold,303,risk_shift,1,0,4,0,365,0.0
262144,PDThreshold,303,risk_shift,1,1,0,0,403,0.0
262144,PDThreshold,303,risk_shift,1,1,1,0,403,0.0
262144,PDThreshold,303,risk_shift,1,1,2,403,403,1.0
262144,PDThreshold,303,risk_shift,1,1,3,0,403,0.0
262144,PDThreshold,303,risk_shift,1,1,4,0,403,0.0
262144,PDThreshold,303,risk_shift,1,2,0,0,15,0.0
262144,PDThreshold,303,risk_shift,1,2,1,0,15,0.0
262144,PDThreshold,303,risk_shift,1,2,2,15,15,1.0
262144,PDThreshold,303,risk_shift,1,2,3,0,15,0.0
262144,PDThreshold,303,risk_shift,1,2,4,0,15,0.0
262144,PDThreshold,303,risk_shift,2,0,0,0,94,0.0
262144,PDThreshold,303,risk_shift,2,0,1,94,94,1.0
262144,PDThreshold,303,risk_shift,2,0,2,0,94,0.0
262144,PDThreshold,303,risk_shift,2,0,3,0,94,0.0
262144,PDThreshold,303,risk_shift,2,0,4,0,94,0.0
262144,PDThreshold,303,risk_shift,2,1,0,0,355,0.0
262144,PDThreshold,303,risk_shift,2,1,1,338,355,0.952112676056338
262144,PDThreshold,303,risk_shift,2,1,2,17,355,0.04788732394366197
262144,PDThreshold,303,risk_shift,2,1,3,0,355,0.0
262144,PDThreshold,303,risk_shift,2,1,4,0,355,0.0
262144,PDThreshold,303,risk_shift,2,2,0,0,194,0.0
262144,PDThreshold,303,risk_shift,2,2,1,194,194,1.0
262144,PDThreshold,303,risk_shift,2,2,2,0,194,0.0
262144,PDThreshold,303,risk_shift,2,2,3,0,194,0.0
262144,PDThreshold,303,risk_shift,2,2,4,0,194,0.0
262144,PDThreshold,404,risk_shift,0,0,0,0,551,0.0
262144,PDThreshold,404,risk_shift,0,0,1,0,551,0.0
262144,PDThreshold,404,risk_shift,0,0,2,216,551,0.39201451905626133
262144,PDThreshold,404,risk_shift,0,0,3,335,551,0.6079854809437386
262144,PDThreshold,404,risk_shift,0,0,4,0,551,0.0
262144,PDThreshold,404,risk_shift,0,1,0,0,43,0.0
262144,PDThreshold,404,risk_shift,0,1,1,0,43,0.0
262144,PDThreshold,404,risk_shift,0,1,2,1,43,0.023255813953488372
262144,PDThreshold,404,risk_shift,0,1,3,42,43,0.9767441860465116
262144,PDThreshold,404,risk_shift,0,1,4,0,43,0.0
262144,PDThreshold,404,risk_shift,1,0,0,0,365,0.0
262144,PDThreshold,404,risk_shift,1,0,1,0,365,0.0
262144,PDThreshold,404,risk_shift,1,0,2,365,365,1.0
262144,PDThreshold,404,risk_shift,1,0,3,0,365,0.0
262144,PDThreshold,404,risk_shift,1,0,4,0,365,0.0
262144,PDThreshold,404,risk_shift,1,1,0,0,403,0.0
262144,PDThreshold,404,risk_shift,1,1,1,0,403,0.0
262144,PDThreshold,404,risk_shift,1,1,2,403,403,1.0
262144,PDThreshold,404,risk_shift,1,1,3,0,403,0.0
262144,PDThreshold,404,risk_shift,1,1,4,0,403,0.0
262144,PDThreshold,404,risk_shift,1,2,0,0,15,0.0
262144,PDThreshold,404,risk_shift,1,2,1,0,15,0.0
262144,PDThreshold,404,risk_shift,1,2,2,15,15,1.0
262144,PDThreshold,404,risk_shift,1,2,3,0,15,0.0
262144,PDThreshold,404,risk_shift,1,2,4,0,15,0.0
262144,PDThreshold,404,risk_shift,2,0,0,0,94,0.0
262144,PDThreshold,404,risk_shift,2,0,1,94,94,1.0
262144,PDThreshold,404,risk_shift,2,0,2,0,94,0.0
262144,PDThreshold,404,risk_shift,2,0,3,0,94,0.0
262144,PDThreshold,404,risk_shift,2,0,4,0,94,0.0
262144,PDThreshold,404,risk_shift,2,1,0,0,355,0.0
262144,PDThreshold,404,risk_shift,2,1,1,338,355,0.952112676056338
262144,PDThreshold,404,risk_shift,2,1,2,17,355,0.04788732394366197
262144,PDThreshold,404,risk_shift,2,1,3,0,355,0.0
262144,PDThreshold,404,risk_shift,2,1,4,0,355,0.0
262144,PDThreshold,404,risk_shift,2,2,0,0,194,0.0
262144,PDThreshold,404,risk_shift,2,2,1,194,194,1.0
262144,PDThreshold,404,risk_shift,2,2,2,0,194,0.0
262144,PDThreshold,404,risk_shift,2,2,3,0,194,0.0
262144,PDThreshold,404,risk_shift,2,2,4,0,194,0.0
262144,PDThreshold,505,risk_shift,0,0,0,0,551,0.0
262144,PDThreshold,505,risk_shift,0,0,1,0,551,0.0
262144,PDThreshold,505,risk_shift,0,0,2,216,551,0.39201451905626133
262144,PDThreshold,505,risk_shift,0,0,3,335,551,0.6079854809437386
262144,PDThreshold,505,risk_shift,0,0,4,0,551,0.0
262144,PDThreshold,505,risk_shift,0,1,0,0,43,0.0
262144,PDThreshold,505,risk_shift,0,1,1,0,43,0.0
262144,PDThreshold,505,risk_shift,0,1,2,1,43,0.023255813953488372
262144,PDThreshold,505,risk_shift,0,1,3,42,43,0.9767441860465116
262144,PDThreshold,505,risk_shift,0,1,4,0,43,0.0
262144,PDThreshold,505,risk_shift,1,0,0,0,365,0.0
262144,PDThreshold,505,risk_shift,1,0,1,0,365,0.0
262144,PDThreshold,505,risk_shift,1,0,2,365,365,1.0
262144,PDThreshold,505,risk_shift,1,0,3,0,365,0.0
262144,PDThreshold,505,risk_shift,1,0,4,0,365,0.0
262144,PDThreshold,505,risk_shift,1,1,0,0,403,0.0
262144,PDThreshold,505,risk_shift,1,1,1,0,403,0.0
262144,PDThreshold,505,risk_shift,1,1,2,403,403,1.0
262144,PDThreshold,505,risk_shift,1,1,3,0,403,0.0
262144,PDThreshold,505,risk_shift,1,1,4,0,403,0.0
262144,PDThreshold,505,risk_shift,1,2,0,0,15,0.0
262144,PDThreshold,505,risk_shift,1,2,1,0,15,0.0
262144,PDThreshold,505,risk_shift,1,2,2,15,15,1.0
262144,PDThreshold,505,risk_shift,1,2,3,0,15,0.0
262144,PDThreshold,505,risk_shift,1,2,4,0,15,0.0
262144,PDThreshold,505,risk_shift,2,0,0,0,94,0.0
262144,PDThreshold,505,risk_shift,2,0,1,94,94,1.0
262144,PDThreshold,505,risk_shift,2,0,2,0,94,0.0
262144,PDThreshold,505,risk_shift,2,0,3,0,94,0.0
262144,PDThreshold,505,risk_shift,2,0,4,0,94,0.0
262144,PDThreshold,505,risk_shift,2,1,0,0,355,0.0
262144,PDThreshold,505,risk_shift,2,1,1,338,355,0.952112676056338
262144,PDThreshold,505,risk_shift,2,1,2,17,355,0.04788732394366197
262144,PDThreshold,505,risk_shift,2,1,3,0,355,0.0
262144,PDThreshold,505,risk_shift,2,1,4,0,355,0.0
262144,PDThreshold,505,risk_shift,2,2,0,0,194,0.0
262144,PDThreshold,505,risk_shift,2,2,1,194,194,1.0
262144,PDThreshold,505,risk_shift,2,2,2,0,194,0.0
262144,PDThreshold,505,risk_shift,2,2,3,0,194,0.0
262144,PDThreshold,505,risk_shift,2,2,4,0,194,0.0
262144,Static,101,risk_shift,0,0,0,0,437,0.0
262144,Static,101,risk_shift,0,0,1,0,437,0.0
262144,Static,101,risk_shift,0,0,2,437,437,1.0
262144,Static,101,risk_shift,0,0,3,0,437,0.0
262144,Static,101,risk_shift,0,0,4,0,437,0.0
262144,Static,101,risk_shift,0,1,0,0,127,0.0
262144,Static,101,risk_shift,0,1,1,0,127,0.0
262144,Static,101,risk_shift,0,1,2,127,127,1.0
262144,Static,101,risk_shift,0,1,3,0,127,0.0
262144,Static,101,risk_shift,0,1,4,0,127,0.0
262144,Static,101,risk_shift,1,0,0,0,355,0.0
262144,Static,101,risk_shift,1,0,1,0,355,0.0
262144,Static,101,risk_shift,1,0,2,355,355,1.0
262144,Static,101,risk_shift,1,0,3,0,355,0.0
262144,Static,101,risk_shift,1,0,4,0,355,0.0
262144,Static,101,risk_shift,1,1,0,0,431,0.0
262144,Static,101,risk_shift,1,1,1,0,431,0.0
262144,Static,101,risk_shift,1,1,2,431,431,1.0
262144,Static,101,risk_shift,1,1,3,0,431,0.0
262144,Static,101,risk_shift,1,1,4,0,431,0.0
262144,Static,101,risk_shift,2,0,0,0,118,0.0
262144,Static,101,risk_shift,2,0,1,0,118,0.0
262144,Static,101,risk_shift,2,0,2,118,118,1.0
262144,Static,101,risk_shift,2,0,3,0,118,0.0
262144,Static,101,risk_shift,2,0,4,0,118,0.0
262144,Static,101,risk_shift,2,1,0,0,567,0.0
262144,Static,101,risk_shift,2,1,1,0,567,0.0
262144,Static,101,risk_shift,2,1,2,567,567,1.0
262144,Static,101,risk_shift,2,1,3,0,567,0.0
262144,Static,101,risk_shift,2,1,4,0,567,0.0
262144,Static,202,risk_shift,0,0,0,0,437,0.0
262144,Static,202,risk_shift,0,0,1,0,437,0.0
262144,Static,202,risk_shift,0,0,2,437,437,1.0
262144,Static,202,risk_shift,0,0,3,0,437,0.0
262144,Static,202,risk_shift,0,0,4,0,437,0.0
262144,Static,202,risk_shift,0,1,0,0,127,0.0
262144,Static,202,risk_shift,0,1,1,0,127,0.0
262144,Static,202,risk_shift,0,1,2,127,127,1.0
262144,Static,202,risk_shift,0,1,3,0,127,0.0
262144,Static,202,risk_shift,0,1,4,0,127,0.0
262144,Static,202,risk_shift,1,0,0,0,355,0.0
262144,Static,202,risk_shift,1,0,1,0,355,0.0
262144,Static,202,risk_shift,1,0,2,355,355,1.0
262144,Static,202,risk_shift,1,0,3,0,355,0.0
262144,Static,202,risk_shift,1,0,4,0,355,0.0
262144,Static,202,risk_shift,1,1,0,0,431,0.0
262144,Static,202,risk_shift,1,1,1,0,431,0.0
262144,Static,202,risk_shift,1,1,2,431,431,1.0
262144,Static,202,risk_shift,1,1,3,0,431,0.0
262144,Static,202,risk_shift,1,1,4,0,431,0.0
262144,Static,202,risk_shift,2,0,0,0,118,0.0
262144,Static,202,risk_shift,2,0,1,0,118,0.0
262144,Static,202,risk_shift,2,0,2,118,118,1.0
262144,Static,202,risk_shift,2,0,3,0,118,0.0
262144,Static,202,risk_shift,2,0,4,0,118,0.0
262144,Static,202,risk_shift,2,1,0,0,567,0.0
262144,Static,202,risk_shift,2,1,1,0,567,0.0
262144,Static,202,risk_shift,2,1,2,567,567,1.0
262144,Static,202,risk_shift,2,1,3,0,567,0.0
262144,Static,202,risk_shift,2,1,4,0,567,0.0
262144,Static,303,risk_shift,0,0,0,0,437,0.0
262144,Static,303,risk_shift,0,0,1,0,437,0.0
262144,Static,303,risk_shift,0,0,2,437,437,1.0
262144,Static,303,risk_shift,0,0,3,0,437,0.0
262144,Static,303,risk_shift,0,0,4,0,437,0.0
262144,Static,303,risk_shift,0,1,0,0,127,0.0
262144,Static,303,risk_shift,0,1,1,0,127,0.0
262144,Static,303,risk_shift,0,1,2,127,127,1.0
262144,Static,303,risk_shift,0,1,3,0,127,0.0
262144,Static,303,risk_shift,0,1,4,0,127,0.0
262144,Static,303,risk_shift,1,0,0,0,355,0.0
262144,Static,303,risk_shift,1,0,1,0,355,0.0
262144,Static,303,risk_shift,1,0,2,355,355,1.0
262144,Static,303,risk_shift,1,0,3,0,355,0.0
262144,Static,303,risk_shift,1,0,4,0,355,0.0
262144,Static,303,risk_shift,1,1,0,0,431,0.0
262144,Static,303,risk_shift,1,1,1,0,431,0.0
262144,Static,303,risk_shift,1,1,2,431,431,1.0
262144,Static,303,risk_shift,1,1,3,0,431,0.0
262144,Static,303,risk_shift,1,1,4,0,431,0.0
262144,Static,303,risk_shift,2,0,0,0,118,0.0
262144,Static,303,risk_shift,2,0,1,0,118,0.0
262144,Static,303,risk_shift,2,0,2,118,118,1.0
262144,Static,303,risk_shift,2,0,3,0,118,0.0
262144,Static,303,risk_shift,2,0,4,0,118,0.0
262144,Static,303,risk_shift,2,1,0,0,567,0.0
262144,Static,303,risk_shift,2,1,1,0,567,0.0
262144,Static,303,risk_shift,2,1,2,567,567,1.0
262144,Static,303,risk_shift,2,1,3,0,567,0.0
262144,Static,303,risk_shift,2,1,4,0,567,0.0
262144,Static,404,risk_shift,0,0,0,0,437,0.0
262144,Static,404,risk_shift,0,0,1,0,437,0.0
262144,Static,404,risk_shift,0,0,2,437,437,1.0
262144,Static,404,risk_shift,0,0,3,0,437,0.0
262144,Static,404,risk_shift,0,0,4,0,437,0.0
262144,Static,404,risk_shift,0,1,0,0,127,0.0
262144,Static,404,risk_shift,0,1,1,0,127,0.0
262144,Static,404,risk_shift,0,1,2,127,127,1.0
262144,Static,404,risk_shift,0,1,3,0,127,0.0
262144,Static,404,risk_shift,0,1,4,0,127,0.0
262144,Static,404,risk_shift,1,0,0,0,355,0.0
262144,Static,404,risk_shift,1,0,1,0,355,0.0
262144,Static,404,risk_shift,1,0,2,355,355,1.0
262144,Static,404,risk_shift,1,0,3,0,355,0.0
262144,Static,404,risk_shift,1,0,4,0,355,0.0
262144,Static,404,risk_shift,1,1,0,0,431,0.0
262144,Static,404,risk_shift,1,1,1,0,431,0.0
262144,Static,404,risk_shift,1,1,2,431,431,1.0
262144,Static,404,risk_shift,1,1,3,0,431,0.0
262144,Static,404,risk_shift,1,1,4,0,431,0.0
262144,Static,404,risk_shift,2,0,0,0,118,0.0
262144,Static,404,risk_shift,2,0,1,0,118,0.0
262144,Static,404,risk_shift,2,0,2,118,118,1.0
262144,Static,404,risk_shift,2,0,3,0,118,0.0
262144,Static,404,risk_shift,2,0,4,0,118,0.0
262144,Static,404,risk_shift,2,1,0,0,567,0.0
262144,Static,404,risk_shift,2,1,1,0,567,0.0
262144,Static,404,risk_shift,2,1,2,567,567,1.0
262144,Static,404,risk_shift,2,1,3,0,567,0.0
262144,Static,404,risk_shift,2,1,4,0,567,0.0
262144,Static,505,risk_shift,0,0,0,0,437,0.0
262144,Static,505,risk_shift,0,0,1,0,437,0.0
262144,Static,505,risk_shift,0,0,2,437,437,1.0
262144,Static,505,risk_shift,0,0,3,0,437,0.0
262144,Static,505,risk_shift,0,0,4,0,437,0.0
262144,Static,505,risk_shift,0,1,0,0,127,0.0
262144,Static,505,risk_shift,0,1,1,0,127,0.0
262144,Static,505,risk_shift,0,1,2,127,127,1.0
262144,Static,505,risk_shift,0,1,3,0,127,0.0
262144,Static,505,risk_shift,0,1,4,0,127,0.0
262144,Static,505,risk_shift,1,0,0,0,355,0.0
262144,Static,505,risk_shift,1,0,1,0,355,0.0
262144,Static,505,risk_shift,1,0,2,355,355,1.0
262144,Static,505,risk_shift,1,0,3,0,355,0.0
262144,Static,505,risk_shift,1,0,4,0,355,0.0
262144,Static,505,risk_shift,1,1,0,0,431,0.0
262144,Static,505,risk_shift,1,1,1,0,431,0.0
262144,Static,505,risk_shift,1,1,2,431,431,1.0
262144,Static,505,risk_shift,1,1,3,0,431,0.0
262144,Static,505,risk_shift,1,1,4,0,431,0.0
262144,Static,505,risk_shift,2,0,0,0,118,0.0
262144,Static,505,risk_shift,2,0,1,0,118,0.0
262144,Static,505,risk_shift,2,0,2,118,118,1.0
262144,Static,505,risk_shift,2,0,3,0,118,0.0
262144,Static,505,risk_shift,2,0,4,0,118,0.0
262144,Static,505,risk_shift,2,1,0,0,567,0.0
262144,Static,505,risk_shift,2,1,1,0,567,0.0
262144,Static,505,risk_shift,2,1,2,567,567,1.0
262144,Static,505,risk_shift,2,1,3,0,567,0.0
262144,Static,505,risk_shift,2,1,4,0,567,0.0
262144,AlwaysDecrease20,101,severe_stress,0,0,0,15,15,1.0
262144,AlwaysDecrease20,101,severe_stress,0,0,1,0,15,0.0
262144,AlwaysDecrease20,101,severe_stress,0,0,2,0,15,0.0
262144,AlwaysDecrease20,101,severe_stress,0,0,3,0,15,0.0
262144,AlwaysDecrease20,101,severe_stress,0,0,4,0,15,0.0
262144,AlwaysDecrease20,101,severe_stress,0,1,0,17,34,0.5
262144,AlwaysDecrease20,101,severe_stress,0,1,1,0,34,0.0
262144,AlwaysDecrease20,101,severe_stress,0,1,2,17,34,0.5
262144,AlwaysDecrease20,101,severe_stress,0,1,3,0,34,0.0
262144,AlwaysDecrease20,101,severe_stress,0,1,4,0,34,0.0
262144,AlwaysDecrease20,101,severe_stress,1,0,0,127,127,1.0
262144,AlwaysDecrease20,101,severe_stress,1,0,1,0,127,0.0
262144,AlwaysDecrease20,101,severe_stress,1,0,2,0,127,0.0
262144,AlwaysDecrease20,101,severe_stress,1,0,3,0,127,0.0
262144,AlwaysDecrease20,101,severe_stress,1,0,4,0,127,0.0
262144,AlwaysDecrease20,101,severe_stress,1,1,0,190,213,0.892018779342723
262144,AlwaysDecrease20,101,severe_stress,1,1,1,0,213,0.0
262144,AlwaysDecrease20,101,severe_stress,1,1,2,23,213,0.107981220657277
262144,AlwaysDecrease20,101,severe_stress,1,1,3,0,213,0.0
262144,AlwaysDecrease20,101,severe_stress,1,1,4,0,213,0.0
262144,AlwaysDecrease20,101,severe_stress,1,2,0,32,33,0.9696969696969697
262144,AlwaysDecrease20,101,severe_stress,1,2,1,0,33,0.0
262144,AlwaysDecrease20,101,severe_stress,1,2,2,1,33,0.030303030303030304
262144,AlwaysDecrease20,101,severe_stress,1,2,3,0,33,0.0
262144,AlwaysDecrease20,101,severe_stress,1,2,4,0,33,0.0
262144,AlwaysDecrease20,101,severe_stress,2,0,0,58,58,1.0
262144,AlwaysDecrease20,101,severe_stress,2,0,1,0,58,0.0
262144,AlwaysDecrease20,101,severe_stress,2,0,2,0,58,0.0
262144,AlwaysDecrease20,101,severe_stress,2,0,3,0,58,0.0
262144,AlwaysDecrease20,101,severe_stress,2,0,4,0,58,0.0
262144,AlwaysDecrease20,101,severe_stress,2,1,0,233,259,0.8996138996138996
262144,AlwaysDecrease20,101,severe_stress,2,1,1,0,259,0.0
262144,AlwaysDecrease20,101,severe_stress,2,1,2,26,259,0.10038610038610038
262144,AlwaysDecrease20,101,severe_stress,2,1,3,0,259,0.0
262144,AlwaysDecrease20,101,severe_stress,2,1,4,0,259,0.0
262144,AlwaysDecrease20,101,severe_stress,2,2,0,283,292,0.9691780821917808
262144,AlwaysDecrease20,101,severe_stress,2,2,1,0,292,0.0
262144,AlwaysDecrease20,101,severe_stress,2,2,2,9,292,0.030821917808219176
262144,AlwaysDecrease20,101,severe_stress,2,2,3,0,292,0.0
262144,AlwaysDecrease20,101,severe_stress,2,2,4,0,292,0.0
262144,AlwaysDecrease20,202,severe_stress,0,0,0,15,15,1.0
262144,AlwaysDecrease20,202,severe_stress,0,0,1,0,15,0.0
262144,AlwaysDecrease20,202,severe_stress,0,0,2,0,15,0.0
262144,AlwaysDecrease20,202,severe_stress,0,0,3,0,15,0.0
262144,AlwaysDecrease20,202,severe_stress,0,0,4,0,15,0.0
262144,AlwaysDecrease20,202,severe_stress,0,1,0,17,34,0.5
262144,AlwaysDecrease20,202,severe_stress,0,1,1,0,34,0.0
262144,AlwaysDecrease20,202,severe_stress,0,1,2,17,34,0.5
262144,AlwaysDecrease20,202,severe_stress,0,1,3,0,34,0.0
262144,AlwaysDecrease20,202,severe_stress,0,1,4,0,34,0.0
262144,AlwaysDecrease20,202,severe_stress,1,0,0,127,127,1.0
262144,AlwaysDecrease20,202,severe_stress,1,0,1,0,127,0.0
262144,AlwaysDecrease20,202,severe_stress,1,0,2,0,127,0.0
262144,AlwaysDecrease20,202,severe_stress,1,0,3,0,127,0.0
262144,AlwaysDecrease20,202,severe_stress,1,0,4,0,127,0.0
262144,AlwaysDecrease20,202,severe_stress,1,1,0,190,213,0.892018779342723
262144,AlwaysDecrease20,202,severe_stress,1,1,1,0,213,0.0
262144,AlwaysDecrease20,202,severe_stress,1,1,2,23,213,0.107981220657277
262144,AlwaysDecrease20,202,severe_stress,1,1,3,0,213,0.0
262144,AlwaysDecrease20,202,severe_stress,1,1,4,0,213,0.0
262144,AlwaysDecrease20,202,severe_stress,1,2,0,32,33,0.9696969696969697
262144,AlwaysDecrease20,202,severe_stress,1,2,1,0,33,0.0
262144,AlwaysDecrease20,202,severe_stress,1,2,2,1,33,0.030303030303030304
262144,AlwaysDecrease20,202,severe_stress,1,2,3,0,33,0.0
262144,AlwaysDecrease20,202,severe_stress,1,2,4,0,33,0.0
262144,AlwaysDecrease20,202,severe_stress,2,0,0,58,58,1.0
262144,AlwaysDecrease20,202,severe_stress,2,0,1,0,58,0.0
262144,AlwaysDecrease20,202,severe_stress,2,0,2,0,58,0.0
262144,AlwaysDecrease20,202,severe_stress,2,0,3,0,58,0.0
262144,AlwaysDecrease20,202,severe_stress,2,0,4,0,58,0.0
262144,AlwaysDecrease20,202,severe_stress,2,1,0,233,259,0.8996138996138996
262144,AlwaysDecrease20,202,severe_stress,2,1,1,0,259,0.0
262144,AlwaysDecrease20,202,severe_stress,2,1,2,26,259,0.10038610038610038
262144,AlwaysDecrease20,202,severe_stress,2,1,3,0,259,0.0
262144,AlwaysDecrease20,202,severe_stress,2,1,4,0,259,0.0
262144,AlwaysDecrease20,202,severe_stress,2,2,0,283,292,0.9691780821917808
262144,AlwaysDecrease20,202,severe_stress,2,2,1,0,292,0.0
262144,AlwaysDecrease20,202,severe_stress,2,2,2,9,292,0.030821917808219176
262144,AlwaysDecrease20,202,severe_stress,2,2,3,0,292,0.0
262144,AlwaysDecrease20,202,severe_stress,2,2,4,0,292,0.0
262144,AlwaysDecrease20,303,severe_stress,0,0,0,15,15,1.0
262144,AlwaysDecrease20,303,severe_stress,0,0,1,0,15,0.0
262144,AlwaysDecrease20,303,severe_stress,0,0,2,0,15,0.0
262144,AlwaysDecrease20,303,severe_stress,0,0,3,0,15,0.0
262144,AlwaysDecrease20,303,severe_stress,0,0,4,0,15,0.0
262144,AlwaysDecrease20,303,severe_stress,0,1,0,17,34,0.5
262144,AlwaysDecrease20,303,severe_stress,0,1,1,0,34,0.0
262144,AlwaysDecrease20,303,severe_stress,0,1,2,17,34,0.5
262144,AlwaysDecrease20,303,severe_stress,0,1,3,0,34,0.0
262144,AlwaysDecrease20,303,severe_stress,0,1,4,0,34,0.0
262144,AlwaysDecrease20,303,severe_stress,1,0,0,127,127,1.0
262144,AlwaysDecrease20,303,severe_stress,1,0,1,0,127,0.0
262144,AlwaysDecrease20,303,severe_stress,1,0,2,0,127,0.0
262144,AlwaysDecrease20,303,severe_stress,1,0,3,0,127,0.0
262144,AlwaysDecrease20,303,severe_stress,1,0,4,0,127,0.0
262144,AlwaysDecrease20,303,severe_stress,1,1,0,190,213,0.892018779342723
262144,AlwaysDecrease20,303,severe_stress,1,1,1,0,213,0.0
262144,AlwaysDecrease20,303,severe_stress,1,1,2,23,213,0.107981220657277
262144,AlwaysDecrease20,303,severe_stress,1,1,3,0,213,0.0
262144,AlwaysDecrease20,303,severe_stress,1,1,4,0,213,0.0
262144,AlwaysDecrease20,303,severe_stress,1,2,0,32,33,0.9696969696969697
262144,AlwaysDecrease20,303,severe_stress,1,2,1,0,33,0.0
262144,AlwaysDecrease20,303,severe_stress,1,2,2,1,33,0.030303030303030304
262144,AlwaysDecrease20,303,severe_stress,1,2,3,0,33,0.0
262144,AlwaysDecrease20,303,severe_stress,1,2,4,0,33,0.0
262144,AlwaysDecrease20,303,severe_stress,2,0,0,58,58,1.0
262144,AlwaysDecrease20,303,severe_stress,2,0,1,0,58,0.0
262144,AlwaysDecrease20,303,severe_stress,2,0,2,0,58,0.0
262144,AlwaysDecrease20,303,severe_stress,2,0,3,0,58,0.0
262144,AlwaysDecrease20,303,severe_stress,2,0,4,0,58,0.0
262144,AlwaysDecrease20,303,severe_stress,2,1,0,233,259,0.8996138996138996
262144,AlwaysDecrease20,303,severe_stress,2,1,1,0,259,0.0
262144,AlwaysDecrease20,303,severe_stress,2,1,2,26,259,0.10038610038610038
262144,AlwaysDecrease20,303,severe_stress,2,1,3,0,259,0.0
262144,AlwaysDecrease20,303,severe_stress,2,1,4,0,259,0.0
262144,AlwaysDecrease20,303,severe_stress,2,2,0,283,292,0.9691780821917808
262144,AlwaysDecrease20,303,severe_stress,2,2,1,0,292,0.0
262144,AlwaysDecrease20,303,severe_stress,2,2,2,9,292,0.030821917808219176
262144,AlwaysDecrease20,303,severe_stress,2,2,3,0,292,0.0
262144,AlwaysDecrease20,303,severe_stress,2,2,4,0,292,0.0
262144,AlwaysDecrease20,404,severe_stress,0,0,0,15,15,1.0
262144,AlwaysDecrease20,404,severe_stress,0,0,1,0,15,0.0
262144,AlwaysDecrease20,404,severe_stress,0,0,2,0,15,0.0
262144,AlwaysDecrease20,404,severe_stress,0,0,3,0,15,0.0
262144,AlwaysDecrease20,404,severe_stress,0,0,4,0,15,0.0
262144,AlwaysDecrease20,404,severe_stress,0,1,0,17,34,0.5
262144,AlwaysDecrease20,404,severe_stress,0,1,1,0,34,0.0
262144,AlwaysDecrease20,404,severe_stress,0,1,2,17,34,0.5
262144,AlwaysDecrease20,404,severe_stress,0,1,3,0,34,0.0
262144,AlwaysDecrease20,404,severe_stress,0,1,4,0,34,0.0
262144,AlwaysDecrease20,404,severe_stress,1,0,0,127,127,1.0
262144,AlwaysDecrease20,404,severe_stress,1,0,1,0,127,0.0
262144,AlwaysDecrease20,404,severe_stress,1,0,2,0,127,0.0
262144,AlwaysDecrease20,404,severe_stress,1,0,3,0,127,0.0
262144,AlwaysDecrease20,404,severe_stress,1,0,4,0,127,0.0
262144,AlwaysDecrease20,404,severe_stress,1,1,0,190,213,0.892018779342723
262144,AlwaysDecrease20,404,severe_stress,1,1,1,0,213,0.0
262144,AlwaysDecrease20,404,severe_stress,1,1,2,23,213,0.107981220657277
262144,AlwaysDecrease20,404,severe_stress,1,1,3,0,213,0.0
262144,AlwaysDecrease20,404,severe_stress,1,1,4,0,213,0.0
262144,AlwaysDecrease20,404,severe_stress,1,2,0,32,33,0.9696969696969697
262144,AlwaysDecrease20,404,severe_stress,1,2,1,0,33,0.0
262144,AlwaysDecrease20,404,severe_stress,1,2,2,1,33,0.030303030303030304
262144,AlwaysDecrease20,404,severe_stress,1,2,3,0,33,0.0
262144,AlwaysDecrease20,404,severe_stress,1,2,4,0,33,0.0
262144,AlwaysDecrease20,404,severe_stress,2,0,0,58,58,1.0
262144,AlwaysDecrease20,404,severe_stress,2,0,1,0,58,0.0
262144,AlwaysDecrease20,404,severe_stress,2,0,2,0,58,0.0
262144,AlwaysDecrease20,404,severe_stress,2,0,3,0,58,0.0
262144,AlwaysDecrease20,404,severe_stress,2,0,4,0,58,0.0
262144,AlwaysDecrease20,404,severe_stress,2,1,0,233,259,0.8996138996138996
262144,AlwaysDecrease20,404,severe_stress,2,1,1,0,259,0.0
262144,AlwaysDecrease20,404,severe_stress,2,1,2,26,259,0.10038610038610038
262144,AlwaysDecrease20,404,severe_stress,2,1,3,0,259,0.0
262144,AlwaysDecrease20,404,severe_stress,2,1,4,0,259,0.0
262144,AlwaysDecrease20,404,severe_stress,2,2,0,283,292,0.9691780821917808
262144,AlwaysDecrease20,404,severe_stress,2,2,1,0,292,0.0
262144,AlwaysDecrease20,404,severe_stress,2,2,2,9,292,0.030821917808219176
262144,AlwaysDecrease20,404,severe_stress,2,2,3,0,292,0.0
262144,AlwaysDecrease20,404,severe_stress,2,2,4,0,292,0.0
262144,AlwaysDecrease20,505,severe_stress,0,0,0,15,15,1.0
262144,AlwaysDecrease20,505,severe_stress,0,0,1,0,15,0.0
262144,AlwaysDecrease20,505,severe_stress,0,0,2,0,15,0.0
262144,AlwaysDecrease20,505,severe_stress,0,0,3,0,15,0.0
262144,AlwaysDecrease20,505,severe_stress,0,0,4,0,15,0.0
262144,AlwaysDecrease20,505,severe_stress,0,1,0,17,34,0.5
262144,AlwaysDecrease20,505,severe_stress,0,1,1,0,34,0.0
262144,AlwaysDecrease20,505,severe_stress,0,1,2,17,34,0.5
262144,AlwaysDecrease20,505,severe_stress,0,1,3,0,34,0.0
262144,AlwaysDecrease20,505,severe_stress,0,1,4,0,34,0.0
262144,AlwaysDecrease20,505,severe_stress,1,0,0,127,127,1.0
262144,AlwaysDecrease20,505,severe_stress,1,0,1,0,127,0.0
262144,AlwaysDecrease20,505,severe_stress,1,0,2,0,127,0.0
262144,AlwaysDecrease20,505,severe_stress,1,0,3,0,127,0.0
262144,AlwaysDecrease20,505,severe_stress,1,0,4,0,127,0.0
262144,AlwaysDecrease20,505,severe_stress,1,1,0,190,213,0.892018779342723
262144,AlwaysDecrease20,505,severe_stress,1,1,1,0,213,0.0
262144,AlwaysDecrease20,505,severe_stress,1,1,2,23,213,0.107981220657277
262144,AlwaysDecrease20,505,severe_stress,1,1,3,0,213,0.0
262144,AlwaysDecrease20,505,severe_stress,1,1,4,0,213,0.0
262144,AlwaysDecrease20,505,severe_stress,1,2,0,32,33,0.9696969696969697
262144,AlwaysDecrease20,505,severe_stress,1,2,1,0,33,0.0
262144,AlwaysDecrease20,505,severe_stress,1,2,2,1,33,0.030303030303030304
262144,AlwaysDecrease20,505,severe_stress,1,2,3,0,33,0.0
262144,AlwaysDecrease20,505,severe_stress,1,2,4,0,33,0.0
262144,AlwaysDecrease20,505,severe_stress,2,0,0,58,58,1.0
262144,AlwaysDecrease20,505,severe_stress,2,0,1,0,58,0.0
262144,AlwaysDecrease20,505,severe_stress,2,0,2,0,58,0.0
262144,AlwaysDecrease20,505,severe_stress,2,0,3,0,58,0.0
262144,AlwaysDecrease20,505,severe_stress,2,0,4,0,58,0.0
262144,AlwaysDecrease20,505,severe_stress,2,1,0,233,259,0.8996138996138996
262144,AlwaysDecrease20,505,severe_stress,2,1,1,0,259,0.0
262144,AlwaysDecrease20,505,severe_stress,2,1,2,26,259,0.10038610038610038
262144,AlwaysDecrease20,505,severe_stress,2,1,3,0,259,0.0
262144,AlwaysDecrease20,505,severe_stress,2,1,4,0,259,0.0
262144,AlwaysDecrease20,505,severe_stress,2,2,0,283,292,0.9691780821917808
262144,AlwaysDecrease20,505,severe_stress,2,2,1,0,292,0.0
262144,AlwaysDecrease20,505,severe_stress,2,2,2,9,292,0.030821917808219176
262144,AlwaysDecrease20,505,severe_stress,2,2,3,0,292,0.0
262144,AlwaysDecrease20,505,severe_stress,2,2,4,0,292,0.0
262144,BCInitPPO,101,severe_stress,0,0,0,13,17,0.7647058823529411
262144,BCInitPPO,101,severe_stress,0,0,1,3,17,0.17647058823529413
262144,BCInitPPO,101,severe_stress,0,0,2,0,17,0.0
262144,BCInitPPO,101,severe_stress,0,0,3,0,17,0.0
262144,BCInitPPO,101,severe_stress,0,0,4,1,17,0.058823529411764705
262144,BCInitPPO,101,severe_stress,0,1,0,14,45,0.3111111111111111
262144,BCInitPPO,101,severe_stress,0,1,1,4,45,0.08888888888888889
262144,BCInitPPO,101,severe_stress,0,1,2,3,45,0.06666666666666667
262144,BCInitPPO,101,severe_stress,0,1,3,23,45,0.5111111111111111
262144,BCInitPPO,101,severe_stress,0,1,4,1,45,0.022222222222222223
262144,BCInitPPO,101,severe_stress,1,0,0,127,127,1.0
262144,BCInitPPO,101,severe_stress,1,0,1,0,127,0.0
262144,BCInitPPO,101,severe_stress,1,0,2,0,127,0.0
262144,BCInitPPO,101,severe_stress,1,0,3,0,127,0.0
262144,BCInitPPO,101,severe_stress,1,0,4,0,127,0.0
262144,BCInitPPO,101,severe_stress,1,1,0,227,239,0.9497907949790795
262144,BCInitPPO,101,severe_stress,1,1,1,10,239,0.04184100418410042
262144,BCInitPPO,101,severe_stress,1,1,2,0,239,0.0
262144,BCInitPPO,101,severe_stress,1,1,3,1,239,0.0041841004184100415
262144,BCInitPPO,101,severe_stress,1,1,4,1,239,0.0041841004184100415
262144,BCInitPPO,101,severe_stress,1,2,0,10,38,0.2631578947368421
262144,BCInitPPO,101,severe_stress,1,2,1,27,38,0.7105263157894737
262144,BCInitPPO,101,severe_stress,1,2,2,1,38,0.02631578947368421
262144,BCInitPPO,101,severe_stress,1,2,3,0,38,0.0
262144,BCInitPPO,101,severe_stress,1,2,4,0,38,0.0
262144,BCInitPPO,101,severe_stress,2,0,0,57,58,0.9827586206896551
262144,BCInitPPO,101,severe_stress,2,0,1,1,58,0.017241379310344827
262144,BCInitPPO,101,severe_stress,2,0,2,0,58,0.0
262144,BCInitPPO,101,severe_stress,2,0,3,0,58,0.0
262144,BCInitPPO,101,severe_stress,2,0,4,0,58,0.0
262144,BCInitPPO,101,severe_stress,2,1,0,256,268,0.9552238805970149
262144,BCInitPPO,101,severe_stress,2,1,1,12,268,0.04477611940298507
262144,BCInitPPO,101,severe_stress,2,1,2,0,268,0.0
262144,BCInitPPO,101,severe_stress,2,1,3,0,268,0.0
262144,BCInitPPO,101,severe_stress,2,1,4,0,268,0.0
262144,BCInitPPO,101,severe_stress,2,2,0,145,337,0.43026706231454004
262144,BCInitPPO,101,severe_stress,2,2,1,136,337,0.4035608308605341
262144,BCInitPPO,101,severe_stress,2,2,2,43,337,0.12759643916913946
262144,BCInitPPO,101,severe_stress,2,2,3,13,337,0.03857566765578635
262144,BCInitPPO,101,severe_stress,2,2,4,0,337,0.0
262144,BCInitPPO,202,severe_stress,0,0,0,14,17,0.8235294117647058
262144,BCInitPPO,202,severe_stress,0,0,1,0,17,0.0
262144,BCInitPPO,202,severe_stress,0,0,2,0,17,0.0
262144,BCInitPPO,202,severe_stress,0,0,3,0,17,0.0
262144,BCInitPPO,202,severe_stress,0,0,4,3,17,0.17647058823529413
262144,BCInitPPO,202,severe_stress,0,1,0,32,43,0.7441860465116279
262144,BCInitPPO,202,severe_stress,0,1,1,0,43,0.0
262144,BCInitPPO,202,severe_stress,0,1,2,0,43,0.0
262144,BCInitPPO,202,severe_stress,0,1,3,3,43,0.06976744186046512
262144,BCInitPPO,202,severe_stress,0,1,4,8,43,0.18604651162790697
262144,BCInitPPO,202,severe_stress,1,0,0,124,128,0.96875
262144,BCInitPPO,202,severe_stress,1,0,1,4,128,0.03125
262144,BCInitPPO,202,severe_stress,1,0,2,0,128,0.0
262144,BCInitPPO,202,severe_stress,1,0,3,0,128,0.0
262144,BCInitPPO,202,severe_stress,1,0,4,0,128,0.0
262144,BCInitPPO,202,severe_stress,1,1,0,228,251,0.9083665338645418
262144,BCInitPPO,202,severe_stress,1,1,1,6,251,0.02390438247011952
262144,BCInitPPO,202,severe_stress,1,1,2,16,251,0.06374501992031872
262144,BCInitPPO,202,severe_stress,1,1,3,0,251,0.0
262144,BCInitPPO,202,severe_stress,1,1,4,1,251,0.00398406374501992
262144,BCInitPPO,202,severe_stress,1,2,0,19,43,0.4418604651162791
262144,BCInitPPO,202,severe_stress,1,2,1,21,43,0.4883720930232558
262144,BCInitPPO,202,severe_stress,1,2,2,1,43,0.023255813953488372
262144,BCInitPPO,202,severe_stress,1,2,3,2,43,0.046511627906976744
262144,BCInitPPO,202,severe_stress,1,2,4,0,43,0.0
262144,BCInitPPO,202,severe_stress,2,0,0,58,59,0.9830508474576272
262144,BCInitPPO,202,severe_stress,2,0,1,1,59,0.01694915254237288
262144,BCInitPPO,202,severe_stress,2,0,2,0,59,0.0
262144,BCInitPPO,202,severe_stress,2,0,3,0,59,0.0
262144,BCInitPPO,202,severe_stress,2,0,4,0,59,0.0
262144,BCInitPPO,202,severe_stress,2,1,0,240,267,0.898876404494382
262144,BCInitPPO,202,severe_stress,2,1,1,9,267,0.033707865168539325
262144,BCInitPPO,202,severe_stress,2,1,2,18,267,0.06741573033707865
262144,BCInitPPO,202,severe_stress,2,1,3,0,267,0.0
262144,BCInitPPO,202,severe_stress,2,1,4,0,267,0.0
262144,BCInitPPO,202,severe_stress,2,2,0,71,364,0.19505494505494506
262144,BCInitPPO,202,severe_stress,2,2,1,121,364,0.3324175824175824
262144,BCInitPPO,202,severe_stress,2,2,2,124,364,0.34065934065934067
262144,BCInitPPO,202,severe_stress,2,2,3,48,364,0.13186813186813187
262144,BCInitPPO,202,severe_stress,2,2,4,0,364,0.0
262144,BCInitPPO,303,severe_stress,0,0,0,14,15,0.9333333333333333
262144,BCInitPPO,303,severe_stress,0,0,1,0,15,0.0
262144,BCInitPPO,303,severe_stress,0,0,2,1,15,0.06666666666666667
262144,BCInitPPO,303,severe_stress,0,0,3,0,15,0.0
262144,BCInitPPO,303,severe_stress,0,0,4,0,15,0.0
262144,BCInitPPO,303,severe_stress,0,1,0,18,40,0.45
262144,BCInitPPO,303,severe_stress,0,1,1,4,40,0.1
262144,BCInitPPO,303,severe_stress,0,1,2,9,40,0.225
262144,BCInitPPO,303,severe_stress,0,1,3,6,40,0.15
262144,BCInitPPO,303,severe_stress,0,1,4,3,40,0.075
262144,BCInitPPO,303,severe_stress,0,2,0,0,1,0.0
262144,BCInitPPO,303,severe_stress,0,2,1,1,1,1.0
262144,BCInitPPO,303,severe_stress,0,2,2,0,1,0.0
262144,BCInitPPO,303,severe_stress,0,2,3,0,1,0.0
262144,BCInitPPO,303,severe_stress,0,2,4,0,1,0.0
262144,BCInitPPO,303,severe_stress,1,0,0,126,127,0.9921259842519685
262144,BCInitPPO,303,severe_stress,1,0,1,1,127,0.007874015748031496
262144,BCInitPPO,303,severe_stress,1,0,2,0,127,0.0
262144,BCInitPPO,303,severe_stress,1,0,3,0,127,0.0
262144,BCInitPPO,303,severe_stress,1,0,4,0,127,0.0
262144,BCInitPPO,303,severe_stress,1,1,0,207,234,0.8846153846153846
262144,BCInitPPO,303,severe_stress,1,1,1,3,234,0.01282051282051282
262144,BCInitPPO,303,severe_stress,1,1,2,24,234,0.10256410256410256
262144,BCInitPPO,303,severe_stress,1,1,3,0,234,0.0
262144,BCInitPPO,303,severe_stress,1,1,4,0,234,0.0
262144,BCInitPPO,303,severe_stress,1,2,0,30,47,0.6382978723404256
262144,BCInitPPO,303,severe_stress,1,2,1,2,47,0.0425531914893617
262144,BCInitPPO,303,severe_stress,1,2,2,15,47,0.3191489361702128
262144,BCInitPPO,303,severe_stress,1,2,3,0,47,0.0
262144,BCInitPPO,303,severe_stress,1,2,4,0,47,0.0
262144,BCInitPPO,303,severe_stress,2,0,0,58,58,1.0
262144,BCInitPPO,303,severe_stress,2,0,1,0,58,0.0
262144,BCInitPPO,303,severe_stress,2,0,2,0,58,0.0
262144,BCInitPPO,303,severe_stress,2,0,3,0,58,0.0
262144,BCInitPPO,303,severe_stress,2,0,4,0,58,0.0
262144,BCInitPPO,303,severe_stress,2,1,0,253,276,0.9166666666666666
262144,BCInitPPO,303,severe_stress,2,1,1,9,276,0.03260869565217391
262144,BCInitPPO,303,severe_stress,2,1,2,14,276,0.050724637681159424
262144,BCInitPPO,303,severe_stress,2,1,3,0,276,0.0
262144,BCInitPPO,303,severe_stress,2,1,4,0,276,0.0
262144,BCInitPPO,303,severe_stress,2,2,0,207,321,0.6448598130841121
262144,BCInitPPO,303,severe_stress,2,2,1,15,321,0.04672897196261682
262144,BCInitPPO,303,severe_stress,2,2,2,86,321,0.26791277258566976
262144,BCInitPPO,303,severe_stress,2,2,3,1,321,0.003115264797507788
262144,BCInitPPO,303,severe_stress,2,2,4,12,321,0.037383177570093455
262144,BCInitPPO,404,severe_stress,0,0,0,16,18,0.8888888888888888
262144,BCInitPPO,404,severe_stress,0,0,1,0,18,0.0
262144,BCInitPPO,404,severe_stress,0,0,2,0,18,0.0
262144,BCInitPPO,404,severe_stress,0,0,3,2,18,0.1111111111111111
262144,BCInitPPO,404,severe_stress,0,0,4,0,18,0.0
262144,BCInitPPO,404,severe_stress,0,1,0,10,35,0.2857142857142857
262144,BCInitPPO,404,severe_stress,0,1,1,12,35,0.34285714285714286
262144,BCInitPPO,404,severe_stress,0,1,2,6,35,0.17142857142857143
262144,BCInitPPO,404,severe_stress,0,1,3,0,35,0.0
262144,BCInitPPO,404,severe_stress,0,1,4,7,35,0.2
262144,BCInitPPO,404,severe_stress,1,0,0,126,127,0.9921259842519685
262144,BCInitPPO,404,severe_stress,1,0,1,1,127,0.007874015748031496
262144,BCInitPPO,404,severe_stress,1,0,2,0,127,0.0
262144,BCInitPPO,404,severe_stress,1,0,3,0,127,0.0
262144,BCInitPPO,404,severe_stress,1,0,4,0,127,0.0
262144,BCInitPPO,404,severe_stress,1,1,0,195,228,0.8552631578947368
262144,BCInitPPO,404,severe_stress,1,1,1,2,228,0.008771929824561403
262144,BCInitPPO,404,severe_stress,1,1,2,28,228,0.12280701754385964
262144,BCInitPPO,404,severe_stress,1,1,3,0,228,0.0
262144,BCInitPPO,404,severe_stress,1,1,4,3,228,0.013157894736842105
262144,BCInitPPO,404,severe_stress,1,2,0,33,40,0.825
262144,BCInitPPO,404,severe_stress,1,2,1,3,40,0.075
262144,BCInitPPO,404,severe_stress,1,2,2,3,40,0.075
262144,BCInitPPO,404,severe_stress,1,2,3,1,40,0.025
262144,BCInitPPO,404,severe_stress,1,2,4,0,40,0.0
262144,BCInitPPO,404,severe_stress,2,0,0,58,58,1.0
262144,BCInitPPO,404,severe_stress,2,0,1,0,58,0.0
262144,BCInitPPO,404,severe_stress,2,0,2,0,58,0.0
262144,BCInitPPO,404,severe_stress,2,0,3,0,58,0.0
262144,BCInitPPO,404,severe_stress,2,0,4,0,58,0.0
262144,BCInitPPO,404,severe_stress,2,1,0,263,275,0.9563636363636364
262144,BCInitPPO,404,severe_stress,2,1,1,2,275,0.007272727272727273
262144,BCInitPPO,404,severe_stress,2,1,2,8,275,0.02909090909090909
262144,BCInitPPO,404,severe_stress,2,1,3,2,275,0.007272727272727273
262144,BCInitPPO,404,severe_stress,2,1,4,0,275,0.0
262144,BCInitPPO,404,severe_stress,2,2,0,215,319,0.6739811912225705
262144,BCInitPPO,404,severe_stress,2,2,1,9,319,0.02821316614420063
262144,BCInitPPO,404,severe_stress,2,2,2,33,319,0.10344827586206896
262144,BCInitPPO,404,severe_stress,2,2,3,46,319,0.14420062695924765
262144,BCInitPPO,404,severe_stress,2,2,4,16,319,0.050156739811912224
262144,BCInitPPO,505,severe_stress,0,0,0,12,17,0.7058823529411765
262144,BCInitPPO,505,severe_stress,0,0,1,0,17,0.0
262144,BCInitPPO,505,severe_stress,0,0,2,2,17,0.11764705882352941
262144,BCInitPPO,505,severe_stress,0,0,3,1,17,0.058823529411764705
262144,BCInitPPO,505,severe_stress,0,0,4,2,17,0.11764705882352941
262144,BCInitPPO,505,severe_stress,0,1,0,19,42,0.4523809523809524
262144,BCInitPPO,505,severe_stress,0,1,1,0,42,0.0
262144,BCInitPPO,505,severe_stress,0,1,2,13,42,0.30952380952380953
262144,BCInitPPO,505,severe_stress,0,1,3,0,42,0.0
262144,BCInitPPO,505,severe_stress,0,1,4,10,42,0.23809523809523808
262144,BCInitPPO,505,severe_stress,1,0,0,129,129,1.0
262144,BCInitPPO,505,severe_stress,1,0,1,0,129,0.0
262144,BCInitPPO,505,severe_stress,1,0,2,0,129,0.0
262144,BCInitPPO,505,severe_stress,1,0,3,0,129,0.0
262144,BCInitPPO,505,severe_stress,1,0,4,0,129,0.0
262144,BCInitPPO,505,severe_stress,1,1,0,220,274,0.8029197080291971
262144,BCInitPPO,505,severe_stress,1,1,1,40,274,0.145985401459854
262144,BCInitPPO,505,severe_stress,1,1,2,12,274,0.043795620437956206
262144,BCInitPPO,505,severe_stress,1,1,3,0,274,0.0
262144,BCInitPPO,505,severe_stress,1,1,4,2,274,0.0072992700729927005
262144,BCInitPPO,505,severe_stress,1,2,0,9,19,0.47368421052631576
262144,BCInitPPO,505,severe_stress,1,2,1,10,19,0.5263157894736842
262144,BCInitPPO,505,severe_stress,1,2,2,0,19,0.0
262144,BCInitPPO,505,severe_stress,1,2,3,0,19,0.0
262144,BCInitPPO,505,severe_stress,1,2,4,0,19,0.0
262144,BCInitPPO,505,severe_stress,2,0,0,59,59,1.0
262144,BCInitPPO,505,severe_stress,2,0,1,0,59,0.0
262144,BCInitPPO,505,severe_stress,2,0,2,0,59,0.0
262144,BCInitPPO,505,severe_stress,2,0,3,0,59,0.0
262144,BCInitPPO,505,severe_stress,2,0,4,0,59,0.0
262144,BCInitPPO,505,severe_stress,2,1,0,258,298,0.8657718120805369
262144,BCInitPPO,505,severe_stress,2,1,1,24,298,0.08053691275167785
262144,BCInitPPO,505,severe_stress,2,1,2,8,298,0.026845637583892617
262144,BCInitPPO,505,severe_stress,2,1,3,0,298,0.0
262144,BCInitPPO,505,severe_stress,2,1,4,8,298,0.026845637583892617
262144,BCInitPPO,505,severe_stress,2,2,0,97,331,0.2930513595166163
262144,BCInitPPO,505,severe_stress,2,2,1,76,331,0.229607250755287
262144,BCInitPPO,505,severe_stress,2,2,2,113,331,0.3413897280966767
262144,BCInitPPO,505,severe_stress,2,2,3,0,331,0.0
262144,BCInitPPO,505,severe_stress,2,2,4,45,331,0.13595166163141995
262144,BCRegularizedPPO,101,severe_stress,0,0,0,15,15,1.0
262144,BCRegularizedPPO,101,severe_stress,0,0,1,0,15,0.0
262144,BCRegularizedPPO,101,severe_stress,0,0,2,0,15,0.0
262144,BCRegularizedPPO,101,severe_stress,0,0,3,0,15,0.0
262144,BCRegularizedPPO,101,severe_stress,0,0,4,0,15,0.0
262144,BCRegularizedPPO,101,severe_stress,0,1,0,20,45,0.4444444444444444
262144,BCRegularizedPPO,101,severe_stress,0,1,1,3,45,0.06666666666666667
262144,BCRegularizedPPO,101,severe_stress,0,1,2,1,45,0.022222222222222223
262144,BCRegularizedPPO,101,severe_stress,0,1,3,0,45,0.0
262144,BCRegularizedPPO,101,severe_stress,0,1,4,21,45,0.4666666666666667
262144,BCRegularizedPPO,101,severe_stress,1,0,0,127,127,1.0
262144,BCRegularizedPPO,101,severe_stress,1,0,1,0,127,0.0
262144,BCRegularizedPPO,101,severe_stress,1,0,2,0,127,0.0
262144,BCRegularizedPPO,101,severe_stress,1,0,3,0,127,0.0
262144,BCRegularizedPPO,101,severe_stress,1,0,4,0,127,0.0
262144,BCRegularizedPPO,101,severe_stress,1,1,0,225,259,0.8687258687258688
262144,BCRegularizedPPO,101,severe_stress,1,1,1,18,259,0.0694980694980695
262144,BCRegularizedPPO,101,severe_stress,1,1,2,13,259,0.05019305019305019
262144,BCRegularizedPPO,101,severe_stress,1,1,3,1,259,0.003861003861003861
262144,BCRegularizedPPO,101,severe_stress,1,1,4,2,259,0.007722007722007722
262144,BCRegularizedPPO,101,severe_stress,1,2,0,11,34,0.3235294117647059
262144,BCRegularizedPPO,101,severe_stress,1,2,1,13,34,0.38235294117647056
262144,BCRegularizedPPO,101,severe_stress,1,2,2,8,34,0.23529411764705882
262144,BCRegularizedPPO,101,severe_stress,1,2,3,1,34,0.029411764705882353
262144,BCRegularizedPPO,101,severe_stress,1,2,4,1,34,0.029411764705882353
262144,BCRegularizedPPO,101,severe_stress,2,0,0,58,58,1.0
262144,BCRegularizedPPO,101,severe_stress,2,0,1,0,58,0.0
262144,BCRegularizedPPO,101,severe_stress,2,0,2,0,58,0.0
262144,BCRegularizedPPO,101,severe_stress,2,0,3,0,58,0.0
262144,BCRegularizedPPO,101,severe_stress,2,0,4,0,58,0.0
262144,BCRegularizedPPO,101,severe_stress,2,1,0,252,276,0.9130434782608695
262144,BCRegularizedPPO,101,severe_stress,2,1,1,11,276,0.03985507246376811
262144,BCRegularizedPPO,101,severe_stress,2,1,2,13,276,0.04710144927536232
262144,BCRegularizedPPO,101,severe_stress,2,1,3,0,276,0.0
262144,BCRegularizedPPO,101,severe_stress,2,1,4,0,276,0.0
262144,BCRegularizedPPO,101,severe_stress,2,2,0,159,329,0.48328267477203646
262144,BCRegularizedPPO,101,severe_stress,2,2,1,57,329,0.17325227963525835
262144,BCRegularizedPPO,101,severe_stress,2,2,2,71,329,0.21580547112462006
262144,BCRegularizedPPO,101,severe_stress,2,2,3,41,329,0.12462006079027356
262144,BCRegularizedPPO,101,severe_stress,2,2,4,1,329,0.00303951367781155
262144,BCRegularizedPPO,202,severe_stress,0,0,0,12,18,0.6666666666666666
262144,BCRegularizedPPO,202,severe_stress,0,0,1,1,18,0.05555555555555555
262144,BCRegularizedPPO,202,severe_stress,0,0,2,0,18,0.0
262144,BCRegularizedPPO,202,severe_stress,0,0,3,0,18,0.0
262144,BCRegularizedPPO,202,severe_stress,0,0,4,5,18,0.2777777777777778
262144,BCRegularizedPPO,202,severe_stress,0,1,0,30,43,0.6976744186046512
262144,BCRegularizedPPO,202,severe_stress,0,1,1,5,43,0.11627906976744186
262144,BCRegularizedPPO,202,severe_stress,0,1,2,3,43,0.06976744186046512
262144,BCRegularizedPPO,202,severe_stress,0,1,3,2,43,0.046511627906976744
262144,BCRegularizedPPO,202,severe_stress,0,1,4,3,43,0.06976744186046512
262144,BCRegularizedPPO,202,severe_stress,1,0,0,122,129,0.9457364341085271
262144,BCRegularizedPPO,202,severe_stress,1,0,1,6,129,0.046511627906976744
262144,BCRegularizedPPO,202,severe_stress,1,0,2,0,129,0.0
262144,BCRegularizedPPO,202,severe_stress,1,0,3,0,129,0.0
262144,BCRegularizedPPO,202,severe_stress,1,0,4,1,129,0.007751937984496124
262144,BCRegularizedPPO,202,severe_stress,1,1,0,205,237,0.8649789029535865
262144,BCRegularizedPPO,202,severe_stress,1,1,1,6,237,0.02531645569620253
262144,BCRegularizedPPO,202,severe_stress,1,1,2,25,237,0.10548523206751055
262144,BCRegularizedPPO,202,severe_stress,1,1,3,0,237,0.0
262144,BCRegularizedPPO,202,severe_stress,1,1,4,1,237,0.004219409282700422
262144,BCRegularizedPPO,202,severe_stress,1,2,0,25,45,0.5555555555555556
262144,BCRegularizedPPO,202,severe_stress,1,2,1,13,45,0.28888888888888886
262144,BCRegularizedPPO,202,severe_stress,1,2,2,4,45,0.08888888888888889
262144,BCRegularizedPPO,202,severe_stress,1,2,3,2,45,0.044444444444444446
262144,BCRegularizedPPO,202,severe_stress,1,2,4,1,45,0.022222222222222223
262144,BCRegularizedPPO,202,severe_stress,2,0,0,59,60,0.9833333333333333
262144,BCRegularizedPPO,202,severe_stress,2,0,1,1,60,0.016666666666666666
262144,BCRegularizedPPO,202,severe_stress,2,0,2,0,60,0.0
262144,BCRegularizedPPO,202,severe_stress,2,0,3,0,60,0.0
262144,BCRegularizedPPO,202,severe_stress,2,0,4,0,60,0.0
262144,BCRegularizedPPO,202,severe_stress,2,1,0,240,277,0.8664259927797834
262144,BCRegularizedPPO,202,severe_stress,2,1,1,9,277,0.032490974729241874
262144,BCRegularizedPPO,202,severe_stress,2,1,2,28,277,0.10108303249097472
262144,BCRegularizedPPO,202,severe_stress,2,1,3,0,277,0.0
262144,BCRegularizedPPO,202,severe_stress,2,1,4,0,277,0.0
262144,BCRegularizedPPO,202,severe_stress,2,2,0,158,314,0.5031847133757962
262144,BCRegularizedPPO,202,severe_stress,2,2,1,96,314,0.3057324840764331
262144,BCRegularizedPPO,202,severe_stress,2,2,2,21,314,0.06687898089171974
262144,BCRegularizedPPO,202,severe_stress,2,2,3,38,314,0.12101910828025478
262144,BCRegularizedPPO,202,severe_stress,2,2,4,1,314,0.0031847133757961785
262144,BCRegularizedPPO,303,severe_stress,0,0,0,12,17,0.7058823529411765
262144,BCRegularizedPPO,303,severe_stress,0,0,1,3,17,0.17647058823529413
262144,BCRegularizedPPO,303,severe_stress,0,0,2,0,17,0.0
262144,BCRegularizedPPO,303,severe_stress,0,0,3,0,17,0.0
262144,BCRegularizedPPO,303,severe_stress,0,0,4,2,17,0.11764705882352941
262144,BCRegularizedPPO,303,severe_stress,0,1,0,18,43,0.4186046511627907
262144,BCRegularizedPPO,303,severe_stress,0,1,1,2,43,0.046511627906976744
262144,BCRegularizedPPO,303,severe_stress,0,1,2,5,43,0.11627906976744186
262144,BCRegularizedPPO,303,severe_stress,0,1,3,1,43,0.023255813953488372
262144,BCRegularizedPPO,303,severe_stress,0,1,4,17,43,0.3953488372093023
262144,BCRegularizedPPO,303,severe_stress,1,0,0,127,127,1.0
262144,BCRegularizedPPO,303,severe_stress,1,0,1,0,127,0.0
262144,BCRegularizedPPO,303,severe_stress,1,0,2,0,127,0.0
262144,BCRegularizedPPO,303,severe_stress,1,0,3,0,127,0.0
262144,BCRegularizedPPO,303,severe_stress,1,0,4,0,127,0.0
262144,BCRegularizedPPO,303,severe_stress,1,1,0,208,250,0.832
262144,BCRegularizedPPO,303,severe_stress,1,1,1,14,250,0.056
262144,BCRegularizedPPO,303,severe_stress,1,1,2,23,250,0.092
262144,BCRegularizedPPO,303,severe_stress,1,1,3,1,250,0.004
262144,BCRegularizedPPO,303,severe_stress,1,1,4,4,250,0.016
262144,BCRegularizedPPO,303,severe_stress,1,2,0,16,35,0.45714285714285713
262144,BCRegularizedPPO,303,severe_stress,1,2,1,15,35,0.42857142857142855
262144,BCRegularizedPPO,303,severe_stress,1,2,2,3,35,0.08571428571428572
262144,BCRegularizedPPO,303,severe_stress,1,2,3,1,35,0.02857142857142857
262144,BCRegularizedPPO,303,severe_stress,1,2,4,0,35,0.0
262144,BCRegularizedPPO,303,severe_stress,2,0,0,59,59,1.0
262144,BCRegularizedPPO,303,severe_stress,2,0,1,0,59,0.0
262144,BCRegularizedPPO,303,severe_stress,2,0,2,0,59,0.0
262144,BCRegularizedPPO,303,severe_stress,2,0,3,0,59,0.0
262144,BCRegularizedPPO,303,severe_stress,2,0,4,0,59,0.0
262144,BCRegularizedPPO,303,severe_stress,2,1,0,251,278,0.9028776978417267
262144,BCRegularizedPPO,303,severe_stress,2,1,1,4,278,0.014388489208633094
262144,BCRegularizedPPO,303,severe_stress,2,1,2,22,278,0.07913669064748201
262144,BCRegularizedPPO,303,severe_stress,2,1,3,1,278,0.0035971223021582736
262144,BCRegularizedPPO,303,severe_stress,2,1,4,0,278,0.0
262144,BCRegularizedPPO,303,severe_stress,2,2,0,231,326,0.7085889570552147
262144,BCRegularizedPPO,303,severe_stress,2,2,1,16,326,0.049079754601226995
262144,BCRegularizedPPO,303,severe_stress,2,2,2,27,326,0.08282208588957055
262144,BCRegularizedPPO,303,severe_stress,2,2,3,52,326,0.15950920245398773
262144,BCRegularizedPPO,303,severe_stress,2,2,4,0,326,0.0
262144,BCRegularizedPPO,404,severe_stress,0,0,0,12,17,0.7058823529411765
262144,BCRegularizedPPO,404,severe_stress,0,0,1,5,17,0.29411764705882354
262144,BCRegularizedPPO,404,severe_stress,0,0,2,0,17,0.0
262144,BCRegularizedPPO,404,severe_stress,0,0,3,0,17,0.0
262144,BCRegularizedPPO,404,severe_stress,0,0,4,0,17,0.0
262144,BCRegularizedPPO,404,severe_stress,0,1,0,18,42,0.42857142857142855
262144,BCRegularizedPPO,404,severe_stress,0,1,1,4,42,0.09523809523809523
262144,BCRegularizedPPO,404,severe_stress,0,1,2,3,42,0.07142857142857142
262144,BCRegularizedPPO,404,severe_stress,0,1,3,0,42,0.0
262144,BCRegularizedPPO,404,severe_stress,0,1,4,17,42,0.40476190476190477
262144,BCRegularizedPPO,404,severe_stress,1,0,0,127,127,1.0
262144,BCRegularizedPPO,404,severe_stress,1,0,1,0,127,0.0
262144,BCRegularizedPPO,404,severe_stress,1,0,2,0,127,0.0
262144,BCRegularizedPPO,404,severe_stress,1,0,3,0,127,0.0
262144,BCRegularizedPPO,404,severe_stress,1,0,4,0,127,0.0
262144,BCRegularizedPPO,404,severe_stress,1,1,0,224,259,0.8648648648648649
262144,BCRegularizedPPO,404,severe_stress,1,1,1,28,259,0.10810810810810811
262144,BCRegularizedPPO,404,severe_stress,1,1,2,4,259,0.015444015444015444
262144,BCRegularizedPPO,404,severe_stress,1,1,3,0,259,0.0
262144,BCRegularizedPPO,404,severe_stress,1,1,4,3,259,0.011583011583011582
262144,BCRegularizedPPO,404,severe_stress,1,2,0,10,38,0.2631578947368421
262144,BCRegularizedPPO,404,severe_stress,1,2,1,22,38,0.5789473684210527
262144,BCRegularizedPPO,404,severe_stress,1,2,2,4,38,0.10526315789473684
262144,BCRegularizedPPO,404,severe_stress,1,2,3,0,38,0.0
262144,BCRegularizedPPO,404,severe_stress,1,2,4,2,38,0.05263157894736842
262144,BCRegularizedPPO,404,severe_stress,2,0,0,58,58,1.0
262144,BCRegularizedPPO,404,severe_stress,2,0,1,0,58,0.0
262144,BCRegularizedPPO,404,severe_stress,2,0,2,0,58,0.0
262144,BCRegularizedPPO,404,severe_stress,2,0,3,0,58,0.0
262144,BCRegularizedPPO,404,severe_stress,2,0,4,0,58,0.0
262144,BCRegularizedPPO,404,severe_stress,2,1,0,252,285,0.8842105263157894
262144,BCRegularizedPPO,404,severe_stress,2,1,1,14,285,0.04912280701754386
262144,BCRegularizedPPO,404,severe_stress,2,1,2,19,285,0.06666666666666667
262144,BCRegularizedPPO,404,severe_stress,2,1,3,0,285,0.0
262144,BCRegularizedPPO,404,severe_stress,2,1,4,0,285,0.0
262144,BCRegularizedPPO,404,severe_stress,2,2,0,121,334,0.36227544910179643
262144,BCRegularizedPPO,404,severe_stress,2,2,1,59,334,0.17664670658682635
262144,BCRegularizedPPO,404,severe_stress,2,2,2,112,334,0.33532934131736525
262144,BCRegularizedPPO,404,severe_stress,2,2,3,42,334,0.12574850299401197
262144,BCRegularizedPPO,404,severe_stress,2,2,4,0,334,0.0
262144,BCRegularizedPPO,505,severe_stress,0,0,0,15,15,1.0
262144,BCRegularizedPPO,505,severe_stress,0,0,1,0,15,0.0
262144,BCRegularizedPPO,505,severe_stress,0,0,2,0,15,0.0
262144,BCRegularizedPPO,505,severe_stress,0,0,3,0,15,0.0
262144,BCRegularizedPPO,505,severe_stress,0,0,4,0,15,0.0
262144,BCRegularizedPPO,505,severe_stress,0,1,0,23,46,0.5
262144,BCRegularizedPPO,505,severe_stress,0,1,1,1,46,0.021739130434782608
262144,BCRegularizedPPO,505,severe_stress,0,1,2,11,46,0.2391304347826087
262144,BCRegularizedPPO,505,severe_stress,0,1,3,7,46,0.15217391304347827
262144,BCRegularizedPPO,505,severe_stress,0,1,4,4,46,0.08695652173913043
262144,BCRegularizedPPO,505,severe_stress,1,0,0,127,127,1.0
262144,BCRegularizedPPO,505,severe_stress,1,0,1,0,127,0.0
262144,BCRegularizedPPO,505,severe_stress,1,0,2,0,127,0.0
262144,BCRegularizedPPO,505,severe_stress,1,0,3,0,127,0.0
262144,BCRegularizedPPO,505,severe_stress,1,0,4,0,127,0.0
262144,BCRegularizedPPO,505,severe_stress,1,1,0,227,241,0.941908713692946
262144,BCRegularizedPPO,505,severe_stress,1,1,1,2,241,0.008298755186721992
262144,BCRegularizedPPO,505,severe_stress,1,1,2,10,241,0.04149377593360996
262144,BCRegularizedPPO,505,severe_stress,1,1,3,0,241,0.0
262144,BCRegularizedPPO,505,severe_stress,1,1,4,2,241,0.008298755186721992
262144,BCRegularizedPPO,505,severe_stress,1,2,0,25,46,0.5434782608695652
262144,BCRegularizedPPO,505,severe_stress,1,2,1,15,46,0.32608695652173914
262144,BCRegularizedPPO,505,severe_stress,1,2,2,5,46,0.10869565217391304
262144,BCRegularizedPPO,505,severe_stress,1,2,3,0,46,0.0
262144,BCRegularizedPPO,505,severe_stress,1,2,4,1,46,0.021739130434782608
262144,BCRegularizedPPO,505,severe_stress,2,0,0,58,58,1.0
262144,BCRegularizedPPO,505,severe_stress,2,0,1,0,58,0.0
262144,BCRegularizedPPO,505,severe_stress,2,0,2,0,58,0.0
262144,BCRegularizedPPO,505,severe_stress,2,0,3,0,58,0.0
262144,BCRegularizedPPO,505,severe_stress,2,0,4,0,58,0.0
262144,BCRegularizedPPO,505,severe_stress,2,1,0,248,272,0.9117647058823529
262144,BCRegularizedPPO,505,severe_stress,2,1,1,5,272,0.01838235294117647
262144,BCRegularizedPPO,505,severe_stress,2,1,2,19,272,0.06985294117647059
262144,BCRegularizedPPO,505,severe_stress,2,1,3,0,272,0.0
262144,BCRegularizedPPO,505,severe_stress,2,1,4,0,272,0.0
262144,BCRegularizedPPO,505,severe_stress,2,2,0,132,331,0.3987915407854985
262144,BCRegularizedPPO,505,severe_stress,2,2,1,76,331,0.229607250755287
262144,BCRegularizedPPO,505,severe_stress,2,2,2,123,331,0.3716012084592145
262144,BCRegularizedPPO,505,severe_stress,2,2,3,0,331,0.0
262144,BCRegularizedPPO,505,severe_stress,2,2,4,0,331,0.0
262144,CanonicalPPO,101,severe_stress,0,0,0,14,15,0.9333333333333333
262144,CanonicalPPO,101,severe_stress,0,0,1,1,15,0.06666666666666667
262144,CanonicalPPO,101,severe_stress,0,0,2,0,15,0.0
262144,CanonicalPPO,101,severe_stress,0,0,3,0,15,0.0
262144,CanonicalPPO,101,severe_stress,0,0,4,0,15,0.0
262144,CanonicalPPO,101,severe_stress,0,1,0,11,42,0.2619047619047619
262144,CanonicalPPO,101,severe_stress,0,1,1,31,42,0.7380952380952381
262144,CanonicalPPO,101,severe_stress,0,1,2,0,42,0.0
262144,CanonicalPPO,101,severe_stress,0,1,3,0,42,0.0
262144,CanonicalPPO,101,severe_stress,0,1,4,0,42,0.0
262144,CanonicalPPO,101,severe_stress,0,2,0,0,1,0.0
262144,CanonicalPPO,101,severe_stress,0,2,1,1,1,1.0
262144,CanonicalPPO,101,severe_stress,0,2,2,0,1,0.0
262144,CanonicalPPO,101,severe_stress,0,2,3,0,1,0.0
262144,CanonicalPPO,101,severe_stress,0,2,4,0,1,0.0
262144,CanonicalPPO,101,severe_stress,1,0,0,127,127,1.0
262144,CanonicalPPO,101,severe_stress,1,0,1,0,127,0.0
262144,CanonicalPPO,101,severe_stress,1,0,2,0,127,0.0
262144,CanonicalPPO,101,severe_stress,1,0,3,0,127,0.0
262144,CanonicalPPO,101,severe_stress,1,0,4,0,127,0.0
262144,CanonicalPPO,101,severe_stress,1,1,0,163,258,0.6317829457364341
262144,CanonicalPPO,101,severe_stress,1,1,1,95,258,0.3682170542635659
262144,CanonicalPPO,101,severe_stress,1,1,2,0,258,0.0
262144,CanonicalPPO,101,severe_stress,1,1,3,0,258,0.0
262144,CanonicalPPO,101,severe_stress,1,1,4,0,258,0.0
262144,CanonicalPPO,101,severe_stress,1,2,0,3,22,0.13636363636363635
262144,CanonicalPPO,101,severe_stress,1,2,1,19,22,0.8636363636363636
262144,CanonicalPPO,101,severe_stress,1,2,2,0,22,0.0
262144,CanonicalPPO,101,severe_stress,1,2,3,0,22,0.0
262144,CanonicalPPO,101,severe_stress,1,2,4,0,22,0.0
262144,CanonicalPPO,101,severe_stress,2,0,0,58,58,1.0
262144,CanonicalPPO,101,severe_stress,2,0,1,0,58,0.0
262144,CanonicalPPO,101,severe_stress,2,0,2,0,58,0.0
262144,CanonicalPPO,101,severe_stress,2,0,3,0,58,0.0
262144,CanonicalPPO,101,severe_stress,2,0,4,0,58,0.0
262144,CanonicalPPO,101,severe_stress,2,1,0,232,271,0.8560885608856088
262144,CanonicalPPO,101,severe_stress,2,1,1,39,271,0.14391143911439114
262144,CanonicalPPO,101,severe_stress,2,1,2,0,271,0.0
262144,CanonicalPPO,101,severe_stress,2,1,3,0,271,0.0
262144,CanonicalPPO,101,severe_stress,2,1,4,0,271,0.0
262144,CanonicalPPO,101,severe_stress,2,2,0,136,312,0.4358974358974359
262144,CanonicalPPO,101,severe_stress,2,2,1,176,312,0.5641025641025641
262144,CanonicalPPO,101,severe_stress,2,2,2,0,312,0.0
262144,CanonicalPPO,101,severe_stress,2,2,3,0,312,0.0
262144,CanonicalPPO,101,severe_stress,2,2,4,0,312,0.0
262144,CanonicalPPO,202,severe_stress,0,0,0,15,15,1.0
262144,CanonicalPPO,202,severe_stress,0,0,1,0,15,0.0
262144,CanonicalPPO,202,severe_stress,0,0,2,0,15,0.0
262144,CanonicalPPO,202,severe_stress,0,0,3,0,15,0.0
262144,CanonicalPPO,202,severe_stress,0,0,4,0,15,0.0
262144,CanonicalPPO,202,severe_stress,0,1,0,16,34,0.47058823529411764
262144,CanonicalPPO,202,severe_stress,0,1,1,17,34,0.5
262144,CanonicalPPO,202,severe_stress,0,1,2,1,34,0.029411764705882353
262144,CanonicalPPO,202,severe_stress,0,1,3,0,34,0.0
262144,CanonicalPPO,202,severe_stress,0,1,4,0,34,0.0
262144,CanonicalPPO,202,severe_stress,1,0,0,127,127,1.0
262144,CanonicalPPO,202,severe_stress,1,0,1,0,127,0.0
262144,CanonicalPPO,202,severe_stress,1,0,2,0,127,0.0
262144,CanonicalPPO,202,severe_stress,1,0,3,0,127,0.0
262144,CanonicalPPO,202,severe_stress,1,0,4,0,127,0.0
262144,CanonicalPPO,202,severe_stress,1,1,0,198,220,0.9
262144,CanonicalPPO,202,severe_stress,1,1,1,21,220,0.09545454545454546
262144,CanonicalPPO,202,severe_stress,1,1,2,1,220,0.004545454545454545
262144,CanonicalPPO,202,severe_stress,1,1,3,0,220,0.0
262144,CanonicalPPO,202,severe_stress,1,1,4,0,220,0.0
262144,CanonicalPPO,202,severe_stress,1,2,0,29,31,0.9354838709677419
262144,CanonicalPPO,202,severe_stress,1,2,1,2,31,0.06451612903225806
262144,CanonicalPPO,202,severe_stress,1,2,2,0,31,0.0
262144,CanonicalPPO,202,severe_stress,1,2,3,0,31,0.0
262144,CanonicalPPO,202,severe_stress,1,2,4,0,31,0.0
262144,CanonicalPPO,202,severe_stress,2,0,0,58,58,1.0
262144,CanonicalPPO,202,severe_stress,2,0,1,0,58,0.0
262144,CanonicalPPO,202,severe_stress,2,0,2,0,58,0.0
262144,CanonicalPPO,202,severe_stress,2,0,3,0,58,0.0
262144,CanonicalPPO,202,severe_stress,2,0,4,0,58,0.0
262144,CanonicalPPO,202,severe_stress,2,1,0,247,263,0.9391634980988594
262144,CanonicalPPO,202,severe_stress,2,1,1,16,263,0.060836501901140684
262144,CanonicalPPO,202,severe_stress,2,1,2,0,263,0.0
262144,CanonicalPPO,202,severe_stress,2,1,3,0,263,0.0
262144,CanonicalPPO,202,severe_stress,2,1,4,0,263,0.0
262144,CanonicalPPO,202,severe_stress,2,2,0,220,314,0.7006369426751592
262144,CanonicalPPO,202,severe_stress,2,2,1,94,314,0.29936305732484075
262144,CanonicalPPO,202,severe_stress,2,2,2,0,314,0.0
262144,CanonicalPPO,202,severe_stress,2,2,3,0,314,0.0
262144,CanonicalPPO,202,severe_stress,2,2,4,0,314,0.0
262144,CanonicalPPO,303,severe_stress,0,0,0,15,15,1.0
262144,CanonicalPPO,303,severe_stress,0,0,1,0,15,0.0
262144,CanonicalPPO,303,severe_stress,0,0,2,0,15,0.0
262144,CanonicalPPO,303,severe_stress,0,0,3,0,15,0.0
262144,CanonicalPPO,303,severe_stress,0,0,4,0,15,0.0
262144,CanonicalPPO,303,severe_stress,0,1,0,24,42,0.5714285714285714
262144,CanonicalPPO,303,severe_stress,0,1,1,18,42,0.42857142857142855
262144,CanonicalPPO,303,severe_stress,0,1,2,0,42,0.0
262144,CanonicalPPO,303,severe_stress,0,1,3,0,42,0.0
262144,CanonicalPPO,303,severe_stress,0,1,4,0,42,0.0
262144,CanonicalPPO,303,severe_stress,0,2,0,1,1,1.0
262144,CanonicalPPO,303,severe_stress,0,2,1,0,1,0.0
262144,CanonicalPPO,303,severe_stress,0,2,2,0,1,0.0
262144,CanonicalPPO,303,severe_stress,0,2,3,0,1,0.0
262144,CanonicalPPO,303,severe_stress,0,2,4,0,1,0.0
262144,CanonicalPPO,303,severe_stress,1,0,0,127,127,1.0
262144,CanonicalPPO,303,severe_stress,1,0,1,0,127,0.0
262144,CanonicalPPO,303,severe_stress,1,0,2,0,127,0.0
262144,CanonicalPPO,303,severe_stress,1,0,3,0,127,0.0
262144,CanonicalPPO,303,severe_stress,1,0,4,0,127,0.0
262144,CanonicalPPO,303,severe_stress,1,1,0,220,221,0.995475113122172
262144,CanonicalPPO,303,severe_stress,1,1,1,0,221,0.0
262144,CanonicalPPO,303,severe_stress,1,1,2,0,221,0.0
262144,CanonicalPPO,303,severe_stress,1,1,3,0,221,0.0
262144,CanonicalPPO,303,severe_stress,1,1,4,1,221,0.004524886877828055
262144,CanonicalPPO,303,severe_stress,1,2,0,36,38,0.9473684210526315
262144,CanonicalPPO,303,severe_stress,1,2,1,0,38,0.0
262144,CanonicalPPO,303,severe_stress,1,2,2,0,38,0.0
262144,CanonicalPPO,303,severe_stress,1,2,3,0,38,0.0
262144,CanonicalPPO,303,severe_stress,1,2,4,2,38,0.05263157894736842
262144,CanonicalPPO,303,severe_stress,2,0,0,58,58,1.0
262144,CanonicalPPO,303,severe_stress,2,0,1,0,58,0.0
262144,CanonicalPPO,303,severe_stress,2,0,2,0,58,0.0
262144,CanonicalPPO,303,severe_stress,2,0,3,0,58,0.0
262144,CanonicalPPO,303,severe_stress,2,0,4,0,58,0.0
262144,CanonicalPPO,303,severe_stress,2,1,0,255,267,0.9550561797752809
262144,CanonicalPPO,303,severe_stress,2,1,1,0,267,0.0
262144,CanonicalPPO,303,severe_stress,2,1,2,0,267,0.0
262144,CanonicalPPO,303,severe_stress,2,1,3,0,267,0.0
262144,CanonicalPPO,303,severe_stress,2,1,4,12,267,0.0449438202247191
262144,CanonicalPPO,303,severe_stress,2,2,0,245,303,0.8085808580858086
262144,CanonicalPPO,303,severe_stress,2,2,1,6,303,0.019801980198019802
262144,CanonicalPPO,303,severe_stress,2,2,2,0,303,0.0
262144,CanonicalPPO,303,severe_stress,2,2,3,0,303,0.0
262144,CanonicalPPO,303,severe_stress,2,2,4,52,303,0.1716171617161716
262144,CanonicalPPO,404,severe_stress,0,0,0,15,15,1.0
262144,CanonicalPPO,404,severe_stress,0,0,1,0,15,0.0
262144,CanonicalPPO,404,severe_stress,0,0,2,0,15,0.0
262144,CanonicalPPO,404,severe_stress,0,0,3,0,15,0.0
262144,CanonicalPPO,404,severe_stress,0,0,4,0,15,0.0
262144,CanonicalPPO,404,severe_stress,0,1,0,15,34,0.4411764705882353
262144,CanonicalPPO,404,severe_stress,0,1,1,19,34,0.5588235294117647
262144,CanonicalPPO,404,severe_stress,0,1,2,0,34,0.0
262144,CanonicalPPO,404,severe_stress,0,1,3,0,34,0.0
262144,CanonicalPPO,404,severe_stress,0,1,4,0,34,0.0
262144,CanonicalPPO,404,severe_stress,1,0,0,127,127,1.0
262144,CanonicalPPO,404,severe_stress,1,0,1,0,127,0.0
262144,CanonicalPPO,404,severe_stress,1,0,2,0,127,0.0
262144,CanonicalPPO,404,severe_stress,1,0,3,0,127,0.0
262144,CanonicalPPO,404,severe_stress,1,0,4,0,127,0.0
262144,CanonicalPPO,404,severe_stress,1,1,0,194,216,0.8981481481481481
262144,CanonicalPPO,404,severe_stress,1,1,1,21,216,0.09722222222222222
262144,CanonicalPPO,404,severe_stress,1,1,2,0,216,0.0
262144,CanonicalPPO,404,severe_stress,1,1,3,1,216,0.004629629629629629
262144,CanonicalPPO,404,severe_stress,1,1,4,0,216,0.0
262144,CanonicalPPO,404,severe_stress,1,2,0,30,32,0.9375
262144,CanonicalPPO,404,severe_stress,1,2,1,2,32,0.0625
262144,CanonicalPPO,404,severe_stress,1,2,2,0,32,0.0
262144,CanonicalPPO,404,severe_stress,1,2,3,0,32,0.0
262144,CanonicalPPO,404,severe_stress,1,2,4,0,32,0.0
262144,CanonicalPPO,404,severe_stress,2,0,0,58,58,1.0
262144,CanonicalPPO,404,severe_stress,2,0,1,0,58,0.0
262144,CanonicalPPO,404,severe_stress,2,0,2,0,58,0.0
262144,CanonicalPPO,404,severe_stress,2,0,3,0,58,0.0
262144,CanonicalPPO,404,severe_stress,2,0,4,0,58,0.0
262144,CanonicalPPO,404,severe_stress,2,1,0,246,261,0.9425287356321839
262144,CanonicalPPO,404,severe_stress,2,1,1,15,261,0.05747126436781609
262144,CanonicalPPO,404,severe_stress,2,1,2,0,261,0.0
262144,CanonicalPPO,404,severe_stress,2,1,3,0,261,0.0
262144,CanonicalPPO,404,severe_stress,2,1,4,0,261,0.0
262144,CanonicalPPO,404,severe_stress,2,2,0,190,313,0.6070287539936102
262144,CanonicalPPO,404,severe_stress,2,2,1,123,313,0.3929712460063898
262144,CanonicalPPO,404,severe_stress,2,2,2,0,313,0.0
262144,CanonicalPPO,404,severe_stress,2,2,3,0,313,0.0
262144,CanonicalPPO,404,severe_stress,2,2,4,0,313,0.0
262144,CanonicalPPO,505,severe_stress,0,0,0,12,17,0.7058823529411765
262144,CanonicalPPO,505,severe_stress,0,0,1,5,17,0.29411764705882354
262144,CanonicalPPO,505,severe_stress,0,0,2,0,17,0.0
262144,CanonicalPPO,505,severe_stress,0,0,3,0,17,0.0
262144,CanonicalPPO,505,severe_stress,0,0,4,0,17,0.0
262144,CanonicalPPO,505,severe_stress,0,1,0,14,35,0.4
262144,CanonicalPPO,505,severe_stress,0,1,1,21,35,0.6
262144,CanonicalPPO,505,severe_stress,0,1,2,0,35,0.0
262144,CanonicalPPO,505,severe_stress,0,1,3,0,35,0.0
262144,CanonicalPPO,505,severe_stress,0,1,4,0,35,0.0
262144,CanonicalPPO,505,severe_stress,0,2,0,0,1,0.0
262144,CanonicalPPO,505,severe_stress,0,2,1,1,1,1.0
262144,CanonicalPPO,505,severe_stress,0,2,2,0,1,0.0
262144,CanonicalPPO,505,severe_stress,0,2,3,0,1,0.0
262144,CanonicalPPO,505,severe_stress,0,2,4,0,1,0.0
262144,CanonicalPPO,505,severe_stress,1,0,0,127,127,1.0
262144,CanonicalPPO,505,severe_stress,1,0,1,0,127,0.0
262144,CanonicalPPO,505,severe_stress,1,0,2,0,127,0.0
262144,CanonicalPPO,505,severe_stress,1,0,3,0,127,0.0
262144,CanonicalPPO,505,severe_stress,1,0,4,0,127,0.0
262144,CanonicalPPO,505,severe_stress,1,1,0,140,257,0.5447470817120622
262144,CanonicalPPO,505,severe_stress,1,1,1,117,257,0.45525291828793774
262144,CanonicalPPO,505,severe_stress,1,1,2,0,257,0.0
262144,CanonicalPPO,505,severe_stress,1,1,3,0,257,0.0
262144,CanonicalPPO,505,severe_stress,1,1,4,0,257,0.0
262144,CanonicalPPO,505,severe_stress,1,2,0,5,11,0.45454545454545453
262144,CanonicalPPO,505,severe_stress,1,2,1,6,11,0.5454545454545454
262144,CanonicalPPO,505,severe_stress,1,2,2,0,11,0.0
262144,CanonicalPPO,505,severe_stress,1,2,3,0,11,0.0
262144,CanonicalPPO,505,severe_stress,1,2,4,0,11,0.0
262144,CanonicalPPO,505,severe_stress,2,0,0,58,58,1.0
262144,CanonicalPPO,505,severe_stress,2,0,1,0,58,0.0
262144,CanonicalPPO,505,severe_stress,2,0,2,0,58,0.0
262144,CanonicalPPO,505,severe_stress,2,0,3,0,58,0.0
262144,CanonicalPPO,505,severe_stress,2,0,4,0,58,0.0
262144,CanonicalPPO,505,severe_stress,2,1,0,193,295,0.6542372881355932
262144,CanonicalPPO,505,severe_stress,2,1,1,102,295,0.34576271186440677
262144,CanonicalPPO,505,severe_stress,2,1,2,0,295,0.0
262144,CanonicalPPO,505,severe_stress,2,1,3,0,295,0.0
262144,CanonicalPPO,505,severe_stress,2,1,4,0,295,0.0
262144,CanonicalPPO,505,severe_stress,2,2,0,46,320,0.14375
262144,CanonicalPPO,505,severe_stress,2,2,1,274,320,0.85625
262144,CanonicalPPO,505,severe_stress,2,2,2,0,320,0.0
262144,CanonicalPPO,505,severe_stress,2,2,3,0,320,0.0
262144,CanonicalPPO,505,severe_stress,2,2,4,0,320,0.0
262144,MyopicEconomic,101,severe_stress,0,0,0,14,118,0.11864406779661017
262144,MyopicEconomic,101,severe_stress,0,0,1,10,118,0.0847457627118644
262144,MyopicEconomic,101,severe_stress,0,0,2,21,118,0.17796610169491525
262144,MyopicEconomic,101,severe_stress,0,0,3,5,118,0.0423728813559322
262144,MyopicEconomic,101,severe_stress,0,0,4,68,118,0.576271186440678
262144,MyopicEconomic,101,severe_stress,0,1,0,0,7,0.0
262144,MyopicEconomic,101,severe_stress,0,1,1,0,7,0.0
262144,MyopicEconomic,101,severe_stress,0,1,2,0,7,0.0
262144,MyopicEconomic,101,severe_stress,0,1,3,0,7,0.0
262144,MyopicEconomic,101,severe_stress,0,1,4,7,7,1.0
262144,MyopicEconomic,101,severe_stress,1,0,0,25,403,0.062034739454094295
262144,MyopicEconomic,101,severe_stress,1,0,1,22,403,0.05459057071960298
262144,MyopicEconomic,101,severe_stress,1,0,2,90,403,0.22332506203473945
262144,MyopicEconomic,101,severe_stress,1,0,3,29,403,0.07196029776674938
262144,MyopicEconomic,101,severe_stress,1,0,4,237,403,0.5880893300248139
262144,MyopicEconomic,101,severe_stress,1,1,0,27,70,0.38571428571428573
262144,MyopicEconomic,101,severe_stress,1,1,1,0,70,0.0
262144,MyopicEconomic,101,severe_stress,1,1,2,6,70,0.08571428571428572
262144,MyopicEconomic,101,severe_stress,1,1,3,0,70,0.0
262144,MyopicEconomic,101,severe_stress,1,1,4,37,70,0.5285714285714286
262144,MyopicEconomic,101,severe_stress,1,2,0,0,2,0.0
262144,MyopicEconomic,101,severe_stress,1,2,1,0,2,0.0
262144,MyopicEconomic,101,severe_stress,1,2,2,0,2,0.0
262144,MyopicEconomic,101,severe_stress,1,2,3,0,2,0.0
262144,MyopicEconomic,101,severe_stress,1,2,4,2,2,1.0
262144,MyopicEconomic,101,severe_stress,2,0,0,7,682,0.010263929618768328
262144,MyopicEconomic,101,severe_stress,2,0,1,3,682,0.004398826979472141
262144,MyopicEconomic,101,severe_stress,2,0,2,405,682,0.593841642228739
262144,MyopicEconomic,101,severe_stress,2,0,3,29,682,0.04252199413489736
262144,MyopicEconomic,101,severe_stress,2,0,4,238,682,0.3489736070381232
262144,MyopicEconomic,101,severe_stress,2,1,0,51,189,0.2698412698412698
262144,MyopicEconomic,101,severe_stress,2,1,1,16,189,0.08465608465608465
262144,MyopicEconomic,101,severe_stress,2,1,2,63,189,0.3333333333333333
262144,MyopicEconomic,101,severe_stress,2,1,3,3,189,0.015873015873015872
262144,MyopicEconomic,101,severe_stress,2,1,4,56,189,0.2962962962962963
262144,MyopicEconomic,101,severe_stress,2,2,0,0,24,0.0
262144,MyopicEconomic,101,severe_stress,2,2,1,0,24,0.0
262144,MyopicEconomic,101,severe_stress,2,2,2,7,24,0.2916666666666667
262144,MyopicEconomic,101,severe_stress,2,2,3,0,24,0.0
262144,MyopicEconomic,101,severe_stress,2,2,4,17,24,0.7083333333333334
262144,MyopicEconomic,202,severe_stress,0,0,0,14,118,0.11864406779661017
262144,MyopicEconomic,202,severe_stress,0,0,1,10,118,0.0847457627118644
262144,MyopicEconomic,202,severe_stress,0,0,2,21,118,0.17796610169491525
262144,MyopicEconomic,202,severe_stress,0,0,3,5,118,0.0423728813559322
262144,MyopicEconomic,202,severe_stress,0,0,4,68,118,0.576271186440678
262144,MyopicEconomic,202,severe_stress,0,1,0,0,7,0.0
262144,MyopicEconomic,202,severe_stress,0,1,1,0,7,0.0
262144,MyopicEconomic,202,severe_stress,0,1,2,0,7,0.0
262144,MyopicEconomic,202,severe_stress,0,1,3,0,7,0.0
262144,MyopicEconomic,202,severe_stress,0,1,4,7,7,1.0
262144,MyopicEconomic,202,severe_stress,1,0,0,25,403,0.062034739454094295
262144,MyopicEconomic,202,severe_stress,1,0,1,22,403,0.05459057071960298
262144,MyopicEconomic,202,severe_stress,1,0,2,90,403,0.22332506203473945
262144,MyopicEconomic,202,severe_stress,1,0,3,29,403,0.07196029776674938
262144,MyopicEconomic,202,severe_stress,1,0,4,237,403,0.5880893300248139
262144,MyopicEconomic,202,severe_stress,1,1,0,27,70,0.38571428571428573
262144,MyopicEconomic,202,severe_stress,1,1,1,0,70,0.0
262144,MyopicEconomic,202,severe_stress,1,1,2,6,70,0.08571428571428572
262144,MyopicEconomic,202,severe_stress,1,1,3,0,70,0.0
262144,MyopicEconomic,202,severe_stress,1,1,4,37,70,0.5285714285714286
262144,MyopicEconomic,202,severe_stress,1,2,0,0,2,0.0
262144,MyopicEconomic,202,severe_stress,1,2,1,0,2,0.0
262144,MyopicEconomic,202,severe_stress,1,2,2,0,2,0.0
262144,MyopicEconomic,202,severe_stress,1,2,3,0,2,0.0
262144,MyopicEconomic,202,severe_stress,1,2,4,2,2,1.0
262144,MyopicEconomic,202,severe_stress,2,0,0,7,682,0.010263929618768328
262144,MyopicEconomic,202,severe_stress,2,0,1,3,682,0.004398826979472141
262144,MyopicEconomic,202,severe_stress,2,0,2,405,682,0.593841642228739
262144,MyopicEconomic,202,severe_stress,2,0,3,29,682,0.04252199413489736
262144,MyopicEconomic,202,severe_stress,2,0,4,238,682,0.3489736070381232
262144,MyopicEconomic,202,severe_stress,2,1,0,51,189,0.2698412698412698
262144,MyopicEconomic,202,severe_stress,2,1,1,16,189,0.08465608465608465
262144,MyopicEconomic,202,severe_stress,2,1,2,63,189,0.3333333333333333
262144,MyopicEconomic,202,severe_stress,2,1,3,3,189,0.015873015873015872
262144,MyopicEconomic,202,severe_stress,2,1,4,56,189,0.2962962962962963
262144,MyopicEconomic,202,severe_stress,2,2,0,0,24,0.0
262144,MyopicEconomic,202,severe_stress,2,2,1,0,24,0.0
262144,MyopicEconomic,202,severe_stress,2,2,2,7,24,0.2916666666666667
262144,MyopicEconomic,202,severe_stress,2,2,3,0,24,0.0
262144,MyopicEconomic,202,severe_stress,2,2,4,17,24,0.7083333333333334
262144,MyopicEconomic,303,severe_stress,0,0,0,14,118,0.11864406779661017
262144,MyopicEconomic,303,severe_stress,0,0,1,10,118,0.0847457627118644
262144,MyopicEconomic,303,severe_stress,0,0,2,21,118,0.17796610169491525
262144,MyopicEconomic,303,severe_stress,0,0,3,5,118,0.0423728813559322
262144,MyopicEconomic,303,severe_stress,0,0,4,68,118,0.576271186440678
262144,MyopicEconomic,303,severe_stress,0,1,0,0,7,0.0
262144,MyopicEconomic,303,severe_stress,0,1,1,0,7,0.0
262144,MyopicEconomic,303,severe_stress,0,1,2,0,7,0.0
262144,MyopicEconomic,303,severe_stress,0,1,3,0,7,0.0
262144,MyopicEconomic,303,severe_stress,0,1,4,7,7,1.0
262144,MyopicEconomic,303,severe_stress,1,0,0,25,403,0.062034739454094295
262144,MyopicEconomic,303,severe_stress,1,0,1,22,403,0.05459057071960298
262144,MyopicEconomic,303,severe_stress,1,0,2,90,403,0.22332506203473945
262144,MyopicEconomic,303,severe_stress,1,0,3,29,403,0.07196029776674938
262144,MyopicEconomic,303,severe_stress,1,0,4,237,403,0.5880893300248139
262144,MyopicEconomic,303,severe_stress,1,1,0,27,70,0.38571428571428573
262144,MyopicEconomic,303,severe_stress,1,1,1,0,70,0.0
262144,MyopicEconomic,303,severe_stress,1,1,2,6,70,0.08571428571428572
262144,MyopicEconomic,303,severe_stress,1,1,3,0,70,0.0
262144,MyopicEconomic,303,severe_stress,1,1,4,37,70,0.5285714285714286
262144,MyopicEconomic,303,severe_stress,1,2,0,0,2,0.0
262144,MyopicEconomic,303,severe_stress,1,2,1,0,2,0.0
262144,MyopicEconomic,303,severe_stress,1,2,2,0,2,0.0
262144,MyopicEconomic,303,severe_stress,1,2,3,0,2,0.0
262144,MyopicEconomic,303,severe_stress,1,2,4,2,2,1.0
262144,MyopicEconomic,303,severe_stress,2,0,0,7,682,0.010263929618768328
262144,MyopicEconomic,303,severe_stress,2,0,1,3,682,0.004398826979472141
262144,MyopicEconomic,303,severe_stress,2,0,2,405,682,0.593841642228739
262144,MyopicEconomic,303,severe_stress,2,0,3,29,682,0.04252199413489736
262144,MyopicEconomic,303,severe_stress,2,0,4,238,682,0.3489736070381232
262144,MyopicEconomic,303,severe_stress,2,1,0,51,189,0.2698412698412698
262144,MyopicEconomic,303,severe_stress,2,1,1,16,189,0.08465608465608465
262144,MyopicEconomic,303,severe_stress,2,1,2,63,189,0.3333333333333333
262144,MyopicEconomic,303,severe_stress,2,1,3,3,189,0.015873015873015872
262144,MyopicEconomic,303,severe_stress,2,1,4,56,189,0.2962962962962963
262144,MyopicEconomic,303,severe_stress,2,2,0,0,24,0.0
262144,MyopicEconomic,303,severe_stress,2,2,1,0,24,0.0
262144,MyopicEconomic,303,severe_stress,2,2,2,7,24,0.2916666666666667
262144,MyopicEconomic,303,severe_stress,2,2,3,0,24,0.0
262144,MyopicEconomic,303,severe_stress,2,2,4,17,24,0.7083333333333334
262144,MyopicEconomic,404,severe_stress,0,0,0,14,118,0.11864406779661017
262144,MyopicEconomic,404,severe_stress,0,0,1,10,118,0.0847457627118644
262144,MyopicEconomic,404,severe_stress,0,0,2,21,118,0.17796610169491525
262144,MyopicEconomic,404,severe_stress,0,0,3,5,118,0.0423728813559322
262144,MyopicEconomic,404,severe_stress,0,0,4,68,118,0.576271186440678
262144,MyopicEconomic,404,severe_stress,0,1,0,0,7,0.0
262144,MyopicEconomic,404,severe_stress,0,1,1,0,7,0.0
262144,MyopicEconomic,404,severe_stress,0,1,2,0,7,0.0
262144,MyopicEconomic,404,severe_stress,0,1,3,0,7,0.0
262144,MyopicEconomic,404,severe_stress,0,1,4,7,7,1.0
262144,MyopicEconomic,404,severe_stress,1,0,0,25,403,0.062034739454094295
262144,MyopicEconomic,404,severe_stress,1,0,1,22,403,0.05459057071960298
262144,MyopicEconomic,404,severe_stress,1,0,2,90,403,0.22332506203473945
262144,MyopicEconomic,404,severe_stress,1,0,3,29,403,0.07196029776674938
262144,MyopicEconomic,404,severe_stress,1,0,4,237,403,0.5880893300248139
262144,MyopicEconomic,404,severe_stress,1,1,0,27,70,0.38571428571428573
262144,MyopicEconomic,404,severe_stress,1,1,1,0,70,0.0
262144,MyopicEconomic,404,severe_stress,1,1,2,6,70,0.08571428571428572
262144,MyopicEconomic,404,severe_stress,1,1,3,0,70,0.0
262144,MyopicEconomic,404,severe_stress,1,1,4,37,70,0.5285714285714286
262144,MyopicEconomic,404,severe_stress,1,2,0,0,2,0.0
262144,MyopicEconomic,404,severe_stress,1,2,1,0,2,0.0
262144,MyopicEconomic,404,severe_stress,1,2,2,0,2,0.0
262144,MyopicEconomic,404,severe_stress,1,2,3,0,2,0.0
262144,MyopicEconomic,404,severe_stress,1,2,4,2,2,1.0
262144,MyopicEconomic,404,severe_stress,2,0,0,7,682,0.010263929618768328
262144,MyopicEconomic,404,severe_stress,2,0,1,3,682,0.004398826979472141
262144,MyopicEconomic,404,severe_stress,2,0,2,405,682,0.593841642228739
262144,MyopicEconomic,404,severe_stress,2,0,3,29,682,0.04252199413489736
262144,MyopicEconomic,404,severe_stress,2,0,4,238,682,0.3489736070381232
262144,MyopicEconomic,404,severe_stress,2,1,0,51,189,0.2698412698412698
262144,MyopicEconomic,404,severe_stress,2,1,1,16,189,0.08465608465608465
262144,MyopicEconomic,404,severe_stress,2,1,2,63,189,0.3333333333333333
262144,MyopicEconomic,404,severe_stress,2,1,3,3,189,0.015873015873015872
262144,MyopicEconomic,404,severe_stress,2,1,4,56,189,0.2962962962962963
262144,MyopicEconomic,404,severe_stress,2,2,0,0,24,0.0
262144,MyopicEconomic,404,severe_stress,2,2,1,0,24,0.0
262144,MyopicEconomic,404,severe_stress,2,2,2,7,24,0.2916666666666667
262144,MyopicEconomic,404,severe_stress,2,2,3,0,24,0.0
262144,MyopicEconomic,404,severe_stress,2,2,4,17,24,0.7083333333333334
262144,MyopicEconomic,505,severe_stress,0,0,0,14,118,0.11864406779661017
262144,MyopicEconomic,505,severe_stress,0,0,1,10,118,0.0847457627118644
262144,MyopicEconomic,505,severe_stress,0,0,2,21,118,0.17796610169491525
262144,MyopicEconomic,505,severe_stress,0,0,3,5,118,0.0423728813559322
262144,MyopicEconomic,505,severe_stress,0,0,4,68,118,0.576271186440678
262144,MyopicEconomic,505,severe_stress,0,1,0,0,7,0.0
262144,MyopicEconomic,505,severe_stress,0,1,1,0,7,0.0
262144,MyopicEconomic,505,severe_stress,0,1,2,0,7,0.0
262144,MyopicEconomic,505,severe_stress,0,1,3,0,7,0.0
262144,MyopicEconomic,505,severe_stress,0,1,4,7,7,1.0
262144,MyopicEconomic,505,severe_stress,1,0,0,25,403,0.062034739454094295
262144,MyopicEconomic,505,severe_stress,1,0,1,22,403,0.05459057071960298
262144,MyopicEconomic,505,severe_stress,1,0,2,90,403,0.22332506203473945
262144,MyopicEconomic,505,severe_stress,1,0,3,29,403,0.07196029776674938
262144,MyopicEconomic,505,severe_stress,1,0,4,237,403,0.5880893300248139
262144,MyopicEconomic,505,severe_stress,1,1,0,27,70,0.38571428571428573
262144,MyopicEconomic,505,severe_stress,1,1,1,0,70,0.0
262144,MyopicEconomic,505,severe_stress,1,1,2,6,70,0.08571428571428572
262144,MyopicEconomic,505,severe_stress,1,1,3,0,70,0.0
262144,MyopicEconomic,505,severe_stress,1,1,4,37,70,0.5285714285714286
262144,MyopicEconomic,505,severe_stress,1,2,0,0,2,0.0
262144,MyopicEconomic,505,severe_stress,1,2,1,0,2,0.0
262144,MyopicEconomic,505,severe_stress,1,2,2,0,2,0.0
262144,MyopicEconomic,505,severe_stress,1,2,3,0,2,0.0
262144,MyopicEconomic,505,severe_stress,1,2,4,2,2,1.0
262144,MyopicEconomic,505,severe_stress,2,0,0,7,682,0.010263929618768328
262144,MyopicEconomic,505,severe_stress,2,0,1,3,682,0.004398826979472141
262144,MyopicEconomic,505,severe_stress,2,0,2,405,682,0.593841642228739
262144,MyopicEconomic,505,severe_stress,2,0,3,29,682,0.04252199413489736
262144,MyopicEconomic,505,severe_stress,2,0,4,238,682,0.3489736070381232
262144,MyopicEconomic,505,severe_stress,2,1,0,51,189,0.2698412698412698
262144,MyopicEconomic,505,severe_stress,2,1,1,16,189,0.08465608465608465
262144,MyopicEconomic,505,severe_stress,2,1,2,63,189,0.3333333333333333
262144,MyopicEconomic,505,severe_stress,2,1,3,3,189,0.015873015873015872
262144,MyopicEconomic,505,severe_stress,2,1,4,56,189,0.2962962962962963
262144,MyopicEconomic,505,severe_stress,2,2,0,0,24,0.0
262144,MyopicEconomic,505,severe_stress,2,2,1,0,24,0.0
262144,MyopicEconomic,505,severe_stress,2,2,2,7,24,0.2916666666666667
262144,MyopicEconomic,505,severe_stress,2,2,3,0,24,0.0
262144,MyopicEconomic,505,severe_stress,2,2,4,17,24,0.7083333333333334
262144,ObservationPlanner,101,severe_stress,0,0,0,14,16,0.875
262144,ObservationPlanner,101,severe_stress,0,0,1,1,16,0.0625
262144,ObservationPlanner,101,severe_stress,0,0,2,0,16,0.0
262144,ObservationPlanner,101,severe_stress,0,0,3,1,16,0.0625
262144,ObservationPlanner,101,severe_stress,0,0,4,0,16,0.0
262144,ObservationPlanner,101,severe_stress,0,1,0,24,42,0.5714285714285714
262144,ObservationPlanner,101,severe_stress,0,1,1,4,42,0.09523809523809523
262144,ObservationPlanner,101,severe_stress,0,1,2,0,42,0.0
262144,ObservationPlanner,101,severe_stress,0,1,3,4,42,0.09523809523809523
262144,ObservationPlanner,101,severe_stress,0,1,4,10,42,0.23809523809523808
262144,ObservationPlanner,101,severe_stress,0,2,0,0,1,0.0
262144,ObservationPlanner,101,severe_stress,0,2,1,0,1,0.0
262144,ObservationPlanner,101,severe_stress,0,2,2,1,1,1.0
262144,ObservationPlanner,101,severe_stress,0,2,3,0,1,0.0
262144,ObservationPlanner,101,severe_stress,0,2,4,0,1,0.0
262144,ObservationPlanner,101,severe_stress,1,0,0,127,127,1.0
262144,ObservationPlanner,101,severe_stress,1,0,1,0,127,0.0
262144,ObservationPlanner,101,severe_stress,1,0,2,0,127,0.0
262144,ObservationPlanner,101,severe_stress,1,0,3,0,127,0.0
262144,ObservationPlanner,101,severe_stress,1,0,4,0,127,0.0
262144,ObservationPlanner,101,severe_stress,1,1,0,208,253,0.8221343873517787
262144,ObservationPlanner,101,severe_stress,1,1,1,15,253,0.05928853754940711
262144,ObservationPlanner,101,severe_stress,1,1,2,19,253,0.07509881422924901
262144,ObservationPlanner,101,severe_stress,1,1,3,3,253,0.011857707509881422
262144,ObservationPlanner,101,severe_stress,1,1,4,8,253,0.03162055335968379
262144,ObservationPlanner,101,severe_stress,1,2,0,7,36,0.19444444444444445
262144,ObservationPlanner,101,severe_stress,1,2,1,21,36,0.5833333333333334
262144,ObservationPlanner,101,severe_stress,1,2,2,4,36,0.1111111111111111
262144,ObservationPlanner,101,severe_stress,1,2,3,1,36,0.027777777777777776
262144,ObservationPlanner,101,severe_stress,1,2,4,3,36,0.08333333333333333
262144,ObservationPlanner,101,severe_stress,2,0,0,55,58,0.9482758620689655
262144,ObservationPlanner,101,severe_stress,2,0,1,3,58,0.05172413793103448
262144,ObservationPlanner,101,severe_stress,2,0,2,0,58,0.0
262144,ObservationPlanner,101,severe_stress,2,0,3,0,58,0.0
262144,ObservationPlanner,101,severe_stress,2,0,4,0,58,0.0
262144,ObservationPlanner,101,severe_stress,2,1,0,242,271,0.8929889298892989
262144,ObservationPlanner,101,severe_stress,2,1,1,7,271,0.025830258302583026
262144,ObservationPlanner,101,severe_stress,2,1,2,21,271,0.07749077490774908
262144,ObservationPlanner,101,severe_stress,2,1,3,1,271,0.0036900369003690036
262144,ObservationPlanner,101,severe_stress,2,1,4,0,271,0.0
262144,ObservationPlanner,101,severe_stress,2,2,0,146,323,0.4520123839009288
262144,ObservationPlanner,101,severe_stress,2,2,1,91,323,0.28173374613003094
262144,ObservationPlanner,101,severe_stress,2,2,2,64,323,0.19814241486068113
262144,ObservationPlanner,101,severe_stress,2,2,3,16,323,0.04953560371517028
262144,ObservationPlanner,101,severe_stress,2,2,4,6,323,0.018575851393188854
262144,ObservationPlanner,202,severe_stress,0,0,0,14,16,0.875
262144,ObservationPlanner,202,severe_stress,0,0,1,1,16,0.0625
262144,ObservationPlanner,202,severe_stress,0,0,2,0,16,0.0
262144,ObservationPlanner,202,severe_stress,0,0,3,1,16,0.0625
262144,ObservationPlanner,202,severe_stress,0,0,4,0,16,0.0
262144,ObservationPlanner,202,severe_stress,0,1,0,24,42,0.5714285714285714
262144,ObservationPlanner,202,severe_stress,0,1,1,4,42,0.09523809523809523
262144,ObservationPlanner,202,severe_stress,0,1,2,0,42,0.0
262144,ObservationPlanner,202,severe_stress,0,1,3,4,42,0.09523809523809523
262144,ObservationPlanner,202,severe_stress,0,1,4,10,42,0.23809523809523808
262144,ObservationPlanner,202,severe_stress,0,2,0,0,1,0.0
262144,ObservationPlanner,202,severe_stress,0,2,1,0,1,0.0
262144,ObservationPlanner,202,severe_stress,0,2,2,1,1,1.0
262144,ObservationPlanner,202,severe_stress,0,2,3,0,1,0.0
262144,ObservationPlanner,202,severe_stress,0,2,4,0,1,0.0
262144,ObservationPlanner,202,severe_stress,1,0,0,127,127,1.0
262144,ObservationPlanner,202,severe_stress,1,0,1,0,127,0.0
262144,ObservationPlanner,202,severe_stress,1,0,2,0,127,0.0
262144,ObservationPlanner,202,severe_stress,1,0,3,0,127,0.0
262144,ObservationPlanner,202,severe_stress,1,0,4,0,127,0.0
262144,ObservationPlanner,202,severe_stress,1,1,0,208,253,0.8221343873517787
262144,ObservationPlanner,202,severe_stress,1,1,1,15,253,0.05928853754940711
262144,ObservationPlanner,202,severe_stress,1,1,2,19,253,0.07509881422924901
262144,ObservationPlanner,202,severe_stress,1,1,3,3,253,0.011857707509881422
262144,ObservationPlanner,202,severe_stress,1,1,4,8,253,0.03162055335968379
262144,ObservationPlanner,202,severe_stress,1,2,0,7,36,0.19444444444444445
262144,ObservationPlanner,202,severe_stress,1,2,1,21,36,0.5833333333333334
262144,ObservationPlanner,202,severe_stress,1,2,2,4,36,0.1111111111111111
262144,ObservationPlanner,202,severe_stress,1,2,3,1,36,0.027777777777777776
262144,ObservationPlanner,202,severe_stress,1,2,4,3,36,0.08333333333333333
262144,ObservationPlanner,202,severe_stress,2,0,0,55,58,0.9482758620689655
262144,ObservationPlanner,202,severe_stress,2,0,1,3,58,0.05172413793103448
262144,ObservationPlanner,202,severe_stress,2,0,2,0,58,0.0
262144,ObservationPlanner,202,severe_stress,2,0,3,0,58,0.0
262144,ObservationPlanner,202,severe_stress,2,0,4,0,58,0.0
262144,ObservationPlanner,202,severe_stress,2,1,0,242,271,0.8929889298892989
262144,ObservationPlanner,202,severe_stress,2,1,1,7,271,0.025830258302583026
262144,ObservationPlanner,202,severe_stress,2,1,2,21,271,0.07749077490774908
262144,ObservationPlanner,202,severe_stress,2,1,3,1,271,0.0036900369003690036
262144,ObservationPlanner,202,severe_stress,2,1,4,0,271,0.0
262144,ObservationPlanner,202,severe_stress,2,2,0,146,323,0.4520123839009288
262144,ObservationPlanner,202,severe_stress,2,2,1,91,323,0.28173374613003094
262144,ObservationPlanner,202,severe_stress,2,2,2,64,323,0.19814241486068113
262144,ObservationPlanner,202,severe_stress,2,2,3,16,323,0.04953560371517028
262144,ObservationPlanner,202,severe_stress,2,2,4,6,323,0.018575851393188854
262144,ObservationPlanner,303,severe_stress,0,0,0,14,16,0.875
262144,ObservationPlanner,303,severe_stress,0,0,1,1,16,0.0625
262144,ObservationPlanner,303,severe_stress,0,0,2,0,16,0.0
262144,ObservationPlanner,303,severe_stress,0,0,3,1,16,0.0625
262144,ObservationPlanner,303,severe_stress,0,0,4,0,16,0.0
262144,ObservationPlanner,303,severe_stress,0,1,0,24,42,0.5714285714285714
262144,ObservationPlanner,303,severe_stress,0,1,1,4,42,0.09523809523809523
262144,ObservationPlanner,303,severe_stress,0,1,2,0,42,0.0
262144,ObservationPlanner,303,severe_stress,0,1,3,4,42,0.09523809523809523
262144,ObservationPlanner,303,severe_stress,0,1,4,10,42,0.23809523809523808
262144,ObservationPlanner,303,severe_stress,0,2,0,0,1,0.0
262144,ObservationPlanner,303,severe_stress,0,2,1,0,1,0.0
262144,ObservationPlanner,303,severe_stress,0,2,2,1,1,1.0
262144,ObservationPlanner,303,severe_stress,0,2,3,0,1,0.0
262144,ObservationPlanner,303,severe_stress,0,2,4,0,1,0.0
262144,ObservationPlanner,303,severe_stress,1,0,0,127,127,1.0
262144,ObservationPlanner,303,severe_stress,1,0,1,0,127,0.0
262144,ObservationPlanner,303,severe_stress,1,0,2,0,127,0.0
262144,ObservationPlanner,303,severe_stress,1,0,3,0,127,0.0
262144,ObservationPlanner,303,severe_stress,1,0,4,0,127,0.0
262144,ObservationPlanner,303,severe_stress,1,1,0,208,253,0.8221343873517787
262144,ObservationPlanner,303,severe_stress,1,1,1,15,253,0.05928853754940711
262144,ObservationPlanner,303,severe_stress,1,1,2,19,253,0.07509881422924901
262144,ObservationPlanner,303,severe_stress,1,1,3,3,253,0.011857707509881422
262144,ObservationPlanner,303,severe_stress,1,1,4,8,253,0.03162055335968379
262144,ObservationPlanner,303,severe_stress,1,2,0,7,36,0.19444444444444445
262144,ObservationPlanner,303,severe_stress,1,2,1,21,36,0.5833333333333334
262144,ObservationPlanner,303,severe_stress,1,2,2,4,36,0.1111111111111111
262144,ObservationPlanner,303,severe_stress,1,2,3,1,36,0.027777777777777776
262144,ObservationPlanner,303,severe_stress,1,2,4,3,36,0.08333333333333333
262144,ObservationPlanner,303,severe_stress,2,0,0,55,58,0.9482758620689655
262144,ObservationPlanner,303,severe_stress,2,0,1,3,58,0.05172413793103448
262144,ObservationPlanner,303,severe_stress,2,0,2,0,58,0.0
262144,ObservationPlanner,303,severe_stress,2,0,3,0,58,0.0
262144,ObservationPlanner,303,severe_stress,2,0,4,0,58,0.0
262144,ObservationPlanner,303,severe_stress,2,1,0,242,271,0.8929889298892989
262144,ObservationPlanner,303,severe_stress,2,1,1,7,271,0.025830258302583026
262144,ObservationPlanner,303,severe_stress,2,1,2,21,271,0.07749077490774908
262144,ObservationPlanner,303,severe_stress,2,1,3,1,271,0.0036900369003690036
262144,ObservationPlanner,303,severe_stress,2,1,4,0,271,0.0
262144,ObservationPlanner,303,severe_stress,2,2,0,146,323,0.4520123839009288
262144,ObservationPlanner,303,severe_stress,2,2,1,91,323,0.28173374613003094
262144,ObservationPlanner,303,severe_stress,2,2,2,64,323,0.19814241486068113
262144,ObservationPlanner,303,severe_stress,2,2,3,16,323,0.04953560371517028
262144,ObservationPlanner,303,severe_stress,2,2,4,6,323,0.018575851393188854
262144,ObservationPlanner,404,severe_stress,0,0,0,14,16,0.875
262144,ObservationPlanner,404,severe_stress,0,0,1,1,16,0.0625
262144,ObservationPlanner,404,severe_stress,0,0,2,0,16,0.0
262144,ObservationPlanner,404,severe_stress,0,0,3,1,16,0.0625
262144,ObservationPlanner,404,severe_stress,0,0,4,0,16,0.0
262144,ObservationPlanner,404,severe_stress,0,1,0,24,42,0.5714285714285714
262144,ObservationPlanner,404,severe_stress,0,1,1,4,42,0.09523809523809523
262144,ObservationPlanner,404,severe_stress,0,1,2,0,42,0.0
262144,ObservationPlanner,404,severe_stress,0,1,3,4,42,0.09523809523809523
262144,ObservationPlanner,404,severe_stress,0,1,4,10,42,0.23809523809523808
262144,ObservationPlanner,404,severe_stress,0,2,0,0,1,0.0
262144,ObservationPlanner,404,severe_stress,0,2,1,0,1,0.0
262144,ObservationPlanner,404,severe_stress,0,2,2,1,1,1.0
262144,ObservationPlanner,404,severe_stress,0,2,3,0,1,0.0
262144,ObservationPlanner,404,severe_stress,0,2,4,0,1,0.0
262144,ObservationPlanner,404,severe_stress,1,0,0,127,127,1.0
262144,ObservationPlanner,404,severe_stress,1,0,1,0,127,0.0
262144,ObservationPlanner,404,severe_stress,1,0,2,0,127,0.0
262144,ObservationPlanner,404,severe_stress,1,0,3,0,127,0.0
262144,ObservationPlanner,404,severe_stress,1,0,4,0,127,0.0
262144,ObservationPlanner,404,severe_stress,1,1,0,208,253,0.8221343873517787
262144,ObservationPlanner,404,severe_stress,1,1,1,15,253,0.05928853754940711
262144,ObservationPlanner,404,severe_stress,1,1,2,19,253,0.07509881422924901
262144,ObservationPlanner,404,severe_stress,1,1,3,3,253,0.011857707509881422
262144,ObservationPlanner,404,severe_stress,1,1,4,8,253,0.03162055335968379
262144,ObservationPlanner,404,severe_stress,1,2,0,7,36,0.19444444444444445
262144,ObservationPlanner,404,severe_stress,1,2,1,21,36,0.5833333333333334
262144,ObservationPlanner,404,severe_stress,1,2,2,4,36,0.1111111111111111
262144,ObservationPlanner,404,severe_stress,1,2,3,1,36,0.027777777777777776
262144,ObservationPlanner,404,severe_stress,1,2,4,3,36,0.08333333333333333
262144,ObservationPlanner,404,severe_stress,2,0,0,55,58,0.9482758620689655
262144,ObservationPlanner,404,severe_stress,2,0,1,3,58,0.05172413793103448
262144,ObservationPlanner,404,severe_stress,2,0,2,0,58,0.0
262144,ObservationPlanner,404,severe_stress,2,0,3,0,58,0.0
262144,ObservationPlanner,404,severe_stress,2,0,4,0,58,0.0
262144,ObservationPlanner,404,severe_stress,2,1,0,242,271,0.8929889298892989
262144,ObservationPlanner,404,severe_stress,2,1,1,7,271,0.025830258302583026
262144,ObservationPlanner,404,severe_stress,2,1,2,21,271,0.07749077490774908
262144,ObservationPlanner,404,severe_stress,2,1,3,1,271,0.0036900369003690036
262144,ObservationPlanner,404,severe_stress,2,1,4,0,271,0.0
262144,ObservationPlanner,404,severe_stress,2,2,0,146,323,0.4520123839009288
262144,ObservationPlanner,404,severe_stress,2,2,1,91,323,0.28173374613003094
262144,ObservationPlanner,404,severe_stress,2,2,2,64,323,0.19814241486068113
262144,ObservationPlanner,404,severe_stress,2,2,3,16,323,0.04953560371517028
262144,ObservationPlanner,404,severe_stress,2,2,4,6,323,0.018575851393188854
262144,ObservationPlanner,505,severe_stress,0,0,0,14,16,0.875
262144,ObservationPlanner,505,severe_stress,0,0,1,1,16,0.0625
262144,ObservationPlanner,505,severe_stress,0,0,2,0,16,0.0
262144,ObservationPlanner,505,severe_stress,0,0,3,1,16,0.0625
262144,ObservationPlanner,505,severe_stress,0,0,4,0,16,0.0
262144,ObservationPlanner,505,severe_stress,0,1,0,24,42,0.5714285714285714
262144,ObservationPlanner,505,severe_stress,0,1,1,4,42,0.09523809523809523
262144,ObservationPlanner,505,severe_stress,0,1,2,0,42,0.0
262144,ObservationPlanner,505,severe_stress,0,1,3,4,42,0.09523809523809523
262144,ObservationPlanner,505,severe_stress,0,1,4,10,42,0.23809523809523808
262144,ObservationPlanner,505,severe_stress,0,2,0,0,1,0.0
262144,ObservationPlanner,505,severe_stress,0,2,1,0,1,0.0
262144,ObservationPlanner,505,severe_stress,0,2,2,1,1,1.0
262144,ObservationPlanner,505,severe_stress,0,2,3,0,1,0.0
262144,ObservationPlanner,505,severe_stress,0,2,4,0,1,0.0
262144,ObservationPlanner,505,severe_stress,1,0,0,127,127,1.0
262144,ObservationPlanner,505,severe_stress,1,0,1,0,127,0.0
262144,ObservationPlanner,505,severe_stress,1,0,2,0,127,0.0
262144,ObservationPlanner,505,severe_stress,1,0,3,0,127,0.0
262144,ObservationPlanner,505,severe_stress,1,0,4,0,127,0.0
262144,ObservationPlanner,505,severe_stress,1,1,0,208,253,0.8221343873517787
262144,ObservationPlanner,505,severe_stress,1,1,1,15,253,0.05928853754940711
262144,ObservationPlanner,505,severe_stress,1,1,2,19,253,0.07509881422924901
262144,ObservationPlanner,505,severe_stress,1,1,3,3,253,0.011857707509881422
262144,ObservationPlanner,505,severe_stress,1,1,4,8,253,0.03162055335968379
262144,ObservationPlanner,505,severe_stress,1,2,0,7,36,0.19444444444444445
262144,ObservationPlanner,505,severe_stress,1,2,1,21,36,0.5833333333333334
262144,ObservationPlanner,505,severe_stress,1,2,2,4,36,0.1111111111111111
262144,ObservationPlanner,505,severe_stress,1,2,3,1,36,0.027777777777777776
262144,ObservationPlanner,505,severe_stress,1,2,4,3,36,0.08333333333333333
262144,ObservationPlanner,505,severe_stress,2,0,0,55,58,0.9482758620689655
262144,ObservationPlanner,505,severe_stress,2,0,1,3,58,0.05172413793103448
262144,ObservationPlanner,505,severe_stress,2,0,2,0,58,0.0
262144,ObservationPlanner,505,severe_stress,2,0,3,0,58,0.0
262144,ObservationPlanner,505,severe_stress,2,0,4,0,58,0.0
262144,ObservationPlanner,505,severe_stress,2,1,0,242,271,0.8929889298892989
262144,ObservationPlanner,505,severe_stress,2,1,1,7,271,0.025830258302583026
262144,ObservationPlanner,505,severe_stress,2,1,2,21,271,0.07749077490774908
262144,ObservationPlanner,505,severe_stress,2,1,3,1,271,0.0036900369003690036
262144,ObservationPlanner,505,severe_stress,2,1,4,0,271,0.0
262144,ObservationPlanner,505,severe_stress,2,2,0,146,323,0.4520123839009288
262144,ObservationPlanner,505,severe_stress,2,2,1,91,323,0.28173374613003094
262144,ObservationPlanner,505,severe_stress,2,2,2,64,323,0.19814241486068113
262144,ObservationPlanner,505,severe_stress,2,2,3,16,323,0.04953560371517028
262144,ObservationPlanner,505,severe_stress,2,2,4,6,323,0.018575851393188854
262144,PDThreshold,101,severe_stress,0,0,0,0,75,0.0
262144,PDThreshold,101,severe_stress,0,0,1,0,75,0.0
262144,PDThreshold,101,severe_stress,0,0,2,8,75,0.10666666666666667
262144,PDThreshold,101,severe_stress,0,0,3,67,75,0.8933333333333333
262144,PDThreshold,101,severe_stress,0,0,4,0,75,0.0
262144,PDThreshold,101,severe_stress,0,1,0,0,11,0.0
262144,PDThreshold,101,severe_stress,0,1,1,0,11,0.0
262144,PDThreshold,101,severe_stress,0,1,2,0,11,0.0
262144,PDThreshold,101,severe_stress,0,1,3,11,11,1.0
262144,PDThreshold,101,severe_stress,0,1,4,0,11,0.0
262144,PDThreshold,101,severe_stress,1,0,0,0,268,0.0
262144,PDThreshold,101,severe_stress,1,0,1,0,268,0.0
262144,PDThreshold,101,severe_stress,1,0,2,268,268,1.0
262144,PDThreshold,101,severe_stress,1,0,3,0,268,0.0
262144,PDThreshold,101,severe_stress,1,0,4,0,268,0.0
262144,PDThreshold,101,severe_stress,1,1,0,0,136,0.0
262144,PDThreshold,101,severe_stress,1,1,1,0,136,0.0
262144,PDThreshold,101,severe_stress,1,1,2,136,136,1.0
262144,PDThreshold,101,severe_stress,1,1,3,0,136,0.0
262144,PDThreshold,101,severe_stress,1,1,4,0,136,0.0
262144,PDThreshold,101,severe_stress,1,2,0,0,2,0.0
262144,PDThreshold,101,severe_stress,1,2,1,0,2,0.0
262144,PDThreshold,101,severe_stress,1,2,2,2,2,1.0
262144,PDThreshold,101,severe_stress,1,2,3,0,2,0.0
262144,PDThreshold,101,severe_stress,1,2,4,0,2,0.0
262144,PDThreshold,101,severe_stress,2,0,0,0,172,0.0
262144,PDThreshold,101,severe_stress,2,0,1,172,172,1.0
262144,PDThreshold,101,severe_stress,2,0,2,0,172,0.0
262144,PDThreshold,101,severe_stress,2,0,3,0,172,0.0
262144,PDThreshold,101,severe_stress,2,0,4,0,172,0.0
262144,PDThreshold,101,severe_stress,2,1,0,0,443,0.0
262144,PDThreshold,101,severe_stress,2,1,1,443,443,1.0
262144,PDThreshold,101,severe_stress,2,1,2,0,443,0.0
262144,PDThreshold,101,severe_stress,2,1,3,0,443,0.0
262144,PDThreshold,101,severe_stress,2,1,4,0,443,0.0
262144,PDThreshold,101,severe_stress,2,2,0,0,131,0.0
262144,PDThreshold,101,severe_stress,2,2,1,131,131,1.0
262144,PDThreshold,101,severe_stress,2,2,2,0,131,0.0
262144,PDThreshold,101,severe_stress,2,2,3,0,131,0.0
262144,PDThreshold,101,severe_stress,2,2,4,0,131,0.0
262144,PDThreshold,202,severe_stress,0,0,0,0,75,0.0
262144,PDThreshold,202,severe_stress,0,0,1,0,75,0.0
262144,PDThreshold,202,severe_stress,0,0,2,8,75,0.10666666666666667
262144,PDThreshold,202,severe_stress,0,0,3,67,75,0.8933333333333333
262144,PDThreshold,202,severe_stress,0,0,4,0,75,0.0
262144,PDThreshold,202,severe_stress,0,1,0,0,11,0.0
262144,PDThreshold,202,severe_stress,0,1,1,0,11,0.0
262144,PDThreshold,202,severe_stress,0,1,2,0,11,0.0
262144,PDThreshold,202,severe_stress,0,1,3,11,11,1.0
262144,PDThreshold,202,severe_stress,0,1,4,0,11,0.0
262144,PDThreshold,202,severe_stress,1,0,0,0,268,0.0
262144,PDThreshold,202,severe_stress,1,0,1,0,268,0.0
262144,PDThreshold,202,severe_stress,1,0,2,268,268,1.0
262144,PDThreshold,202,severe_stress,1,0,3,0,268,0.0
262144,PDThreshold,202,severe_stress,1,0,4,0,268,0.0
262144,PDThreshold,202,severe_stress,1,1,0,0,136,0.0
262144,PDThreshold,202,severe_stress,1,1,1,0,136,0.0
262144,PDThreshold,202,severe_stress,1,1,2,136,136,1.0
262144,PDThreshold,202,severe_stress,1,1,3,0,136,0.0
262144,PDThreshold,202,severe_stress,1,1,4,0,136,0.0
262144,PDThreshold,202,severe_stress,1,2,0,0,2,0.0
262144,PDThreshold,202,severe_stress,1,2,1,0,2,0.0
262144,PDThreshold,202,severe_stress,1,2,2,2,2,1.0
262144,PDThreshold,202,severe_stress,1,2,3,0,2,0.0
262144,PDThreshold,202,severe_stress,1,2,4,0,2,0.0
262144,PDThreshold,202,severe_stress,2,0,0,0,172,0.0
262144,PDThreshold,202,severe_stress,2,0,1,172,172,1.0
262144,PDThreshold,202,severe_stress,2,0,2,0,172,0.0
262144,PDThreshold,202,severe_stress,2,0,3,0,172,0.0
262144,PDThreshold,202,severe_stress,2,0,4,0,172,0.0
262144,PDThreshold,202,severe_stress,2,1,0,0,443,0.0
262144,PDThreshold,202,severe_stress,2,1,1,443,443,1.0
262144,PDThreshold,202,severe_stress,2,1,2,0,443,0.0
262144,PDThreshold,202,severe_stress,2,1,3,0,443,0.0
262144,PDThreshold,202,severe_stress,2,1,4,0,443,0.0
262144,PDThreshold,202,severe_stress,2,2,0,0,131,0.0
262144,PDThreshold,202,severe_stress,2,2,1,131,131,1.0
262144,PDThreshold,202,severe_stress,2,2,2,0,131,0.0
262144,PDThreshold,202,severe_stress,2,2,3,0,131,0.0
262144,PDThreshold,202,severe_stress,2,2,4,0,131,0.0
262144,PDThreshold,303,severe_stress,0,0,0,0,75,0.0
262144,PDThreshold,303,severe_stress,0,0,1,0,75,0.0
262144,PDThreshold,303,severe_stress,0,0,2,8,75,0.10666666666666667
262144,PDThreshold,303,severe_stress,0,0,3,67,75,0.8933333333333333
262144,PDThreshold,303,severe_stress,0,0,4,0,75,0.0
262144,PDThreshold,303,severe_stress,0,1,0,0,11,0.0
262144,PDThreshold,303,severe_stress,0,1,1,0,11,0.0
262144,PDThreshold,303,severe_stress,0,1,2,0,11,0.0
262144,PDThreshold,303,severe_stress,0,1,3,11,11,1.0
262144,PDThreshold,303,severe_stress,0,1,4,0,11,0.0
262144,PDThreshold,303,severe_stress,1,0,0,0,268,0.0
262144,PDThreshold,303,severe_stress,1,0,1,0,268,0.0
262144,PDThreshold,303,severe_stress,1,0,2,268,268,1.0
262144,PDThreshold,303,severe_stress,1,0,3,0,268,0.0
262144,PDThreshold,303,severe_stress,1,0,4,0,268,0.0
262144,PDThreshold,303,severe_stress,1,1,0,0,136,0.0
262144,PDThreshold,303,severe_stress,1,1,1,0,136,0.0
262144,PDThreshold,303,severe_stress,1,1,2,136,136,1.0
262144,PDThreshold,303,severe_stress,1,1,3,0,136,0.0
262144,PDThreshold,303,severe_stress,1,1,4,0,136,0.0
262144,PDThreshold,303,severe_stress,1,2,0,0,2,0.0
262144,PDThreshold,303,severe_stress,1,2,1,0,2,0.0
262144,PDThreshold,303,severe_stress,1,2,2,2,2,1.0
262144,PDThreshold,303,severe_stress,1,2,3,0,2,0.0
262144,PDThreshold,303,severe_stress,1,2,4,0,2,0.0
262144,PDThreshold,303,severe_stress,2,0,0,0,172,0.0
262144,PDThreshold,303,severe_stress,2,0,1,172,172,1.0
262144,PDThreshold,303,severe_stress,2,0,2,0,172,0.0
262144,PDThreshold,303,severe_stress,2,0,3,0,172,0.0
262144,PDThreshold,303,severe_stress,2,0,4,0,172,0.0
262144,PDThreshold,303,severe_stress,2,1,0,0,443,0.0
262144,PDThreshold,303,severe_stress,2,1,1,443,443,1.0
262144,PDThreshold,303,severe_stress,2,1,2,0,443,0.0
262144,PDThreshold,303,severe_stress,2,1,3,0,443,0.0
262144,PDThreshold,303,severe_stress,2,1,4,0,443,0.0
262144,PDThreshold,303,severe_stress,2,2,0,0,131,0.0
262144,PDThreshold,303,severe_stress,2,2,1,131,131,1.0
262144,PDThreshold,303,severe_stress,2,2,2,0,131,0.0
262144,PDThreshold,303,severe_stress,2,2,3,0,131,0.0
262144,PDThreshold,303,severe_stress,2,2,4,0,131,0.0
262144,PDThreshold,404,severe_stress,0,0,0,0,75,0.0
262144,PDThreshold,404,severe_stress,0,0,1,0,75,0.0
262144,PDThreshold,404,severe_stress,0,0,2,8,75,0.10666666666666667
262144,PDThreshold,404,severe_stress,0,0,3,67,75,0.8933333333333333
262144,PDThreshold,404,severe_stress,0,0,4,0,75,0.0
262144,PDThreshold,404,severe_stress,0,1,0,0,11,0.0
262144,PDThreshold,404,severe_stress,0,1,1,0,11,0.0
262144,PDThreshold,404,severe_stress,0,1,2,0,11,0.0
262144,PDThreshold,404,severe_stress,0,1,3,11,11,1.0
262144,PDThreshold,404,severe_stress,0,1,4,0,11,0.0
262144,PDThreshold,404,severe_stress,1,0,0,0,268,0.0
262144,PDThreshold,404,severe_stress,1,0,1,0,268,0.0
262144,PDThreshold,404,severe_stress,1,0,2,268,268,1.0
262144,PDThreshold,404,severe_stress,1,0,3,0,268,0.0
262144,PDThreshold,404,severe_stress,1,0,4,0,268,0.0
262144,PDThreshold,404,severe_stress,1,1,0,0,136,0.0
262144,PDThreshold,404,severe_stress,1,1,1,0,136,0.0
262144,PDThreshold,404,severe_stress,1,1,2,136,136,1.0
262144,PDThreshold,404,severe_stress,1,1,3,0,136,0.0
262144,PDThreshold,404,severe_stress,1,1,4,0,136,0.0
262144,PDThreshold,404,severe_stress,1,2,0,0,2,0.0
262144,PDThreshold,404,severe_stress,1,2,1,0,2,0.0
262144,PDThreshold,404,severe_stress,1,2,2,2,2,1.0
262144,PDThreshold,404,severe_stress,1,2,3,0,2,0.0
262144,PDThreshold,404,severe_stress,1,2,4,0,2,0.0
262144,PDThreshold,404,severe_stress,2,0,0,0,172,0.0
262144,PDThreshold,404,severe_stress,2,0,1,172,172,1.0
262144,PDThreshold,404,severe_stress,2,0,2,0,172,0.0
262144,PDThreshold,404,severe_stress,2,0,3,0,172,0.0
262144,PDThreshold,404,severe_stress,2,0,4,0,172,0.0
262144,PDThreshold,404,severe_stress,2,1,0,0,443,0.0
262144,PDThreshold,404,severe_stress,2,1,1,443,443,1.0
262144,PDThreshold,404,severe_stress,2,1,2,0,443,0.0
262144,PDThreshold,404,severe_stress,2,1,3,0,443,0.0
262144,PDThreshold,404,severe_stress,2,1,4,0,443,0.0
262144,PDThreshold,404,severe_stress,2,2,0,0,131,0.0
262144,PDThreshold,404,severe_stress,2,2,1,131,131,1.0
262144,PDThreshold,404,severe_stress,2,2,2,0,131,0.0
262144,PDThreshold,404,severe_stress,2,2,3,0,131,0.0
262144,PDThreshold,404,severe_stress,2,2,4,0,131,0.0
262144,PDThreshold,505,severe_stress,0,0,0,0,75,0.0
262144,PDThreshold,505,severe_stress,0,0,1,0,75,0.0
262144,PDThreshold,505,severe_stress,0,0,2,8,75,0.10666666666666667
262144,PDThreshold,505,severe_stress,0,0,3,67,75,0.8933333333333333
262144,PDThreshold,505,severe_stress,0,0,4,0,75,0.0
262144,PDThreshold,505,severe_stress,0,1,0,0,11,0.0
262144,PDThreshold,505,severe_stress,0,1,1,0,11,0.0
262144,PDThreshold,505,severe_stress,0,1,2,0,11,0.0
262144,PDThreshold,505,severe_stress,0,1,3,11,11,1.0
262144,PDThreshold,505,severe_stress,0,1,4,0,11,0.0
262144,PDThreshold,505,severe_stress,1,0,0,0,268,0.0
262144,PDThreshold,505,severe_stress,1,0,1,0,268,0.0
262144,PDThreshold,505,severe_stress,1,0,2,268,268,1.0
262144,PDThreshold,505,severe_stress,1,0,3,0,268,0.0
262144,PDThreshold,505,severe_stress,1,0,4,0,268,0.0
262144,PDThreshold,505,severe_stress,1,1,0,0,136,0.0
262144,PDThreshold,505,severe_stress,1,1,1,0,136,0.0
262144,PDThreshold,505,severe_stress,1,1,2,136,136,1.0
262144,PDThreshold,505,severe_stress,1,1,3,0,136,0.0
262144,PDThreshold,505,severe_stress,1,1,4,0,136,0.0
262144,PDThreshold,505,severe_stress,1,2,0,0,2,0.0
262144,PDThreshold,505,severe_stress,1,2,1,0,2,0.0
262144,PDThreshold,505,severe_stress,1,2,2,2,2,1.0
262144,PDThreshold,505,severe_stress,1,2,3,0,2,0.0
262144,PDThreshold,505,severe_stress,1,2,4,0,2,0.0
262144,PDThreshold,505,severe_stress,2,0,0,0,172,0.0
262144,PDThreshold,505,severe_stress,2,0,1,172,172,1.0
262144,PDThreshold,505,severe_stress,2,0,2,0,172,0.0
262144,PDThreshold,505,severe_stress,2,0,3,0,172,0.0
262144,PDThreshold,505,severe_stress,2,0,4,0,172,0.0
262144,PDThreshold,505,severe_stress,2,1,0,0,443,0.0
262144,PDThreshold,505,severe_stress,2,1,1,443,443,1.0
262144,PDThreshold,505,severe_stress,2,1,2,0,443,0.0
262144,PDThreshold,505,severe_stress,2,1,3,0,443,0.0
262144,PDThreshold,505,severe_stress,2,1,4,0,443,0.0
262144,PDThreshold,505,severe_stress,2,2,0,0,131,0.0
262144,PDThreshold,505,severe_stress,2,2,1,131,131,1.0
262144,PDThreshold,505,severe_stress,2,2,2,0,131,0.0
262144,PDThreshold,505,severe_stress,2,2,3,0,131,0.0
262144,PDThreshold,505,severe_stress,2,2,4,0,131,0.0
262144,Static,101,severe_stress,0,0,0,0,73,0.0
262144,Static,101,severe_stress,0,0,1,0,73,0.0
262144,Static,101,severe_stress,0,0,2,73,73,1.0
262144,Static,101,severe_stress,0,0,3,0,73,0.0
262144,Static,101,severe_stress,0,0,4,0,73,0.0
262144,Static,101,severe_stress,0,1,0,0,9,0.0
262144,Static,101,severe_stress,0,1,1,0,9,0.0
262144,Static,101,severe_stress,0,1,2,9,9,1.0
262144,Static,101,severe_stress,0,1,3,0,9,0.0
262144,Static,101,severe_stress,0,1,4,0,9,0.0
262144,Static,101,severe_stress,1,0,0,0,275,0.0
262144,Static,101,severe_stress,1,0,1,0,275,0.0
262144,Static,101,severe_stress,1,0,2,275,275,1.0
262144,Static,101,severe_stress,1,0,3,0,275,0.0
262144,Static,101,severe_stress,1,0,4,0,275,0.0
262144,Static,101,severe_stress,1,1,0,0,141,0.0
262144,Static,101,severe_stress,1,1,1,0,141,0.0
262144,Static,101,severe_stress,1,1,2,141,141,1.0
262144,Static,101,severe_stress,1,1,3,0,141,0.0
262144,Static,101,severe_stress,1,1,4,0,141,0.0
262144,Static,101,severe_stress,2,0,0,0,251,0.0
262144,Static,101,severe_stress,2,0,1,0,251,0.0
262144,Static,101,severe_stress,2,0,2,251,251,1.0
262144,Static,101,severe_stress,2,0,3,0,251,0.0
262144,Static,101,severe_stress,2,0,4,0,251,0.0
262144,Static,101,severe_stress,2,1,0,0,547,0.0
262144,Static,101,severe_stress,2,1,1,0,547,0.0
262144,Static,101,severe_stress,2,1,2,547,547,1.0
262144,Static,101,severe_stress,2,1,3,0,547,0.0
262144,Static,101,severe_stress,2,1,4,0,547,0.0
262144,Static,202,severe_stress,0,0,0,0,73,0.0
262144,Static,202,severe_stress,0,0,1,0,73,0.0
262144,Static,202,severe_stress,0,0,2,73,73,1.0
262144,Static,202,severe_stress,0,0,3,0,73,0.0
262144,Static,202,severe_stress,0,0,4,0,73,0.0
262144,Static,202,severe_stress,0,1,0,0,9,0.0
262144,Static,202,severe_stress,0,1,1,0,9,0.0
262144,Static,202,severe_stress,0,1,2,9,9,1.0
262144,Static,202,severe_stress,0,1,3,0,9,0.0
262144,Static,202,severe_stress,0,1,4,0,9,0.0
262144,Static,202,severe_stress,1,0,0,0,275,0.0
262144,Static,202,severe_stress,1,0,1,0,275,0.0
262144,Static,202,severe_stress,1,0,2,275,275,1.0
262144,Static,202,severe_stress,1,0,3,0,275,0.0
262144,Static,202,severe_stress,1,0,4,0,275,0.0
262144,Static,202,severe_stress,1,1,0,0,141,0.0
262144,Static,202,severe_stress,1,1,1,0,141,0.0
262144,Static,202,severe_stress,1,1,2,141,141,1.0
262144,Static,202,severe_stress,1,1,3,0,141,0.0
262144,Static,202,severe_stress,1,1,4,0,141,0.0
262144,Static,202,severe_stress,2,0,0,0,251,0.0
262144,Static,202,severe_stress,2,0,1,0,251,0.0
262144,Static,202,severe_stress,2,0,2,251,251,1.0
262144,Static,202,severe_stress,2,0,3,0,251,0.0
262144,Static,202,severe_stress,2,0,4,0,251,0.0
262144,Static,202,severe_stress,2,1,0,0,547,0.0
262144,Static,202,severe_stress,2,1,1,0,547,0.0
262144,Static,202,severe_stress,2,1,2,547,547,1.0
262144,Static,202,severe_stress,2,1,3,0,547,0.0
262144,Static,202,severe_stress,2,1,4,0,547,0.0
262144,Static,303,severe_stress,0,0,0,0,73,0.0
262144,Static,303,severe_stress,0,0,1,0,73,0.0
262144,Static,303,severe_stress,0,0,2,73,73,1.0
262144,Static,303,severe_stress,0,0,3,0,73,0.0
262144,Static,303,severe_stress,0,0,4,0,73,0.0
262144,Static,303,severe_stress,0,1,0,0,9,0.0
262144,Static,303,severe_stress,0,1,1,0,9,0.0
262144,Static,303,severe_stress,0,1,2,9,9,1.0
262144,Static,303,severe_stress,0,1,3,0,9,0.0
262144,Static,303,severe_stress,0,1,4,0,9,0.0
262144,Static,303,severe_stress,1,0,0,0,275,0.0
262144,Static,303,severe_stress,1,0,1,0,275,0.0
262144,Static,303,severe_stress,1,0,2,275,275,1.0
262144,Static,303,severe_stress,1,0,3,0,275,0.0
262144,Static,303,severe_stress,1,0,4,0,275,0.0
262144,Static,303,severe_stress,1,1,0,0,141,0.0
262144,Static,303,severe_stress,1,1,1,0,141,0.0
262144,Static,303,severe_stress,1,1,2,141,141,1.0
262144,Static,303,severe_stress,1,1,3,0,141,0.0
262144,Static,303,severe_stress,1,1,4,0,141,0.0
262144,Static,303,severe_stress,2,0,0,0,251,0.0
262144,Static,303,severe_stress,2,0,1,0,251,0.0
262144,Static,303,severe_stress,2,0,2,251,251,1.0
262144,Static,303,severe_stress,2,0,3,0,251,0.0
262144,Static,303,severe_stress,2,0,4,0,251,0.0
262144,Static,303,severe_stress,2,1,0,0,547,0.0
262144,Static,303,severe_stress,2,1,1,0,547,0.0
262144,Static,303,severe_stress,2,1,2,547,547,1.0
262144,Static,303,severe_stress,2,1,3,0,547,0.0
262144,Static,303,severe_stress,2,1,4,0,547,0.0
262144,Static,404,severe_stress,0,0,0,0,73,0.0
262144,Static,404,severe_stress,0,0,1,0,73,0.0
262144,Static,404,severe_stress,0,0,2,73,73,1.0
262144,Static,404,severe_stress,0,0,3,0,73,0.0
262144,Static,404,severe_stress,0,0,4,0,73,0.0
262144,Static,404,severe_stress,0,1,0,0,9,0.0
262144,Static,404,severe_stress,0,1,1,0,9,0.0
262144,Static,404,severe_stress,0,1,2,9,9,1.0
262144,Static,404,severe_stress,0,1,3,0,9,0.0
262144,Static,404,severe_stress,0,1,4,0,9,0.0
262144,Static,404,severe_stress,1,0,0,0,275,0.0
262144,Static,404,severe_stress,1,0,1,0,275,0.0
262144,Static,404,severe_stress,1,0,2,275,275,1.0
262144,Static,404,severe_stress,1,0,3,0,275,0.0
262144,Static,404,severe_stress,1,0,4,0,275,0.0
262144,Static,404,severe_stress,1,1,0,0,141,0.0
262144,Static,404,severe_stress,1,1,1,0,141,0.0
262144,Static,404,severe_stress,1,1,2,141,141,1.0
262144,Static,404,severe_stress,1,1,3,0,141,0.0
262144,Static,404,severe_stress,1,1,4,0,141,0.0
262144,Static,404,severe_stress,2,0,0,0,251,0.0
262144,Static,404,severe_stress,2,0,1,0,251,0.0
262144,Static,404,severe_stress,2,0,2,251,251,1.0
262144,Static,404,severe_stress,2,0,3,0,251,0.0
262144,Static,404,severe_stress,2,0,4,0,251,0.0
262144,Static,404,severe_stress,2,1,0,0,547,0.0
262144,Static,404,severe_stress,2,1,1,0,547,0.0
262144,Static,404,severe_stress,2,1,2,547,547,1.0
262144,Static,404,severe_stress,2,1,3,0,547,0.0
262144,Static,404,severe_stress,2,1,4,0,547,0.0
262144,Static,505,severe_stress,0,0,0,0,73,0.0
262144,Static,505,severe_stress,0,0,1,0,73,0.0
262144,Static,505,severe_stress,0,0,2,73,73,1.0
262144,Static,505,severe_stress,0,0,3,0,73,0.0
262144,Static,505,severe_stress,0,0,4,0,73,0.0
262144,Static,505,severe_stress,0,1,0,0,9,0.0
262144,Static,505,severe_stress,0,1,1,0,9,0.0
262144,Static,505,severe_stress,0,1,2,9,9,1.0
262144,Static,505,severe_stress,0,1,3,0,9,0.0
262144,Static,505,severe_stress,0,1,4,0,9,0.0
262144,Static,505,severe_stress,1,0,0,0,275,0.0
262144,Static,505,severe_stress,1,0,1,0,275,0.0
262144,Static,505,severe_stress,1,0,2,275,275,1.0
262144,Static,505,severe_stress,1,0,3,0,275,0.0
262144,Static,505,severe_stress,1,0,4,0,275,0.0
262144,Static,505,severe_stress,1,1,0,0,141,0.0
262144,Static,505,severe_stress,1,1,1,0,141,0.0
262144,Static,505,severe_stress,1,1,2,141,141,1.0
262144,Static,505,severe_stress,1,1,3,0,141,0.0
262144,Static,505,severe_stress,1,1,4,0,141,0.0
262144,Static,505,severe_stress,2,0,0,0,251,0.0
262144,Static,505,severe_stress,2,0,1,0,251,0.0
262144,Static,505,severe_stress,2,0,2,251,251,1.0
262144,Static,505,severe_stress,2,0,3,0,251,0.0
262144,Static,505,severe_stress,2,0,4,0,251,0.0
262144,Static,505,severe_stress,2,1,0,0,547,0.0
262144,Static,505,severe_stress,2,1,1,0,547,0.0
262144,Static,505,severe_stress,2,1,2,547,547,1.0
262144,Static,505,severe_stress,2,1,3,0,547,0.0
262144,Static,505,severe_stress,2,1,4,0,547,0.0
32768,AlwaysDecrease20,101,behavioral_shift,0,0,0,15,15,1.0
32768,AlwaysDecrease20,101,behavioral_shift,0,0,1,0,15,0.0
32768,AlwaysDecrease20,101,behavioral_shift,0,0,2,0,15,0.0
32768,AlwaysDecrease20,101,behavioral_shift,0,0,3,0,15,0.0
32768,AlwaysDecrease20,101,behavioral_shift,0,0,4,0,15,0.0
32768,AlwaysDecrease20,101,behavioral_shift,0,1,0,140,435,0.3218390804597701
32768,AlwaysDecrease20,101,behavioral_shift,0,1,1,0,435,0.0
32768,AlwaysDecrease20,101,behavioral_shift,0,1,2,295,435,0.6781609195402298
32768,AlwaysDecrease20,101,behavioral_shift,0,1,3,0,435,0.0
32768,AlwaysDecrease20,101,behavioral_shift,0,1,4,0,435,0.0
32768,AlwaysDecrease20,101,behavioral_shift,0,2,0,22,33,0.6666666666666666
32768,AlwaysDecrease20,101,behavioral_shift,0,2,1,0,33,0.0
32768,AlwaysDecrease20,101,behavioral_shift,0,2,2,11,33,0.3333333333333333
32768,AlwaysDecrease20,101,behavioral_shift,0,2,3,0,33,0.0
32768,AlwaysDecrease20,101,behavioral_shift,0,2,4,0,33,0.0
32768,AlwaysDecrease20,101,behavioral_shift,1,0,0,126,126,1.0
32768,AlwaysDecrease20,101,behavioral_shift,1,0,1,0,126,0.0
32768,AlwaysDecrease20,101,behavioral_shift,1,0,2,0,126,0.0
32768,AlwaysDecrease20,101,behavioral_shift,1,0,3,0,126,0.0
32768,AlwaysDecrease20,101,behavioral_shift,1,0,4,0,126,0.0
32768,AlwaysDecrease20,101,behavioral_shift,1,1,0,298,472,0.6313559322033898
32768,AlwaysDecrease20,101,behavioral_shift,1,1,1,0,472,0.0
32768,AlwaysDecrease20,101,behavioral_shift,1,1,2,174,472,0.3686440677966102
32768,AlwaysDecrease20,101,behavioral_shift,1,1,3,0,472,0.0
32768,AlwaysDecrease20,101,behavioral_shift,1,1,4,0,472,0.0
32768,AlwaysDecrease20,101,behavioral_shift,1,2,0,116,144,0.8055555555555556
32768,AlwaysDecrease20,101,behavioral_shift,1,2,1,0,144,0.0
32768,AlwaysDecrease20,101,behavioral_shift,1,2,2,28,144,0.19444444444444445
32768,AlwaysDecrease20,101,behavioral_shift,1,2,3,0,144,0.0
32768,AlwaysDecrease20,101,behavioral_shift,1,2,4,0,144,0.0
32768,AlwaysDecrease20,101,behavioral_shift,2,0,0,60,60,1.0
32768,AlwaysDecrease20,101,behavioral_shift,2,0,1,0,60,0.0
32768,AlwaysDecrease20,101,behavioral_shift,2,0,2,0,60,0.0
32768,AlwaysDecrease20,101,behavioral_shift,2,0,3,0,60,0.0
32768,AlwaysDecrease20,101,behavioral_shift,2,0,4,0,60,0.0
32768,AlwaysDecrease20,101,behavioral_shift,2,1,0,180,199,0.9045226130653267
32768,AlwaysDecrease20,101,behavioral_shift,2,1,1,0,199,0.0
32768,AlwaysDecrease20,101,behavioral_shift,2,1,2,19,199,0.09547738693467336
32768,AlwaysDecrease20,101,behavioral_shift,2,1,3,0,199,0.0
32768,AlwaysDecrease20,101,behavioral_shift,2,1,4,0,199,0.0
32768,AlwaysDecrease20,101,behavioral_shift,2,2,0,248,266,0.9323308270676691
32768,AlwaysDecrease20,101,behavioral_shift,2,2,1,0,266,0.0
32768,AlwaysDecrease20,101,behavioral_shift,2,2,2,18,266,0.06766917293233082
32768,AlwaysDecrease20,101,behavioral_shift,2,2,3,0,266,0.0
32768,AlwaysDecrease20,101,behavioral_shift,2,2,4,0,266,0.0
32768,AlwaysDecrease20,202,behavioral_shift,0,0,0,15,15,1.0
32768,AlwaysDecrease20,202,behavioral_shift,0,0,1,0,15,0.0
32768,AlwaysDecrease20,202,behavioral_shift,0,0,2,0,15,0.0
32768,AlwaysDecrease20,202,behavioral_shift,0,0,3,0,15,0.0
32768,AlwaysDecrease20,202,behavioral_shift,0,0,4,0,15,0.0
32768,AlwaysDecrease20,202,behavioral_shift,0,1,0,140,435,0.3218390804597701
32768,AlwaysDecrease20,202,behavioral_shift,0,1,1,0,435,0.0
32768,AlwaysDecrease20,202,behavioral_shift,0,1,2,295,435,0.6781609195402298
32768,AlwaysDecrease20,202,behavioral_shift,0,1,3,0,435,0.0
32768,AlwaysDecrease20,202,behavioral_shift,0,1,4,0,435,0.0
32768,AlwaysDecrease20,202,behavioral_shift,0,2,0,22,33,0.6666666666666666
32768,AlwaysDecrease20,202,behavioral_shift,0,2,1,0,33,0.0
32768,AlwaysDecrease20,202,behavioral_shift,0,2,2,11,33,0.3333333333333333
32768,AlwaysDecrease20,202,behavioral_shift,0,2,3,0,33,0.0
32768,AlwaysDecrease20,202,behavioral_shift,0,2,4,0,33,0.0
32768,AlwaysDecrease20,202,behavioral_shift,1,0,0,126,126,1.0
32768,AlwaysDecrease20,202,behavioral_shift,1,0,1,0,126,0.0
32768,AlwaysDecrease20,202,behavioral_shift,1,0,2,0,126,0.0
32768,AlwaysDecrease20,202,behavioral_shift,1,0,3,0,126,0.0
32768,AlwaysDecrease20,202,behavioral_shift,1,0,4,0,126,0.0
32768,AlwaysDecrease20,202,behavioral_shift,1,1,0,298,472,0.6313559322033898
32768,AlwaysDecrease20,202,behavioral_shift,1,1,1,0,472,0.0
32768,AlwaysDecrease20,202,behavioral_shift,1,1,2,174,472,0.3686440677966102
32768,AlwaysDecrease20,202,behavioral_shift,1,1,3,0,472,0.0
32768,AlwaysDecrease20,202,behavioral_shift,1,1,4,0,472,0.0
32768,AlwaysDecrease20,202,behavioral_shift,1,2,0,116,144,0.8055555555555556
32768,AlwaysDecrease20,202,behavioral_shift,1,2,1,0,144,0.0
32768,AlwaysDecrease20,202,behavioral_shift,1,2,2,28,144,0.19444444444444445
32768,AlwaysDecrease20,202,behavioral_shift,1,2,3,0,144,0.0
32768,AlwaysDecrease20,202,behavioral_shift,1,2,4,0,144,0.0
32768,AlwaysDecrease20,202,behavioral_shift,2,0,0,60,60,1.0
32768,AlwaysDecrease20,202,behavioral_shift,2,0,1,0,60,0.0
32768,AlwaysDecrease20,202,behavioral_shift,2,0,2,0,60,0.0
32768,AlwaysDecrease20,202,behavioral_shift,2,0,3,0,60,0.0
32768,AlwaysDecrease20,202,behavioral_shift,2,0,4,0,60,0.0
32768,AlwaysDecrease20,202,behavioral_shift,2,1,0,180,199,0.9045226130653267
32768,AlwaysDecrease20,202,behavioral_shift,2,1,1,0,199,0.0
32768,AlwaysDecrease20,202,behavioral_shift,2,1,2,19,199,0.09547738693467336
32768,AlwaysDecrease20,202,behavioral_shift,2,1,3,0,199,0.0
32768,AlwaysDecrease20,202,behavioral_shift,2,1,4,0,199,0.0
32768,AlwaysDecrease20,202,behavioral_shift,2,2,0,248,266,0.9323308270676691
32768,AlwaysDecrease20,202,behavioral_shift,2,2,1,0,266,0.0
32768,AlwaysDecrease20,202,behavioral_shift,2,2,2,18,266,0.06766917293233082
32768,AlwaysDecrease20,202,behavioral_shift,2,2,3,0,266,0.0
32768,AlwaysDecrease20,202,behavioral_shift,2,2,4,0,266,0.0
32768,AlwaysDecrease20,303,behavioral_shift,0,0,0,15,15,1.0
32768,AlwaysDecrease20,303,behavioral_shift,0,0,1,0,15,0.0
32768,AlwaysDecrease20,303,behavioral_shift,0,0,2,0,15,0.0
32768,AlwaysDecrease20,303,behavioral_shift,0,0,3,0,15,0.0
32768,AlwaysDecrease20,303,behavioral_shift,0,0,4,0,15,0.0
32768,AlwaysDecrease20,303,behavioral_shift,0,1,0,140,435,0.3218390804597701
32768,AlwaysDecrease20,303,behavioral_shift,0,1,1,0,435,0.0
32768,AlwaysDecrease20,303,behavioral_shift,0,1,2,295,435,0.6781609195402298
32768,AlwaysDecrease20,303,behavioral_shift,0,1,3,0,435,0.0
32768,AlwaysDecrease20,303,behavioral_shift,0,1,4,0,435,0.0
32768,AlwaysDecrease20,303,behavioral_shift,0,2,0,22,33,0.6666666666666666
32768,AlwaysDecrease20,303,behavioral_shift,0,2,1,0,33,0.0
32768,AlwaysDecrease20,303,behavioral_shift,0,2,2,11,33,0.3333333333333333
32768,AlwaysDecrease20,303,behavioral_shift,0,2,3,0,33,0.0
32768,AlwaysDecrease20,303,behavioral_shift,0,2,4,0,33,0.0
32768,AlwaysDecrease20,303,behavioral_shift,1,0,0,126,126,1.0
32768,AlwaysDecrease20,303,behavioral_shift,1,0,1,0,126,0.0
32768,AlwaysDecrease20,303,behavioral_shift,1,0,2,0,126,0.0
32768,AlwaysDecrease20,303,behavioral_shift,1,0,3,0,126,0.0
32768,AlwaysDecrease20,303,behavioral_shift,1,0,4,0,126,0.0
32768,AlwaysDecrease20,303,behavioral_shift,1,1,0,298,472,0.6313559322033898
32768,AlwaysDecrease20,303,behavioral_shift,1,1,1,0,472,0.0
32768,AlwaysDecrease20,303,behavioral_shift,1,1,2,174,472,0.3686440677966102
32768,AlwaysDecrease20,303,behavioral_shift,1,1,3,0,472,0.0
32768,AlwaysDecrease20,303,behavioral_shift,1,1,4,0,472,0.0
32768,AlwaysDecrease20,303,behavioral_shift,1,2,0,116,144,0.8055555555555556
32768,AlwaysDecrease20,303,behavioral_shift,1,2,1,0,144,0.0
32768,AlwaysDecrease20,303,behavioral_shift,1,2,2,28,144,0.19444444444444445
32768,AlwaysDecrease20,303,behavioral_shift,1,2,3,0,144,0.0
32768,AlwaysDecrease20,303,behavioral_shift,1,2,4,0,144,0.0
32768,AlwaysDecrease20,303,behavioral_shift,2,0,0,60,60,1.0
32768,AlwaysDecrease20,303,behavioral_shift,2,0,1,0,60,0.0
32768,AlwaysDecrease20,303,behavioral_shift,2,0,2,0,60,0.0
32768,AlwaysDecrease20,303,behavioral_shift,2,0,3,0,60,0.0
32768,AlwaysDecrease20,303,behavioral_shift,2,0,4,0,60,0.0
32768,AlwaysDecrease20,303,behavioral_shift,2,1,0,180,199,0.9045226130653267
32768,AlwaysDecrease20,303,behavioral_shift,2,1,1,0,199,0.0
32768,AlwaysDecrease20,303,behavioral_shift,2,1,2,19,199,0.09547738693467336
32768,AlwaysDecrease20,303,behavioral_shift,2,1,3,0,199,0.0
32768,AlwaysDecrease20,303,behavioral_shift,2,1,4,0,199,0.0
32768,AlwaysDecrease20,303,behavioral_shift,2,2,0,248,266,0.9323308270676691
32768,AlwaysDecrease20,303,behavioral_shift,2,2,1,0,266,0.0
32768,AlwaysDecrease20,303,behavioral_shift,2,2,2,18,266,0.06766917293233082
32768,AlwaysDecrease20,303,behavioral_shift,2,2,3,0,266,0.0
32768,AlwaysDecrease20,303,behavioral_shift,2,2,4,0,266,0.0
32768,AlwaysDecrease20,404,behavioral_shift,0,0,0,15,15,1.0
32768,AlwaysDecrease20,404,behavioral_shift,0,0,1,0,15,0.0
32768,AlwaysDecrease20,404,behavioral_shift,0,0,2,0,15,0.0
32768,AlwaysDecrease20,404,behavioral_shift,0,0,3,0,15,0.0
32768,AlwaysDecrease20,404,behavioral_shift,0,0,4,0,15,0.0
32768,AlwaysDecrease20,404,behavioral_shift,0,1,0,140,435,0.3218390804597701
32768,AlwaysDecrease20,404,behavioral_shift,0,1,1,0,435,0.0
32768,AlwaysDecrease20,404,behavioral_shift,0,1,2,295,435,0.6781609195402298
32768,AlwaysDecrease20,404,behavioral_shift,0,1,3,0,435,0.0
32768,AlwaysDecrease20,404,behavioral_shift,0,1,4,0,435,0.0
32768,AlwaysDecrease20,404,behavioral_shift,0,2,0,22,33,0.6666666666666666
32768,AlwaysDecrease20,404,behavioral_shift,0,2,1,0,33,0.0
32768,AlwaysDecrease20,404,behavioral_shift,0,2,2,11,33,0.3333333333333333
32768,AlwaysDecrease20,404,behavioral_shift,0,2,3,0,33,0.0
32768,AlwaysDecrease20,404,behavioral_shift,0,2,4,0,33,0.0
32768,AlwaysDecrease20,404,behavioral_shift,1,0,0,126,126,1.0
32768,AlwaysDecrease20,404,behavioral_shift,1,0,1,0,126,0.0
32768,AlwaysDecrease20,404,behavioral_shift,1,0,2,0,126,0.0
32768,AlwaysDecrease20,404,behavioral_shift,1,0,3,0,126,0.0
32768,AlwaysDecrease20,404,behavioral_shift,1,0,4,0,126,0.0
32768,AlwaysDecrease20,404,behavioral_shift,1,1,0,298,472,0.6313559322033898
32768,AlwaysDecrease20,404,behavioral_shift,1,1,1,0,472,0.0
32768,AlwaysDecrease20,404,behavioral_shift,1,1,2,174,472,0.3686440677966102
32768,AlwaysDecrease20,404,behavioral_shift,1,1,3,0,472,0.0
32768,AlwaysDecrease20,404,behavioral_shift,1,1,4,0,472,0.0
32768,AlwaysDecrease20,404,behavioral_shift,1,2,0,116,144,0.8055555555555556
32768,AlwaysDecrease20,404,behavioral_shift,1,2,1,0,144,0.0
32768,AlwaysDecrease20,404,behavioral_shift,1,2,2,28,144,0.19444444444444445
32768,AlwaysDecrease20,404,behavioral_shift,1,2,3,0,144,0.0
32768,AlwaysDecrease20,404,behavioral_shift,1,2,4,0,144,0.0
32768,AlwaysDecrease20,404,behavioral_shift,2,0,0,60,60,1.0
32768,AlwaysDecrease20,404,behavioral_shift,2,0,1,0,60,0.0
32768,AlwaysDecrease20,404,behavioral_shift,2,0,2,0,60,0.0
32768,AlwaysDecrease20,404,behavioral_shift,2,0,3,0,60,0.0
32768,AlwaysDecrease20,404,behavioral_shift,2,0,4,0,60,0.0
32768,AlwaysDecrease20,404,behavioral_shift,2,1,0,180,199,0.9045226130653267
32768,AlwaysDecrease20,404,behavioral_shift,2,1,1,0,199,0.0
32768,AlwaysDecrease20,404,behavioral_shift,2,1,2,19,199,0.09547738693467336
32768,AlwaysDecrease20,404,behavioral_shift,2,1,3,0,199,0.0
32768,AlwaysDecrease20,404,behavioral_shift,2,1,4,0,199,0.0
32768,AlwaysDecrease20,404,behavioral_shift,2,2,0,248,266,0.9323308270676691
32768,AlwaysDecrease20,404,behavioral_shift,2,2,1,0,266,0.0
32768,AlwaysDecrease20,404,behavioral_shift,2,2,2,18,266,0.06766917293233082
32768,AlwaysDecrease20,404,behavioral_shift,2,2,3,0,266,0.0
32768,AlwaysDecrease20,404,behavioral_shift,2,2,4,0,266,0.0
32768,AlwaysDecrease20,505,behavioral_shift,0,0,0,15,15,1.0
32768,AlwaysDecrease20,505,behavioral_shift,0,0,1,0,15,0.0
32768,AlwaysDecrease20,505,behavioral_shift,0,0,2,0,15,0.0
32768,AlwaysDecrease20,505,behavioral_shift,0,0,3,0,15,0.0
32768,AlwaysDecrease20,505,behavioral_shift,0,0,4,0,15,0.0
32768,AlwaysDecrease20,505,behavioral_shift,0,1,0,140,435,0.3218390804597701
32768,AlwaysDecrease20,505,behavioral_shift,0,1,1,0,435,0.0
32768,AlwaysDecrease20,505,behavioral_shift,0,1,2,295,435,0.6781609195402298
32768,AlwaysDecrease20,505,behavioral_shift,0,1,3,0,435,0.0
32768,AlwaysDecrease20,505,behavioral_shift,0,1,4,0,435,0.0
32768,AlwaysDecrease20,505,behavioral_shift,0,2,0,22,33,0.6666666666666666
32768,AlwaysDecrease20,505,behavioral_shift,0,2,1,0,33,0.0
32768,AlwaysDecrease20,505,behavioral_shift,0,2,2,11,33,0.3333333333333333
32768,AlwaysDecrease20,505,behavioral_shift,0,2,3,0,33,0.0
32768,AlwaysDecrease20,505,behavioral_shift,0,2,4,0,33,0.0
32768,AlwaysDecrease20,505,behavioral_shift,1,0,0,126,126,1.0
32768,AlwaysDecrease20,505,behavioral_shift,1,0,1,0,126,0.0
32768,AlwaysDecrease20,505,behavioral_shift,1,0,2,0,126,0.0
32768,AlwaysDecrease20,505,behavioral_shift,1,0,3,0,126,0.0
32768,AlwaysDecrease20,505,behavioral_shift,1,0,4,0,126,0.0
32768,AlwaysDecrease20,505,behavioral_shift,1,1,0,298,472,0.6313559322033898
32768,AlwaysDecrease20,505,behavioral_shift,1,1,1,0,472,0.0
32768,AlwaysDecrease20,505,behavioral_shift,1,1,2,174,472,0.3686440677966102
32768,AlwaysDecrease20,505,behavioral_shift,1,1,3,0,472,0.0
32768,AlwaysDecrease20,505,behavioral_shift,1,1,4,0,472,0.0
32768,AlwaysDecrease20,505,behavioral_shift,1,2,0,116,144,0.8055555555555556
32768,AlwaysDecrease20,505,behavioral_shift,1,2,1,0,144,0.0
32768,AlwaysDecrease20,505,behavioral_shift,1,2,2,28,144,0.19444444444444445
32768,AlwaysDecrease20,505,behavioral_shift,1,2,3,0,144,0.0
32768,AlwaysDecrease20,505,behavioral_shift,1,2,4,0,144,0.0
32768,AlwaysDecrease20,505,behavioral_shift,2,0,0,60,60,1.0
32768,AlwaysDecrease20,505,behavioral_shift,2,0,1,0,60,0.0
32768,AlwaysDecrease20,505,behavioral_shift,2,0,2,0,60,0.0
32768,AlwaysDecrease20,505,behavioral_shift,2,0,3,0,60,0.0
32768,AlwaysDecrease20,505,behavioral_shift,2,0,4,0,60,0.0
32768,AlwaysDecrease20,505,behavioral_shift,2,1,0,180,199,0.9045226130653267
32768,AlwaysDecrease20,505,behavioral_shift,2,1,1,0,199,0.0
32768,AlwaysDecrease20,505,behavioral_shift,2,1,2,19,199,0.09547738693467336
32768,AlwaysDecrease20,505,behavioral_shift,2,1,3,0,199,0.0
32768,AlwaysDecrease20,505,behavioral_shift,2,1,4,0,199,0.0
32768,AlwaysDecrease20,505,behavioral_shift,2,2,0,248,266,0.9323308270676691
32768,AlwaysDecrease20,505,behavioral_shift,2,2,1,0,266,0.0
32768,AlwaysDecrease20,505,behavioral_shift,2,2,2,18,266,0.06766917293233082
32768,AlwaysDecrease20,505,behavioral_shift,2,2,3,0,266,0.0
32768,AlwaysDecrease20,505,behavioral_shift,2,2,4,0,266,0.0
32768,BCInitPPO,101,behavioral_shift,0,0,0,15,16,0.9375
32768,BCInitPPO,101,behavioral_shift,0,0,1,0,16,0.0
32768,BCInitPPO,101,behavioral_shift,0,0,2,0,16,0.0
32768,BCInitPPO,101,behavioral_shift,0,0,3,0,16,0.0
32768,BCInitPPO,101,behavioral_shift,0,0,4,1,16,0.0625
32768,BCInitPPO,101,behavioral_shift,0,1,0,138,491,0.28105906313645623
32768,BCInitPPO,101,behavioral_shift,0,1,1,146,491,0.2973523421588595
32768,BCInitPPO,101,behavioral_shift,0,1,2,79,491,0.16089613034623218
32768,BCInitPPO,101,behavioral_shift,0,1,3,1,491,0.002036659877800407
32768,BCInitPPO,101,behavioral_shift,0,1,4,127,491,0.25865580448065173
32768,BCInitPPO,101,behavioral_shift,0,2,0,1,7,0.14285714285714285
32768,BCInitPPO,101,behavioral_shift,0,2,1,3,7,0.42857142857142855
32768,BCInitPPO,101,behavioral_shift,0,2,2,3,7,0.42857142857142855
32768,BCInitPPO,101,behavioral_shift,0,2,3,0,7,0.0
32768,BCInitPPO,101,behavioral_shift,0,2,4,0,7,0.0
32768,BCInitPPO,101,behavioral_shift,1,0,0,126,126,1.0
32768,BCInitPPO,101,behavioral_shift,1,0,1,0,126,0.0
32768,BCInitPPO,101,behavioral_shift,1,0,2,0,126,0.0
32768,BCInitPPO,101,behavioral_shift,1,0,3,0,126,0.0
32768,BCInitPPO,101,behavioral_shift,1,0,4,0,126,0.0
32768,BCInitPPO,101,behavioral_shift,1,1,0,402,648,0.6203703703703703
32768,BCInitPPO,101,behavioral_shift,1,1,1,45,648,0.06944444444444445
32768,BCInitPPO,101,behavioral_shift,1,1,2,187,648,0.28858024691358025
32768,BCInitPPO,101,behavioral_shift,1,1,3,5,648,0.007716049382716049
32768,BCInitPPO,101,behavioral_shift,1,1,4,9,648,0.013888888888888888
32768,BCInitPPO,101,behavioral_shift,1,2,0,33,140,0.2357142857142857
32768,BCInitPPO,101,behavioral_shift,1,2,1,36,140,0.2571428571428571
32768,BCInitPPO,101,behavioral_shift,1,2,2,66,140,0.4714285714285714
32768,BCInitPPO,101,behavioral_shift,1,2,3,0,140,0.0
32768,BCInitPPO,101,behavioral_shift,1,2,4,5,140,0.03571428571428571
32768,BCInitPPO,101,behavioral_shift,2,0,0,60,60,1.0
32768,BCInitPPO,101,behavioral_shift,2,0,1,0,60,0.0
32768,BCInitPPO,101,behavioral_shift,2,0,2,0,60,0.0
32768,BCInitPPO,101,behavioral_shift,2,0,3,0,60,0.0
32768,BCInitPPO,101,behavioral_shift,2,0,4,0,60,0.0
32768,BCInitPPO,101,behavioral_shift,2,1,0,189,231,0.8181818181818182
32768,BCInitPPO,101,behavioral_shift,2,1,1,13,231,0.05627705627705628
32768,BCInitPPO,101,behavioral_shift,2,1,2,29,231,0.12554112554112554
32768,BCInitPPO,101,behavioral_shift,2,1,3,0,231,0.0
32768,BCInitPPO,101,behavioral_shift,2,1,4,0,231,0.0
32768,BCInitPPO,101,behavioral_shift,2,2,0,22,300,0.07333333333333333
32768,BCInitPPO,101,behavioral_shift,2,2,1,118,300,0.3933333333333333
32768,BCInitPPO,101,behavioral_shift,2,2,2,157,300,0.5233333333333333
32768,BCInitPPO,101,behavioral_shift,2,2,3,0,300,0.0
32768,BCInitPPO,101,behavioral_shift,2,2,4,3,300,0.01
32768,BCInitPPO,202,behavioral_shift,0,0,0,15,41,0.36585365853658536
32768,BCInitPPO,202,behavioral_shift,0,0,1,0,41,0.0
32768,BCInitPPO,202,behavioral_shift,0,0,2,3,41,0.07317073170731707
32768,BCInitPPO,202,behavioral_shift,0,0,3,14,41,0.34146341463414637
32768,BCInitPPO,202,behavioral_shift,0,0,4,9,41,0.21951219512195122
32768,BCInitPPO,202,behavioral_shift,0,1,0,165,466,0.3540772532188841
32768,BCInitPPO,202,behavioral_shift,0,1,1,117,466,0.2510729613733906
32768,BCInitPPO,202,behavioral_shift,0,1,2,74,466,0.15879828326180256
32768,BCInitPPO,202,behavioral_shift,0,1,3,21,466,0.045064377682403435
32768,BCInitPPO,202,behavioral_shift,0,1,4,89,466,0.19098712446351931
32768,BCInitPPO,202,behavioral_shift,0,2,0,3,7,0.42857142857142855
32768,BCInitPPO,202,behavioral_shift,0,2,1,3,7,0.42857142857142855
32768,BCInitPPO,202,behavioral_shift,0,2,2,0,7,0.0
32768,BCInitPPO,202,behavioral_shift,0,2,3,1,7,0.14285714285714285
32768,BCInitPPO,202,behavioral_shift,0,2,4,0,7,0.0
32768,BCInitPPO,202,behavioral_shift,1,0,0,126,127,0.9921259842519685
32768,BCInitPPO,202,behavioral_shift,1,0,1,0,127,0.0
32768,BCInitPPO,202,behavioral_shift,1,0,2,0,127,0.0
32768,BCInitPPO,202,behavioral_shift,1,0,3,0,127,0.0
32768,BCInitPPO,202,behavioral_shift,1,0,4,1,127,0.007874015748031496
32768,BCInitPPO,202,behavioral_shift,1,1,0,379,587,0.645655877342419
32768,BCInitPPO,202,behavioral_shift,1,1,1,29,587,0.049403747870528106
32768,BCInitPPO,202,behavioral_shift,1,1,2,155,587,0.26405451448040884
32768,BCInitPPO,202,behavioral_shift,1,1,3,4,587,0.0068143100511073255
32768,BCInitPPO,202,behavioral_shift,1,1,4,20,587,0.034071550255536626
32768,BCInitPPO,202,behavioral_shift,1,2,0,49,161,0.30434782608695654
32768,BCInitPPO,202,behavioral_shift,1,2,1,49,161,0.30434782608695654
32768,BCInitPPO,202,behavioral_shift,1,2,2,40,161,0.2484472049689441
32768,BCInitPPO,202,behavioral_shift,1,2,3,13,161,0.08074534161490683
32768,BCInitPPO,202,behavioral_shift,1,2,4,10,161,0.062111801242236024
32768,BCInitPPO,202,behavioral_shift,2,0,0,60,60,1.0
32768,BCInitPPO,202,behavioral_shift,2,0,1,0,60,0.0
32768,BCInitPPO,202,behavioral_shift,2,0,2,0,60,0.0
32768,BCInitPPO,202,behavioral_shift,2,0,3,0,60,0.0
32768,BCInitPPO,202,behavioral_shift,2,0,4,0,60,0.0
32768,BCInitPPO,202,behavioral_shift,2,1,0,181,213,0.8497652582159625
32768,BCInitPPO,202,behavioral_shift,2,1,1,11,213,0.051643192488262914
32768,BCInitPPO,202,behavioral_shift,2,1,2,21,213,0.09859154929577464
32768,BCInitPPO,202,behavioral_shift,2,1,3,0,213,0.0
32768,BCInitPPO,202,behavioral_shift,2,1,4,0,213,0.0
32768,BCInitPPO,202,behavioral_shift,2,2,0,33,311,0.10610932475884244
32768,BCInitPPO,202,behavioral_shift,2,2,1,160,311,0.5144694533762058
32768,BCInitPPO,202,behavioral_shift,2,2,2,101,311,0.3247588424437299
32768,BCInitPPO,202,behavioral_shift,2,2,3,13,311,0.04180064308681672
32768,BCInitPPO,202,behavioral_shift,2,2,4,4,311,0.012861736334405145
32768,BCInitPPO,303,behavioral_shift,0,0,0,15,15,1.0
32768,BCInitPPO,303,behavioral_shift,0,0,1,0,15,0.0
32768,BCInitPPO,303,behavioral_shift,0,0,2,0,15,0.0
32768,BCInitPPO,303,behavioral_shift,0,0,3,0,15,0.0
32768,BCInitPPO,303,behavioral_shift,0,0,4,0,15,0.0
32768,BCInitPPO,303,behavioral_shift,0,1,0,243,494,0.49190283400809715
32768,BCInitPPO,303,behavioral_shift,0,1,1,6,494,0.012145748987854251
32768,BCInitPPO,303,behavioral_shift,0,1,2,243,494,0.49190283400809715
32768,BCInitPPO,303,behavioral_shift,0,1,3,0,494,0.0
32768,BCInitPPO,303,behavioral_shift,0,1,4,2,494,0.004048582995951417
32768,BCInitPPO,303,behavioral_shift,0,2,0,2,9,0.2222222222222222
32768,BCInitPPO,303,behavioral_shift,0,2,1,2,9,0.2222222222222222
32768,BCInitPPO,303,behavioral_shift,0,2,2,3,9,0.3333333333333333
32768,BCInitPPO,303,behavioral_shift,0,2,3,0,9,0.0
32768,BCInitPPO,303,behavioral_shift,0,2,4,2,9,0.2222222222222222
32768,BCInitPPO,303,behavioral_shift,1,0,0,126,126,1.0
32768,BCInitPPO,303,behavioral_shift,1,0,1,0,126,0.0
32768,BCInitPPO,303,behavioral_shift,1,0,2,0,126,0.0
32768,BCInitPPO,303,behavioral_shift,1,0,3,0,126,0.0
32768,BCInitPPO,303,behavioral_shift,1,0,4,0,126,0.0
32768,BCInitPPO,303,behavioral_shift,1,1,0,385,629,0.6120826709062003
32768,BCInitPPO,303,behavioral_shift,1,1,1,19,629,0.030206677265500796
32768,BCInitPPO,303,behavioral_shift,1,1,2,206,629,0.3275039745627981
32768,BCInitPPO,303,behavioral_shift,1,1,3,0,629,0.0
32768,BCInitPPO,303,behavioral_shift,1,1,4,19,629,0.030206677265500796
32768,BCInitPPO,303,behavioral_shift,1,2,0,45,155,0.2903225806451613
32768,BCInitPPO,303,behavioral_shift,1,2,1,69,155,0.44516129032258067
32768,BCInitPPO,303,behavioral_shift,1,2,2,27,155,0.17419354838709677
32768,BCInitPPO,303,behavioral_shift,1,2,3,0,155,0.0
32768,BCInitPPO,303,behavioral_shift,1,2,4,14,155,0.09032258064516129
32768,BCInitPPO,303,behavioral_shift,2,0,0,60,60,1.0
32768,BCInitPPO,303,behavioral_shift,2,0,1,0,60,0.0
32768,BCInitPPO,303,behavioral_shift,2,0,2,0,60,0.0
32768,BCInitPPO,303,behavioral_shift,2,0,3,0,60,0.0
32768,BCInitPPO,303,behavioral_shift,2,0,4,0,60,0.0
32768,BCInitPPO,303,behavioral_shift,2,1,0,175,232,0.7543103448275862
32768,BCInitPPO,303,behavioral_shift,2,1,1,11,232,0.04741379310344827
32768,BCInitPPO,303,behavioral_shift,2,1,2,46,232,0.19827586206896552
32768,BCInitPPO,303,behavioral_shift,2,1,3,0,232,0.0
32768,BCInitPPO,303,behavioral_shift,2,1,4,0,232,0.0
32768,BCInitPPO,303,behavioral_shift,2,2,0,19,312,0.060897435897435896
32768,BCInitPPO,303,behavioral_shift,2,2,1,128,312,0.41025641025641024
32768,BCInitPPO,303,behavioral_shift,2,2,2,163,312,0.5224358974358975
32768,BCInitPPO,303,behavioral_shift,2,2,3,0,312,0.0
32768,BCInitPPO,303,behavioral_shift,2,2,4,2,312,0.00641025641025641
32768,BCInitPPO,404,behavioral_shift,0,0,0,15,15,1.0
32768,BCInitPPO,404,behavioral_shift,0,0,1,0,15,0.0
32768,BCInitPPO,404,behavioral_shift,0,0,2,0,15,0.0
32768,BCInitPPO,404,behavioral_shift,0,0,3,0,15,0.0
32768,BCInitPPO,404,behavioral_shift,0,0,4,0,15,0.0
32768,BCInitPPO,404,behavioral_shift,0,1,0,192,497,0.386317907444668
32768,BCInitPPO,404,behavioral_shift,0,1,1,112,497,0.22535211267605634
32768,BCInitPPO,404,behavioral_shift,0,1,2,109,497,0.2193158953722334
32768,BCInitPPO,404,behavioral_shift,0,1,3,12,497,0.02414486921529175
32768,BCInitPPO,404,behavioral_shift,0,1,4,72,497,0.1448692152917505
32768,BCInitPPO,404,behavioral_shift,0,2,0,3,10,0.3
32768,BCInitPPO,404,behavioral_shift,0,2,1,2,10,0.2
32768,BCInitPPO,404,behavioral_shift,0,2,2,1,10,0.1
32768,BCInitPPO,404,behavioral_shift,0,2,3,0,10,0.0
32768,BCInitPPO,404,behavioral_shift,0,2,4,4,10,0.4
32768,BCInitPPO,404,behavioral_shift,1,0,0,126,126,1.0
32768,BCInitPPO,404,behavioral_shift,1,0,1,0,126,0.0
32768,BCInitPPO,404,behavioral_shift,1,0,2,0,126,0.0
32768,BCInitPPO,404,behavioral_shift,1,0,3,0,126,0.0
32768,BCInitPPO,404,behavioral_shift,1,0,4,0,126,0.0
32768,BCInitPPO,404,behavioral_shift,1,1,0,370,579,0.6390328151986183
32768,BCInitPPO,404,behavioral_shift,1,1,1,16,579,0.027633851468048358
32768,BCInitPPO,404,behavioral_shift,1,1,2,170,579,0.29360967184801384
32768,BCInitPPO,404,behavioral_shift,1,1,3,12,579,0.02072538860103627
32768,BCInitPPO,404,behavioral_shift,1,1,4,11,579,0.018998272884283247
32768,BCInitPPO,404,behavioral_shift,1,2,0,51,164,0.31097560975609756
32768,BCInitPPO,404,behavioral_shift,1,2,1,56,164,0.34146341463414637
32768,BCInitPPO,404,behavioral_shift,1,2,2,35,164,0.21341463414634146
32768,BCInitPPO,404,behavioral_shift,1,2,3,5,164,0.03048780487804878
32768,BCInitPPO,404,behavioral_shift,1,2,4,17,164,0.10365853658536585
32768,BCInitPPO,404,behavioral_shift,2,0,0,60,60,1.0
32768,BCInitPPO,404,behavioral_shift,2,0,1,0,60,0.0
32768,BCInitPPO,404,behavioral_shift,2,0,2,0,60,0.0
32768,BCInitPPO,404,behavioral_shift,2,0,3,0,60,0.0
32768,BCInitPPO,404,behavioral_shift,2,0,4,0,60,0.0
32768,BCInitPPO,404,behavioral_shift,2,1,0,182,208,0.875
32768,BCInitPPO,404,behavioral_shift,2,1,1,1,208,0.004807692307692308
32768,BCInitPPO,404,behavioral_shift,2,1,2,24,208,0.11538461538461539
32768,BCInitPPO,404,behavioral_shift,2,1,3,0,208,0.0
32768,BCInitPPO,404,behavioral_shift,2,1,4,1,208,0.004807692307692308
32768,BCInitPPO,404,behavioral_shift,2,2,0,130,300,0.43333333333333335
32768,BCInitPPO,404,behavioral_shift,2,2,1,48,300,0.16
32768,BCInitPPO,404,behavioral_shift,2,2,2,111,300,0.37
32768,BCInitPPO,404,behavioral_shift,2,2,3,9,300,0.03
32768,BCInitPPO,404,behavioral_shift,2,2,4,2,300,0.006666666666666667
32768,BCInitPPO,505,behavioral_shift,0,0,0,15,44,0.3409090909090909
32768,BCInitPPO,505,behavioral_shift,0,0,1,0,44,0.0
32768,BCInitPPO,505,behavioral_shift,0,0,2,0,44,0.0
32768,BCInitPPO,505,behavioral_shift,0,0,3,6,44,0.13636363636363635
32768,BCInitPPO,505,behavioral_shift,0,0,4,23,44,0.5227272727272727
32768,BCInitPPO,505,behavioral_shift,0,1,0,168,466,0.3605150214592275
32768,BCInitPPO,505,behavioral_shift,0,1,1,74,466,0.15879828326180256
32768,BCInitPPO,505,behavioral_shift,0,1,2,64,466,0.13733905579399142
32768,BCInitPPO,505,behavioral_shift,0,1,3,1,466,0.002145922746781116
32768,BCInitPPO,505,behavioral_shift,0,1,4,159,466,0.34120171673819744
32768,BCInitPPO,505,behavioral_shift,0,2,0,6,11,0.5454545454545454
32768,BCInitPPO,505,behavioral_shift,0,2,1,0,11,0.0
32768,BCInitPPO,505,behavioral_shift,0,2,2,1,11,0.09090909090909091
32768,BCInitPPO,505,behavioral_shift,0,2,3,0,11,0.0
32768,BCInitPPO,505,behavioral_shift,0,2,4,4,11,0.36363636363636365
32768,BCInitPPO,505,behavioral_shift,1,0,0,126,126,1.0
32768,BCInitPPO,505,behavioral_shift,1,0,1,0,126,0.0
32768,BCInitPPO,505,behavioral_shift,1,0,2,0,126,0.0
32768,BCInitPPO,505,behavioral_shift,1,0,3,0,126,0.0
32768,BCInitPPO,505,behavioral_shift,1,0,4,0,126,0.0
32768,BCInitPPO,505,behavioral_shift,1,1,0,393,535,0.7345794392523365
32768,BCInitPPO,505,behavioral_shift,1,1,1,7,535,0.013084112149532711
32768,BCInitPPO,505,behavioral_shift,1,1,2,106,535,0.19813084112149532
32768,BCInitPPO,505,behavioral_shift,1,1,3,4,535,0.007476635514018692
32768,BCInitPPO,505,behavioral_shift,1,1,4,25,535,0.04672897196261682
32768,BCInitPPO,505,behavioral_shift,1,2,0,85,174,0.4885057471264368
32768,BCInitPPO,505,behavioral_shift,1,2,1,35,174,0.20114942528735633
32768,BCInitPPO,505,behavioral_shift,1,2,2,20,174,0.11494252873563218
32768,BCInitPPO,505,behavioral_shift,1,2,3,2,174,0.011494252873563218
32768,BCInitPPO,505,behavioral_shift,1,2,4,32,174,0.1839080459770115
32768,BCInitPPO,505,behavioral_shift,2,0,0,60,60,1.0
32768,BCInitPPO,505,behavioral_shift,2,0,1,0,60,0.0
32768,BCInitPPO,505,behavioral_shift,2,0,2,0,60,0.0
32768,BCInitPPO,505,behavioral_shift,2,0,3,0,60,0.0
32768,BCInitPPO,505,behavioral_shift,2,0,4,0,60,0.0
32768,BCInitPPO,505,behavioral_shift,2,1,0,184,206,0.8932038834951457
32768,BCInitPPO,505,behavioral_shift,2,1,1,5,206,0.024271844660194174
32768,BCInitPPO,505,behavioral_shift,2,1,2,17,206,0.0825242718446602
32768,BCInitPPO,505,behavioral_shift,2,1,3,0,206,0.0
32768,BCInitPPO,505,behavioral_shift,2,1,4,0,206,0.0
32768,BCInitPPO,505,behavioral_shift,2,2,0,133,283,0.46996466431095407
32768,BCInitPPO,505,behavioral_shift,2,2,1,71,283,0.2508833922261484
32768,BCInitPPO,505,behavioral_shift,2,2,2,62,283,0.21908127208480566
32768,BCInitPPO,505,behavioral_shift,2,2,3,0,283,0.0
32768,BCInitPPO,505,behavioral_shift,2,2,4,17,283,0.06007067137809187
32768,BCRegularizedPPO,101,behavioral_shift,0,0,0,15,26,0.5769230769230769
32768,BCRegularizedPPO,101,behavioral_shift,0,0,1,0,26,0.0
32768,BCRegularizedPPO,101,behavioral_shift,0,0,2,0,26,0.0
32768,BCRegularizedPPO,101,behavioral_shift,0,0,3,9,26,0.34615384615384615
32768,BCRegularizedPPO,101,behavioral_shift,0,0,4,2,26,0.07692307692307693
32768,BCRegularizedPPO,101,behavioral_shift,0,1,0,175,488,0.35860655737704916
32768,BCRegularizedPPO,101,behavioral_shift,0,1,1,132,488,0.27049180327868855
32768,BCRegularizedPPO,101,behavioral_shift,0,1,2,129,488,0.26434426229508196
32768,BCRegularizedPPO,101,behavioral_shift,0,1,3,39,488,0.07991803278688525
32768,BCRegularizedPPO,101,behavioral_shift,0,1,4,13,488,0.02663934426229508
32768,BCRegularizedPPO,101,behavioral_shift,0,2,0,3,6,0.5
32768,BCRegularizedPPO,101,behavioral_shift,0,2,1,1,6,0.16666666666666666
32768,BCRegularizedPPO,101,behavioral_shift,0,2,2,1,6,0.16666666666666666
32768,BCRegularizedPPO,101,behavioral_shift,0,2,3,0,6,0.0
32768,BCRegularizedPPO,101,behavioral_shift,0,2,4,1,6,0.16666666666666666
32768,BCRegularizedPPO,101,behavioral_shift,1,0,0,126,126,1.0
32768,BCRegularizedPPO,101,behavioral_shift,1,0,1,0,126,0.0
32768,BCRegularizedPPO,101,behavioral_shift,1,0,2,0,126,0.0
32768,BCRegularizedPPO,101,behavioral_shift,1,0,3,0,126,0.0
32768,BCRegularizedPPO,101,behavioral_shift,1,0,4,0,126,0.0
32768,BCRegularizedPPO,101,behavioral_shift,1,1,0,394,552,0.7137681159420289
32768,BCRegularizedPPO,101,behavioral_shift,1,1,1,12,552,0.021739130434782608
32768,BCRegularizedPPO,101,behavioral_shift,1,1,2,113,552,0.20471014492753623
32768,BCRegularizedPPO,101,behavioral_shift,1,1,3,19,552,0.034420289855072464
32768,BCRegularizedPPO,101,behavioral_shift,1,1,4,14,552,0.025362318840579712
32768,BCRegularizedPPO,101,behavioral_shift,1,2,0,85,191,0.44502617801047123
32768,BCRegularizedPPO,101,behavioral_shift,1,2,1,70,191,0.36649214659685864
32768,BCRegularizedPPO,101,behavioral_shift,1,2,2,15,191,0.07853403141361257
32768,BCRegularizedPPO,101,behavioral_shift,1,2,3,0,191,0.0
32768,BCRegularizedPPO,101,behavioral_shift,1,2,4,21,191,0.1099476439790576
32768,BCRegularizedPPO,101,behavioral_shift,2,0,0,60,60,1.0
32768,BCRegularizedPPO,101,behavioral_shift,2,0,1,0,60,0.0
32768,BCRegularizedPPO,101,behavioral_shift,2,0,2,0,60,0.0
32768,BCRegularizedPPO,101,behavioral_shift,2,0,3,0,60,0.0
32768,BCRegularizedPPO,101,behavioral_shift,2,0,4,0,60,0.0
32768,BCRegularizedPPO,101,behavioral_shift,2,1,0,182,214,0.8504672897196262
32768,BCRegularizedPPO,101,behavioral_shift,2,1,1,3,214,0.014018691588785047
32768,BCRegularizedPPO,101,behavioral_shift,2,1,2,24,214,0.11214953271028037
32768,BCRegularizedPPO,101,behavioral_shift,2,1,3,0,214,0.0
32768,BCRegularizedPPO,101,behavioral_shift,2,1,4,5,214,0.02336448598130841
32768,BCRegularizedPPO,101,behavioral_shift,2,2,0,118,277,0.4259927797833935
32768,BCRegularizedPPO,101,behavioral_shift,2,2,1,70,277,0.2527075812274368
32768,BCRegularizedPPO,101,behavioral_shift,2,2,2,63,277,0.22743682310469315
32768,BCRegularizedPPO,101,behavioral_shift,2,2,3,4,277,0.01444043321299639
32768,BCRegularizedPPO,101,behavioral_shift,2,2,4,22,277,0.07942238267148015
32768,BCRegularizedPPO,202,behavioral_shift,0,0,0,15,22,0.6818181818181818
32768,BCRegularizedPPO,202,behavioral_shift,0,0,1,0,22,0.0
32768,BCRegularizedPPO,202,behavioral_shift,0,0,2,0,22,0.0
32768,BCRegularizedPPO,202,behavioral_shift,0,0,3,0,22,0.0
32768,BCRegularizedPPO,202,behavioral_shift,0,0,4,7,22,0.3181818181818182
32768,BCRegularizedPPO,202,behavioral_shift,0,1,0,370,485,0.7628865979381443
32768,BCRegularizedPPO,202,behavioral_shift,0,1,1,40,485,0.08247422680412371
32768,BCRegularizedPPO,202,behavioral_shift,0,1,2,18,485,0.03711340206185567
32768,BCRegularizedPPO,202,behavioral_shift,0,1,3,0,485,0.0
32768,BCRegularizedPPO,202,behavioral_shift,0,1,4,57,485,0.11752577319587629
32768,BCRegularizedPPO,202,behavioral_shift,0,2,0,1,7,0.14285714285714285
32768,BCRegularizedPPO,202,behavioral_shift,0,2,1,2,7,0.2857142857142857
32768,BCRegularizedPPO,202,behavioral_shift,0,2,2,2,7,0.2857142857142857
32768,BCRegularizedPPO,202,behavioral_shift,0,2,3,0,7,0.0
32768,BCRegularizedPPO,202,behavioral_shift,0,2,4,2,7,0.2857142857142857
32768,BCRegularizedPPO,202,behavioral_shift,1,0,0,126,126,1.0
32768,BCRegularizedPPO,202,behavioral_shift,1,0,1,0,126,0.0
32768,BCRegularizedPPO,202,behavioral_shift,1,0,2,0,126,0.0
32768,BCRegularizedPPO,202,behavioral_shift,1,0,3,0,126,0.0
32768,BCRegularizedPPO,202,behavioral_shift,1,0,4,0,126,0.0
32768,BCRegularizedPPO,202,behavioral_shift,1,1,0,466,628,0.7420382165605095
32768,BCRegularizedPPO,202,behavioral_shift,1,1,1,19,628,0.030254777070063694
32768,BCRegularizedPPO,202,behavioral_shift,1,1,2,96,628,0.15286624203821655
32768,BCRegularizedPPO,202,behavioral_shift,1,1,3,9,628,0.014331210191082803
32768,BCRegularizedPPO,202,behavioral_shift,1,1,4,38,628,0.06050955414012739
32768,BCRegularizedPPO,202,behavioral_shift,1,2,0,40,159,0.25157232704402516
32768,BCRegularizedPPO,202,behavioral_shift,1,2,1,27,159,0.16981132075471697
32768,BCRegularizedPPO,202,behavioral_shift,1,2,2,62,159,0.389937106918239
32768,BCRegularizedPPO,202,behavioral_shift,1,2,3,17,159,0.1069182389937107
32768,BCRegularizedPPO,202,behavioral_shift,1,2,4,13,159,0.08176100628930817
32768,BCRegularizedPPO,202,behavioral_shift,2,0,0,60,60,1.0
32768,BCRegularizedPPO,202,behavioral_shift,2,0,1,0,60,0.0
32768,BCRegularizedPPO,202,behavioral_shift,2,0,2,0,60,0.0
32768,BCRegularizedPPO,202,behavioral_shift,2,0,3,0,60,0.0
32768,BCRegularizedPPO,202,behavioral_shift,2,0,4,0,60,0.0
32768,BCRegularizedPPO,202,behavioral_shift,2,1,0,188,233,0.8068669527896996
32768,BCRegularizedPPO,202,behavioral_shift,2,1,1,12,233,0.05150214592274678
32768,BCRegularizedPPO,202,behavioral_shift,2,1,2,33,233,0.14163090128755365
32768,BCRegularizedPPO,202,behavioral_shift,2,1,3,0,233,0.0
32768,BCRegularizedPPO,202,behavioral_shift,2,1,4,0,233,0.0
32768,BCRegularizedPPO,202,behavioral_shift,2,2,0,114,279,0.40860215053763443
32768,BCRegularizedPPO,202,behavioral_shift,2,2,1,40,279,0.14336917562724014
32768,BCRegularizedPPO,202,behavioral_shift,2,2,2,101,279,0.36200716845878134
32768,BCRegularizedPPO,202,behavioral_shift,2,2,3,22,279,0.07885304659498207
32768,BCRegularizedPPO,202,behavioral_shift,2,2,4,2,279,0.007168458781362007
32768,BCRegularizedPPO,303,behavioral_shift,0,0,0,15,15,1.0
32768,BCRegularizedPPO,303,behavioral_shift,0,0,1,0,15,0.0
32768,BCRegularizedPPO,303,behavioral_shift,0,0,2,0,15,0.0
32768,BCRegularizedPPO,303,behavioral_shift,0,0,3,0,15,0.0
32768,BCRegularizedPPO,303,behavioral_shift,0,0,4,0,15,0.0
32768,BCRegularizedPPO,303,behavioral_shift,0,1,0,123,486,0.25308641975308643
32768,BCRegularizedPPO,303,behavioral_shift,0,1,1,187,486,0.38477366255144035
32768,BCRegularizedPPO,303,behavioral_shift,0,1,2,93,486,0.19135802469135801
32768,BCRegularizedPPO,303,behavioral_shift,0,1,3,2,486,0.00411522633744856
32768,BCRegularizedPPO,303,behavioral_shift,0,1,4,81,486,0.16666666666666666
32768,BCRegularizedPPO,303,behavioral_shift,0,2,0,0,7,0.0
32768,BCRegularizedPPO,303,behavioral_shift,0,2,1,3,7,0.42857142857142855
32768,BCRegularizedPPO,303,behavioral_shift,0,2,2,3,7,0.42857142857142855
32768,BCRegularizedPPO,303,behavioral_shift,0,2,3,0,7,0.0
32768,BCRegularizedPPO,303,behavioral_shift,0,2,4,1,7,0.14285714285714285
32768,BCRegularizedPPO,303,behavioral_shift,1,0,0,126,126,1.0
32768,BCRegularizedPPO,303,behavioral_shift,1,0,1,0,126,0.0
32768,BCRegularizedPPO,303,behavioral_shift,1,0,2,0,126,0.0
32768,BCRegularizedPPO,303,behavioral_shift,1,0,3,0,126,0.0
32768,BCRegularizedPPO,303,behavioral_shift,1,0,4,0,126,0.0
32768,BCRegularizedPPO,303,behavioral_shift,1,1,0,396,662,0.5981873111782477
32768,BCRegularizedPPO,303,behavioral_shift,1,1,1,97,662,0.14652567975830816
32768,BCRegularizedPPO,303,behavioral_shift,1,1,2,151,662,0.2280966767371601
32768,BCRegularizedPPO,303,behavioral_shift,1,1,3,7,662,0.010574018126888218
32768,BCRegularizedPPO,303,behavioral_shift,1,1,4,11,662,0.01661631419939577
32768,BCRegularizedPPO,303,behavioral_shift,1,2,0,25,131,0.19083969465648856
32768,BCRegularizedPPO,303,behavioral_shift,1,2,1,49,131,0.37404580152671757
32768,BCRegularizedPPO,303,behavioral_shift,1,2,2,43,131,0.3282442748091603
32768,BCRegularizedPPO,303,behavioral_shift,1,2,3,1,131,0.007633587786259542
32768,BCRegularizedPPO,303,behavioral_shift,1,2,4,13,131,0.09923664122137404
32768,BCRegularizedPPO,303,behavioral_shift,2,0,0,60,60,1.0
32768,BCRegularizedPPO,303,behavioral_shift,2,0,1,0,60,0.0
32768,BCRegularizedPPO,303,behavioral_shift,2,0,2,0,60,0.0
32768,BCRegularizedPPO,303,behavioral_shift,2,0,3,0,60,0.0
32768,BCRegularizedPPO,303,behavioral_shift,2,0,4,0,60,0.0
32768,BCRegularizedPPO,303,behavioral_shift,2,1,0,183,236,0.7754237288135594
32768,BCRegularizedPPO,303,behavioral_shift,2,1,1,11,236,0.046610169491525424
32768,BCRegularizedPPO,303,behavioral_shift,2,1,2,42,236,0.17796610169491525
32768,BCRegularizedPPO,303,behavioral_shift,2,1,3,0,236,0.0
32768,BCRegularizedPPO,303,behavioral_shift,2,1,4,0,236,0.0
32768,BCRegularizedPPO,303,behavioral_shift,2,2,0,34,306,0.1111111111111111
32768,BCRegularizedPPO,303,behavioral_shift,2,2,1,94,306,0.30718954248366015
32768,BCRegularizedPPO,303,behavioral_shift,2,2,2,171,306,0.5588235294117647
32768,BCRegularizedPPO,303,behavioral_shift,2,2,3,5,306,0.016339869281045753
32768,BCRegularizedPPO,303,behavioral_shift,2,2,4,2,306,0.006535947712418301
32768,BCRegularizedPPO,404,behavioral_shift,0,0,0,15,21,0.7142857142857143
32768,BCRegularizedPPO,404,behavioral_shift,0,0,1,0,21,0.0
32768,BCRegularizedPPO,404,behavioral_shift,0,0,2,0,21,0.0
32768,BCRegularizedPPO,404,behavioral_shift,0,0,3,0,21,0.0
32768,BCRegularizedPPO,404,behavioral_shift,0,0,4,6,21,0.2857142857142857
32768,BCRegularizedPPO,404,behavioral_shift,0,1,0,233,491,0.4745417515274949
32768,BCRegularizedPPO,404,behavioral_shift,0,1,1,77,491,0.15682281059063136
32768,BCRegularizedPPO,404,behavioral_shift,0,1,2,112,491,0.22810590631364563
32768,BCRegularizedPPO,404,behavioral_shift,0,1,3,4,491,0.008146639511201629
32768,BCRegularizedPPO,404,behavioral_shift,0,1,4,65,491,0.13238289205702647
32768,BCRegularizedPPO,404,behavioral_shift,0,2,0,3,10,0.3
32768,BCRegularizedPPO,404,behavioral_shift,0,2,1,1,10,0.1
32768,BCRegularizedPPO,404,behavioral_shift,0,2,2,4,10,0.4
32768,BCRegularizedPPO,404,behavioral_shift,0,2,3,0,10,0.0
32768,BCRegularizedPPO,404,behavioral_shift,0,2,4,2,10,0.2
32768,BCRegularizedPPO,404,behavioral_shift,1,0,0,126,126,1.0
32768,BCRegularizedPPO,404,behavioral_shift,1,0,1,0,126,0.0
32768,BCRegularizedPPO,404,behavioral_shift,1,0,2,0,126,0.0
32768,BCRegularizedPPO,404,behavioral_shift,1,0,3,0,126,0.0
32768,BCRegularizedPPO,404,behavioral_shift,1,0,4,0,126,0.0
32768,BCRegularizedPPO,404,behavioral_shift,1,1,0,387,561,0.6898395721925134
32768,BCRegularizedPPO,404,behavioral_shift,1,1,1,6,561,0.0106951871657754
32768,BCRegularizedPPO,404,behavioral_shift,1,1,2,143,561,0.2549019607843137
32768,BCRegularizedPPO,404,behavioral_shift,1,1,3,2,561,0.0035650623885918
32768,BCRegularizedPPO,404,behavioral_shift,1,1,4,23,561,0.040998217468805706
32768,BCRegularizedPPO,404,behavioral_shift,1,2,0,49,146,0.3356164383561644
32768,BCRegularizedPPO,404,behavioral_shift,1,2,1,37,146,0.2534246575342466
32768,BCRegularizedPPO,404,behavioral_shift,1,2,2,41,146,0.2808219178082192
32768,BCRegularizedPPO,404,behavioral_shift,1,2,3,0,146,0.0
32768,BCRegularizedPPO,404,behavioral_shift,1,2,4,19,146,0.13013698630136986
32768,BCRegularizedPPO,404,behavioral_shift,2,0,0,60,60,1.0
32768,BCRegularizedPPO,404,behavioral_shift,2,0,1,0,60,0.0
32768,BCRegularizedPPO,404,behavioral_shift,2,0,2,0,60,0.0
32768,BCRegularizedPPO,404,behavioral_shift,2,0,3,0,60,0.0
32768,BCRegularizedPPO,404,behavioral_shift,2,0,4,0,60,0.0
32768,BCRegularizedPPO,404,behavioral_shift,2,1,0,183,211,0.8672985781990521
32768,BCRegularizedPPO,404,behavioral_shift,2,1,1,1,211,0.004739336492890996
32768,BCRegularizedPPO,404,behavioral_shift,2,1,2,27,211,0.12796208530805686
32768,BCRegularizedPPO,404,behavioral_shift,2,1,3,0,211,0.0
32768,BCRegularizedPPO,404,behavioral_shift,2,1,4,0,211,0.0
32768,BCRegularizedPPO,404,behavioral_shift,2,2,0,89,299,0.2976588628762542
32768,BCRegularizedPPO,404,behavioral_shift,2,2,1,88,299,0.29431438127090304
32768,BCRegularizedPPO,404,behavioral_shift,2,2,2,114,299,0.38127090301003347
32768,BCRegularizedPPO,404,behavioral_shift,2,2,3,2,299,0.006688963210702341
32768,BCRegularizedPPO,404,behavioral_shift,2,2,4,6,299,0.020066889632107024
32768,BCRegularizedPPO,505,behavioral_shift,0,0,0,15,21,0.7142857142857143
32768,BCRegularizedPPO,505,behavioral_shift,0,0,1,0,21,0.0
32768,BCRegularizedPPO,505,behavioral_shift,0,0,2,0,21,0.0
32768,BCRegularizedPPO,505,behavioral_shift,0,0,3,0,21,0.0
32768,BCRegularizedPPO,505,behavioral_shift,0,0,4,6,21,0.2857142857142857
32768,BCRegularizedPPO,505,behavioral_shift,0,1,0,321,481,0.6673596673596673
32768,BCRegularizedPPO,505,behavioral_shift,0,1,1,83,481,0.17255717255717257
32768,BCRegularizedPPO,505,behavioral_shift,0,1,2,56,481,0.11642411642411643
32768,BCRegularizedPPO,505,behavioral_shift,0,1,3,0,481,0.0
32768,BCRegularizedPPO,505,behavioral_shift,0,1,4,21,481,0.04365904365904366
32768,BCRegularizedPPO,505,behavioral_shift,0,2,0,3,10,0.3
32768,BCRegularizedPPO,505,behavioral_shift,0,2,1,3,10,0.3
32768,BCRegularizedPPO,505,behavioral_shift,0,2,2,4,10,0.4
32768,BCRegularizedPPO,505,behavioral_shift,0,2,3,0,10,0.0
32768,BCRegularizedPPO,505,behavioral_shift,0,2,4,0,10,0.0
32768,BCRegularizedPPO,505,behavioral_shift,1,0,0,126,126,1.0
32768,BCRegularizedPPO,505,behavioral_shift,1,0,1,0,126,0.0
32768,BCRegularizedPPO,505,behavioral_shift,1,0,2,0,126,0.0
32768,BCRegularizedPPO,505,behavioral_shift,1,0,3,0,126,0.0
32768,BCRegularizedPPO,505,behavioral_shift,1,0,4,0,126,0.0
32768,BCRegularizedPPO,505,behavioral_shift,1,1,0,421,563,0.7477797513321492
32768,BCRegularizedPPO,505,behavioral_shift,1,1,1,15,563,0.02664298401420959
32768,BCRegularizedPPO,505,behavioral_shift,1,1,2,120,563,0.21314387211367672
32768,BCRegularizedPPO,505,behavioral_shift,1,1,3,0,563,0.0
32768,BCRegularizedPPO,505,behavioral_shift,1,1,4,7,563,0.012433392539964476
32768,BCRegularizedPPO,505,behavioral_shift,1,2,0,46,165,0.2787878787878788
32768,BCRegularizedPPO,505,behavioral_shift,1,2,1,61,165,0.3696969696969697
32768,BCRegularizedPPO,505,behavioral_shift,1,2,2,49,165,0.296969696969697
32768,BCRegularizedPPO,505,behavioral_shift,1,2,3,6,165,0.03636363636363636
32768,BCRegularizedPPO,505,behavioral_shift,1,2,4,3,165,0.01818181818181818
32768,BCRegularizedPPO,505,behavioral_shift,2,0,0,60,60,1.0
32768,BCRegularizedPPO,505,behavioral_shift,2,0,1,0,60,0.0
32768,BCRegularizedPPO,505,behavioral_shift,2,0,2,0,60,0.0
32768,BCRegularizedPPO,505,behavioral_shift,2,0,3,0,60,0.0
32768,BCRegularizedPPO,505,behavioral_shift,2,0,4,0,60,0.0
32768,BCRegularizedPPO,505,behavioral_shift,2,1,0,183,215,0.8511627906976744
32768,BCRegularizedPPO,505,behavioral_shift,2,1,1,1,215,0.004651162790697674
32768,BCRegularizedPPO,505,behavioral_shift,2,1,2,31,215,0.14418604651162792
32768,BCRegularizedPPO,505,behavioral_shift,2,1,3,0,215,0.0
32768,BCRegularizedPPO,505,behavioral_shift,2,1,4,0,215,0.0
32768,BCRegularizedPPO,505,behavioral_shift,2,2,0,129,284,0.45422535211267606
32768,BCRegularizedPPO,505,behavioral_shift,2,2,1,44,284,0.15492957746478872
32768,BCRegularizedPPO,505,behavioral_shift,2,2,2,109,284,0.38380281690140844
32768,BCRegularizedPPO,505,behavioral_shift,2,2,3,2,284,0.007042253521126761
32768,BCRegularizedPPO,505,behavioral_shift,2,2,4,0,284,0.0
32768,CanonicalPPO,101,behavioral_shift,0,0,0,15,15,1.0
32768,CanonicalPPO,101,behavioral_shift,0,0,1,0,15,0.0
32768,CanonicalPPO,101,behavioral_shift,0,0,2,0,15,0.0
32768,CanonicalPPO,101,behavioral_shift,0,0,3,0,15,0.0
32768,CanonicalPPO,101,behavioral_shift,0,0,4,0,15,0.0
32768,CanonicalPPO,101,behavioral_shift,0,1,0,435,435,1.0
32768,CanonicalPPO,101,behavioral_shift,0,1,1,0,435,0.0
32768,CanonicalPPO,101,behavioral_shift,0,1,2,0,435,0.0
32768,CanonicalPPO,101,behavioral_shift,0,1,3,0,435,0.0
32768,CanonicalPPO,101,behavioral_shift,0,1,4,0,435,0.0
32768,CanonicalPPO,101,behavioral_shift,0,2,0,33,33,1.0
32768,CanonicalPPO,101,behavioral_shift,0,2,1,0,33,0.0
32768,CanonicalPPO,101,behavioral_shift,0,2,2,0,33,0.0
32768,CanonicalPPO,101,behavioral_shift,0,2,3,0,33,0.0
32768,CanonicalPPO,101,behavioral_shift,0,2,4,0,33,0.0
32768,CanonicalPPO,101,behavioral_shift,1,0,0,126,126,1.0
32768,CanonicalPPO,101,behavioral_shift,1,0,1,0,126,0.0
32768,CanonicalPPO,101,behavioral_shift,1,0,2,0,126,0.0
32768,CanonicalPPO,101,behavioral_shift,1,0,3,0,126,0.0
32768,CanonicalPPO,101,behavioral_shift,1,0,4,0,126,0.0
32768,CanonicalPPO,101,behavioral_shift,1,1,0,472,472,1.0
32768,CanonicalPPO,101,behavioral_shift,1,1,1,0,472,0.0
32768,CanonicalPPO,101,behavioral_shift,1,1,2,0,472,0.0
32768,CanonicalPPO,101,behavioral_shift,1,1,3,0,472,0.0
32768,CanonicalPPO,101,behavioral_shift,1,1,4,0,472,0.0
32768,CanonicalPPO,101,behavioral_shift,1,2,0,144,144,1.0
32768,CanonicalPPO,101,behavioral_shift,1,2,1,0,144,0.0
32768,CanonicalPPO,101,behavioral_shift,1,2,2,0,144,0.0
32768,CanonicalPPO,101,behavioral_shift,1,2,3,0,144,0.0
32768,CanonicalPPO,101,behavioral_shift,1,2,4,0,144,0.0
32768,CanonicalPPO,101,behavioral_shift,2,0,0,60,60,1.0
32768,CanonicalPPO,101,behavioral_shift,2,0,1,0,60,0.0
32768,CanonicalPPO,101,behavioral_shift,2,0,2,0,60,0.0
32768,CanonicalPPO,101,behavioral_shift,2,0,3,0,60,0.0
32768,CanonicalPPO,101,behavioral_shift,2,0,4,0,60,0.0
32768,CanonicalPPO,101,behavioral_shift,2,1,0,199,199,1.0
32768,CanonicalPPO,101,behavioral_shift,2,1,1,0,199,0.0
32768,CanonicalPPO,101,behavioral_shift,2,1,2,0,199,0.0
32768,CanonicalPPO,101,behavioral_shift,2,1,3,0,199,0.0
32768,CanonicalPPO,101,behavioral_shift,2,1,4,0,199,0.0
32768,CanonicalPPO,101,behavioral_shift,2,2,0,266,266,1.0
32768,CanonicalPPO,101,behavioral_shift,2,2,1,0,266,0.0
32768,CanonicalPPO,101,behavioral_shift,2,2,2,0,266,0.0
32768,CanonicalPPO,101,behavioral_shift,2,2,3,0,266,0.0
32768,CanonicalPPO,101,behavioral_shift,2,2,4,0,266,0.0
32768,CanonicalPPO,202,behavioral_shift,0,0,0,15,15,1.0
32768,CanonicalPPO,202,behavioral_shift,0,0,1,0,15,0.0
32768,CanonicalPPO,202,behavioral_shift,0,0,2,0,15,0.0
32768,CanonicalPPO,202,behavioral_shift,0,0,3,0,15,0.0
32768,CanonicalPPO,202,behavioral_shift,0,0,4,0,15,0.0
32768,CanonicalPPO,202,behavioral_shift,0,1,0,435,435,1.0
32768,CanonicalPPO,202,behavioral_shift,0,1,1,0,435,0.0
32768,CanonicalPPO,202,behavioral_shift,0,1,2,0,435,0.0
32768,CanonicalPPO,202,behavioral_shift,0,1,3,0,435,0.0
32768,CanonicalPPO,202,behavioral_shift,0,1,4,0,435,0.0
32768,CanonicalPPO,202,behavioral_shift,0,2,0,33,33,1.0
32768,CanonicalPPO,202,behavioral_shift,0,2,1,0,33,0.0
32768,CanonicalPPO,202,behavioral_shift,0,2,2,0,33,0.0
32768,CanonicalPPO,202,behavioral_shift,0,2,3,0,33,0.0
32768,CanonicalPPO,202,behavioral_shift,0,2,4,0,33,0.0
32768,CanonicalPPO,202,behavioral_shift,1,0,0,126,126,1.0
32768,CanonicalPPO,202,behavioral_shift,1,0,1,0,126,0.0
32768,CanonicalPPO,202,behavioral_shift,1,0,2,0,126,0.0
32768,CanonicalPPO,202,behavioral_shift,1,0,3,0,126,0.0
32768,CanonicalPPO,202,behavioral_shift,1,0,4,0,126,0.0
32768,CanonicalPPO,202,behavioral_shift,1,1,0,472,472,1.0
32768,CanonicalPPO,202,behavioral_shift,1,1,1,0,472,0.0
32768,CanonicalPPO,202,behavioral_shift,1,1,2,0,472,0.0
32768,CanonicalPPO,202,behavioral_shift,1,1,3,0,472,0.0
32768,CanonicalPPO,202,behavioral_shift,1,1,4,0,472,0.0
32768,CanonicalPPO,202,behavioral_shift,1,2,0,144,144,1.0
32768,CanonicalPPO,202,behavioral_shift,1,2,1,0,144,0.0
32768,CanonicalPPO,202,behavioral_shift,1,2,2,0,144,0.0
32768,CanonicalPPO,202,behavioral_shift,1,2,3,0,144,0.0
32768,CanonicalPPO,202,behavioral_shift,1,2,4,0,144,0.0
32768,CanonicalPPO,202,behavioral_shift,2,0,0,60,60,1.0
32768,CanonicalPPO,202,behavioral_shift,2,0,1,0,60,0.0
32768,CanonicalPPO,202,behavioral_shift,2,0,2,0,60,0.0
32768,CanonicalPPO,202,behavioral_shift,2,0,3,0,60,0.0
32768,CanonicalPPO,202,behavioral_shift,2,0,4,0,60,0.0
32768,CanonicalPPO,202,behavioral_shift,2,1,0,199,199,1.0
32768,CanonicalPPO,202,behavioral_shift,2,1,1,0,199,0.0
32768,CanonicalPPO,202,behavioral_shift,2,1,2,0,199,0.0
32768,CanonicalPPO,202,behavioral_shift,2,1,3,0,199,0.0
32768,CanonicalPPO,202,behavioral_shift,2,1,4,0,199,0.0
32768,CanonicalPPO,202,behavioral_shift,2,2,0,266,266,1.0
32768,CanonicalPPO,202,behavioral_shift,2,2,1,0,266,0.0
32768,CanonicalPPO,202,behavioral_shift,2,2,2,0,266,0.0
32768,CanonicalPPO,202,behavioral_shift,2,2,3,0,266,0.0
32768,CanonicalPPO,202,behavioral_shift,2,2,4,0,266,0.0
32768,CanonicalPPO,303,behavioral_shift,0,0,0,15,15,1.0
32768,CanonicalPPO,303,behavioral_shift,0,0,1,0,15,0.0
32768,CanonicalPPO,303,behavioral_shift,0,0,2,0,15,0.0
32768,CanonicalPPO,303,behavioral_shift,0,0,3,0,15,0.0
32768,CanonicalPPO,303,behavioral_shift,0,0,4,0,15,0.0
32768,CanonicalPPO,303,behavioral_shift,0,1,0,435,435,1.0
32768,CanonicalPPO,303,behavioral_shift,0,1,1,0,435,0.0
32768,CanonicalPPO,303,behavioral_shift,0,1,2,0,435,0.0
32768,CanonicalPPO,303,behavioral_shift,0,1,3,0,435,0.0
32768,CanonicalPPO,303,behavioral_shift,0,1,4,0,435,0.0
32768,CanonicalPPO,303,behavioral_shift,0,2,0,33,33,1.0
32768,CanonicalPPO,303,behavioral_shift,0,2,1,0,33,0.0
32768,CanonicalPPO,303,behavioral_shift,0,2,2,0,33,0.0
32768,CanonicalPPO,303,behavioral_shift,0,2,3,0,33,0.0
32768,CanonicalPPO,303,behavioral_shift,0,2,4,0,33,0.0
32768,CanonicalPPO,303,behavioral_shift,1,0,0,126,126,1.0
32768,CanonicalPPO,303,behavioral_shift,1,0,1,0,126,0.0
32768,CanonicalPPO,303,behavioral_shift,1,0,2,0,126,0.0
32768,CanonicalPPO,303,behavioral_shift,1,0,3,0,126,0.0
32768,CanonicalPPO,303,behavioral_shift,1,0,4,0,126,0.0
32768,CanonicalPPO,303,behavioral_shift,1,1,0,472,472,1.0
32768,CanonicalPPO,303,behavioral_shift,1,1,1,0,472,0.0
32768,CanonicalPPO,303,behavioral_shift,1,1,2,0,472,0.0
32768,CanonicalPPO,303,behavioral_shift,1,1,3,0,472,0.0
32768,CanonicalPPO,303,behavioral_shift,1,1,4,0,472,0.0
32768,CanonicalPPO,303,behavioral_shift,1,2,0,144,144,1.0
32768,CanonicalPPO,303,behavioral_shift,1,2,1,0,144,0.0
32768,CanonicalPPO,303,behavioral_shift,1,2,2,0,144,0.0
32768,CanonicalPPO,303,behavioral_shift,1,2,3,0,144,0.0
32768,CanonicalPPO,303,behavioral_shift,1,2,4,0,144,0.0
32768,CanonicalPPO,303,behavioral_shift,2,0,0,60,60,1.0
32768,CanonicalPPO,303,behavioral_shift,2,0,1,0,60,0.0
32768,CanonicalPPO,303,behavioral_shift,2,0,2,0,60,0.0
32768,CanonicalPPO,303,behavioral_shift,2,0,3,0,60,0.0
32768,CanonicalPPO,303,behavioral_shift,2,0,4,0,60,0.0
32768,CanonicalPPO,303,behavioral_shift,2,1,0,199,199,1.0
32768,CanonicalPPO,303,behavioral_shift,2,1,1,0,199,0.0
32768,CanonicalPPO,303,behavioral_shift,2,1,2,0,199,0.0
32768,CanonicalPPO,303,behavioral_shift,2,1,3,0,199,0.0
32768,CanonicalPPO,303,behavioral_shift,2,1,4,0,199,0.0
32768,CanonicalPPO,303,behavioral_shift,2,2,0,266,266,1.0
32768,CanonicalPPO,303,behavioral_shift,2,2,1,0,266,0.0
32768,CanonicalPPO,303,behavioral_shift,2,2,2,0,266,0.0
32768,CanonicalPPO,303,behavioral_shift,2,2,3,0,266,0.0
32768,CanonicalPPO,303,behavioral_shift,2,2,4,0,266,0.0
32768,CanonicalPPO,404,behavioral_shift,0,0,0,15,15,1.0
32768,CanonicalPPO,404,behavioral_shift,0,0,1,0,15,0.0
32768,CanonicalPPO,404,behavioral_shift,0,0,2,0,15,0.0
32768,CanonicalPPO,404,behavioral_shift,0,0,3,0,15,0.0
32768,CanonicalPPO,404,behavioral_shift,0,0,4,0,15,0.0
32768,CanonicalPPO,404,behavioral_shift,0,1,0,435,435,1.0
32768,CanonicalPPO,404,behavioral_shift,0,1,1,0,435,0.0
32768,CanonicalPPO,404,behavioral_shift,0,1,2,0,435,0.0
32768,CanonicalPPO,404,behavioral_shift,0,1,3,0,435,0.0
32768,CanonicalPPO,404,behavioral_shift,0,1,4,0,435,0.0
32768,CanonicalPPO,404,behavioral_shift,0,2,0,33,33,1.0
32768,CanonicalPPO,404,behavioral_shift,0,2,1,0,33,0.0
32768,CanonicalPPO,404,behavioral_shift,0,2,2,0,33,0.0
32768,CanonicalPPO,404,behavioral_shift,0,2,3,0,33,0.0
32768,CanonicalPPO,404,behavioral_shift,0,2,4,0,33,0.0
32768,CanonicalPPO,404,behavioral_shift,1,0,0,126,126,1.0
32768,CanonicalPPO,404,behavioral_shift,1,0,1,0,126,0.0
32768,CanonicalPPO,404,behavioral_shift,1,0,2,0,126,0.0
32768,CanonicalPPO,404,behavioral_shift,1,0,3,0,126,0.0
32768,CanonicalPPO,404,behavioral_shift,1,0,4,0,126,0.0
32768,CanonicalPPO,404,behavioral_shift,1,1,0,472,472,1.0
32768,CanonicalPPO,404,behavioral_shift,1,1,1,0,472,0.0
32768,CanonicalPPO,404,behavioral_shift,1,1,2,0,472,0.0
32768,CanonicalPPO,404,behavioral_shift,1,1,3,0,472,0.0
32768,CanonicalPPO,404,behavioral_shift,1,1,4,0,472,0.0
32768,CanonicalPPO,404,behavioral_shift,1,2,0,144,144,1.0
32768,CanonicalPPO,404,behavioral_shift,1,2,1,0,144,0.0
32768,CanonicalPPO,404,behavioral_shift,1,2,2,0,144,0.0
32768,CanonicalPPO,404,behavioral_shift,1,2,3,0,144,0.0
32768,CanonicalPPO,404,behavioral_shift,1,2,4,0,144,0.0
32768,CanonicalPPO,404,behavioral_shift,2,0,0,60,60,1.0
32768,CanonicalPPO,404,behavioral_shift,2,0,1,0,60,0.0
32768,CanonicalPPO,404,behavioral_shift,2,0,2,0,60,0.0
32768,CanonicalPPO,404,behavioral_shift,2,0,3,0,60,0.0
32768,CanonicalPPO,404,behavioral_shift,2,0,4,0,60,0.0
32768,CanonicalPPO,404,behavioral_shift,2,1,0,199,199,1.0
32768,CanonicalPPO,404,behavioral_shift,2,1,1,0,199,0.0
32768,CanonicalPPO,404,behavioral_shift,2,1,2,0,199,0.0
32768,CanonicalPPO,404,behavioral_shift,2,1,3,0,199,0.0
32768,CanonicalPPO,404,behavioral_shift,2,1,4,0,199,0.0
32768,CanonicalPPO,404,behavioral_shift,2,2,0,266,266,1.0
32768,CanonicalPPO,404,behavioral_shift,2,2,1,0,266,0.0
32768,CanonicalPPO,404,behavioral_shift,2,2,2,0,266,0.0
32768,CanonicalPPO,404,behavioral_shift,2,2,3,0,266,0.0
32768,CanonicalPPO,404,behavioral_shift,2,2,4,0,266,0.0
32768,CanonicalPPO,505,behavioral_shift,0,0,0,15,15,1.0
32768,CanonicalPPO,505,behavioral_shift,0,0,1,0,15,0.0
32768,CanonicalPPO,505,behavioral_shift,0,0,2,0,15,0.0
32768,CanonicalPPO,505,behavioral_shift,0,0,3,0,15,0.0
32768,CanonicalPPO,505,behavioral_shift,0,0,4,0,15,0.0
32768,CanonicalPPO,505,behavioral_shift,0,1,0,435,435,1.0
32768,CanonicalPPO,505,behavioral_shift,0,1,1,0,435,0.0
32768,CanonicalPPO,505,behavioral_shift,0,1,2,0,435,0.0
32768,CanonicalPPO,505,behavioral_shift,0,1,3,0,435,0.0
32768,CanonicalPPO,505,behavioral_shift,0,1,4,0,435,0.0
32768,CanonicalPPO,505,behavioral_shift,0,2,0,33,33,1.0
32768,CanonicalPPO,505,behavioral_shift,0,2,1,0,33,0.0
32768,CanonicalPPO,505,behavioral_shift,0,2,2,0,33,0.0
32768,CanonicalPPO,505,behavioral_shift,0,2,3,0,33,0.0
32768,CanonicalPPO,505,behavioral_shift,0,2,4,0,33,0.0
32768,CanonicalPPO,505,behavioral_shift,1,0,0,126,126,1.0
32768,CanonicalPPO,505,behavioral_shift,1,0,1,0,126,0.0
32768,CanonicalPPO,505,behavioral_shift,1,0,2,0,126,0.0
32768,CanonicalPPO,505,behavioral_shift,1,0,3,0,126,0.0
32768,CanonicalPPO,505,behavioral_shift,1,0,4,0,126,0.0
32768,CanonicalPPO,505,behavioral_shift,1,1,0,472,472,1.0
32768,CanonicalPPO,505,behavioral_shift,1,1,1,0,472,0.0
32768,CanonicalPPO,505,behavioral_shift,1,1,2,0,472,0.0
32768,CanonicalPPO,505,behavioral_shift,1,1,3,0,472,0.0
32768,CanonicalPPO,505,behavioral_shift,1,1,4,0,472,0.0
32768,CanonicalPPO,505,behavioral_shift,1,2,0,144,144,1.0
32768,CanonicalPPO,505,behavioral_shift,1,2,1,0,144,0.0
32768,CanonicalPPO,505,behavioral_shift,1,2,2,0,144,0.0
32768,CanonicalPPO,505,behavioral_shift,1,2,3,0,144,0.0
32768,CanonicalPPO,505,behavioral_shift,1,2,4,0,144,0.0
32768,CanonicalPPO,505,behavioral_shift,2,0,0,60,60,1.0
32768,CanonicalPPO,505,behavioral_shift,2,0,1,0,60,0.0
32768,CanonicalPPO,505,behavioral_shift,2,0,2,0,60,0.0
32768,CanonicalPPO,505,behavioral_shift,2,0,3,0,60,0.0
32768,CanonicalPPO,505,behavioral_shift,2,0,4,0,60,0.0
32768,CanonicalPPO,505,behavioral_shift,2,1,0,199,199,1.0
32768,CanonicalPPO,505,behavioral_shift,2,1,1,0,199,0.0
32768,CanonicalPPO,505,behavioral_shift,2,1,2,0,199,0.0
32768,CanonicalPPO,505,behavioral_shift,2,1,3,0,199,0.0
32768,CanonicalPPO,505,behavioral_shift,2,1,4,0,199,0.0
32768,CanonicalPPO,505,behavioral_shift,2,2,0,266,266,1.0
32768,CanonicalPPO,505,behavioral_shift,2,2,1,0,266,0.0
32768,CanonicalPPO,505,behavioral_shift,2,2,2,0,266,0.0
32768,CanonicalPPO,505,behavioral_shift,2,2,3,0,266,0.0
32768,CanonicalPPO,505,behavioral_shift,2,2,4,0,266,0.0
32768,MyopicEconomic,101,behavioral_shift,0,0,0,35,567,0.06172839506172839
32768,MyopicEconomic,101,behavioral_shift,0,0,1,39,567,0.06878306878306878
32768,MyopicEconomic,101,behavioral_shift,0,0,2,284,567,0.5008818342151675
32768,MyopicEconomic,101,behavioral_shift,0,0,3,42,567,0.07407407407407407
32768,MyopicEconomic,101,behavioral_shift,0,0,4,167,567,0.2945326278659612
32768,MyopicEconomic,101,behavioral_shift,0,1,0,0,19,0.0
32768,MyopicEconomic,101,behavioral_shift,0,1,1,0,19,0.0
32768,MyopicEconomic,101,behavioral_shift,0,1,2,0,19,0.0
32768,MyopicEconomic,101,behavioral_shift,0,1,3,0,19,0.0
32768,MyopicEconomic,101,behavioral_shift,0,1,4,19,19,1.0
32768,MyopicEconomic,101,behavioral_shift,1,0,0,31,765,0.040522875816993466
32768,MyopicEconomic,101,behavioral_shift,1,0,1,34,765,0.044444444444444446
32768,MyopicEconomic,101,behavioral_shift,1,0,2,379,765,0.4954248366013072
32768,MyopicEconomic,101,behavioral_shift,1,0,3,52,765,0.06797385620915032
32768,MyopicEconomic,101,behavioral_shift,1,0,4,269,765,0.3516339869281046
32768,MyopicEconomic,101,behavioral_shift,1,1,0,46,159,0.2893081761006289
32768,MyopicEconomic,101,behavioral_shift,1,1,1,1,159,0.006289308176100629
32768,MyopicEconomic,101,behavioral_shift,1,1,2,59,159,0.3710691823899371
32768,MyopicEconomic,101,behavioral_shift,1,1,3,2,159,0.012578616352201259
32768,MyopicEconomic,101,behavioral_shift,1,1,4,51,159,0.32075471698113206
32768,MyopicEconomic,101,behavioral_shift,1,2,0,0,9,0.0
32768,MyopicEconomic,101,behavioral_shift,1,2,1,0,9,0.0
32768,MyopicEconomic,101,behavioral_shift,1,2,2,0,9,0.0
32768,MyopicEconomic,101,behavioral_shift,1,2,3,0,9,0.0
32768,MyopicEconomic,101,behavioral_shift,1,2,4,9,9,1.0
32768,MyopicEconomic,101,behavioral_shift,2,0,0,8,514,0.01556420233463035
32768,MyopicEconomic,101,behavioral_shift,2,0,1,4,514,0.007782101167315175
32768,MyopicEconomic,101,behavioral_shift,2,0,2,326,514,0.6342412451361867
32768,MyopicEconomic,101,behavioral_shift,2,0,3,18,514,0.03501945525291829
32768,MyopicEconomic,101,behavioral_shift,2,0,4,158,514,0.30739299610894943
32768,MyopicEconomic,101,behavioral_shift,2,1,0,59,289,0.2041522491349481
32768,MyopicEconomic,101,behavioral_shift,2,1,1,23,289,0.07958477508650519
32768,MyopicEconomic,101,behavioral_shift,2,1,2,140,289,0.4844290657439446
32768,MyopicEconomic,101,behavioral_shift,2,1,3,2,289,0.006920415224913495
32768,MyopicEconomic,101,behavioral_shift,2,1,4,65,289,0.22491349480968859
32768,MyopicEconomic,101,behavioral_shift,2,2,0,0,37,0.0
32768,MyopicEconomic,101,behavioral_shift,2,2,1,0,37,0.0
32768,MyopicEconomic,101,behavioral_shift,2,2,2,13,37,0.35135135135135137
32768,MyopicEconomic,101,behavioral_shift,2,2,3,0,37,0.0
32768,MyopicEconomic,101,behavioral_shift,2,2,4,24,37,0.6486486486486487
32768,MyopicEconomic,202,behavioral_shift,0,0,0,35,567,0.06172839506172839
32768,MyopicEconomic,202,behavioral_shift,0,0,1,39,567,0.06878306878306878
32768,MyopicEconomic,202,behavioral_shift,0,0,2,284,567,0.5008818342151675
32768,MyopicEconomic,202,behavioral_shift,0,0,3,42,567,0.07407407407407407
32768,MyopicEconomic,202,behavioral_shift,0,0,4,167,567,0.2945326278659612
32768,MyopicEconomic,202,behavioral_shift,0,1,0,0,19,0.0
32768,MyopicEconomic,202,behavioral_shift,0,1,1,0,19,0.0
32768,MyopicEconomic,202,behavioral_shift,0,1,2,0,19,0.0
32768,MyopicEconomic,202,behavioral_shift,0,1,3,0,19,0.0
32768,MyopicEconomic,202,behavioral_shift,0,1,4,19,19,1.0
32768,MyopicEconomic,202,behavioral_shift,1,0,0,31,765,0.040522875816993466
32768,MyopicEconomic,202,behavioral_shift,1,0,1,34,765,0.044444444444444446
32768,MyopicEconomic,202,behavioral_shift,1,0,2,379,765,0.4954248366013072
32768,MyopicEconomic,202,behavioral_shift,1,0,3,52,765,0.06797385620915032
32768,MyopicEconomic,202,behavioral_shift,1,0,4,269,765,0.3516339869281046
32768,MyopicEconomic,202,behavioral_shift,1,1,0,46,159,0.2893081761006289
32768,MyopicEconomic,202,behavioral_shift,1,1,1,1,159,0.006289308176100629
32768,MyopicEconomic,202,behavioral_shift,1,1,2,59,159,0.3710691823899371
32768,MyopicEconomic,202,behavioral_shift,1,1,3,2,159,0.012578616352201259
32768,MyopicEconomic,202,behavioral_shift,1,1,4,51,159,0.32075471698113206
32768,MyopicEconomic,202,behavioral_shift,1,2,0,0,9,0.0
32768,MyopicEconomic,202,behavioral_shift,1,2,1,0,9,0.0
32768,MyopicEconomic,202,behavioral_shift,1,2,2,0,9,0.0
32768,MyopicEconomic,202,behavioral_shift,1,2,3,0,9,0.0
32768,MyopicEconomic,202,behavioral_shift,1,2,4,9,9,1.0
32768,MyopicEconomic,202,behavioral_shift,2,0,0,8,514,0.01556420233463035
32768,MyopicEconomic,202,behavioral_shift,2,0,1,4,514,0.007782101167315175
32768,MyopicEconomic,202,behavioral_shift,2,0,2,326,514,0.6342412451361867
32768,MyopicEconomic,202,behavioral_shift,2,0,3,18,514,0.03501945525291829
32768,MyopicEconomic,202,behavioral_shift,2,0,4,158,514,0.30739299610894943
32768,MyopicEconomic,202,behavioral_shift,2,1,0,59,289,0.2041522491349481
32768,MyopicEconomic,202,behavioral_shift,2,1,1,23,289,0.07958477508650519
32768,MyopicEconomic,202,behavioral_shift,2,1,2,140,289,0.4844290657439446
32768,MyopicEconomic,202,behavioral_shift,2,1,3,2,289,0.006920415224913495
32768,MyopicEconomic,202,behavioral_shift,2,1,4,65,289,0.22491349480968859
32768,MyopicEconomic,202,behavioral_shift,2,2,0,0,37,0.0
32768,MyopicEconomic,202,behavioral_shift,2,2,1,0,37,0.0
32768,MyopicEconomic,202,behavioral_shift,2,2,2,13,37,0.35135135135135137
32768,MyopicEconomic,202,behavioral_shift,2,2,3,0,37,0.0
32768,MyopicEconomic,202,behavioral_shift,2,2,4,24,37,0.6486486486486487
32768,MyopicEconomic,303,behavioral_shift,0,0,0,35,567,0.06172839506172839
32768,MyopicEconomic,303,behavioral_shift,0,0,1,39,567,0.06878306878306878
32768,MyopicEconomic,303,behavioral_shift,0,0,2,284,567,0.5008818342151675
32768,MyopicEconomic,303,behavioral_shift,0,0,3,42,567,0.07407407407407407
32768,MyopicEconomic,303,behavioral_shift,0,0,4,167,567,0.2945326278659612
32768,MyopicEconomic,303,behavioral_shift,0,1,0,0,19,0.0
32768,MyopicEconomic,303,behavioral_shift,0,1,1,0,19,0.0
32768,MyopicEconomic,303,behavioral_shift,0,1,2,0,19,0.0
32768,MyopicEconomic,303,behavioral_shift,0,1,3,0,19,0.0
32768,MyopicEconomic,303,behavioral_shift,0,1,4,19,19,1.0
32768,MyopicEconomic,303,behavioral_shift,1,0,0,31,765,0.040522875816993466
32768,MyopicEconomic,303,behavioral_shift,1,0,1,34,765,0.044444444444444446
32768,MyopicEconomic,303,behavioral_shift,1,0,2,379,765,0.4954248366013072
32768,MyopicEconomic,303,behavioral_shift,1,0,3,52,765,0.06797385620915032
32768,MyopicEconomic,303,behavioral_shift,1,0,4,269,765,0.3516339869281046
32768,MyopicEconomic,303,behavioral_shift,1,1,0,46,159,0.2893081761006289
32768,MyopicEconomic,303,behavioral_shift,1,1,1,1,159,0.006289308176100629
32768,MyopicEconomic,303,behavioral_shift,1,1,2,59,159,0.3710691823899371
32768,MyopicEconomic,303,behavioral_shift,1,1,3,2,159,0.012578616352201259
32768,MyopicEconomic,303,behavioral_shift,1,1,4,51,159,0.32075471698113206
32768,MyopicEconomic,303,behavioral_shift,1,2,0,0,9,0.0
32768,MyopicEconomic,303,behavioral_shift,1,2,1,0,9,0.0
32768,MyopicEconomic,303,behavioral_shift,1,2,2,0,9,0.0
32768,MyopicEconomic,303,behavioral_shift,1,2,3,0,9,0.0
32768,MyopicEconomic,303,behavioral_shift,1,2,4,9,9,1.0
32768,MyopicEconomic,303,behavioral_shift,2,0,0,8,514,0.01556420233463035
32768,MyopicEconomic,303,behavioral_shift,2,0,1,4,514,0.007782101167315175
32768,MyopicEconomic,303,behavioral_shift,2,0,2,326,514,0.6342412451361867
32768,MyopicEconomic,303,behavioral_shift,2,0,3,18,514,0.03501945525291829
32768,MyopicEconomic,303,behavioral_shift,2,0,4,158,514,0.30739299610894943
32768,MyopicEconomic,303,behavioral_shift,2,1,0,59,289,0.2041522491349481
32768,MyopicEconomic,303,behavioral_shift,2,1,1,23,289,0.07958477508650519
32768,MyopicEconomic,303,behavioral_shift,2,1,2,140,289,0.4844290657439446
32768,MyopicEconomic,303,behavioral_shift,2,1,3,2,289,0.006920415224913495
32768,MyopicEconomic,303,behavioral_shift,2,1,4,65,289,0.22491349480968859
32768,MyopicEconomic,303,behavioral_shift,2,2,0,0,37,0.0
32768,MyopicEconomic,303,behavioral_shift,2,2,1,0,37,0.0
32768,MyopicEconomic,303,behavioral_shift,2,2,2,13,37,0.35135135135135137
32768,MyopicEconomic,303,behavioral_shift,2,2,3,0,37,0.0
32768,MyopicEconomic,303,behavioral_shift,2,2,4,24,37,0.6486486486486487
32768,MyopicEconomic,404,behavioral_shift,0,0,0,35,567,0.06172839506172839
32768,MyopicEconomic,404,behavioral_shift,0,0,1,39,567,0.06878306878306878
32768,MyopicEconomic,404,behavioral_shift,0,0,2,284,567,0.5008818342151675
32768,MyopicEconomic,404,behavioral_shift,0,0,3,42,567,0.07407407407407407
32768,MyopicEconomic,404,behavioral_shift,0,0,4,167,567,0.2945326278659612
32768,MyopicEconomic,404,behavioral_shift,0,1,0,0,19,0.0
32768,MyopicEconomic,404,behavioral_shift,0,1,1,0,19,0.0
32768,MyopicEconomic,404,behavioral_shift,0,1,2,0,19,0.0
32768,MyopicEconomic,404,behavioral_shift,0,1,3,0,19,0.0
32768,MyopicEconomic,404,behavioral_shift,0,1,4,19,19,1.0
32768,MyopicEconomic,404,behavioral_shift,1,0,0,31,765,0.040522875816993466
32768,MyopicEconomic,404,behavioral_shift,1,0,1,34,765,0.044444444444444446
32768,MyopicEconomic,404,behavioral_shift,1,0,2,379,765,0.4954248366013072
32768,MyopicEconomic,404,behavioral_shift,1,0,3,52,765,0.06797385620915032
32768,MyopicEconomic,404,behavioral_shift,1,0,4,269,765,0.3516339869281046
32768,MyopicEconomic,404,behavioral_shift,1,1,0,46,159,0.2893081761006289
32768,MyopicEconomic,404,behavioral_shift,1,1,1,1,159,0.006289308176100629
32768,MyopicEconomic,404,behavioral_shift,1,1,2,59,159,0.3710691823899371
32768,MyopicEconomic,404,behavioral_shift,1,1,3,2,159,0.012578616352201259
32768,MyopicEconomic,404,behavioral_shift,1,1,4,51,159,0.32075471698113206
32768,MyopicEconomic,404,behavioral_shift,1,2,0,0,9,0.0
32768,MyopicEconomic,404,behavioral_shift,1,2,1,0,9,0.0
32768,MyopicEconomic,404,behavioral_shift,1,2,2,0,9,0.0
32768,MyopicEconomic,404,behavioral_shift,1,2,3,0,9,0.0
32768,MyopicEconomic,404,behavioral_shift,1,2,4,9,9,1.0
32768,MyopicEconomic,404,behavioral_shift,2,0,0,8,514,0.01556420233463035
32768,MyopicEconomic,404,behavioral_shift,2,0,1,4,514,0.007782101167315175
32768,MyopicEconomic,404,behavioral_shift,2,0,2,326,514,0.6342412451361867
32768,MyopicEconomic,404,behavioral_shift,2,0,3,18,514,0.03501945525291829
32768,MyopicEconomic,404,behavioral_shift,2,0,4,158,514,0.30739299610894943
32768,MyopicEconomic,404,behavioral_shift,2,1,0,59,289,0.2041522491349481
32768,MyopicEconomic,404,behavioral_shift,2,1,1,23,289,0.07958477508650519
32768,MyopicEconomic,404,behavioral_shift,2,1,2,140,289,0.4844290657439446
32768,MyopicEconomic,404,behavioral_shift,2,1,3,2,289,0.006920415224913495
32768,MyopicEconomic,404,behavioral_shift,2,1,4,65,289,0.22491349480968859
32768,MyopicEconomic,404,behavioral_shift,2,2,0,0,37,0.0
32768,MyopicEconomic,404,behavioral_shift,2,2,1,0,37,0.0
32768,MyopicEconomic,404,behavioral_shift,2,2,2,13,37,0.35135135135135137
32768,MyopicEconomic,404,behavioral_shift,2,2,3,0,37,0.0
32768,MyopicEconomic,404,behavioral_shift,2,2,4,24,37,0.6486486486486487
32768,MyopicEconomic,505,behavioral_shift,0,0,0,35,567,0.06172839506172839
32768,MyopicEconomic,505,behavioral_shift,0,0,1,39,567,0.06878306878306878
32768,MyopicEconomic,505,behavioral_shift,0,0,2,284,567,0.5008818342151675
32768,MyopicEconomic,505,behavioral_shift,0,0,3,42,567,0.07407407407407407
32768,MyopicEconomic,505,behavioral_shift,0,0,4,167,567,0.2945326278659612
32768,MyopicEconomic,505,behavioral_shift,0,1,0,0,19,0.0
32768,MyopicEconomic,505,behavioral_shift,0,1,1,0,19,0.0
32768,MyopicEconomic,505,behavioral_shift,0,1,2,0,19,0.0
32768,MyopicEconomic,505,behavioral_shift,0,1,3,0,19,0.0
32768,MyopicEconomic,505,behavioral_shift,0,1,4,19,19,1.0
32768,MyopicEconomic,505,behavioral_shift,1,0,0,31,765,0.040522875816993466
32768,MyopicEconomic,505,behavioral_shift,1,0,1,34,765,0.044444444444444446
32768,MyopicEconomic,505,behavioral_shift,1,0,2,379,765,0.4954248366013072
32768,MyopicEconomic,505,behavioral_shift,1,0,3,52,765,0.06797385620915032
32768,MyopicEconomic,505,behavioral_shift,1,0,4,269,765,0.3516339869281046
32768,MyopicEconomic,505,behavioral_shift,1,1,0,46,159,0.2893081761006289
32768,MyopicEconomic,505,behavioral_shift,1,1,1,1,159,0.006289308176100629
32768,MyopicEconomic,505,behavioral_shift,1,1,2,59,159,0.3710691823899371
32768,MyopicEconomic,505,behavioral_shift,1,1,3,2,159,0.012578616352201259
32768,MyopicEconomic,505,behavioral_shift,1,1,4,51,159,0.32075471698113206
32768,MyopicEconomic,505,behavioral_shift,1,2,0,0,9,0.0
32768,MyopicEconomic,505,behavioral_shift,1,2,1,0,9,0.0
32768,MyopicEconomic,505,behavioral_shift,1,2,2,0,9,0.0
32768,MyopicEconomic,505,behavioral_shift,1,2,3,0,9,0.0
32768,MyopicEconomic,505,behavioral_shift,1,2,4,9,9,1.0
32768,MyopicEconomic,505,behavioral_shift,2,0,0,8,514,0.01556420233463035
32768,MyopicEconomic,505,behavioral_shift,2,0,1,4,514,0.007782101167315175
32768,MyopicEconomic,505,behavioral_shift,2,0,2,326,514,0.6342412451361867
32768,MyopicEconomic,505,behavioral_shift,2,0,3,18,514,0.03501945525291829
32768,MyopicEconomic,505,behavioral_shift,2,0,4,158,514,0.30739299610894943
32768,MyopicEconomic,505,behavioral_shift,2,1,0,59,289,0.2041522491349481
32768,MyopicEconomic,505,behavioral_shift,2,1,1,23,289,0.07958477508650519
32768,MyopicEconomic,505,behavioral_shift,2,1,2,140,289,0.4844290657439446
32768,MyopicEconomic,505,behavioral_shift,2,1,3,2,289,0.006920415224913495
32768,MyopicEconomic,505,behavioral_shift,2,1,4,65,289,0.22491349480968859
32768,MyopicEconomic,505,behavioral_shift,2,2,0,0,37,0.0
32768,MyopicEconomic,505,behavioral_shift,2,2,1,0,37,0.0
32768,MyopicEconomic,505,behavioral_shift,2,2,2,13,37,0.35135135135135137
32768,MyopicEconomic,505,behavioral_shift,2,2,3,0,37,0.0
32768,MyopicEconomic,505,behavioral_shift,2,2,4,24,37,0.6486486486486487
32768,ObservationPlanner,101,behavioral_shift,0,0,0,15,36,0.4166666666666667
32768,ObservationPlanner,101,behavioral_shift,0,0,1,0,36,0.0
32768,ObservationPlanner,101,behavioral_shift,0,0,2,0,36,0.0
32768,ObservationPlanner,101,behavioral_shift,0,0,3,8,36,0.2222222222222222
32768,ObservationPlanner,101,behavioral_shift,0,0,4,13,36,0.3611111111111111
32768,ObservationPlanner,101,behavioral_shift,0,1,0,159,469,0.3390191897654584
32768,ObservationPlanner,101,behavioral_shift,0,1,1,129,469,0.27505330490405117
32768,ObservationPlanner,101,behavioral_shift,0,1,2,38,469,0.08102345415778252
32768,ObservationPlanner,101,behavioral_shift,0,1,3,44,469,0.09381663113006397
32768,ObservationPlanner,101,behavioral_shift,0,1,4,99,469,0.21108742004264391
32768,ObservationPlanner,101,behavioral_shift,0,2,0,1,11,0.09090909090909091
32768,ObservationPlanner,101,behavioral_shift,0,2,1,4,11,0.36363636363636365
32768,ObservationPlanner,101,behavioral_shift,0,2,2,2,11,0.18181818181818182
32768,ObservationPlanner,101,behavioral_shift,0,2,3,2,11,0.18181818181818182
32768,ObservationPlanner,101,behavioral_shift,0,2,4,2,11,0.18181818181818182
32768,ObservationPlanner,101,behavioral_shift,1,0,0,126,126,1.0
32768,ObservationPlanner,101,behavioral_shift,1,0,1,0,126,0.0
32768,ObservationPlanner,101,behavioral_shift,1,0,2,0,126,0.0
32768,ObservationPlanner,101,behavioral_shift,1,0,3,0,126,0.0
32768,ObservationPlanner,101,behavioral_shift,1,0,4,0,126,0.0
32768,ObservationPlanner,101,behavioral_shift,1,1,0,401,585,0.6854700854700855
32768,ObservationPlanner,101,behavioral_shift,1,1,1,47,585,0.08034188034188035
32768,ObservationPlanner,101,behavioral_shift,1,1,2,87,585,0.14871794871794872
32768,ObservationPlanner,101,behavioral_shift,1,1,3,22,585,0.037606837606837605
32768,ObservationPlanner,101,behavioral_shift,1,1,4,28,585,0.04786324786324787
32768,ObservationPlanner,101,behavioral_shift,1,2,0,23,148,0.1554054054054054
32768,ObservationPlanner,101,behavioral_shift,1,2,1,60,148,0.40540540540540543
32768,ObservationPlanner,101,behavioral_shift,1,2,2,35,148,0.23648648648648649
32768,ObservationPlanner,101,behavioral_shift,1,2,3,15,148,0.10135135135135136
32768,ObservationPlanner,101,behavioral_shift,1,2,4,15,148,0.10135135135135136
32768,ObservationPlanner,101,behavioral_shift,2,0,0,57,60,0.95
32768,ObservationPlanner,101,behavioral_shift,2,0,1,3,60,0.05
32768,ObservationPlanner,101,behavioral_shift,2,0,2,0,60,0.0
32768,ObservationPlanner,101,behavioral_shift,2,0,3,0,60,0.0
32768,ObservationPlanner,101,behavioral_shift,2,0,4,0,60,0.0
32768,ObservationPlanner,101,behavioral_shift,2,1,0,191,210,0.9095238095238095
32768,ObservationPlanner,101,behavioral_shift,2,1,1,5,210,0.023809523809523808
32768,ObservationPlanner,101,behavioral_shift,2,1,2,13,210,0.06190476190476191
32768,ObservationPlanner,101,behavioral_shift,2,1,3,0,210,0.0
32768,ObservationPlanner,101,behavioral_shift,2,1,4,1,210,0.004761904761904762
32768,ObservationPlanner,101,behavioral_shift,2,2,0,134,295,0.4542372881355932
32768,ObservationPlanner,101,behavioral_shift,2,2,1,75,295,0.2542372881355932
32768,ObservationPlanner,101,behavioral_shift,2,2,2,64,295,0.21694915254237288
32768,ObservationPlanner,101,behavioral_shift,2,2,3,12,295,0.04067796610169491
32768,ObservationPlanner,101,behavioral_shift,2,2,4,10,295,0.03389830508474576
32768,ObservationPlanner,202,behavioral_shift,0,0,0,15,36,0.4166666666666667
32768,ObservationPlanner,202,behavioral_shift,0,0,1,0,36,0.0
32768,ObservationPlanner,202,behavioral_shift,0,0,2,0,36,0.0
32768,ObservationPlanner,202,behavioral_shift,0,0,3,8,36,0.2222222222222222
32768,ObservationPlanner,202,behavioral_shift,0,0,4,13,36,0.3611111111111111
32768,ObservationPlanner,202,behavioral_shift,0,1,0,159,469,0.3390191897654584
32768,ObservationPlanner,202,behavioral_shift,0,1,1,129,469,0.27505330490405117
32768,ObservationPlanner,202,behavioral_shift,0,1,2,38,469,0.08102345415778252
32768,ObservationPlanner,202,behavioral_shift,0,1,3,44,469,0.09381663113006397
32768,ObservationPlanner,202,behavioral_shift,0,1,4,99,469,0.21108742004264391
32768,ObservationPlanner,202,behavioral_shift,0,2,0,1,11,0.09090909090909091
32768,ObservationPlanner,202,behavioral_shift,0,2,1,4,11,0.36363636363636365
32768,ObservationPlanner,202,behavioral_shift,0,2,2,2,11,0.18181818181818182
32768,ObservationPlanner,202,behavioral_shift,0,2,3,2,11,0.18181818181818182
32768,ObservationPlanner,202,behavioral_shift,0,2,4,2,11,0.18181818181818182
32768,ObservationPlanner,202,behavioral_shift,1,0,0,126,126,1.0
32768,ObservationPlanner,202,behavioral_shift,1,0,1,0,126,0.0
32768,ObservationPlanner,202,behavioral_shift,1,0,2,0,126,0.0
32768,ObservationPlanner,202,behavioral_shift,1,0,3,0,126,0.0
32768,ObservationPlanner,202,behavioral_shift,1,0,4,0,126,0.0
32768,ObservationPlanner,202,behavioral_shift,1,1,0,401,585,0.6854700854700855
32768,ObservationPlanner,202,behavioral_shift,1,1,1,47,585,0.08034188034188035
32768,ObservationPlanner,202,behavioral_shift,1,1,2,87,585,0.14871794871794872
32768,ObservationPlanner,202,behavioral_shift,1,1,3,22,585,0.037606837606837605
32768,ObservationPlanner,202,behavioral_shift,1,1,4,28,585,0.04786324786324787
32768,ObservationPlanner,202,behavioral_shift,1,2,0,23,148,0.1554054054054054
32768,ObservationPlanner,202,behavioral_shift,1,2,1,60,148,0.40540540540540543
32768,ObservationPlanner,202,behavioral_shift,1,2,2,35,148,0.23648648648648649
32768,ObservationPlanner,202,behavioral_shift,1,2,3,15,148,0.10135135135135136
32768,ObservationPlanner,202,behavioral_shift,1,2,4,15,148,0.10135135135135136
32768,ObservationPlanner,202,behavioral_shift,2,0,0,57,60,0.95
32768,ObservationPlanner,202,behavioral_shift,2,0,1,3,60,0.05
32768,ObservationPlanner,202,behavioral_shift,2,0,2,0,60,0.0
32768,ObservationPlanner,202,behavioral_shift,2,0,3,0,60,0.0
32768,ObservationPlanner,202,behavioral_shift,2,0,4,0,60,0.0
32768,ObservationPlanner,202,behavioral_shift,2,1,0,191,210,0.9095238095238095
32768,ObservationPlanner,202,behavioral_shift,2,1,1,5,210,0.023809523809523808
32768,ObservationPlanner,202,behavioral_shift,2,1,2,13,210,0.06190476190476191
32768,ObservationPlanner,202,behavioral_shift,2,1,3,0,210,0.0
32768,ObservationPlanner,202,behavioral_shift,2,1,4,1,210,0.004761904761904762
32768,ObservationPlanner,202,behavioral_shift,2,2,0,134,295,0.4542372881355932
32768,ObservationPlanner,202,behavioral_shift,2,2,1,75,295,0.2542372881355932
32768,ObservationPlanner,202,behavioral_shift,2,2,2,64,295,0.21694915254237288
32768,ObservationPlanner,202,behavioral_shift,2,2,3,12,295,0.04067796610169491
32768,ObservationPlanner,202,behavioral_shift,2,2,4,10,295,0.03389830508474576
32768,ObservationPlanner,303,behavioral_shift,0,0,0,15,36,0.4166666666666667
32768,ObservationPlanner,303,behavioral_shift,0,0,1,0,36,0.0
32768,ObservationPlanner,303,behavioral_shift,0,0,2,0,36,0.0
32768,ObservationPlanner,303,behavioral_shift,0,0,3,8,36,0.2222222222222222
32768,ObservationPlanner,303,behavioral_shift,0,0,4,13,36,0.3611111111111111
32768,ObservationPlanner,303,behavioral_shift,0,1,0,159,469,0.3390191897654584
32768,ObservationPlanner,303,behavioral_shift,0,1,1,129,469,0.27505330490405117
32768,ObservationPlanner,303,behavioral_shift,0,1,2,38,469,0.08102345415778252
32768,ObservationPlanner,303,behavioral_shift,0,1,3,44,469,0.09381663113006397
32768,ObservationPlanner,303,behavioral_shift,0,1,4,99,469,0.21108742004264391
32768,ObservationPlanner,303,behavioral_shift,0,2,0,1,11,0.09090909090909091
32768,ObservationPlanner,303,behavioral_shift,0,2,1,4,11,0.36363636363636365
32768,ObservationPlanner,303,behavioral_shift,0,2,2,2,11,0.18181818181818182
32768,ObservationPlanner,303,behavioral_shift,0,2,3,2,11,0.18181818181818182
32768,ObservationPlanner,303,behavioral_shift,0,2,4,2,11,0.18181818181818182
32768,ObservationPlanner,303,behavioral_shift,1,0,0,126,126,1.0
32768,ObservationPlanner,303,behavioral_shift,1,0,1,0,126,0.0
32768,ObservationPlanner,303,behavioral_shift,1,0,2,0,126,0.0
32768,ObservationPlanner,303,behavioral_shift,1,0,3,0,126,0.0
32768,ObservationPlanner,303,behavioral_shift,1,0,4,0,126,0.0
32768,ObservationPlanner,303,behavioral_shift,1,1,0,401,585,0.6854700854700855
32768,ObservationPlanner,303,behavioral_shift,1,1,1,47,585,0.08034188034188035
32768,ObservationPlanner,303,behavioral_shift,1,1,2,87,585,0.14871794871794872
32768,ObservationPlanner,303,behavioral_shift,1,1,3,22,585,0.037606837606837605
32768,ObservationPlanner,303,behavioral_shift,1,1,4,28,585,0.04786324786324787
32768,ObservationPlanner,303,behavioral_shift,1,2,0,23,148,0.1554054054054054
32768,ObservationPlanner,303,behavioral_shift,1,2,1,60,148,0.40540540540540543
32768,ObservationPlanner,303,behavioral_shift,1,2,2,35,148,0.23648648648648649
32768,ObservationPlanner,303,behavioral_shift,1,2,3,15,148,0.10135135135135136
32768,ObservationPlanner,303,behavioral_shift,1,2,4,15,148,0.10135135135135136
32768,ObservationPlanner,303,behavioral_shift,2,0,0,57,60,0.95
32768,ObservationPlanner,303,behavioral_shift,2,0,1,3,60,0.05
32768,ObservationPlanner,303,behavioral_shift,2,0,2,0,60,0.0
32768,ObservationPlanner,303,behavioral_shift,2,0,3,0,60,0.0
32768,ObservationPlanner,303,behavioral_shift,2,0,4,0,60,0.0
32768,ObservationPlanner,303,behavioral_shift,2,1,0,191,210,0.9095238095238095
32768,ObservationPlanner,303,behavioral_shift,2,1,1,5,210,0.023809523809523808
32768,ObservationPlanner,303,behavioral_shift,2,1,2,13,210,0.06190476190476191
32768,ObservationPlanner,303,behavioral_shift,2,1,3,0,210,0.0
32768,ObservationPlanner,303,behavioral_shift,2,1,4,1,210,0.004761904761904762
32768,ObservationPlanner,303,behavioral_shift,2,2,0,134,295,0.4542372881355932
32768,ObservationPlanner,303,behavioral_shift,2,2,1,75,295,0.2542372881355932
32768,ObservationPlanner,303,behavioral_shift,2,2,2,64,295,0.21694915254237288
32768,ObservationPlanner,303,behavioral_shift,2,2,3,12,295,0.04067796610169491
32768,ObservationPlanner,303,behavioral_shift,2,2,4,10,295,0.03389830508474576
32768,ObservationPlanner,404,behavioral_shift,0,0,0,15,36,0.4166666666666667
32768,ObservationPlanner,404,behavioral_shift,0,0,1,0,36,0.0
32768,ObservationPlanner,404,behavioral_shift,0,0,2,0,36,0.0
32768,ObservationPlanner,404,behavioral_shift,0,0,3,8,36,0.2222222222222222
32768,ObservationPlanner,404,behavioral_shift,0,0,4,13,36,0.3611111111111111
32768,ObservationPlanner,404,behavioral_shift,0,1,0,159,469,0.3390191897654584
32768,ObservationPlanner,404,behavioral_shift,0,1,1,129,469,0.27505330490405117
32768,ObservationPlanner,404,behavioral_shift,0,1,2,38,469,0.08102345415778252
32768,ObservationPlanner,404,behavioral_shift,0,1,3,44,469,0.09381663113006397
32768,ObservationPlanner,404,behavioral_shift,0,1,4,99,469,0.21108742004264391
32768,ObservationPlanner,404,behavioral_shift,0,2,0,1,11,0.09090909090909091
32768,ObservationPlanner,404,behavioral_shift,0,2,1,4,11,0.36363636363636365
32768,ObservationPlanner,404,behavioral_shift,0,2,2,2,11,0.18181818181818182
32768,ObservationPlanner,404,behavioral_shift,0,2,3,2,11,0.18181818181818182
32768,ObservationPlanner,404,behavioral_shift,0,2,4,2,11,0.18181818181818182
32768,ObservationPlanner,404,behavioral_shift,1,0,0,126,126,1.0
32768,ObservationPlanner,404,behavioral_shift,1,0,1,0,126,0.0
32768,ObservationPlanner,404,behavioral_shift,1,0,2,0,126,0.0
32768,ObservationPlanner,404,behavioral_shift,1,0,3,0,126,0.0
32768,ObservationPlanner,404,behavioral_shift,1,0,4,0,126,0.0
32768,ObservationPlanner,404,behavioral_shift,1,1,0,401,585,0.6854700854700855
32768,ObservationPlanner,404,behavioral_shift,1,1,1,47,585,0.08034188034188035
32768,ObservationPlanner,404,behavioral_shift,1,1,2,87,585,0.14871794871794872
32768,ObservationPlanner,404,behavioral_shift,1,1,3,22,585,0.037606837606837605
32768,ObservationPlanner,404,behavioral_shift,1,1,4,28,585,0.04786324786324787
32768,ObservationPlanner,404,behavioral_shift,1,2,0,23,148,0.1554054054054054
32768,ObservationPlanner,404,behavioral_shift,1,2,1,60,148,0.40540540540540543
32768,ObservationPlanner,404,behavioral_shift,1,2,2,35,148,0.23648648648648649
32768,ObservationPlanner,404,behavioral_shift,1,2,3,15,148,0.10135135135135136
32768,ObservationPlanner,404,behavioral_shift,1,2,4,15,148,0.10135135135135136
32768,ObservationPlanner,404,behavioral_shift,2,0,0,57,60,0.95
32768,ObservationPlanner,404,behavioral_shift,2,0,1,3,60,0.05
32768,ObservationPlanner,404,behavioral_shift,2,0,2,0,60,0.0
32768,ObservationPlanner,404,behavioral_shift,2,0,3,0,60,0.0
32768,ObservationPlanner,404,behavioral_shift,2,0,4,0,60,0.0
32768,ObservationPlanner,404,behavioral_shift,2,1,0,191,210,0.9095238095238095
32768,ObservationPlanner,404,behavioral_shift,2,1,1,5,210,0.023809523809523808
32768,ObservationPlanner,404,behavioral_shift,2,1,2,13,210,0.06190476190476191
32768,ObservationPlanner,404,behavioral_shift,2,1,3,0,210,0.0
32768,ObservationPlanner,404,behavioral_shift,2,1,4,1,210,0.004761904761904762
32768,ObservationPlanner,404,behavioral_shift,2,2,0,134,295,0.4542372881355932
32768,ObservationPlanner,404,behavioral_shift,2,2,1,75,295,0.2542372881355932
32768,ObservationPlanner,404,behavioral_shift,2,2,2,64,295,0.21694915254237288
32768,ObservationPlanner,404,behavioral_shift,2,2,3,12,295,0.04067796610169491
32768,ObservationPlanner,404,behavioral_shift,2,2,4,10,295,0.03389830508474576
32768,ObservationPlanner,505,behavioral_shift,0,0,0,15,36,0.4166666666666667
32768,ObservationPlanner,505,behavioral_shift,0,0,1,0,36,0.0
32768,ObservationPlanner,505,behavioral_shift,0,0,2,0,36,0.0
32768,ObservationPlanner,505,behavioral_shift,0,0,3,8,36,0.2222222222222222
32768,ObservationPlanner,505,behavioral_shift,0,0,4,13,36,0.3611111111111111
32768,ObservationPlanner,505,behavioral_shift,0,1,0,159,469,0.3390191897654584
32768,ObservationPlanner,505,behavioral_shift,0,1,1,129,469,0.27505330490405117
32768,ObservationPlanner,505,behavioral_shift,0,1,2,38,469,0.08102345415778252
32768,ObservationPlanner,505,behavioral_shift,0,1,3,44,469,0.09381663113006397
32768,ObservationPlanner,505,behavioral_shift,0,1,4,99,469,0.21108742004264391
32768,ObservationPlanner,505,behavioral_shift,0,2,0,1,11,0.09090909090909091
32768,ObservationPlanner,505,behavioral_shift,0,2,1,4,11,0.36363636363636365
32768,ObservationPlanner,505,behavioral_shift,0,2,2,2,11,0.18181818181818182
32768,ObservationPlanner,505,behavioral_shift,0,2,3,2,11,0.18181818181818182
32768,ObservationPlanner,505,behavioral_shift,0,2,4,2,11,0.18181818181818182
32768,ObservationPlanner,505,behavioral_shift,1,0,0,126,126,1.0
32768,ObservationPlanner,505,behavioral_shift,1,0,1,0,126,0.0
32768,ObservationPlanner,505,behavioral_shift,1,0,2,0,126,0.0
32768,ObservationPlanner,505,behavioral_shift,1,0,3,0,126,0.0
32768,ObservationPlanner,505,behavioral_shift,1,0,4,0,126,0.0
32768,ObservationPlanner,505,behavioral_shift,1,1,0,401,585,0.6854700854700855
32768,ObservationPlanner,505,behavioral_shift,1,1,1,47,585,0.08034188034188035
32768,ObservationPlanner,505,behavioral_shift,1,1,2,87,585,0.14871794871794872
32768,ObservationPlanner,505,behavioral_shift,1,1,3,22,585,0.037606837606837605
32768,ObservationPlanner,505,behavioral_shift,1,1,4,28,585,0.04786324786324787
32768,ObservationPlanner,505,behavioral_shift,1,2,0,23,148,0.1554054054054054
32768,ObservationPlanner,505,behavioral_shift,1,2,1,60,148,0.40540540540540543
32768,ObservationPlanner,505,behavioral_shift,1,2,2,35,148,0.23648648648648649
32768,ObservationPlanner,505,behavioral_shift,1,2,3,15,148,0.10135135135135136
32768,ObservationPlanner,505,behavioral_shift,1,2,4,15,148,0.10135135135135136
32768,ObservationPlanner,505,behavioral_shift,2,0,0,57,60,0.95
32768,ObservationPlanner,505,behavioral_shift,2,0,1,3,60,0.05
32768,ObservationPlanner,505,behavioral_shift,2,0,2,0,60,0.0
32768,ObservationPlanner,505,behavioral_shift,2,0,3,0,60,0.0
32768,ObservationPlanner,505,behavioral_shift,2,0,4,0,60,0.0
32768,ObservationPlanner,505,behavioral_shift,2,1,0,191,210,0.9095238095238095
32768,ObservationPlanner,505,behavioral_shift,2,1,1,5,210,0.023809523809523808
32768,ObservationPlanner,505,behavioral_shift,2,1,2,13,210,0.06190476190476191
32768,ObservationPlanner,505,behavioral_shift,2,1,3,0,210,0.0
32768,ObservationPlanner,505,behavioral_shift,2,1,4,1,210,0.004761904761904762
32768,ObservationPlanner,505,behavioral_shift,2,2,0,134,295,0.4542372881355932
32768,ObservationPlanner,505,behavioral_shift,2,2,1,75,295,0.2542372881355932
32768,ObservationPlanner,505,behavioral_shift,2,2,2,64,295,0.21694915254237288
32768,ObservationPlanner,505,behavioral_shift,2,2,3,12,295,0.04067796610169491
32768,ObservationPlanner,505,behavioral_shift,2,2,4,10,295,0.03389830508474576
32768,PDThreshold,101,behavioral_shift,0,0,0,0,468,0.0
32768,PDThreshold,101,behavioral_shift,0,0,1,0,468,0.0
32768,PDThreshold,101,behavioral_shift,0,0,2,163,468,0.3482905982905983
32768,PDThreshold,101,behavioral_shift,0,0,3,305,468,0.6517094017094017
32768,PDThreshold,101,behavioral_shift,0,0,4,0,468,0.0
32768,PDThreshold,101,behavioral_shift,0,1,0,0,34,0.0
32768,PDThreshold,101,behavioral_shift,0,1,1,0,34,0.0
32768,PDThreshold,101,behavioral_shift,0,1,2,0,34,0.0
32768,PDThreshold,101,behavioral_shift,0,1,3,34,34,1.0
32768,PDThreshold,101,behavioral_shift,0,1,4,0,34,0.0
32768,PDThreshold,101,behavioral_shift,1,0,0,0,385,0.0
32768,PDThreshold,101,behavioral_shift,1,0,1,0,385,0.0
32768,PDThreshold,101,behavioral_shift,1,0,2,385,385,1.0
32768,PDThreshold,101,behavioral_shift,1,0,3,0,385,0.0
32768,PDThreshold,101,behavioral_shift,1,0,4,0,385,0.0
32768,PDThreshold,101,behavioral_shift,1,1,0,0,466,0.0
32768,PDThreshold,101,behavioral_shift,1,1,1,0,466,0.0
32768,PDThreshold,101,behavioral_shift,1,1,2,466,466,1.0
32768,PDThreshold,101,behavioral_shift,1,1,3,0,466,0.0
32768,PDThreshold,101,behavioral_shift,1,1,4,0,466,0.0
32768,PDThreshold,101,behavioral_shift,1,2,0,0,14,0.0
32768,PDThreshold,101,behavioral_shift,1,2,1,0,14,0.0
32768,PDThreshold,101,behavioral_shift,1,2,2,14,14,1.0
32768,PDThreshold,101,behavioral_shift,1,2,3,0,14,0.0
32768,PDThreshold,101,behavioral_shift,1,2,4,0,14,0.0
32768,PDThreshold,101,behavioral_shift,2,0,0,0,96,0.0
32768,PDThreshold,101,behavioral_shift,2,0,1,96,96,1.0
32768,PDThreshold,101,behavioral_shift,2,0,2,0,96,0.0
32768,PDThreshold,101,behavioral_shift,2,0,3,0,96,0.0
32768,PDThreshold,101,behavioral_shift,2,0,4,0,96,0.0
32768,PDThreshold,101,behavioral_shift,2,1,0,0,347,0.0
32768,PDThreshold,101,behavioral_shift,2,1,1,347,347,1.0
32768,PDThreshold,101,behavioral_shift,2,1,2,0,347,0.0
32768,PDThreshold,101,behavioral_shift,2,1,3,0,347,0.0
32768,PDThreshold,101,behavioral_shift,2,1,4,0,347,0.0
32768,PDThreshold,101,behavioral_shift,2,2,0,0,221,0.0
32768,PDThreshold,101,behavioral_shift,2,2,1,221,221,1.0
32768,PDThreshold,101,behavioral_shift,2,2,2,0,221,0.0
32768,PDThreshold,101,behavioral_shift,2,2,3,0,221,0.0
32768,PDThreshold,101,behavioral_shift,2,2,4,0,221,0.0
32768,PDThreshold,202,behavioral_shift,0,0,0,0,468,0.0
32768,PDThreshold,202,behavioral_shift,0,0,1,0,468,0.0
32768,PDThreshold,202,behavioral_shift,0,0,2,163,468,0.3482905982905983
32768,PDThreshold,202,behavioral_shift,0,0,3,305,468,0.6517094017094017
32768,PDThreshold,202,behavioral_shift,0,0,4,0,468,0.0
32768,PDThreshold,202,behavioral_shift,0,1,0,0,34,0.0
32768,PDThreshold,202,behavioral_shift,0,1,1,0,34,0.0
32768,PDThreshold,202,behavioral_shift,0,1,2,0,34,0.0
32768,PDThreshold,202,behavioral_shift,0,1,3,34,34,1.0
32768,PDThreshold,202,behavioral_shift,0,1,4,0,34,0.0
32768,PDThreshold,202,behavioral_shift,1,0,0,0,385,0.0
32768,PDThreshold,202,behavioral_shift,1,0,1,0,385,0.0
32768,PDThreshold,202,behavioral_shift,1,0,2,385,385,1.0
32768,PDThreshold,202,behavioral_shift,1,0,3,0,385,0.0
32768,PDThreshold,202,behavioral_shift,1,0,4,0,385,0.0
32768,PDThreshold,202,behavioral_shift,1,1,0,0,466,0.0
32768,PDThreshold,202,behavioral_shift,1,1,1,0,466,0.0
32768,PDThreshold,202,behavioral_shift,1,1,2,466,466,1.0
32768,PDThreshold,202,behavioral_shift,1,1,3,0,466,0.0
32768,PDThreshold,202,behavioral_shift,1,1,4,0,466,0.0
32768,PDThreshold,202,behavioral_shift,1,2,0,0,14,0.0
32768,PDThreshold,202,behavioral_shift,1,2,1,0,14,0.0
32768,PDThreshold,202,behavioral_shift,1,2,2,14,14,1.0
32768,PDThreshold,202,behavioral_shift,1,2,3,0,14,0.0
32768,PDThreshold,202,behavioral_shift,1,2,4,0,14,0.0
32768,PDThreshold,202,behavioral_shift,2,0,0,0,96,0.0
32768,PDThreshold,202,behavioral_shift,2,0,1,96,96,1.0
32768,PDThreshold,202,behavioral_shift,2,0,2,0,96,0.0
32768,PDThreshold,202,behavioral_shift,2,0,3,0,96,0.0
32768,PDThreshold,202,behavioral_shift,2,0,4,0,96,0.0
32768,PDThreshold,202,behavioral_shift,2,1,0,0,347,0.0
32768,PDThreshold,202,behavioral_shift,2,1,1,347,347,1.0
32768,PDThreshold,202,behavioral_shift,2,1,2,0,347,0.0
32768,PDThreshold,202,behavioral_shift,2,1,3,0,347,0.0
32768,PDThreshold,202,behavioral_shift,2,1,4,0,347,0.0
32768,PDThreshold,202,behavioral_shift,2,2,0,0,221,0.0
32768,PDThreshold,202,behavioral_shift,2,2,1,221,221,1.0
32768,PDThreshold,202,behavioral_shift,2,2,2,0,221,0.0
32768,PDThreshold,202,behavioral_shift,2,2,3,0,221,0.0
32768,PDThreshold,202,behavioral_shift,2,2,4,0,221,0.0
32768,PDThreshold,303,behavioral_shift,0,0,0,0,468,0.0
32768,PDThreshold,303,behavioral_shift,0,0,1,0,468,0.0
32768,PDThreshold,303,behavioral_shift,0,0,2,163,468,0.3482905982905983
32768,PDThreshold,303,behavioral_shift,0,0,3,305,468,0.6517094017094017
32768,PDThreshold,303,behavioral_shift,0,0,4,0,468,0.0
32768,PDThreshold,303,behavioral_shift,0,1,0,0,34,0.0
32768,PDThreshold,303,behavioral_shift,0,1,1,0,34,0.0
32768,PDThreshold,303,behavioral_shift,0,1,2,0,34,0.0
32768,PDThreshold,303,behavioral_shift,0,1,3,34,34,1.0
32768,PDThreshold,303,behavioral_shift,0,1,4,0,34,0.0
32768,PDThreshold,303,behavioral_shift,1,0,0,0,385,0.0
32768,PDThreshold,303,behavioral_shift,1,0,1,0,385,0.0
32768,PDThreshold,303,behavioral_shift,1,0,2,385,385,1.0
32768,PDThreshold,303,behavioral_shift,1,0,3,0,385,0.0
32768,PDThreshold,303,behavioral_shift,1,0,4,0,385,0.0
32768,PDThreshold,303,behavioral_shift,1,1,0,0,466,0.0
32768,PDThreshold,303,behavioral_shift,1,1,1,0,466,0.0
32768,PDThreshold,303,behavioral_shift,1,1,2,466,466,1.0
32768,PDThreshold,303,behavioral_shift,1,1,3,0,466,0.0
32768,PDThreshold,303,behavioral_shift,1,1,4,0,466,0.0
32768,PDThreshold,303,behavioral_shift,1,2,0,0,14,0.0
32768,PDThreshold,303,behavioral_shift,1,2,1,0,14,0.0
32768,PDThreshold,303,behavioral_shift,1,2,2,14,14,1.0
32768,PDThreshold,303,behavioral_shift,1,2,3,0,14,0.0
32768,PDThreshold,303,behavioral_shift,1,2,4,0,14,0.0
32768,PDThreshold,303,behavioral_shift,2,0,0,0,96,0.0
32768,PDThreshold,303,behavioral_shift,2,0,1,96,96,1.0
32768,PDThreshold,303,behavioral_shift,2,0,2,0,96,0.0
32768,PDThreshold,303,behavioral_shift,2,0,3,0,96,0.0
32768,PDThreshold,303,behavioral_shift,2,0,4,0,96,0.0
32768,PDThreshold,303,behavioral_shift,2,1,0,0,347,0.0
32768,PDThreshold,303,behavioral_shift,2,1,1,347,347,1.0
32768,PDThreshold,303,behavioral_shift,2,1,2,0,347,0.0
32768,PDThreshold,303,behavioral_shift,2,1,3,0,347,0.0
32768,PDThreshold,303,behavioral_shift,2,1,4,0,347,0.0
32768,PDThreshold,303,behavioral_shift,2,2,0,0,221,0.0
32768,PDThreshold,303,behavioral_shift,2,2,1,221,221,1.0
32768,PDThreshold,303,behavioral_shift,2,2,2,0,221,0.0
32768,PDThreshold,303,behavioral_shift,2,2,3,0,221,0.0
32768,PDThreshold,303,behavioral_shift,2,2,4,0,221,0.0
32768,PDThreshold,404,behavioral_shift,0,0,0,0,468,0.0
32768,PDThreshold,404,behavioral_shift,0,0,1,0,468,0.0
32768,PDThreshold,404,behavioral_shift,0,0,2,163,468,0.3482905982905983
32768,PDThreshold,404,behavioral_shift,0,0,3,305,468,0.6517094017094017
32768,PDThreshold,404,behavioral_shift,0,0,4,0,468,0.0
32768,PDThreshold,404,behavioral_shift,0,1,0,0,34,0.0
32768,PDThreshold,404,behavioral_shift,0,1,1,0,34,0.0
32768,PDThreshold,404,behavioral_shift,0,1,2,0,34,0.0
32768,PDThreshold,404,behavioral_shift,0,1,3,34,34,1.0
32768,PDThreshold,404,behavioral_shift,0,1,4,0,34,0.0
32768,PDThreshold,404,behavioral_shift,1,0,0,0,385,0.0
32768,PDThreshold,404,behavioral_shift,1,0,1,0,385,0.0
32768,PDThreshold,404,behavioral_shift,1,0,2,385,385,1.0
32768,PDThreshold,404,behavioral_shift,1,0,3,0,385,0.0
32768,PDThreshold,404,behavioral_shift,1,0,4,0,385,0.0
32768,PDThreshold,404,behavioral_shift,1,1,0,0,466,0.0
32768,PDThreshold,404,behavioral_shift,1,1,1,0,466,0.0
32768,PDThreshold,404,behavioral_shift,1,1,2,466,466,1.0
32768,PDThreshold,404,behavioral_shift,1,1,3,0,466,0.0
32768,PDThreshold,404,behavioral_shift,1,1,4,0,466,0.0
32768,PDThreshold,404,behavioral_shift,1,2,0,0,14,0.0
32768,PDThreshold,404,behavioral_shift,1,2,1,0,14,0.0
32768,PDThreshold,404,behavioral_shift,1,2,2,14,14,1.0
32768,PDThreshold,404,behavioral_shift,1,2,3,0,14,0.0
32768,PDThreshold,404,behavioral_shift,1,2,4,0,14,0.0
32768,PDThreshold,404,behavioral_shift,2,0,0,0,96,0.0
32768,PDThreshold,404,behavioral_shift,2,0,1,96,96,1.0
32768,PDThreshold,404,behavioral_shift,2,0,2,0,96,0.0
32768,PDThreshold,404,behavioral_shift,2,0,3,0,96,0.0
32768,PDThreshold,404,behavioral_shift,2,0,4,0,96,0.0
32768,PDThreshold,404,behavioral_shift,2,1,0,0,347,0.0
32768,PDThreshold,404,behavioral_shift,2,1,1,347,347,1.0
32768,PDThreshold,404,behavioral_shift,2,1,2,0,347,0.0
32768,PDThreshold,404,behavioral_shift,2,1,3,0,347,0.0
32768,PDThreshold,404,behavioral_shift,2,1,4,0,347,0.0
32768,PDThreshold,404,behavioral_shift,2,2,0,0,221,0.0
32768,PDThreshold,404,behavioral_shift,2,2,1,221,221,1.0
32768,PDThreshold,404,behavioral_shift,2,2,2,0,221,0.0
32768,PDThreshold,404,behavioral_shift,2,2,3,0,221,0.0
32768,PDThreshold,404,behavioral_shift,2,2,4,0,221,0.0
32768,PDThreshold,505,behavioral_shift,0,0,0,0,468,0.0
32768,PDThreshold,505,behavioral_shift,0,0,1,0,468,0.0
32768,PDThreshold,505,behavioral_shift,0,0,2,163,468,0.3482905982905983
32768,PDThreshold,505,behavioral_shift,0,0,3,305,468,0.6517094017094017
32768,PDThreshold,505,behavioral_shift,0,0,4,0,468,0.0
32768,PDThreshold,505,behavioral_shift,0,1,0,0,34,0.0
32768,PDThreshold,505,behavioral_shift,0,1,1,0,34,0.0
32768,PDThreshold,505,behavioral_shift,0,1,2,0,34,0.0
32768,PDThreshold,505,behavioral_shift,0,1,3,34,34,1.0
32768,PDThreshold,505,behavioral_shift,0,1,4,0,34,0.0
32768,PDThreshold,505,behavioral_shift,1,0,0,0,385,0.0
32768,PDThreshold,505,behavioral_shift,1,0,1,0,385,0.0
32768,PDThreshold,505,behavioral_shift,1,0,2,385,385,1.0
32768,PDThreshold,505,behavioral_shift,1,0,3,0,385,0.0
32768,PDThreshold,505,behavioral_shift,1,0,4,0,385,0.0
32768,PDThreshold,505,behavioral_shift,1,1,0,0,466,0.0
32768,PDThreshold,505,behavioral_shift,1,1,1,0,466,0.0
32768,PDThreshold,505,behavioral_shift,1,1,2,466,466,1.0
32768,PDThreshold,505,behavioral_shift,1,1,3,0,466,0.0
32768,PDThreshold,505,behavioral_shift,1,1,4,0,466,0.0
32768,PDThreshold,505,behavioral_shift,1,2,0,0,14,0.0
32768,PDThreshold,505,behavioral_shift,1,2,1,0,14,0.0
32768,PDThreshold,505,behavioral_shift,1,2,2,14,14,1.0
32768,PDThreshold,505,behavioral_shift,1,2,3,0,14,0.0
32768,PDThreshold,505,behavioral_shift,1,2,4,0,14,0.0
32768,PDThreshold,505,behavioral_shift,2,0,0,0,96,0.0
32768,PDThreshold,505,behavioral_shift,2,0,1,96,96,1.0
32768,PDThreshold,505,behavioral_shift,2,0,2,0,96,0.0
32768,PDThreshold,505,behavioral_shift,2,0,3,0,96,0.0
32768,PDThreshold,505,behavioral_shift,2,0,4,0,96,0.0
32768,PDThreshold,505,behavioral_shift,2,1,0,0,347,0.0
32768,PDThreshold,505,behavioral_shift,2,1,1,347,347,1.0
32768,PDThreshold,505,behavioral_shift,2,1,2,0,347,0.0
32768,PDThreshold,505,behavioral_shift,2,1,3,0,347,0.0
32768,PDThreshold,505,behavioral_shift,2,1,4,0,347,0.0
32768,PDThreshold,505,behavioral_shift,2,2,0,0,221,0.0
32768,PDThreshold,505,behavioral_shift,2,2,1,221,221,1.0
32768,PDThreshold,505,behavioral_shift,2,2,2,0,221,0.0
32768,PDThreshold,505,behavioral_shift,2,2,3,0,221,0.0
32768,PDThreshold,505,behavioral_shift,2,2,4,0,221,0.0
32768,Static,101,behavioral_shift,0,0,0,0,392,0.0
32768,Static,101,behavioral_shift,0,0,1,0,392,0.0
32768,Static,101,behavioral_shift,0,0,2,392,392,1.0
32768,Static,101,behavioral_shift,0,0,3,0,392,0.0
32768,Static,101,behavioral_shift,0,0,4,0,392,0.0
32768,Static,101,behavioral_shift,0,1,0,0,77,0.0
32768,Static,101,behavioral_shift,0,1,1,0,77,0.0
32768,Static,101,behavioral_shift,0,1,2,77,77,1.0
32768,Static,101,behavioral_shift,0,1,3,0,77,0.0
32768,Static,101,behavioral_shift,0,1,4,0,77,0.0
32768,Static,101,behavioral_shift,1,0,0,0,378,0.0
32768,Static,101,behavioral_shift,1,0,1,0,378,0.0
32768,Static,101,behavioral_shift,1,0,2,378,378,1.0
32768,Static,101,behavioral_shift,1,0,3,0,378,0.0
32768,Static,101,behavioral_shift,1,0,4,0,378,0.0
32768,Static,101,behavioral_shift,1,1,0,0,480,0.0
32768,Static,101,behavioral_shift,1,1,1,0,480,0.0
32768,Static,101,behavioral_shift,1,1,2,480,480,1.0
32768,Static,101,behavioral_shift,1,1,3,0,480,0.0
32768,Static,101,behavioral_shift,1,1,4,0,480,0.0
32768,Static,101,behavioral_shift,2,0,0,0,135,0.0
32768,Static,101,behavioral_shift,2,0,1,0,135,0.0
32768,Static,101,behavioral_shift,2,0,2,135,135,1.0
32768,Static,101,behavioral_shift,2,0,3,0,135,0.0
32768,Static,101,behavioral_shift,2,0,4,0,135,0.0
32768,Static,101,behavioral_shift,2,1,0,0,670,0.0
32768,Static,101,behavioral_shift,2,1,1,0,670,0.0
32768,Static,101,behavioral_shift,2,1,2,670,670,1.0
32768,Static,101,behavioral_shift,2,1,3,0,670,0.0
32768,Static,101,behavioral_shift,2,1,4,0,670,0.0
32768,Static,202,behavioral_shift,0,0,0,0,392,0.0
32768,Static,202,behavioral_shift,0,0,1,0,392,0.0
32768,Static,202,behavioral_shift,0,0,2,392,392,1.0
32768,Static,202,behavioral_shift,0,0,3,0,392,0.0
32768,Static,202,behavioral_shift,0,0,4,0,392,0.0
32768,Static,202,behavioral_shift,0,1,0,0,77,0.0
32768,Static,202,behavioral_shift,0,1,1,0,77,0.0
32768,Static,202,behavioral_shift,0,1,2,77,77,1.0
32768,Static,202,behavioral_shift,0,1,3,0,77,0.0
32768,Static,202,behavioral_shift,0,1,4,0,77,0.0
32768,Static,202,behavioral_shift,1,0,0,0,378,0.0
32768,Static,202,behavioral_shift,1,0,1,0,378,0.0
32768,Static,202,behavioral_shift,1,0,2,378,378,1.0
32768,Static,202,behavioral_shift,1,0,3,0,378,0.0
32768,Static,202,behavioral_shift,1,0,4,0,378,0.0
32768,Static,202,behavioral_shift,1,1,0,0,480,0.0
32768,Static,202,behavioral_shift,1,1,1,0,480,0.0
32768,Static,202,behavioral_shift,1,1,2,480,480,1.0
32768,Static,202,behavioral_shift,1,1,3,0,480,0.0
32768,Static,202,behavioral_shift,1,1,4,0,480,0.0
32768,Static,202,behavioral_shift,2,0,0,0,135,0.0
32768,Static,202,behavioral_shift,2,0,1,0,135,0.0
32768,Static,202,behavioral_shift,2,0,2,135,135,1.0
32768,Static,202,behavioral_shift,2,0,3,0,135,0.0
32768,Static,202,behavioral_shift,2,0,4,0,135,0.0
32768,Static,202,behavioral_shift,2,1,0,0,670,0.0
32768,Static,202,behavioral_shift,2,1,1,0,670,0.0
32768,Static,202,behavioral_shift,2,1,2,670,670,1.0
32768,Static,202,behavioral_shift,2,1,3,0,670,0.0
32768,Static,202,behavioral_shift,2,1,4,0,670,0.0
32768,Static,303,behavioral_shift,0,0,0,0,392,0.0
32768,Static,303,behavioral_shift,0,0,1,0,392,0.0
32768,Static,303,behavioral_shift,0,0,2,392,392,1.0
32768,Static,303,behavioral_shift,0,0,3,0,392,0.0
32768,Static,303,behavioral_shift,0,0,4,0,392,0.0
32768,Static,303,behavioral_shift,0,1,0,0,77,0.0
32768,Static,303,behavioral_shift,0,1,1,0,77,0.0
32768,Static,303,behavioral_shift,0,1,2,77,77,1.0
32768,Static,303,behavioral_shift,0,1,3,0,77,0.0
32768,Static,303,behavioral_shift,0,1,4,0,77,0.0
32768,Static,303,behavioral_shift,1,0,0,0,378,0.0
32768,Static,303,behavioral_shift,1,0,1,0,378,0.0
32768,Static,303,behavioral_shift,1,0,2,378,378,1.0
32768,Static,303,behavioral_shift,1,0,3,0,378,0.0
32768,Static,303,behavioral_shift,1,0,4,0,378,0.0
32768,Static,303,behavioral_shift,1,1,0,0,480,0.0
32768,Static,303,behavioral_shift,1,1,1,0,480,0.0
32768,Static,303,behavioral_shift,1,1,2,480,480,1.0
32768,Static,303,behavioral_shift,1,1,3,0,480,0.0
32768,Static,303,behavioral_shift,1,1,4,0,480,0.0
32768,Static,303,behavioral_shift,2,0,0,0,135,0.0
32768,Static,303,behavioral_shift,2,0,1,0,135,0.0
32768,Static,303,behavioral_shift,2,0,2,135,135,1.0
32768,Static,303,behavioral_shift,2,0,3,0,135,0.0
32768,Static,303,behavioral_shift,2,0,4,0,135,0.0
32768,Static,303,behavioral_shift,2,1,0,0,670,0.0
32768,Static,303,behavioral_shift,2,1,1,0,670,0.0
32768,Static,303,behavioral_shift,2,1,2,670,670,1.0
32768,Static,303,behavioral_shift,2,1,3,0,670,0.0
32768,Static,303,behavioral_shift,2,1,4,0,670,0.0
32768,Static,404,behavioral_shift,0,0,0,0,392,0.0
32768,Static,404,behavioral_shift,0,0,1,0,392,0.0
32768,Static,404,behavioral_shift,0,0,2,392,392,1.0
32768,Static,404,behavioral_shift,0,0,3,0,392,0.0
32768,Static,404,behavioral_shift,0,0,4,0,392,0.0
32768,Static,404,behavioral_shift,0,1,0,0,77,0.0
32768,Static,404,behavioral_shift,0,1,1,0,77,0.0
32768,Static,404,behavioral_shift,0,1,2,77,77,1.0
32768,Static,404,behavioral_shift,0,1,3,0,77,0.0
32768,Static,404,behavioral_shift,0,1,4,0,77,0.0
32768,Static,404,behavioral_shift,1,0,0,0,378,0.0
32768,Static,404,behavioral_shift,1,0,1,0,378,0.0
32768,Static,404,behavioral_shift,1,0,2,378,378,1.0
32768,Static,404,behavioral_shift,1,0,3,0,378,0.0
32768,Static,404,behavioral_shift,1,0,4,0,378,0.0
32768,Static,404,behavioral_shift,1,1,0,0,480,0.0
32768,Static,404,behavioral_shift,1,1,1,0,480,0.0
32768,Static,404,behavioral_shift,1,1,2,480,480,1.0
32768,Static,404,behavioral_shift,1,1,3,0,480,0.0
32768,Static,404,behavioral_shift,1,1,4,0,480,0.0
32768,Static,404,behavioral_shift,2,0,0,0,135,0.0
32768,Static,404,behavioral_shift,2,0,1,0,135,0.0
32768,Static,404,behavioral_shift,2,0,2,135,135,1.0
32768,Static,404,behavioral_shift,2,0,3,0,135,0.0
32768,Static,404,behavioral_shift,2,0,4,0,135,0.0
32768,Static,404,behavioral_shift,2,1,0,0,670,0.0
32768,Static,404,behavioral_shift,2,1,1,0,670,0.0
32768,Static,404,behavioral_shift,2,1,2,670,670,1.0
32768,Static,404,behavioral_shift,2,1,3,0,670,0.0
32768,Static,404,behavioral_shift,2,1,4,0,670,0.0
32768,Static,505,behavioral_shift,0,0,0,0,392,0.0
32768,Static,505,behavioral_shift,0,0,1,0,392,0.0
32768,Static,505,behavioral_shift,0,0,2,392,392,1.0
32768,Static,505,behavioral_shift,0,0,3,0,392,0.0
32768,Static,505,behavioral_shift,0,0,4,0,392,0.0
32768,Static,505,behavioral_shift,0,1,0,0,77,0.0
32768,Static,505,behavioral_shift,0,1,1,0,77,0.0
32768,Static,505,behavioral_shift,0,1,2,77,77,1.0
32768,Static,505,behavioral_shift,0,1,3,0,77,0.0
32768,Static,505,behavioral_shift,0,1,4,0,77,0.0
32768,Static,505,behavioral_shift,1,0,0,0,378,0.0
32768,Static,505,behavioral_shift,1,0,1,0,378,0.0
32768,Static,505,behavioral_shift,1,0,2,378,378,1.0
32768,Static,505,behavioral_shift,1,0,3,0,378,0.0
32768,Static,505,behavioral_shift,1,0,4,0,378,0.0
32768,Static,505,behavioral_shift,1,1,0,0,480,0.0
32768,Static,505,behavioral_shift,1,1,1,0,480,0.0
32768,Static,505,behavioral_shift,1,1,2,480,480,1.0
32768,Static,505,behavioral_shift,1,1,3,0,480,0.0
32768,Static,505,behavioral_shift,1,1,4,0,480,0.0
32768,Static,505,behavioral_shift,2,0,0,0,135,0.0
32768,Static,505,behavioral_shift,2,0,1,0,135,0.0
32768,Static,505,behavioral_shift,2,0,2,135,135,1.0
32768,Static,505,behavioral_shift,2,0,3,0,135,0.0
32768,Static,505,behavioral_shift,2,0,4,0,135,0.0
32768,Static,505,behavioral_shift,2,1,0,0,670,0.0
32768,Static,505,behavioral_shift,2,1,1,0,670,0.0
32768,Static,505,behavioral_shift,2,1,2,670,670,1.0
32768,Static,505,behavioral_shift,2,1,3,0,670,0.0
32768,Static,505,behavioral_shift,2,1,4,0,670,0.0
32768,AlwaysDecrease20,101,nominal,0,0,0,16,16,1.0
32768,AlwaysDecrease20,101,nominal,0,0,1,0,16,0.0
32768,AlwaysDecrease20,101,nominal,0,0,2,0,16,0.0
32768,AlwaysDecrease20,101,nominal,0,0,3,0,16,0.0
32768,AlwaysDecrease20,101,nominal,0,0,4,0,16,0.0
32768,AlwaysDecrease20,101,nominal,0,1,0,146,468,0.31196581196581197
32768,AlwaysDecrease20,101,nominal,0,1,1,0,468,0.0
32768,AlwaysDecrease20,101,nominal,0,1,2,322,468,0.688034188034188
32768,AlwaysDecrease20,101,nominal,0,1,3,0,468,0.0
32768,AlwaysDecrease20,101,nominal,0,1,4,0,468,0.0
32768,AlwaysDecrease20,101,nominal,0,2,0,25,39,0.6410256410256411
32768,AlwaysDecrease20,101,nominal,0,2,1,0,39,0.0
32768,AlwaysDecrease20,101,nominal,0,2,2,14,39,0.358974358974359
32768,AlwaysDecrease20,101,nominal,0,2,3,0,39,0.0
32768,AlwaysDecrease20,101,nominal,0,2,4,0,39,0.0
32768,AlwaysDecrease20,101,nominal,1,0,0,126,126,1.0
32768,AlwaysDecrease20,101,nominal,1,0,1,0,126,0.0
32768,AlwaysDecrease20,101,nominal,1,0,2,0,126,0.0
32768,AlwaysDecrease20,101,nominal,1,0,3,0,126,0.0
32768,AlwaysDecrease20,101,nominal,1,0,4,0,126,0.0
32768,AlwaysDecrease20,101,nominal,1,1,0,279,438,0.636986301369863
32768,AlwaysDecrease20,101,nominal,1,1,1,0,438,0.0
32768,AlwaysDecrease20,101,nominal,1,1,2,159,438,0.363013698630137
32768,AlwaysDecrease20,101,nominal,1,1,3,0,438,0.0
32768,AlwaysDecrease20,101,nominal,1,1,4,0,438,0.0
32768,AlwaysDecrease20,101,nominal,1,2,0,118,139,0.8489208633093526
32768,AlwaysDecrease20,101,nominal,1,2,1,0,139,0.0
32768,AlwaysDecrease20,101,nominal,1,2,2,21,139,0.1510791366906475
32768,AlwaysDecrease20,101,nominal,1,2,3,0,139,0.0
32768,AlwaysDecrease20,101,nominal,1,2,4,0,139,0.0
32768,AlwaysDecrease20,101,nominal,2,0,0,58,58,1.0
32768,AlwaysDecrease20,101,nominal,2,0,1,0,58,0.0
32768,AlwaysDecrease20,101,nominal,2,0,2,0,58,0.0
32768,AlwaysDecrease20,101,nominal,2,0,3,0,58,0.0
32768,AlwaysDecrease20,101,nominal,2,0,4,0,58,0.0
32768,AlwaysDecrease20,101,nominal,2,1,0,182,197,0.9238578680203046
32768,AlwaysDecrease20,101,nominal,2,1,1,0,197,0.0
32768,AlwaysDecrease20,101,nominal,2,1,2,15,197,0.07614213197969544
32768,AlwaysDecrease20,101,nominal,2,1,3,0,197,0.0
32768,AlwaysDecrease20,101,nominal,2,1,4,0,197,0.0
32768,AlwaysDecrease20,101,nominal,2,2,0,261,283,0.9222614840989399
32768,AlwaysDecrease20,101,nominal,2,2,1,0,283,0.0
32768,AlwaysDecrease20,101,nominal,2,2,2,22,283,0.07773851590106007
32768,AlwaysDecrease20,101,nominal,2,2,3,0,283,0.0
32768,AlwaysDecrease20,101,nominal,2,2,4,0,283,0.0
32768,AlwaysDecrease20,202,nominal,0,0,0,16,16,1.0
32768,AlwaysDecrease20,202,nominal,0,0,1,0,16,0.0
32768,AlwaysDecrease20,202,nominal,0,0,2,0,16,0.0
32768,AlwaysDecrease20,202,nominal,0,0,3,0,16,0.0
32768,AlwaysDecrease20,202,nominal,0,0,4,0,16,0.0
32768,AlwaysDecrease20,202,nominal,0,1,0,146,468,0.31196581196581197
32768,AlwaysDecrease20,202,nominal,0,1,1,0,468,0.0
32768,AlwaysDecrease20,202,nominal,0,1,2,322,468,0.688034188034188
32768,AlwaysDecrease20,202,nominal,0,1,3,0,468,0.0
32768,AlwaysDecrease20,202,nominal,0,1,4,0,468,0.0
32768,AlwaysDecrease20,202,nominal,0,2,0,25,39,0.6410256410256411
32768,AlwaysDecrease20,202,nominal,0,2,1,0,39,0.0
32768,AlwaysDecrease20,202,nominal,0,2,2,14,39,0.358974358974359
32768,AlwaysDecrease20,202,nominal,0,2,3,0,39,0.0
32768,AlwaysDecrease20,202,nominal,0,2,4,0,39,0.0
32768,AlwaysDecrease20,202,nominal,1,0,0,126,126,1.0
32768,AlwaysDecrease20,202,nominal,1,0,1,0,126,0.0
32768,AlwaysDecrease20,202,nominal,1,0,2,0,126,0.0
32768,AlwaysDecrease20,202,nominal,1,0,3,0,126,0.0
32768,AlwaysDecrease20,202,nominal,1,0,4,0,126,0.0
32768,AlwaysDecrease20,202,nominal,1,1,0,279,438,0.636986301369863
32768,AlwaysDecrease20,202,nominal,1,1,1,0,438,0.0
32768,AlwaysDecrease20,202,nominal,1,1,2,159,438,0.363013698630137
32768,AlwaysDecrease20,202,nominal,1,1,3,0,438,0.0
32768,AlwaysDecrease20,202,nominal,1,1,4,0,438,0.0
32768,AlwaysDecrease20,202,nominal,1,2,0,118,139,0.8489208633093526
32768,AlwaysDecrease20,202,nominal,1,2,1,0,139,0.0
32768,AlwaysDecrease20,202,nominal,1,2,2,21,139,0.1510791366906475
32768,AlwaysDecrease20,202,nominal,1,2,3,0,139,0.0
32768,AlwaysDecrease20,202,nominal,1,2,4,0,139,0.0
32768,AlwaysDecrease20,202,nominal,2,0,0,58,58,1.0
32768,AlwaysDecrease20,202,nominal,2,0,1,0,58,0.0
32768,AlwaysDecrease20,202,nominal,2,0,2,0,58,0.0
32768,AlwaysDecrease20,202,nominal,2,0,3,0,58,0.0
32768,AlwaysDecrease20,202,nominal,2,0,4,0,58,0.0
32768,AlwaysDecrease20,202,nominal,2,1,0,182,197,0.9238578680203046
32768,AlwaysDecrease20,202,nominal,2,1,1,0,197,0.0
32768,AlwaysDecrease20,202,nominal,2,1,2,15,197,0.07614213197969544
32768,AlwaysDecrease20,202,nominal,2,1,3,0,197,0.0
32768,AlwaysDecrease20,202,nominal,2,1,4,0,197,0.0
32768,AlwaysDecrease20,202,nominal,2,2,0,261,283,0.9222614840989399
32768,AlwaysDecrease20,202,nominal,2,2,1,0,283,0.0
32768,AlwaysDecrease20,202,nominal,2,2,2,22,283,0.07773851590106007
32768,AlwaysDecrease20,202,nominal,2,2,3,0,283,0.0
32768,AlwaysDecrease20,202,nominal,2,2,4,0,283,0.0
32768,AlwaysDecrease20,303,nominal,0,0,0,16,16,1.0
32768,AlwaysDecrease20,303,nominal,0,0,1,0,16,0.0
32768,AlwaysDecrease20,303,nominal,0,0,2,0,16,0.0
32768,AlwaysDecrease20,303,nominal,0,0,3,0,16,0.0
32768,AlwaysDecrease20,303,nominal,0,0,4,0,16,0.0
32768,AlwaysDecrease20,303,nominal,0,1,0,146,468,0.31196581196581197
32768,AlwaysDecrease20,303,nominal,0,1,1,0,468,0.0
32768,AlwaysDecrease20,303,nominal,0,1,2,322,468,0.688034188034188
32768,AlwaysDecrease20,303,nominal,0,1,3,0,468,0.0
32768,AlwaysDecrease20,303,nominal,0,1,4,0,468,0.0
32768,AlwaysDecrease20,303,nominal,0,2,0,25,39,0.6410256410256411
32768,AlwaysDecrease20,303,nominal,0,2,1,0,39,0.0
32768,AlwaysDecrease20,303,nominal,0,2,2,14,39,0.358974358974359
32768,AlwaysDecrease20,303,nominal,0,2,3,0,39,0.0
32768,AlwaysDecrease20,303,nominal,0,2,4,0,39,0.0
32768,AlwaysDecrease20,303,nominal,1,0,0,126,126,1.0
32768,AlwaysDecrease20,303,nominal,1,0,1,0,126,0.0
32768,AlwaysDecrease20,303,nominal,1,0,2,0,126,0.0
32768,AlwaysDecrease20,303,nominal,1,0,3,0,126,0.0
32768,AlwaysDecrease20,303,nominal,1,0,4,0,126,0.0
32768,AlwaysDecrease20,303,nominal,1,1,0,279,438,0.636986301369863
32768,AlwaysDecrease20,303,nominal,1,1,1,0,438,0.0
32768,AlwaysDecrease20,303,nominal,1,1,2,159,438,0.363013698630137
32768,AlwaysDecrease20,303,nominal,1,1,3,0,438,0.0
32768,AlwaysDecrease20,303,nominal,1,1,4,0,438,0.0
32768,AlwaysDecrease20,303,nominal,1,2,0,118,139,0.8489208633093526
32768,AlwaysDecrease20,303,nominal,1,2,1,0,139,0.0
32768,AlwaysDecrease20,303,nominal,1,2,2,21,139,0.1510791366906475
32768,AlwaysDecrease20,303,nominal,1,2,3,0,139,0.0
32768,AlwaysDecrease20,303,nominal,1,2,4,0,139,0.0
32768,AlwaysDecrease20,303,nominal,2,0,0,58,58,1.0
32768,AlwaysDecrease20,303,nominal,2,0,1,0,58,0.0
32768,AlwaysDecrease20,303,nominal,2,0,2,0,58,0.0
32768,AlwaysDecrease20,303,nominal,2,0,3,0,58,0.0
32768,AlwaysDecrease20,303,nominal,2,0,4,0,58,0.0
32768,AlwaysDecrease20,303,nominal,2,1,0,182,197,0.9238578680203046
32768,AlwaysDecrease20,303,nominal,2,1,1,0,197,0.0
32768,AlwaysDecrease20,303,nominal,2,1,2,15,197,0.07614213197969544
32768,AlwaysDecrease20,303,nominal,2,1,3,0,197,0.0
32768,AlwaysDecrease20,303,nominal,2,1,4,0,197,0.0
32768,AlwaysDecrease20,303,nominal,2,2,0,261,283,0.9222614840989399
32768,AlwaysDecrease20,303,nominal,2,2,1,0,283,0.0
32768,AlwaysDecrease20,303,nominal,2,2,2,22,283,0.07773851590106007
32768,AlwaysDecrease20,303,nominal,2,2,3,0,283,0.0
32768,AlwaysDecrease20,303,nominal,2,2,4,0,283,0.0
32768,AlwaysDecrease20,404,nominal,0,0,0,16,16,1.0
32768,AlwaysDecrease20,404,nominal,0,0,1,0,16,0.0
32768,AlwaysDecrease20,404,nominal,0,0,2,0,16,0.0
32768,AlwaysDecrease20,404,nominal,0,0,3,0,16,0.0
32768,AlwaysDecrease20,404,nominal,0,0,4,0,16,0.0
32768,AlwaysDecrease20,404,nominal,0,1,0,146,468,0.31196581196581197
32768,AlwaysDecrease20,404,nominal,0,1,1,0,468,0.0
32768,AlwaysDecrease20,404,nominal,0,1,2,322,468,0.688034188034188
32768,AlwaysDecrease20,404,nominal,0,1,3,0,468,0.0
32768,AlwaysDecrease20,404,nominal,0,1,4,0,468,0.0
32768,AlwaysDecrease20,404,nominal,0,2,0,25,39,0.6410256410256411
32768,AlwaysDecrease20,404,nominal,0,2,1,0,39,0.0
32768,AlwaysDecrease20,404,nominal,0,2,2,14,39,0.358974358974359
32768,AlwaysDecrease20,404,nominal,0,2,3,0,39,0.0
32768,AlwaysDecrease20,404,nominal,0,2,4,0,39,0.0
32768,AlwaysDecrease20,404,nominal,1,0,0,126,126,1.0
32768,AlwaysDecrease20,404,nominal,1,0,1,0,126,0.0
32768,AlwaysDecrease20,404,nominal,1,0,2,0,126,0.0
32768,AlwaysDecrease20,404,nominal,1,0,3,0,126,0.0
32768,AlwaysDecrease20,404,nominal,1,0,4,0,126,0.0
32768,AlwaysDecrease20,404,nominal,1,1,0,279,438,0.636986301369863
32768,AlwaysDecrease20,404,nominal,1,1,1,0,438,0.0
32768,AlwaysDecrease20,404,nominal,1,1,2,159,438,0.363013698630137
32768,AlwaysDecrease20,404,nominal,1,1,3,0,438,0.0
32768,AlwaysDecrease20,404,nominal,1,1,4,0,438,0.0
32768,AlwaysDecrease20,404,nominal,1,2,0,118,139,0.8489208633093526
32768,AlwaysDecrease20,404,nominal,1,2,1,0,139,0.0
32768,AlwaysDecrease20,404,nominal,1,2,2,21,139,0.1510791366906475
32768,AlwaysDecrease20,404,nominal,1,2,3,0,139,0.0
32768,AlwaysDecrease20,404,nominal,1,2,4,0,139,0.0
32768,AlwaysDecrease20,404,nominal,2,0,0,58,58,1.0
32768,AlwaysDecrease20,404,nominal,2,0,1,0,58,0.0
32768,AlwaysDecrease20,404,nominal,2,0,2,0,58,0.0
32768,AlwaysDecrease20,404,nominal,2,0,3,0,58,0.0
32768,AlwaysDecrease20,404,nominal,2,0,4,0,58,0.0
32768,AlwaysDecrease20,404,nominal,2,1,0,182,197,0.9238578680203046
32768,AlwaysDecrease20,404,nominal,2,1,1,0,197,0.0
32768,AlwaysDecrease20,404,nominal,2,1,2,15,197,0.07614213197969544
32768,AlwaysDecrease20,404,nominal,2,1,3,0,197,0.0
32768,AlwaysDecrease20,404,nominal,2,1,4,0,197,0.0
32768,AlwaysDecrease20,404,nominal,2,2,0,261,283,0.9222614840989399
32768,AlwaysDecrease20,404,nominal,2,2,1,0,283,0.0
32768,AlwaysDecrease20,404,nominal,2,2,2,22,283,0.07773851590106007
32768,AlwaysDecrease20,404,nominal,2,2,3,0,283,0.0
32768,AlwaysDecrease20,404,nominal,2,2,4,0,283,0.0
32768,AlwaysDecrease20,505,nominal,0,0,0,16,16,1.0
32768,AlwaysDecrease20,505,nominal,0,0,1,0,16,0.0
32768,AlwaysDecrease20,505,nominal,0,0,2,0,16,0.0
32768,AlwaysDecrease20,505,nominal,0,0,3,0,16,0.0
32768,AlwaysDecrease20,505,nominal,0,0,4,0,16,0.0
32768,AlwaysDecrease20,505,nominal,0,1,0,146,468,0.31196581196581197
32768,AlwaysDecrease20,505,nominal,0,1,1,0,468,0.0
32768,AlwaysDecrease20,505,nominal,0,1,2,322,468,0.688034188034188
32768,AlwaysDecrease20,505,nominal,0,1,3,0,468,0.0
32768,AlwaysDecrease20,505,nominal,0,1,4,0,468,0.0
32768,AlwaysDecrease20,505,nominal,0,2,0,25,39,0.6410256410256411
32768,AlwaysDecrease20,505,nominal,0,2,1,0,39,0.0
32768,AlwaysDecrease20,505,nominal,0,2,2,14,39,0.358974358974359
32768,AlwaysDecrease20,505,nominal,0,2,3,0,39,0.0
32768,AlwaysDecrease20,505,nominal,0,2,4,0,39,0.0
32768,AlwaysDecrease20,505,nominal,1,0,0,126,126,1.0
32768,AlwaysDecrease20,505,nominal,1,0,1,0,126,0.0
32768,AlwaysDecrease20,505,nominal,1,0,2,0,126,0.0
32768,AlwaysDecrease20,505,nominal,1,0,3,0,126,0.0
32768,AlwaysDecrease20,505,nominal,1,0,4,0,126,0.0
32768,AlwaysDecrease20,505,nominal,1,1,0,279,438,0.636986301369863
32768,AlwaysDecrease20,505,nominal,1,1,1,0,438,0.0
32768,AlwaysDecrease20,505,nominal,1,1,2,159,438,0.363013698630137
32768,AlwaysDecrease20,505,nominal,1,1,3,0,438,0.0
32768,AlwaysDecrease20,505,nominal,1,1,4,0,438,0.0
32768,AlwaysDecrease20,505,nominal,1,2,0,118,139,0.8489208633093526
32768,AlwaysDecrease20,505,nominal,1,2,1,0,139,0.0
32768,AlwaysDecrease20,505,nominal,1,2,2,21,139,0.1510791366906475
32768,AlwaysDecrease20,505,nominal,1,2,3,0,139,0.0
32768,AlwaysDecrease20,505,nominal,1,2,4,0,139,0.0
32768,AlwaysDecrease20,505,nominal,2,0,0,58,58,1.0
32768,AlwaysDecrease20,505,nominal,2,0,1,0,58,0.0
32768,AlwaysDecrease20,505,nominal,2,0,2,0,58,0.0
32768,AlwaysDecrease20,505,nominal,2,0,3,0,58,0.0
32768,AlwaysDecrease20,505,nominal,2,0,4,0,58,0.0
32768,AlwaysDecrease20,505,nominal,2,1,0,182,197,0.9238578680203046
32768,AlwaysDecrease20,505,nominal,2,1,1,0,197,0.0
32768,AlwaysDecrease20,505,nominal,2,1,2,15,197,0.07614213197969544
32768,AlwaysDecrease20,505,nominal,2,1,3,0,197,0.0
32768,AlwaysDecrease20,505,nominal,2,1,4,0,197,0.0
32768,AlwaysDecrease20,505,nominal,2,2,0,261,283,0.9222614840989399
32768,AlwaysDecrease20,505,nominal,2,2,1,0,283,0.0
32768,AlwaysDecrease20,505,nominal,2,2,2,22,283,0.07773851590106007
32768,AlwaysDecrease20,505,nominal,2,2,3,0,283,0.0
32768,AlwaysDecrease20,505,nominal,2,2,4,0,283,0.0
32768,BCInitPPO,101,nominal,0,0,0,16,19,0.8421052631578947
32768,BCInitPPO,101,nominal,0,0,1,0,19,0.0
32768,BCInitPPO,101,nominal,0,0,2,0,19,0.0
32768,BCInitPPO,101,nominal,0,0,3,0,19,0.0
32768,BCInitPPO,101,nominal,0,0,4,3,19,0.15789473684210525
32768,BCInitPPO,101,nominal,0,1,0,152,530,0.28679245283018867
32768,BCInitPPO,101,nominal,0,1,1,160,530,0.3018867924528302
32768,BCInitPPO,101,nominal,0,1,2,73,530,0.13773584905660377
32768,BCInitPPO,101,nominal,0,1,3,1,530,0.0018867924528301887
32768,BCInitPPO,101,nominal,0,1,4,144,530,0.27169811320754716
32768,BCInitPPO,101,nominal,0,2,0,2,11,0.18181818181818182
32768,BCInitPPO,101,nominal,0,2,1,4,11,0.36363636363636365
32768,BCInitPPO,101,nominal,0,2,2,5,11,0.45454545454545453
32768,BCInitPPO,101,nominal,0,2,3,0,11,0.0
32768,BCInitPPO,101,nominal,0,2,4,0,11,0.0
32768,BCInitPPO,101,nominal,1,0,0,126,126,1.0
32768,BCInitPPO,101,nominal,1,0,1,0,126,0.0
32768,BCInitPPO,101,nominal,1,0,2,0,126,0.0
32768,BCInitPPO,101,nominal,1,0,3,0,126,0.0
32768,BCInitPPO,101,nominal,1,0,4,0,126,0.0
32768,BCInitPPO,101,nominal,1,1,0,396,635,0.6236220472440945
32768,BCInitPPO,101,nominal,1,1,1,39,635,0.06141732283464567
32768,BCInitPPO,101,nominal,1,1,2,184,635,0.28976377952755905
32768,BCInitPPO,101,nominal,1,1,3,2,635,0.0031496062992125984
32768,BCInitPPO,101,nominal,1,1,4,14,635,0.02204724409448819
32768,BCInitPPO,101,nominal,1,2,0,37,171,0.21637426900584794
32768,BCInitPPO,101,nominal,1,2,1,48,171,0.2807017543859649
32768,BCInitPPO,101,nominal,1,2,2,81,171,0.47368421052631576
32768,BCInitPPO,101,nominal,1,2,3,0,171,0.0
32768,BCInitPPO,101,nominal,1,2,4,5,171,0.029239766081871343
32768,BCInitPPO,101,nominal,2,0,0,58,58,1.0
32768,BCInitPPO,101,nominal,2,0,1,0,58,0.0
32768,BCInitPPO,101,nominal,2,0,2,0,58,0.0
32768,BCInitPPO,101,nominal,2,0,3,0,58,0.0
32768,BCInitPPO,101,nominal,2,0,4,0,58,0.0
32768,BCInitPPO,101,nominal,2,1,0,189,235,0.8042553191489362
32768,BCInitPPO,101,nominal,2,1,1,16,235,0.06808510638297872
32768,BCInitPPO,101,nominal,2,1,2,30,235,0.1276595744680851
32768,BCInitPPO,101,nominal,2,1,3,0,235,0.0
32768,BCInitPPO,101,nominal,2,1,4,0,235,0.0
32768,BCInitPPO,101,nominal,2,2,0,28,315,0.08888888888888889
32768,BCInitPPO,101,nominal,2,2,1,124,315,0.39365079365079364
32768,BCInitPPO,101,nominal,2,2,2,160,315,0.5079365079365079
32768,BCInitPPO,101,nominal,2,2,3,0,315,0.0
32768,BCInitPPO,101,nominal,2,2,4,3,315,0.009523809523809525
32768,BCInitPPO,202,nominal,0,0,0,15,42,0.35714285714285715
32768,BCInitPPO,202,nominal,0,0,1,0,42,0.0
32768,BCInitPPO,202,nominal,0,0,2,3,42,0.07142857142857142
32768,BCInitPPO,202,nominal,0,0,3,14,42,0.3333333333333333
32768,BCInitPPO,202,nominal,0,0,4,10,42,0.23809523809523808
32768,BCInitPPO,202,nominal,0,1,0,183,508,0.36023622047244097
32768,BCInitPPO,202,nominal,0,1,1,135,508,0.265748031496063
32768,BCInitPPO,202,nominal,0,1,2,66,508,0.12992125984251968
32768,BCInitPPO,202,nominal,0,1,3,22,508,0.04330708661417323
32768,BCInitPPO,202,nominal,0,1,4,102,508,0.20078740157480315
32768,BCInitPPO,202,nominal,0,2,0,2,7,0.2857142857142857
32768,BCInitPPO,202,nominal,0,2,1,3,7,0.42857142857142855
32768,BCInitPPO,202,nominal,0,2,2,0,7,0.0
32768,BCInitPPO,202,nominal,0,2,3,1,7,0.14285714285714285
32768,BCInitPPO,202,nominal,0,2,4,1,7,0.14285714285714285
32768,BCInitPPO,202,nominal,1,0,0,126,127,0.9921259842519685
32768,BCInitPPO,202,nominal,1,0,1,0,127,0.0
32768,BCInitPPO,202,nominal,1,0,2,0,127,0.0
32768,BCInitPPO,202,nominal,1,0,3,0,127,0.0
32768,BCInitPPO,202,nominal,1,0,4,1,127,0.007874015748031496
32768,BCInitPPO,202,nominal,1,1,0,380,581,0.6540447504302926
32768,BCInitPPO,202,nominal,1,1,1,19,581,0.03270223752151463
32768,BCInitPPO,202,nominal,1,1,2,154,581,0.26506024096385544
32768,BCInitPPO,202,nominal,1,1,3,3,581,0.0051635111876075735
32768,BCInitPPO,202,nominal,1,1,4,25,581,0.043029259896729774
32768,BCInitPPO,202,nominal,1,2,0,57,193,0.29533678756476683
32768,BCInitPPO,202,nominal,1,2,1,73,193,0.37823834196891193
32768,BCInitPPO,202,nominal,1,2,2,42,193,0.21761658031088082
32768,BCInitPPO,202,nominal,1,2,3,13,193,0.06735751295336788
32768,BCInitPPO,202,nominal,1,2,4,8,193,0.04145077720207254
32768,BCInitPPO,202,nominal,2,0,0,58,58,1.0
32768,BCInitPPO,202,nominal,2,0,1,0,58,0.0
32768,BCInitPPO,202,nominal,2,0,2,0,58,0.0
32768,BCInitPPO,202,nominal,2,0,3,0,58,0.0
32768,BCInitPPO,202,nominal,2,0,4,0,58,0.0
32768,BCInitPPO,202,nominal,2,1,0,187,232,0.8060344827586207
32768,BCInitPPO,202,nominal,2,1,1,13,232,0.05603448275862069
32768,BCInitPPO,202,nominal,2,1,2,30,232,0.12931034482758622
32768,BCInitPPO,202,nominal,2,1,3,0,232,0.0
32768,BCInitPPO,202,nominal,2,1,4,2,232,0.008620689655172414
32768,BCInitPPO,202,nominal,2,2,0,30,317,0.0946372239747634
32768,BCInitPPO,202,nominal,2,2,1,176,317,0.555205047318612
32768,BCInitPPO,202,nominal,2,2,2,89,317,0.2807570977917981
32768,BCInitPPO,202,nominal,2,2,3,19,317,0.05993690851735016
32768,BCInitPPO,202,nominal,2,2,4,3,317,0.00946372239747634
32768,BCInitPPO,303,nominal,0,0,0,16,16,1.0
32768,BCInitPPO,303,nominal,0,0,1,0,16,0.0
32768,BCInitPPO,303,nominal,0,0,2,0,16,0.0
32768,BCInitPPO,303,nominal,0,0,3,0,16,0.0
32768,BCInitPPO,303,nominal,0,0,4,0,16,0.0
32768,BCInitPPO,303,nominal,0,1,0,256,532,0.48120300751879697
32768,BCInitPPO,303,nominal,0,1,1,8,532,0.015037593984962405
32768,BCInitPPO,303,nominal,0,1,2,266,532,0.5
32768,BCInitPPO,303,nominal,0,1,3,0,532,0.0
32768,BCInitPPO,303,nominal,0,1,4,2,532,0.0037593984962406013
32768,BCInitPPO,303,nominal,0,2,0,6,11,0.5454545454545454
32768,BCInitPPO,303,nominal,0,2,1,1,11,0.09090909090909091
32768,BCInitPPO,303,nominal,0,2,2,3,11,0.2727272727272727
32768,BCInitPPO,303,nominal,0,2,3,0,11,0.0
32768,BCInitPPO,303,nominal,0,2,4,1,11,0.09090909090909091
32768,BCInitPPO,303,nominal,1,0,0,126,126,1.0
32768,BCInitPPO,303,nominal,1,0,1,0,126,0.0
32768,BCInitPPO,303,nominal,1,0,2,0,126,0.0
32768,BCInitPPO,303,nominal,1,0,3,0,126,0.0
32768,BCInitPPO,303,nominal,1,0,4,0,126,0.0
32768,BCInitPPO,303,nominal,1,1,0,376,614,0.6123778501628665
32768,BCInitPPO,303,nominal,1,1,1,16,614,0.026058631921824105
32768,BCInitPPO,303,nominal,1,1,2,203,614,0.3306188925081433
32768,BCInitPPO,303,nominal,1,1,3,0,614,0.0
32768,BCInitPPO,303,nominal,1,1,4,19,614,0.030944625407166124
32768,BCInitPPO,303,nominal,1,2,0,51,184,0.27717391304347827
32768,BCInitPPO,303,nominal,1,2,1,84,184,0.45652173913043476
32768,BCInitPPO,303,nominal,1,2,2,26,184,0.14130434782608695
32768,BCInitPPO,303,nominal,1,2,3,0,184,0.0
32768,BCInitPPO,303,nominal,1,2,4,23,184,0.125
32768,BCInitPPO,303,nominal,2,0,0,58,58,1.0
32768,BCInitPPO,303,nominal,2,0,1,0,58,0.0
32768,BCInitPPO,303,nominal,2,0,2,0,58,0.0
32768,BCInitPPO,303,nominal,2,0,3,0,58,0.0
32768,BCInitPPO,303,nominal,2,0,4,0,58,0.0
32768,BCInitPPO,303,nominal,2,1,0,177,255,0.6941176470588235
32768,BCInitPPO,303,nominal,2,1,1,23,255,0.09019607843137255
32768,BCInitPPO,303,nominal,2,1,2,55,255,0.21568627450980393
32768,BCInitPPO,303,nominal,2,1,3,0,255,0.0
32768,BCInitPPO,303,nominal,2,1,4,0,255,0.0
32768,BCInitPPO,303,nominal,2,2,0,21,309,0.06796116504854369
32768,BCInitPPO,303,nominal,2,2,1,133,309,0.43042071197411
32768,BCInitPPO,303,nominal,2,2,2,152,309,0.4919093851132686
32768,BCInitPPO,303,nominal,2,2,3,0,309,0.0
32768,BCInitPPO,303,nominal,2,2,4,3,309,0.009708737864077669
32768,BCInitPPO,404,nominal,0,0,0,16,16,1.0
32768,BCInitPPO,404,nominal,0,0,1,0,16,0.0
32768,BCInitPPO,404,nominal,0,0,2,0,16,0.0
32768,BCInitPPO,404,nominal,0,0,3,0,16,0.0
32768,BCInitPPO,404,nominal,0,0,4,0,16,0.0
32768,BCInitPPO,404,nominal,0,1,0,213,541,0.39371534195933455
32768,BCInitPPO,404,nominal,0,1,1,117,541,0.21626617375231053
32768,BCInitPPO,404,nominal,0,1,2,117,541,0.21626617375231053
32768,BCInitPPO,404,nominal,0,1,3,17,541,0.031423290203327174
32768,BCInitPPO,404,nominal,0,1,4,77,541,0.1423290203327172
32768,BCInitPPO,404,nominal,0,2,0,5,13,0.38461538461538464
32768,BCInitPPO,404,nominal,0,2,1,2,13,0.15384615384615385
32768,BCInitPPO,404,nominal,0,2,2,3,13,0.23076923076923078
32768,BCInitPPO,404,nominal,0,2,3,0,13,0.0
32768,BCInitPPO,404,nominal,0,2,4,3,13,0.23076923076923078
32768,BCInitPPO,404,nominal,1,0,0,126,126,1.0
32768,BCInitPPO,404,nominal,1,0,1,0,126,0.0
32768,BCInitPPO,404,nominal,1,0,2,0,126,0.0
32768,BCInitPPO,404,nominal,1,0,3,0,126,0.0
32768,BCInitPPO,404,nominal,1,0,4,0,126,0.0
32768,BCInitPPO,404,nominal,1,1,0,353,567,0.6225749559082893
32768,BCInitPPO,404,nominal,1,1,1,18,567,0.031746031746031744
32768,BCInitPPO,404,nominal,1,1,2,169,567,0.2980599647266314
32768,BCInitPPO,404,nominal,1,1,3,12,567,0.021164021164021163
32768,BCInitPPO,404,nominal,1,1,4,15,567,0.026455026455026454
32768,BCInitPPO,404,nominal,1,2,0,66,180,0.36666666666666664
32768,BCInitPPO,404,nominal,1,2,1,60,180,0.3333333333333333
32768,BCInitPPO,404,nominal,1,2,2,32,180,0.17777777777777778
32768,BCInitPPO,404,nominal,1,2,3,5,180,0.027777777777777776
32768,BCInitPPO,404,nominal,1,2,4,17,180,0.09444444444444444
32768,BCInitPPO,404,nominal,2,0,0,58,58,1.0
32768,BCInitPPO,404,nominal,2,0,1,0,58,0.0
32768,BCInitPPO,404,nominal,2,0,2,0,58,0.0
32768,BCInitPPO,404,nominal,2,0,3,0,58,0.0
32768,BCInitPPO,404,nominal,2,0,4,0,58,0.0
32768,BCInitPPO,404,nominal,2,1,0,182,209,0.8708133971291866
32768,BCInitPPO,404,nominal,2,1,1,2,209,0.009569377990430622
32768,BCInitPPO,404,nominal,2,1,2,25,209,0.11961722488038277
32768,BCInitPPO,404,nominal,2,1,3,0,209,0.0
32768,BCInitPPO,404,nominal,2,1,4,0,209,0.0
32768,BCInitPPO,404,nominal,2,2,0,125,307,0.40716612377850164
32768,BCInitPPO,404,nominal,2,2,1,65,307,0.21172638436482086
32768,BCInitPPO,404,nominal,2,2,2,102,307,0.3322475570032573
32768,BCInitPPO,404,nominal,2,2,3,10,307,0.03257328990228013
32768,BCInitPPO,404,nominal,2,2,4,5,307,0.016286644951140065
32768,BCInitPPO,505,nominal,0,0,0,18,51,0.35294117647058826
32768,BCInitPPO,505,nominal,0,0,1,0,51,0.0
32768,BCInitPPO,505,nominal,0,0,2,0,51,0.0
32768,BCInitPPO,505,nominal,0,0,3,8,51,0.1568627450980392
32768,BCInitPPO,505,nominal,0,0,4,25,51,0.49019607843137253
32768,BCInitPPO,505,nominal,0,1,0,185,494,0.37449392712550605
32768,BCInitPPO,505,nominal,0,1,1,72,494,0.145748987854251
32768,BCInitPPO,505,nominal,0,1,2,58,494,0.11740890688259109
32768,BCInitPPO,505,nominal,0,1,3,2,494,0.004048582995951417
32768,BCInitPPO,505,nominal,0,1,4,177,494,0.3582995951417004
32768,BCInitPPO,505,nominal,0,2,0,12,18,0.6666666666666666
32768,BCInitPPO,505,nominal,0,2,1,1,18,0.05555555555555555
32768,BCInitPPO,505,nominal,0,2,2,2,18,0.1111111111111111
32768,BCInitPPO,505,nominal,0,2,3,0,18,0.0
32768,BCInitPPO,505,nominal,0,2,4,3,18,0.16666666666666666
32768,BCInitPPO,505,nominal,1,0,0,126,126,1.0
32768,BCInitPPO,505,nominal,1,0,1,0,126,0.0
32768,BCInitPPO,505,nominal,1,0,2,0,126,0.0
32768,BCInitPPO,505,nominal,1,0,3,0,126,0.0
32768,BCInitPPO,505,nominal,1,0,4,0,126,0.0
32768,BCInitPPO,505,nominal,1,1,0,375,537,0.6983240223463687
32768,BCInitPPO,505,nominal,1,1,1,8,537,0.0148975791433892
32768,BCInitPPO,505,nominal,1,1,2,118,537,0.21973929236499068
32768,BCInitPPO,505,nominal,1,1,3,4,537,0.0074487895716946
32768,BCInitPPO,505,nominal,1,1,4,32,537,0.0595903165735568
32768,BCInitPPO,505,nominal,1,2,0,85,186,0.45698924731182794
32768,BCInitPPO,505,nominal,1,2,1,46,186,0.24731182795698925
32768,BCInitPPO,505,nominal,1,2,2,16,186,0.08602150537634409
32768,BCInitPPO,505,nominal,1,2,3,2,186,0.010752688172043012
32768,BCInitPPO,505,nominal,1,2,4,37,186,0.1989247311827957
32768,BCInitPPO,505,nominal,2,0,0,58,58,1.0
32768,BCInitPPO,505,nominal,2,0,1,0,58,0.0
32768,BCInitPPO,505,nominal,2,0,2,0,58,0.0
32768,BCInitPPO,505,nominal,2,0,3,0,58,0.0
32768,BCInitPPO,505,nominal,2,0,4,0,58,0.0
32768,BCInitPPO,505,nominal,2,1,0,185,211,0.8767772511848341
32768,BCInitPPO,505,nominal,2,1,1,5,211,0.023696682464454975
32768,BCInitPPO,505,nominal,2,1,2,21,211,0.0995260663507109
32768,BCInitPPO,505,nominal,2,1,3,0,211,0.0
32768,BCInitPPO,505,nominal,2,1,4,0,211,0.0
32768,BCInitPPO,505,nominal,2,2,0,132,282,0.46808510638297873
32768,BCInitPPO,505,nominal,2,2,1,80,282,0.28368794326241137
32768,BCInitPPO,505,nominal,2,2,2,55,282,0.1950354609929078
32768,BCInitPPO,505,nominal,2,2,3,5,282,0.01773049645390071
32768,BCInitPPO,505,nominal,2,2,4,10,282,0.03546099290780142
32768,BCRegularizedPPO,101,nominal,0,0,0,16,34,0.47058823529411764
32768,BCRegularizedPPO,101,nominal,0,0,1,0,34,0.0
32768,BCRegularizedPPO,101,nominal,0,0,2,0,34,0.0
32768,BCRegularizedPPO,101,nominal,0,0,3,16,34,0.47058823529411764
32768,BCRegularizedPPO,101,nominal,0,0,4,2,34,0.058823529411764705
32768,BCRegularizedPPO,101,nominal,0,1,0,193,513,0.3762183235867446
32768,BCRegularizedPPO,101,nominal,0,1,1,134,513,0.26120857699805067
32768,BCRegularizedPPO,101,nominal,0,1,2,131,513,0.2553606237816764
32768,BCRegularizedPPO,101,nominal,0,1,3,39,513,0.07602339181286549
32768,BCRegularizedPPO,101,nominal,0,1,4,16,513,0.031189083820662766
32768,BCRegularizedPPO,101,nominal,0,2,0,11,17,0.6470588235294118
32768,BCRegularizedPPO,101,nominal,0,2,1,2,17,0.11764705882352941
32768,BCRegularizedPPO,101,nominal,0,2,2,3,17,0.17647058823529413
32768,BCRegularizedPPO,101,nominal,0,2,3,0,17,0.0
32768,BCRegularizedPPO,101,nominal,0,2,4,1,17,0.058823529411764705
32768,BCRegularizedPPO,101,nominal,1,0,0,126,126,1.0
32768,BCRegularizedPPO,101,nominal,1,0,1,0,126,0.0
32768,BCRegularizedPPO,101,nominal,1,0,2,0,126,0.0
32768,BCRegularizedPPO,101,nominal,1,0,3,0,126,0.0
32768,BCRegularizedPPO,101,nominal,1,0,4,0,126,0.0
32768,BCRegularizedPPO,101,nominal,1,1,0,401,579,0.6925734024179621
32768,BCRegularizedPPO,101,nominal,1,1,1,10,579,0.017271157167530225
32768,BCRegularizedPPO,101,nominal,1,1,2,128,579,0.22107081174438686
32768,BCRegularizedPPO,101,nominal,1,1,3,23,579,0.039723661485319514
32768,BCRegularizedPPO,101,nominal,1,1,4,17,579,0.02936096718480138
32768,BCRegularizedPPO,101,nominal,1,2,0,87,210,0.4142857142857143
32768,BCRegularizedPPO,101,nominal,1,2,1,79,210,0.3761904761904762
32768,BCRegularizedPPO,101,nominal,1,2,2,19,210,0.09047619047619047
32768,BCRegularizedPPO,101,nominal,1,2,3,1,210,0.004761904761904762
32768,BCRegularizedPPO,101,nominal,1,2,4,24,210,0.11428571428571428
32768,BCRegularizedPPO,101,nominal,2,0,0,58,58,1.0
32768,BCRegularizedPPO,101,nominal,2,0,1,0,58,0.0
32768,BCRegularizedPPO,101,nominal,2,0,2,0,58,0.0
32768,BCRegularizedPPO,101,nominal,2,0,3,0,58,0.0
32768,BCRegularizedPPO,101,nominal,2,0,4,0,58,0.0
32768,BCRegularizedPPO,101,nominal,2,1,0,183,221,0.8280542986425339
32768,BCRegularizedPPO,101,nominal,2,1,1,4,221,0.01809954751131222
32768,BCRegularizedPPO,101,nominal,2,1,2,29,221,0.13122171945701358
32768,BCRegularizedPPO,101,nominal,2,1,3,0,221,0.0
32768,BCRegularizedPPO,101,nominal,2,1,4,5,221,0.02262443438914027
32768,BCRegularizedPPO,101,nominal,2,2,0,111,287,0.3867595818815331
32768,BCRegularizedPPO,101,nominal,2,2,1,87,287,0.30313588850174217
32768,BCRegularizedPPO,101,nominal,2,2,2,63,287,0.21951219512195122
32768,BCRegularizedPPO,101,nominal,2,2,3,1,287,0.003484320557491289
32768,BCRegularizedPPO,101,nominal,2,2,4,25,287,0.08710801393728224
32768,BCRegularizedPPO,202,nominal,0,0,0,14,45,0.3111111111111111
32768,BCRegularizedPPO,202,nominal,0,0,1,0,45,0.0
32768,BCRegularizedPPO,202,nominal,0,0,2,0,45,0.0
32768,BCRegularizedPPO,202,nominal,0,0,3,5,45,0.1111111111111111
32768,BCRegularizedPPO,202,nominal,0,0,4,26,45,0.5777777777777777
32768,BCRegularizedPPO,202,nominal,0,1,0,367,509,0.7210216110019646
32768,BCRegularizedPPO,202,nominal,0,1,1,54,509,0.10609037328094302
32768,BCRegularizedPPO,202,nominal,0,1,2,15,509,0.029469548133595286
32768,BCRegularizedPPO,202,nominal,0,1,3,2,509,0.003929273084479371
32768,BCRegularizedPPO,202,nominal,0,1,4,71,509,0.13948919449901767
32768,BCRegularizedPPO,202,nominal,0,2,0,1,9,0.1111111111111111
32768,BCRegularizedPPO,202,nominal,0,2,1,5,9,0.5555555555555556
32768,BCRegularizedPPO,202,nominal,0,2,2,2,9,0.2222222222222222
32768,BCRegularizedPPO,202,nominal,0,2,3,0,9,0.0
32768,BCRegularizedPPO,202,nominal,0,2,4,1,9,0.1111111111111111
32768,BCRegularizedPPO,202,nominal,1,0,0,126,127,0.9921259842519685
32768,BCRegularizedPPO,202,nominal,1,0,1,0,127,0.0
32768,BCRegularizedPPO,202,nominal,1,0,2,0,127,0.0
32768,BCRegularizedPPO,202,nominal,1,0,3,0,127,0.0
32768,BCRegularizedPPO,202,nominal,1,0,4,1,127,0.007874015748031496
32768,BCRegularizedPPO,202,nominal,1,1,0,449,612,0.7336601307189542
32768,BCRegularizedPPO,202,nominal,1,1,1,18,612,0.029411764705882353
32768,BCRegularizedPPO,202,nominal,1,1,2,100,612,0.16339869281045752
32768,BCRegularizedPPO,202,nominal,1,1,3,8,612,0.013071895424836602
32768,BCRegularizedPPO,202,nominal,1,1,4,37,612,0.06045751633986928
32768,BCRegularizedPPO,202,nominal,1,2,0,45,170,0.2647058823529412
32768,BCRegularizedPPO,202,nominal,1,2,1,30,170,0.17647058823529413
32768,BCRegularizedPPO,202,nominal,1,2,2,64,170,0.3764705882352941
32768,BCRegularizedPPO,202,nominal,1,2,3,18,170,0.10588235294117647
32768,BCRegularizedPPO,202,nominal,1,2,4,13,170,0.07647058823529412
32768,BCRegularizedPPO,202,nominal,2,0,0,58,58,1.0
32768,BCRegularizedPPO,202,nominal,2,0,1,0,58,0.0
32768,BCRegularizedPPO,202,nominal,2,0,2,0,58,0.0
32768,BCRegularizedPPO,202,nominal,2,0,3,0,58,0.0
32768,BCRegularizedPPO,202,nominal,2,0,4,0,58,0.0
32768,BCRegularizedPPO,202,nominal,2,1,0,185,235,0.7872340425531915
32768,BCRegularizedPPO,202,nominal,2,1,1,10,235,0.0425531914893617
32768,BCRegularizedPPO,202,nominal,2,1,2,39,235,0.16595744680851063
32768,BCRegularizedPPO,202,nominal,2,1,3,0,235,0.0
32768,BCRegularizedPPO,202,nominal,2,1,4,1,235,0.00425531914893617
32768,BCRegularizedPPO,202,nominal,2,2,0,119,290,0.4103448275862069
32768,BCRegularizedPPO,202,nominal,2,2,1,49,290,0.16896551724137931
32768,BCRegularizedPPO,202,nominal,2,2,2,100,290,0.3448275862068966
32768,BCRegularizedPPO,202,nominal,2,2,3,21,290,0.07241379310344828
32768,BCRegularizedPPO,202,nominal,2,2,4,1,290,0.0034482758620689655
32768,BCRegularizedPPO,303,nominal,0,0,0,16,16,1.0
32768,BCRegularizedPPO,303,nominal,0,0,1,0,16,0.0
32768,BCRegularizedPPO,303,nominal,0,0,2,0,16,0.0
32768,BCRegularizedPPO,303,nominal,0,0,3,0,16,0.0
32768,BCRegularizedPPO,303,nominal,0,0,4,0,16,0.0
32768,BCRegularizedPPO,303,nominal,0,1,0,149,533,0.2795497185741088
32768,BCRegularizedPPO,303,nominal,0,1,1,204,533,0.3827392120075047
32768,BCRegularizedPPO,303,nominal,0,1,2,91,533,0.17073170731707318
32768,BCRegularizedPPO,303,nominal,0,1,3,2,533,0.00375234521575985
32768,BCRegularizedPPO,303,nominal,0,1,4,87,533,0.16322701688555347
32768,BCRegularizedPPO,303,nominal,0,2,0,3,13,0.23076923076923078
32768,BCRegularizedPPO,303,nominal,0,2,1,5,13,0.38461538461538464
32768,BCRegularizedPPO,303,nominal,0,2,2,3,13,0.23076923076923078
32768,BCRegularizedPPO,303,nominal,0,2,3,0,13,0.0
32768,BCRegularizedPPO,303,nominal,0,2,4,2,13,0.15384615384615385
32768,BCRegularizedPPO,303,nominal,1,0,0,126,126,1.0
32768,BCRegularizedPPO,303,nominal,1,0,1,0,126,0.0
32768,BCRegularizedPPO,303,nominal,1,0,2,0,126,0.0
32768,BCRegularizedPPO,303,nominal,1,0,3,0,126,0.0
32768,BCRegularizedPPO,303,nominal,1,0,4,0,126,0.0
32768,BCRegularizedPPO,303,nominal,1,1,0,395,655,0.6030534351145038
32768,BCRegularizedPPO,303,nominal,1,1,1,84,655,0.1282442748091603
32768,BCRegularizedPPO,303,nominal,1,1,2,158,655,0.24122137404580152
32768,BCRegularizedPPO,303,nominal,1,1,3,4,655,0.0061068702290076335
32768,BCRegularizedPPO,303,nominal,1,1,4,14,655,0.021374045801526718
32768,BCRegularizedPPO,303,nominal,1,2,0,33,155,0.2129032258064516
32768,BCRegularizedPPO,303,nominal,1,2,1,51,155,0.32903225806451614
32768,BCRegularizedPPO,303,nominal,1,2,2,57,155,0.36774193548387096
32768,BCRegularizedPPO,303,nominal,1,2,3,1,155,0.0064516129032258064
32768,BCRegularizedPPO,303,nominal,1,2,4,13,155,0.08387096774193549
32768,BCRegularizedPPO,303,nominal,2,0,0,58,58,1.0
32768,BCRegularizedPPO,303,nominal,2,0,1,0,58,0.0
32768,BCRegularizedPPO,303,nominal,2,0,2,0,58,0.0
32768,BCRegularizedPPO,303,nominal,2,0,3,0,58,0.0
32768,BCRegularizedPPO,303,nominal,2,0,4,0,58,0.0
32768,BCRegularizedPPO,303,nominal,2,1,0,186,257,0.7237354085603113
32768,BCRegularizedPPO,303,nominal,2,1,1,17,257,0.06614785992217899
32768,BCRegularizedPPO,303,nominal,2,1,2,52,257,0.20233463035019456
32768,BCRegularizedPPO,303,nominal,2,1,3,1,257,0.0038910505836575876
32768,BCRegularizedPPO,303,nominal,2,1,4,1,257,0.0038910505836575876
32768,BCRegularizedPPO,303,nominal,2,2,0,34,300,0.11333333333333333
32768,BCRegularizedPPO,303,nominal,2,2,1,108,300,0.36
32768,BCRegularizedPPO,303,nominal,2,2,2,150,300,0.5
32768,BCRegularizedPPO,303,nominal,2,2,3,6,300,0.02
32768,BCRegularizedPPO,303,nominal,2,2,4,2,300,0.006666666666666667
32768,BCRegularizedPPO,404,nominal,0,0,0,16,28,0.5714285714285714
32768,BCRegularizedPPO,404,nominal,0,0,1,0,28,0.0
32768,BCRegularizedPPO,404,nominal,0,0,2,0,28,0.0
32768,BCRegularizedPPO,404,nominal,0,0,3,0,28,0.0
32768,BCRegularizedPPO,404,nominal,0,0,4,12,28,0.42857142857142855
32768,BCRegularizedPPO,404,nominal,0,1,0,261,528,0.4943181818181818
32768,BCRegularizedPPO,404,nominal,0,1,1,84,528,0.1590909090909091
32768,BCRegularizedPPO,404,nominal,0,1,2,111,528,0.21022727272727273
32768,BCRegularizedPPO,404,nominal,0,1,3,3,528,0.005681818181818182
32768,BCRegularizedPPO,404,nominal,0,1,4,69,528,0.13068181818181818
32768,BCRegularizedPPO,404,nominal,0,2,0,7,20,0.35
32768,BCRegularizedPPO,404,nominal,0,2,1,6,20,0.3
32768,BCRegularizedPPO,404,nominal,0,2,2,4,20,0.2
32768,BCRegularizedPPO,404,nominal,0,2,3,0,20,0.0
32768,BCRegularizedPPO,404,nominal,0,2,4,3,20,0.15
32768,BCRegularizedPPO,404,nominal,1,0,0,126,126,1.0
32768,BCRegularizedPPO,404,nominal,1,0,1,0,126,0.0
32768,BCRegularizedPPO,404,nominal,1,0,2,0,126,0.0
32768,BCRegularizedPPO,404,nominal,1,0,3,0,126,0.0
32768,BCRegularizedPPO,404,nominal,1,0,4,0,126,0.0
32768,BCRegularizedPPO,404,nominal,1,1,0,381,555,0.6864864864864865
32768,BCRegularizedPPO,404,nominal,1,1,1,4,555,0.007207207207207207
32768,BCRegularizedPPO,404,nominal,1,1,2,143,555,0.25765765765765763
32768,BCRegularizedPPO,404,nominal,1,1,3,1,555,0.0018018018018018018
32768,BCRegularizedPPO,404,nominal,1,1,4,26,555,0.04684684684684685
32768,BCRegularizedPPO,404,nominal,1,2,0,61,193,0.3160621761658031
32768,BCRegularizedPPO,404,nominal,1,2,1,49,193,0.2538860103626943
32768,BCRegularizedPPO,404,nominal,1,2,2,56,193,0.29015544041450775
32768,BCRegularizedPPO,404,nominal,1,2,3,1,193,0.0051813471502590676
32768,BCRegularizedPPO,404,nominal,1,2,4,26,193,0.13471502590673576
32768,BCRegularizedPPO,404,nominal,2,0,0,58,58,1.0
32768,BCRegularizedPPO,404,nominal,2,0,1,0,58,0.0
32768,BCRegularizedPPO,404,nominal,2,0,2,0,58,0.0
32768,BCRegularizedPPO,404,nominal,2,0,3,0,58,0.0
32768,BCRegularizedPPO,404,nominal,2,0,4,0,58,0.0
32768,BCRegularizedPPO,404,nominal,2,1,0,184,220,0.8363636363636363
32768,BCRegularizedPPO,404,nominal,2,1,1,5,220,0.022727272727272728
32768,BCRegularizedPPO,404,nominal,2,1,2,31,220,0.1409090909090909
32768,BCRegularizedPPO,404,nominal,2,1,3,0,220,0.0
32768,BCRegularizedPPO,404,nominal,2,1,4,0,220,0.0
32768,BCRegularizedPPO,404,nominal,2,2,0,80,315,0.25396825396825395
32768,BCRegularizedPPO,404,nominal,2,2,1,100,315,0.31746031746031744
32768,BCRegularizedPPO,404,nominal,2,2,2,127,315,0.4031746031746032
32768,BCRegularizedPPO,404,nominal,2,2,3,4,315,0.012698412698412698
32768,BCRegularizedPPO,404,nominal,2,2,4,4,315,0.012698412698412698
32768,BCRegularizedPPO,505,nominal,0,0,0,16,22,0.7272727272727273
32768,BCRegularizedPPO,505,nominal,0,0,1,0,22,0.0
32768,BCRegularizedPPO,505,nominal,0,0,2,0,22,0.0
32768,BCRegularizedPPO,505,nominal,0,0,3,0,22,0.0
32768,BCRegularizedPPO,505,nominal,0,0,4,6,22,0.2727272727272727
32768,BCRegularizedPPO,505,nominal,0,1,0,357,521,0.6852207293666027
32768,BCRegularizedPPO,505,nominal,0,1,1,83,521,0.15930902111324377
32768,BCRegularizedPPO,505,nominal,0,1,2,58,521,0.11132437619961612
32768,BCRegularizedPPO,505,nominal,0,1,3,0,521,0.0
32768,BCRegularizedPPO,505,nominal,0,1,4,23,521,0.044145873320537425
32768,BCRegularizedPPO,505,nominal,0,2,0,9,20,0.45
32768,BCRegularizedPPO,505,nominal,0,2,1,4,20,0.2
32768,BCRegularizedPPO,505,nominal,0,2,2,6,20,0.3
32768,BCRegularizedPPO,505,nominal,0,2,3,0,20,0.0
32768,BCRegularizedPPO,505,nominal,0,2,4,1,20,0.05
32768,BCRegularizedPPO,505,nominal,1,0,0,126,126,1.0
32768,BCRegularizedPPO,505,nominal,1,0,1,0,126,0.0
32768,BCRegularizedPPO,505,nominal,1,0,2,0,126,0.0
32768,BCRegularizedPPO,505,nominal,1,0,3,0,126,0.0
32768,BCRegularizedPPO,505,nominal,1,0,4,0,126,0.0
32768,BCRegularizedPPO,505,nominal,1,1,0,409,563,0.7264653641207816
32768,BCRegularizedPPO,505,nominal,1,1,1,13,563,0.023090586145648313
32768,BCRegularizedPPO,505,nominal,1,1,2,133,563,0.23623445825932504
32768,BCRegularizedPPO,505,nominal,1,1,3,0,563,0.0
32768,BCRegularizedPPO,505,nominal,1,1,4,8,563,0.014209591474245116
32768,BCRegularizedPPO,505,nominal,1,2,0,63,193,0.32642487046632124
32768,BCRegularizedPPO,505,nominal,1,2,1,69,193,0.35751295336787564
32768,BCRegularizedPPO,505,nominal,1,2,2,49,193,0.2538860103626943
32768,BCRegularizedPPO,505,nominal,1,2,3,9,193,0.046632124352331605
32768,BCRegularizedPPO,505,nominal,1,2,4,3,193,0.015544041450777202
32768,BCRegularizedPPO,505,nominal,2,0,0,58,58,1.0
32768,BCRegularizedPPO,505,nominal,2,0,1,0,58,0.0
32768,BCRegularizedPPO,505,nominal,2,0,2,0,58,0.0
32768,BCRegularizedPPO,505,nominal,2,0,3,0,58,0.0
32768,BCRegularizedPPO,505,nominal,2,0,4,0,58,0.0
32768,BCRegularizedPPO,505,nominal,2,1,0,183,210,0.8714285714285714
32768,BCRegularizedPPO,505,nominal,2,1,1,2,210,0.009523809523809525
32768,BCRegularizedPPO,505,nominal,2,1,2,25,210,0.11904761904761904
32768,BCRegularizedPPO,505,nominal,2,1,3,0,210,0.0
32768,BCRegularizedPPO,505,nominal,2,1,4,0,210,0.0
32768,BCRegularizedPPO,505,nominal,2,2,0,121,281,0.4306049822064057
32768,BCRegularizedPPO,505,nominal,2,2,1,58,281,0.20640569395017794
32768,BCRegularizedPPO,505,nominal,2,2,2,101,281,0.3594306049822064
32768,BCRegularizedPPO,505,nominal,2,2,3,1,281,0.0035587188612099642
32768,BCRegularizedPPO,505,nominal,2,2,4,0,281,0.0
32768,CanonicalPPO,101,nominal,0,0,0,16,16,1.0
32768,CanonicalPPO,101,nominal,0,0,1,0,16,0.0
32768,CanonicalPPO,101,nominal,0,0,2,0,16,0.0
32768,CanonicalPPO,101,nominal,0,0,3,0,16,0.0
32768,CanonicalPPO,101,nominal,0,0,4,0,16,0.0
32768,CanonicalPPO,101,nominal,0,1,0,468,468,1.0
32768,CanonicalPPO,101,nominal,0,1,1,0,468,0.0
32768,CanonicalPPO,101,nominal,0,1,2,0,468,0.0
32768,CanonicalPPO,101,nominal,0,1,3,0,468,0.0
32768,CanonicalPPO,101,nominal,0,1,4,0,468,0.0
32768,CanonicalPPO,101,nominal,0,2,0,39,39,1.0
32768,CanonicalPPO,101,nominal,0,2,1,0,39,0.0
32768,CanonicalPPO,101,nominal,0,2,2,0,39,0.0
32768,CanonicalPPO,101,nominal,0,2,3,0,39,0.0
32768,CanonicalPPO,101,nominal,0,2,4,0,39,0.0
32768,CanonicalPPO,101,nominal,1,0,0,126,126,1.0
32768,CanonicalPPO,101,nominal,1,0,1,0,126,0.0
32768,CanonicalPPO,101,nominal,1,0,2,0,126,0.0
32768,CanonicalPPO,101,nominal,1,0,3,0,126,0.0
32768,CanonicalPPO,101,nominal,1,0,4,0,126,0.0
32768,CanonicalPPO,101,nominal,1,1,0,438,438,1.0
32768,CanonicalPPO,101,nominal,1,1,1,0,438,0.0
32768,CanonicalPPO,101,nominal,1,1,2,0,438,0.0
32768,CanonicalPPO,101,nominal,1,1,3,0,438,0.0
32768,CanonicalPPO,101,nominal,1,1,4,0,438,0.0
32768,CanonicalPPO,101,nominal,1,2,0,139,139,1.0
32768,CanonicalPPO,101,nominal,1,2,1,0,139,0.0
32768,CanonicalPPO,101,nominal,1,2,2,0,139,0.0
32768,CanonicalPPO,101,nominal,1,2,3,0,139,0.0
32768,CanonicalPPO,101,nominal,1,2,4,0,139,0.0
32768,CanonicalPPO,101,nominal,2,0,0,58,58,1.0
32768,CanonicalPPO,101,nominal,2,0,1,0,58,0.0
32768,CanonicalPPO,101,nominal,2,0,2,0,58,0.0
32768,CanonicalPPO,101,nominal,2,0,3,0,58,0.0
32768,CanonicalPPO,101,nominal,2,0,4,0,58,0.0
32768,CanonicalPPO,101,nominal,2,1,0,197,197,1.0
32768,CanonicalPPO,101,nominal,2,1,1,0,197,0.0
32768,CanonicalPPO,101,nominal,2,1,2,0,197,0.0
32768,CanonicalPPO,101,nominal,2,1,3,0,197,0.0
32768,CanonicalPPO,101,nominal,2,1,4,0,197,0.0
32768,CanonicalPPO,101,nominal,2,2,0,283,283,1.0
32768,CanonicalPPO,101,nominal,2,2,1,0,283,0.0
32768,CanonicalPPO,101,nominal,2,2,2,0,283,0.0
32768,CanonicalPPO,101,nominal,2,2,3,0,283,0.0
32768,CanonicalPPO,101,nominal,2,2,4,0,283,0.0
32768,CanonicalPPO,202,nominal,0,0,0,16,16,1.0
32768,CanonicalPPO,202,nominal,0,0,1,0,16,0.0
32768,CanonicalPPO,202,nominal,0,0,2,0,16,0.0
32768,CanonicalPPO,202,nominal,0,0,3,0,16,0.0
32768,CanonicalPPO,202,nominal,0,0,4,0,16,0.0
32768,CanonicalPPO,202,nominal,0,1,0,468,468,1.0
32768,CanonicalPPO,202,nominal,0,1,1,0,468,0.0
32768,CanonicalPPO,202,nominal,0,1,2,0,468,0.0
32768,CanonicalPPO,202,nominal,0,1,3,0,468,0.0
32768,CanonicalPPO,202,nominal,0,1,4,0,468,0.0
32768,CanonicalPPO,202,nominal,0,2,0,39,39,1.0
32768,CanonicalPPO,202,nominal,0,2,1,0,39,0.0
32768,CanonicalPPO,202,nominal,0,2,2,0,39,0.0
32768,CanonicalPPO,202,nominal,0,2,3,0,39,0.0
32768,CanonicalPPO,202,nominal,0,2,4,0,39,0.0
32768,CanonicalPPO,202,nominal,1,0,0,126,126,1.0
32768,CanonicalPPO,202,nominal,1,0,1,0,126,0.0
32768,CanonicalPPO,202,nominal,1,0,2,0,126,0.0
32768,CanonicalPPO,202,nominal,1,0,3,0,126,0.0
32768,CanonicalPPO,202,nominal,1,0,4,0,126,0.0
32768,CanonicalPPO,202,nominal,1,1,0,438,438,1.0
32768,CanonicalPPO,202,nominal,1,1,1,0,438,0.0
32768,CanonicalPPO,202,nominal,1,1,2,0,438,0.0
32768,CanonicalPPO,202,nominal,1,1,3,0,438,0.0
32768,CanonicalPPO,202,nominal,1,1,4,0,438,0.0
32768,CanonicalPPO,202,nominal,1,2,0,139,139,1.0
32768,CanonicalPPO,202,nominal,1,2,1,0,139,0.0
32768,CanonicalPPO,202,nominal,1,2,2,0,139,0.0
32768,CanonicalPPO,202,nominal,1,2,3,0,139,0.0
32768,CanonicalPPO,202,nominal,1,2,4,0,139,0.0
32768,CanonicalPPO,202,nominal,2,0,0,58,58,1.0
32768,CanonicalPPO,202,nominal,2,0,1,0,58,0.0
32768,CanonicalPPO,202,nominal,2,0,2,0,58,0.0
32768,CanonicalPPO,202,nominal,2,0,3,0,58,0.0
32768,CanonicalPPO,202,nominal,2,0,4,0,58,0.0
32768,CanonicalPPO,202,nominal,2,1,0,197,197,1.0
32768,CanonicalPPO,202,nominal,2,1,1,0,197,0.0
32768,CanonicalPPO,202,nominal,2,1,2,0,197,0.0
32768,CanonicalPPO,202,nominal,2,1,3,0,197,0.0
32768,CanonicalPPO,202,nominal,2,1,4,0,197,0.0
32768,CanonicalPPO,202,nominal,2,2,0,283,283,1.0
32768,CanonicalPPO,202,nominal,2,2,1,0,283,0.0
32768,CanonicalPPO,202,nominal,2,2,2,0,283,0.0
32768,CanonicalPPO,202,nominal,2,2,3,0,283,0.0
32768,CanonicalPPO,202,nominal,2,2,4,0,283,0.0
32768,CanonicalPPO,303,nominal,0,0,0,16,16,1.0
32768,CanonicalPPO,303,nominal,0,0,1,0,16,0.0
32768,CanonicalPPO,303,nominal,0,0,2,0,16,0.0
32768,CanonicalPPO,303,nominal,0,0,3,0,16,0.0
32768,CanonicalPPO,303,nominal,0,0,4,0,16,0.0
32768,CanonicalPPO,303,nominal,0,1,0,468,468,1.0
32768,CanonicalPPO,303,nominal,0,1,1,0,468,0.0
32768,CanonicalPPO,303,nominal,0,1,2,0,468,0.0
32768,CanonicalPPO,303,nominal,0,1,3,0,468,0.0
32768,CanonicalPPO,303,nominal,0,1,4,0,468,0.0
32768,CanonicalPPO,303,nominal,0,2,0,39,39,1.0
32768,CanonicalPPO,303,nominal,0,2,1,0,39,0.0
32768,CanonicalPPO,303,nominal,0,2,2,0,39,0.0
32768,CanonicalPPO,303,nominal,0,2,3,0,39,0.0
32768,CanonicalPPO,303,nominal,0,2,4,0,39,0.0
32768,CanonicalPPO,303,nominal,1,0,0,126,126,1.0
32768,CanonicalPPO,303,nominal,1,0,1,0,126,0.0
32768,CanonicalPPO,303,nominal,1,0,2,0,126,0.0
32768,CanonicalPPO,303,nominal,1,0,3,0,126,0.0
32768,CanonicalPPO,303,nominal,1,0,4,0,126,0.0
32768,CanonicalPPO,303,nominal,1,1,0,438,438,1.0
32768,CanonicalPPO,303,nominal,1,1,1,0,438,0.0
32768,CanonicalPPO,303,nominal,1,1,2,0,438,0.0
32768,CanonicalPPO,303,nominal,1,1,3,0,438,0.0
32768,CanonicalPPO,303,nominal,1,1,4,0,438,0.0
32768,CanonicalPPO,303,nominal,1,2,0,139,139,1.0
32768,CanonicalPPO,303,nominal,1,2,1,0,139,0.0
32768,CanonicalPPO,303,nominal,1,2,2,0,139,0.0
32768,CanonicalPPO,303,nominal,1,2,3,0,139,0.0
32768,CanonicalPPO,303,nominal,1,2,4,0,139,0.0
32768,CanonicalPPO,303,nominal,2,0,0,58,58,1.0
32768,CanonicalPPO,303,nominal,2,0,1,0,58,0.0
32768,CanonicalPPO,303,nominal,2,0,2,0,58,0.0
32768,CanonicalPPO,303,nominal,2,0,3,0,58,0.0
32768,CanonicalPPO,303,nominal,2,0,4,0,58,0.0
32768,CanonicalPPO,303,nominal,2,1,0,197,197,1.0
32768,CanonicalPPO,303,nominal,2,1,1,0,197,0.0
32768,CanonicalPPO,303,nominal,2,1,2,0,197,0.0
32768,CanonicalPPO,303,nominal,2,1,3,0,197,0.0
32768,CanonicalPPO,303,nominal,2,1,4,0,197,0.0
32768,CanonicalPPO,303,nominal,2,2,0,283,283,1.0
32768,CanonicalPPO,303,nominal,2,2,1,0,283,0.0
32768,CanonicalPPO,303,nominal,2,2,2,0,283,0.0
32768,CanonicalPPO,303,nominal,2,2,3,0,283,0.0
32768,CanonicalPPO,303,nominal,2,2,4,0,283,0.0
32768,CanonicalPPO,404,nominal,0,0,0,16,16,1.0
32768,CanonicalPPO,404,nominal,0,0,1,0,16,0.0
32768,CanonicalPPO,404,nominal,0,0,2,0,16,0.0
32768,CanonicalPPO,404,nominal,0,0,3,0,16,0.0
32768,CanonicalPPO,404,nominal,0,0,4,0,16,0.0
32768,CanonicalPPO,404,nominal,0,1,0,468,468,1.0
32768,CanonicalPPO,404,nominal,0,1,1,0,468,0.0
32768,CanonicalPPO,404,nominal,0,1,2,0,468,0.0
32768,CanonicalPPO,404,nominal,0,1,3,0,468,0.0
32768,CanonicalPPO,404,nominal,0,1,4,0,468,0.0
32768,CanonicalPPO,404,nominal,0,2,0,39,39,1.0
32768,CanonicalPPO,404,nominal,0,2,1,0,39,0.0
32768,CanonicalPPO,404,nominal,0,2,2,0,39,0.0
32768,CanonicalPPO,404,nominal,0,2,3,0,39,0.0
32768,CanonicalPPO,404,nominal,0,2,4,0,39,0.0
32768,CanonicalPPO,404,nominal,1,0,0,126,126,1.0
32768,CanonicalPPO,404,nominal,1,0,1,0,126,0.0
32768,CanonicalPPO,404,nominal,1,0,2,0,126,0.0
32768,CanonicalPPO,404,nominal,1,0,3,0,126,0.0
32768,CanonicalPPO,404,nominal,1,0,4,0,126,0.0
32768,CanonicalPPO,404,nominal,1,1,0,438,438,1.0
32768,CanonicalPPO,404,nominal,1,1,1,0,438,0.0
32768,CanonicalPPO,404,nominal,1,1,2,0,438,0.0
32768,CanonicalPPO,404,nominal,1,1,3,0,438,0.0
32768,CanonicalPPO,404,nominal,1,1,4,0,438,0.0
32768,CanonicalPPO,404,nominal,1,2,0,139,139,1.0
32768,CanonicalPPO,404,nominal,1,2,1,0,139,0.0
32768,CanonicalPPO,404,nominal,1,2,2,0,139,0.0
32768,CanonicalPPO,404,nominal,1,2,3,0,139,0.0
32768,CanonicalPPO,404,nominal,1,2,4,0,139,0.0
32768,CanonicalPPO,404,nominal,2,0,0,58,58,1.0
32768,CanonicalPPO,404,nominal,2,0,1,0,58,0.0
32768,CanonicalPPO,404,nominal,2,0,2,0,58,0.0
32768,CanonicalPPO,404,nominal,2,0,3,0,58,0.0
32768,CanonicalPPO,404,nominal,2,0,4,0,58,0.0
32768,CanonicalPPO,404,nominal,2,1,0,197,197,1.0
32768,CanonicalPPO,404,nominal,2,1,1,0,197,0.0
32768,CanonicalPPO,404,nominal,2,1,2,0,197,0.0
32768,CanonicalPPO,404,nominal,2,1,3,0,197,0.0
32768,CanonicalPPO,404,nominal,2,1,4,0,197,0.0
32768,CanonicalPPO,404,nominal,2,2,0,283,283,1.0
32768,CanonicalPPO,404,nominal,2,2,1,0,283,0.0
32768,CanonicalPPO,404,nominal,2,2,2,0,283,0.0
32768,CanonicalPPO,404,nominal,2,2,3,0,283,0.0
32768,CanonicalPPO,404,nominal,2,2,4,0,283,0.0
32768,CanonicalPPO,505,nominal,0,0,0,16,16,1.0
32768,CanonicalPPO,505,nominal,0,0,1,0,16,0.0
32768,CanonicalPPO,505,nominal,0,0,2,0,16,0.0
32768,CanonicalPPO,505,nominal,0,0,3,0,16,0.0
32768,CanonicalPPO,505,nominal,0,0,4,0,16,0.0
32768,CanonicalPPO,505,nominal,0,1,0,468,468,1.0
32768,CanonicalPPO,505,nominal,0,1,1,0,468,0.0
32768,CanonicalPPO,505,nominal,0,1,2,0,468,0.0
32768,CanonicalPPO,505,nominal,0,1,3,0,468,0.0
32768,CanonicalPPO,505,nominal,0,1,4,0,468,0.0
32768,CanonicalPPO,505,nominal,0,2,0,39,39,1.0
32768,CanonicalPPO,505,nominal,0,2,1,0,39,0.0
32768,CanonicalPPO,505,nominal,0,2,2,0,39,0.0
32768,CanonicalPPO,505,nominal,0,2,3,0,39,0.0
32768,CanonicalPPO,505,nominal,0,2,4,0,39,0.0
32768,CanonicalPPO,505,nominal,1,0,0,126,126,1.0
32768,CanonicalPPO,505,nominal,1,0,1,0,126,0.0
32768,CanonicalPPO,505,nominal,1,0,2,0,126,0.0
32768,CanonicalPPO,505,nominal,1,0,3,0,126,0.0
32768,CanonicalPPO,505,nominal,1,0,4,0,126,0.0
32768,CanonicalPPO,505,nominal,1,1,0,438,438,1.0
32768,CanonicalPPO,505,nominal,1,1,1,0,438,0.0
32768,CanonicalPPO,505,nominal,1,1,2,0,438,0.0
32768,CanonicalPPO,505,nominal,1,1,3,0,438,0.0
32768,CanonicalPPO,505,nominal,1,1,4,0,438,0.0
32768,CanonicalPPO,505,nominal,1,2,0,139,139,1.0
32768,CanonicalPPO,505,nominal,1,2,1,0,139,0.0
32768,CanonicalPPO,505,nominal,1,2,2,0,139,0.0
32768,CanonicalPPO,505,nominal,1,2,3,0,139,0.0
32768,CanonicalPPO,505,nominal,1,2,4,0,139,0.0
32768,CanonicalPPO,505,nominal,2,0,0,58,58,1.0
32768,CanonicalPPO,505,nominal,2,0,1,0,58,0.0
32768,CanonicalPPO,505,nominal,2,0,2,0,58,0.0
32768,CanonicalPPO,505,nominal,2,0,3,0,58,0.0
32768,CanonicalPPO,505,nominal,2,0,4,0,58,0.0
32768,CanonicalPPO,505,nominal,2,1,0,197,197,1.0
32768,CanonicalPPO,505,nominal,2,1,1,0,197,0.0
32768,CanonicalPPO,505,nominal,2,1,2,0,197,0.0
32768,CanonicalPPO,505,nominal,2,1,3,0,197,0.0
32768,CanonicalPPO,505,nominal,2,1,4,0,197,0.0
32768,CanonicalPPO,505,nominal,2,2,0,283,283,1.0
32768,CanonicalPPO,505,nominal,2,2,1,0,283,0.0
32768,CanonicalPPO,505,nominal,2,2,2,0,283,0.0
32768,CanonicalPPO,505,nominal,2,2,3,0,283,0.0
32768,CanonicalPPO,505,nominal,2,2,4,0,283,0.0
32768,MyopicEconomic,101,nominal,0,0,0,44,679,0.06480117820324006
32768,MyopicEconomic,101,nominal,0,0,1,34,679,0.050073637702503684
32768,MyopicEconomic,101,nominal,0,0,2,367,679,0.540500736377025
32768,MyopicEconomic,101,nominal,0,0,3,55,679,0.08100147275405008
32768,MyopicEconomic,101,nominal,0,0,4,179,679,0.26362297496318116
32768,MyopicEconomic,101,nominal,0,1,0,0,15,0.0
32768,MyopicEconomic,101,nominal,0,1,1,0,15,0.0
32768,MyopicEconomic,101,nominal,0,1,2,1,15,0.06666666666666667
32768,MyopicEconomic,101,nominal,0,1,3,0,15,0.0
32768,MyopicEconomic,101,nominal,0,1,4,14,15,0.9333333333333333
32768,MyopicEconomic,101,nominal,1,0,0,33,700,0.047142857142857146
32768,MyopicEconomic,101,nominal,1,0,1,34,700,0.04857142857142857
32768,MyopicEconomic,101,nominal,1,0,2,324,700,0.46285714285714286
32768,MyopicEconomic,101,nominal,1,0,3,52,700,0.07428571428571429
32768,MyopicEconomic,101,nominal,1,0,4,257,700,0.36714285714285716
32768,MyopicEconomic,101,nominal,1,1,0,49,151,0.32450331125827814
32768,MyopicEconomic,101,nominal,1,1,1,2,151,0.013245033112582781
32768,MyopicEconomic,101,nominal,1,1,2,50,151,0.33112582781456956
32768,MyopicEconomic,101,nominal,1,1,3,0,151,0.0
32768,MyopicEconomic,101,nominal,1,1,4,50,151,0.33112582781456956
32768,MyopicEconomic,101,nominal,1,2,0,0,6,0.0
32768,MyopicEconomic,101,nominal,1,2,1,0,6,0.0
32768,MyopicEconomic,101,nominal,1,2,2,0,6,0.0
32768,MyopicEconomic,101,nominal,1,2,3,0,6,0.0
32768,MyopicEconomic,101,nominal,1,2,4,6,6,1.0
32768,MyopicEconomic,101,nominal,2,0,0,6,524,0.011450381679389313
32768,MyopicEconomic,101,nominal,2,0,1,4,524,0.007633587786259542
32768,MyopicEconomic,101,nominal,2,0,2,331,524,0.6316793893129771
32768,MyopicEconomic,101,nominal,2,0,3,17,524,0.03244274809160305
32768,MyopicEconomic,101,nominal,2,0,4,166,524,0.31679389312977096
32768,MyopicEconomic,101,nominal,2,1,0,62,281,0.2206405693950178
32768,MyopicEconomic,101,nominal,2,1,1,31,281,0.1103202846975089
32768,MyopicEconomic,101,nominal,2,1,2,120,281,0.42704626334519574
32768,MyopicEconomic,101,nominal,2,1,3,3,281,0.010676156583629894
32768,MyopicEconomic,101,nominal,2,1,4,65,281,0.2313167259786477
32768,MyopicEconomic,101,nominal,2,2,0,0,50,0.0
32768,MyopicEconomic,101,nominal,2,2,1,0,50,0.0
32768,MyopicEconomic,101,nominal,2,2,2,15,50,0.3
32768,MyopicEconomic,101,nominal,2,2,3,0,50,0.0
32768,MyopicEconomic,101,nominal,2,2,4,35,50,0.7
32768,MyopicEconomic,202,nominal,0,0,0,44,679,0.06480117820324006
32768,MyopicEconomic,202,nominal,0,0,1,34,679,0.050073637702503684
32768,MyopicEconomic,202,nominal,0,0,2,367,679,0.540500736377025
32768,MyopicEconomic,202,nominal,0,0,3,55,679,0.08100147275405008
32768,MyopicEconomic,202,nominal,0,0,4,179,679,0.26362297496318116
32768,MyopicEconomic,202,nominal,0,1,0,0,15,0.0
32768,MyopicEconomic,202,nominal,0,1,1,0,15,0.0
32768,MyopicEconomic,202,nominal,0,1,2,1,15,0.06666666666666667
32768,MyopicEconomic,202,nominal,0,1,3,0,15,0.0
32768,MyopicEconomic,202,nominal,0,1,4,14,15,0.9333333333333333
32768,MyopicEconomic,202,nominal,1,0,0,33,700,0.047142857142857146
32768,MyopicEconomic,202,nominal,1,0,1,34,700,0.04857142857142857
32768,MyopicEconomic,202,nominal,1,0,2,324,700,0.46285714285714286
32768,MyopicEconomic,202,nominal,1,0,3,52,700,0.07428571428571429
32768,MyopicEconomic,202,nominal,1,0,4,257,700,0.36714285714285716
32768,MyopicEconomic,202,nominal,1,1,0,49,151,0.32450331125827814
32768,MyopicEconomic,202,nominal,1,1,1,2,151,0.013245033112582781
32768,MyopicEconomic,202,nominal,1,1,2,50,151,0.33112582781456956
32768,MyopicEconomic,202,nominal,1,1,3,0,151,0.0
32768,MyopicEconomic,202,nominal,1,1,4,50,151,0.33112582781456956
32768,MyopicEconomic,202,nominal,1,2,0,0,6,0.0
32768,MyopicEconomic,202,nominal,1,2,1,0,6,0.0
32768,MyopicEconomic,202,nominal,1,2,2,0,6,0.0
32768,MyopicEconomic,202,nominal,1,2,3,0,6,0.0
32768,MyopicEconomic,202,nominal,1,2,4,6,6,1.0
32768,MyopicEconomic,202,nominal,2,0,0,6,524,0.011450381679389313
32768,MyopicEconomic,202,nominal,2,0,1,4,524,0.007633587786259542
32768,MyopicEconomic,202,nominal,2,0,2,331,524,0.6316793893129771
32768,MyopicEconomic,202,nominal,2,0,3,17,524,0.03244274809160305
32768,MyopicEconomic,202,nominal,2,0,4,166,524,0.31679389312977096
32768,MyopicEconomic,202,nominal,2,1,0,62,281,0.2206405693950178
32768,MyopicEconomic,202,nominal,2,1,1,31,281,0.1103202846975089
32768,MyopicEconomic,202,nominal,2,1,2,120,281,0.42704626334519574
32768,MyopicEconomic,202,nominal,2,1,3,3,281,0.010676156583629894
32768,MyopicEconomic,202,nominal,2,1,4,65,281,0.2313167259786477
32768,MyopicEconomic,202,nominal,2,2,0,0,50,0.0
32768,MyopicEconomic,202,nominal,2,2,1,0,50,0.0
32768,MyopicEconomic,202,nominal,2,2,2,15,50,0.3
32768,MyopicEconomic,202,nominal,2,2,3,0,50,0.0
32768,MyopicEconomic,202,nominal,2,2,4,35,50,0.7
32768,MyopicEconomic,303,nominal,0,0,0,44,679,0.06480117820324006
32768,MyopicEconomic,303,nominal,0,0,1,34,679,0.050073637702503684
32768,MyopicEconomic,303,nominal,0,0,2,367,679,0.540500736377025
32768,MyopicEconomic,303,nominal,0,0,3,55,679,0.08100147275405008
32768,MyopicEconomic,303,nominal,0,0,4,179,679,0.26362297496318116
32768,MyopicEconomic,303,nominal,0,1,0,0,15,0.0
32768,MyopicEconomic,303,nominal,0,1,1,0,15,0.0
32768,MyopicEconomic,303,nominal,0,1,2,1,15,0.06666666666666667
32768,MyopicEconomic,303,nominal,0,1,3,0,15,0.0
32768,MyopicEconomic,303,nominal,0,1,4,14,15,0.9333333333333333
32768,MyopicEconomic,303,nominal,1,0,0,33,700,0.047142857142857146
32768,MyopicEconomic,303,nominal,1,0,1,34,700,0.04857142857142857
32768,MyopicEconomic,303,nominal,1,0,2,324,700,0.46285714285714286
32768,MyopicEconomic,303,nominal,1,0,3,52,700,0.07428571428571429
32768,MyopicEconomic,303,nominal,1,0,4,257,700,0.36714285714285716
32768,MyopicEconomic,303,nominal,1,1,0,49,151,0.32450331125827814
32768,MyopicEconomic,303,nominal,1,1,1,2,151,0.013245033112582781
32768,MyopicEconomic,303,nominal,1,1,2,50,151,0.33112582781456956
32768,MyopicEconomic,303,nominal,1,1,3,0,151,0.0
32768,MyopicEconomic,303,nominal,1,1,4,50,151,0.33112582781456956
32768,MyopicEconomic,303,nominal,1,2,0,0,6,0.0
32768,MyopicEconomic,303,nominal,1,2,1,0,6,0.0
32768,MyopicEconomic,303,nominal,1,2,2,0,6,0.0
32768,MyopicEconomic,303,nominal,1,2,3,0,6,0.0
32768,MyopicEconomic,303,nominal,1,2,4,6,6,1.0
32768,MyopicEconomic,303,nominal,2,0,0,6,524,0.011450381679389313
32768,MyopicEconomic,303,nominal,2,0,1,4,524,0.007633587786259542
32768,MyopicEconomic,303,nominal,2,0,2,331,524,0.6316793893129771
32768,MyopicEconomic,303,nominal,2,0,3,17,524,0.03244274809160305
32768,MyopicEconomic,303,nominal,2,0,4,166,524,0.31679389312977096
32768,MyopicEconomic,303,nominal,2,1,0,62,281,0.2206405693950178
32768,MyopicEconomic,303,nominal,2,1,1,31,281,0.1103202846975089
32768,MyopicEconomic,303,nominal,2,1,2,120,281,0.42704626334519574
32768,MyopicEconomic,303,nominal,2,1,3,3,281,0.010676156583629894
32768,MyopicEconomic,303,nominal,2,1,4,65,281,0.2313167259786477
32768,MyopicEconomic,303,nominal,2,2,0,0,50,0.0
32768,MyopicEconomic,303,nominal,2,2,1,0,50,0.0
32768,MyopicEconomic,303,nominal,2,2,2,15,50,0.3
32768,MyopicEconomic,303,nominal,2,2,3,0,50,0.0
32768,MyopicEconomic,303,nominal,2,2,4,35,50,0.7
32768,MyopicEconomic,404,nominal,0,0,0,44,679,0.06480117820324006
32768,MyopicEconomic,404,nominal,0,0,1,34,679,0.050073637702503684
32768,MyopicEconomic,404,nominal,0,0,2,367,679,0.540500736377025
32768,MyopicEconomic,404,nominal,0,0,3,55,679,0.08100147275405008
32768,MyopicEconomic,404,nominal,0,0,4,179,679,0.26362297496318116
32768,MyopicEconomic,404,nominal,0,1,0,0,15,0.0
32768,MyopicEconomic,404,nominal,0,1,1,0,15,0.0
32768,MyopicEconomic,404,nominal,0,1,2,1,15,0.06666666666666667
32768,MyopicEconomic,404,nominal,0,1,3,0,15,0.0
32768,MyopicEconomic,404,nominal,0,1,4,14,15,0.9333333333333333
32768,MyopicEconomic,404,nominal,1,0,0,33,700,0.047142857142857146
32768,MyopicEconomic,404,nominal,1,0,1,34,700,0.04857142857142857
32768,MyopicEconomic,404,nominal,1,0,2,324,700,0.46285714285714286
32768,MyopicEconomic,404,nominal,1,0,3,52,700,0.07428571428571429
32768,MyopicEconomic,404,nominal,1,0,4,257,700,0.36714285714285716
32768,MyopicEconomic,404,nominal,1,1,0,49,151,0.32450331125827814
32768,MyopicEconomic,404,nominal,1,1,1,2,151,0.013245033112582781
32768,MyopicEconomic,404,nominal,1,1,2,50,151,0.33112582781456956
32768,MyopicEconomic,404,nominal,1,1,3,0,151,0.0
32768,MyopicEconomic,404,nominal,1,1,4,50,151,0.33112582781456956
32768,MyopicEconomic,404,nominal,1,2,0,0,6,0.0
32768,MyopicEconomic,404,nominal,1,2,1,0,6,0.0
32768,MyopicEconomic,404,nominal,1,2,2,0,6,0.0
32768,MyopicEconomic,404,nominal,1,2,3,0,6,0.0
32768,MyopicEconomic,404,nominal,1,2,4,6,6,1.0
32768,MyopicEconomic,404,nominal,2,0,0,6,524,0.011450381679389313
32768,MyopicEconomic,404,nominal,2,0,1,4,524,0.007633587786259542
32768,MyopicEconomic,404,nominal,2,0,2,331,524,0.6316793893129771
32768,MyopicEconomic,404,nominal,2,0,3,17,524,0.03244274809160305
32768,MyopicEconomic,404,nominal,2,0,4,166,524,0.31679389312977096
32768,MyopicEconomic,404,nominal,2,1,0,62,281,0.2206405693950178
32768,MyopicEconomic,404,nominal,2,1,1,31,281,0.1103202846975089
32768,MyopicEconomic,404,nominal,2,1,2,120,281,0.42704626334519574
32768,MyopicEconomic,404,nominal,2,1,3,3,281,0.010676156583629894
32768,MyopicEconomic,404,nominal,2,1,4,65,281,0.2313167259786477
32768,MyopicEconomic,404,nominal,2,2,0,0,50,0.0
32768,MyopicEconomic,404,nominal,2,2,1,0,50,0.0
32768,MyopicEconomic,404,nominal,2,2,2,15,50,0.3
32768,MyopicEconomic,404,nominal,2,2,3,0,50,0.0
32768,MyopicEconomic,404,nominal,2,2,4,35,50,0.7
32768,MyopicEconomic,505,nominal,0,0,0,44,679,0.06480117820324006
32768,MyopicEconomic,505,nominal,0,0,1,34,679,0.050073637702503684
32768,MyopicEconomic,505,nominal,0,0,2,367,679,0.540500736377025
32768,MyopicEconomic,505,nominal,0,0,3,55,679,0.08100147275405008
32768,MyopicEconomic,505,nominal,0,0,4,179,679,0.26362297496318116
32768,MyopicEconomic,505,nominal,0,1,0,0,15,0.0
32768,MyopicEconomic,505,nominal,0,1,1,0,15,0.0
32768,MyopicEconomic,505,nominal,0,1,2,1,15,0.06666666666666667
32768,MyopicEconomic,505,nominal,0,1,3,0,15,0.0
32768,MyopicEconomic,505,nominal,0,1,4,14,15,0.9333333333333333
32768,MyopicEconomic,505,nominal,1,0,0,33,700,0.047142857142857146
32768,MyopicEconomic,505,nominal,1,0,1,34,700,0.04857142857142857
32768,MyopicEconomic,505,nominal,1,0,2,324,700,0.46285714285714286
32768,MyopicEconomic,505,nominal,1,0,3,52,700,0.07428571428571429
32768,MyopicEconomic,505,nominal,1,0,4,257,700,0.36714285714285716
32768,MyopicEconomic,505,nominal,1,1,0,49,151,0.32450331125827814
32768,MyopicEconomic,505,nominal,1,1,1,2,151,0.013245033112582781
32768,MyopicEconomic,505,nominal,1,1,2,50,151,0.33112582781456956
32768,MyopicEconomic,505,nominal,1,1,3,0,151,0.0
32768,MyopicEconomic,505,nominal,1,1,4,50,151,0.33112582781456956
32768,MyopicEconomic,505,nominal,1,2,0,0,6,0.0
32768,MyopicEconomic,505,nominal,1,2,1,0,6,0.0
32768,MyopicEconomic,505,nominal,1,2,2,0,6,0.0
32768,MyopicEconomic,505,nominal,1,2,3,0,6,0.0
32768,MyopicEconomic,505,nominal,1,2,4,6,6,1.0
32768,MyopicEconomic,505,nominal,2,0,0,6,524,0.011450381679389313
32768,MyopicEconomic,505,nominal,2,0,1,4,524,0.007633587786259542
32768,MyopicEconomic,505,nominal,2,0,2,331,524,0.6316793893129771
32768,MyopicEconomic,505,nominal,2,0,3,17,524,0.03244274809160305
32768,MyopicEconomic,505,nominal,2,0,4,166,524,0.31679389312977096
32768,MyopicEconomic,505,nominal,2,1,0,62,281,0.2206405693950178
32768,MyopicEconomic,505,nominal,2,1,1,31,281,0.1103202846975089
32768,MyopicEconomic,505,nominal,2,1,2,120,281,0.42704626334519574
32768,MyopicEconomic,505,nominal,2,1,3,3,281,0.010676156583629894
32768,MyopicEconomic,505,nominal,2,1,4,65,281,0.2313167259786477
32768,MyopicEconomic,505,nominal,2,2,0,0,50,0.0
32768,MyopicEconomic,505,nominal,2,2,1,0,50,0.0
32768,MyopicEconomic,505,nominal,2,2,2,15,50,0.3
32768,MyopicEconomic,505,nominal,2,2,3,0,50,0.0
32768,MyopicEconomic,505,nominal,2,2,4,35,50,0.7
32768,ObservationPlanner,101,nominal,0,0,0,15,43,0.3488372093023256
32768,ObservationPlanner,101,nominal,0,0,1,1,43,0.023255813953488372
32768,ObservationPlanner,101,nominal,0,0,2,0,43,0.0
32768,ObservationPlanner,101,nominal,0,0,3,9,43,0.20930232558139536
32768,ObservationPlanner,101,nominal,0,0,4,18,43,0.4186046511627907
32768,ObservationPlanner,101,nominal,0,1,0,165,493,0.33468559837728196
32768,ObservationPlanner,101,nominal,0,1,1,128,493,0.25963488843813387
32768,ObservationPlanner,101,nominal,0,1,2,40,493,0.08113590263691683
32768,ObservationPlanner,101,nominal,0,1,3,48,493,0.0973630831643002
32768,ObservationPlanner,101,nominal,0,1,4,112,493,0.22718052738336714
32768,ObservationPlanner,101,nominal,0,2,0,4,18,0.2222222222222222
32768,ObservationPlanner,101,nominal,0,2,1,7,18,0.3888888888888889
32768,ObservationPlanner,101,nominal,0,2,2,3,18,0.16666666666666666
32768,ObservationPlanner,101,nominal,0,2,3,2,18,0.1111111111111111
32768,ObservationPlanner,101,nominal,0,2,4,2,18,0.1111111111111111
32768,ObservationPlanner,101,nominal,1,0,0,126,126,1.0
32768,ObservationPlanner,101,nominal,1,0,1,0,126,0.0
32768,ObservationPlanner,101,nominal,1,0,2,0,126,0.0
32768,ObservationPlanner,101,nominal,1,0,3,0,126,0.0
32768,ObservationPlanner,101,nominal,1,0,4,0,126,0.0
32768,ObservationPlanner,101,nominal,1,1,0,396,584,0.678082191780822
32768,ObservationPlanner,101,nominal,1,1,1,52,584,0.08904109589041095
32768,ObservationPlanner,101,nominal,1,1,2,80,584,0.136986301369863
32768,ObservationPlanner,101,nominal,1,1,3,22,584,0.03767123287671233
32768,ObservationPlanner,101,nominal,1,1,4,34,584,0.05821917808219178
32768,ObservationPlanner,101,nominal,1,2,0,28,145,0.19310344827586207
32768,ObservationPlanner,101,nominal,1,2,1,59,145,0.4068965517241379
32768,ObservationPlanner,101,nominal,1,2,2,30,145,0.20689655172413793
32768,ObservationPlanner,101,nominal,1,2,3,13,145,0.0896551724137931
32768,ObservationPlanner,101,nominal,1,2,4,15,145,0.10344827586206896
32768,ObservationPlanner,101,nominal,2,0,0,55,58,0.9482758620689655
32768,ObservationPlanner,101,nominal,2,0,1,3,58,0.05172413793103448
32768,ObservationPlanner,101,nominal,2,0,2,0,58,0.0
32768,ObservationPlanner,101,nominal,2,0,3,0,58,0.0
32768,ObservationPlanner,101,nominal,2,0,4,0,58,0.0
32768,ObservationPlanner,101,nominal,2,1,0,186,213,0.8732394366197183
32768,ObservationPlanner,101,nominal,2,1,1,9,213,0.04225352112676056
32768,ObservationPlanner,101,nominal,2,1,2,18,213,0.08450704225352113
32768,ObservationPlanner,101,nominal,2,1,3,0,213,0.0
32768,ObservationPlanner,101,nominal,2,1,4,0,213,0.0
32768,ObservationPlanner,101,nominal,2,2,0,147,305,0.4819672131147541
32768,ObservationPlanner,101,nominal,2,2,1,75,305,0.2459016393442623
32768,ObservationPlanner,101,nominal,2,2,2,58,305,0.1901639344262295
32768,ObservationPlanner,101,nominal,2,2,3,11,305,0.036065573770491806
32768,ObservationPlanner,101,nominal,2,2,4,14,305,0.04590163934426229
32768,ObservationPlanner,202,nominal,0,0,0,15,43,0.3488372093023256
32768,ObservationPlanner,202,nominal,0,0,1,1,43,0.023255813953488372
32768,ObservationPlanner,202,nominal,0,0,2,0,43,0.0
32768,ObservationPlanner,202,nominal,0,0,3,9,43,0.20930232558139536
32768,ObservationPlanner,202,nominal,0,0,4,18,43,0.4186046511627907
32768,ObservationPlanner,202,nominal,0,1,0,165,493,0.33468559837728196
32768,ObservationPlanner,202,nominal,0,1,1,128,493,0.25963488843813387
32768,ObservationPlanner,202,nominal,0,1,2,40,493,0.08113590263691683
32768,ObservationPlanner,202,nominal,0,1,3,48,493,0.0973630831643002
32768,ObservationPlanner,202,nominal,0,1,4,112,493,0.22718052738336714
32768,ObservationPlanner,202,nominal,0,2,0,4,18,0.2222222222222222
32768,ObservationPlanner,202,nominal,0,2,1,7,18,0.3888888888888889
32768,ObservationPlanner,202,nominal,0,2,2,3,18,0.16666666666666666
32768,ObservationPlanner,202,nominal,0,2,3,2,18,0.1111111111111111
32768,ObservationPlanner,202,nominal,0,2,4,2,18,0.1111111111111111
32768,ObservationPlanner,202,nominal,1,0,0,126,126,1.0
32768,ObservationPlanner,202,nominal,1,0,1,0,126,0.0
32768,ObservationPlanner,202,nominal,1,0,2,0,126,0.0
32768,ObservationPlanner,202,nominal,1,0,3,0,126,0.0
32768,ObservationPlanner,202,nominal,1,0,4,0,126,0.0
32768,ObservationPlanner,202,nominal,1,1,0,396,584,0.678082191780822
32768,ObservationPlanner,202,nominal,1,1,1,52,584,0.08904109589041095
32768,ObservationPlanner,202,nominal,1,1,2,80,584,0.136986301369863
32768,ObservationPlanner,202,nominal,1,1,3,22,584,0.03767123287671233
32768,ObservationPlanner,202,nominal,1,1,4,34,584,0.05821917808219178
32768,ObservationPlanner,202,nominal,1,2,0,28,145,0.19310344827586207
32768,ObservationPlanner,202,nominal,1,2,1,59,145,0.4068965517241379
32768,ObservationPlanner,202,nominal,1,2,2,30,145,0.20689655172413793
32768,ObservationPlanner,202,nominal,1,2,3,13,145,0.0896551724137931
32768,ObservationPlanner,202,nominal,1,2,4,15,145,0.10344827586206896
32768,ObservationPlanner,202,nominal,2,0,0,55,58,0.9482758620689655
32768,ObservationPlanner,202,nominal,2,0,1,3,58,0.05172413793103448
32768,ObservationPlanner,202,nominal,2,0,2,0,58,0.0
32768,ObservationPlanner,202,nominal,2,0,3,0,58,0.0
32768,ObservationPlanner,202,nominal,2,0,4,0,58,0.0
32768,ObservationPlanner,202,nominal,2,1,0,186,213,0.8732394366197183
32768,ObservationPlanner,202,nominal,2,1,1,9,213,0.04225352112676056
32768,ObservationPlanner,202,nominal,2,1,2,18,213,0.08450704225352113
32768,ObservationPlanner,202,nominal,2,1,3,0,213,0.0
32768,ObservationPlanner,202,nominal,2,1,4,0,213,0.0
32768,ObservationPlanner,202,nominal,2,2,0,147,305,0.4819672131147541
32768,ObservationPlanner,202,nominal,2,2,1,75,305,0.2459016393442623
32768,ObservationPlanner,202,nominal,2,2,2,58,305,0.1901639344262295
32768,ObservationPlanner,202,nominal,2,2,3,11,305,0.036065573770491806
32768,ObservationPlanner,202,nominal,2,2,4,14,305,0.04590163934426229
32768,ObservationPlanner,303,nominal,0,0,0,15,43,0.3488372093023256
32768,ObservationPlanner,303,nominal,0,0,1,1,43,0.023255813953488372
32768,ObservationPlanner,303,nominal,0,0,2,0,43,0.0
32768,ObservationPlanner,303,nominal,0,0,3,9,43,0.20930232558139536
32768,ObservationPlanner,303,nominal,0,0,4,18,43,0.4186046511627907
32768,ObservationPlanner,303,nominal,0,1,0,165,493,0.33468559837728196
32768,ObservationPlanner,303,nominal,0,1,1,128,493,0.25963488843813387
32768,ObservationPlanner,303,nominal,0,1,2,40,493,0.08113590263691683
32768,ObservationPlanner,303,nominal,0,1,3,48,493,0.0973630831643002
32768,ObservationPlanner,303,nominal,0,1,4,112,493,0.22718052738336714
32768,ObservationPlanner,303,nominal,0,2,0,4,18,0.2222222222222222
32768,ObservationPlanner,303,nominal,0,2,1,7,18,0.3888888888888889
32768,ObservationPlanner,303,nominal,0,2,2,3,18,0.16666666666666666
32768,ObservationPlanner,303,nominal,0,2,3,2,18,0.1111111111111111
32768,ObservationPlanner,303,nominal,0,2,4,2,18,0.1111111111111111
32768,ObservationPlanner,303,nominal,1,0,0,126,126,1.0
32768,ObservationPlanner,303,nominal,1,0,1,0,126,0.0
32768,ObservationPlanner,303,nominal,1,0,2,0,126,0.0
32768,ObservationPlanner,303,nominal,1,0,3,0,126,0.0
32768,ObservationPlanner,303,nominal,1,0,4,0,126,0.0
32768,ObservationPlanner,303,nominal,1,1,0,396,584,0.678082191780822
32768,ObservationPlanner,303,nominal,1,1,1,52,584,0.08904109589041095
32768,ObservationPlanner,303,nominal,1,1,2,80,584,0.136986301369863
32768,ObservationPlanner,303,nominal,1,1,3,22,584,0.03767123287671233
32768,ObservationPlanner,303,nominal,1,1,4,34,584,0.05821917808219178
32768,ObservationPlanner,303,nominal,1,2,0,28,145,0.19310344827586207
32768,ObservationPlanner,303,nominal,1,2,1,59,145,0.4068965517241379
32768,ObservationPlanner,303,nominal,1,2,2,30,145,0.20689655172413793
32768,ObservationPlanner,303,nominal,1,2,3,13,145,0.0896551724137931
32768,ObservationPlanner,303,nominal,1,2,4,15,145,0.10344827586206896
32768,ObservationPlanner,303,nominal,2,0,0,55,58,0.9482758620689655
32768,ObservationPlanner,303,nominal,2,0,1,3,58,0.05172413793103448
32768,ObservationPlanner,303,nominal,2,0,2,0,58,0.0
32768,ObservationPlanner,303,nominal,2,0,3,0,58,0.0
32768,ObservationPlanner,303,nominal,2,0,4,0,58,0.0
32768,ObservationPlanner,303,nominal,2,1,0,186,213,0.8732394366197183
32768,ObservationPlanner,303,nominal,2,1,1,9,213,0.04225352112676056
32768,ObservationPlanner,303,nominal,2,1,2,18,213,0.08450704225352113
32768,ObservationPlanner,303,nominal,2,1,3,0,213,0.0
32768,ObservationPlanner,303,nominal,2,1,4,0,213,0.0
32768,ObservationPlanner,303,nominal,2,2,0,147,305,0.4819672131147541
32768,ObservationPlanner,303,nominal,2,2,1,75,305,0.2459016393442623
32768,ObservationPlanner,303,nominal,2,2,2,58,305,0.1901639344262295
32768,ObservationPlanner,303,nominal,2,2,3,11,305,0.036065573770491806
32768,ObservationPlanner,303,nominal,2,2,4,14,305,0.04590163934426229
32768,ObservationPlanner,404,nominal,0,0,0,15,43,0.3488372093023256
32768,ObservationPlanner,404,nominal,0,0,1,1,43,0.023255813953488372
32768,ObservationPlanner,404,nominal,0,0,2,0,43,0.0
32768,ObservationPlanner,404,nominal,0,0,3,9,43,0.20930232558139536
32768,ObservationPlanner,404,nominal,0,0,4,18,43,0.4186046511627907
32768,ObservationPlanner,404,nominal,0,1,0,165,493,0.33468559837728196
32768,ObservationPlanner,404,nominal,0,1,1,128,493,0.25963488843813387
32768,ObservationPlanner,404,nominal,0,1,2,40,493,0.08113590263691683
32768,ObservationPlanner,404,nominal,0,1,3,48,493,0.0973630831643002
32768,ObservationPlanner,404,nominal,0,1,4,112,493,0.22718052738336714
32768,ObservationPlanner,404,nominal,0,2,0,4,18,0.2222222222222222
32768,ObservationPlanner,404,nominal,0,2,1,7,18,0.3888888888888889
32768,ObservationPlanner,404,nominal,0,2,2,3,18,0.16666666666666666
32768,ObservationPlanner,404,nominal,0,2,3,2,18,0.1111111111111111
32768,ObservationPlanner,404,nominal,0,2,4,2,18,0.1111111111111111
32768,ObservationPlanner,404,nominal,1,0,0,126,126,1.0
32768,ObservationPlanner,404,nominal,1,0,1,0,126,0.0
32768,ObservationPlanner,404,nominal,1,0,2,0,126,0.0
32768,ObservationPlanner,404,nominal,1,0,3,0,126,0.0
32768,ObservationPlanner,404,nominal,1,0,4,0,126,0.0
32768,ObservationPlanner,404,nominal,1,1,0,396,584,0.678082191780822
32768,ObservationPlanner,404,nominal,1,1,1,52,584,0.08904109589041095
32768,ObservationPlanner,404,nominal,1,1,2,80,584,0.136986301369863
32768,ObservationPlanner,404,nominal,1,1,3,22,584,0.03767123287671233
32768,ObservationPlanner,404,nominal,1,1,4,34,584,0.05821917808219178
32768,ObservationPlanner,404,nominal,1,2,0,28,145,0.19310344827586207
32768,ObservationPlanner,404,nominal,1,2,1,59,145,0.4068965517241379
32768,ObservationPlanner,404,nominal,1,2,2,30,145,0.20689655172413793
32768,ObservationPlanner,404,nominal,1,2,3,13,145,0.0896551724137931
32768,ObservationPlanner,404,nominal,1,2,4,15,145,0.10344827586206896
32768,ObservationPlanner,404,nominal,2,0,0,55,58,0.9482758620689655
32768,ObservationPlanner,404,nominal,2,0,1,3,58,0.05172413793103448
32768,ObservationPlanner,404,nominal,2,0,2,0,58,0.0
32768,ObservationPlanner,404,nominal,2,0,3,0,58,0.0
32768,ObservationPlanner,404,nominal,2,0,4,0,58,0.0
32768,ObservationPlanner,404,nominal,2,1,0,186,213,0.8732394366197183
32768,ObservationPlanner,404,nominal,2,1,1,9,213,0.04225352112676056
32768,ObservationPlanner,404,nominal,2,1,2,18,213,0.08450704225352113
32768,ObservationPlanner,404,nominal,2,1,3,0,213,0.0
32768,ObservationPlanner,404,nominal,2,1,4,0,213,0.0
32768,ObservationPlanner,404,nominal,2,2,0,147,305,0.4819672131147541
32768,ObservationPlanner,404,nominal,2,2,1,75,305,0.2459016393442623
32768,ObservationPlanner,404,nominal,2,2,2,58,305,0.1901639344262295
32768,ObservationPlanner,404,nominal,2,2,3,11,305,0.036065573770491806
32768,ObservationPlanner,404,nominal,2,2,4,14,305,0.04590163934426229
32768,ObservationPlanner,505,nominal,0,0,0,15,43,0.3488372093023256
32768,ObservationPlanner,505,nominal,0,0,1,1,43,0.023255813953488372
32768,ObservationPlanner,505,nominal,0,0,2,0,43,0.0
32768,ObservationPlanner,505,nominal,0,0,3,9,43,0.20930232558139536
32768,ObservationPlanner,505,nominal,0,0,4,18,43,0.4186046511627907
32768,ObservationPlanner,505,nominal,0,1,0,165,493,0.33468559837728196
32768,ObservationPlanner,505,nominal,0,1,1,128,493,0.25963488843813387
32768,ObservationPlanner,505,nominal,0,1,2,40,493,0.08113590263691683
32768,ObservationPlanner,505,nominal,0,1,3,48,493,0.0973630831643002
32768,ObservationPlanner,505,nominal,0,1,4,112,493,0.22718052738336714
32768,ObservationPlanner,505,nominal,0,2,0,4,18,0.2222222222222222
32768,ObservationPlanner,505,nominal,0,2,1,7,18,0.3888888888888889
32768,ObservationPlanner,505,nominal,0,2,2,3,18,0.16666666666666666
32768,ObservationPlanner,505,nominal,0,2,3,2,18,0.1111111111111111
32768,ObservationPlanner,505,nominal,0,2,4,2,18,0.1111111111111111
32768,ObservationPlanner,505,nominal,1,0,0,126,126,1.0
32768,ObservationPlanner,505,nominal,1,0,1,0,126,0.0
32768,ObservationPlanner,505,nominal,1,0,2,0,126,0.0
32768,ObservationPlanner,505,nominal,1,0,3,0,126,0.0
32768,ObservationPlanner,505,nominal,1,0,4,0,126,0.0
32768,ObservationPlanner,505,nominal,1,1,0,396,584,0.678082191780822
32768,ObservationPlanner,505,nominal,1,1,1,52,584,0.08904109589041095
32768,ObservationPlanner,505,nominal,1,1,2,80,584,0.136986301369863
32768,ObservationPlanner,505,nominal,1,1,3,22,584,0.03767123287671233
32768,ObservationPlanner,505,nominal,1,1,4,34,584,0.05821917808219178
32768,ObservationPlanner,505,nominal,1,2,0,28,145,0.19310344827586207
32768,ObservationPlanner,505,nominal,1,2,1,59,145,0.4068965517241379
32768,ObservationPlanner,505,nominal,1,2,2,30,145,0.20689655172413793
32768,ObservationPlanner,505,nominal,1,2,3,13,145,0.0896551724137931
32768,ObservationPlanner,505,nominal,1,2,4,15,145,0.10344827586206896
32768,ObservationPlanner,505,nominal,2,0,0,55,58,0.9482758620689655
32768,ObservationPlanner,505,nominal,2,0,1,3,58,0.05172413793103448
32768,ObservationPlanner,505,nominal,2,0,2,0,58,0.0
32768,ObservationPlanner,505,nominal,2,0,3,0,58,0.0
32768,ObservationPlanner,505,nominal,2,0,4,0,58,0.0
32768,ObservationPlanner,505,nominal,2,1,0,186,213,0.8732394366197183
32768,ObservationPlanner,505,nominal,2,1,1,9,213,0.04225352112676056
32768,ObservationPlanner,505,nominal,2,1,2,18,213,0.08450704225352113
32768,ObservationPlanner,505,nominal,2,1,3,0,213,0.0
32768,ObservationPlanner,505,nominal,2,1,4,0,213,0.0
32768,ObservationPlanner,505,nominal,2,2,0,147,305,0.4819672131147541
32768,ObservationPlanner,505,nominal,2,2,1,75,305,0.2459016393442623
32768,ObservationPlanner,505,nominal,2,2,2,58,305,0.1901639344262295
32768,ObservationPlanner,505,nominal,2,2,3,11,305,0.036065573770491806
32768,ObservationPlanner,505,nominal,2,2,4,14,305,0.04590163934426229
32768,PDThreshold,101,nominal,0,0,0,0,553,0.0
32768,PDThreshold,101,nominal,0,0,1,0,553,0.0
32768,PDThreshold,101,nominal,0,0,2,218,553,0.39421338155515373
32768,PDThreshold,101,nominal,0,0,3,335,553,0.6057866184448463
32768,PDThreshold,101,nominal,0,0,4,0,553,0.0
32768,PDThreshold,101,nominal,0,1,0,0,43,0.0
32768,PDThreshold,101,nominal,0,1,1,0,43,0.0
32768,PDThreshold,101,nominal,0,1,2,1,43,0.023255813953488372
32768,PDThreshold,101,nominal,0,1,3,42,43,0.9767441860465116
32768,PDThreshold,101,nominal,0,1,4,0,43,0.0
32768,PDThreshold,101,nominal,1,0,0,0,368,0.0
32768,PDThreshold,101,nominal,1,0,1,0,368,0.0
32768,PDThreshold,101,nominal,1,0,2,368,368,1.0
32768,PDThreshold,101,nominal,1,0,3,0,368,0.0
32768,PDThreshold,101,nominal,1,0,4,0,368,0.0
32768,PDThreshold,101,nominal,1,1,0,0,422,0.0
32768,PDThreshold,101,nominal,1,1,1,0,422,0.0
32768,PDThreshold,101,nominal,1,1,2,422,422,1.0
32768,PDThreshold,101,nominal,1,1,3,0,422,0.0
32768,PDThreshold,101,nominal,1,1,4,0,422,0.0
32768,PDThreshold,101,nominal,1,2,0,0,16,0.0
32768,PDThreshold,101,nominal,1,2,1,0,16,0.0
32768,PDThreshold,101,nominal,1,2,2,16,16,1.0
32768,PDThreshold,101,nominal,1,2,3,0,16,0.0
32768,PDThreshold,101,nominal,1,2,4,0,16,0.0
32768,PDThreshold,101,nominal,2,0,0,0,98,0.0
32768,PDThreshold,101,nominal,2,0,1,98,98,1.0
32768,PDThreshold,101,nominal,2,0,2,0,98,0.0
32768,PDThreshold,101,nominal,2,0,3,0,98,0.0
32768,PDThreshold,101,nominal,2,0,4,0,98,0.0
32768,PDThreshold,101,nominal,2,1,0,0,376,0.0
32768,PDThreshold,101,nominal,2,1,1,359,376,0.9547872340425532
32768,PDThreshold,101,nominal,2,1,2,17,376,0.04521276595744681
32768,PDThreshold,101,nominal,2,1,3,0,376,0.0
32768,PDThreshold,101,nominal,2,1,4,0,376,0.0
32768,PDThreshold,101,nominal,2,2,0,0,237,0.0
32768,PDThreshold,101,nominal,2,2,1,237,237,1.0
32768,PDThreshold,101,nominal,2,2,2,0,237,0.0
32768,PDThreshold,101,nominal,2,2,3,0,237,0.0
32768,PDThreshold,101,nominal,2,2,4,0,237,0.0
32768,PDThreshold,202,nominal,0,0,0,0,553,0.0
32768,PDThreshold,202,nominal,0,0,1,0,553,0.0
32768,PDThreshold,202,nominal,0,0,2,218,553,0.39421338155515373
32768,PDThreshold,202,nominal,0,0,3,335,553,0.6057866184448463
32768,PDThreshold,202,nominal,0,0,4,0,553,0.0
32768,PDThreshold,202,nominal,0,1,0,0,43,0.0
32768,PDThreshold,202,nominal,0,1,1,0,43,0.0
32768,PDThreshold,202,nominal,0,1,2,1,43,0.023255813953488372
32768,PDThreshold,202,nominal,0,1,3,42,43,0.9767441860465116
32768,PDThreshold,202,nominal,0,1,4,0,43,0.0
32768,PDThreshold,202,nominal,1,0,0,0,368,0.0
32768,PDThreshold,202,nominal,1,0,1,0,368,0.0
32768,PDThreshold,202,nominal,1,0,2,368,368,1.0
32768,PDThreshold,202,nominal,1,0,3,0,368,0.0
32768,PDThreshold,202,nominal,1,0,4,0,368,0.0
32768,PDThreshold,202,nominal,1,1,0,0,422,0.0
32768,PDThreshold,202,nominal,1,1,1,0,422,0.0
32768,PDThreshold,202,nominal,1,1,2,422,422,1.0
32768,PDThreshold,202,nominal,1,1,3,0,422,0.0
32768,PDThreshold,202,nominal,1,1,4,0,422,0.0
32768,PDThreshold,202,nominal,1,2,0,0,16,0.0
32768,PDThreshold,202,nominal,1,2,1,0,16,0.0
32768,PDThreshold,202,nominal,1,2,2,16,16,1.0
32768,PDThreshold,202,nominal,1,2,3,0,16,0.0
32768,PDThreshold,202,nominal,1,2,4,0,16,0.0
32768,PDThreshold,202,nominal,2,0,0,0,98,0.0
32768,PDThreshold,202,nominal,2,0,1,98,98,1.0
32768,PDThreshold,202,nominal,2,0,2,0,98,0.0
32768,PDThreshold,202,nominal,2,0,3,0,98,0.0
32768,PDThreshold,202,nominal,2,0,4,0,98,0.0
32768,PDThreshold,202,nominal,2,1,0,0,376,0.0
32768,PDThreshold,202,nominal,2,1,1,359,376,0.9547872340425532
32768,PDThreshold,202,nominal,2,1,2,17,376,0.04521276595744681
32768,PDThreshold,202,nominal,2,1,3,0,376,0.0
32768,PDThreshold,202,nominal,2,1,4,0,376,0.0
32768,PDThreshold,202,nominal,2,2,0,0,237,0.0
32768,PDThreshold,202,nominal,2,2,1,237,237,1.0
32768,PDThreshold,202,nominal,2,2,2,0,237,0.0
32768,PDThreshold,202,nominal,2,2,3,0,237,0.0
32768,PDThreshold,202,nominal,2,2,4,0,237,0.0
32768,PDThreshold,303,nominal,0,0,0,0,553,0.0
32768,PDThreshold,303,nominal,0,0,1,0,553,0.0
32768,PDThreshold,303,nominal,0,0,2,218,553,0.39421338155515373
32768,PDThreshold,303,nominal,0,0,3,335,553,0.6057866184448463
32768,PDThreshold,303,nominal,0,0,4,0,553,0.0
32768,PDThreshold,303,nominal,0,1,0,0,43,0.0
32768,PDThreshold,303,nominal,0,1,1,0,43,0.0
32768,PDThreshold,303,nominal,0,1,2,1,43,0.023255813953488372
32768,PDThreshold,303,nominal,0,1,3,42,43,0.9767441860465116
32768,PDThreshold,303,nominal,0,1,4,0,43,0.0
32768,PDThreshold,303,nominal,1,0,0,0,368,0.0
32768,PDThreshold,303,nominal,1,0,1,0,368,0.0
32768,PDThreshold,303,nominal,1,0,2,368,368,1.0
32768,PDThreshold,303,nominal,1,0,3,0,368,0.0
32768,PDThreshold,303,nominal,1,0,4,0,368,0.0
32768,PDThreshold,303,nominal,1,1,0,0,422,0.0
32768,PDThreshold,303,nominal,1,1,1,0,422,0.0
32768,PDThreshold,303,nominal,1,1,2,422,422,1.0
32768,PDThreshold,303,nominal,1,1,3,0,422,0.0
32768,PDThreshold,303,nominal,1,1,4,0,422,0.0
32768,PDThreshold,303,nominal,1,2,0,0,16,0.0
32768,PDThreshold,303,nominal,1,2,1,0,16,0.0
32768,PDThreshold,303,nominal,1,2,2,16,16,1.0
32768,PDThreshold,303,nominal,1,2,3,0,16,0.0
32768,PDThreshold,303,nominal,1,2,4,0,16,0.0
32768,PDThreshold,303,nominal,2,0,0,0,98,0.0
32768,PDThreshold,303,nominal,2,0,1,98,98,1.0
32768,PDThreshold,303,nominal,2,0,2,0,98,0.0
32768,PDThreshold,303,nominal,2,0,3,0,98,0.0
32768,PDThreshold,303,nominal,2,0,4,0,98,0.0
32768,PDThreshold,303,nominal,2,1,0,0,376,0.0
32768,PDThreshold,303,nominal,2,1,1,359,376,0.9547872340425532
32768,PDThreshold,303,nominal,2,1,2,17,376,0.04521276595744681
32768,PDThreshold,303,nominal,2,1,3,0,376,0.0
32768,PDThreshold,303,nominal,2,1,4,0,376,0.0
32768,PDThreshold,303,nominal,2,2,0,0,237,0.0
32768,PDThreshold,303,nominal,2,2,1,237,237,1.0
32768,PDThreshold,303,nominal,2,2,2,0,237,0.0
32768,PDThreshold,303,nominal,2,2,3,0,237,0.0
32768,PDThreshold,303,nominal,2,2,4,0,237,0.0
32768,PDThreshold,404,nominal,0,0,0,0,553,0.0
32768,PDThreshold,404,nominal,0,0,1,0,553,0.0
32768,PDThreshold,404,nominal,0,0,2,218,553,0.39421338155515373
32768,PDThreshold,404,nominal,0,0,3,335,553,0.6057866184448463
32768,PDThreshold,404,nominal,0,0,4,0,553,0.0
32768,PDThreshold,404,nominal,0,1,0,0,43,0.0
32768,PDThreshold,404,nominal,0,1,1,0,43,0.0
32768,PDThreshold,404,nominal,0,1,2,1,43,0.023255813953488372
32768,PDThreshold,404,nominal,0,1,3,42,43,0.9767441860465116
32768,PDThreshold,404,nominal,0,1,4,0,43,0.0
32768,PDThreshold,404,nominal,1,0,0,0,368,0.0
32768,PDThreshold,404,nominal,1,0,1,0,368,0.0
32768,PDThreshold,404,nominal,1,0,2,368,368,1.0
32768,PDThreshold,404,nominal,1,0,3,0,368,0.0
32768,PDThreshold,404,nominal,1,0,4,0,368,0.0
32768,PDThreshold,404,nominal,1,1,0,0,422,0.0
32768,PDThreshold,404,nominal,1,1,1,0,422,0.0
32768,PDThreshold,404,nominal,1,1,2,422,422,1.0
32768,PDThreshold,404,nominal,1,1,3,0,422,0.0
32768,PDThreshold,404,nominal,1,1,4,0,422,0.0
32768,PDThreshold,404,nominal,1,2,0,0,16,0.0
32768,PDThreshold,404,nominal,1,2,1,0,16,0.0
32768,PDThreshold,404,nominal,1,2,2,16,16,1.0
32768,PDThreshold,404,nominal,1,2,3,0,16,0.0
32768,PDThreshold,404,nominal,1,2,4,0,16,0.0
32768,PDThreshold,404,nominal,2,0,0,0,98,0.0
32768,PDThreshold,404,nominal,2,0,1,98,98,1.0
32768,PDThreshold,404,nominal,2,0,2,0,98,0.0
32768,PDThreshold,404,nominal,2,0,3,0,98,0.0
32768,PDThreshold,404,nominal,2,0,4,0,98,0.0
32768,PDThreshold,404,nominal,2,1,0,0,376,0.0
32768,PDThreshold,404,nominal,2,1,1,359,376,0.9547872340425532
32768,PDThreshold,404,nominal,2,1,2,17,376,0.04521276595744681
32768,PDThreshold,404,nominal,2,1,3,0,376,0.0
32768,PDThreshold,404,nominal,2,1,4,0,376,0.0
32768,PDThreshold,404,nominal,2,2,0,0,237,0.0
32768,PDThreshold,404,nominal,2,2,1,237,237,1.0
32768,PDThreshold,404,nominal,2,2,2,0,237,0.0
32768,PDThreshold,404,nominal,2,2,3,0,237,0.0
32768,PDThreshold,404,nominal,2,2,4,0,237,0.0
32768,PDThreshold,505,nominal,0,0,0,0,553,0.0
32768,PDThreshold,505,nominal,0,0,1,0,553,0.0
32768,PDThreshold,505,nominal,0,0,2,218,553,0.39421338155515373
32768,PDThreshold,505,nominal,0,0,3,335,553,0.6057866184448463
32768,PDThreshold,505,nominal,0,0,4,0,553,0.0
32768,PDThreshold,505,nominal,0,1,0,0,43,0.0
32768,PDThreshold,505,nominal,0,1,1,0,43,0.0
32768,PDThreshold,505,nominal,0,1,2,1,43,0.023255813953488372
32768,PDThreshold,505,nominal,0,1,3,42,43,0.9767441860465116
32768,PDThreshold,505,nominal,0,1,4,0,43,0.0
32768,PDThreshold,505,nominal,1,0,0,0,368,0.0
32768,PDThreshold,505,nominal,1,0,1,0,368,0.0
32768,PDThreshold,505,nominal,1,0,2,368,368,1.0
32768,PDThreshold,505,nominal,1,0,3,0,368,0.0
32768,PDThreshold,505,nominal,1,0,4,0,368,0.0
32768,PDThreshold,505,nominal,1,1,0,0,422,0.0
32768,PDThreshold,505,nominal,1,1,1,0,422,0.0
32768,PDThreshold,505,nominal,1,1,2,422,422,1.0
32768,PDThreshold,505,nominal,1,1,3,0,422,0.0
32768,PDThreshold,505,nominal,1,1,4,0,422,0.0
32768,PDThreshold,505,nominal,1,2,0,0,16,0.0
32768,PDThreshold,505,nominal,1,2,1,0,16,0.0
32768,PDThreshold,505,nominal,1,2,2,16,16,1.0
32768,PDThreshold,505,nominal,1,2,3,0,16,0.0
32768,PDThreshold,505,nominal,1,2,4,0,16,0.0
32768,PDThreshold,505,nominal,2,0,0,0,98,0.0
32768,PDThreshold,505,nominal,2,0,1,98,98,1.0
32768,PDThreshold,505,nominal,2,0,2,0,98,0.0
32768,PDThreshold,505,nominal,2,0,3,0,98,0.0
32768,PDThreshold,505,nominal,2,0,4,0,98,0.0
32768,PDThreshold,505,nominal,2,1,0,0,376,0.0
32768,PDThreshold,505,nominal,2,1,1,359,376,0.9547872340425532
32768,PDThreshold,505,nominal,2,1,2,17,376,0.04521276595744681
32768,PDThreshold,505,nominal,2,1,3,0,376,0.0
32768,PDThreshold,505,nominal,2,1,4,0,376,0.0
32768,PDThreshold,505,nominal,2,2,0,0,237,0.0
32768,PDThreshold,505,nominal,2,2,1,237,237,1.0
32768,PDThreshold,505,nominal,2,2,2,0,237,0.0
32768,PDThreshold,505,nominal,2,2,3,0,237,0.0
32768,PDThreshold,505,nominal,2,2,4,0,237,0.0
32768,Static,101,nominal,0,0,0,0,437,0.0
32768,Static,101,nominal,0,0,1,0,437,0.0
32768,Static,101,nominal,0,0,2,437,437,1.0
32768,Static,101,nominal,0,0,3,0,437,0.0
32768,Static,101,nominal,0,0,4,0,437,0.0
32768,Static,101,nominal,0,1,0,0,132,0.0
32768,Static,101,nominal,0,1,1,0,132,0.0
32768,Static,101,nominal,0,1,2,132,132,1.0
32768,Static,101,nominal,0,1,3,0,132,0.0
32768,Static,101,nominal,0,1,4,0,132,0.0
32768,Static,101,nominal,1,0,0,0,356,0.0
32768,Static,101,nominal,1,0,1,0,356,0.0
32768,Static,101,nominal,1,0,2,356,356,1.0
32768,Static,101,nominal,1,0,3,0,356,0.0
32768,Static,101,nominal,1,0,4,0,356,0.0
32768,Static,101,nominal,1,1,0,0,443,0.0
32768,Static,101,nominal,1,1,1,0,443,0.0
32768,Static,101,nominal,1,1,2,443,443,1.0
32768,Static,101,nominal,1,1,3,0,443,0.0
32768,Static,101,nominal,1,1,4,0,443,0.0
32768,Static,101,nominal,2,0,0,0,122,0.0
32768,Static,101,nominal,2,0,1,0,122,0.0
32768,Static,101,nominal,2,0,2,122,122,1.0
32768,Static,101,nominal,2,0,3,0,122,0.0
32768,Static,101,nominal,2,0,4,0,122,0.0
32768,Static,101,nominal,2,1,0,0,639,0.0
32768,Static,101,nominal,2,1,1,0,639,0.0
32768,Static,101,nominal,2,1,2,639,639,1.0
32768,Static,101,nominal,2,1,3,0,639,0.0
32768,Static,101,nominal,2,1,4,0,639,0.0
32768,Static,202,nominal,0,0,0,0,437,0.0
32768,Static,202,nominal,0,0,1,0,437,0.0
32768,Static,202,nominal,0,0,2,437,437,1.0
32768,Static,202,nominal,0,0,3,0,437,0.0
32768,Static,202,nominal,0,0,4,0,437,0.0
32768,Static,202,nominal,0,1,0,0,132,0.0
32768,Static,202,nominal,0,1,1,0,132,0.0
32768,Static,202,nominal,0,1,2,132,132,1.0
32768,Static,202,nominal,0,1,3,0,132,0.0
32768,Static,202,nominal,0,1,4,0,132,0.0
32768,Static,202,nominal,1,0,0,0,356,0.0
32768,Static,202,nominal,1,0,1,0,356,0.0
32768,Static,202,nominal,1,0,2,356,356,1.0
32768,Static,202,nominal,1,0,3,0,356,0.0
32768,Static,202,nominal,1,0,4,0,356,0.0
32768,Static,202,nominal,1,1,0,0,443,0.0
32768,Static,202,nominal,1,1,1,0,443,0.0
32768,Static,202,nominal,1,1,2,443,443,1.0
32768,Static,202,nominal,1,1,3,0,443,0.0
32768,Static,202,nominal,1,1,4,0,443,0.0
32768,Static,202,nominal,2,0,0,0,122,0.0
32768,Static,202,nominal,2,0,1,0,122,0.0
32768,Static,202,nominal,2,0,2,122,122,1.0
32768,Static,202,nominal,2,0,3,0,122,0.0
32768,Static,202,nominal,2,0,4,0,122,0.0
32768,Static,202,nominal,2,1,0,0,639,0.0
32768,Static,202,nominal,2,1,1,0,639,0.0
32768,Static,202,nominal,2,1,2,639,639,1.0
32768,Static,202,nominal,2,1,3,0,639,0.0
32768,Static,202,nominal,2,1,4,0,639,0.0
32768,Static,303,nominal,0,0,0,0,437,0.0
32768,Static,303,nominal,0,0,1,0,437,0.0
32768,Static,303,nominal,0,0,2,437,437,1.0
32768,Static,303,nominal,0,0,3,0,437,0.0
32768,Static,303,nominal,0,0,4,0,437,0.0
32768,Static,303,nominal,0,1,0,0,132,0.0
32768,Static,303,nominal,0,1,1,0,132,0.0
32768,Static,303,nominal,0,1,2,132,132,1.0
32768,Static,303,nominal,0,1,3,0,132,0.0
32768,Static,303,nominal,0,1,4,0,132,0.0
32768,Static,303,nominal,1,0,0,0,356,0.0
32768,Static,303,nominal,1,0,1,0,356,0.0
32768,Static,303,nominal,1,0,2,356,356,1.0
32768,Static,303,nominal,1,0,3,0,356,0.0
32768,Static,303,nominal,1,0,4,0,356,0.0
32768,Static,303,nominal,1,1,0,0,443,0.0
32768,Static,303,nominal,1,1,1,0,443,0.0
32768,Static,303,nominal,1,1,2,443,443,1.0
32768,Static,303,nominal,1,1,3,0,443,0.0
32768,Static,303,nominal,1,1,4,0,443,0.0
32768,Static,303,nominal,2,0,0,0,122,0.0
32768,Static,303,nominal,2,0,1,0,122,0.0
32768,Static,303,nominal,2,0,2,122,122,1.0
32768,Static,303,nominal,2,0,3,0,122,0.0
32768,Static,303,nominal,2,0,4,0,122,0.0
32768,Static,303,nominal,2,1,0,0,639,0.0
32768,Static,303,nominal,2,1,1,0,639,0.0
32768,Static,303,nominal,2,1,2,639,639,1.0
32768,Static,303,nominal,2,1,3,0,639,0.0
32768,Static,303,nominal,2,1,4,0,639,0.0
32768,Static,404,nominal,0,0,0,0,437,0.0
32768,Static,404,nominal,0,0,1,0,437,0.0
32768,Static,404,nominal,0,0,2,437,437,1.0
32768,Static,404,nominal,0,0,3,0,437,0.0
32768,Static,404,nominal,0,0,4,0,437,0.0
32768,Static,404,nominal,0,1,0,0,132,0.0
32768,Static,404,nominal,0,1,1,0,132,0.0
32768,Static,404,nominal,0,1,2,132,132,1.0
32768,Static,404,nominal,0,1,3,0,132,0.0
32768,Static,404,nominal,0,1,4,0,132,0.0
32768,Static,404,nominal,1,0,0,0,356,0.0
32768,Static,404,nominal,1,0,1,0,356,0.0
32768,Static,404,nominal,1,0,2,356,356,1.0
32768,Static,404,nominal,1,0,3,0,356,0.0
32768,Static,404,nominal,1,0,4,0,356,0.0
32768,Static,404,nominal,1,1,0,0,443,0.0
32768,Static,404,nominal,1,1,1,0,443,0.0
32768,Static,404,nominal,1,1,2,443,443,1.0
32768,Static,404,nominal,1,1,3,0,443,0.0
32768,Static,404,nominal,1,1,4,0,443,0.0
32768,Static,404,nominal,2,0,0,0,122,0.0
32768,Static,404,nominal,2,0,1,0,122,0.0
32768,Static,404,nominal,2,0,2,122,122,1.0
32768,Static,404,nominal,2,0,3,0,122,0.0
32768,Static,404,nominal,2,0,4,0,122,0.0
32768,Static,404,nominal,2,1,0,0,639,0.0
32768,Static,404,nominal,2,1,1,0,639,0.0
32768,Static,404,nominal,2,1,2,639,639,1.0
32768,Static,404,nominal,2,1,3,0,639,0.0
32768,Static,404,nominal,2,1,4,0,639,0.0
32768,Static,505,nominal,0,0,0,0,437,0.0
32768,Static,505,nominal,0,0,1,0,437,0.0
32768,Static,505,nominal,0,0,2,437,437,1.0
32768,Static,505,nominal,0,0,3,0,437,0.0
32768,Static,505,nominal,0,0,4,0,437,0.0
32768,Static,505,nominal,0,1,0,0,132,0.0
32768,Static,505,nominal,0,1,1,0,132,0.0
32768,Static,505,nominal,0,1,2,132,132,1.0
32768,Static,505,nominal,0,1,3,0,132,0.0
32768,Static,505,nominal,0,1,4,0,132,0.0
32768,Static,505,nominal,1,0,0,0,356,0.0
32768,Static,505,nominal,1,0,1,0,356,0.0
32768,Static,505,nominal,1,0,2,356,356,1.0
32768,Static,505,nominal,1,0,3,0,356,0.0
32768,Static,505,nominal,1,0,4,0,356,0.0
32768,Static,505,nominal,1,1,0,0,443,0.0
32768,Static,505,nominal,1,1,1,0,443,0.0
32768,Static,505,nominal,1,1,2,443,443,1.0
32768,Static,505,nominal,1,1,3,0,443,0.0
32768,Static,505,nominal,1,1,4,0,443,0.0
32768,Static,505,nominal,2,0,0,0,122,0.0
32768,Static,505,nominal,2,0,1,0,122,0.0
32768,Static,505,nominal,2,0,2,122,122,1.0
32768,Static,505,nominal,2,0,3,0,122,0.0
32768,Static,505,nominal,2,0,4,0,122,0.0
32768,Static,505,nominal,2,1,0,0,639,0.0
32768,Static,505,nominal,2,1,1,0,639,0.0
32768,Static,505,nominal,2,1,2,639,639,1.0
32768,Static,505,nominal,2,1,3,0,639,0.0
32768,Static,505,nominal,2,1,4,0,639,0.0
32768,AlwaysDecrease20,101,population_shift,0,0,0,8,8,1.0
32768,AlwaysDecrease20,101,population_shift,0,0,1,0,8,0.0
32768,AlwaysDecrease20,101,population_shift,0,0,2,0,8,0.0
32768,AlwaysDecrease20,101,population_shift,0,0,3,0,8,0.0
32768,AlwaysDecrease20,101,population_shift,0,0,4,0,8,0.0
32768,AlwaysDecrease20,101,population_shift,0,1,0,103,323,0.3188854489164087
32768,AlwaysDecrease20,101,population_shift,0,1,1,0,323,0.0
32768,AlwaysDecrease20,101,population_shift,0,1,2,220,323,0.6811145510835913
32768,AlwaysDecrease20,101,population_shift,0,1,3,0,323,0.0
32768,AlwaysDecrease20,101,population_shift,0,1,4,0,323,0.0
32768,AlwaysDecrease20,101,population_shift,0,2,0,14,24,0.5833333333333334
32768,AlwaysDecrease20,101,population_shift,0,2,1,0,24,0.0
32768,AlwaysDecrease20,101,population_shift,0,2,2,10,24,0.4166666666666667
32768,AlwaysDecrease20,101,population_shift,0,2,3,0,24,0.0
32768,AlwaysDecrease20,101,population_shift,0,2,4,0,24,0.0
32768,AlwaysDecrease20,101,population_shift,1,0,0,121,121,1.0
32768,AlwaysDecrease20,101,population_shift,1,0,1,0,121,0.0
32768,AlwaysDecrease20,101,population_shift,1,0,2,0,121,0.0
32768,AlwaysDecrease20,101,population_shift,1,0,3,0,121,0.0
32768,AlwaysDecrease20,101,population_shift,1,0,4,0,121,0.0
32768,AlwaysDecrease20,101,population_shift,1,1,0,216,323,0.6687306501547987
32768,AlwaysDecrease20,101,population_shift,1,1,1,0,323,0.0
32768,AlwaysDecrease20,101,population_shift,1,1,2,107,323,0.33126934984520123
32768,AlwaysDecrease20,101,population_shift,1,1,3,0,323,0.0
32768,AlwaysDecrease20,101,population_shift,1,1,4,0,323,0.0
32768,AlwaysDecrease20,101,population_shift,1,2,0,104,127,0.8188976377952756
32768,AlwaysDecrease20,101,population_shift,1,2,1,0,127,0.0
32768,AlwaysDecrease20,101,population_shift,1,2,2,23,127,0.18110236220472442
32768,AlwaysDecrease20,101,population_shift,1,2,3,0,127,0.0
32768,AlwaysDecrease20,101,population_shift,1,2,4,0,127,0.0
32768,AlwaysDecrease20,101,population_shift,2,0,0,61,61,1.0
32768,AlwaysDecrease20,101,population_shift,2,0,1,0,61,0.0
32768,AlwaysDecrease20,101,population_shift,2,0,2,0,61,0.0
32768,AlwaysDecrease20,101,population_shift,2,0,3,0,61,0.0
32768,AlwaysDecrease20,101,population_shift,2,0,4,0,61,0.0
32768,AlwaysDecrease20,101,population_shift,2,1,0,187,202,0.9257425742574258
32768,AlwaysDecrease20,101,population_shift,2,1,1,0,202,0.0
32768,AlwaysDecrease20,101,population_shift,2,1,2,15,202,0.07425742574257425
32768,AlwaysDecrease20,101,population_shift,2,1,3,0,202,0.0
32768,AlwaysDecrease20,101,population_shift,2,1,4,0,202,0.0
32768,AlwaysDecrease20,101,population_shift,2,2,0,254,268,0.9477611940298507
32768,AlwaysDecrease20,101,population_shift,2,2,1,0,268,0.0
32768,AlwaysDecrease20,101,population_shift,2,2,2,14,268,0.05223880597014925
32768,AlwaysDecrease20,101,population_shift,2,2,3,0,268,0.0
32768,AlwaysDecrease20,101,population_shift,2,2,4,0,268,0.0
32768,AlwaysDecrease20,202,population_shift,0,0,0,8,8,1.0
32768,AlwaysDecrease20,202,population_shift,0,0,1,0,8,0.0
32768,AlwaysDecrease20,202,population_shift,0,0,2,0,8,0.0
32768,AlwaysDecrease20,202,population_shift,0,0,3,0,8,0.0
32768,AlwaysDecrease20,202,population_shift,0,0,4,0,8,0.0
32768,AlwaysDecrease20,202,population_shift,0,1,0,103,323,0.3188854489164087
32768,AlwaysDecrease20,202,population_shift,0,1,1,0,323,0.0
32768,AlwaysDecrease20,202,population_shift,0,1,2,220,323,0.6811145510835913
32768,AlwaysDecrease20,202,population_shift,0,1,3,0,323,0.0
32768,AlwaysDecrease20,202,population_shift,0,1,4,0,323,0.0
32768,AlwaysDecrease20,202,population_shift,0,2,0,14,24,0.5833333333333334
32768,AlwaysDecrease20,202,population_shift,0,2,1,0,24,0.0
32768,AlwaysDecrease20,202,population_shift,0,2,2,10,24,0.4166666666666667
32768,AlwaysDecrease20,202,population_shift,0,2,3,0,24,0.0
32768,AlwaysDecrease20,202,population_shift,0,2,4,0,24,0.0
32768,AlwaysDecrease20,202,population_shift,1,0,0,121,121,1.0
32768,AlwaysDecrease20,202,population_shift,1,0,1,0,121,0.0
32768,AlwaysDecrease20,202,population_shift,1,0,2,0,121,0.0
32768,AlwaysDecrease20,202,population_shift,1,0,3,0,121,0.0
32768,AlwaysDecrease20,202,population_shift,1,0,4,0,121,0.0
32768,AlwaysDecrease20,202,population_shift,1,1,0,216,323,0.6687306501547987
32768,AlwaysDecrease20,202,population_shift,1,1,1,0,323,0.0
32768,AlwaysDecrease20,202,population_shift,1,1,2,107,323,0.33126934984520123
32768,AlwaysDecrease20,202,population_shift,1,1,3,0,323,0.0
32768,AlwaysDecrease20,202,population_shift,1,1,4,0,323,0.0
32768,AlwaysDecrease20,202,population_shift,1,2,0,104,127,0.8188976377952756
32768,AlwaysDecrease20,202,population_shift,1,2,1,0,127,0.0
32768,AlwaysDecrease20,202,population_shift,1,2,2,23,127,0.18110236220472442
32768,AlwaysDecrease20,202,population_shift,1,2,3,0,127,0.0
32768,AlwaysDecrease20,202,population_shift,1,2,4,0,127,0.0
32768,AlwaysDecrease20,202,population_shift,2,0,0,61,61,1.0
32768,AlwaysDecrease20,202,population_shift,2,0,1,0,61,0.0
32768,AlwaysDecrease20,202,population_shift,2,0,2,0,61,0.0
32768,AlwaysDecrease20,202,population_shift,2,0,3,0,61,0.0
32768,AlwaysDecrease20,202,population_shift,2,0,4,0,61,0.0
32768,AlwaysDecrease20,202,population_shift,2,1,0,187,202,0.9257425742574258
32768,AlwaysDecrease20,202,population_shift,2,1,1,0,202,0.0
32768,AlwaysDecrease20,202,population_shift,2,1,2,15,202,0.07425742574257425
32768,AlwaysDecrease20,202,population_shift,2,1,3,0,202,0.0
32768,AlwaysDecrease20,202,population_shift,2,1,4,0,202,0.0
32768,AlwaysDecrease20,202,population_shift,2,2,0,254,268,0.9477611940298507
32768,AlwaysDecrease20,202,population_shift,2,2,1,0,268,0.0
32768,AlwaysDecrease20,202,population_shift,2,2,2,14,268,0.05223880597014925
32768,AlwaysDecrease20,202,population_shift,2,2,3,0,268,0.0
32768,AlwaysDecrease20,202,population_shift,2,2,4,0,268,0.0
32768,AlwaysDecrease20,303,population_shift,0,0,0,8,8,1.0
32768,AlwaysDecrease20,303,population_shift,0,0,1,0,8,0.0
32768,AlwaysDecrease20,303,population_shift,0,0,2,0,8,0.0
32768,AlwaysDecrease20,303,population_shift,0,0,3,0,8,0.0
32768,AlwaysDecrease20,303,population_shift,0,0,4,0,8,0.0
32768,AlwaysDecrease20,303,population_shift,0,1,0,103,323,0.3188854489164087
32768,AlwaysDecrease20,303,population_shift,0,1,1,0,323,0.0
32768,AlwaysDecrease20,303,population_shift,0,1,2,220,323,0.6811145510835913
32768,AlwaysDecrease20,303,population_shift,0,1,3,0,323,0.0
32768,AlwaysDecrease20,303,population_shift,0,1,4,0,323,0.0
32768,AlwaysDecrease20,303,population_shift,0,2,0,14,24,0.5833333333333334
32768,AlwaysDecrease20,303,population_shift,0,2,1,0,24,0.0
32768,AlwaysDecrease20,303,population_shift,0,2,2,10,24,0.4166666666666667
32768,AlwaysDecrease20,303,population_shift,0,2,3,0,24,0.0
32768,AlwaysDecrease20,303,population_shift,0,2,4,0,24,0.0
32768,AlwaysDecrease20,303,population_shift,1,0,0,121,121,1.0
32768,AlwaysDecrease20,303,population_shift,1,0,1,0,121,0.0
32768,AlwaysDecrease20,303,population_shift,1,0,2,0,121,0.0
32768,AlwaysDecrease20,303,population_shift,1,0,3,0,121,0.0
32768,AlwaysDecrease20,303,population_shift,1,0,4,0,121,0.0
32768,AlwaysDecrease20,303,population_shift,1,1,0,216,323,0.6687306501547987
32768,AlwaysDecrease20,303,population_shift,1,1,1,0,323,0.0
32768,AlwaysDecrease20,303,population_shift,1,1,2,107,323,0.33126934984520123
32768,AlwaysDecrease20,303,population_shift,1,1,3,0,323,0.0
32768,AlwaysDecrease20,303,population_shift,1,1,4,0,323,0.0
32768,AlwaysDecrease20,303,population_shift,1,2,0,104,127,0.8188976377952756
32768,AlwaysDecrease20,303,population_shift,1,2,1,0,127,0.0
32768,AlwaysDecrease20,303,population_shift,1,2,2,23,127,0.18110236220472442
32768,AlwaysDecrease20,303,population_shift,1,2,3,0,127,0.0
32768,AlwaysDecrease20,303,population_shift,1,2,4,0,127,0.0
32768,AlwaysDecrease20,303,population_shift,2,0,0,61,61,1.0
32768,AlwaysDecrease20,303,population_shift,2,0,1,0,61,0.0
32768,AlwaysDecrease20,303,population_shift,2,0,2,0,61,0.0
32768,AlwaysDecrease20,303,population_shift,2,0,3,0,61,0.0
32768,AlwaysDecrease20,303,population_shift,2,0,4,0,61,0.0
32768,AlwaysDecrease20,303,population_shift,2,1,0,187,202,0.9257425742574258
32768,AlwaysDecrease20,303,population_shift,2,1,1,0,202,0.0
32768,AlwaysDecrease20,303,population_shift,2,1,2,15,202,0.07425742574257425
32768,AlwaysDecrease20,303,population_shift,2,1,3,0,202,0.0
32768,AlwaysDecrease20,303,population_shift,2,1,4,0,202,0.0
32768,AlwaysDecrease20,303,population_shift,2,2,0,254,268,0.9477611940298507
32768,AlwaysDecrease20,303,population_shift,2,2,1,0,268,0.0
32768,AlwaysDecrease20,303,population_shift,2,2,2,14,268,0.05223880597014925
32768,AlwaysDecrease20,303,population_shift,2,2,3,0,268,0.0
32768,AlwaysDecrease20,303,population_shift,2,2,4,0,268,0.0
32768,AlwaysDecrease20,404,population_shift,0,0,0,8,8,1.0
32768,AlwaysDecrease20,404,population_shift,0,0,1,0,8,0.0
32768,AlwaysDecrease20,404,population_shift,0,0,2,0,8,0.0
32768,AlwaysDecrease20,404,population_shift,0,0,3,0,8,0.0
32768,AlwaysDecrease20,404,population_shift,0,0,4,0,8,0.0
32768,AlwaysDecrease20,404,population_shift,0,1,0,103,323,0.3188854489164087
32768,AlwaysDecrease20,404,population_shift,0,1,1,0,323,0.0
32768,AlwaysDecrease20,404,population_shift,0,1,2,220,323,0.6811145510835913
32768,AlwaysDecrease20,404,population_shift,0,1,3,0,323,0.0
32768,AlwaysDecrease20,404,population_shift,0,1,4,0,323,0.0
32768,AlwaysDecrease20,404,population_shift,0,2,0,14,24,0.5833333333333334
32768,AlwaysDecrease20,404,population_shift,0,2,1,0,24,0.0
32768,AlwaysDecrease20,404,population_shift,0,2,2,10,24,0.4166666666666667
32768,AlwaysDecrease20,404,population_shift,0,2,3,0,24,0.0
32768,AlwaysDecrease20,404,population_shift,0,2,4,0,24,0.0
32768,AlwaysDecrease20,404,population_shift,1,0,0,121,121,1.0
32768,AlwaysDecrease20,404,population_shift,1,0,1,0,121,0.0
32768,AlwaysDecrease20,404,population_shift,1,0,2,0,121,0.0
32768,AlwaysDecrease20,404,population_shift,1,0,3,0,121,0.0
32768,AlwaysDecrease20,404,population_shift,1,0,4,0,121,0.0
32768,AlwaysDecrease20,404,population_shift,1,1,0,216,323,0.6687306501547987
32768,AlwaysDecrease20,404,population_shift,1,1,1,0,323,0.0
32768,AlwaysDecrease20,404,population_shift,1,1,2,107,323,0.33126934984520123
32768,AlwaysDecrease20,404,population_shift,1,1,3,0,323,0.0
32768,AlwaysDecrease20,404,population_shift,1,1,4,0,323,0.0
32768,AlwaysDecrease20,404,population_shift,1,2,0,104,127,0.8188976377952756
32768,AlwaysDecrease20,404,population_shift,1,2,1,0,127,0.0
32768,AlwaysDecrease20,404,population_shift,1,2,2,23,127,0.18110236220472442
32768,AlwaysDecrease20,404,population_shift,1,2,3,0,127,0.0
32768,AlwaysDecrease20,404,population_shift,1,2,4,0,127,0.0
32768,AlwaysDecrease20,404,population_shift,2,0,0,61,61,1.0
32768,AlwaysDecrease20,404,population_shift,2,0,1,0,61,0.0
32768,AlwaysDecrease20,404,population_shift,2,0,2,0,61,0.0
32768,AlwaysDecrease20,404,population_shift,2,0,3,0,61,0.0
32768,AlwaysDecrease20,404,population_shift,2,0,4,0,61,0.0
32768,AlwaysDecrease20,404,population_shift,2,1,0,187,202,0.9257425742574258
32768,AlwaysDecrease20,404,population_shift,2,1,1,0,202,0.0
32768,AlwaysDecrease20,404,population_shift,2,1,2,15,202,0.07425742574257425
32768,AlwaysDecrease20,404,population_shift,2,1,3,0,202,0.0
32768,AlwaysDecrease20,404,population_shift,2,1,4,0,202,0.0
32768,AlwaysDecrease20,404,population_shift,2,2,0,254,268,0.9477611940298507
32768,AlwaysDecrease20,404,population_shift,2,2,1,0,268,0.0
32768,AlwaysDecrease20,404,population_shift,2,2,2,14,268,0.05223880597014925
32768,AlwaysDecrease20,404,population_shift,2,2,3,0,268,0.0
32768,AlwaysDecrease20,404,population_shift,2,2,4,0,268,0.0
32768,AlwaysDecrease20,505,population_shift,0,0,0,8,8,1.0
32768,AlwaysDecrease20,505,population_shift,0,0,1,0,8,0.0
32768,AlwaysDecrease20,505,population_shift,0,0,2,0,8,0.0
32768,AlwaysDecrease20,505,population_shift,0,0,3,0,8,0.0
32768,AlwaysDecrease20,505,population_shift,0,0,4,0,8,0.0
32768,AlwaysDecrease20,505,population_shift,0,1,0,103,323,0.3188854489164087
32768,AlwaysDecrease20,505,population_shift,0,1,1,0,323,0.0
32768,AlwaysDecrease20,505,population_shift,0,1,2,220,323,0.6811145510835913
32768,AlwaysDecrease20,505,population_shift,0,1,3,0,323,0.0
32768,AlwaysDecrease20,505,population_shift,0,1,4,0,323,0.0
32768,AlwaysDecrease20,505,population_shift,0,2,0,14,24,0.5833333333333334
32768,AlwaysDecrease20,505,population_shift,0,2,1,0,24,0.0
32768,AlwaysDecrease20,505,population_shift,0,2,2,10,24,0.4166666666666667
32768,AlwaysDecrease20,505,population_shift,0,2,3,0,24,0.0
32768,AlwaysDecrease20,505,population_shift,0,2,4,0,24,0.0
32768,AlwaysDecrease20,505,population_shift,1,0,0,121,121,1.0
32768,AlwaysDecrease20,505,population_shift,1,0,1,0,121,0.0
32768,AlwaysDecrease20,505,population_shift,1,0,2,0,121,0.0
32768,AlwaysDecrease20,505,population_shift,1,0,3,0,121,0.0
32768,AlwaysDecrease20,505,population_shift,1,0,4,0,121,0.0
32768,AlwaysDecrease20,505,population_shift,1,1,0,216,323,0.6687306501547987
32768,AlwaysDecrease20,505,population_shift,1,1,1,0,323,0.0
32768,AlwaysDecrease20,505,population_shift,1,1,2,107,323,0.33126934984520123
32768,AlwaysDecrease20,505,population_shift,1,1,3,0,323,0.0
32768,AlwaysDecrease20,505,population_shift,1,1,4,0,323,0.0
32768,AlwaysDecrease20,505,population_shift,1,2,0,104,127,0.8188976377952756
32768,AlwaysDecrease20,505,population_shift,1,2,1,0,127,0.0
32768,AlwaysDecrease20,505,population_shift,1,2,2,23,127,0.18110236220472442
32768,AlwaysDecrease20,505,population_shift,1,2,3,0,127,0.0
32768,AlwaysDecrease20,505,population_shift,1,2,4,0,127,0.0
32768,AlwaysDecrease20,505,population_shift,2,0,0,61,61,1.0
32768,AlwaysDecrease20,505,population_shift,2,0,1,0,61,0.0
32768,AlwaysDecrease20,505,population_shift,2,0,2,0,61,0.0
32768,AlwaysDecrease20,505,population_shift,2,0,3,0,61,0.0
32768,AlwaysDecrease20,505,population_shift,2,0,4,0,61,0.0
32768,AlwaysDecrease20,505,population_shift,2,1,0,187,202,0.9257425742574258
32768,AlwaysDecrease20,505,population_shift,2,1,1,0,202,0.0
32768,AlwaysDecrease20,505,population_shift,2,1,2,15,202,0.07425742574257425
32768,AlwaysDecrease20,505,population_shift,2,1,3,0,202,0.0
32768,AlwaysDecrease20,505,population_shift,2,1,4,0,202,0.0
32768,AlwaysDecrease20,505,population_shift,2,2,0,254,268,0.9477611940298507
32768,AlwaysDecrease20,505,population_shift,2,2,1,0,268,0.0
32768,AlwaysDecrease20,505,population_shift,2,2,2,14,268,0.05223880597014925
32768,AlwaysDecrease20,505,population_shift,2,2,3,0,268,0.0
32768,AlwaysDecrease20,505,population_shift,2,2,4,0,268,0.0
32768,BCInitPPO,101,population_shift,0,0,0,8,11,0.7272727272727273
32768,BCInitPPO,101,population_shift,0,0,1,0,11,0.0
32768,BCInitPPO,101,population_shift,0,0,2,0,11,0.0
32768,BCInitPPO,101,population_shift,0,0,3,0,11,0.0
32768,BCInitPPO,101,population_shift,0,0,4,3,11,0.2727272727272727
32768,BCInitPPO,101,population_shift,0,1,0,103,371,0.2776280323450135
32768,BCInitPPO,101,population_shift,0,1,1,123,371,0.33153638814016173
32768,BCInitPPO,101,population_shift,0,1,2,50,371,0.1347708894878706
32768,BCInitPPO,101,population_shift,0,1,3,1,371,0.0026954177897574125
32768,BCInitPPO,101,population_shift,0,1,4,94,371,0.25336927223719674
32768,BCInitPPO,101,population_shift,0,2,0,2,10,0.2
32768,BCInitPPO,101,population_shift,0,2,1,4,10,0.4
32768,BCInitPPO,101,population_shift,0,2,2,3,10,0.3
32768,BCInitPPO,101,population_shift,0,2,3,0,10,0.0
32768,BCInitPPO,101,population_shift,0,2,4,1,10,0.1
32768,BCInitPPO,101,population_shift,1,0,0,121,121,1.0
32768,BCInitPPO,101,population_shift,1,0,1,0,121,0.0
32768,BCInitPPO,101,population_shift,1,0,2,0,121,0.0
32768,BCInitPPO,101,population_shift,1,0,3,0,121,0.0
32768,BCInitPPO,101,population_shift,1,0,4,0,121,0.0
32768,BCInitPPO,101,population_shift,1,1,0,299,474,0.630801687763713
32768,BCInitPPO,101,population_shift,1,1,1,40,474,0.08438818565400844
32768,BCInitPPO,101,population_shift,1,1,2,124,474,0.2616033755274262
32768,BCInitPPO,101,population_shift,1,1,3,2,474,0.004219409282700422
32768,BCInitPPO,101,population_shift,1,1,4,9,474,0.0189873417721519
32768,BCInitPPO,101,population_shift,1,2,0,32,153,0.20915032679738563
32768,BCInitPPO,101,population_shift,1,2,1,47,153,0.30718954248366015
32768,BCInitPPO,101,population_shift,1,2,2,69,153,0.45098039215686275
32768,BCInitPPO,101,population_shift,1,2,3,0,153,0.0
32768,BCInitPPO,101,population_shift,1,2,4,5,153,0.032679738562091505
32768,BCInitPPO,101,population_shift,2,0,0,61,61,1.0
32768,BCInitPPO,101,population_shift,2,0,1,0,61,0.0
32768,BCInitPPO,101,population_shift,2,0,2,0,61,0.0
32768,BCInitPPO,101,population_shift,2,0,3,0,61,0.0
32768,BCInitPPO,101,population_shift,2,0,4,0,61,0.0
32768,BCInitPPO,101,population_shift,2,1,0,190,241,0.7883817427385892
32768,BCInitPPO,101,population_shift,2,1,1,22,241,0.0912863070539419
32768,BCInitPPO,101,population_shift,2,1,2,29,241,0.12033195020746888
32768,BCInitPPO,101,population_shift,2,1,3,0,241,0.0
32768,BCInitPPO,101,population_shift,2,1,4,0,241,0.0
32768,BCInitPPO,101,population_shift,2,2,0,27,299,0.0903010033444816
32768,BCInitPPO,101,population_shift,2,2,1,120,299,0.4013377926421405
32768,BCInitPPO,101,population_shift,2,2,2,149,299,0.4983277591973244
32768,BCInitPPO,101,population_shift,2,2,3,0,299,0.0
32768,BCInitPPO,101,population_shift,2,2,4,3,299,0.010033444816053512
32768,BCInitPPO,202,population_shift,0,0,0,8,18,0.4444444444444444
32768,BCInitPPO,202,population_shift,0,0,1,0,18,0.0
32768,BCInitPPO,202,population_shift,0,0,2,0,18,0.0
32768,BCInitPPO,202,population_shift,0,0,3,8,18,0.4444444444444444
32768,BCInitPPO,202,population_shift,0,0,4,2,18,0.1111111111111111
32768,BCInitPPO,202,population_shift,0,1,0,127,364,0.3489010989010989
32768,BCInitPPO,202,population_shift,0,1,1,110,364,0.3021978021978022
32768,BCInitPPO,202,population_shift,0,1,2,36,364,0.0989010989010989
32768,BCInitPPO,202,population_shift,0,1,3,18,364,0.04945054945054945
32768,BCInitPPO,202,population_shift,0,1,4,73,364,0.20054945054945056
32768,BCInitPPO,202,population_shift,0,2,0,2,7,0.2857142857142857
32768,BCInitPPO,202,population_shift,0,2,1,3,7,0.42857142857142855
32768,BCInitPPO,202,population_shift,0,2,2,0,7,0.0
32768,BCInitPPO,202,population_shift,0,2,3,1,7,0.14285714285714285
32768,BCInitPPO,202,population_shift,0,2,4,1,7,0.14285714285714285
32768,BCInitPPO,202,population_shift,1,0,0,121,121,1.0
32768,BCInitPPO,202,population_shift,1,0,1,0,121,0.0
32768,BCInitPPO,202,population_shift,1,0,2,0,121,0.0
32768,BCInitPPO,202,population_shift,1,0,3,0,121,0.0
32768,BCInitPPO,202,population_shift,1,0,4,0,121,0.0
32768,BCInitPPO,202,population_shift,1,1,0,293,427,0.6861826697892272
32768,BCInitPPO,202,population_shift,1,1,1,13,427,0.03044496487119438
32768,BCInitPPO,202,population_shift,1,1,2,103,427,0.24121779859484777
32768,BCInitPPO,202,population_shift,1,1,3,2,427,0.00468384074941452
32768,BCInitPPO,202,population_shift,1,1,4,16,427,0.03747072599531616
32768,BCInitPPO,202,population_shift,1,2,0,47,170,0.27647058823529413
32768,BCInitPPO,202,population_shift,1,2,1,69,170,0.40588235294117647
32768,BCInitPPO,202,population_shift,1,2,2,36,170,0.21176470588235294
32768,BCInitPPO,202,population_shift,1,2,3,11,170,0.06470588235294118
32768,BCInitPPO,202,population_shift,1,2,4,7,170,0.041176470588235294
32768,BCInitPPO,202,population_shift,2,0,0,61,61,1.0
32768,BCInitPPO,202,population_shift,2,0,1,0,61,0.0
32768,BCInitPPO,202,population_shift,2,0,2,0,61,0.0
32768,BCInitPPO,202,population_shift,2,0,3,0,61,0.0
32768,BCInitPPO,202,population_shift,2,0,4,0,61,0.0
32768,BCInitPPO,202,population_shift,2,1,0,187,226,0.827433628318584
32768,BCInitPPO,202,population_shift,2,1,1,15,226,0.06637168141592921
32768,BCInitPPO,202,population_shift,2,1,2,23,226,0.10176991150442478
32768,BCInitPPO,202,population_shift,2,1,3,0,226,0.0
32768,BCInitPPO,202,population_shift,2,1,4,1,226,0.004424778761061947
32768,BCInitPPO,202,population_shift,2,2,0,30,299,0.10033444816053512
32768,BCInitPPO,202,population_shift,2,2,1,175,299,0.5852842809364549
32768,BCInitPPO,202,population_shift,2,2,2,77,299,0.25752508361204013
32768,BCInitPPO,202,population_shift,2,2,3,14,299,0.046822742474916385
32768,BCInitPPO,202,population_shift,2,2,4,3,299,0.010033444816053512
32768,BCInitPPO,303,population_shift,0,0,0,8,8,1.0
32768,BCInitPPO,303,population_shift,0,0,1,0,8,0.0
32768,BCInitPPO,303,population_shift,0,0,2,0,8,0.0
32768,BCInitPPO,303,population_shift,0,0,3,0,8,0.0
32768,BCInitPPO,303,population_shift,0,0,4,0,8,0.0
32768,BCInitPPO,303,population_shift,0,1,0,185,375,0.49333333333333335
32768,BCInitPPO,303,population_shift,0,1,1,9,375,0.024
32768,BCInitPPO,303,population_shift,0,1,2,178,375,0.4746666666666667
32768,BCInitPPO,303,population_shift,0,1,3,1,375,0.0026666666666666666
32768,BCInitPPO,303,population_shift,0,1,4,2,375,0.005333333333333333
32768,BCInitPPO,303,population_shift,0,2,0,4,8,0.5
32768,BCInitPPO,303,population_shift,0,2,1,1,8,0.125
32768,BCInitPPO,303,population_shift,0,2,2,2,8,0.25
32768,BCInitPPO,303,population_shift,0,2,3,0,8,0.0
32768,BCInitPPO,303,population_shift,0,2,4,1,8,0.125
32768,BCInitPPO,303,population_shift,1,0,0,121,121,1.0
32768,BCInitPPO,303,population_shift,1,0,1,0,121,0.0
32768,BCInitPPO,303,population_shift,1,0,2,0,121,0.0
32768,BCInitPPO,303,population_shift,1,0,3,0,121,0.0
32768,BCInitPPO,303,population_shift,1,0,4,0,121,0.0
32768,BCInitPPO,303,population_shift,1,1,0,288,455,0.6329670329670329
32768,BCInitPPO,303,population_shift,1,1,1,18,455,0.03956043956043956
32768,BCInitPPO,303,population_shift,1,1,2,135,455,0.2967032967032967
32768,BCInitPPO,303,population_shift,1,1,3,0,455,0.0
32768,BCInitPPO,303,population_shift,1,1,4,14,455,0.03076923076923077
32768,BCInitPPO,303,population_shift,1,2,0,44,161,0.2732919254658385
32768,BCInitPPO,303,population_shift,1,2,1,76,161,0.4720496894409938
32768,BCInitPPO,303,population_shift,1,2,2,22,161,0.13664596273291926
32768,BCInitPPO,303,population_shift,1,2,3,0,161,0.0
32768,BCInitPPO,303,population_shift,1,2,4,19,161,0.11801242236024845
32768,BCInitPPO,303,population_shift,2,0,0,61,61,1.0
32768,BCInitPPO,303,population_shift,2,0,1,0,61,0.0
32768,BCInitPPO,303,population_shift,2,0,2,0,61,0.0
32768,BCInitPPO,303,population_shift,2,0,3,0,61,0.0
32768,BCInitPPO,303,population_shift,2,0,4,0,61,0.0
32768,BCInitPPO,303,population_shift,2,1,0,182,242,0.7520661157024794
32768,BCInitPPO,303,population_shift,2,1,1,23,242,0.09504132231404959
32768,BCInitPPO,303,population_shift,2,1,2,37,242,0.15289256198347106
32768,BCInitPPO,303,population_shift,2,1,3,0,242,0.0
32768,BCInitPPO,303,population_shift,2,1,4,0,242,0.0
32768,BCInitPPO,303,population_shift,2,2,0,22,295,0.07457627118644068
32768,BCInitPPO,303,population_shift,2,2,1,128,295,0.43389830508474575
32768,BCInitPPO,303,population_shift,2,2,2,142,295,0.48135593220338985
32768,BCInitPPO,303,population_shift,2,2,3,0,295,0.0
32768,BCInitPPO,303,population_shift,2,2,4,3,295,0.010169491525423728
32768,BCInitPPO,404,population_shift,0,0,0,8,8,1.0
32768,BCInitPPO,404,population_shift,0,0,1,0,8,0.0
32768,BCInitPPO,404,population_shift,0,0,2,0,8,0.0
32768,BCInitPPO,404,population_shift,0,0,3,0,8,0.0
32768,BCInitPPO,404,population_shift,0,0,4,0,8,0.0
32768,BCInitPPO,404,population_shift,0,1,0,139,380,0.36578947368421055
32768,BCInitPPO,404,population_shift,0,1,1,104,380,0.2736842105263158
32768,BCInitPPO,404,population_shift,0,1,2,78,380,0.20526315789473684
32768,BCInitPPO,404,population_shift,0,1,3,10,380,0.02631578947368421
32768,BCInitPPO,404,population_shift,0,1,4,49,380,0.12894736842105264
32768,BCInitPPO,404,population_shift,0,2,0,4,11,0.36363636363636365
32768,BCInitPPO,404,population_shift,0,2,1,3,11,0.2727272727272727
32768,BCInitPPO,404,population_shift,0,2,2,1,11,0.09090909090909091
32768,BCInitPPO,404,population_shift,0,2,3,0,11,0.0
32768,BCInitPPO,404,population_shift,0,2,4,3,11,0.2727272727272727
32768,BCInitPPO,404,population_shift,1,0,0,121,121,1.0
32768,BCInitPPO,404,population_shift,1,0,1,0,121,0.0
32768,BCInitPPO,404,population_shift,1,0,2,0,121,0.0
32768,BCInitPPO,404,population_shift,1,0,3,0,121,0.0
32768,BCInitPPO,404,population_shift,1,0,4,0,121,0.0
32768,BCInitPPO,404,population_shift,1,1,0,272,415,0.655421686746988
32768,BCInitPPO,404,population_shift,1,1,1,10,415,0.024096385542168676
32768,BCInitPPO,404,population_shift,1,1,2,113,415,0.27228915662650605
32768,BCInitPPO,404,population_shift,1,1,3,8,415,0.01927710843373494
32768,BCInitPPO,404,population_shift,1,1,4,12,415,0.02891566265060241
32768,BCInitPPO,404,population_shift,1,2,0,57,155,0.36774193548387096
32768,BCInitPPO,404,population_shift,1,2,1,55,155,0.3548387096774194
32768,BCInitPPO,404,population_shift,1,2,2,27,155,0.17419354838709677
32768,BCInitPPO,404,population_shift,1,2,3,4,155,0.025806451612903226
32768,BCInitPPO,404,population_shift,1,2,4,12,155,0.07741935483870968
32768,BCInitPPO,404,population_shift,2,0,0,61,61,1.0
32768,BCInitPPO,404,population_shift,2,0,1,0,61,0.0
32768,BCInitPPO,404,population_shift,2,0,2,0,61,0.0
32768,BCInitPPO,404,population_shift,2,0,3,0,61,0.0
32768,BCInitPPO,404,population_shift,2,0,4,0,61,0.0
32768,BCInitPPO,404,population_shift,2,1,0,189,219,0.863013698630137
32768,BCInitPPO,404,population_shift,2,1,1,2,219,0.0091324200913242
32768,BCInitPPO,404,population_shift,2,1,2,28,219,0.1278538812785388
32768,BCInitPPO,404,population_shift,2,1,3,0,219,0.0
32768,BCInitPPO,404,population_shift,2,1,4,0,219,0.0
32768,BCInitPPO,404,population_shift,2,2,0,120,292,0.410958904109589
32768,BCInitPPO,404,population_shift,2,2,1,68,292,0.2328767123287671
32768,BCInitPPO,404,population_shift,2,2,2,90,292,0.3082191780821918
32768,BCInitPPO,404,population_shift,2,2,3,9,292,0.030821917808219176
32768,BCInitPPO,404,population_shift,2,2,4,5,292,0.017123287671232876
32768,BCInitPPO,505,population_shift,0,0,0,9,28,0.32142857142857145
32768,BCInitPPO,505,population_shift,0,0,1,0,28,0.0
32768,BCInitPPO,505,population_shift,0,0,2,0,28,0.0
32768,BCInitPPO,505,population_shift,0,0,3,2,28,0.07142857142857142
32768,BCInitPPO,505,population_shift,0,0,4,17,28,0.6071428571428571
32768,BCInitPPO,505,population_shift,0,1,0,128,351,0.3646723646723647
32768,BCInitPPO,505,population_shift,0,1,1,63,351,0.1794871794871795
32768,BCInitPPO,505,population_shift,0,1,2,31,351,0.08831908831908832
32768,BCInitPPO,505,population_shift,0,1,3,2,351,0.005698005698005698
32768,BCInitPPO,505,population_shift,0,1,4,127,351,0.36182336182336183
32768,BCInitPPO,505,population_shift,0,2,0,8,13,0.6153846153846154
32768,BCInitPPO,505,population_shift,0,2,1,0,13,0.0
32768,BCInitPPO,505,population_shift,0,2,2,2,13,0.15384615384615385
32768,BCInitPPO,505,population_shift,0,2,3,0,13,0.0
32768,BCInitPPO,505,population_shift,0,2,4,3,13,0.23076923076923078
32768,BCInitPPO,505,population_shift,1,0,0,121,121,1.0
32768,BCInitPPO,505,population_shift,1,0,1,0,121,0.0
32768,BCInitPPO,505,population_shift,1,0,2,0,121,0.0
32768,BCInitPPO,505,population_shift,1,0,3,0,121,0.0
32768,BCInitPPO,505,population_shift,1,0,4,0,121,0.0
32768,BCInitPPO,505,population_shift,1,1,0,300,400,0.75
32768,BCInitPPO,505,population_shift,1,1,1,3,400,0.0075
32768,BCInitPPO,505,population_shift,1,1,2,70,400,0.175
32768,BCInitPPO,505,population_shift,1,1,3,3,400,0.0075
32768,BCInitPPO,505,population_shift,1,1,4,24,400,0.06
32768,BCInitPPO,505,population_shift,1,2,0,70,164,0.4268292682926829
32768,BCInitPPO,505,population_shift,1,2,1,48,164,0.2926829268292683
32768,BCInitPPO,505,population_shift,1,2,2,13,164,0.07926829268292683
32768,BCInitPPO,505,population_shift,1,2,3,1,164,0.006097560975609756
32768,BCInitPPO,505,population_shift,1,2,4,32,164,0.1951219512195122
32768,BCInitPPO,505,population_shift,2,0,0,61,61,1.0
32768,BCInitPPO,505,population_shift,2,0,1,0,61,0.0
32768,BCInitPPO,505,population_shift,2,0,2,0,61,0.0
32768,BCInitPPO,505,population_shift,2,0,3,0,61,0.0
32768,BCInitPPO,505,population_shift,2,0,4,0,61,0.0
32768,BCInitPPO,505,population_shift,2,1,0,189,220,0.8590909090909091
32768,BCInitPPO,505,population_shift,2,1,1,6,220,0.02727272727272727
32768,BCInitPPO,505,population_shift,2,1,2,25,220,0.11363636363636363
32768,BCInitPPO,505,population_shift,2,1,3,0,220,0.0
32768,BCInitPPO,505,population_shift,2,1,4,0,220,0.0
32768,BCInitPPO,505,population_shift,2,2,0,134,267,0.50187265917603
32768,BCInitPPO,505,population_shift,2,2,1,76,267,0.2846441947565543
32768,BCInitPPO,505,population_shift,2,2,2,42,267,0.15730337078651685
32768,BCInitPPO,505,population_shift,2,2,3,5,267,0.018726591760299626
32768,BCInitPPO,505,population_shift,2,2,4,10,267,0.03745318352059925
32768,BCRegularizedPPO,101,population_shift,0,0,0,8,18,0.4444444444444444
32768,BCRegularizedPPO,101,population_shift,0,0,1,0,18,0.0
32768,BCRegularizedPPO,101,population_shift,0,0,2,0,18,0.0
32768,BCRegularizedPPO,101,population_shift,0,0,3,8,18,0.4444444444444444
32768,BCRegularizedPPO,101,population_shift,0,0,4,2,18,0.1111111111111111
32768,BCRegularizedPPO,101,population_shift,0,1,0,132,358,0.3687150837988827
32768,BCRegularizedPPO,101,population_shift,0,1,1,108,358,0.3016759776536313
32768,BCRegularizedPPO,101,population_shift,0,1,2,81,358,0.22625698324022347
32768,BCRegularizedPPO,101,population_shift,0,1,3,25,358,0.06983240223463687
32768,BCRegularizedPPO,101,population_shift,0,1,4,12,358,0.0335195530726257
32768,BCRegularizedPPO,101,population_shift,0,2,0,10,17,0.5882352941176471
32768,BCRegularizedPPO,101,population_shift,0,2,1,4,17,0.23529411764705882
32768,BCRegularizedPPO,101,population_shift,0,2,2,2,17,0.11764705882352941
32768,BCRegularizedPPO,101,population_shift,0,2,3,0,17,0.0
32768,BCRegularizedPPO,101,population_shift,0,2,4,1,17,0.058823529411764705
32768,BCRegularizedPPO,101,population_shift,1,0,0,121,121,1.0
32768,BCRegularizedPPO,101,population_shift,1,0,1,0,121,0.0
32768,BCRegularizedPPO,101,population_shift,1,0,2,0,121,0.0
32768,BCRegularizedPPO,101,population_shift,1,0,3,0,121,0.0
32768,BCRegularizedPPO,101,population_shift,1,0,4,0,121,0.0
32768,BCRegularizedPPO,101,population_shift,1,1,0,295,420,0.7023809523809523
32768,BCRegularizedPPO,101,population_shift,1,1,1,8,420,0.01904761904761905
32768,BCRegularizedPPO,101,population_shift,1,1,2,90,420,0.21428571428571427
32768,BCRegularizedPPO,101,population_shift,1,1,3,15,420,0.03571428571428571
32768,BCRegularizedPPO,101,population_shift,1,1,4,12,420,0.02857142857142857
32768,BCRegularizedPPO,101,population_shift,1,2,0,77,186,0.41397849462365593
32768,BCRegularizedPPO,101,population_shift,1,2,1,72,186,0.3870967741935484
32768,BCRegularizedPPO,101,population_shift,1,2,2,15,186,0.08064516129032258
32768,BCRegularizedPPO,101,population_shift,1,2,3,1,186,0.005376344086021506
32768,BCRegularizedPPO,101,population_shift,1,2,4,21,186,0.11290322580645161
32768,BCRegularizedPPO,101,population_shift,2,0,0,61,61,1.0
32768,BCRegularizedPPO,101,population_shift,2,0,1,0,61,0.0
32768,BCRegularizedPPO,101,population_shift,2,0,2,0,61,0.0
32768,BCRegularizedPPO,101,population_shift,2,0,3,0,61,0.0
32768,BCRegularizedPPO,101,population_shift,2,0,4,0,61,0.0
32768,BCRegularizedPPO,101,population_shift,2,1,0,189,229,0.8253275109170306
32768,BCRegularizedPPO,101,population_shift,2,1,1,4,229,0.017467248908296942
32768,BCRegularizedPPO,101,population_shift,2,1,2,31,229,0.13537117903930132
32768,BCRegularizedPPO,101,population_shift,2,1,3,0,229,0.0
32768,BCRegularizedPPO,101,population_shift,2,1,4,5,229,0.021834061135371178
32768,BCRegularizedPPO,101,population_shift,2,2,0,116,265,0.4377358490566038
32768,BCRegularizedPPO,101,population_shift,2,2,1,84,265,0.3169811320754717
32768,BCRegularizedPPO,101,population_shift,2,2,2,42,265,0.15849056603773584
32768,BCRegularizedPPO,101,population_shift,2,2,3,1,265,0.0037735849056603774
32768,BCRegularizedPPO,101,population_shift,2,2,4,22,265,0.0830188679245283
32768,BCRegularizedPPO,202,population_shift,0,0,0,8,21,0.38095238095238093
32768,BCRegularizedPPO,202,population_shift,0,0,1,0,21,0.0
32768,BCRegularizedPPO,202,population_shift,0,0,2,0,21,0.0
32768,BCRegularizedPPO,202,population_shift,0,0,3,0,21,0.0
32768,BCRegularizedPPO,202,population_shift,0,0,4,13,21,0.6190476190476191
32768,BCRegularizedPPO,202,population_shift,0,1,0,261,359,0.7270194986072424
32768,BCRegularizedPPO,202,population_shift,0,1,1,36,359,0.10027855153203342
32768,BCRegularizedPPO,202,population_shift,0,1,2,5,359,0.013927576601671309
32768,BCRegularizedPPO,202,population_shift,0,1,3,2,359,0.005571030640668524
32768,BCRegularizedPPO,202,population_shift,0,1,4,55,359,0.1532033426183844
32768,BCRegularizedPPO,202,population_shift,0,2,0,1,9,0.1111111111111111
32768,BCRegularizedPPO,202,population_shift,0,2,1,4,9,0.4444444444444444
32768,BCRegularizedPPO,202,population_shift,0,2,2,1,9,0.1111111111111111
32768,BCRegularizedPPO,202,population_shift,0,2,3,0,9,0.0
32768,BCRegularizedPPO,202,population_shift,0,2,4,3,9,0.3333333333333333
32768,BCRegularizedPPO,202,population_shift,1,0,0,121,121,1.0
32768,BCRegularizedPPO,202,population_shift,1,0,1,0,121,0.0
32768,BCRegularizedPPO,202,population_shift,1,0,2,0,121,0.0
32768,BCRegularizedPPO,202,population_shift,1,0,3,0,121,0.0
32768,BCRegularizedPPO,202,population_shift,1,0,4,0,121,0.0
32768,BCRegularizedPPO,202,population_shift,1,1,0,345,457,0.7549234135667396
32768,BCRegularizedPPO,202,population_shift,1,1,1,21,457,0.045951859956236324
32768,BCRegularizedPPO,202,population_shift,1,1,2,58,457,0.12691466083150985
32768,BCRegularizedPPO,202,population_shift,1,1,3,5,457,0.010940919037199124
32768,BCRegularizedPPO,202,population_shift,1,1,4,28,457,0.061269146608315096
32768,BCRegularizedPPO,202,population_shift,1,2,0,38,150,0.25333333333333335
32768,BCRegularizedPPO,202,population_shift,1,2,1,25,150,0.16666666666666666
32768,BCRegularizedPPO,202,population_shift,1,2,2,59,150,0.3933333333333333
32768,BCRegularizedPPO,202,population_shift,1,2,3,19,150,0.12666666666666668
32768,BCRegularizedPPO,202,population_shift,1,2,4,9,150,0.06
32768,BCRegularizedPPO,202,population_shift,2,0,0,61,61,1.0
32768,BCRegularizedPPO,202,population_shift,2,0,1,0,61,0.0
32768,BCRegularizedPPO,202,population_shift,2,0,2,0,61,0.0
32768,BCRegularizedPPO,202,population_shift,2,0,3,0,61,0.0
32768,BCRegularizedPPO,202,population_shift,2,0,4,0,61,0.0
32768,BCRegularizedPPO,202,population_shift,2,1,0,191,227,0.8414096916299559
32768,BCRegularizedPPO,202,population_shift,2,1,1,11,227,0.048458149779735685
32768,BCRegularizedPPO,202,population_shift,2,1,2,25,227,0.11013215859030837
32768,BCRegularizedPPO,202,population_shift,2,1,3,0,227,0.0
32768,BCRegularizedPPO,202,population_shift,2,1,4,0,227,0.0
32768,BCRegularizedPPO,202,population_shift,2,2,0,115,277,0.4151624548736462
32768,BCRegularizedPPO,202,population_shift,2,2,1,43,277,0.1552346570397112
32768,BCRegularizedPPO,202,population_shift,2,2,2,100,277,0.36101083032490977
32768,BCRegularizedPPO,202,population_shift,2,2,3,18,277,0.06498194945848375
32768,BCRegularizedPPO,202,population_shift,2,2,4,1,277,0.0036101083032490976
32768,BCRegularizedPPO,303,population_shift,0,0,0,8,8,1.0
32768,BCRegularizedPPO,303,population_shift,0,0,1,0,8,0.0
32768,BCRegularizedPPO,303,population_shift,0,0,2,0,8,0.0
32768,BCRegularizedPPO,303,population_shift,0,0,3,0,8,0.0
32768,BCRegularizedPPO,303,population_shift,0,0,4,0,8,0.0
32768,BCRegularizedPPO,303,population_shift,0,1,0,99,374,0.2647058823529412
32768,BCRegularizedPPO,303,population_shift,0,1,1,162,374,0.43315508021390375
32768,BCRegularizedPPO,303,population_shift,0,1,2,47,374,0.12566844919786097
32768,BCRegularizedPPO,303,population_shift,0,1,3,2,374,0.0053475935828877
32768,BCRegularizedPPO,303,population_shift,0,1,4,64,374,0.1711229946524064
32768,BCRegularizedPPO,303,population_shift,0,2,0,3,11,0.2727272727272727
32768,BCRegularizedPPO,303,population_shift,0,2,1,6,11,0.5454545454545454
32768,BCRegularizedPPO,303,population_shift,0,2,2,0,11,0.0
32768,BCRegularizedPPO,303,population_shift,0,2,3,0,11,0.0
32768,BCRegularizedPPO,303,population_shift,0,2,4,2,11,0.18181818181818182
32768,BCRegularizedPPO,303,population_shift,1,0,0,121,121,1.0
32768,BCRegularizedPPO,303,population_shift,1,0,1,0,121,0.0
32768,BCRegularizedPPO,303,population_shift,1,0,2,0,121,0.0
32768,BCRegularizedPPO,303,population_shift,1,0,3,0,121,0.0
32768,BCRegularizedPPO,303,population_shift,1,0,4,0,121,0.0
32768,BCRegularizedPPO,303,population_shift,1,1,0,298,496,0.6008064516129032
32768,BCRegularizedPPO,303,population_shift,1,1,1,79,496,0.1592741935483871
32768,BCRegularizedPPO,303,population_shift,1,1,2,108,496,0.21774193548387097
32768,BCRegularizedPPO,303,population_shift,1,1,3,3,496,0.006048387096774193
32768,BCRegularizedPPO,303,population_shift,1,1,4,8,496,0.016129032258064516
32768,BCRegularizedPPO,303,population_shift,1,2,0,25,138,0.18115942028985507
32768,BCRegularizedPPO,303,population_shift,1,2,1,49,138,0.35507246376811596
32768,BCRegularizedPPO,303,population_shift,1,2,2,51,138,0.3695652173913043
32768,BCRegularizedPPO,303,population_shift,1,2,3,0,138,0.0
32768,BCRegularizedPPO,303,population_shift,1,2,4,13,138,0.09420289855072464
32768,BCRegularizedPPO,303,population_shift,2,0,0,61,61,1.0
32768,BCRegularizedPPO,303,population_shift,2,0,1,0,61,0.0
32768,BCRegularizedPPO,303,population_shift,2,0,2,0,61,0.0
32768,BCRegularizedPPO,303,population_shift,2,0,3,0,61,0.0
32768,BCRegularizedPPO,303,population_shift,2,0,4,0,61,0.0
32768,BCRegularizedPPO,303,population_shift,2,1,0,190,239,0.7949790794979079
32768,BCRegularizedPPO,303,population_shift,2,1,1,17,239,0.07112970711297072
32768,BCRegularizedPPO,303,population_shift,2,1,2,31,239,0.1297071129707113
32768,BCRegularizedPPO,303,population_shift,2,1,3,0,239,0.0
32768,BCRegularizedPPO,303,population_shift,2,1,4,1,239,0.0041841004184100415
32768,BCRegularizedPPO,303,population_shift,2,2,0,31,290,0.10689655172413794
32768,BCRegularizedPPO,303,population_shift,2,2,1,106,290,0.36551724137931035
32768,BCRegularizedPPO,303,population_shift,2,2,2,145,290,0.5
32768,BCRegularizedPPO,303,population_shift,2,2,3,6,290,0.020689655172413793
32768,BCRegularizedPPO,303,population_shift,2,2,4,2,290,0.006896551724137931
32768,BCRegularizedPPO,404,population_shift,0,0,0,8,20,0.4
32768,BCRegularizedPPO,404,population_shift,0,0,1,0,20,0.0
32768,BCRegularizedPPO,404,population_shift,0,0,2,0,20,0.0
32768,BCRegularizedPPO,404,population_shift,0,0,3,0,20,0.0
32768,BCRegularizedPPO,404,population_shift,0,0,4,12,20,0.6
32768,BCRegularizedPPO,404,population_shift,0,1,0,184,370,0.4972972972972973
32768,BCRegularizedPPO,404,population_shift,0,1,1,71,370,0.1918918918918919
32768,BCRegularizedPPO,404,population_shift,0,1,2,70,370,0.1891891891891892
32768,BCRegularizedPPO,404,population_shift,0,1,3,1,370,0.002702702702702703
32768,BCRegularizedPPO,404,population_shift,0,1,4,44,370,0.11891891891891893
32768,BCRegularizedPPO,404,population_shift,0,2,0,4,16,0.25
32768,BCRegularizedPPO,404,population_shift,0,2,1,6,16,0.375
32768,BCRegularizedPPO,404,population_shift,0,2,2,4,16,0.25
32768,BCRegularizedPPO,404,population_shift,0,2,3,0,16,0.0
32768,BCRegularizedPPO,404,population_shift,0,2,4,2,16,0.125
32768,BCRegularizedPPO,404,population_shift,1,0,0,121,121,1.0
32768,BCRegularizedPPO,404,population_shift,1,0,1,0,121,0.0
32768,BCRegularizedPPO,404,population_shift,1,0,2,0,121,0.0
32768,BCRegularizedPPO,404,population_shift,1,0,3,0,121,0.0
32768,BCRegularizedPPO,404,population_shift,1,0,4,0,121,0.0
32768,BCRegularizedPPO,404,population_shift,1,1,0,299,419,0.7136038186157518
32768,BCRegularizedPPO,404,population_shift,1,1,1,7,419,0.016706443914081145
32768,BCRegularizedPPO,404,population_shift,1,1,2,93,419,0.22195704057279236
32768,BCRegularizedPPO,404,population_shift,1,1,3,1,419,0.002386634844868735
32768,BCRegularizedPPO,404,population_shift,1,1,4,19,419,0.045346062052505964
32768,BCRegularizedPPO,404,population_shift,1,2,0,53,176,0.30113636363636365
32768,BCRegularizedPPO,404,population_shift,1,2,1,49,176,0.2784090909090909
32768,BCRegularizedPPO,404,population_shift,1,2,2,50,176,0.2840909090909091
32768,BCRegularizedPPO,404,population_shift,1,2,3,0,176,0.0
32768,BCRegularizedPPO,404,population_shift,1,2,4,24,176,0.13636363636363635
32768,BCRegularizedPPO,404,population_shift,2,0,0,61,61,1.0
32768,BCRegularizedPPO,404,population_shift,2,0,1,0,61,0.0
32768,BCRegularizedPPO,404,population_shift,2,0,2,0,61,0.0
32768,BCRegularizedPPO,404,population_shift,2,0,3,0,61,0.0
32768,BCRegularizedPPO,404,population_shift,2,0,4,0,61,0.0
32768,BCRegularizedPPO,404,population_shift,2,1,0,190,227,0.8370044052863436
32768,BCRegularizedPPO,404,population_shift,2,1,1,4,227,0.01762114537444934
32768,BCRegularizedPPO,404,population_shift,2,1,2,33,227,0.14537444933920704
32768,BCRegularizedPPO,404,population_shift,2,1,3,0,227,0.0
32768,BCRegularizedPPO,404,population_shift,2,1,4,0,227,0.0
32768,BCRegularizedPPO,404,population_shift,2,2,0,68,293,0.23208191126279865
32768,BCRegularizedPPO,404,population_shift,2,2,1,101,293,0.3447098976109215
32768,BCRegularizedPPO,404,population_shift,2,2,2,117,293,0.3993174061433447
32768,BCRegularizedPPO,404,population_shift,2,2,3,4,293,0.013651877133105802
32768,BCRegularizedPPO,404,population_shift,2,2,4,3,293,0.010238907849829351
32768,BCRegularizedPPO,505,population_shift,0,0,0,8,14,0.5714285714285714
32768,BCRegularizedPPO,505,population_shift,0,0,1,0,14,0.0
32768,BCRegularizedPPO,505,population_shift,0,0,2,0,14,0.0
32768,BCRegularizedPPO,505,population_shift,0,0,3,0,14,0.0
32768,BCRegularizedPPO,505,population_shift,0,0,4,6,14,0.42857142857142855
32768,BCRegularizedPPO,505,population_shift,0,1,0,243,359,0.6768802228412256
32768,BCRegularizedPPO,505,population_shift,0,1,1,68,359,0.1894150417827298
32768,BCRegularizedPPO,505,population_shift,0,1,2,32,359,0.08913649025069638
32768,BCRegularizedPPO,505,population_shift,0,1,3,0,359,0.0
32768,BCRegularizedPPO,505,population_shift,0,1,4,16,359,0.04456824512534819
32768,BCRegularizedPPO,505,population_shift,0,2,0,7,17,0.4117647058823529
32768,BCRegularizedPPO,505,population_shift,0,2,1,3,17,0.17647058823529413
32768,BCRegularizedPPO,505,population_shift,0,2,2,5,17,0.29411764705882354
32768,BCRegularizedPPO,505,population_shift,0,2,3,0,17,0.0
32768,BCRegularizedPPO,505,population_shift,0,2,4,2,17,0.11764705882352941
32768,BCRegularizedPPO,505,population_shift,1,0,0,121,121,1.0
32768,BCRegularizedPPO,505,population_shift,1,0,1,0,121,0.0
32768,BCRegularizedPPO,505,population_shift,1,0,2,0,121,0.0
32768,BCRegularizedPPO,505,population_shift,1,0,3,0,121,0.0
32768,BCRegularizedPPO,505,population_shift,1,0,4,0,121,0.0
32768,BCRegularizedPPO,505,population_shift,1,1,0,308,413,0.7457627118644068
32768,BCRegularizedPPO,505,population_shift,1,1,1,7,413,0.01694915254237288
32768,BCRegularizedPPO,505,population_shift,1,1,2,92,413,0.22276029055690072
32768,BCRegularizedPPO,505,population_shift,1,1,3,0,413,0.0
32768,BCRegularizedPPO,505,population_shift,1,1,4,6,413,0.014527845036319613
32768,BCRegularizedPPO,505,population_shift,1,2,0,50,169,0.2958579881656805
32768,BCRegularizedPPO,505,population_shift,1,2,1,69,169,0.40828402366863903
32768,BCRegularizedPPO,505,population_shift,1,2,2,41,169,0.24260355029585798
32768,BCRegularizedPPO,505,population_shift,1,2,3,7,169,0.04142011834319527
32768,BCRegularizedPPO,505,population_shift,1,2,4,2,169,0.011834319526627219
32768,BCRegularizedPPO,505,population_shift,2,0,0,61,61,1.0
32768,BCRegularizedPPO,505,population_shift,2,0,1,0,61,0.0
32768,BCRegularizedPPO,505,population_shift,2,0,2,0,61,0.0
32768,BCRegularizedPPO,505,population_shift,2,0,3,0,61,0.0
32768,BCRegularizedPPO,505,population_shift,2,0,4,0,61,0.0
32768,BCRegularizedPPO,505,population_shift,2,1,0,189,220,0.8590909090909091
32768,BCRegularizedPPO,505,population_shift,2,1,1,2,220,0.00909090909090909
32768,BCRegularizedPPO,505,population_shift,2,1,2,29,220,0.1318181818181818
32768,BCRegularizedPPO,505,population_shift,2,1,3,0,220,0.0
32768,BCRegularizedPPO,505,population_shift,2,1,4,0,220,0.0
32768,BCRegularizedPPO,505,population_shift,2,2,0,125,268,0.4664179104477612
32768,BCRegularizedPPO,505,population_shift,2,2,1,56,268,0.208955223880597
32768,BCRegularizedPPO,505,population_shift,2,2,2,85,268,0.31716417910447764
32768,BCRegularizedPPO,505,population_shift,2,2,3,2,268,0.007462686567164179
32768,BCRegularizedPPO,505,population_shift,2,2,4,0,268,0.0
32768,CanonicalPPO,101,population_shift,0,0,0,8,8,1.0
32768,CanonicalPPO,101,population_shift,0,0,1,0,8,0.0
32768,CanonicalPPO,101,population_shift,0,0,2,0,8,0.0
32768,CanonicalPPO,101,population_shift,0,0,3,0,8,0.0
32768,CanonicalPPO,101,population_shift,0,0,4,0,8,0.0
32768,CanonicalPPO,101,population_shift,0,1,0,323,323,1.0
32768,CanonicalPPO,101,population_shift,0,1,1,0,323,0.0
32768,CanonicalPPO,101,population_shift,0,1,2,0,323,0.0
32768,CanonicalPPO,101,population_shift,0,1,3,0,323,0.0
32768,CanonicalPPO,101,population_shift,0,1,4,0,323,0.0
32768,CanonicalPPO,101,population_shift,0,2,0,24,24,1.0
32768,CanonicalPPO,101,population_shift,0,2,1,0,24,0.0
32768,CanonicalPPO,101,population_shift,0,2,2,0,24,0.0
32768,CanonicalPPO,101,population_shift,0,2,3,0,24,0.0
32768,CanonicalPPO,101,population_shift,0,2,4,0,24,0.0
32768,CanonicalPPO,101,population_shift,1,0,0,121,121,1.0
32768,CanonicalPPO,101,population_shift,1,0,1,0,121,0.0
32768,CanonicalPPO,101,population_shift,1,0,2,0,121,0.0
32768,CanonicalPPO,101,population_shift,1,0,3,0,121,0.0
32768,CanonicalPPO,101,population_shift,1,0,4,0,121,0.0
32768,CanonicalPPO,101,population_shift,1,1,0,323,323,1.0
32768,CanonicalPPO,101,population_shift,1,1,1,0,323,0.0
32768,CanonicalPPO,101,population_shift,1,1,2,0,323,0.0
32768,CanonicalPPO,101,population_shift,1,1,3,0,323,0.0
32768,CanonicalPPO,101,population_shift,1,1,4,0,323,0.0
32768,CanonicalPPO,101,population_shift,1,2,0,127,127,1.0
32768,CanonicalPPO,101,population_shift,1,2,1,0,127,0.0
32768,CanonicalPPO,101,population_shift,1,2,2,0,127,0.0
32768,CanonicalPPO,101,population_shift,1,2,3,0,127,0.0
32768,CanonicalPPO,101,population_shift,1,2,4,0,127,0.0
32768,CanonicalPPO,101,population_shift,2,0,0,61,61,1.0
32768,CanonicalPPO,101,population_shift,2,0,1,0,61,0.0
32768,CanonicalPPO,101,population_shift,2,0,2,0,61,0.0
32768,CanonicalPPO,101,population_shift,2,0,3,0,61,0.0
32768,CanonicalPPO,101,population_shift,2,0,4,0,61,0.0
32768,CanonicalPPO,101,population_shift,2,1,0,202,202,1.0
32768,CanonicalPPO,101,population_shift,2,1,1,0,202,0.0
32768,CanonicalPPO,101,population_shift,2,1,2,0,202,0.0
32768,CanonicalPPO,101,population_shift,2,1,3,0,202,0.0
32768,CanonicalPPO,101,population_shift,2,1,4,0,202,0.0
32768,CanonicalPPO,101,population_shift,2,2,0,268,268,1.0
32768,CanonicalPPO,101,population_shift,2,2,1,0,268,0.0
32768,CanonicalPPO,101,population_shift,2,2,2,0,268,0.0
32768,CanonicalPPO,101,population_shift,2,2,3,0,268,0.0
32768,CanonicalPPO,101,population_shift,2,2,4,0,268,0.0
32768,CanonicalPPO,202,population_shift,0,0,0,8,8,1.0
32768,CanonicalPPO,202,population_shift,0,0,1,0,8,0.0
32768,CanonicalPPO,202,population_shift,0,0,2,0,8,0.0
32768,CanonicalPPO,202,population_shift,0,0,3,0,8,0.0
32768,CanonicalPPO,202,population_shift,0,0,4,0,8,0.0
32768,CanonicalPPO,202,population_shift,0,1,0,323,323,1.0
32768,CanonicalPPO,202,population_shift,0,1,1,0,323,0.0
32768,CanonicalPPO,202,population_shift,0,1,2,0,323,0.0
32768,CanonicalPPO,202,population_shift,0,1,3,0,323,0.0
32768,CanonicalPPO,202,population_shift,0,1,4,0,323,0.0
32768,CanonicalPPO,202,population_shift,0,2,0,24,24,1.0
32768,CanonicalPPO,202,population_shift,0,2,1,0,24,0.0
32768,CanonicalPPO,202,population_shift,0,2,2,0,24,0.0
32768,CanonicalPPO,202,population_shift,0,2,3,0,24,0.0
32768,CanonicalPPO,202,population_shift,0,2,4,0,24,0.0
32768,CanonicalPPO,202,population_shift,1,0,0,121,121,1.0
32768,CanonicalPPO,202,population_shift,1,0,1,0,121,0.0
32768,CanonicalPPO,202,population_shift,1,0,2,0,121,0.0
32768,CanonicalPPO,202,population_shift,1,0,3,0,121,0.0
32768,CanonicalPPO,202,population_shift,1,0,4,0,121,0.0
32768,CanonicalPPO,202,population_shift,1,1,0,323,323,1.0
32768,CanonicalPPO,202,population_shift,1,1,1,0,323,0.0
32768,CanonicalPPO,202,population_shift,1,1,2,0,323,0.0
32768,CanonicalPPO,202,population_shift,1,1,3,0,323,0.0
32768,CanonicalPPO,202,population_shift,1,1,4,0,323,0.0
32768,CanonicalPPO,202,population_shift,1,2,0,127,127,1.0
32768,CanonicalPPO,202,population_shift,1,2,1,0,127,0.0
32768,CanonicalPPO,202,population_shift,1,2,2,0,127,0.0
32768,CanonicalPPO,202,population_shift,1,2,3,0,127,0.0
32768,CanonicalPPO,202,population_shift,1,2,4,0,127,0.0
32768,CanonicalPPO,202,population_shift,2,0,0,61,61,1.0
32768,CanonicalPPO,202,population_shift,2,0,1,0,61,0.0
32768,CanonicalPPO,202,population_shift,2,0,2,0,61,0.0
32768,CanonicalPPO,202,population_shift,2,0,3,0,61,0.0
32768,CanonicalPPO,202,population_shift,2,0,4,0,61,0.0
32768,CanonicalPPO,202,population_shift,2,1,0,202,202,1.0
32768,CanonicalPPO,202,population_shift,2,1,1,0,202,0.0
32768,CanonicalPPO,202,population_shift,2,1,2,0,202,0.0
32768,CanonicalPPO,202,population_shift,2,1,3,0,202,0.0
32768,CanonicalPPO,202,population_shift,2,1,4,0,202,0.0
32768,CanonicalPPO,202,population_shift,2,2,0,268,268,1.0
32768,CanonicalPPO,202,population_shift,2,2,1,0,268,0.0
32768,CanonicalPPO,202,population_shift,2,2,2,0,268,0.0
32768,CanonicalPPO,202,population_shift,2,2,3,0,268,0.0
32768,CanonicalPPO,202,population_shift,2,2,4,0,268,0.0
32768,CanonicalPPO,303,population_shift,0,0,0,8,8,1.0
32768,CanonicalPPO,303,population_shift,0,0,1,0,8,0.0
32768,CanonicalPPO,303,population_shift,0,0,2,0,8,0.0
32768,CanonicalPPO,303,population_shift,0,0,3,0,8,0.0
32768,CanonicalPPO,303,population_shift,0,0,4,0,8,0.0
32768,CanonicalPPO,303,population_shift,0,1,0,323,323,1.0
32768,CanonicalPPO,303,population_shift,0,1,1,0,323,0.0
32768,CanonicalPPO,303,population_shift,0,1,2,0,323,0.0
32768,CanonicalPPO,303,population_shift,0,1,3,0,323,0.0
32768,CanonicalPPO,303,population_shift,0,1,4,0,323,0.0
32768,CanonicalPPO,303,population_shift,0,2,0,24,24,1.0
32768,CanonicalPPO,303,population_shift,0,2,1,0,24,0.0
32768,CanonicalPPO,303,population_shift,0,2,2,0,24,0.0
32768,CanonicalPPO,303,population_shift,0,2,3,0,24,0.0
32768,CanonicalPPO,303,population_shift,0,2,4,0,24,0.0
32768,CanonicalPPO,303,population_shift,1,0,0,121,121,1.0
32768,CanonicalPPO,303,population_shift,1,0,1,0,121,0.0
32768,CanonicalPPO,303,population_shift,1,0,2,0,121,0.0
32768,CanonicalPPO,303,population_shift,1,0,3,0,121,0.0
32768,CanonicalPPO,303,population_shift,1,0,4,0,121,0.0
32768,CanonicalPPO,303,population_shift,1,1,0,323,323,1.0
32768,CanonicalPPO,303,population_shift,1,1,1,0,323,0.0
32768,CanonicalPPO,303,population_shift,1,1,2,0,323,0.0
32768,CanonicalPPO,303,population_shift,1,1,3,0,323,0.0
32768,CanonicalPPO,303,population_shift,1,1,4,0,323,0.0
32768,CanonicalPPO,303,population_shift,1,2,0,127,127,1.0
32768,CanonicalPPO,303,population_shift,1,2,1,0,127,0.0
32768,CanonicalPPO,303,population_shift,1,2,2,0,127,0.0
32768,CanonicalPPO,303,population_shift,1,2,3,0,127,0.0
32768,CanonicalPPO,303,population_shift,1,2,4,0,127,0.0
32768,CanonicalPPO,303,population_shift,2,0,0,61,61,1.0
32768,CanonicalPPO,303,population_shift,2,0,1,0,61,0.0
32768,CanonicalPPO,303,population_shift,2,0,2,0,61,0.0
32768,CanonicalPPO,303,population_shift,2,0,3,0,61,0.0
32768,CanonicalPPO,303,population_shift,2,0,4,0,61,0.0
32768,CanonicalPPO,303,population_shift,2,1,0,202,202,1.0
32768,CanonicalPPO,303,population_shift,2,1,1,0,202,0.0
32768,CanonicalPPO,303,population_shift,2,1,2,0,202,0.0
32768,CanonicalPPO,303,population_shift,2,1,3,0,202,0.0
32768,CanonicalPPO,303,population_shift,2,1,4,0,202,0.0
32768,CanonicalPPO,303,population_shift,2,2,0,268,268,1.0
32768,CanonicalPPO,303,population_shift,2,2,1,0,268,0.0
32768,CanonicalPPO,303,population_shift,2,2,2,0,268,0.0
32768,CanonicalPPO,303,population_shift,2,2,3,0,268,0.0
32768,CanonicalPPO,303,population_shift,2,2,4,0,268,0.0
32768,CanonicalPPO,404,population_shift,0,0,0,8,8,1.0
32768,CanonicalPPO,404,population_shift,0,0,1,0,8,0.0
32768,CanonicalPPO,404,population_shift,0,0,2,0,8,0.0
32768,CanonicalPPO,404,population_shift,0,0,3,0,8,0.0
32768,CanonicalPPO,404,population_shift,0,0,4,0,8,0.0
32768,CanonicalPPO,404,population_shift,0,1,0,323,323,1.0
32768,CanonicalPPO,404,population_shift,0,1,1,0,323,0.0
32768,CanonicalPPO,404,population_shift,0,1,2,0,323,0.0
32768,CanonicalPPO,404,population_shift,0,1,3,0,323,0.0
32768,CanonicalPPO,404,population_shift,0,1,4,0,323,0.0
32768,CanonicalPPO,404,population_shift,0,2,0,24,24,1.0
32768,CanonicalPPO,404,population_shift,0,2,1,0,24,0.0
32768,CanonicalPPO,404,population_shift,0,2,2,0,24,0.0
32768,CanonicalPPO,404,population_shift,0,2,3,0,24,0.0
32768,CanonicalPPO,404,population_shift,0,2,4,0,24,0.0
32768,CanonicalPPO,404,population_shift,1,0,0,121,121,1.0
32768,CanonicalPPO,404,population_shift,1,0,1,0,121,0.0
32768,CanonicalPPO,404,population_shift,1,0,2,0,121,0.0
32768,CanonicalPPO,404,population_shift,1,0,3,0,121,0.0
32768,CanonicalPPO,404,population_shift,1,0,4,0,121,0.0
32768,CanonicalPPO,404,population_shift,1,1,0,323,323,1.0
32768,CanonicalPPO,404,population_shift,1,1,1,0,323,0.0
32768,CanonicalPPO,404,population_shift,1,1,2,0,323,0.0
32768,CanonicalPPO,404,population_shift,1,1,3,0,323,0.0
32768,CanonicalPPO,404,population_shift,1,1,4,0,323,0.0
32768,CanonicalPPO,404,population_shift,1,2,0,127,127,1.0
32768,CanonicalPPO,404,population_shift,1,2,1,0,127,0.0
32768,CanonicalPPO,404,population_shift,1,2,2,0,127,0.0
32768,CanonicalPPO,404,population_shift,1,2,3,0,127,0.0
32768,CanonicalPPO,404,population_shift,1,2,4,0,127,0.0
32768,CanonicalPPO,404,population_shift,2,0,0,61,61,1.0
32768,CanonicalPPO,404,population_shift,2,0,1,0,61,0.0
32768,CanonicalPPO,404,population_shift,2,0,2,0,61,0.0
32768,CanonicalPPO,404,population_shift,2,0,3,0,61,0.0
32768,CanonicalPPO,404,population_shift,2,0,4,0,61,0.0
32768,CanonicalPPO,404,population_shift,2,1,0,202,202,1.0
32768,CanonicalPPO,404,population_shift,2,1,1,0,202,0.0
32768,CanonicalPPO,404,population_shift,2,1,2,0,202,0.0
32768,CanonicalPPO,404,population_shift,2,1,3,0,202,0.0
32768,CanonicalPPO,404,population_shift,2,1,4,0,202,0.0
32768,CanonicalPPO,404,population_shift,2,2,0,268,268,1.0
32768,CanonicalPPO,404,population_shift,2,2,1,0,268,0.0
32768,CanonicalPPO,404,population_shift,2,2,2,0,268,0.0
32768,CanonicalPPO,404,population_shift,2,2,3,0,268,0.0
32768,CanonicalPPO,404,population_shift,2,2,4,0,268,0.0
32768,CanonicalPPO,505,population_shift,0,0,0,8,8,1.0
32768,CanonicalPPO,505,population_shift,0,0,1,0,8,0.0
32768,CanonicalPPO,505,population_shift,0,0,2,0,8,0.0
32768,CanonicalPPO,505,population_shift,0,0,3,0,8,0.0
32768,CanonicalPPO,505,population_shift,0,0,4,0,8,0.0
32768,CanonicalPPO,505,population_shift,0,1,0,323,323,1.0
32768,CanonicalPPO,505,population_shift,0,1,1,0,323,0.0
32768,CanonicalPPO,505,population_shift,0,1,2,0,323,0.0
32768,CanonicalPPO,505,population_shift,0,1,3,0,323,0.0
32768,CanonicalPPO,505,population_shift,0,1,4,0,323,0.0
32768,CanonicalPPO,505,population_shift,0,2,0,24,24,1.0
32768,CanonicalPPO,505,population_shift,0,2,1,0,24,0.0
32768,CanonicalPPO,505,population_shift,0,2,2,0,24,0.0
32768,CanonicalPPO,505,population_shift,0,2,3,0,24,0.0
32768,CanonicalPPO,505,population_shift,0,2,4,0,24,0.0
32768,CanonicalPPO,505,population_shift,1,0,0,121,121,1.0
32768,CanonicalPPO,505,population_shift,1,0,1,0,121,0.0
32768,CanonicalPPO,505,population_shift,1,0,2,0,121,0.0
32768,CanonicalPPO,505,population_shift,1,0,3,0,121,0.0
32768,CanonicalPPO,505,population_shift,1,0,4,0,121,0.0
32768,CanonicalPPO,505,population_shift,1,1,0,323,323,1.0
32768,CanonicalPPO,505,population_shift,1,1,1,0,323,0.0
32768,CanonicalPPO,505,population_shift,1,1,2,0,323,0.0
32768,CanonicalPPO,505,population_shift,1,1,3,0,323,0.0
32768,CanonicalPPO,505,population_shift,1,1,4,0,323,0.0
32768,CanonicalPPO,505,population_shift,1,2,0,127,127,1.0
32768,CanonicalPPO,505,population_shift,1,2,1,0,127,0.0
32768,CanonicalPPO,505,population_shift,1,2,2,0,127,0.0
32768,CanonicalPPO,505,population_shift,1,2,3,0,127,0.0
32768,CanonicalPPO,505,population_shift,1,2,4,0,127,0.0
32768,CanonicalPPO,505,population_shift,2,0,0,61,61,1.0
32768,CanonicalPPO,505,population_shift,2,0,1,0,61,0.0
32768,CanonicalPPO,505,population_shift,2,0,2,0,61,0.0
32768,CanonicalPPO,505,population_shift,2,0,3,0,61,0.0
32768,CanonicalPPO,505,population_shift,2,0,4,0,61,0.0
32768,CanonicalPPO,505,population_shift,2,1,0,202,202,1.0
32768,CanonicalPPO,505,population_shift,2,1,1,0,202,0.0
32768,CanonicalPPO,505,population_shift,2,1,2,0,202,0.0
32768,CanonicalPPO,505,population_shift,2,1,3,0,202,0.0
32768,CanonicalPPO,505,population_shift,2,1,4,0,202,0.0
32768,CanonicalPPO,505,population_shift,2,2,0,268,268,1.0
32768,CanonicalPPO,505,population_shift,2,2,1,0,268,0.0
32768,CanonicalPPO,505,population_shift,2,2,2,0,268,0.0
32768,CanonicalPPO,505,population_shift,2,2,3,0,268,0.0
32768,CanonicalPPO,505,population_shift,2,2,4,0,268,0.0
32768,MyopicEconomic,101,population_shift,0,0,0,38,492,0.07723577235772358
32768,MyopicEconomic,101,population_shift,0,0,1,32,492,0.06504065040650407
32768,MyopicEconomic,101,population_shift,0,0,2,241,492,0.4898373983739837
32768,MyopicEconomic,101,population_shift,0,0,3,37,492,0.07520325203252033
32768,MyopicEconomic,101,population_shift,0,0,4,144,492,0.2926829268292683
32768,MyopicEconomic,101,population_shift,0,1,0,0,11,0.0
32768,MyopicEconomic,101,population_shift,0,1,1,0,11,0.0
32768,MyopicEconomic,101,population_shift,0,1,2,1,11,0.09090909090909091
32768,MyopicEconomic,101,population_shift,0,1,3,0,11,0.0
32768,MyopicEconomic,101,population_shift,0,1,4,10,11,0.9090909090909091
32768,MyopicEconomic,101,population_shift,1,0,0,32,600,0.05333333333333334
32768,MyopicEconomic,101,population_shift,1,0,1,29,600,0.04833333333333333
32768,MyopicEconomic,101,population_shift,1,0,2,257,600,0.42833333333333334
32768,MyopicEconomic,101,population_shift,1,0,3,44,600,0.07333333333333333
32768,MyopicEconomic,101,population_shift,1,0,4,238,600,0.39666666666666667
32768,MyopicEconomic,101,population_shift,1,1,0,38,125,0.304
32768,MyopicEconomic,101,population_shift,1,1,1,2,125,0.016
32768,MyopicEconomic,101,population_shift,1,1,2,43,125,0.344
32768,MyopicEconomic,101,population_shift,1,1,3,0,125,0.0
32768,MyopicEconomic,101,population_shift,1,1,4,42,125,0.336
32768,MyopicEconomic,101,population_shift,1,2,0,0,6,0.0
32768,MyopicEconomic,101,population_shift,1,2,1,0,6,0.0
32768,MyopicEconomic,101,population_shift,1,2,2,0,6,0.0
32768,MyopicEconomic,101,population_shift,1,2,3,0,6,0.0
32768,MyopicEconomic,101,population_shift,1,2,4,6,6,1.0
32768,MyopicEconomic,101,population_shift,2,0,0,4,451,0.008869179600886918
32768,MyopicEconomic,101,population_shift,2,0,1,3,451,0.0066518847006651885
32768,MyopicEconomic,101,population_shift,2,0,2,264,451,0.5853658536585366
32768,MyopicEconomic,101,population_shift,2,0,3,16,451,0.03547671840354767
32768,MyopicEconomic,101,population_shift,2,0,4,164,451,0.36363636363636365
32768,MyopicEconomic,101,population_shift,2,1,0,60,277,0.21660649819494585
32768,MyopicEconomic,101,population_shift,2,1,1,36,277,0.1299638989169675
32768,MyopicEconomic,101,population_shift,2,1,2,106,277,0.38267148014440433
32768,MyopicEconomic,101,population_shift,2,1,3,3,277,0.010830324909747292
32768,MyopicEconomic,101,population_shift,2,1,4,72,277,0.259927797833935
32768,MyopicEconomic,101,population_shift,2,2,0,0,54,0.0
32768,MyopicEconomic,101,population_shift,2,2,1,0,54,0.0
32768,MyopicEconomic,101,population_shift,2,2,2,16,54,0.2962962962962963
32768,MyopicEconomic,101,population_shift,2,2,3,0,54,0.0
32768,MyopicEconomic,101,population_shift,2,2,4,38,54,0.7037037037037037
32768,MyopicEconomic,202,population_shift,0,0,0,38,492,0.07723577235772358
32768,MyopicEconomic,202,population_shift,0,0,1,32,492,0.06504065040650407
32768,MyopicEconomic,202,population_shift,0,0,2,241,492,0.4898373983739837
32768,MyopicEconomic,202,population_shift,0,0,3,37,492,0.07520325203252033
32768,MyopicEconomic,202,population_shift,0,0,4,144,492,0.2926829268292683
32768,MyopicEconomic,202,population_shift,0,1,0,0,11,0.0
32768,MyopicEconomic,202,population_shift,0,1,1,0,11,0.0
32768,MyopicEconomic,202,population_shift,0,1,2,1,11,0.09090909090909091
32768,MyopicEconomic,202,population_shift,0,1,3,0,11,0.0
32768,MyopicEconomic,202,population_shift,0,1,4,10,11,0.9090909090909091
32768,MyopicEconomic,202,population_shift,1,0,0,32,600,0.05333333333333334
32768,MyopicEconomic,202,population_shift,1,0,1,29,600,0.04833333333333333
32768,MyopicEconomic,202,population_shift,1,0,2,257,600,0.42833333333333334
32768,MyopicEconomic,202,population_shift,1,0,3,44,600,0.07333333333333333
32768,MyopicEconomic,202,population_shift,1,0,4,238,600,0.39666666666666667
32768,MyopicEconomic,202,population_shift,1,1,0,38,125,0.304
32768,MyopicEconomic,202,population_shift,1,1,1,2,125,0.016
32768,MyopicEconomic,202,population_shift,1,1,2,43,125,0.344
32768,MyopicEconomic,202,population_shift,1,1,3,0,125,0.0
32768,MyopicEconomic,202,population_shift,1,1,4,42,125,0.336
32768,MyopicEconomic,202,population_shift,1,2,0,0,6,0.0
32768,MyopicEconomic,202,population_shift,1,2,1,0,6,0.0
32768,MyopicEconomic,202,population_shift,1,2,2,0,6,0.0
32768,MyopicEconomic,202,population_shift,1,2,3,0,6,0.0
32768,MyopicEconomic,202,population_shift,1,2,4,6,6,1.0
32768,MyopicEconomic,202,population_shift,2,0,0,4,451,0.008869179600886918
32768,MyopicEconomic,202,population_shift,2,0,1,3,451,0.0066518847006651885
32768,MyopicEconomic,202,population_shift,2,0,2,264,451,0.5853658536585366
32768,MyopicEconomic,202,population_shift,2,0,3,16,451,0.03547671840354767
32768,MyopicEconomic,202,population_shift,2,0,4,164,451,0.36363636363636365
32768,MyopicEconomic,202,population_shift,2,1,0,60,277,0.21660649819494585
32768,MyopicEconomic,202,population_shift,2,1,1,36,277,0.1299638989169675
32768,MyopicEconomic,202,population_shift,2,1,2,106,277,0.38267148014440433
32768,MyopicEconomic,202,population_shift,2,1,3,3,277,0.010830324909747292
32768,MyopicEconomic,202,population_shift,2,1,4,72,277,0.259927797833935
32768,MyopicEconomic,202,population_shift,2,2,0,0,54,0.0
32768,MyopicEconomic,202,population_shift,2,2,1,0,54,0.0
32768,MyopicEconomic,202,population_shift,2,2,2,16,54,0.2962962962962963
32768,MyopicEconomic,202,population_shift,2,2,3,0,54,0.0
32768,MyopicEconomic,202,population_shift,2,2,4,38,54,0.7037037037037037
32768,MyopicEconomic,303,population_shift,0,0,0,38,492,0.07723577235772358
32768,MyopicEconomic,303,population_shift,0,0,1,32,492,0.06504065040650407
32768,MyopicEconomic,303,population_shift,0,0,2,241,492,0.4898373983739837
32768,MyopicEconomic,303,population_shift,0,0,3,37,492,0.07520325203252033
32768,MyopicEconomic,303,population_shift,0,0,4,144,492,0.2926829268292683
32768,MyopicEconomic,303,population_shift,0,1,0,0,11,0.0
32768,MyopicEconomic,303,population_shift,0,1,1,0,11,0.0
32768,MyopicEconomic,303,population_shift,0,1,2,1,11,0.09090909090909091
32768,MyopicEconomic,303,population_shift,0,1,3,0,11,0.0
32768,MyopicEconomic,303,population_shift,0,1,4,10,11,0.9090909090909091
32768,MyopicEconomic,303,population_shift,1,0,0,32,600,0.05333333333333334
32768,MyopicEconomic,303,population_shift,1,0,1,29,600,0.04833333333333333
32768,MyopicEconomic,303,population_shift,1,0,2,257,600,0.42833333333333334
32768,MyopicEconomic,303,population_shift,1,0,3,44,600,0.07333333333333333
32768,MyopicEconomic,303,population_shift,1,0,4,238,600,0.39666666666666667
32768,MyopicEconomic,303,population_shift,1,1,0,38,125,0.304
32768,MyopicEconomic,303,population_shift,1,1,1,2,125,0.016
32768,MyopicEconomic,303,population_shift,1,1,2,43,125,0.344
32768,MyopicEconomic,303,population_shift,1,1,3,0,125,0.0
32768,MyopicEconomic,303,population_shift,1,1,4,42,125,0.336
32768,MyopicEconomic,303,population_shift,1,2,0,0,6,0.0
32768,MyopicEconomic,303,population_shift,1,2,1,0,6,0.0
32768,MyopicEconomic,303,population_shift,1,2,2,0,6,0.0
32768,MyopicEconomic,303,population_shift,1,2,3,0,6,0.0
32768,MyopicEconomic,303,population_shift,1,2,4,6,6,1.0
32768,MyopicEconomic,303,population_shift,2,0,0,4,451,0.008869179600886918
32768,MyopicEconomic,303,population_shift,2,0,1,3,451,0.0066518847006651885
32768,MyopicEconomic,303,population_shift,2,0,2,264,451,0.5853658536585366
32768,MyopicEconomic,303,population_shift,2,0,3,16,451,0.03547671840354767
32768,MyopicEconomic,303,population_shift,2,0,4,164,451,0.36363636363636365
32768,MyopicEconomic,303,population_shift,2,1,0,60,277,0.21660649819494585
32768,MyopicEconomic,303,population_shift,2,1,1,36,277,0.1299638989169675
32768,MyopicEconomic,303,population_shift,2,1,2,106,277,0.38267148014440433
32768,MyopicEconomic,303,population_shift,2,1,3,3,277,0.010830324909747292
32768,MyopicEconomic,303,population_shift,2,1,4,72,277,0.259927797833935
32768,MyopicEconomic,303,population_shift,2,2,0,0,54,0.0
32768,MyopicEconomic,303,population_shift,2,2,1,0,54,0.0
32768,MyopicEconomic,303,population_shift,2,2,2,16,54,0.2962962962962963
32768,MyopicEconomic,303,population_shift,2,2,3,0,54,0.0
32768,MyopicEconomic,303,population_shift,2,2,4,38,54,0.7037037037037037
32768,MyopicEconomic,404,population_shift,0,0,0,38,492,0.07723577235772358
32768,MyopicEconomic,404,population_shift,0,0,1,32,492,0.06504065040650407
32768,MyopicEconomic,404,population_shift,0,0,2,241,492,0.4898373983739837
32768,MyopicEconomic,404,population_shift,0,0,3,37,492,0.07520325203252033
32768,MyopicEconomic,404,population_shift,0,0,4,144,492,0.2926829268292683
32768,MyopicEconomic,404,population_shift,0,1,0,0,11,0.0
32768,MyopicEconomic,404,population_shift,0,1,1,0,11,0.0
32768,MyopicEconomic,404,population_shift,0,1,2,1,11,0.09090909090909091
32768,MyopicEconomic,404,population_shift,0,1,3,0,11,0.0
32768,MyopicEconomic,404,population_shift,0,1,4,10,11,0.9090909090909091
32768,MyopicEconomic,404,population_shift,1,0,0,32,600,0.05333333333333334
32768,MyopicEconomic,404,population_shift,1,0,1,29,600,0.04833333333333333
32768,MyopicEconomic,404,population_shift,1,0,2,257,600,0.42833333333333334
32768,MyopicEconomic,404,population_shift,1,0,3,44,600,0.07333333333333333
32768,MyopicEconomic,404,population_shift,1,0,4,238,600,0.39666666666666667
32768,MyopicEconomic,404,population_shift,1,1,0,38,125,0.304
32768,MyopicEconomic,404,population_shift,1,1,1,2,125,0.016
32768,MyopicEconomic,404,population_shift,1,1,2,43,125,0.344
32768,MyopicEconomic,404,population_shift,1,1,3,0,125,0.0
32768,MyopicEconomic,404,population_shift,1,1,4,42,125,0.336
32768,MyopicEconomic,404,population_shift,1,2,0,0,6,0.0
32768,MyopicEconomic,404,population_shift,1,2,1,0,6,0.0
32768,MyopicEconomic,404,population_shift,1,2,2,0,6,0.0
32768,MyopicEconomic,404,population_shift,1,2,3,0,6,0.0
32768,MyopicEconomic,404,population_shift,1,2,4,6,6,1.0
32768,MyopicEconomic,404,population_shift,2,0,0,4,451,0.008869179600886918
32768,MyopicEconomic,404,population_shift,2,0,1,3,451,0.0066518847006651885
32768,MyopicEconomic,404,population_shift,2,0,2,264,451,0.5853658536585366
32768,MyopicEconomic,404,population_shift,2,0,3,16,451,0.03547671840354767
32768,MyopicEconomic,404,population_shift,2,0,4,164,451,0.36363636363636365
32768,MyopicEconomic,404,population_shift,2,1,0,60,277,0.21660649819494585
32768,MyopicEconomic,404,population_shift,2,1,1,36,277,0.1299638989169675
32768,MyopicEconomic,404,population_shift,2,1,2,106,277,0.38267148014440433
32768,MyopicEconomic,404,population_shift,2,1,3,3,277,0.010830324909747292
32768,MyopicEconomic,404,population_shift,2,1,4,72,277,0.259927797833935
32768,MyopicEconomic,404,population_shift,2,2,0,0,54,0.0
32768,MyopicEconomic,404,population_shift,2,2,1,0,54,0.0
32768,MyopicEconomic,404,population_shift,2,2,2,16,54,0.2962962962962963
32768,MyopicEconomic,404,population_shift,2,2,3,0,54,0.0
32768,MyopicEconomic,404,population_shift,2,2,4,38,54,0.7037037037037037
32768,MyopicEconomic,505,population_shift,0,0,0,38,492,0.07723577235772358
32768,MyopicEconomic,505,population_shift,0,0,1,32,492,0.06504065040650407
32768,MyopicEconomic,505,population_shift,0,0,2,241,492,0.4898373983739837
32768,MyopicEconomic,505,population_shift,0,0,3,37,492,0.07520325203252033
32768,MyopicEconomic,505,population_shift,0,0,4,144,492,0.2926829268292683
32768,MyopicEconomic,505,population_shift,0,1,0,0,11,0.0
32768,MyopicEconomic,505,population_shift,0,1,1,0,11,0.0
32768,MyopicEconomic,505,population_shift,0,1,2,1,11,0.09090909090909091
32768,MyopicEconomic,505,population_shift,0,1,3,0,11,0.0
32768,MyopicEconomic,505,population_shift,0,1,4,10,11,0.9090909090909091
32768,MyopicEconomic,505,population_shift,1,0,0,32,600,0.05333333333333334
32768,MyopicEconomic,505,population_shift,1,0,1,29,600,0.04833333333333333
32768,MyopicEconomic,505,population_shift,1,0,2,257,600,0.42833333333333334
32768,MyopicEconomic,505,population_shift,1,0,3,44,600,0.07333333333333333
32768,MyopicEconomic,505,population_shift,1,0,4,238,600,0.39666666666666667
32768,MyopicEconomic,505,population_shift,1,1,0,38,125,0.304
32768,MyopicEconomic,505,population_shift,1,1,1,2,125,0.016
32768,MyopicEconomic,505,population_shift,1,1,2,43,125,0.344
32768,MyopicEconomic,505,population_shift,1,1,3,0,125,0.0
32768,MyopicEconomic,505,population_shift,1,1,4,42,125,0.336
32768,MyopicEconomic,505,population_shift,1,2,0,0,6,0.0
32768,MyopicEconomic,505,population_shift,1,2,1,0,6,0.0
32768,MyopicEconomic,505,population_shift,1,2,2,0,6,0.0
32768,MyopicEconomic,505,population_shift,1,2,3,0,6,0.0
32768,MyopicEconomic,505,population_shift,1,2,4,6,6,1.0
32768,MyopicEconomic,505,population_shift,2,0,0,4,451,0.008869179600886918
32768,MyopicEconomic,505,population_shift,2,0,1,3,451,0.0066518847006651885
32768,MyopicEconomic,505,population_shift,2,0,2,264,451,0.5853658536585366
32768,MyopicEconomic,505,population_shift,2,0,3,16,451,0.03547671840354767
32768,MyopicEconomic,505,population_shift,2,0,4,164,451,0.36363636363636365
32768,MyopicEconomic,505,population_shift,2,1,0,60,277,0.21660649819494585
32768,MyopicEconomic,505,population_shift,2,1,1,36,277,0.1299638989169675
32768,MyopicEconomic,505,population_shift,2,1,2,106,277,0.38267148014440433
32768,MyopicEconomic,505,population_shift,2,1,3,3,277,0.010830324909747292
32768,MyopicEconomic,505,population_shift,2,1,4,72,277,0.259927797833935
32768,MyopicEconomic,505,population_shift,2,2,0,0,54,0.0
32768,MyopicEconomic,505,population_shift,2,2,1,0,54,0.0
32768,MyopicEconomic,505,population_shift,2,2,2,16,54,0.2962962962962963
32768,MyopicEconomic,505,population_shift,2,2,3,0,54,0.0
32768,MyopicEconomic,505,population_shift,2,2,4,38,54,0.7037037037037037
32768,ObservationPlanner,101,population_shift,0,0,0,8,20,0.4
32768,ObservationPlanner,101,population_shift,0,0,1,0,20,0.0
32768,ObservationPlanner,101,population_shift,0,0,2,0,20,0.0
32768,ObservationPlanner,101,population_shift,0,0,3,0,20,0.0
32768,ObservationPlanner,101,population_shift,0,0,4,12,20,0.6
32768,ObservationPlanner,101,population_shift,0,1,0,123,360,0.3416666666666667
32768,ObservationPlanner,101,population_shift,0,1,1,97,360,0.26944444444444443
32768,ObservationPlanner,101,population_shift,0,1,2,24,360,0.06666666666666667
32768,ObservationPlanner,101,population_shift,0,1,3,23,360,0.06388888888888888
32768,ObservationPlanner,101,population_shift,0,1,4,93,360,0.25833333333333336
32768,ObservationPlanner,101,population_shift,0,2,0,2,13,0.15384615384615385
32768,ObservationPlanner,101,population_shift,0,2,1,6,13,0.46153846153846156
32768,ObservationPlanner,101,population_shift,0,2,2,1,13,0.07692307692307693
32768,ObservationPlanner,101,population_shift,0,2,3,3,13,0.23076923076923078
32768,ObservationPlanner,101,population_shift,0,2,4,1,13,0.07692307692307693
32768,ObservationPlanner,101,population_shift,1,0,0,121,121,1.0
32768,ObservationPlanner,101,population_shift,1,0,1,0,121,0.0
32768,ObservationPlanner,101,population_shift,1,0,2,0,121,0.0
32768,ObservationPlanner,101,population_shift,1,0,3,0,121,0.0
32768,ObservationPlanner,101,population_shift,1,0,4,0,121,0.0
32768,ObservationPlanner,101,population_shift,1,1,0,293,426,0.687793427230047
32768,ObservationPlanner,101,population_shift,1,1,1,43,426,0.10093896713615023
32768,ObservationPlanner,101,population_shift,1,1,2,57,426,0.13380281690140844
32768,ObservationPlanner,101,population_shift,1,1,3,10,426,0.023474178403755867
32768,ObservationPlanner,101,population_shift,1,1,4,23,426,0.0539906103286385
32768,ObservationPlanner,101,population_shift,1,2,0,23,124,0.18548387096774194
32768,ObservationPlanner,101,population_shift,1,2,1,55,124,0.4435483870967742
32768,ObservationPlanner,101,population_shift,1,2,2,26,124,0.20967741935483872
32768,ObservationPlanner,101,population_shift,1,2,3,8,124,0.06451612903225806
32768,ObservationPlanner,101,population_shift,1,2,4,12,124,0.0967741935483871
32768,ObservationPlanner,101,population_shift,2,0,0,60,61,0.9836065573770492
32768,ObservationPlanner,101,population_shift,2,0,1,1,61,0.01639344262295082
32768,ObservationPlanner,101,population_shift,2,0,2,0,61,0.0
32768,ObservationPlanner,101,population_shift,2,0,3,0,61,0.0
32768,ObservationPlanner,101,population_shift,2,0,4,0,61,0.0
32768,ObservationPlanner,101,population_shift,2,1,0,194,219,0.8858447488584474
32768,ObservationPlanner,101,population_shift,2,1,1,6,219,0.0273972602739726
32768,ObservationPlanner,101,population_shift,2,1,2,18,219,0.0821917808219178
32768,ObservationPlanner,101,population_shift,2,1,3,1,219,0.0045662100456621
32768,ObservationPlanner,101,population_shift,2,1,4,0,219,0.0
32768,ObservationPlanner,101,population_shift,2,2,0,137,283,0.4840989399293286
32768,ObservationPlanner,101,population_shift,2,2,1,71,283,0.2508833922261484
32768,ObservationPlanner,101,population_shift,2,2,2,54,283,0.19081272084805653
32768,ObservationPlanner,101,population_shift,2,2,3,11,283,0.038869257950530034
32768,ObservationPlanner,101,population_shift,2,2,4,10,283,0.0353356890459364
32768,ObservationPlanner,202,population_shift,0,0,0,8,20,0.4
32768,ObservationPlanner,202,population_shift,0,0,1,0,20,0.0
32768,ObservationPlanner,202,population_shift,0,0,2,0,20,0.0
32768,ObservationPlanner,202,population_shift,0,0,3,0,20,0.0
32768,ObservationPlanner,202,population_shift,0,0,4,12,20,0.6
32768,ObservationPlanner,202,population_shift,0,1,0,123,360,0.3416666666666667
32768,ObservationPlanner,202,population_shift,0,1,1,97,360,0.26944444444444443
32768,ObservationPlanner,202,population_shift,0,1,2,24,360,0.06666666666666667
32768,ObservationPlanner,202,population_shift,0,1,3,23,360,0.06388888888888888
32768,ObservationPlanner,202,population_shift,0,1,4,93,360,0.25833333333333336
32768,ObservationPlanner,202,population_shift,0,2,0,2,13,0.15384615384615385
32768,ObservationPlanner,202,population_shift,0,2,1,6,13,0.46153846153846156
32768,ObservationPlanner,202,population_shift,0,2,2,1,13,0.07692307692307693
32768,ObservationPlanner,202,population_shift,0,2,3,3,13,0.23076923076923078
32768,ObservationPlanner,202,population_shift,0,2,4,1,13,0.07692307692307693
32768,ObservationPlanner,202,population_shift,1,0,0,121,121,1.0
32768,ObservationPlanner,202,population_shift,1,0,1,0,121,0.0
32768,ObservationPlanner,202,population_shift,1,0,2,0,121,0.0
32768,ObservationPlanner,202,population_shift,1,0,3,0,121,0.0
32768,ObservationPlanner,202,population_shift,1,0,4,0,121,0.0
32768,ObservationPlanner,202,population_shift,1,1,0,293,426,0.687793427230047
32768,ObservationPlanner,202,population_shift,1,1,1,43,426,0.10093896713615023
32768,ObservationPlanner,202,population_shift,1,1,2,57,426,0.13380281690140844
32768,ObservationPlanner,202,population_shift,1,1,3,10,426,0.023474178403755867
32768,ObservationPlanner,202,population_shift,1,1,4,23,426,0.0539906103286385
32768,ObservationPlanner,202,population_shift,1,2,0,23,124,0.18548387096774194
32768,ObservationPlanner,202,population_shift,1,2,1,55,124,0.4435483870967742
32768,ObservationPlanner,202,population_shift,1,2,2,26,124,0.20967741935483872
32768,ObservationPlanner,202,population_shift,1,2,3,8,124,0.06451612903225806
32768,ObservationPlanner,202,population_shift,1,2,4,12,124,0.0967741935483871
32768,ObservationPlanner,202,population_shift,2,0,0,60,61,0.9836065573770492
32768,ObservationPlanner,202,population_shift,2,0,1,1,61,0.01639344262295082
32768,ObservationPlanner,202,population_shift,2,0,2,0,61,0.0
32768,ObservationPlanner,202,population_shift,2,0,3,0,61,0.0
32768,ObservationPlanner,202,population_shift,2,0,4,0,61,0.0
32768,ObservationPlanner,202,population_shift,2,1,0,194,219,0.8858447488584474
32768,ObservationPlanner,202,population_shift,2,1,1,6,219,0.0273972602739726
32768,ObservationPlanner,202,population_shift,2,1,2,18,219,0.0821917808219178
32768,ObservationPlanner,202,population_shift,2,1,3,1,219,0.0045662100456621
32768,ObservationPlanner,202,population_shift,2,1,4,0,219,0.0
32768,ObservationPlanner,202,population_shift,2,2,0,137,283,0.4840989399293286
32768,ObservationPlanner,202,population_shift,2,2,1,71,283,0.2508833922261484
32768,ObservationPlanner,202,population_shift,2,2,2,54,283,0.19081272084805653
32768,ObservationPlanner,202,population_shift,2,2,3,11,283,0.038869257950530034
32768,ObservationPlanner,202,population_shift,2,2,4,10,283,0.0353356890459364
32768,ObservationPlanner,303,population_shift,0,0,0,8,20,0.4
32768,ObservationPlanner,303,population_shift,0,0,1,0,20,0.0
32768,ObservationPlanner,303,population_shift,0,0,2,0,20,0.0
32768,ObservationPlanner,303,population_shift,0,0,3,0,20,0.0
32768,ObservationPlanner,303,population_shift,0,0,4,12,20,0.6
32768,ObservationPlanner,303,population_shift,0,1,0,123,360,0.3416666666666667
32768,ObservationPlanner,303,population_shift,0,1,1,97,360,0.26944444444444443
32768,ObservationPlanner,303,population_shift,0,1,2,24,360,0.06666666666666667
32768,ObservationPlanner,303,population_shift,0,1,3,23,360,0.06388888888888888
32768,ObservationPlanner,303,population_shift,0,1,4,93,360,0.25833333333333336
32768,ObservationPlanner,303,population_shift,0,2,0,2,13,0.15384615384615385
32768,ObservationPlanner,303,population_shift,0,2,1,6,13,0.46153846153846156
32768,ObservationPlanner,303,population_shift,0,2,2,1,13,0.07692307692307693
32768,ObservationPlanner,303,population_shift,0,2,3,3,13,0.23076923076923078
32768,ObservationPlanner,303,population_shift,0,2,4,1,13,0.07692307692307693
32768,ObservationPlanner,303,population_shift,1,0,0,121,121,1.0
32768,ObservationPlanner,303,population_shift,1,0,1,0,121,0.0
32768,ObservationPlanner,303,population_shift,1,0,2,0,121,0.0
32768,ObservationPlanner,303,population_shift,1,0,3,0,121,0.0
32768,ObservationPlanner,303,population_shift,1,0,4,0,121,0.0
32768,ObservationPlanner,303,population_shift,1,1,0,293,426,0.687793427230047
32768,ObservationPlanner,303,population_shift,1,1,1,43,426,0.10093896713615023
32768,ObservationPlanner,303,population_shift,1,1,2,57,426,0.13380281690140844
32768,ObservationPlanner,303,population_shift,1,1,3,10,426,0.023474178403755867
32768,ObservationPlanner,303,population_shift,1,1,4,23,426,0.0539906103286385
32768,ObservationPlanner,303,population_shift,1,2,0,23,124,0.18548387096774194
32768,ObservationPlanner,303,population_shift,1,2,1,55,124,0.4435483870967742
32768,ObservationPlanner,303,population_shift,1,2,2,26,124,0.20967741935483872
32768,ObservationPlanner,303,population_shift,1,2,3,8,124,0.06451612903225806
32768,ObservationPlanner,303,population_shift,1,2,4,12,124,0.0967741935483871
32768,ObservationPlanner,303,population_shift,2,0,0,60,61,0.9836065573770492
32768,ObservationPlanner,303,population_shift,2,0,1,1,61,0.01639344262295082
32768,ObservationPlanner,303,population_shift,2,0,2,0,61,0.0
32768,ObservationPlanner,303,population_shift,2,0,3,0,61,0.0
32768,ObservationPlanner,303,population_shift,2,0,4,0,61,0.0
32768,ObservationPlanner,303,population_shift,2,1,0,194,219,0.8858447488584474
32768,ObservationPlanner,303,population_shift,2,1,1,6,219,0.0273972602739726
32768,ObservationPlanner,303,population_shift,2,1,2,18,219,0.0821917808219178
32768,ObservationPlanner,303,population_shift,2,1,3,1,219,0.0045662100456621
32768,ObservationPlanner,303,population_shift,2,1,4,0,219,0.0
32768,ObservationPlanner,303,population_shift,2,2,0,137,283,0.4840989399293286
32768,ObservationPlanner,303,population_shift,2,2,1,71,283,0.2508833922261484
32768,ObservationPlanner,303,population_shift,2,2,2,54,283,0.19081272084805653
32768,ObservationPlanner,303,population_shift,2,2,3,11,283,0.038869257950530034
32768,ObservationPlanner,303,population_shift,2,2,4,10,283,0.0353356890459364
32768,ObservationPlanner,404,population_shift,0,0,0,8,20,0.4
32768,ObservationPlanner,404,population_shift,0,0,1,0,20,0.0
32768,ObservationPlanner,404,population_shift,0,0,2,0,20,0.0
32768,ObservationPlanner,404,population_shift,0,0,3,0,20,0.0
32768,ObservationPlanner,404,population_shift,0,0,4,12,20,0.6
32768,ObservationPlanner,404,population_shift,0,1,0,123,360,0.3416666666666667
32768,ObservationPlanner,404,population_shift,0,1,1,97,360,0.26944444444444443
32768,ObservationPlanner,404,population_shift,0,1,2,24,360,0.06666666666666667
32768,ObservationPlanner,404,population_shift,0,1,3,23,360,0.06388888888888888
32768,ObservationPlanner,404,population_shift,0,1,4,93,360,0.25833333333333336
32768,ObservationPlanner,404,population_shift,0,2,0,2,13,0.15384615384615385
32768,ObservationPlanner,404,population_shift,0,2,1,6,13,0.46153846153846156
32768,ObservationPlanner,404,population_shift,0,2,2,1,13,0.07692307692307693
32768,ObservationPlanner,404,population_shift,0,2,3,3,13,0.23076923076923078
32768,ObservationPlanner,404,population_shift,0,2,4,1,13,0.07692307692307693
32768,ObservationPlanner,404,population_shift,1,0,0,121,121,1.0
32768,ObservationPlanner,404,population_shift,1,0,1,0,121,0.0
32768,ObservationPlanner,404,population_shift,1,0,2,0,121,0.0
32768,ObservationPlanner,404,population_shift,1,0,3,0,121,0.0
32768,ObservationPlanner,404,population_shift,1,0,4,0,121,0.0
32768,ObservationPlanner,404,population_shift,1,1,0,293,426,0.687793427230047
32768,ObservationPlanner,404,population_shift,1,1,1,43,426,0.10093896713615023
32768,ObservationPlanner,404,population_shift,1,1,2,57,426,0.13380281690140844
32768,ObservationPlanner,404,population_shift,1,1,3,10,426,0.023474178403755867
32768,ObservationPlanner,404,population_shift,1,1,4,23,426,0.0539906103286385
32768,ObservationPlanner,404,population_shift,1,2,0,23,124,0.18548387096774194
32768,ObservationPlanner,404,population_shift,1,2,1,55,124,0.4435483870967742
32768,ObservationPlanner,404,population_shift,1,2,2,26,124,0.20967741935483872
32768,ObservationPlanner,404,population_shift,1,2,3,8,124,0.06451612903225806
32768,ObservationPlanner,404,population_shift,1,2,4,12,124,0.0967741935483871
32768,ObservationPlanner,404,population_shift,2,0,0,60,61,0.9836065573770492
32768,ObservationPlanner,404,population_shift,2,0,1,1,61,0.01639344262295082
32768,ObservationPlanner,404,population_shift,2,0,2,0,61,0.0
32768,ObservationPlanner,404,population_shift,2,0,3,0,61,0.0
32768,ObservationPlanner,404,population_shift,2,0,4,0,61,0.0
32768,ObservationPlanner,404,population_shift,2,1,0,194,219,0.8858447488584474
32768,ObservationPlanner,404,population_shift,2,1,1,6,219,0.0273972602739726
32768,ObservationPlanner,404,population_shift,2,1,2,18,219,0.0821917808219178
32768,ObservationPlanner,404,population_shift,2,1,3,1,219,0.0045662100456621
32768,ObservationPlanner,404,population_shift,2,1,4,0,219,0.0
32768,ObservationPlanner,404,population_shift,2,2,0,137,283,0.4840989399293286
32768,ObservationPlanner,404,population_shift,2,2,1,71,283,0.2508833922261484
32768,ObservationPlanner,404,population_shift,2,2,2,54,283,0.19081272084805653
32768,ObservationPlanner,404,population_shift,2,2,3,11,283,0.038869257950530034
32768,ObservationPlanner,404,population_shift,2,2,4,10,283,0.0353356890459364
32768,ObservationPlanner,505,population_shift,0,0,0,8,20,0.4
32768,ObservationPlanner,505,population_shift,0,0,1,0,20,0.0
32768,ObservationPlanner,505,population_shift,0,0,2,0,20,0.0
32768,ObservationPlanner,505,population_shift,0,0,3,0,20,0.0
32768,ObservationPlanner,505,population_shift,0,0,4,12,20,0.6
32768,ObservationPlanner,505,population_shift,0,1,0,123,360,0.3416666666666667
32768,ObservationPlanner,505,population_shift,0,1,1,97,360,0.26944444444444443
32768,ObservationPlanner,505,population_shift,0,1,2,24,360,0.06666666666666667
32768,ObservationPlanner,505,population_shift,0,1,3,23,360,0.06388888888888888
32768,ObservationPlanner,505,population_shift,0,1,4,93,360,0.25833333333333336
32768,ObservationPlanner,505,population_shift,0,2,0,2,13,0.15384615384615385
32768,ObservationPlanner,505,population_shift,0,2,1,6,13,0.46153846153846156
32768,ObservationPlanner,505,population_shift,0,2,2,1,13,0.07692307692307693
32768,ObservationPlanner,505,population_shift,0,2,3,3,13,0.23076923076923078
32768,ObservationPlanner,505,population_shift,0,2,4,1,13,0.07692307692307693
32768,ObservationPlanner,505,population_shift,1,0,0,121,121,1.0
32768,ObservationPlanner,505,population_shift,1,0,1,0,121,0.0
32768,ObservationPlanner,505,population_shift,1,0,2,0,121,0.0
32768,ObservationPlanner,505,population_shift,1,0,3,0,121,0.0
32768,ObservationPlanner,505,population_shift,1,0,4,0,121,0.0
32768,ObservationPlanner,505,population_shift,1,1,0,293,426,0.687793427230047
32768,ObservationPlanner,505,population_shift,1,1,1,43,426,0.10093896713615023
32768,ObservationPlanner,505,population_shift,1,1,2,57,426,0.13380281690140844
32768,ObservationPlanner,505,population_shift,1,1,3,10,426,0.023474178403755867
32768,ObservationPlanner,505,population_shift,1,1,4,23,426,0.0539906103286385
32768,ObservationPlanner,505,population_shift,1,2,0,23,124,0.18548387096774194
32768,ObservationPlanner,505,population_shift,1,2,1,55,124,0.4435483870967742
32768,ObservationPlanner,505,population_shift,1,2,2,26,124,0.20967741935483872
32768,ObservationPlanner,505,population_shift,1,2,3,8,124,0.06451612903225806
32768,ObservationPlanner,505,population_shift,1,2,4,12,124,0.0967741935483871
32768,ObservationPlanner,505,population_shift,2,0,0,60,61,0.9836065573770492
32768,ObservationPlanner,505,population_shift,2,0,1,1,61,0.01639344262295082
32768,ObservationPlanner,505,population_shift,2,0,2,0,61,0.0
32768,ObservationPlanner,505,population_shift,2,0,3,0,61,0.0
32768,ObservationPlanner,505,population_shift,2,0,4,0,61,0.0
32768,ObservationPlanner,505,population_shift,2,1,0,194,219,0.8858447488584474
32768,ObservationPlanner,505,population_shift,2,1,1,6,219,0.0273972602739726
32768,ObservationPlanner,505,population_shift,2,1,2,18,219,0.0821917808219178
32768,ObservationPlanner,505,population_shift,2,1,3,1,219,0.0045662100456621
32768,ObservationPlanner,505,population_shift,2,1,4,0,219,0.0
32768,ObservationPlanner,505,population_shift,2,2,0,137,283,0.4840989399293286
32768,ObservationPlanner,505,population_shift,2,2,1,71,283,0.2508833922261484
32768,ObservationPlanner,505,population_shift,2,2,2,54,283,0.19081272084805653
32768,ObservationPlanner,505,population_shift,2,2,3,11,283,0.038869257950530034
32768,ObservationPlanner,505,population_shift,2,2,4,10,283,0.0353356890459364
32768,PDThreshold,101,population_shift,0,0,0,0,400,0.0
32768,PDThreshold,101,population_shift,0,0,1,0,400,0.0
32768,PDThreshold,101,population_shift,0,0,2,142,400,0.355
32768,PDThreshold,101,population_shift,0,0,3,258,400,0.645
32768,PDThreshold,101,population_shift,0,0,4,0,400,0.0
32768,PDThreshold,101,population_shift,0,1,0,0,28,0.0
32768,PDThreshold,101,population_shift,0,1,1,0,28,0.0
32768,PDThreshold,101,population_shift,0,1,2,1,28,0.03571428571428571
32768,PDThreshold,101,population_shift,0,1,3,27,28,0.9642857142857143
32768,PDThreshold,101,population_shift,0,1,4,0,28,0.0
32768,PDThreshold,101,population_shift,1,0,0,0,335,0.0
32768,PDThreshold,101,population_shift,1,0,1,0,335,0.0
32768,PDThreshold,101,population_shift,1,0,2,335,335,1.0
32768,PDThreshold,101,population_shift,1,0,3,0,335,0.0
32768,PDThreshold,101,population_shift,1,0,4,0,335,0.0
32768,PDThreshold,101,population_shift,1,1,0,0,310,0.0
32768,PDThreshold,101,population_shift,1,1,1,0,310,0.0
32768,PDThreshold,101,population_shift,1,1,2,310,310,1.0
32768,PDThreshold,101,population_shift,1,1,3,0,310,0.0
32768,PDThreshold,101,population_shift,1,1,4,0,310,0.0
32768,PDThreshold,101,population_shift,1,2,0,0,12,0.0
32768,PDThreshold,101,population_shift,1,2,1,0,12,0.0
32768,PDThreshold,101,population_shift,1,2,2,12,12,1.0
32768,PDThreshold,101,population_shift,1,2,3,0,12,0.0
32768,PDThreshold,101,population_shift,1,2,4,0,12,0.0
32768,PDThreshold,101,population_shift,2,0,0,0,103,0.0
32768,PDThreshold,101,population_shift,2,0,1,103,103,1.0
32768,PDThreshold,101,population_shift,2,0,2,0,103,0.0
32768,PDThreshold,101,population_shift,2,0,3,0,103,0.0
32768,PDThreshold,101,population_shift,2,0,4,0,103,0.0
32768,PDThreshold,101,population_shift,2,1,0,0,354,0.0
32768,PDThreshold,101,population_shift,2,1,1,354,354,1.0
32768,PDThreshold,101,population_shift,2,1,2,0,354,0.0
32768,PDThreshold,101,population_shift,2,1,3,0,354,0.0
32768,PDThreshold,101,population_shift,2,1,4,0,354,0.0
32768,PDThreshold,101,population_shift,2,2,0,0,215,0.0
32768,PDThreshold,101,population_shift,2,2,1,215,215,1.0
32768,PDThreshold,101,population_shift,2,2,2,0,215,0.0
32768,PDThreshold,101,population_shift,2,2,3,0,215,0.0
32768,PDThreshold,101,population_shift,2,2,4,0,215,0.0
32768,PDThreshold,202,population_shift,0,0,0,0,400,0.0
32768,PDThreshold,202,population_shift,0,0,1,0,400,0.0
32768,PDThreshold,202,population_shift,0,0,2,142,400,0.355
32768,PDThreshold,202,population_shift,0,0,3,258,400,0.645
32768,PDThreshold,202,population_shift,0,0,4,0,400,0.0
32768,PDThreshold,202,population_shift,0,1,0,0,28,0.0
32768,PDThreshold,202,population_shift,0,1,1,0,28,0.0
32768,PDThreshold,202,population_shift,0,1,2,1,28,0.03571428571428571
32768,PDThreshold,202,population_shift,0,1,3,27,28,0.9642857142857143
32768,PDThreshold,202,population_shift,0,1,4,0,28,0.0
32768,PDThreshold,202,population_shift,1,0,0,0,335,0.0
32768,PDThreshold,202,population_shift,1,0,1,0,335,0.0
32768,PDThreshold,202,population_shift,1,0,2,335,335,1.0
32768,PDThreshold,202,population_shift,1,0,3,0,335,0.0
32768,PDThreshold,202,population_shift,1,0,4,0,335,0.0
32768,PDThreshold,202,population_shift,1,1,0,0,310,0.0
32768,PDThreshold,202,population_shift,1,1,1,0,310,0.0
32768,PDThreshold,202,population_shift,1,1,2,310,310,1.0
32768,PDThreshold,202,population_shift,1,1,3,0,310,0.0
32768,PDThreshold,202,population_shift,1,1,4,0,310,0.0
32768,PDThreshold,202,population_shift,1,2,0,0,12,0.0
32768,PDThreshold,202,population_shift,1,2,1,0,12,0.0
32768,PDThreshold,202,population_shift,1,2,2,12,12,1.0
32768,PDThreshold,202,population_shift,1,2,3,0,12,0.0
32768,PDThreshold,202,population_shift,1,2,4,0,12,0.0
32768,PDThreshold,202,population_shift,2,0,0,0,103,0.0
32768,PDThreshold,202,population_shift,2,0,1,103,103,1.0
32768,PDThreshold,202,population_shift,2,0,2,0,103,0.0
32768,PDThreshold,202,population_shift,2,0,3,0,103,0.0
32768,PDThreshold,202,population_shift,2,0,4,0,103,0.0
32768,PDThreshold,202,population_shift,2,1,0,0,354,0.0
32768,PDThreshold,202,population_shift,2,1,1,354,354,1.0
32768,PDThreshold,202,population_shift,2,1,2,0,354,0.0
32768,PDThreshold,202,population_shift,2,1,3,0,354,0.0
32768,PDThreshold,202,population_shift,2,1,4,0,354,0.0
32768,PDThreshold,202,population_shift,2,2,0,0,215,0.0
32768,PDThreshold,202,population_shift,2,2,1,215,215,1.0
32768,PDThreshold,202,population_shift,2,2,2,0,215,0.0
32768,PDThreshold,202,population_shift,2,2,3,0,215,0.0
32768,PDThreshold,202,population_shift,2,2,4,0,215,0.0
32768,PDThreshold,303,population_shift,0,0,0,0,400,0.0
32768,PDThreshold,303,population_shift,0,0,1,0,400,0.0
32768,PDThreshold,303,population_shift,0,0,2,142,400,0.355
32768,PDThreshold,303,population_shift,0,0,3,258,400,0.645
32768,PDThreshold,303,population_shift,0,0,4,0,400,0.0
32768,PDThreshold,303,population_shift,0,1,0,0,28,0.0
32768,PDThreshold,303,population_shift,0,1,1,0,28,0.0
32768,PDThreshold,303,population_shift,0,1,2,1,28,0.03571428571428571
32768,PDThreshold,303,population_shift,0,1,3,27,28,0.9642857142857143
32768,PDThreshold,303,population_shift,0,1,4,0,28,0.0
32768,PDThreshold,303,population_shift,1,0,0,0,335,0.0
32768,PDThreshold,303,population_shift,1,0,1,0,335,0.0
32768,PDThreshold,303,population_shift,1,0,2,335,335,1.0
32768,PDThreshold,303,population_shift,1,0,3,0,335,0.0
32768,PDThreshold,303,population_shift,1,0,4,0,335,0.0
32768,PDThreshold,303,population_shift,1,1,0,0,310,0.0
32768,PDThreshold,303,population_shift,1,1,1,0,310,0.0
32768,PDThreshold,303,population_shift,1,1,2,310,310,1.0
32768,PDThreshold,303,population_shift,1,1,3,0,310,0.0
32768,PDThreshold,303,population_shift,1,1,4,0,310,0.0
32768,PDThreshold,303,population_shift,1,2,0,0,12,0.0
32768,PDThreshold,303,population_shift,1,2,1,0,12,0.0
32768,PDThreshold,303,population_shift,1,2,2,12,12,1.0
32768,PDThreshold,303,population_shift,1,2,3,0,12,0.0
32768,PDThreshold,303,population_shift,1,2,4,0,12,0.0
32768,PDThreshold,303,population_shift,2,0,0,0,103,0.0
32768,PDThreshold,303,population_shift,2,0,1,103,103,1.0
32768,PDThreshold,303,population_shift,2,0,2,0,103,0.0
32768,PDThreshold,303,population_shift,2,0,3,0,103,0.0
32768,PDThreshold,303,population_shift,2,0,4,0,103,0.0
32768,PDThreshold,303,population_shift,2,1,0,0,354,0.0
32768,PDThreshold,303,population_shift,2,1,1,354,354,1.0
32768,PDThreshold,303,population_shift,2,1,2,0,354,0.0
32768,PDThreshold,303,population_shift,2,1,3,0,354,0.0
32768,PDThreshold,303,population_shift,2,1,4,0,354,0.0
32768,PDThreshold,303,population_shift,2,2,0,0,215,0.0
32768,PDThreshold,303,population_shift,2,2,1,215,215,1.0
32768,PDThreshold,303,population_shift,2,2,2,0,215,0.0
32768,PDThreshold,303,population_shift,2,2,3,0,215,0.0
32768,PDThreshold,303,population_shift,2,2,4,0,215,0.0
32768,PDThreshold,404,population_shift,0,0,0,0,400,0.0
32768,PDThreshold,404,population_shift,0,0,1,0,400,0.0
32768,PDThreshold,404,population_shift,0,0,2,142,400,0.355
32768,PDThreshold,404,population_shift,0,0,3,258,400,0.645
32768,PDThreshold,404,population_shift,0,0,4,0,400,0.0
32768,PDThreshold,404,population_shift,0,1,0,0,28,0.0
32768,PDThreshold,404,population_shift,0,1,1,0,28,0.0
32768,PDThreshold,404,population_shift,0,1,2,1,28,0.03571428571428571
32768,PDThreshold,404,population_shift,0,1,3,27,28,0.9642857142857143
32768,PDThreshold,404,population_shift,0,1,4,0,28,0.0
32768,PDThreshold,404,population_shift,1,0,0,0,335,0.0
32768,PDThreshold,404,population_shift,1,0,1,0,335,0.0
32768,PDThreshold,404,population_shift,1,0,2,335,335,1.0
32768,PDThreshold,404,population_shift,1,0,3,0,335,0.0
32768,PDThreshold,404,population_shift,1,0,4,0,335,0.0
32768,PDThreshold,404,population_shift,1,1,0,0,310,0.0
32768,PDThreshold,404,population_shift,1,1,1,0,310,0.0
32768,PDThreshold,404,population_shift,1,1,2,310,310,1.0
32768,PDThreshold,404,population_shift,1,1,3,0,310,0.0
32768,PDThreshold,404,population_shift,1,1,4,0,310,0.0
32768,PDThreshold,404,population_shift,1,2,0,0,12,0.0
32768,PDThreshold,404,population_shift,1,2,1,0,12,0.0
32768,PDThreshold,404,population_shift,1,2,2,12,12,1.0
32768,PDThreshold,404,population_shift,1,2,3,0,12,0.0
32768,PDThreshold,404,population_shift,1,2,4,0,12,0.0
32768,PDThreshold,404,population_shift,2,0,0,0,103,0.0
32768,PDThreshold,404,population_shift,2,0,1,103,103,1.0
32768,PDThreshold,404,population_shift,2,0,2,0,103,0.0
32768,PDThreshold,404,population_shift,2,0,3,0,103,0.0
32768,PDThreshold,404,population_shift,2,0,4,0,103,0.0
32768,PDThreshold,404,population_shift,2,1,0,0,354,0.0
32768,PDThreshold,404,population_shift,2,1,1,354,354,1.0
32768,PDThreshold,404,population_shift,2,1,2,0,354,0.0
32768,PDThreshold,404,population_shift,2,1,3,0,354,0.0
32768,PDThreshold,404,population_shift,2,1,4,0,354,0.0
32768,PDThreshold,404,population_shift,2,2,0,0,215,0.0
32768,PDThreshold,404,population_shift,2,2,1,215,215,1.0
32768,PDThreshold,404,population_shift,2,2,2,0,215,0.0
32768,PDThreshold,404,population_shift,2,2,3,0,215,0.0
32768,PDThreshold,404,population_shift,2,2,4,0,215,0.0
32768,PDThreshold,505,population_shift,0,0,0,0,400,0.0
32768,PDThreshold,505,population_shift,0,0,1,0,400,0.0
32768,PDThreshold,505,population_shift,0,0,2,142,400,0.355
32768,PDThreshold,505,population_shift,0,0,3,258,400,0.645
32768,PDThreshold,505,population_shift,0,0,4,0,400,0.0
32768,PDThreshold,505,population_shift,0,1,0,0,28,0.0
32768,PDThreshold,505,population_shift,0,1,1,0,28,0.0
32768,PDThreshold,505,population_shift,0,1,2,1,28,0.03571428571428571
32768,PDThreshold,505,population_shift,0,1,3,27,28,0.9642857142857143
32768,PDThreshold,505,population_shift,0,1,4,0,28,0.0
32768,PDThreshold,505,population_shift,1,0,0,0,335,0.0
32768,PDThreshold,505,population_shift,1,0,1,0,335,0.0
32768,PDThreshold,505,population_shift,1,0,2,335,335,1.0
32768,PDThreshold,505,population_shift,1,0,3,0,335,0.0
32768,PDThreshold,505,population_shift,1,0,4,0,335,0.0
32768,PDThreshold,505,population_shift,1,1,0,0,310,0.0
32768,PDThreshold,505,population_shift,1,1,1,0,310,0.0
32768,PDThreshold,505,population_shift,1,1,2,310,310,1.0
32768,PDThreshold,505,population_shift,1,1,3,0,310,0.0
32768,PDThreshold,505,population_shift,1,1,4,0,310,0.0
32768,PDThreshold,505,population_shift,1,2,0,0,12,0.0
32768,PDThreshold,505,population_shift,1,2,1,0,12,0.0
32768,PDThreshold,505,population_shift,1,2,2,12,12,1.0
32768,PDThreshold,505,population_shift,1,2,3,0,12,0.0
32768,PDThreshold,505,population_shift,1,2,4,0,12,0.0
32768,PDThreshold,505,population_shift,2,0,0,0,103,0.0
32768,PDThreshold,505,population_shift,2,0,1,103,103,1.0
32768,PDThreshold,505,population_shift,2,0,2,0,103,0.0
32768,PDThreshold,505,population_shift,2,0,3,0,103,0.0
32768,PDThreshold,505,population_shift,2,0,4,0,103,0.0
32768,PDThreshold,505,population_shift,2,1,0,0,354,0.0
32768,PDThreshold,505,population_shift,2,1,1,354,354,1.0
32768,PDThreshold,505,population_shift,2,1,2,0,354,0.0
32768,PDThreshold,505,population_shift,2,1,3,0,354,0.0
32768,PDThreshold,505,population_shift,2,1,4,0,354,0.0
32768,PDThreshold,505,population_shift,2,2,0,0,215,0.0
32768,PDThreshold,505,population_shift,2,2,1,215,215,1.0
32768,PDThreshold,505,population_shift,2,2,2,0,215,0.0
32768,PDThreshold,505,population_shift,2,2,3,0,215,0.0
32768,PDThreshold,505,population_shift,2,2,4,0,215,0.0
32768,Static,101,population_shift,0,0,0,0,338,0.0
32768,Static,101,population_shift,0,0,1,0,338,0.0
32768,Static,101,population_shift,0,0,2,338,338,1.0
32768,Static,101,population_shift,0,0,3,0,338,0.0
32768,Static,101,population_shift,0,0,4,0,338,0.0
32768,Static,101,population_shift,0,1,0,0,84,0.0
32768,Static,101,population_shift,0,1,1,0,84,0.0
32768,Static,101,population_shift,0,1,2,84,84,1.0
32768,Static,101,population_shift,0,1,3,0,84,0.0
32768,Static,101,population_shift,0,1,4,0,84,0.0
32768,Static,101,population_shift,1,0,0,0,333,0.0
32768,Static,101,population_shift,1,0,1,0,333,0.0
32768,Static,101,population_shift,1,0,2,333,333,1.0
32768,Static,101,population_shift,1,0,3,0,333,0.0
32768,Static,101,population_shift,1,0,4,0,333,0.0
32768,Static,101,population_shift,1,1,0,0,307,0.0
32768,Static,101,population_shift,1,1,1,0,307,0.0
32768,Static,101,population_shift,1,1,2,307,307,1.0
32768,Static,101,population_shift,1,1,3,0,307,0.0
32768,Static,101,population_shift,1,1,4,0,307,0.0
32768,Static,101,population_shift,2,0,0,0,139,0.0
32768,Static,101,population_shift,2,0,1,0,139,0.0
32768,Static,101,population_shift,2,0,2,139,139,1.0
32768,Static,101,population_shift,2,0,3,0,139,0.0
32768,Static,101,population_shift,2,0,4,0,139,0.0
32768,Static,101,population_shift,2,1,0,0,571,0.0
32768,Static,101,population_shift,2,1,1,0,571,0.0
32768,Static,101,population_shift,2,1,2,571,571,1.0
32768,Static,101,population_shift,2,1,3,0,571,0.0
32768,Static,101,population_shift,2,1,4,0,571,0.0
32768,Static,202,population_shift,0,0,0,0,338,0.0
32768,Static,202,population_shift,0,0,1,0,338,0.0
32768,Static,202,population_shift,0,0,2,338,338,1.0
32768,Static,202,population_shift,0,0,3,0,338,0.0
32768,Static,202,population_shift,0,0,4,0,338,0.0
32768,Static,202,population_shift,0,1,0,0,84,0.0
32768,Static,202,population_shift,0,1,1,0,84,0.0
32768,Static,202,population_shift,0,1,2,84,84,1.0
32768,Static,202,population_shift,0,1,3,0,84,0.0
32768,Static,202,population_shift,0,1,4,0,84,0.0
32768,Static,202,population_shift,1,0,0,0,333,0.0
32768,Static,202,population_shift,1,0,1,0,333,0.0
32768,Static,202,population_shift,1,0,2,333,333,1.0
32768,Static,202,population_shift,1,0,3,0,333,0.0
32768,Static,202,population_shift,1,0,4,0,333,0.0
32768,Static,202,population_shift,1,1,0,0,307,0.0
32768,Static,202,population_shift,1,1,1,0,307,0.0
32768,Static,202,population_shift,1,1,2,307,307,1.0
32768,Static,202,population_shift,1,1,3,0,307,0.0
32768,Static,202,population_shift,1,1,4,0,307,0.0
32768,Static,202,population_shift,2,0,0,0,139,0.0
32768,Static,202,population_shift,2,0,1,0,139,0.0
32768,Static,202,population_shift,2,0,2,139,139,1.0
32768,Static,202,population_shift,2,0,3,0,139,0.0
32768,Static,202,population_shift,2,0,4,0,139,0.0
32768,Static,202,population_shift,2,1,0,0,571,0.0
32768,Static,202,population_shift,2,1,1,0,571,0.0
32768,Static,202,population_shift,2,1,2,571,571,1.0
32768,Static,202,population_shift,2,1,3,0,571,0.0
32768,Static,202,population_shift,2,1,4,0,571,0.0
32768,Static,303,population_shift,0,0,0,0,338,0.0
32768,Static,303,population_shift,0,0,1,0,338,0.0
32768,Static,303,population_shift,0,0,2,338,338,1.0
32768,Static,303,population_shift,0,0,3,0,338,0.0
32768,Static,303,population_shift,0,0,4,0,338,0.0
32768,Static,303,population_shift,0,1,0,0,84,0.0
32768,Static,303,population_shift,0,1,1,0,84,0.0
32768,Static,303,population_shift,0,1,2,84,84,1.0
32768,Static,303,population_shift,0,1,3,0,84,0.0
32768,Static,303,population_shift,0,1,4,0,84,0.0
32768,Static,303,population_shift,1,0,0,0,333,0.0
32768,Static,303,population_shift,1,0,1,0,333,0.0
32768,Static,303,population_shift,1,0,2,333,333,1.0
32768,Static,303,population_shift,1,0,3,0,333,0.0
32768,Static,303,population_shift,1,0,4,0,333,0.0
32768,Static,303,population_shift,1,1,0,0,307,0.0
32768,Static,303,population_shift,1,1,1,0,307,0.0
32768,Static,303,population_shift,1,1,2,307,307,1.0
32768,Static,303,population_shift,1,1,3,0,307,0.0
32768,Static,303,population_shift,1,1,4,0,307,0.0
32768,Static,303,population_shift,2,0,0,0,139,0.0
32768,Static,303,population_shift,2,0,1,0,139,0.0
32768,Static,303,population_shift,2,0,2,139,139,1.0
32768,Static,303,population_shift,2,0,3,0,139,0.0
32768,Static,303,population_shift,2,0,4,0,139,0.0
32768,Static,303,population_shift,2,1,0,0,571,0.0
32768,Static,303,population_shift,2,1,1,0,571,0.0
32768,Static,303,population_shift,2,1,2,571,571,1.0
32768,Static,303,population_shift,2,1,3,0,571,0.0
32768,Static,303,population_shift,2,1,4,0,571,0.0
32768,Static,404,population_shift,0,0,0,0,338,0.0
32768,Static,404,population_shift,0,0,1,0,338,0.0
32768,Static,404,population_shift,0,0,2,338,338,1.0
32768,Static,404,population_shift,0,0,3,0,338,0.0
32768,Static,404,population_shift,0,0,4,0,338,0.0
32768,Static,404,population_shift,0,1,0,0,84,0.0
32768,Static,404,population_shift,0,1,1,0,84,0.0
32768,Static,404,population_shift,0,1,2,84,84,1.0
32768,Static,404,population_shift,0,1,3,0,84,0.0
32768,Static,404,population_shift,0,1,4,0,84,0.0
32768,Static,404,population_shift,1,0,0,0,333,0.0
32768,Static,404,population_shift,1,0,1,0,333,0.0
32768,Static,404,population_shift,1,0,2,333,333,1.0
32768,Static,404,population_shift,1,0,3,0,333,0.0
32768,Static,404,population_shift,1,0,4,0,333,0.0
32768,Static,404,population_shift,1,1,0,0,307,0.0
32768,Static,404,population_shift,1,1,1,0,307,0.0
32768,Static,404,population_shift,1,1,2,307,307,1.0
32768,Static,404,population_shift,1,1,3,0,307,0.0
32768,Static,404,population_shift,1,1,4,0,307,0.0
32768,Static,404,population_shift,2,0,0,0,139,0.0
32768,Static,404,population_shift,2,0,1,0,139,0.0
32768,Static,404,population_shift,2,0,2,139,139,1.0
32768,Static,404,population_shift,2,0,3,0,139,0.0
32768,Static,404,population_shift,2,0,4,0,139,0.0
32768,Static,404,population_shift,2,1,0,0,571,0.0
32768,Static,404,population_shift,2,1,1,0,571,0.0
32768,Static,404,population_shift,2,1,2,571,571,1.0
32768,Static,404,population_shift,2,1,3,0,571,0.0
32768,Static,404,population_shift,2,1,4,0,571,0.0
32768,Static,505,population_shift,0,0,0,0,338,0.0
32768,Static,505,population_shift,0,0,1,0,338,0.0
32768,Static,505,population_shift,0,0,2,338,338,1.0
32768,Static,505,population_shift,0,0,3,0,338,0.0
32768,Static,505,population_shift,0,0,4,0,338,0.0
32768,Static,505,population_shift,0,1,0,0,84,0.0
32768,Static,505,population_shift,0,1,1,0,84,0.0
32768,Static,505,population_shift,0,1,2,84,84,1.0
32768,Static,505,population_shift,0,1,3,0,84,0.0
32768,Static,505,population_shift,0,1,4,0,84,0.0
32768,Static,505,population_shift,1,0,0,0,333,0.0
32768,Static,505,population_shift,1,0,1,0,333,0.0
32768,Static,505,population_shift,1,0,2,333,333,1.0
32768,Static,505,population_shift,1,0,3,0,333,0.0
32768,Static,505,population_shift,1,0,4,0,333,0.0
32768,Static,505,population_shift,1,1,0,0,307,0.0
32768,Static,505,population_shift,1,1,1,0,307,0.0
32768,Static,505,population_shift,1,1,2,307,307,1.0
32768,Static,505,population_shift,1,1,3,0,307,0.0
32768,Static,505,population_shift,1,1,4,0,307,0.0
32768,Static,505,population_shift,2,0,0,0,139,0.0
32768,Static,505,population_shift,2,0,1,0,139,0.0
32768,Static,505,population_shift,2,0,2,139,139,1.0
32768,Static,505,population_shift,2,0,3,0,139,0.0
32768,Static,505,population_shift,2,0,4,0,139,0.0
32768,Static,505,population_shift,2,1,0,0,571,0.0
32768,Static,505,population_shift,2,1,1,0,571,0.0
32768,Static,505,population_shift,2,1,2,571,571,1.0
32768,Static,505,population_shift,2,1,3,0,571,0.0
32768,Static,505,population_shift,2,1,4,0,571,0.0
32768,AlwaysDecrease20,101,risk_shift,0,0,0,16,16,1.0
32768,AlwaysDecrease20,101,risk_shift,0,0,1,0,16,0.0
32768,AlwaysDecrease20,101,risk_shift,0,0,2,0,16,0.0
32768,AlwaysDecrease20,101,risk_shift,0,0,3,0,16,0.0
32768,AlwaysDecrease20,101,risk_shift,0,0,4,0,16,0.0
32768,AlwaysDecrease20,101,risk_shift,0,1,0,145,465,0.3118279569892473
32768,AlwaysDecrease20,101,risk_shift,0,1,1,0,465,0.0
32768,AlwaysDecrease20,101,risk_shift,0,1,2,320,465,0.6881720430107527
32768,AlwaysDecrease20,101,risk_shift,0,1,3,0,465,0.0
32768,AlwaysDecrease20,101,risk_shift,0,1,4,0,465,0.0
32768,AlwaysDecrease20,101,risk_shift,0,2,0,25,39,0.6410256410256411
32768,AlwaysDecrease20,101,risk_shift,0,2,1,0,39,0.0
32768,AlwaysDecrease20,101,risk_shift,0,2,2,14,39,0.358974358974359
32768,AlwaysDecrease20,101,risk_shift,0,2,3,0,39,0.0
32768,AlwaysDecrease20,101,risk_shift,0,2,4,0,39,0.0
32768,AlwaysDecrease20,101,risk_shift,1,0,0,126,126,1.0
32768,AlwaysDecrease20,101,risk_shift,1,0,1,0,126,0.0
32768,AlwaysDecrease20,101,risk_shift,1,0,2,0,126,0.0
32768,AlwaysDecrease20,101,risk_shift,1,0,3,0,126,0.0
32768,AlwaysDecrease20,101,risk_shift,1,0,4,0,126,0.0
32768,AlwaysDecrease20,101,risk_shift,1,1,0,274,417,0.657074340527578
32768,AlwaysDecrease20,101,risk_shift,1,1,1,0,417,0.0
32768,AlwaysDecrease20,101,risk_shift,1,1,2,143,417,0.34292565947242204
32768,AlwaysDecrease20,101,risk_shift,1,1,3,0,417,0.0
32768,AlwaysDecrease20,101,risk_shift,1,1,4,0,417,0.0
32768,AlwaysDecrease20,101,risk_shift,1,2,0,118,131,0.9007633587786259
32768,AlwaysDecrease20,101,risk_shift,1,2,1,0,131,0.0
32768,AlwaysDecrease20,101,risk_shift,1,2,2,13,131,0.09923664122137404
32768,AlwaysDecrease20,101,risk_shift,1,2,3,0,131,0.0
32768,AlwaysDecrease20,101,risk_shift,1,2,4,0,131,0.0
32768,AlwaysDecrease20,101,risk_shift,2,0,0,58,58,1.0
32768,AlwaysDecrease20,101,risk_shift,2,0,1,0,58,0.0
32768,AlwaysDecrease20,101,risk_shift,2,0,2,0,58,0.0
32768,AlwaysDecrease20,101,risk_shift,2,0,3,0,58,0.0
32768,AlwaysDecrease20,101,risk_shift,2,0,4,0,58,0.0
32768,AlwaysDecrease20,101,risk_shift,2,1,0,176,189,0.9312169312169312
32768,AlwaysDecrease20,101,risk_shift,2,1,1,0,189,0.0
32768,AlwaysDecrease20,101,risk_shift,2,1,2,13,189,0.06878306878306878
32768,AlwaysDecrease20,101,risk_shift,2,1,3,0,189,0.0
32768,AlwaysDecrease20,101,risk_shift,2,1,4,0,189,0.0
32768,AlwaysDecrease20,101,risk_shift,2,2,0,215,226,0.9513274336283186
32768,AlwaysDecrease20,101,risk_shift,2,2,1,0,226,0.0
32768,AlwaysDecrease20,101,risk_shift,2,2,2,11,226,0.048672566371681415
32768,AlwaysDecrease20,101,risk_shift,2,2,3,0,226,0.0
32768,AlwaysDecrease20,101,risk_shift,2,2,4,0,226,0.0
32768,AlwaysDecrease20,202,risk_shift,0,0,0,16,16,1.0
32768,AlwaysDecrease20,202,risk_shift,0,0,1,0,16,0.0
32768,AlwaysDecrease20,202,risk_shift,0,0,2,0,16,0.0
32768,AlwaysDecrease20,202,risk_shift,0,0,3,0,16,0.0
32768,AlwaysDecrease20,202,risk_shift,0,0,4,0,16,0.0
32768,AlwaysDecrease20,202,risk_shift,0,1,0,145,465,0.3118279569892473
32768,AlwaysDecrease20,202,risk_shift,0,1,1,0,465,0.0
32768,AlwaysDecrease20,202,risk_shift,0,1,2,320,465,0.6881720430107527
32768,AlwaysDecrease20,202,risk_shift,0,1,3,0,465,0.0
32768,AlwaysDecrease20,202,risk_shift,0,1,4,0,465,0.0
32768,AlwaysDecrease20,202,risk_shift,0,2,0,25,39,0.6410256410256411
32768,AlwaysDecrease20,202,risk_shift,0,2,1,0,39,0.0
32768,AlwaysDecrease20,202,risk_shift,0,2,2,14,39,0.358974358974359
32768,AlwaysDecrease20,202,risk_shift,0,2,3,0,39,0.0
32768,AlwaysDecrease20,202,risk_shift,0,2,4,0,39,0.0
32768,AlwaysDecrease20,202,risk_shift,1,0,0,126,126,1.0
32768,AlwaysDecrease20,202,risk_shift,1,0,1,0,126,0.0
32768,AlwaysDecrease20,202,risk_shift,1,0,2,0,126,0.0
32768,AlwaysDecrease20,202,risk_shift,1,0,3,0,126,0.0
32768,AlwaysDecrease20,202,risk_shift,1,0,4,0,126,0.0
32768,AlwaysDecrease20,202,risk_shift,1,1,0,274,417,0.657074340527578
32768,AlwaysDecrease20,202,risk_shift,1,1,1,0,417,0.0
32768,AlwaysDecrease20,202,risk_shift,1,1,2,143,417,0.34292565947242204
32768,AlwaysDecrease20,202,risk_shift,1,1,3,0,417,0.0
32768,AlwaysDecrease20,202,risk_shift,1,1,4,0,417,0.0
32768,AlwaysDecrease20,202,risk_shift,1,2,0,118,131,0.9007633587786259
32768,AlwaysDecrease20,202,risk_shift,1,2,1,0,131,0.0
32768,AlwaysDecrease20,202,risk_shift,1,2,2,13,131,0.09923664122137404
32768,AlwaysDecrease20,202,risk_shift,1,2,3,0,131,0.0
32768,AlwaysDecrease20,202,risk_shift,1,2,4,0,131,0.0
32768,AlwaysDecrease20,202,risk_shift,2,0,0,58,58,1.0
32768,AlwaysDecrease20,202,risk_shift,2,0,1,0,58,0.0
32768,AlwaysDecrease20,202,risk_shift,2,0,2,0,58,0.0
32768,AlwaysDecrease20,202,risk_shift,2,0,3,0,58,0.0
32768,AlwaysDecrease20,202,risk_shift,2,0,4,0,58,0.0
32768,AlwaysDecrease20,202,risk_shift,2,1,0,176,189,0.9312169312169312
32768,AlwaysDecrease20,202,risk_shift,2,1,1,0,189,0.0
32768,AlwaysDecrease20,202,risk_shift,2,1,2,13,189,0.06878306878306878
32768,AlwaysDecrease20,202,risk_shift,2,1,3,0,189,0.0
32768,AlwaysDecrease20,202,risk_shift,2,1,4,0,189,0.0
32768,AlwaysDecrease20,202,risk_shift,2,2,0,215,226,0.9513274336283186
32768,AlwaysDecrease20,202,risk_shift,2,2,1,0,226,0.0
32768,AlwaysDecrease20,202,risk_shift,2,2,2,11,226,0.048672566371681415
32768,AlwaysDecrease20,202,risk_shift,2,2,3,0,226,0.0
32768,AlwaysDecrease20,202,risk_shift,2,2,4,0,226,0.0
32768,AlwaysDecrease20,303,risk_shift,0,0,0,16,16,1.0
32768,AlwaysDecrease20,303,risk_shift,0,0,1,0,16,0.0
32768,AlwaysDecrease20,303,risk_shift,0,0,2,0,16,0.0
32768,AlwaysDecrease20,303,risk_shift,0,0,3,0,16,0.0
32768,AlwaysDecrease20,303,risk_shift,0,0,4,0,16,0.0
32768,AlwaysDecrease20,303,risk_shift,0,1,0,145,465,0.3118279569892473
32768,AlwaysDecrease20,303,risk_shift,0,1,1,0,465,0.0
32768,AlwaysDecrease20,303,risk_shift,0,1,2,320,465,0.6881720430107527
32768,AlwaysDecrease20,303,risk_shift,0,1,3,0,465,0.0
32768,AlwaysDecrease20,303,risk_shift,0,1,4,0,465,0.0
32768,AlwaysDecrease20,303,risk_shift,0,2,0,25,39,0.6410256410256411
32768,AlwaysDecrease20,303,risk_shift,0,2,1,0,39,0.0
32768,AlwaysDecrease20,303,risk_shift,0,2,2,14,39,0.358974358974359
32768,AlwaysDecrease20,303,risk_shift,0,2,3,0,39,0.0
32768,AlwaysDecrease20,303,risk_shift,0,2,4,0,39,0.0
32768,AlwaysDecrease20,303,risk_shift,1,0,0,126,126,1.0
32768,AlwaysDecrease20,303,risk_shift,1,0,1,0,126,0.0
32768,AlwaysDecrease20,303,risk_shift,1,0,2,0,126,0.0
32768,AlwaysDecrease20,303,risk_shift,1,0,3,0,126,0.0
32768,AlwaysDecrease20,303,risk_shift,1,0,4,0,126,0.0
32768,AlwaysDecrease20,303,risk_shift,1,1,0,274,417,0.657074340527578
32768,AlwaysDecrease20,303,risk_shift,1,1,1,0,417,0.0
32768,AlwaysDecrease20,303,risk_shift,1,1,2,143,417,0.34292565947242204
32768,AlwaysDecrease20,303,risk_shift,1,1,3,0,417,0.0
32768,AlwaysDecrease20,303,risk_shift,1,1,4,0,417,0.0
32768,AlwaysDecrease20,303,risk_shift,1,2,0,118,131,0.9007633587786259
32768,AlwaysDecrease20,303,risk_shift,1,2,1,0,131,0.0
32768,AlwaysDecrease20,303,risk_shift,1,2,2,13,131,0.09923664122137404
32768,AlwaysDecrease20,303,risk_shift,1,2,3,0,131,0.0
32768,AlwaysDecrease20,303,risk_shift,1,2,4,0,131,0.0
32768,AlwaysDecrease20,303,risk_shift,2,0,0,58,58,1.0
32768,AlwaysDecrease20,303,risk_shift,2,0,1,0,58,0.0
32768,AlwaysDecrease20,303,risk_shift,2,0,2,0,58,0.0
32768,AlwaysDecrease20,303,risk_shift,2,0,3,0,58,0.0
32768,AlwaysDecrease20,303,risk_shift,2,0,4,0,58,0.0
32768,AlwaysDecrease20,303,risk_shift,2,1,0,176,189,0.9312169312169312
32768,AlwaysDecrease20,303,risk_shift,2,1,1,0,189,0.0
32768,AlwaysDecrease20,303,risk_shift,2,1,2,13,189,0.06878306878306878
32768,AlwaysDecrease20,303,risk_shift,2,1,3,0,189,0.0
32768,AlwaysDecrease20,303,risk_shift,2,1,4,0,189,0.0
32768,AlwaysDecrease20,303,risk_shift,2,2,0,215,226,0.9513274336283186
32768,AlwaysDecrease20,303,risk_shift,2,2,1,0,226,0.0
32768,AlwaysDecrease20,303,risk_shift,2,2,2,11,226,0.048672566371681415
32768,AlwaysDecrease20,303,risk_shift,2,2,3,0,226,0.0
32768,AlwaysDecrease20,303,risk_shift,2,2,4,0,226,0.0
32768,AlwaysDecrease20,404,risk_shift,0,0,0,16,16,1.0
32768,AlwaysDecrease20,404,risk_shift,0,0,1,0,16,0.0
32768,AlwaysDecrease20,404,risk_shift,0,0,2,0,16,0.0
32768,AlwaysDecrease20,404,risk_shift,0,0,3,0,16,0.0
32768,AlwaysDecrease20,404,risk_shift,0,0,4,0,16,0.0
32768,AlwaysDecrease20,404,risk_shift,0,1,0,145,465,0.3118279569892473
32768,AlwaysDecrease20,404,risk_shift,0,1,1,0,465,0.0
32768,AlwaysDecrease20,404,risk_shift,0,1,2,320,465,0.6881720430107527
32768,AlwaysDecrease20,404,risk_shift,0,1,3,0,465,0.0
32768,AlwaysDecrease20,404,risk_shift,0,1,4,0,465,0.0
32768,AlwaysDecrease20,404,risk_shift,0,2,0,25,39,0.6410256410256411
32768,AlwaysDecrease20,404,risk_shift,0,2,1,0,39,0.0
32768,AlwaysDecrease20,404,risk_shift,0,2,2,14,39,0.358974358974359
32768,AlwaysDecrease20,404,risk_shift,0,2,3,0,39,0.0
32768,AlwaysDecrease20,404,risk_shift,0,2,4,0,39,0.0
32768,AlwaysDecrease20,404,risk_shift,1,0,0,126,126,1.0
32768,AlwaysDecrease20,404,risk_shift,1,0,1,0,126,0.0
32768,AlwaysDecrease20,404,risk_shift,1,0,2,0,126,0.0
32768,AlwaysDecrease20,404,risk_shift,1,0,3,0,126,0.0
32768,AlwaysDecrease20,404,risk_shift,1,0,4,0,126,0.0
32768,AlwaysDecrease20,404,risk_shift,1,1,0,274,417,0.657074340527578
32768,AlwaysDecrease20,404,risk_shift,1,1,1,0,417,0.0
32768,AlwaysDecrease20,404,risk_shift,1,1,2,143,417,0.34292565947242204
32768,AlwaysDecrease20,404,risk_shift,1,1,3,0,417,0.0
32768,AlwaysDecrease20,404,risk_shift,1,1,4,0,417,0.0
32768,AlwaysDecrease20,404,risk_shift,1,2,0,118,131,0.9007633587786259
32768,AlwaysDecrease20,404,risk_shift,1,2,1,0,131,0.0
32768,AlwaysDecrease20,404,risk_shift,1,2,2,13,131,0.09923664122137404
32768,AlwaysDecrease20,404,risk_shift,1,2,3,0,131,0.0
32768,AlwaysDecrease20,404,risk_shift,1,2,4,0,131,0.0
32768,AlwaysDecrease20,404,risk_shift,2,0,0,58,58,1.0
32768,AlwaysDecrease20,404,risk_shift,2,0,1,0,58,0.0
32768,AlwaysDecrease20,404,risk_shift,2,0,2,0,58,0.0
32768,AlwaysDecrease20,404,risk_shift,2,0,3,0,58,0.0
32768,AlwaysDecrease20,404,risk_shift,2,0,4,0,58,0.0
32768,AlwaysDecrease20,404,risk_shift,2,1,0,176,189,0.9312169312169312
32768,AlwaysDecrease20,404,risk_shift,2,1,1,0,189,0.0
32768,AlwaysDecrease20,404,risk_shift,2,1,2,13,189,0.06878306878306878
32768,AlwaysDecrease20,404,risk_shift,2,1,3,0,189,0.0
32768,AlwaysDecrease20,404,risk_shift,2,1,4,0,189,0.0
32768,AlwaysDecrease20,404,risk_shift,2,2,0,215,226,0.9513274336283186
32768,AlwaysDecrease20,404,risk_shift,2,2,1,0,226,0.0
32768,AlwaysDecrease20,404,risk_shift,2,2,2,11,226,0.048672566371681415
32768,AlwaysDecrease20,404,risk_shift,2,2,3,0,226,0.0
32768,AlwaysDecrease20,404,risk_shift,2,2,4,0,226,0.0
32768,AlwaysDecrease20,505,risk_shift,0,0,0,16,16,1.0
32768,AlwaysDecrease20,505,risk_shift,0,0,1,0,16,0.0
32768,AlwaysDecrease20,505,risk_shift,0,0,2,0,16,0.0
32768,AlwaysDecrease20,505,risk_shift,0,0,3,0,16,0.0
32768,AlwaysDecrease20,505,risk_shift,0,0,4,0,16,0.0
32768,AlwaysDecrease20,505,risk_shift,0,1,0,145,465,0.3118279569892473
32768,AlwaysDecrease20,505,risk_shift,0,1,1,0,465,0.0
32768,AlwaysDecrease20,505,risk_shift,0,1,2,320,465,0.6881720430107527
32768,AlwaysDecrease20,505,risk_shift,0,1,3,0,465,0.0
32768,AlwaysDecrease20,505,risk_shift,0,1,4,0,465,0.0
32768,AlwaysDecrease20,505,risk_shift,0,2,0,25,39,0.6410256410256411
32768,AlwaysDecrease20,505,risk_shift,0,2,1,0,39,0.0
32768,AlwaysDecrease20,505,risk_shift,0,2,2,14,39,0.358974358974359
32768,AlwaysDecrease20,505,risk_shift,0,2,3,0,39,0.0
32768,AlwaysDecrease20,505,risk_shift,0,2,4,0,39,0.0
32768,AlwaysDecrease20,505,risk_shift,1,0,0,126,126,1.0
32768,AlwaysDecrease20,505,risk_shift,1,0,1,0,126,0.0
32768,AlwaysDecrease20,505,risk_shift,1,0,2,0,126,0.0
32768,AlwaysDecrease20,505,risk_shift,1,0,3,0,126,0.0
32768,AlwaysDecrease20,505,risk_shift,1,0,4,0,126,0.0
32768,AlwaysDecrease20,505,risk_shift,1,1,0,274,417,0.657074340527578
32768,AlwaysDecrease20,505,risk_shift,1,1,1,0,417,0.0
32768,AlwaysDecrease20,505,risk_shift,1,1,2,143,417,0.34292565947242204
32768,AlwaysDecrease20,505,risk_shift,1,1,3,0,417,0.0
32768,AlwaysDecrease20,505,risk_shift,1,1,4,0,417,0.0
32768,AlwaysDecrease20,505,risk_shift,1,2,0,118,131,0.9007633587786259
32768,AlwaysDecrease20,505,risk_shift,1,2,1,0,131,0.0
32768,AlwaysDecrease20,505,risk_shift,1,2,2,13,131,0.09923664122137404
32768,AlwaysDecrease20,505,risk_shift,1,2,3,0,131,0.0
32768,AlwaysDecrease20,505,risk_shift,1,2,4,0,131,0.0
32768,AlwaysDecrease20,505,risk_shift,2,0,0,58,58,1.0
32768,AlwaysDecrease20,505,risk_shift,2,0,1,0,58,0.0
32768,AlwaysDecrease20,505,risk_shift,2,0,2,0,58,0.0
32768,AlwaysDecrease20,505,risk_shift,2,0,3,0,58,0.0
32768,AlwaysDecrease20,505,risk_shift,2,0,4,0,58,0.0
32768,AlwaysDecrease20,505,risk_shift,2,1,0,176,189,0.9312169312169312
32768,AlwaysDecrease20,505,risk_shift,2,1,1,0,189,0.0
32768,AlwaysDecrease20,505,risk_shift,2,1,2,13,189,0.06878306878306878
32768,AlwaysDecrease20,505,risk_shift,2,1,3,0,189,0.0
32768,AlwaysDecrease20,505,risk_shift,2,1,4,0,189,0.0
32768,AlwaysDecrease20,505,risk_shift,2,2,0,215,226,0.9513274336283186
32768,AlwaysDecrease20,505,risk_shift,2,2,1,0,226,0.0
32768,AlwaysDecrease20,505,risk_shift,2,2,2,11,226,0.048672566371681415
32768,AlwaysDecrease20,505,risk_shift,2,2,3,0,226,0.0
32768,AlwaysDecrease20,505,risk_shift,2,2,4,0,226,0.0
32768,BCInitPPO,101,risk_shift,0,0,0,16,19,0.8421052631578947
32768,BCInitPPO,101,risk_shift,0,0,1,0,19,0.0
32768,BCInitPPO,101,risk_shift,0,0,2,0,19,0.0
32768,BCInitPPO,101,risk_shift,0,0,3,0,19,0.0
32768,BCInitPPO,101,risk_shift,0,0,4,3,19,0.15789473684210525
32768,BCInitPPO,101,risk_shift,0,1,0,151,528,0.2859848484848485
32768,BCInitPPO,101,risk_shift,0,1,1,159,528,0.30113636363636365
32768,BCInitPPO,101,risk_shift,0,1,2,73,528,0.13825757575757575
32768,BCInitPPO,101,risk_shift,0,1,3,1,528,0.001893939393939394
32768,BCInitPPO,101,risk_shift,0,1,4,144,528,0.2727272727272727
32768,BCInitPPO,101,risk_shift,0,2,0,2,11,0.18181818181818182
32768,BCInitPPO,101,risk_shift,0,2,1,4,11,0.36363636363636365
32768,BCInitPPO,101,risk_shift,0,2,2,5,11,0.45454545454545453
32768,BCInitPPO,101,risk_shift,0,2,3,0,11,0.0
32768,BCInitPPO,101,risk_shift,0,2,4,0,11,0.0
32768,BCInitPPO,101,risk_shift,1,0,0,126,126,1.0
32768,BCInitPPO,101,risk_shift,1,0,1,0,126,0.0
32768,BCInitPPO,101,risk_shift,1,0,2,0,126,0.0
32768,BCInitPPO,101,risk_shift,1,0,3,0,126,0.0
32768,BCInitPPO,101,risk_shift,1,0,4,0,126,0.0
32768,BCInitPPO,101,risk_shift,1,1,0,380,590,0.6440677966101694
32768,BCInitPPO,101,risk_shift,1,1,1,38,590,0.06440677966101695
32768,BCInitPPO,101,risk_shift,1,1,2,156,590,0.26440677966101694
32768,BCInitPPO,101,risk_shift,1,1,3,2,590,0.003389830508474576
32768,BCInitPPO,101,risk_shift,1,1,4,14,590,0.023728813559322035
32768,BCInitPPO,101,risk_shift,1,2,0,37,168,0.22023809523809523
32768,BCInitPPO,101,risk_shift,1,2,1,46,168,0.27380952380952384
32768,BCInitPPO,101,risk_shift,1,2,2,80,168,0.47619047619047616
32768,BCInitPPO,101,risk_shift,1,2,3,0,168,0.0
32768,BCInitPPO,101,risk_shift,1,2,4,5,168,0.02976190476190476
32768,BCInitPPO,101,risk_shift,2,0,0,58,58,1.0
32768,BCInitPPO,101,risk_shift,2,0,1,0,58,0.0
32768,BCInitPPO,101,risk_shift,2,0,2,0,58,0.0
32768,BCInitPPO,101,risk_shift,2,0,3,0,58,0.0
32768,BCInitPPO,101,risk_shift,2,0,4,0,58,0.0
32768,BCInitPPO,101,risk_shift,2,1,0,181,224,0.8080357142857143
32768,BCInitPPO,101,risk_shift,2,1,1,15,224,0.06696428571428571
32768,BCInitPPO,101,risk_shift,2,1,2,28,224,0.125
32768,BCInitPPO,101,risk_shift,2,1,3,0,224,0.0
32768,BCInitPPO,101,risk_shift,2,1,4,0,224,0.0
32768,BCInitPPO,101,risk_shift,2,2,0,24,267,0.0898876404494382
32768,BCInitPPO,101,risk_shift,2,2,1,112,267,0.41947565543071164
32768,BCInitPPO,101,risk_shift,2,2,2,129,267,0.48314606741573035
32768,BCInitPPO,101,risk_shift,2,2,3,0,267,0.0
32768,BCInitPPO,101,risk_shift,2,2,4,2,267,0.00749063670411985
32768,BCInitPPO,202,risk_shift,0,0,0,15,42,0.35714285714285715
32768,BCInitPPO,202,risk_shift,0,0,1,0,42,0.0
32768,BCInitPPO,202,risk_shift,0,0,2,3,42,0.07142857142857142
32768,BCInitPPO,202,risk_shift,0,0,3,14,42,0.3333333333333333
32768,BCInitPPO,202,risk_shift,0,0,4,10,42,0.23809523809523808
32768,BCInitPPO,202,risk_shift,0,1,0,182,505,0.3603960396039604
32768,BCInitPPO,202,risk_shift,0,1,1,135,505,0.26732673267326734
32768,BCInitPPO,202,risk_shift,0,1,2,66,505,0.1306930693069307
32768,BCInitPPO,202,risk_shift,0,1,3,21,505,0.041584158415841586
32768,BCInitPPO,202,risk_shift,0,1,4,101,505,0.2
32768,BCInitPPO,202,risk_shift,0,2,0,2,7,0.2857142857142857
32768,BCInitPPO,202,risk_shift,0,2,1,3,7,0.42857142857142855
32768,BCInitPPO,202,risk_shift,0,2,2,0,7,0.0
32768,BCInitPPO,202,risk_shift,0,2,3,1,7,0.14285714285714285
32768,BCInitPPO,202,risk_shift,0,2,4,1,7,0.14285714285714285
32768,BCInitPPO,202,risk_shift,1,0,0,126,127,0.9921259842519685
32768,BCInitPPO,202,risk_shift,1,0,1,0,127,0.0
32768,BCInitPPO,202,risk_shift,1,0,2,0,127,0.0
32768,BCInitPPO,202,risk_shift,1,0,3,0,127,0.0
32768,BCInitPPO,202,risk_shift,1,0,4,1,127,0.007874015748031496
32768,BCInitPPO,202,risk_shift,1,1,0,374,560,0.6678571428571428
32768,BCInitPPO,202,risk_shift,1,1,1,19,560,0.033928571428571426
32768,BCInitPPO,202,risk_shift,1,1,2,140,560,0.25
32768,BCInitPPO,202,risk_shift,1,1,3,3,560,0.005357142857142857
32768,BCInitPPO,202,risk_shift,1,1,4,24,560,0.04285714285714286
32768,BCInitPPO,202,risk_shift,1,2,0,57,193,0.29533678756476683
32768,BCInitPPO,202,risk_shift,1,2,1,73,193,0.37823834196891193
32768,BCInitPPO,202,risk_shift,1,2,2,42,193,0.21761658031088082
32768,BCInitPPO,202,risk_shift,1,2,3,13,193,0.06735751295336788
32768,BCInitPPO,202,risk_shift,1,2,4,8,193,0.04145077720207254
32768,BCInitPPO,202,risk_shift,2,0,0,58,58,1.0
32768,BCInitPPO,202,risk_shift,2,0,1,0,58,0.0
32768,BCInitPPO,202,risk_shift,2,0,2,0,58,0.0
32768,BCInitPPO,202,risk_shift,2,0,3,0,58,0.0
32768,BCInitPPO,202,risk_shift,2,0,4,0,58,0.0
32768,BCInitPPO,202,risk_shift,2,1,0,181,226,0.8008849557522124
32768,BCInitPPO,202,risk_shift,2,1,1,13,226,0.05752212389380531
32768,BCInitPPO,202,risk_shift,2,1,2,30,226,0.13274336283185842
32768,BCInitPPO,202,risk_shift,2,1,3,0,226,0.0
32768,BCInitPPO,202,risk_shift,2,1,4,2,226,0.008849557522123894
32768,BCInitPPO,202,risk_shift,2,2,0,26,281,0.09252669039145907
32768,BCInitPPO,202,risk_shift,2,2,1,161,281,0.5729537366548043
32768,BCInitPPO,202,risk_shift,2,2,2,72,281,0.25622775800711745
32768,BCInitPPO,202,risk_shift,2,2,3,19,281,0.06761565836298933
32768,BCInitPPO,202,risk_shift,2,2,4,3,281,0.010676156583629894
32768,BCInitPPO,303,risk_shift,0,0,0,16,16,1.0
32768,BCInitPPO,303,risk_shift,0,0,1,0,16,0.0
32768,BCInitPPO,303,risk_shift,0,0,2,0,16,0.0
32768,BCInitPPO,303,risk_shift,0,0,3,0,16,0.0
32768,BCInitPPO,303,risk_shift,0,0,4,0,16,0.0
32768,BCInitPPO,303,risk_shift,0,1,0,254,527,0.4819734345351044
32768,BCInitPPO,303,risk_shift,0,1,1,8,527,0.015180265654648957
32768,BCInitPPO,303,risk_shift,0,1,2,265,527,0.5028462998102466
32768,BCInitPPO,303,risk_shift,0,1,3,0,527,0.0
32768,BCInitPPO,303,risk_shift,0,1,4,0,527,0.0
32768,BCInitPPO,303,risk_shift,0,2,0,6,11,0.5454545454545454
32768,BCInitPPO,303,risk_shift,0,2,1,1,11,0.09090909090909091
32768,BCInitPPO,303,risk_shift,0,2,2,3,11,0.2727272727272727
32768,BCInitPPO,303,risk_shift,0,2,3,0,11,0.0
32768,BCInitPPO,303,risk_shift,0,2,4,1,11,0.09090909090909091
32768,BCInitPPO,303,risk_shift,1,0,0,126,126,1.0
32768,BCInitPPO,303,risk_shift,1,0,1,0,126,0.0
32768,BCInitPPO,303,risk_shift,1,0,2,0,126,0.0
32768,BCInitPPO,303,risk_shift,1,0,3,0,126,0.0
32768,BCInitPPO,303,risk_shift,1,0,4,0,126,0.0
32768,BCInitPPO,303,risk_shift,1,1,0,368,593,0.6205733558178752
32768,BCInitPPO,303,risk_shift,1,1,1,16,593,0.026981450252951095
32768,BCInitPPO,303,risk_shift,1,1,2,190,593,0.32040472175379425
32768,BCInitPPO,303,risk_shift,1,1,3,0,593,0.0
32768,BCInitPPO,303,risk_shift,1,1,4,19,593,0.03204047217537943
32768,BCInitPPO,303,risk_shift,1,2,0,51,182,0.2802197802197802
32768,BCInitPPO,303,risk_shift,1,2,1,83,182,0.45604395604395603
32768,BCInitPPO,303,risk_shift,1,2,2,26,182,0.14285714285714285
32768,BCInitPPO,303,risk_shift,1,2,3,0,182,0.0
32768,BCInitPPO,303,risk_shift,1,2,4,22,182,0.12087912087912088
32768,BCInitPPO,303,risk_shift,2,0,0,58,58,1.0
32768,BCInitPPO,303,risk_shift,2,0,1,0,58,0.0
32768,BCInitPPO,303,risk_shift,2,0,2,0,58,0.0
32768,BCInitPPO,303,risk_shift,2,0,3,0,58,0.0
32768,BCInitPPO,303,risk_shift,2,0,4,0,58,0.0
32768,BCInitPPO,303,risk_shift,2,1,0,171,249,0.6867469879518072
32768,BCInitPPO,303,risk_shift,2,1,1,23,249,0.09236947791164658
32768,BCInitPPO,303,risk_shift,2,1,2,55,249,0.22088353413654618
32768,BCInitPPO,303,risk_shift,2,1,3,0,249,0.0
32768,BCInitPPO,303,risk_shift,2,1,4,0,249,0.0
32768,BCInitPPO,303,risk_shift,2,2,0,17,268,0.06343283582089553
32768,BCInitPPO,303,risk_shift,2,2,1,124,268,0.4626865671641791
32768,BCInitPPO,303,risk_shift,2,2,2,124,268,0.4626865671641791
32768,BCInitPPO,303,risk_shift,2,2,3,0,268,0.0
32768,BCInitPPO,303,risk_shift,2,2,4,3,268,0.011194029850746268
32768,BCInitPPO,404,risk_shift,0,0,0,16,16,1.0
32768,BCInitPPO,404,risk_shift,0,0,1,0,16,0.0
32768,BCInitPPO,404,risk_shift,0,0,2,0,16,0.0
32768,BCInitPPO,404,risk_shift,0,0,3,0,16,0.0
32768,BCInitPPO,404,risk_shift,0,0,4,0,16,0.0
32768,BCInitPPO,404,risk_shift,0,1,0,213,535,0.3981308411214953
32768,BCInitPPO,404,risk_shift,0,1,1,115,535,0.21495327102803738
32768,BCInitPPO,404,risk_shift,0,1,2,116,535,0.21682242990654205
32768,BCInitPPO,404,risk_shift,0,1,3,15,535,0.028037383177570093
32768,BCInitPPO,404,risk_shift,0,1,4,76,535,0.14205607476635515
32768,BCInitPPO,404,risk_shift,0,2,0,5,13,0.38461538461538464
32768,BCInitPPO,404,risk_shift,0,2,1,2,13,0.15384615384615385
32768,BCInitPPO,404,risk_shift,0,2,2,3,13,0.23076923076923078
32768,BCInitPPO,404,risk_shift,0,2,3,0,13,0.0
32768,BCInitPPO,404,risk_shift,0,2,4,3,13,0.23076923076923078
32768,BCInitPPO,404,risk_shift,1,0,0,126,126,1.0
32768,BCInitPPO,404,risk_shift,1,0,1,0,126,0.0
32768,BCInitPPO,404,risk_shift,1,0,2,0,126,0.0
32768,BCInitPPO,404,risk_shift,1,0,3,0,126,0.0
32768,BCInitPPO,404,risk_shift,1,0,4,0,126,0.0
32768,BCInitPPO,404,risk_shift,1,1,0,344,536,0.6417910447761194
32768,BCInitPPO,404,risk_shift,1,1,1,18,536,0.033582089552238806
32768,BCInitPPO,404,risk_shift,1,1,2,149,536,0.27798507462686567
32768,BCInitPPO,404,risk_shift,1,1,3,11,536,0.020522388059701493
32768,BCInitPPO,404,risk_shift,1,1,4,14,536,0.026119402985074626
32768,BCInitPPO,404,risk_shift,1,2,0,65,174,0.3735632183908046
32768,BCInitPPO,404,risk_shift,1,2,1,56,174,0.3218390804597701
32768,BCInitPPO,404,risk_shift,1,2,2,32,174,0.1839080459770115
32768,BCInitPPO,404,risk_shift,1,2,3,5,174,0.028735632183908046
32768,BCInitPPO,404,risk_shift,1,2,4,16,174,0.09195402298850575
32768,BCInitPPO,404,risk_shift,2,0,0,58,58,1.0
32768,BCInitPPO,404,risk_shift,2,0,1,0,58,0.0
32768,BCInitPPO,404,risk_shift,2,0,2,0,58,0.0
32768,BCInitPPO,404,risk_shift,2,0,3,0,58,0.0
32768,BCInitPPO,404,risk_shift,2,0,4,0,58,0.0
32768,BCInitPPO,404,risk_shift,2,1,0,176,202,0.8712871287128713
32768,BCInitPPO,404,risk_shift,2,1,1,2,202,0.009900990099009901
32768,BCInitPPO,404,risk_shift,2,1,2,24,202,0.1188118811881188
32768,BCInitPPO,404,risk_shift,2,1,3,0,202,0.0
32768,BCInitPPO,404,risk_shift,2,1,4,0,202,0.0
32768,BCInitPPO,404,risk_shift,2,2,0,111,257,0.43190661478599224
32768,BCInitPPO,404,risk_shift,2,2,1,60,257,0.23346303501945526
32768,BCInitPPO,404,risk_shift,2,2,2,71,257,0.27626459143968873
32768,BCInitPPO,404,risk_shift,2,2,3,10,257,0.038910505836575876
32768,BCInitPPO,404,risk_shift,2,2,4,5,257,0.019455252918287938
32768,BCInitPPO,505,risk_shift,0,0,0,18,51,0.35294117647058826
32768,BCInitPPO,505,risk_shift,0,0,1,0,51,0.0
32768,BCInitPPO,505,risk_shift,0,0,2,0,51,0.0
32768,BCInitPPO,505,risk_shift,0,0,3,8,51,0.1568627450980392
32768,BCInitPPO,505,risk_shift,0,0,4,25,51,0.49019607843137253
32768,BCInitPPO,505,risk_shift,0,1,0,183,489,0.37423312883435583
32768,BCInitPPO,505,risk_shift,0,1,1,72,489,0.147239263803681
32768,BCInitPPO,505,risk_shift,0,1,2,57,489,0.1165644171779141
32768,BCInitPPO,505,risk_shift,0,1,3,0,489,0.0
32768,BCInitPPO,505,risk_shift,0,1,4,177,489,0.3619631901840491
32768,BCInitPPO,505,risk_shift,0,2,0,12,18,0.6666666666666666
32768,BCInitPPO,505,risk_shift,0,2,1,1,18,0.05555555555555555
32768,BCInitPPO,505,risk_shift,0,2,2,2,18,0.1111111111111111
32768,BCInitPPO,505,risk_shift,0,2,3,0,18,0.0
32768,BCInitPPO,505,risk_shift,0,2,4,3,18,0.16666666666666666
32768,BCInitPPO,505,risk_shift,1,0,0,126,126,1.0
32768,BCInitPPO,505,risk_shift,1,0,1,0,126,0.0
32768,BCInitPPO,505,risk_shift,1,0,2,0,126,0.0
32768,BCInitPPO,505,risk_shift,1,0,3,0,126,0.0
32768,BCInitPPO,505,risk_shift,1,0,4,0,126,0.0
32768,BCInitPPO,505,risk_shift,1,1,0,359,506,0.7094861660079052
32768,BCInitPPO,505,risk_shift,1,1,1,8,506,0.015810276679841896
32768,BCInitPPO,505,risk_shift,1,1,2,106,506,0.20948616600790515
32768,BCInitPPO,505,risk_shift,1,1,3,4,506,0.007905138339920948
32768,BCInitPPO,505,risk_shift,1,1,4,29,506,0.05731225296442688
32768,BCInitPPO,505,risk_shift,1,2,0,85,183,0.4644808743169399
32768,BCInitPPO,505,risk_shift,1,2,1,45,183,0.2459016393442623
32768,BCInitPPO,505,risk_shift,1,2,2,15,183,0.08196721311475409
32768,BCInitPPO,505,risk_shift,1,2,3,2,183,0.01092896174863388
32768,BCInitPPO,505,risk_shift,1,2,4,36,183,0.19672131147540983
32768,BCInitPPO,505,risk_shift,2,0,0,58,58,1.0
32768,BCInitPPO,505,risk_shift,2,0,1,0,58,0.0
32768,BCInitPPO,505,risk_shift,2,0,2,0,58,0.0
32768,BCInitPPO,505,risk_shift,2,0,3,0,58,0.0
32768,BCInitPPO,505,risk_shift,2,0,4,0,58,0.0
32768,BCInitPPO,505,risk_shift,2,1,0,179,204,0.8774509803921569
32768,BCInitPPO,505,risk_shift,2,1,1,5,204,0.024509803921568627
32768,BCInitPPO,505,risk_shift,2,1,2,20,204,0.09803921568627451
32768,BCInitPPO,505,risk_shift,2,1,3,0,204,0.0
32768,BCInitPPO,505,risk_shift,2,1,4,0,204,0.0
32768,BCInitPPO,505,risk_shift,2,2,0,110,231,0.47619047619047616
32768,BCInitPPO,505,risk_shift,2,2,1,72,231,0.3116883116883117
32768,BCInitPPO,505,risk_shift,2,2,2,38,231,0.1645021645021645
32768,BCInitPPO,505,risk_shift,2,2,3,2,231,0.008658008658008658
32768,BCInitPPO,505,risk_shift,2,2,4,9,231,0.03896103896103896
32768,BCRegularizedPPO,101,risk_shift,0,0,0,16,34,0.47058823529411764
32768,BCRegularizedPPO,101,risk_shift,0,0,1,0,34,0.0
32768,BCRegularizedPPO,101,risk_shift,0,0,2,0,34,0.0
32768,BCRegularizedPPO,101,risk_shift,0,0,3,16,34,0.47058823529411764
32768,BCRegularizedPPO,101,risk_shift,0,0,4,2,34,0.058823529411764705
32768,BCRegularizedPPO,101,risk_shift,0,1,0,191,511,0.37377690802348335
32768,BCRegularizedPPO,101,risk_shift,0,1,1,134,511,0.2622309197651663
32768,BCRegularizedPPO,101,risk_shift,0,1,2,131,511,0.2563600782778865
32768,BCRegularizedPPO,101,risk_shift,0,1,3,39,511,0.07632093933463796
32768,BCRegularizedPPO,101,risk_shift,0,1,4,16,511,0.03131115459882583
32768,BCRegularizedPPO,101,risk_shift,0,2,0,11,17,0.6470588235294118
32768,BCRegularizedPPO,101,risk_shift,0,2,1,2,17,0.11764705882352941
32768,BCRegularizedPPO,101,risk_shift,0,2,2,3,17,0.17647058823529413
32768,BCRegularizedPPO,101,risk_shift,0,2,3,0,17,0.0
32768,BCRegularizedPPO,101,risk_shift,0,2,4,1,17,0.058823529411764705
32768,BCRegularizedPPO,101,risk_shift,1,0,0,126,126,1.0
32768,BCRegularizedPPO,101,risk_shift,1,0,1,0,126,0.0
32768,BCRegularizedPPO,101,risk_shift,1,0,2,0,126,0.0
32768,BCRegularizedPPO,101,risk_shift,1,0,3,0,126,0.0
32768,BCRegularizedPPO,101,risk_shift,1,0,4,0,126,0.0
32768,BCRegularizedPPO,101,risk_shift,1,1,0,389,550,0.7072727272727273
32768,BCRegularizedPPO,101,risk_shift,1,1,1,10,550,0.01818181818181818
32768,BCRegularizedPPO,101,risk_shift,1,1,2,114,550,0.20727272727272728
32768,BCRegularizedPPO,101,risk_shift,1,1,3,21,550,0.038181818181818185
32768,BCRegularizedPPO,101,risk_shift,1,1,4,16,550,0.02909090909090909
32768,BCRegularizedPPO,101,risk_shift,1,2,0,85,205,0.4146341463414634
32768,BCRegularizedPPO,101,risk_shift,1,2,1,76,205,0.37073170731707317
32768,BCRegularizedPPO,101,risk_shift,1,2,2,19,205,0.09268292682926829
32768,BCRegularizedPPO,101,risk_shift,1,2,3,1,205,0.004878048780487805
32768,BCRegularizedPPO,101,risk_shift,1,2,4,24,205,0.11707317073170732
32768,BCRegularizedPPO,101,risk_shift,2,0,0,58,58,1.0
32768,BCRegularizedPPO,101,risk_shift,2,0,1,0,58,0.0
32768,BCRegularizedPPO,101,risk_shift,2,0,2,0,58,0.0
32768,BCRegularizedPPO,101,risk_shift,2,0,3,0,58,0.0
32768,BCRegularizedPPO,101,risk_shift,2,0,4,0,58,0.0
32768,BCRegularizedPPO,101,risk_shift,2,1,0,177,210,0.8428571428571429
32768,BCRegularizedPPO,101,risk_shift,2,1,1,2,210,0.009523809523809525
32768,BCRegularizedPPO,101,risk_shift,2,1,2,26,210,0.12380952380952381
32768,BCRegularizedPPO,101,risk_shift,2,1,3,0,210,0.0
32768,BCRegularizedPPO,101,risk_shift,2,1,4,5,210,0.023809523809523808
32768,BCRegularizedPPO,101,risk_shift,2,2,0,96,255,0.3764705882352941
32768,BCRegularizedPPO,101,risk_shift,2,2,1,80,255,0.3137254901960784
32768,BCRegularizedPPO,101,risk_shift,2,2,2,54,255,0.21176470588235294
32768,BCRegularizedPPO,101,risk_shift,2,2,3,1,255,0.00392156862745098
32768,BCRegularizedPPO,101,risk_shift,2,2,4,24,255,0.09411764705882353
32768,BCRegularizedPPO,202,risk_shift,0,0,0,14,45,0.3111111111111111
32768,BCRegularizedPPO,202,risk_shift,0,0,1,0,45,0.0
32768,BCRegularizedPPO,202,risk_shift,0,0,2,0,45,0.0
32768,BCRegularizedPPO,202,risk_shift,0,0,3,5,45,0.1111111111111111
32768,BCRegularizedPPO,202,risk_shift,0,0,4,26,45,0.5777777777777777
32768,BCRegularizedPPO,202,risk_shift,0,1,0,366,508,0.7204724409448819
32768,BCRegularizedPPO,202,risk_shift,0,1,1,54,508,0.1062992125984252
32768,BCRegularizedPPO,202,risk_shift,0,1,2,15,508,0.02952755905511811
32768,BCRegularizedPPO,202,risk_shift,0,1,3,2,508,0.003937007874015748
32768,BCRegularizedPPO,202,risk_shift,0,1,4,71,508,0.13976377952755906
32768,BCRegularizedPPO,202,risk_shift,0,2,0,1,9,0.1111111111111111
32768,BCRegularizedPPO,202,risk_shift,0,2,1,5,9,0.5555555555555556
32768,BCRegularizedPPO,202,risk_shift,0,2,2,2,9,0.2222222222222222
32768,BCRegularizedPPO,202,risk_shift,0,2,3,0,9,0.0
32768,BCRegularizedPPO,202,risk_shift,0,2,4,1,9,0.1111111111111111
32768,BCRegularizedPPO,202,risk_shift,1,0,0,126,127,0.9921259842519685
32768,BCRegularizedPPO,202,risk_shift,1,0,1,0,127,0.0
32768,BCRegularizedPPO,202,risk_shift,1,0,2,0,127,0.0
32768,BCRegularizedPPO,202,risk_shift,1,0,3,0,127,0.0
32768,BCRegularizedPPO,202,risk_shift,1,0,4,1,127,0.007874015748031496
32768,BCRegularizedPPO,202,risk_shift,1,1,0,434,581,0.7469879518072289
32768,BCRegularizedPPO,202,risk_shift,1,1,1,17,581,0.029259896729776247
32768,BCRegularizedPPO,202,risk_shift,1,1,2,89,581,0.153184165232358
32768,BCRegularizedPPO,202,risk_shift,1,1,3,8,581,0.013769363166953529
32768,BCRegularizedPPO,202,risk_shift,1,1,4,33,581,0.05679862306368331
32768,BCRegularizedPPO,202,risk_shift,1,2,0,45,162,0.2777777777777778
32768,BCRegularizedPPO,202,risk_shift,1,2,1,28,162,0.1728395061728395
32768,BCRegularizedPPO,202,risk_shift,1,2,2,59,162,0.36419753086419754
32768,BCRegularizedPPO,202,risk_shift,1,2,3,17,162,0.10493827160493827
32768,BCRegularizedPPO,202,risk_shift,1,2,4,13,162,0.08024691358024691
32768,BCRegularizedPPO,202,risk_shift,2,0,0,58,58,1.0
32768,BCRegularizedPPO,202,risk_shift,2,0,1,0,58,0.0
32768,BCRegularizedPPO,202,risk_shift,2,0,2,0,58,0.0
32768,BCRegularizedPPO,202,risk_shift,2,0,3,0,58,0.0
32768,BCRegularizedPPO,202,risk_shift,2,0,4,0,58,0.0
32768,BCRegularizedPPO,202,risk_shift,2,1,0,179,226,0.7920353982300885
32768,BCRegularizedPPO,202,risk_shift,2,1,1,10,226,0.04424778761061947
32768,BCRegularizedPPO,202,risk_shift,2,1,2,36,226,0.1592920353982301
32768,BCRegularizedPPO,202,risk_shift,2,1,3,0,226,0.0
32768,BCRegularizedPPO,202,risk_shift,2,1,4,1,226,0.004424778761061947
32768,BCRegularizedPPO,202,risk_shift,2,2,0,97,245,0.39591836734693875
32768,BCRegularizedPPO,202,risk_shift,2,2,1,47,245,0.19183673469387755
32768,BCRegularizedPPO,202,risk_shift,2,2,2,81,245,0.3306122448979592
32768,BCRegularizedPPO,202,risk_shift,2,2,3,20,245,0.08163265306122448
32768,BCRegularizedPPO,202,risk_shift,2,2,4,0,245,0.0
32768,BCRegularizedPPO,303,risk_shift,0,0,0,16,16,1.0
32768,BCRegularizedPPO,303,risk_shift,0,0,1,0,16,0.0
32768,BCRegularizedPPO,303,risk_shift,0,0,2,0,16,0.0
32768,BCRegularizedPPO,303,risk_shift,0,0,3,0,16,0.0
32768,BCRegularizedPPO,303,risk_shift,0,0,4,0,16,0.0
32768,BCRegularizedPPO,303,risk_shift,0,1,0,147,530,0.27735849056603773
32768,BCRegularizedPPO,303,risk_shift,0,1,1,204,530,0.3849056603773585
32768,BCRegularizedPPO,303,risk_shift,0,1,2,91,530,0.17169811320754716
32768,BCRegularizedPPO,303,risk_shift,0,1,3,2,530,0.0037735849056603774
32768,BCRegularizedPPO,303,risk_shift,0,1,4,86,530,0.16226415094339622
32768,BCRegularizedPPO,303,risk_shift,0,2,0,3,13,0.23076923076923078
32768,BCRegularizedPPO,303,risk_shift,0,2,1,5,13,0.38461538461538464
32768,BCRegularizedPPO,303,risk_shift,0,2,2,3,13,0.23076923076923078
32768,BCRegularizedPPO,303,risk_shift,0,2,3,0,13,0.0
32768,BCRegularizedPPO,303,risk_shift,0,2,4,2,13,0.15384615384615385
32768,BCRegularizedPPO,303,risk_shift,1,0,0,126,126,1.0
32768,BCRegularizedPPO,303,risk_shift,1,0,1,0,126,0.0
32768,BCRegularizedPPO,303,risk_shift,1,0,2,0,126,0.0
32768,BCRegularizedPPO,303,risk_shift,1,0,3,0,126,0.0
32768,BCRegularizedPPO,303,risk_shift,1,0,4,0,126,0.0
32768,BCRegularizedPPO,303,risk_shift,1,1,0,387,633,0.6113744075829384
32768,BCRegularizedPPO,303,risk_shift,1,1,1,84,633,0.13270142180094788
32768,BCRegularizedPPO,303,risk_shift,1,1,2,144,633,0.22748815165876776
32768,BCRegularizedPPO,303,risk_shift,1,1,3,4,633,0.00631911532385466
32768,BCRegularizedPPO,303,risk_shift,1,1,4,14,633,0.022116903633491312
32768,BCRegularizedPPO,303,risk_shift,1,2,0,33,153,0.21568627450980393
32768,BCRegularizedPPO,303,risk_shift,1,2,1,50,153,0.32679738562091504
32768,BCRegularizedPPO,303,risk_shift,1,2,2,56,153,0.3660130718954248
32768,BCRegularizedPPO,303,risk_shift,1,2,3,1,153,0.006535947712418301
32768,BCRegularizedPPO,303,risk_shift,1,2,4,13,153,0.08496732026143791
32768,BCRegularizedPPO,303,risk_shift,2,0,0,58,58,1.0
32768,BCRegularizedPPO,303,risk_shift,2,0,1,0,58,0.0
32768,BCRegularizedPPO,303,risk_shift,2,0,2,0,58,0.0
32768,BCRegularizedPPO,303,risk_shift,2,0,3,0,58,0.0
32768,BCRegularizedPPO,303,risk_shift,2,0,4,0,58,0.0
32768,BCRegularizedPPO,303,risk_shift,2,1,0,180,248,0.7258064516129032
32768,BCRegularizedPPO,303,risk_shift,2,1,1,17,248,0.06854838709677419
32768,BCRegularizedPPO,303,risk_shift,2,1,2,49,248,0.1975806451612903
32768,BCRegularizedPPO,303,risk_shift,2,1,3,1,248,0.004032258064516129
32768,BCRegularizedPPO,303,risk_shift,2,1,4,1,248,0.004032258064516129
32768,BCRegularizedPPO,303,risk_shift,2,2,0,29,260,0.11153846153846154
32768,BCRegularizedPPO,303,risk_shift,2,2,1,102,260,0.3923076923076923
32768,BCRegularizedPPO,303,risk_shift,2,2,2,122,260,0.46923076923076923
32768,BCRegularizedPPO,303,risk_shift,2,2,3,6,260,0.023076923076923078
32768,BCRegularizedPPO,303,risk_shift,2,2,4,1,260,0.0038461538461538464
32768,BCRegularizedPPO,404,risk_shift,0,0,0,16,28,0.5714285714285714
32768,BCRegularizedPPO,404,risk_shift,0,0,1,0,28,0.0
32768,BCRegularizedPPO,404,risk_shift,0,0,2,0,28,0.0
32768,BCRegularizedPPO,404,risk_shift,0,0,3,0,28,0.0
32768,BCRegularizedPPO,404,risk_shift,0,0,4,12,28,0.42857142857142855
32768,BCRegularizedPPO,404,risk_shift,0,1,0,260,525,0.49523809523809526
32768,BCRegularizedPPO,404,risk_shift,0,1,1,84,525,0.16
32768,BCRegularizedPPO,404,risk_shift,0,1,2,111,525,0.21142857142857144
32768,BCRegularizedPPO,404,risk_shift,0,1,3,3,525,0.005714285714285714
32768,BCRegularizedPPO,404,risk_shift,0,1,4,67,525,0.12761904761904763
32768,BCRegularizedPPO,404,risk_shift,0,2,0,7,20,0.35
32768,BCRegularizedPPO,404,risk_shift,0,2,1,6,20,0.3
32768,BCRegularizedPPO,404,risk_shift,0,2,2,4,20,0.2
32768,BCRegularizedPPO,404,risk_shift,0,2,3,0,20,0.0
32768,BCRegularizedPPO,404,risk_shift,0,2,4,3,20,0.15
32768,BCRegularizedPPO,404,risk_shift,1,0,0,126,126,1.0
32768,BCRegularizedPPO,404,risk_shift,1,0,1,0,126,0.0
32768,BCRegularizedPPO,404,risk_shift,1,0,2,0,126,0.0
32768,BCRegularizedPPO,404,risk_shift,1,0,3,0,126,0.0
32768,BCRegularizedPPO,404,risk_shift,1,0,4,0,126,0.0
32768,BCRegularizedPPO,404,risk_shift,1,1,0,370,529,0.6994328922495274
32768,BCRegularizedPPO,404,risk_shift,1,1,1,4,529,0.007561436672967864
32768,BCRegularizedPPO,404,risk_shift,1,1,2,130,529,0.24574669187145556
32768,BCRegularizedPPO,404,risk_shift,1,1,3,1,529,0.001890359168241966
32768,BCRegularizedPPO,404,risk_shift,1,1,4,24,529,0.045368620037807186
32768,BCRegularizedPPO,404,risk_shift,1,2,0,60,188,0.3191489361702128
32768,BCRegularizedPPO,404,risk_shift,1,2,1,46,188,0.24468085106382978
32768,BCRegularizedPPO,404,risk_shift,1,2,2,56,188,0.2978723404255319
32768,BCRegularizedPPO,404,risk_shift,1,2,3,1,188,0.005319148936170213
32768,BCRegularizedPPO,404,risk_shift,1,2,4,25,188,0.13297872340425532
32768,BCRegularizedPPO,404,risk_shift,2,0,0,58,58,1.0
32768,BCRegularizedPPO,404,risk_shift,2,0,1,0,58,0.0
32768,BCRegularizedPPO,404,risk_shift,2,0,2,0,58,0.0
32768,BCRegularizedPPO,404,risk_shift,2,0,3,0,58,0.0
32768,BCRegularizedPPO,404,risk_shift,2,0,4,0,58,0.0
32768,BCRegularizedPPO,404,risk_shift,2,1,0,177,212,0.8349056603773585
32768,BCRegularizedPPO,404,risk_shift,2,1,1,5,212,0.02358490566037736
32768,BCRegularizedPPO,404,risk_shift,2,1,2,30,212,0.14150943396226415
32768,BCRegularizedPPO,404,risk_shift,2,1,3,0,212,0.0
32768,BCRegularizedPPO,404,risk_shift,2,1,4,0,212,0.0
32768,BCRegularizedPPO,404,risk_shift,2,2,0,71,258,0.2751937984496124
32768,BCRegularizedPPO,404,risk_shift,2,2,1,88,258,0.34108527131782945
32768,BCRegularizedPPO,404,risk_shift,2,2,2,91,258,0.35271317829457366
32768,BCRegularizedPPO,404,risk_shift,2,2,3,4,258,0.015503875968992248
32768,BCRegularizedPPO,404,risk_shift,2,2,4,4,258,0.015503875968992248
32768,BCRegularizedPPO,505,risk_shift,0,0,0,16,22,0.7272727272727273
32768,BCRegularizedPPO,505,risk_shift,0,0,1,0,22,0.0
32768,BCRegularizedPPO,505,risk_shift,0,0,2,0,22,0.0
32768,BCRegularizedPPO,505,risk_shift,0,0,3,0,22,0.0
32768,BCRegularizedPPO,505,risk_shift,0,0,4,6,22,0.2727272727272727
32768,BCRegularizedPPO,505,risk_shift,0,1,0,356,520,0.6846153846153846
32768,BCRegularizedPPO,505,risk_shift,0,1,1,83,520,0.1596153846153846
32768,BCRegularizedPPO,505,risk_shift,0,1,2,58,520,0.11153846153846154
32768,BCRegularizedPPO,505,risk_shift,0,1,3,0,520,0.0
32768,BCRegularizedPPO,505,risk_shift,0,1,4,23,520,0.04423076923076923
32768,BCRegularizedPPO,505,risk_shift,0,2,0,9,20,0.45
32768,BCRegularizedPPO,505,risk_shift,0,2,1,4,20,0.2
32768,BCRegularizedPPO,505,risk_shift,0,2,2,6,20,0.3
32768,BCRegularizedPPO,505,risk_shift,0,2,3,0,20,0.0
32768,BCRegularizedPPO,505,risk_shift,0,2,4,1,20,0.05
32768,BCRegularizedPPO,505,risk_shift,1,0,0,126,126,1.0
32768,BCRegularizedPPO,505,risk_shift,1,0,1,0,126,0.0
32768,BCRegularizedPPO,505,risk_shift,1,0,2,0,126,0.0
32768,BCRegularizedPPO,505,risk_shift,1,0,3,0,126,0.0
32768,BCRegularizedPPO,505,risk_shift,1,0,4,0,126,0.0
32768,BCRegularizedPPO,505,risk_shift,1,1,0,397,544,0.7297794117647058
32768,BCRegularizedPPO,505,risk_shift,1,1,1,13,544,0.02389705882352941
32768,BCRegularizedPPO,505,risk_shift,1,1,2,126,544,0.23161764705882354
32768,BCRegularizedPPO,505,risk_shift,1,1,3,0,544,0.0
32768,BCRegularizedPPO,505,risk_shift,1,1,4,8,544,0.014705882352941176
32768,BCRegularizedPPO,505,risk_shift,1,2,0,63,190,0.33157894736842103
32768,BCRegularizedPPO,505,risk_shift,1,2,1,68,190,0.35789473684210527
32768,BCRegularizedPPO,505,risk_shift,1,2,2,47,190,0.24736842105263157
32768,BCRegularizedPPO,505,risk_shift,1,2,3,9,190,0.04736842105263158
32768,BCRegularizedPPO,505,risk_shift,1,2,4,3,190,0.015789473684210527
32768,BCRegularizedPPO,505,risk_shift,2,0,0,58,58,1.0
32768,BCRegularizedPPO,505,risk_shift,2,0,1,0,58,0.0
32768,BCRegularizedPPO,505,risk_shift,2,0,2,0,58,0.0
32768,BCRegularizedPPO,505,risk_shift,2,0,3,0,58,0.0
32768,BCRegularizedPPO,505,risk_shift,2,0,4,0,58,0.0
32768,BCRegularizedPPO,505,risk_shift,2,1,0,177,204,0.8676470588235294
32768,BCRegularizedPPO,505,risk_shift,2,1,1,2,204,0.00980392156862745
32768,BCRegularizedPPO,505,risk_shift,2,1,2,25,204,0.12254901960784313
32768,BCRegularizedPPO,505,risk_shift,2,1,3,0,204,0.0
32768,BCRegularizedPPO,505,risk_shift,2,1,4,0,204,0.0
32768,BCRegularizedPPO,505,risk_shift,2,2,0,103,243,0.42386831275720166
32768,BCRegularizedPPO,505,risk_shift,2,2,1,54,243,0.2222222222222222
32768,BCRegularizedPPO,505,risk_shift,2,2,2,86,243,0.35390946502057613
32768,BCRegularizedPPO,505,risk_shift,2,2,3,0,243,0.0
32768,BCRegularizedPPO,505,risk_shift,2,2,4,0,243,0.0
32768,CanonicalPPO,101,risk_shift,0,0,0,16,16,1.0
32768,CanonicalPPO,101,risk_shift,0,0,1,0,16,0.0
32768,CanonicalPPO,101,risk_shift,0,0,2,0,16,0.0
32768,CanonicalPPO,101,risk_shift,0,0,3,0,16,0.0
32768,CanonicalPPO,101,risk_shift,0,0,4,0,16,0.0
32768,CanonicalPPO,101,risk_shift,0,1,0,465,465,1.0
32768,CanonicalPPO,101,risk_shift,0,1,1,0,465,0.0
32768,CanonicalPPO,101,risk_shift,0,1,2,0,465,0.0
32768,CanonicalPPO,101,risk_shift,0,1,3,0,465,0.0
32768,CanonicalPPO,101,risk_shift,0,1,4,0,465,0.0
32768,CanonicalPPO,101,risk_shift,0,2,0,39,39,1.0
32768,CanonicalPPO,101,risk_shift,0,2,1,0,39,0.0
32768,CanonicalPPO,101,risk_shift,0,2,2,0,39,0.0
32768,CanonicalPPO,101,risk_shift,0,2,3,0,39,0.0
32768,CanonicalPPO,101,risk_shift,0,2,4,0,39,0.0
32768,CanonicalPPO,101,risk_shift,1,0,0,126,126,1.0
32768,CanonicalPPO,101,risk_shift,1,0,1,0,126,0.0
32768,CanonicalPPO,101,risk_shift,1,0,2,0,126,0.0
32768,CanonicalPPO,101,risk_shift,1,0,3,0,126,0.0
32768,CanonicalPPO,101,risk_shift,1,0,4,0,126,0.0
32768,CanonicalPPO,101,risk_shift,1,1,0,417,417,1.0
32768,CanonicalPPO,101,risk_shift,1,1,1,0,417,0.0
32768,CanonicalPPO,101,risk_shift,1,1,2,0,417,0.0
32768,CanonicalPPO,101,risk_shift,1,1,3,0,417,0.0
32768,CanonicalPPO,101,risk_shift,1,1,4,0,417,0.0
32768,CanonicalPPO,101,risk_shift,1,2,0,131,131,1.0
32768,CanonicalPPO,101,risk_shift,1,2,1,0,131,0.0
32768,CanonicalPPO,101,risk_shift,1,2,2,0,131,0.0
32768,CanonicalPPO,101,risk_shift,1,2,3,0,131,0.0
32768,CanonicalPPO,101,risk_shift,1,2,4,0,131,0.0
32768,CanonicalPPO,101,risk_shift,2,0,0,58,58,1.0
32768,CanonicalPPO,101,risk_shift,2,0,1,0,58,0.0
32768,CanonicalPPO,101,risk_shift,2,0,2,0,58,0.0
32768,CanonicalPPO,101,risk_shift,2,0,3,0,58,0.0
32768,CanonicalPPO,101,risk_shift,2,0,4,0,58,0.0
32768,CanonicalPPO,101,risk_shift,2,1,0,189,189,1.0
32768,CanonicalPPO,101,risk_shift,2,1,1,0,189,0.0
32768,CanonicalPPO,101,risk_shift,2,1,2,0,189,0.0
32768,CanonicalPPO,101,risk_shift,2,1,3,0,189,0.0
32768,CanonicalPPO,101,risk_shift,2,1,4,0,189,0.0
32768,CanonicalPPO,101,risk_shift,2,2,0,226,226,1.0
32768,CanonicalPPO,101,risk_shift,2,2,1,0,226,0.0
32768,CanonicalPPO,101,risk_shift,2,2,2,0,226,0.0
32768,CanonicalPPO,101,risk_shift,2,2,3,0,226,0.0
32768,CanonicalPPO,101,risk_shift,2,2,4,0,226,0.0
32768,CanonicalPPO,202,risk_shift,0,0,0,16,16,1.0
32768,CanonicalPPO,202,risk_shift,0,0,1,0,16,0.0
32768,CanonicalPPO,202,risk_shift,0,0,2,0,16,0.0
32768,CanonicalPPO,202,risk_shift,0,0,3,0,16,0.0
32768,CanonicalPPO,202,risk_shift,0,0,4,0,16,0.0
32768,CanonicalPPO,202,risk_shift,0,1,0,465,465,1.0
32768,CanonicalPPO,202,risk_shift,0,1,1,0,465,0.0
32768,CanonicalPPO,202,risk_shift,0,1,2,0,465,0.0
32768,CanonicalPPO,202,risk_shift,0,1,3,0,465,0.0
32768,CanonicalPPO,202,risk_shift,0,1,4,0,465,0.0
32768,CanonicalPPO,202,risk_shift,0,2,0,39,39,1.0
32768,CanonicalPPO,202,risk_shift,0,2,1,0,39,0.0
32768,CanonicalPPO,202,risk_shift,0,2,2,0,39,0.0
32768,CanonicalPPO,202,risk_shift,0,2,3,0,39,0.0
32768,CanonicalPPO,202,risk_shift,0,2,4,0,39,0.0
32768,CanonicalPPO,202,risk_shift,1,0,0,126,126,1.0
32768,CanonicalPPO,202,risk_shift,1,0,1,0,126,0.0
32768,CanonicalPPO,202,risk_shift,1,0,2,0,126,0.0
32768,CanonicalPPO,202,risk_shift,1,0,3,0,126,0.0
32768,CanonicalPPO,202,risk_shift,1,0,4,0,126,0.0
32768,CanonicalPPO,202,risk_shift,1,1,0,417,417,1.0
32768,CanonicalPPO,202,risk_shift,1,1,1,0,417,0.0
32768,CanonicalPPO,202,risk_shift,1,1,2,0,417,0.0
32768,CanonicalPPO,202,risk_shift,1,1,3,0,417,0.0
32768,CanonicalPPO,202,risk_shift,1,1,4,0,417,0.0
32768,CanonicalPPO,202,risk_shift,1,2,0,131,131,1.0
32768,CanonicalPPO,202,risk_shift,1,2,1,0,131,0.0
32768,CanonicalPPO,202,risk_shift,1,2,2,0,131,0.0
32768,CanonicalPPO,202,risk_shift,1,2,3,0,131,0.0
32768,CanonicalPPO,202,risk_shift,1,2,4,0,131,0.0
32768,CanonicalPPO,202,risk_shift,2,0,0,58,58,1.0
32768,CanonicalPPO,202,risk_shift,2,0,1,0,58,0.0
32768,CanonicalPPO,202,risk_shift,2,0,2,0,58,0.0
32768,CanonicalPPO,202,risk_shift,2,0,3,0,58,0.0
32768,CanonicalPPO,202,risk_shift,2,0,4,0,58,0.0
32768,CanonicalPPO,202,risk_shift,2,1,0,189,189,1.0
32768,CanonicalPPO,202,risk_shift,2,1,1,0,189,0.0
32768,CanonicalPPO,202,risk_shift,2,1,2,0,189,0.0
32768,CanonicalPPO,202,risk_shift,2,1,3,0,189,0.0
32768,CanonicalPPO,202,risk_shift,2,1,4,0,189,0.0
32768,CanonicalPPO,202,risk_shift,2,2,0,226,226,1.0
32768,CanonicalPPO,202,risk_shift,2,2,1,0,226,0.0
32768,CanonicalPPO,202,risk_shift,2,2,2,0,226,0.0
32768,CanonicalPPO,202,risk_shift,2,2,3,0,226,0.0
32768,CanonicalPPO,202,risk_shift,2,2,4,0,226,0.0
32768,CanonicalPPO,303,risk_shift,0,0,0,16,16,1.0
32768,CanonicalPPO,303,risk_shift,0,0,1,0,16,0.0
32768,CanonicalPPO,303,risk_shift,0,0,2,0,16,0.0
32768,CanonicalPPO,303,risk_shift,0,0,3,0,16,0.0
32768,CanonicalPPO,303,risk_shift,0,0,4,0,16,0.0
32768,CanonicalPPO,303,risk_shift,0,1,0,465,465,1.0
32768,CanonicalPPO,303,risk_shift,0,1,1,0,465,0.0
32768,CanonicalPPO,303,risk_shift,0,1,2,0,465,0.0
32768,CanonicalPPO,303,risk_shift,0,1,3,0,465,0.0
32768,CanonicalPPO,303,risk_shift,0,1,4,0,465,0.0
32768,CanonicalPPO,303,risk_shift,0,2,0,39,39,1.0
32768,CanonicalPPO,303,risk_shift,0,2,1,0,39,0.0
32768,CanonicalPPO,303,risk_shift,0,2,2,0,39,0.0
32768,CanonicalPPO,303,risk_shift,0,2,3,0,39,0.0
32768,CanonicalPPO,303,risk_shift,0,2,4,0,39,0.0
32768,CanonicalPPO,303,risk_shift,1,0,0,126,126,1.0
32768,CanonicalPPO,303,risk_shift,1,0,1,0,126,0.0
32768,CanonicalPPO,303,risk_shift,1,0,2,0,126,0.0
32768,CanonicalPPO,303,risk_shift,1,0,3,0,126,0.0
32768,CanonicalPPO,303,risk_shift,1,0,4,0,126,0.0
32768,CanonicalPPO,303,risk_shift,1,1,0,417,417,1.0
32768,CanonicalPPO,303,risk_shift,1,1,1,0,417,0.0
32768,CanonicalPPO,303,risk_shift,1,1,2,0,417,0.0
32768,CanonicalPPO,303,risk_shift,1,1,3,0,417,0.0
32768,CanonicalPPO,303,risk_shift,1,1,4,0,417,0.0
32768,CanonicalPPO,303,risk_shift,1,2,0,131,131,1.0
32768,CanonicalPPO,303,risk_shift,1,2,1,0,131,0.0
32768,CanonicalPPO,303,risk_shift,1,2,2,0,131,0.0
32768,CanonicalPPO,303,risk_shift,1,2,3,0,131,0.0
32768,CanonicalPPO,303,risk_shift,1,2,4,0,131,0.0
32768,CanonicalPPO,303,risk_shift,2,0,0,58,58,1.0
32768,CanonicalPPO,303,risk_shift,2,0,1,0,58,0.0
32768,CanonicalPPO,303,risk_shift,2,0,2,0,58,0.0
32768,CanonicalPPO,303,risk_shift,2,0,3,0,58,0.0
32768,CanonicalPPO,303,risk_shift,2,0,4,0,58,0.0
32768,CanonicalPPO,303,risk_shift,2,1,0,189,189,1.0
32768,CanonicalPPO,303,risk_shift,2,1,1,0,189,0.0
32768,CanonicalPPO,303,risk_shift,2,1,2,0,189,0.0
32768,CanonicalPPO,303,risk_shift,2,1,3,0,189,0.0
32768,CanonicalPPO,303,risk_shift,2,1,4,0,189,0.0
32768,CanonicalPPO,303,risk_shift,2,2,0,226,226,1.0
32768,CanonicalPPO,303,risk_shift,2,2,1,0,226,0.0
32768,CanonicalPPO,303,risk_shift,2,2,2,0,226,0.0
32768,CanonicalPPO,303,risk_shift,2,2,3,0,226,0.0
32768,CanonicalPPO,303,risk_shift,2,2,4,0,226,0.0
32768,CanonicalPPO,404,risk_shift,0,0,0,16,16,1.0
32768,CanonicalPPO,404,risk_shift,0,0,1,0,16,0.0
32768,CanonicalPPO,404,risk_shift,0,0,2,0,16,0.0
32768,CanonicalPPO,404,risk_shift,0,0,3,0,16,0.0
32768,CanonicalPPO,404,risk_shift,0,0,4,0,16,0.0
32768,CanonicalPPO,404,risk_shift,0,1,0,465,465,1.0
32768,CanonicalPPO,404,risk_shift,0,1,1,0,465,0.0
32768,CanonicalPPO,404,risk_shift,0,1,2,0,465,0.0
32768,CanonicalPPO,404,risk_shift,0,1,3,0,465,0.0
32768,CanonicalPPO,404,risk_shift,0,1,4,0,465,0.0
32768,CanonicalPPO,404,risk_shift,0,2,0,39,39,1.0
32768,CanonicalPPO,404,risk_shift,0,2,1,0,39,0.0
32768,CanonicalPPO,404,risk_shift,0,2,2,0,39,0.0
32768,CanonicalPPO,404,risk_shift,0,2,3,0,39,0.0
32768,CanonicalPPO,404,risk_shift,0,2,4,0,39,0.0
32768,CanonicalPPO,404,risk_shift,1,0,0,126,126,1.0
32768,CanonicalPPO,404,risk_shift,1,0,1,0,126,0.0
32768,CanonicalPPO,404,risk_shift,1,0,2,0,126,0.0
32768,CanonicalPPO,404,risk_shift,1,0,3,0,126,0.0
32768,CanonicalPPO,404,risk_shift,1,0,4,0,126,0.0
32768,CanonicalPPO,404,risk_shift,1,1,0,417,417,1.0
32768,CanonicalPPO,404,risk_shift,1,1,1,0,417,0.0
32768,CanonicalPPO,404,risk_shift,1,1,2,0,417,0.0
32768,CanonicalPPO,404,risk_shift,1,1,3,0,417,0.0
32768,CanonicalPPO,404,risk_shift,1,1,4,0,417,0.0
32768,CanonicalPPO,404,risk_shift,1,2,0,131,131,1.0
32768,CanonicalPPO,404,risk_shift,1,2,1,0,131,0.0
32768,CanonicalPPO,404,risk_shift,1,2,2,0,131,0.0
32768,CanonicalPPO,404,risk_shift,1,2,3,0,131,0.0
32768,CanonicalPPO,404,risk_shift,1,2,4,0,131,0.0
32768,CanonicalPPO,404,risk_shift,2,0,0,58,58,1.0
32768,CanonicalPPO,404,risk_shift,2,0,1,0,58,0.0
32768,CanonicalPPO,404,risk_shift,2,0,2,0,58,0.0
32768,CanonicalPPO,404,risk_shift,2,0,3,0,58,0.0
32768,CanonicalPPO,404,risk_shift,2,0,4,0,58,0.0
32768,CanonicalPPO,404,risk_shift,2,1,0,189,189,1.0
32768,CanonicalPPO,404,risk_shift,2,1,1,0,189,0.0
32768,CanonicalPPO,404,risk_shift,2,1,2,0,189,0.0
32768,CanonicalPPO,404,risk_shift,2,1,3,0,189,0.0
32768,CanonicalPPO,404,risk_shift,2,1,4,0,189,0.0
32768,CanonicalPPO,404,risk_shift,2,2,0,226,226,1.0
32768,CanonicalPPO,404,risk_shift,2,2,1,0,226,0.0
32768,CanonicalPPO,404,risk_shift,2,2,2,0,226,0.0
32768,CanonicalPPO,404,risk_shift,2,2,3,0,226,0.0
32768,CanonicalPPO,404,risk_shift,2,2,4,0,226,0.0
32768,CanonicalPPO,505,risk_shift,0,0,0,16,16,1.0
32768,CanonicalPPO,505,risk_shift,0,0,1,0,16,0.0
32768,CanonicalPPO,505,risk_shift,0,0,2,0,16,0.0
32768,CanonicalPPO,505,risk_shift,0,0,3,0,16,0.0
32768,CanonicalPPO,505,risk_shift,0,0,4,0,16,0.0
32768,CanonicalPPO,505,risk_shift,0,1,0,465,465,1.0
32768,CanonicalPPO,505,risk_shift,0,1,1,0,465,0.0
32768,CanonicalPPO,505,risk_shift,0,1,2,0,465,0.0
32768,CanonicalPPO,505,risk_shift,0,1,3,0,465,0.0
32768,CanonicalPPO,505,risk_shift,0,1,4,0,465,0.0
32768,CanonicalPPO,505,risk_shift,0,2,0,39,39,1.0
32768,CanonicalPPO,505,risk_shift,0,2,1,0,39,0.0
32768,CanonicalPPO,505,risk_shift,0,2,2,0,39,0.0
32768,CanonicalPPO,505,risk_shift,0,2,3,0,39,0.0
32768,CanonicalPPO,505,risk_shift,0,2,4,0,39,0.0
32768,CanonicalPPO,505,risk_shift,1,0,0,126,126,1.0
32768,CanonicalPPO,505,risk_shift,1,0,1,0,126,0.0
32768,CanonicalPPO,505,risk_shift,1,0,2,0,126,0.0
32768,CanonicalPPO,505,risk_shift,1,0,3,0,126,0.0
32768,CanonicalPPO,505,risk_shift,1,0,4,0,126,0.0
32768,CanonicalPPO,505,risk_shift,1,1,0,417,417,1.0
32768,CanonicalPPO,505,risk_shift,1,1,1,0,417,0.0
32768,CanonicalPPO,505,risk_shift,1,1,2,0,417,0.0
32768,CanonicalPPO,505,risk_shift,1,1,3,0,417,0.0
32768,CanonicalPPO,505,risk_shift,1,1,4,0,417,0.0
32768,CanonicalPPO,505,risk_shift,1,2,0,131,131,1.0
32768,CanonicalPPO,505,risk_shift,1,2,1,0,131,0.0
32768,CanonicalPPO,505,risk_shift,1,2,2,0,131,0.0
32768,CanonicalPPO,505,risk_shift,1,2,3,0,131,0.0
32768,CanonicalPPO,505,risk_shift,1,2,4,0,131,0.0
32768,CanonicalPPO,505,risk_shift,2,0,0,58,58,1.0
32768,CanonicalPPO,505,risk_shift,2,0,1,0,58,0.0
32768,CanonicalPPO,505,risk_shift,2,0,2,0,58,0.0
32768,CanonicalPPO,505,risk_shift,2,0,3,0,58,0.0
32768,CanonicalPPO,505,risk_shift,2,0,4,0,58,0.0
32768,CanonicalPPO,505,risk_shift,2,1,0,189,189,1.0
32768,CanonicalPPO,505,risk_shift,2,1,1,0,189,0.0
32768,CanonicalPPO,505,risk_shift,2,1,2,0,189,0.0
32768,CanonicalPPO,505,risk_shift,2,1,3,0,189,0.0
32768,CanonicalPPO,505,risk_shift,2,1,4,0,189,0.0
32768,CanonicalPPO,505,risk_shift,2,2,0,226,226,1.0
32768,CanonicalPPO,505,risk_shift,2,2,1,0,226,0.0
32768,CanonicalPPO,505,risk_shift,2,2,2,0,226,0.0
32768,CanonicalPPO,505,risk_shift,2,2,3,0,226,0.0
32768,CanonicalPPO,505,risk_shift,2,2,4,0,226,0.0
32768,MyopicEconomic,101,risk_shift,0,0,0,42,665,0.06315789473684211
32768,MyopicEconomic,101,risk_shift,0,0,1,32,665,0.0481203007518797
32768,MyopicEconomic,101,risk_shift,0,0,2,361,665,0.5428571428571428
32768,MyopicEconomic,101,risk_shift,0,0,3,52,665,0.07819548872180451
32768,MyopicEconomic,101,risk_shift,0,0,4,178,665,0.26766917293233083
32768,MyopicEconomic,101,risk_shift,0,1,0,0,15,0.0
32768,MyopicEconomic,101,risk_shift,0,1,1,0,15,0.0
32768,MyopicEconomic,101,risk_shift,0,1,2,1,15,0.06666666666666667
32768,MyopicEconomic,101,risk_shift,0,1,3,0,15,0.0
32768,MyopicEconomic,101,risk_shift,0,1,4,14,15,0.9333333333333333
32768,MyopicEconomic,101,risk_shift,1,0,0,33,690,0.04782608695652174
32768,MyopicEconomic,101,risk_shift,1,0,1,32,690,0.0463768115942029
32768,MyopicEconomic,101,risk_shift,1,0,2,318,690,0.4608695652173913
32768,MyopicEconomic,101,risk_shift,1,0,3,51,690,0.07391304347826087
32768,MyopicEconomic,101,risk_shift,1,0,4,256,690,0.3710144927536232
32768,MyopicEconomic,101,risk_shift,1,1,0,46,147,0.3129251700680272
32768,MyopicEconomic,101,risk_shift,1,1,1,2,147,0.013605442176870748
32768,MyopicEconomic,101,risk_shift,1,1,2,49,147,0.3333333333333333
32768,MyopicEconomic,101,risk_shift,1,1,3,0,147,0.0
32768,MyopicEconomic,101,risk_shift,1,1,4,50,147,0.3401360544217687
32768,MyopicEconomic,101,risk_shift,1,2,0,0,6,0.0
32768,MyopicEconomic,101,risk_shift,1,2,1,0,6,0.0
32768,MyopicEconomic,101,risk_shift,1,2,2,0,6,0.0
32768,MyopicEconomic,101,risk_shift,1,2,3,0,6,0.0
32768,MyopicEconomic,101,risk_shift,1,2,4,6,6,1.0
32768,MyopicEconomic,101,risk_shift,2,0,0,5,461,0.010845986984815618
32768,MyopicEconomic,101,risk_shift,2,0,1,2,461,0.004338394793926247
32768,MyopicEconomic,101,risk_shift,2,0,2,282,461,0.6117136659436009
32768,MyopicEconomic,101,risk_shift,2,0,3,15,461,0.03253796095444685
32768,MyopicEconomic,101,risk_shift,2,0,4,157,461,0.3405639913232104
32768,MyopicEconomic,101,risk_shift,2,1,0,56,238,0.23529411764705882
32768,MyopicEconomic,101,risk_shift,2,1,1,27,238,0.1134453781512605
32768,MyopicEconomic,101,risk_shift,2,1,2,94,238,0.3949579831932773
32768,MyopicEconomic,101,risk_shift,2,1,3,3,238,0.012605042016806723
32768,MyopicEconomic,101,risk_shift,2,1,4,58,238,0.24369747899159663
32768,MyopicEconomic,101,risk_shift,2,2,0,0,37,0.0
32768,MyopicEconomic,101,risk_shift,2,2,1,0,37,0.0
32768,MyopicEconomic,101,risk_shift,2,2,2,6,37,0.16216216216216217
32768,MyopicEconomic,101,risk_shift,2,2,3,0,37,0.0
32768,MyopicEconomic,101,risk_shift,2,2,4,31,37,0.8378378378378378
32768,MyopicEconomic,202,risk_shift,0,0,0,42,665,0.06315789473684211
32768,MyopicEconomic,202,risk_shift,0,0,1,32,665,0.0481203007518797
32768,MyopicEconomic,202,risk_shift,0,0,2,361,665,0.5428571428571428
32768,MyopicEconomic,202,risk_shift,0,0,3,52,665,0.07819548872180451
32768,MyopicEconomic,202,risk_shift,0,0,4,178,665,0.26766917293233083
32768,MyopicEconomic,202,risk_shift,0,1,0,0,15,0.0
32768,MyopicEconomic,202,risk_shift,0,1,1,0,15,0.0
32768,MyopicEconomic,202,risk_shift,0,1,2,1,15,0.06666666666666667
32768,MyopicEconomic,202,risk_shift,0,1,3,0,15,0.0
32768,MyopicEconomic,202,risk_shift,0,1,4,14,15,0.9333333333333333
32768,MyopicEconomic,202,risk_shift,1,0,0,33,690,0.04782608695652174
32768,MyopicEconomic,202,risk_shift,1,0,1,32,690,0.0463768115942029
32768,MyopicEconomic,202,risk_shift,1,0,2,318,690,0.4608695652173913
32768,MyopicEconomic,202,risk_shift,1,0,3,51,690,0.07391304347826087
32768,MyopicEconomic,202,risk_shift,1,0,4,256,690,0.3710144927536232
32768,MyopicEconomic,202,risk_shift,1,1,0,46,147,0.3129251700680272
32768,MyopicEconomic,202,risk_shift,1,1,1,2,147,0.013605442176870748
32768,MyopicEconomic,202,risk_shift,1,1,2,49,147,0.3333333333333333
32768,MyopicEconomic,202,risk_shift,1,1,3,0,147,0.0
32768,MyopicEconomic,202,risk_shift,1,1,4,50,147,0.3401360544217687
32768,MyopicEconomic,202,risk_shift,1,2,0,0,6,0.0
32768,MyopicEconomic,202,risk_shift,1,2,1,0,6,0.0
32768,MyopicEconomic,202,risk_shift,1,2,2,0,6,0.0
32768,MyopicEconomic,202,risk_shift,1,2,3,0,6,0.0
32768,MyopicEconomic,202,risk_shift,1,2,4,6,6,1.0
32768,MyopicEconomic,202,risk_shift,2,0,0,5,461,0.010845986984815618
32768,MyopicEconomic,202,risk_shift,2,0,1,2,461,0.004338394793926247
32768,MyopicEconomic,202,risk_shift,2,0,2,282,461,0.6117136659436009
32768,MyopicEconomic,202,risk_shift,2,0,3,15,461,0.03253796095444685
32768,MyopicEconomic,202,risk_shift,2,0,4,157,461,0.3405639913232104
32768,MyopicEconomic,202,risk_shift,2,1,0,56,238,0.23529411764705882
32768,MyopicEconomic,202,risk_shift,2,1,1,27,238,0.1134453781512605
32768,MyopicEconomic,202,risk_shift,2,1,2,94,238,0.3949579831932773
32768,MyopicEconomic,202,risk_shift,2,1,3,3,238,0.012605042016806723
32768,MyopicEconomic,202,risk_shift,2,1,4,58,238,0.24369747899159663
32768,MyopicEconomic,202,risk_shift,2,2,0,0,37,0.0
32768,MyopicEconomic,202,risk_shift,2,2,1,0,37,0.0
32768,MyopicEconomic,202,risk_shift,2,2,2,6,37,0.16216216216216217
32768,MyopicEconomic,202,risk_shift,2,2,3,0,37,0.0
32768,MyopicEconomic,202,risk_shift,2,2,4,31,37,0.8378378378378378
32768,MyopicEconomic,303,risk_shift,0,0,0,42,665,0.06315789473684211
32768,MyopicEconomic,303,risk_shift,0,0,1,32,665,0.0481203007518797
32768,MyopicEconomic,303,risk_shift,0,0,2,361,665,0.5428571428571428
32768,MyopicEconomic,303,risk_shift,0,0,3,52,665,0.07819548872180451
32768,MyopicEconomic,303,risk_shift,0,0,4,178,665,0.26766917293233083
32768,MyopicEconomic,303,risk_shift,0,1,0,0,15,0.0
32768,MyopicEconomic,303,risk_shift,0,1,1,0,15,0.0
32768,MyopicEconomic,303,risk_shift,0,1,2,1,15,0.06666666666666667
32768,MyopicEconomic,303,risk_shift,0,1,3,0,15,0.0
32768,MyopicEconomic,303,risk_shift,0,1,4,14,15,0.9333333333333333
32768,MyopicEconomic,303,risk_shift,1,0,0,33,690,0.04782608695652174
32768,MyopicEconomic,303,risk_shift,1,0,1,32,690,0.0463768115942029
32768,MyopicEconomic,303,risk_shift,1,0,2,318,690,0.4608695652173913
32768,MyopicEconomic,303,risk_shift,1,0,3,51,690,0.07391304347826087
32768,MyopicEconomic,303,risk_shift,1,0,4,256,690,0.3710144927536232
32768,MyopicEconomic,303,risk_shift,1,1,0,46,147,0.3129251700680272
32768,MyopicEconomic,303,risk_shift,1,1,1,2,147,0.013605442176870748
32768,MyopicEconomic,303,risk_shift,1,1,2,49,147,0.3333333333333333
32768,MyopicEconomic,303,risk_shift,1,1,3,0,147,0.0
32768,MyopicEconomic,303,risk_shift,1,1,4,50,147,0.3401360544217687
32768,MyopicEconomic,303,risk_shift,1,2,0,0,6,0.0
32768,MyopicEconomic,303,risk_shift,1,2,1,0,6,0.0
32768,MyopicEconomic,303,risk_shift,1,2,2,0,6,0.0
32768,MyopicEconomic,303,risk_shift,1,2,3,0,6,0.0
32768,MyopicEconomic,303,risk_shift,1,2,4,6,6,1.0
32768,MyopicEconomic,303,risk_shift,2,0,0,5,461,0.010845986984815618
32768,MyopicEconomic,303,risk_shift,2,0,1,2,461,0.004338394793926247
32768,MyopicEconomic,303,risk_shift,2,0,2,282,461,0.6117136659436009
32768,MyopicEconomic,303,risk_shift,2,0,3,15,461,0.03253796095444685
32768,MyopicEconomic,303,risk_shift,2,0,4,157,461,0.3405639913232104
32768,MyopicEconomic,303,risk_shift,2,1,0,56,238,0.23529411764705882
32768,MyopicEconomic,303,risk_shift,2,1,1,27,238,0.1134453781512605
32768,MyopicEconomic,303,risk_shift,2,1,2,94,238,0.3949579831932773
32768,MyopicEconomic,303,risk_shift,2,1,3,3,238,0.012605042016806723
32768,MyopicEconomic,303,risk_shift,2,1,4,58,238,0.24369747899159663
32768,MyopicEconomic,303,risk_shift,2,2,0,0,37,0.0
32768,MyopicEconomic,303,risk_shift,2,2,1,0,37,0.0
32768,MyopicEconomic,303,risk_shift,2,2,2,6,37,0.16216216216216217
32768,MyopicEconomic,303,risk_shift,2,2,3,0,37,0.0
32768,MyopicEconomic,303,risk_shift,2,2,4,31,37,0.8378378378378378
32768,MyopicEconomic,404,risk_shift,0,0,0,42,665,0.06315789473684211
32768,MyopicEconomic,404,risk_shift,0,0,1,32,665,0.0481203007518797
32768,MyopicEconomic,404,risk_shift,0,0,2,361,665,0.5428571428571428
32768,MyopicEconomic,404,risk_shift,0,0,3,52,665,0.07819548872180451
32768,MyopicEconomic,404,risk_shift,0,0,4,178,665,0.26766917293233083
32768,MyopicEconomic,404,risk_shift,0,1,0,0,15,0.0
32768,MyopicEconomic,404,risk_shift,0,1,1,0,15,0.0
32768,MyopicEconomic,404,risk_shift,0,1,2,1,15,0.06666666666666667
32768,MyopicEconomic,404,risk_shift,0,1,3,0,15,0.0
32768,MyopicEconomic,404,risk_shift,0,1,4,14,15,0.9333333333333333
32768,MyopicEconomic,404,risk_shift,1,0,0,33,690,0.04782608695652174
32768,MyopicEconomic,404,risk_shift,1,0,1,32,690,0.0463768115942029
32768,MyopicEconomic,404,risk_shift,1,0,2,318,690,0.4608695652173913
32768,MyopicEconomic,404,risk_shift,1,0,3,51,690,0.07391304347826087
32768,MyopicEconomic,404,risk_shift,1,0,4,256,690,0.3710144927536232
32768,MyopicEconomic,404,risk_shift,1,1,0,46,147,0.3129251700680272
32768,MyopicEconomic,404,risk_shift,1,1,1,2,147,0.013605442176870748
32768,MyopicEconomic,404,risk_shift,1,1,2,49,147,0.3333333333333333
32768,MyopicEconomic,404,risk_shift,1,1,3,0,147,0.0
32768,MyopicEconomic,404,risk_shift,1,1,4,50,147,0.3401360544217687
32768,MyopicEconomic,404,risk_shift,1,2,0,0,6,0.0
32768,MyopicEconomic,404,risk_shift,1,2,1,0,6,0.0
32768,MyopicEconomic,404,risk_shift,1,2,2,0,6,0.0
32768,MyopicEconomic,404,risk_shift,1,2,3,0,6,0.0
32768,MyopicEconomic,404,risk_shift,1,2,4,6,6,1.0
32768,MyopicEconomic,404,risk_shift,2,0,0,5,461,0.010845986984815618
32768,MyopicEconomic,404,risk_shift,2,0,1,2,461,0.004338394793926247
32768,MyopicEconomic,404,risk_shift,2,0,2,282,461,0.6117136659436009
32768,MyopicEconomic,404,risk_shift,2,0,3,15,461,0.03253796095444685
32768,MyopicEconomic,404,risk_shift,2,0,4,157,461,0.3405639913232104
32768,MyopicEconomic,404,risk_shift,2,1,0,56,238,0.23529411764705882
32768,MyopicEconomic,404,risk_shift,2,1,1,27,238,0.1134453781512605
32768,MyopicEconomic,404,risk_shift,2,1,2,94,238,0.3949579831932773
32768,MyopicEconomic,404,risk_shift,2,1,3,3,238,0.012605042016806723
32768,MyopicEconomic,404,risk_shift,2,1,4,58,238,0.24369747899159663
32768,MyopicEconomic,404,risk_shift,2,2,0,0,37,0.0
32768,MyopicEconomic,404,risk_shift,2,2,1,0,37,0.0
32768,MyopicEconomic,404,risk_shift,2,2,2,6,37,0.16216216216216217
32768,MyopicEconomic,404,risk_shift,2,2,3,0,37,0.0
32768,MyopicEconomic,404,risk_shift,2,2,4,31,37,0.8378378378378378
32768,MyopicEconomic,505,risk_shift,0,0,0,42,665,0.06315789473684211
32768,MyopicEconomic,505,risk_shift,0,0,1,32,665,0.0481203007518797
32768,MyopicEconomic,505,risk_shift,0,0,2,361,665,0.5428571428571428
32768,MyopicEconomic,505,risk_shift,0,0,3,52,665,0.07819548872180451
32768,MyopicEconomic,505,risk_shift,0,0,4,178,665,0.26766917293233083
32768,MyopicEconomic,505,risk_shift,0,1,0,0,15,0.0
32768,MyopicEconomic,505,risk_shift,0,1,1,0,15,0.0
32768,MyopicEconomic,505,risk_shift,0,1,2,1,15,0.06666666666666667
32768,MyopicEconomic,505,risk_shift,0,1,3,0,15,0.0
32768,MyopicEconomic,505,risk_shift,0,1,4,14,15,0.9333333333333333
32768,MyopicEconomic,505,risk_shift,1,0,0,33,690,0.04782608695652174
32768,MyopicEconomic,505,risk_shift,1,0,1,32,690,0.0463768115942029
32768,MyopicEconomic,505,risk_shift,1,0,2,318,690,0.4608695652173913
32768,MyopicEconomic,505,risk_shift,1,0,3,51,690,0.07391304347826087
32768,MyopicEconomic,505,risk_shift,1,0,4,256,690,0.3710144927536232
32768,MyopicEconomic,505,risk_shift,1,1,0,46,147,0.3129251700680272
32768,MyopicEconomic,505,risk_shift,1,1,1,2,147,0.013605442176870748
32768,MyopicEconomic,505,risk_shift,1,1,2,49,147,0.3333333333333333
32768,MyopicEconomic,505,risk_shift,1,1,3,0,147,0.0
32768,MyopicEconomic,505,risk_shift,1,1,4,50,147,0.3401360544217687
32768,MyopicEconomic,505,risk_shift,1,2,0,0,6,0.0
32768,MyopicEconomic,505,risk_shift,1,2,1,0,6,0.0
32768,MyopicEconomic,505,risk_shift,1,2,2,0,6,0.0
32768,MyopicEconomic,505,risk_shift,1,2,3,0,6,0.0
32768,MyopicEconomic,505,risk_shift,1,2,4,6,6,1.0
32768,MyopicEconomic,505,risk_shift,2,0,0,5,461,0.010845986984815618
32768,MyopicEconomic,505,risk_shift,2,0,1,2,461,0.004338394793926247
32768,MyopicEconomic,505,risk_shift,2,0,2,282,461,0.6117136659436009
32768,MyopicEconomic,505,risk_shift,2,0,3,15,461,0.03253796095444685
32768,MyopicEconomic,505,risk_shift,2,0,4,157,461,0.3405639913232104
32768,MyopicEconomic,505,risk_shift,2,1,0,56,238,0.23529411764705882
32768,MyopicEconomic,505,risk_shift,2,1,1,27,238,0.1134453781512605
32768,MyopicEconomic,505,risk_shift,2,1,2,94,238,0.3949579831932773
32768,MyopicEconomic,505,risk_shift,2,1,3,3,238,0.012605042016806723
32768,MyopicEconomic,505,risk_shift,2,1,4,58,238,0.24369747899159663
32768,MyopicEconomic,505,risk_shift,2,2,0,0,37,0.0
32768,MyopicEconomic,505,risk_shift,2,2,1,0,37,0.0
32768,MyopicEconomic,505,risk_shift,2,2,2,6,37,0.16216216216216217
32768,MyopicEconomic,505,risk_shift,2,2,3,0,37,0.0
32768,MyopicEconomic,505,risk_shift,2,2,4,31,37,0.8378378378378378
32768,ObservationPlanner,101,risk_shift,0,0,0,15,43,0.3488372093023256
32768,ObservationPlanner,101,risk_shift,0,0,1,1,43,0.023255813953488372
32768,ObservationPlanner,101,risk_shift,0,0,2,0,43,0.0
32768,ObservationPlanner,101,risk_shift,0,0,3,9,43,0.20930232558139536
32768,ObservationPlanner,101,risk_shift,0,0,4,18,43,0.4186046511627907
32768,ObservationPlanner,101,risk_shift,0,1,0,164,492,0.3333333333333333
32768,ObservationPlanner,101,risk_shift,0,1,1,128,492,0.2601626016260163
32768,ObservationPlanner,101,risk_shift,0,1,2,40,492,0.08130081300813008
32768,ObservationPlanner,101,risk_shift,0,1,3,48,492,0.0975609756097561
32768,ObservationPlanner,101,risk_shift,0,1,4,112,492,0.22764227642276422
32768,ObservationPlanner,101,risk_shift,0,2,0,4,18,0.2222222222222222
32768,ObservationPlanner,101,risk_shift,0,2,1,7,18,0.3888888888888889
32768,ObservationPlanner,101,risk_shift,0,2,2,3,18,0.16666666666666666
32768,ObservationPlanner,101,risk_shift,0,2,3,2,18,0.1111111111111111
32768,ObservationPlanner,101,risk_shift,0,2,4,2,18,0.1111111111111111
32768,ObservationPlanner,101,risk_shift,1,0,0,126,126,1.0
32768,ObservationPlanner,101,risk_shift,1,0,1,0,126,0.0
32768,ObservationPlanner,101,risk_shift,1,0,2,0,126,0.0
32768,ObservationPlanner,101,risk_shift,1,0,3,0,126,0.0
32768,ObservationPlanner,101,risk_shift,1,0,4,0,126,0.0
32768,ObservationPlanner,101,risk_shift,1,1,0,386,561,0.6880570409982175
32768,ObservationPlanner,101,risk_shift,1,1,1,52,561,0.09269162210338681
32768,ObservationPlanner,101,risk_shift,1,1,2,71,561,0.1265597147950089
32768,ObservationPlanner,101,risk_shift,1,1,3,21,561,0.0374331550802139
32768,ObservationPlanner,101,risk_shift,1,1,4,31,561,0.05525846702317291
32768,ObservationPlanner,101,risk_shift,1,2,0,28,142,0.19718309859154928
32768,ObservationPlanner,101,risk_shift,1,2,1,58,142,0.4084507042253521
32768,ObservationPlanner,101,risk_shift,1,2,2,29,142,0.20422535211267606
32768,ObservationPlanner,101,risk_shift,1,2,3,12,142,0.08450704225352113
32768,ObservationPlanner,101,risk_shift,1,2,4,15,142,0.1056338028169014
32768,ObservationPlanner,101,risk_shift,2,0,0,55,58,0.9482758620689655
32768,ObservationPlanner,101,risk_shift,2,0,1,3,58,0.05172413793103448
32768,ObservationPlanner,101,risk_shift,2,0,2,0,58,0.0
32768,ObservationPlanner,101,risk_shift,2,0,3,0,58,0.0
32768,ObservationPlanner,101,risk_shift,2,0,4,0,58,0.0
32768,ObservationPlanner,101,risk_shift,2,1,0,180,206,0.8737864077669902
32768,ObservationPlanner,101,risk_shift,2,1,1,9,206,0.043689320388349516
32768,ObservationPlanner,101,risk_shift,2,1,2,17,206,0.0825242718446602
32768,ObservationPlanner,101,risk_shift,2,1,3,0,206,0.0
32768,ObservationPlanner,101,risk_shift,2,1,4,0,206,0.0
32768,ObservationPlanner,101,risk_shift,2,2,0,114,262,0.4351145038167939
32768,ObservationPlanner,101,risk_shift,2,2,1,73,262,0.2786259541984733
32768,ObservationPlanner,101,risk_shift,2,2,2,50,262,0.19083969465648856
32768,ObservationPlanner,101,risk_shift,2,2,3,11,262,0.04198473282442748
32768,ObservationPlanner,101,risk_shift,2,2,4,14,262,0.05343511450381679
32768,ObservationPlanner,202,risk_shift,0,0,0,15,43,0.3488372093023256
32768,ObservationPlanner,202,risk_shift,0,0,1,1,43,0.023255813953488372
32768,ObservationPlanner,202,risk_shift,0,0,2,0,43,0.0
32768,ObservationPlanner,202,risk_shift,0,0,3,9,43,0.20930232558139536
32768,ObservationPlanner,202,risk_shift,0,0,4,18,43,0.4186046511627907
32768,ObservationPlanner,202,risk_shift,0,1,0,164,492,0.3333333333333333
32768,ObservationPlanner,202,risk_shift,0,1,1,128,492,0.2601626016260163
32768,ObservationPlanner,202,risk_shift,0,1,2,40,492,0.08130081300813008
32768,ObservationPlanner,202,risk_shift,0,1,3,48,492,0.0975609756097561
32768,ObservationPlanner,202,risk_shift,0,1,4,112,492,0.22764227642276422
32768,ObservationPlanner,202,risk_shift,0,2,0,4,18,0.2222222222222222
32768,ObservationPlanner,202,risk_shift,0,2,1,7,18,0.3888888888888889
32768,ObservationPlanner,202,risk_shift,0,2,2,3,18,0.16666666666666666
32768,ObservationPlanner,202,risk_shift,0,2,3,2,18,0.1111111111111111
32768,ObservationPlanner,202,risk_shift,0,2,4,2,18,0.1111111111111111
32768,ObservationPlanner,202,risk_shift,1,0,0,126,126,1.0
32768,ObservationPlanner,202,risk_shift,1,0,1,0,126,0.0
32768,ObservationPlanner,202,risk_shift,1,0,2,0,126,0.0
32768,ObservationPlanner,202,risk_shift,1,0,3,0,126,0.0
32768,ObservationPlanner,202,risk_shift,1,0,4,0,126,0.0
32768,ObservationPlanner,202,risk_shift,1,1,0,386,561,0.6880570409982175
32768,ObservationPlanner,202,risk_shift,1,1,1,52,561,0.09269162210338681
32768,ObservationPlanner,202,risk_shift,1,1,2,71,561,0.1265597147950089
32768,ObservationPlanner,202,risk_shift,1,1,3,21,561,0.0374331550802139
32768,ObservationPlanner,202,risk_shift,1,1,4,31,561,0.05525846702317291
32768,ObservationPlanner,202,risk_shift,1,2,0,28,142,0.19718309859154928
32768,ObservationPlanner,202,risk_shift,1,2,1,58,142,0.4084507042253521
32768,ObservationPlanner,202,risk_shift,1,2,2,29,142,0.20422535211267606
32768,ObservationPlanner,202,risk_shift,1,2,3,12,142,0.08450704225352113
32768,ObservationPlanner,202,risk_shift,1,2,4,15,142,0.1056338028169014
32768,ObservationPlanner,202,risk_shift,2,0,0,55,58,0.9482758620689655
32768,ObservationPlanner,202,risk_shift,2,0,1,3,58,0.05172413793103448
32768,ObservationPlanner,202,risk_shift,2,0,2,0,58,0.0
32768,ObservationPlanner,202,risk_shift,2,0,3,0,58,0.0
32768,ObservationPlanner,202,risk_shift,2,0,4,0,58,0.0
32768,ObservationPlanner,202,risk_shift,2,1,0,180,206,0.8737864077669902
32768,ObservationPlanner,202,risk_shift,2,1,1,9,206,0.043689320388349516
32768,ObservationPlanner,202,risk_shift,2,1,2,17,206,0.0825242718446602
32768,ObservationPlanner,202,risk_shift,2,1,3,0,206,0.0
32768,ObservationPlanner,202,risk_shift,2,1,4,0,206,0.0
32768,ObservationPlanner,202,risk_shift,2,2,0,114,262,0.4351145038167939
32768,ObservationPlanner,202,risk_shift,2,2,1,73,262,0.2786259541984733
32768,ObservationPlanner,202,risk_shift,2,2,2,50,262,0.19083969465648856
32768,ObservationPlanner,202,risk_shift,2,2,3,11,262,0.04198473282442748
32768,ObservationPlanner,202,risk_shift,2,2,4,14,262,0.05343511450381679
32768,ObservationPlanner,303,risk_shift,0,0,0,15,43,0.3488372093023256
32768,ObservationPlanner,303,risk_shift,0,0,1,1,43,0.023255813953488372
32768,ObservationPlanner,303,risk_shift,0,0,2,0,43,0.0
32768,ObservationPlanner,303,risk_shift,0,0,3,9,43,0.20930232558139536
32768,ObservationPlanner,303,risk_shift,0,0,4,18,43,0.4186046511627907
32768,ObservationPlanner,303,risk_shift,0,1,0,164,492,0.3333333333333333
32768,ObservationPlanner,303,risk_shift,0,1,1,128,492,0.2601626016260163
32768,ObservationPlanner,303,risk_shift,0,1,2,40,492,0.08130081300813008
32768,ObservationPlanner,303,risk_shift,0,1,3,48,492,0.0975609756097561
32768,ObservationPlanner,303,risk_shift,0,1,4,112,492,0.22764227642276422
32768,ObservationPlanner,303,risk_shift,0,2,0,4,18,0.2222222222222222
32768,ObservationPlanner,303,risk_shift,0,2,1,7,18,0.3888888888888889
32768,ObservationPlanner,303,risk_shift,0,2,2,3,18,0.16666666666666666
32768,ObservationPlanner,303,risk_shift,0,2,3,2,18,0.1111111111111111
32768,ObservationPlanner,303,risk_shift,0,2,4,2,18,0.1111111111111111
32768,ObservationPlanner,303,risk_shift,1,0,0,126,126,1.0
32768,ObservationPlanner,303,risk_shift,1,0,1,0,126,0.0
32768,ObservationPlanner,303,risk_shift,1,0,2,0,126,0.0
32768,ObservationPlanner,303,risk_shift,1,0,3,0,126,0.0
32768,ObservationPlanner,303,risk_shift,1,0,4,0,126,0.0
32768,ObservationPlanner,303,risk_shift,1,1,0,386,561,0.6880570409982175
32768,ObservationPlanner,303,risk_shift,1,1,1,52,561,0.09269162210338681
32768,ObservationPlanner,303,risk_shift,1,1,2,71,561,0.1265597147950089
32768,ObservationPlanner,303,risk_shift,1,1,3,21,561,0.0374331550802139
32768,ObservationPlanner,303,risk_shift,1,1,4,31,561,0.05525846702317291
32768,ObservationPlanner,303,risk_shift,1,2,0,28,142,0.19718309859154928
32768,ObservationPlanner,303,risk_shift,1,2,1,58,142,0.4084507042253521
32768,ObservationPlanner,303,risk_shift,1,2,2,29,142,0.20422535211267606
32768,ObservationPlanner,303,risk_shift,1,2,3,12,142,0.08450704225352113
32768,ObservationPlanner,303,risk_shift,1,2,4,15,142,0.1056338028169014
32768,ObservationPlanner,303,risk_shift,2,0,0,55,58,0.9482758620689655
32768,ObservationPlanner,303,risk_shift,2,0,1,3,58,0.05172413793103448
32768,ObservationPlanner,303,risk_shift,2,0,2,0,58,0.0
32768,ObservationPlanner,303,risk_shift,2,0,3,0,58,0.0
32768,ObservationPlanner,303,risk_shift,2,0,4,0,58,0.0
32768,ObservationPlanner,303,risk_shift,2,1,0,180,206,0.8737864077669902
32768,ObservationPlanner,303,risk_shift,2,1,1,9,206,0.043689320388349516
32768,ObservationPlanner,303,risk_shift,2,1,2,17,206,0.0825242718446602
32768,ObservationPlanner,303,risk_shift,2,1,3,0,206,0.0
32768,ObservationPlanner,303,risk_shift,2,1,4,0,206,0.0
32768,ObservationPlanner,303,risk_shift,2,2,0,114,262,0.4351145038167939
32768,ObservationPlanner,303,risk_shift,2,2,1,73,262,0.2786259541984733
32768,ObservationPlanner,303,risk_shift,2,2,2,50,262,0.19083969465648856
32768,ObservationPlanner,303,risk_shift,2,2,3,11,262,0.04198473282442748
32768,ObservationPlanner,303,risk_shift,2,2,4,14,262,0.05343511450381679
32768,ObservationPlanner,404,risk_shift,0,0,0,15,43,0.3488372093023256
32768,ObservationPlanner,404,risk_shift,0,0,1,1,43,0.023255813953488372
32768,ObservationPlanner,404,risk_shift,0,0,2,0,43,0.0
32768,ObservationPlanner,404,risk_shift,0,0,3,9,43,0.20930232558139536
32768,ObservationPlanner,404,risk_shift,0,0,4,18,43,0.4186046511627907
32768,ObservationPlanner,404,risk_shift,0,1,0,164,492,0.3333333333333333
32768,ObservationPlanner,404,risk_shift,0,1,1,128,492,0.2601626016260163
32768,ObservationPlanner,404,risk_shift,0,1,2,40,492,0.08130081300813008
32768,ObservationPlanner,404,risk_shift,0,1,3,48,492,0.0975609756097561
32768,ObservationPlanner,404,risk_shift,0,1,4,112,492,0.22764227642276422
32768,ObservationPlanner,404,risk_shift,0,2,0,4,18,0.2222222222222222
32768,ObservationPlanner,404,risk_shift,0,2,1,7,18,0.3888888888888889
32768,ObservationPlanner,404,risk_shift,0,2,2,3,18,0.16666666666666666
32768,ObservationPlanner,404,risk_shift,0,2,3,2,18,0.1111111111111111
32768,ObservationPlanner,404,risk_shift,0,2,4,2,18,0.1111111111111111
32768,ObservationPlanner,404,risk_shift,1,0,0,126,126,1.0
32768,ObservationPlanner,404,risk_shift,1,0,1,0,126,0.0
32768,ObservationPlanner,404,risk_shift,1,0,2,0,126,0.0
32768,ObservationPlanner,404,risk_shift,1,0,3,0,126,0.0
32768,ObservationPlanner,404,risk_shift,1,0,4,0,126,0.0
32768,ObservationPlanner,404,risk_shift,1,1,0,386,561,0.6880570409982175
32768,ObservationPlanner,404,risk_shift,1,1,1,52,561,0.09269162210338681
32768,ObservationPlanner,404,risk_shift,1,1,2,71,561,0.1265597147950089
32768,ObservationPlanner,404,risk_shift,1,1,3,21,561,0.0374331550802139
32768,ObservationPlanner,404,risk_shift,1,1,4,31,561,0.05525846702317291
32768,ObservationPlanner,404,risk_shift,1,2,0,28,142,0.19718309859154928
32768,ObservationPlanner,404,risk_shift,1,2,1,58,142,0.4084507042253521
32768,ObservationPlanner,404,risk_shift,1,2,2,29,142,0.20422535211267606
32768,ObservationPlanner,404,risk_shift,1,2,3,12,142,0.08450704225352113
32768,ObservationPlanner,404,risk_shift,1,2,4,15,142,0.1056338028169014
32768,ObservationPlanner,404,risk_shift,2,0,0,55,58,0.9482758620689655
32768,ObservationPlanner,404,risk_shift,2,0,1,3,58,0.05172413793103448
32768,ObservationPlanner,404,risk_shift,2,0,2,0,58,0.0
32768,ObservationPlanner,404,risk_shift,2,0,3,0,58,0.0
32768,ObservationPlanner,404,risk_shift,2,0,4,0,58,0.0
32768,ObservationPlanner,404,risk_shift,2,1,0,180,206,0.8737864077669902
32768,ObservationPlanner,404,risk_shift,2,1,1,9,206,0.043689320388349516
32768,ObservationPlanner,404,risk_shift,2,1,2,17,206,0.0825242718446602
32768,ObservationPlanner,404,risk_shift,2,1,3,0,206,0.0
32768,ObservationPlanner,404,risk_shift,2,1,4,0,206,0.0
32768,ObservationPlanner,404,risk_shift,2,2,0,114,262,0.4351145038167939
32768,ObservationPlanner,404,risk_shift,2,2,1,73,262,0.2786259541984733
32768,ObservationPlanner,404,risk_shift,2,2,2,50,262,0.19083969465648856
32768,ObservationPlanner,404,risk_shift,2,2,3,11,262,0.04198473282442748
32768,ObservationPlanner,404,risk_shift,2,2,4,14,262,0.05343511450381679
32768,ObservationPlanner,505,risk_shift,0,0,0,15,43,0.3488372093023256
32768,ObservationPlanner,505,risk_shift,0,0,1,1,43,0.023255813953488372
32768,ObservationPlanner,505,risk_shift,0,0,2,0,43,0.0
32768,ObservationPlanner,505,risk_shift,0,0,3,9,43,0.20930232558139536
32768,ObservationPlanner,505,risk_shift,0,0,4,18,43,0.4186046511627907
32768,ObservationPlanner,505,risk_shift,0,1,0,164,492,0.3333333333333333
32768,ObservationPlanner,505,risk_shift,0,1,1,128,492,0.2601626016260163
32768,ObservationPlanner,505,risk_shift,0,1,2,40,492,0.08130081300813008
32768,ObservationPlanner,505,risk_shift,0,1,3,48,492,0.0975609756097561
32768,ObservationPlanner,505,risk_shift,0,1,4,112,492,0.22764227642276422
32768,ObservationPlanner,505,risk_shift,0,2,0,4,18,0.2222222222222222
32768,ObservationPlanner,505,risk_shift,0,2,1,7,18,0.3888888888888889
32768,ObservationPlanner,505,risk_shift,0,2,2,3,18,0.16666666666666666
32768,ObservationPlanner,505,risk_shift,0,2,3,2,18,0.1111111111111111
32768,ObservationPlanner,505,risk_shift,0,2,4,2,18,0.1111111111111111
32768,ObservationPlanner,505,risk_shift,1,0,0,126,126,1.0
32768,ObservationPlanner,505,risk_shift,1,0,1,0,126,0.0
32768,ObservationPlanner,505,risk_shift,1,0,2,0,126,0.0
32768,ObservationPlanner,505,risk_shift,1,0,3,0,126,0.0
32768,ObservationPlanner,505,risk_shift,1,0,4,0,126,0.0
32768,ObservationPlanner,505,risk_shift,1,1,0,386,561,0.6880570409982175
32768,ObservationPlanner,505,risk_shift,1,1,1,52,561,0.09269162210338681
32768,ObservationPlanner,505,risk_shift,1,1,2,71,561,0.1265597147950089
32768,ObservationPlanner,505,risk_shift,1,1,3,21,561,0.0374331550802139
32768,ObservationPlanner,505,risk_shift,1,1,4,31,561,0.05525846702317291
32768,ObservationPlanner,505,risk_shift,1,2,0,28,142,0.19718309859154928
32768,ObservationPlanner,505,risk_shift,1,2,1,58,142,0.4084507042253521
32768,ObservationPlanner,505,risk_shift,1,2,2,29,142,0.20422535211267606
32768,ObservationPlanner,505,risk_shift,1,2,3,12,142,0.08450704225352113
32768,ObservationPlanner,505,risk_shift,1,2,4,15,142,0.1056338028169014
32768,ObservationPlanner,505,risk_shift,2,0,0,55,58,0.9482758620689655
32768,ObservationPlanner,505,risk_shift,2,0,1,3,58,0.05172413793103448
32768,ObservationPlanner,505,risk_shift,2,0,2,0,58,0.0
32768,ObservationPlanner,505,risk_shift,2,0,3,0,58,0.0
32768,ObservationPlanner,505,risk_shift,2,0,4,0,58,0.0
32768,ObservationPlanner,505,risk_shift,2,1,0,180,206,0.8737864077669902
32768,ObservationPlanner,505,risk_shift,2,1,1,9,206,0.043689320388349516
32768,ObservationPlanner,505,risk_shift,2,1,2,17,206,0.0825242718446602
32768,ObservationPlanner,505,risk_shift,2,1,3,0,206,0.0
32768,ObservationPlanner,505,risk_shift,2,1,4,0,206,0.0
32768,ObservationPlanner,505,risk_shift,2,2,0,114,262,0.4351145038167939
32768,ObservationPlanner,505,risk_shift,2,2,1,73,262,0.2786259541984733
32768,ObservationPlanner,505,risk_shift,2,2,2,50,262,0.19083969465648856
32768,ObservationPlanner,505,risk_shift,2,2,3,11,262,0.04198473282442748
32768,ObservationPlanner,505,risk_shift,2,2,4,14,262,0.05343511450381679
32768,PDThreshold,101,risk_shift,0,0,0,0,551,0.0
32768,PDThreshold,101,risk_shift,0,0,1,0,551,0.0
32768,PDThreshold,101,risk_shift,0,0,2,216,551,0.39201451905626133
32768,PDThreshold,101,risk_shift,0,0,3,335,551,0.6079854809437386
32768,PDThreshold,101,risk_shift,0,0,4,0,551,0.0
32768,PDThreshold,101,risk_shift,0,1,0,0,43,0.0
32768,PDThreshold,101,risk_shift,0,1,1,0,43,0.0
32768,PDThreshold,101,risk_shift,0,1,2,1,43,0.023255813953488372
32768,PDThreshold,101,risk_shift,0,1,3,42,43,0.9767441860465116
32768,PDThreshold,101,risk_shift,0,1,4,0,43,0.0
32768,PDThreshold,101,risk_shift,1,0,0,0,365,0.0
32768,PDThreshold,101,risk_shift,1,0,1,0,365,0.0
32768,PDThreshold,101,risk_shift,1,0,2,365,365,1.0
32768,PDThreshold,101,risk_shift,1,0,3,0,365,0.0
32768,PDThreshold,101,risk_shift,1,0,4,0,365,0.0
32768,PDThreshold,101,risk_shift,1,1,0,0,403,0.0
32768,PDThreshold,101,risk_shift,1,1,1,0,403,0.0
32768,PDThreshold,101,risk_shift,1,1,2,403,403,1.0
32768,PDThreshold,101,risk_shift,1,1,3,0,403,0.0
32768,PDThreshold,101,risk_shift,1,1,4,0,403,0.0
32768,PDThreshold,101,risk_shift,1,2,0,0,15,0.0
32768,PDThreshold,101,risk_shift,1,2,1,0,15,0.0
32768,PDThreshold,101,risk_shift,1,2,2,15,15,1.0
32768,PDThreshold,101,risk_shift,1,2,3,0,15,0.0
32768,PDThreshold,101,risk_shift,1,2,4,0,15,0.0
32768,PDThreshold,101,risk_shift,2,0,0,0,94,0.0
32768,PDThreshold,101,risk_shift,2,0,1,94,94,1.0
32768,PDThreshold,101,risk_shift,2,0,2,0,94,0.0
32768,PDThreshold,101,risk_shift,2,0,3,0,94,0.0
32768,PDThreshold,101,risk_shift,2,0,4,0,94,0.0
32768,PDThreshold,101,risk_shift,2,1,0,0,355,0.0
32768,PDThreshold,101,risk_shift,2,1,1,338,355,0.952112676056338
32768,PDThreshold,101,risk_shift,2,1,2,17,355,0.04788732394366197
32768,PDThreshold,101,risk_shift,2,1,3,0,355,0.0
32768,PDThreshold,101,risk_shift,2,1,4,0,355,0.0
32768,PDThreshold,101,risk_shift,2,2,0,0,194,0.0
32768,PDThreshold,101,risk_shift,2,2,1,194,194,1.0
32768,PDThreshold,101,risk_shift,2,2,2,0,194,0.0
32768,PDThreshold,101,risk_shift,2,2,3,0,194,0.0
32768,PDThreshold,101,risk_shift,2,2,4,0,194,0.0
32768,PDThreshold,202,risk_shift,0,0,0,0,551,0.0
32768,PDThreshold,202,risk_shift,0,0,1,0,551,0.0
32768,PDThreshold,202,risk_shift,0,0,2,216,551,0.39201451905626133
32768,PDThreshold,202,risk_shift,0,0,3,335,551,0.6079854809437386
32768,PDThreshold,202,risk_shift,0,0,4,0,551,0.0
32768,PDThreshold,202,risk_shift,0,1,0,0,43,0.0
32768,PDThreshold,202,risk_shift,0,1,1,0,43,0.0
32768,PDThreshold,202,risk_shift,0,1,2,1,43,0.023255813953488372
32768,PDThreshold,202,risk_shift,0,1,3,42,43,0.9767441860465116
32768,PDThreshold,202,risk_shift,0,1,4,0,43,0.0
32768,PDThreshold,202,risk_shift,1,0,0,0,365,0.0
32768,PDThreshold,202,risk_shift,1,0,1,0,365,0.0
32768,PDThreshold,202,risk_shift,1,0,2,365,365,1.0
32768,PDThreshold,202,risk_shift,1,0,3,0,365,0.0
32768,PDThreshold,202,risk_shift,1,0,4,0,365,0.0
32768,PDThreshold,202,risk_shift,1,1,0,0,403,0.0
32768,PDThreshold,202,risk_shift,1,1,1,0,403,0.0
32768,PDThreshold,202,risk_shift,1,1,2,403,403,1.0
32768,PDThreshold,202,risk_shift,1,1,3,0,403,0.0
32768,PDThreshold,202,risk_shift,1,1,4,0,403,0.0
32768,PDThreshold,202,risk_shift,1,2,0,0,15,0.0
32768,PDThreshold,202,risk_shift,1,2,1,0,15,0.0
32768,PDThreshold,202,risk_shift,1,2,2,15,15,1.0
32768,PDThreshold,202,risk_shift,1,2,3,0,15,0.0
32768,PDThreshold,202,risk_shift,1,2,4,0,15,0.0
32768,PDThreshold,202,risk_shift,2,0,0,0,94,0.0
32768,PDThreshold,202,risk_shift,2,0,1,94,94,1.0
32768,PDThreshold,202,risk_shift,2,0,2,0,94,0.0
32768,PDThreshold,202,risk_shift,2,0,3,0,94,0.0
32768,PDThreshold,202,risk_shift,2,0,4,0,94,0.0
32768,PDThreshold,202,risk_shift,2,1,0,0,355,0.0
32768,PDThreshold,202,risk_shift,2,1,1,338,355,0.952112676056338
32768,PDThreshold,202,risk_shift,2,1,2,17,355,0.04788732394366197
32768,PDThreshold,202,risk_shift,2,1,3,0,355,0.0
32768,PDThreshold,202,risk_shift,2,1,4,0,355,0.0
32768,PDThreshold,202,risk_shift,2,2,0,0,194,0.0
32768,PDThreshold,202,risk_shift,2,2,1,194,194,1.0
32768,PDThreshold,202,risk_shift,2,2,2,0,194,0.0
32768,PDThreshold,202,risk_shift,2,2,3,0,194,0.0
32768,PDThreshold,202,risk_shift,2,2,4,0,194,0.0
32768,PDThreshold,303,risk_shift,0,0,0,0,551,0.0
32768,PDThreshold,303,risk_shift,0,0,1,0,551,0.0
32768,PDThreshold,303,risk_shift,0,0,2,216,551,0.39201451905626133
32768,PDThreshold,303,risk_shift,0,0,3,335,551,0.6079854809437386
32768,PDThreshold,303,risk_shift,0,0,4,0,551,0.0
32768,PDThreshold,303,risk_shift,0,1,0,0,43,0.0
32768,PDThreshold,303,risk_shift,0,1,1,0,43,0.0
32768,PDThreshold,303,risk_shift,0,1,2,1,43,0.023255813953488372
32768,PDThreshold,303,risk_shift,0,1,3,42,43,0.9767441860465116
32768,PDThreshold,303,risk_shift,0,1,4,0,43,0.0
32768,PDThreshold,303,risk_shift,1,0,0,0,365,0.0
32768,PDThreshold,303,risk_shift,1,0,1,0,365,0.0
32768,PDThreshold,303,risk_shift,1,0,2,365,365,1.0
32768,PDThreshold,303,risk_shift,1,0,3,0,365,0.0
32768,PDThreshold,303,risk_shift,1,0,4,0,365,0.0
32768,PDThreshold,303,risk_shift,1,1,0,0,403,0.0
32768,PDThreshold,303,risk_shift,1,1,1,0,403,0.0
32768,PDThreshold,303,risk_shift,1,1,2,403,403,1.0
32768,PDThreshold,303,risk_shift,1,1,3,0,403,0.0
32768,PDThreshold,303,risk_shift,1,1,4,0,403,0.0
32768,PDThreshold,303,risk_shift,1,2,0,0,15,0.0
32768,PDThreshold,303,risk_shift,1,2,1,0,15,0.0
32768,PDThreshold,303,risk_shift,1,2,2,15,15,1.0
32768,PDThreshold,303,risk_shift,1,2,3,0,15,0.0
32768,PDThreshold,303,risk_shift,1,2,4,0,15,0.0
32768,PDThreshold,303,risk_shift,2,0,0,0,94,0.0
32768,PDThreshold,303,risk_shift,2,0,1,94,94,1.0
32768,PDThreshold,303,risk_shift,2,0,2,0,94,0.0
32768,PDThreshold,303,risk_shift,2,0,3,0,94,0.0
32768,PDThreshold,303,risk_shift,2,0,4,0,94,0.0
32768,PDThreshold,303,risk_shift,2,1,0,0,355,0.0
32768,PDThreshold,303,risk_shift,2,1,1,338,355,0.952112676056338
32768,PDThreshold,303,risk_shift,2,1,2,17,355,0.04788732394366197
32768,PDThreshold,303,risk_shift,2,1,3,0,355,0.0
32768,PDThreshold,303,risk_shift,2,1,4,0,355,0.0
32768,PDThreshold,303,risk_shift,2,2,0,0,194,0.0
32768,PDThreshold,303,risk_shift,2,2,1,194,194,1.0
32768,PDThreshold,303,risk_shift,2,2,2,0,194,0.0
32768,PDThreshold,303,risk_shift,2,2,3,0,194,0.0
32768,PDThreshold,303,risk_shift,2,2,4,0,194,0.0
32768,PDThreshold,404,risk_shift,0,0,0,0,551,0.0
32768,PDThreshold,404,risk_shift,0,0,1,0,551,0.0
32768,PDThreshold,404,risk_shift,0,0,2,216,551,0.39201451905626133
32768,PDThreshold,404,risk_shift,0,0,3,335,551,0.6079854809437386
32768,PDThreshold,404,risk_shift,0,0,4,0,551,0.0
32768,PDThreshold,404,risk_shift,0,1,0,0,43,0.0
32768,PDThreshold,404,risk_shift,0,1,1,0,43,0.0
32768,PDThreshold,404,risk_shift,0,1,2,1,43,0.023255813953488372
32768,PDThreshold,404,risk_shift,0,1,3,42,43,0.9767441860465116
32768,PDThreshold,404,risk_shift,0,1,4,0,43,0.0
32768,PDThreshold,404,risk_shift,1,0,0,0,365,0.0
32768,PDThreshold,404,risk_shift,1,0,1,0,365,0.0
32768,PDThreshold,404,risk_shift,1,0,2,365,365,1.0
32768,PDThreshold,404,risk_shift,1,0,3,0,365,0.0
32768,PDThreshold,404,risk_shift,1,0,4,0,365,0.0
32768,PDThreshold,404,risk_shift,1,1,0,0,403,0.0
32768,PDThreshold,404,risk_shift,1,1,1,0,403,0.0
32768,PDThreshold,404,risk_shift,1,1,2,403,403,1.0
32768,PDThreshold,404,risk_shift,1,1,3,0,403,0.0
32768,PDThreshold,404,risk_shift,1,1,4,0,403,0.0
32768,PDThreshold,404,risk_shift,1,2,0,0,15,0.0
32768,PDThreshold,404,risk_shift,1,2,1,0,15,0.0
32768,PDThreshold,404,risk_shift,1,2,2,15,15,1.0
32768,PDThreshold,404,risk_shift,1,2,3,0,15,0.0
32768,PDThreshold,404,risk_shift,1,2,4,0,15,0.0
32768,PDThreshold,404,risk_shift,2,0,0,0,94,0.0
32768,PDThreshold,404,risk_shift,2,0,1,94,94,1.0
32768,PDThreshold,404,risk_shift,2,0,2,0,94,0.0
32768,PDThreshold,404,risk_shift,2,0,3,0,94,0.0
32768,PDThreshold,404,risk_shift,2,0,4,0,94,0.0
32768,PDThreshold,404,risk_shift,2,1,0,0,355,0.0
32768,PDThreshold,404,risk_shift,2,1,1,338,355,0.952112676056338
32768,PDThreshold,404,risk_shift,2,1,2,17,355,0.04788732394366197
32768,PDThreshold,404,risk_shift,2,1,3,0,355,0.0
32768,PDThreshold,404,risk_shift,2,1,4,0,355,0.0
32768,PDThreshold,404,risk_shift,2,2,0,0,194,0.0
32768,PDThreshold,404,risk_shift,2,2,1,194,194,1.0
32768,PDThreshold,404,risk_shift,2,2,2,0,194,0.0
32768,PDThreshold,404,risk_shift,2,2,3,0,194,0.0
32768,PDThreshold,404,risk_shift,2,2,4,0,194,0.0
32768,PDThreshold,505,risk_shift,0,0,0,0,551,0.0
32768,PDThreshold,505,risk_shift,0,0,1,0,551,0.0
32768,PDThreshold,505,risk_shift,0,0,2,216,551,0.39201451905626133
32768,PDThreshold,505,risk_shift,0,0,3,335,551,0.6079854809437386
32768,PDThreshold,505,risk_shift,0,0,4,0,551,0.0
32768,PDThreshold,505,risk_shift,0,1,0,0,43,0.0
32768,PDThreshold,505,risk_shift,0,1,1,0,43,0.0
32768,PDThreshold,505,risk_shift,0,1,2,1,43,0.023255813953488372
32768,PDThreshold,505,risk_shift,0,1,3,42,43,0.9767441860465116
32768,PDThreshold,505,risk_shift,0,1,4,0,43,0.0
32768,PDThreshold,505,risk_shift,1,0,0,0,365,0.0
32768,PDThreshold,505,risk_shift,1,0,1,0,365,0.0
32768,PDThreshold,505,risk_shift,1,0,2,365,365,1.0
32768,PDThreshold,505,risk_shift,1,0,3,0,365,0.0
32768,PDThreshold,505,risk_shift,1,0,4,0,365,0.0
32768,PDThreshold,505,risk_shift,1,1,0,0,403,0.0
32768,PDThreshold,505,risk_shift,1,1,1,0,403,0.0
32768,PDThreshold,505,risk_shift,1,1,2,403,403,1.0
32768,PDThreshold,505,risk_shift,1,1,3,0,403,0.0
32768,PDThreshold,505,risk_shift,1,1,4,0,403,0.0
32768,PDThreshold,505,risk_shift,1,2,0,0,15,0.0
32768,PDThreshold,505,risk_shift,1,2,1,0,15,0.0
32768,PDThreshold,505,risk_shift,1,2,2,15,15,1.0
32768,PDThreshold,505,risk_shift,1,2,3,0,15,0.0
32768,PDThreshold,505,risk_shift,1,2,4,0,15,0.0
32768,PDThreshold,505,risk_shift,2,0,0,0,94,0.0
32768,PDThreshold,505,risk_shift,2,0,1,94,94,1.0
32768,PDThreshold,505,risk_shift,2,0,2,0,94,0.0
32768,PDThreshold,505,risk_shift,2,0,3,0,94,0.0
32768,PDThreshold,505,risk_shift,2,0,4,0,94,0.0
32768,PDThreshold,505,risk_shift,2,1,0,0,355,0.0
32768,PDThreshold,505,risk_shift,2,1,1,338,355,0.952112676056338
32768,PDThreshold,505,risk_shift,2,1,2,17,355,0.04788732394366197
32768,PDThreshold,505,risk_shift,2,1,3,0,355,0.0
32768,PDThreshold,505,risk_shift,2,1,4,0,355,0.0
32768,PDThreshold,505,risk_shift,2,2,0,0,194,0.0
32768,PDThreshold,505,risk_shift,2,2,1,194,194,1.0
32768,PDThreshold,505,risk_shift,2,2,2,0,194,0.0
32768,PDThreshold,505,risk_shift,2,2,3,0,194,0.0
32768,PDThreshold,505,risk_shift,2,2,4,0,194,0.0
32768,Static,101,risk_shift,0,0,0,0,437,0.0
32768,Static,101,risk_shift,0,0,1,0,437,0.0
32768,Static,101,risk_shift,0,0,2,437,437,1.0
32768,Static,101,risk_shift,0,0,3,0,437,0.0
32768,Static,101,risk_shift,0,0,4,0,437,0.0
32768,Static,101,risk_shift,0,1,0,0,127,0.0
32768,Static,101,risk_shift,0,1,1,0,127,0.0
32768,Static,101,risk_shift,0,1,2,127,127,1.0
32768,Static,101,risk_shift,0,1,3,0,127,0.0
32768,Static,101,risk_shift,0,1,4,0,127,0.0
32768,Static,101,risk_shift,1,0,0,0,355,0.0
32768,Static,101,risk_shift,1,0,1,0,355,0.0
32768,Static,101,risk_shift,1,0,2,355,355,1.0
32768,Static,101,risk_shift,1,0,3,0,355,0.0
32768,Static,101,risk_shift,1,0,4,0,355,0.0
32768,Static,101,risk_shift,1,1,0,0,431,0.0
32768,Static,101,risk_shift,1,1,1,0,431,0.0
32768,Static,101,risk_shift,1,1,2,431,431,1.0
32768,Static,101,risk_shift,1,1,3,0,431,0.0
32768,Static,101,risk_shift,1,1,4,0,431,0.0
32768,Static,101,risk_shift,2,0,0,0,118,0.0
32768,Static,101,risk_shift,2,0,1,0,118,0.0
32768,Static,101,risk_shift,2,0,2,118,118,1.0
32768,Static,101,risk_shift,2,0,3,0,118,0.0
32768,Static,101,risk_shift,2,0,4,0,118,0.0
32768,Static,101,risk_shift,2,1,0,0,567,0.0
32768,Static,101,risk_shift,2,1,1,0,567,0.0
32768,Static,101,risk_shift,2,1,2,567,567,1.0
32768,Static,101,risk_shift,2,1,3,0,567,0.0
32768,Static,101,risk_shift,2,1,4,0,567,0.0
32768,Static,202,risk_shift,0,0,0,0,437,0.0
32768,Static,202,risk_shift,0,0,1,0,437,0.0
32768,Static,202,risk_shift,0,0,2,437,437,1.0
32768,Static,202,risk_shift,0,0,3,0,437,0.0
32768,Static,202,risk_shift,0,0,4,0,437,0.0
32768,Static,202,risk_shift,0,1,0,0,127,0.0
32768,Static,202,risk_shift,0,1,1,0,127,0.0
32768,Static,202,risk_shift,0,1,2,127,127,1.0
32768,Static,202,risk_shift,0,1,3,0,127,0.0
32768,Static,202,risk_shift,0,1,4,0,127,0.0
32768,Static,202,risk_shift,1,0,0,0,355,0.0
32768,Static,202,risk_shift,1,0,1,0,355,0.0
32768,Static,202,risk_shift,1,0,2,355,355,1.0
32768,Static,202,risk_shift,1,0,3,0,355,0.0
32768,Static,202,risk_shift,1,0,4,0,355,0.0
32768,Static,202,risk_shift,1,1,0,0,431,0.0
32768,Static,202,risk_shift,1,1,1,0,431,0.0
32768,Static,202,risk_shift,1,1,2,431,431,1.0
32768,Static,202,risk_shift,1,1,3,0,431,0.0
32768,Static,202,risk_shift,1,1,4,0,431,0.0
32768,Static,202,risk_shift,2,0,0,0,118,0.0
32768,Static,202,risk_shift,2,0,1,0,118,0.0
32768,Static,202,risk_shift,2,0,2,118,118,1.0
32768,Static,202,risk_shift,2,0,3,0,118,0.0
32768,Static,202,risk_shift,2,0,4,0,118,0.0
32768,Static,202,risk_shift,2,1,0,0,567,0.0
32768,Static,202,risk_shift,2,1,1,0,567,0.0
32768,Static,202,risk_shift,2,1,2,567,567,1.0
32768,Static,202,risk_shift,2,1,3,0,567,0.0
32768,Static,202,risk_shift,2,1,4,0,567,0.0
32768,Static,303,risk_shift,0,0,0,0,437,0.0
32768,Static,303,risk_shift,0,0,1,0,437,0.0
32768,Static,303,risk_shift,0,0,2,437,437,1.0
32768,Static,303,risk_shift,0,0,3,0,437,0.0
32768,Static,303,risk_shift,0,0,4,0,437,0.0
32768,Static,303,risk_shift,0,1,0,0,127,0.0
32768,Static,303,risk_shift,0,1,1,0,127,0.0
32768,Static,303,risk_shift,0,1,2,127,127,1.0
32768,Static,303,risk_shift,0,1,3,0,127,0.0
32768,Static,303,risk_shift,0,1,4,0,127,0.0
32768,Static,303,risk_shift,1,0,0,0,355,0.0
32768,Static,303,risk_shift,1,0,1,0,355,0.0
32768,Static,303,risk_shift,1,0,2,355,355,1.0
32768,Static,303,risk_shift,1,0,3,0,355,0.0
32768,Static,303,risk_shift,1,0,4,0,355,0.0
32768,Static,303,risk_shift,1,1,0,0,431,0.0
32768,Static,303,risk_shift,1,1,1,0,431,0.0
32768,Static,303,risk_shift,1,1,2,431,431,1.0
32768,Static,303,risk_shift,1,1,3,0,431,0.0
32768,Static,303,risk_shift,1,1,4,0,431,0.0
32768,Static,303,risk_shift,2,0,0,0,118,0.0
32768,Static,303,risk_shift,2,0,1,0,118,0.0
32768,Static,303,risk_shift,2,0,2,118,118,1.0
32768,Static,303,risk_shift,2,0,3,0,118,0.0
32768,Static,303,risk_shift,2,0,4,0,118,0.0
32768,Static,303,risk_shift,2,1,0,0,567,0.0
32768,Static,303,risk_shift,2,1,1,0,567,0.0
32768,Static,303,risk_shift,2,1,2,567,567,1.0
32768,Static,303,risk_shift,2,1,3,0,567,0.0
32768,Static,303,risk_shift,2,1,4,0,567,0.0
32768,Static,404,risk_shift,0,0,0,0,437,0.0
32768,Static,404,risk_shift,0,0,1,0,437,0.0
32768,Static,404,risk_shift,0,0,2,437,437,1.0
32768,Static,404,risk_shift,0,0,3,0,437,0.0
32768,Static,404,risk_shift,0,0,4,0,437,0.0
32768,Static,404,risk_shift,0,1,0,0,127,0.0
32768,Static,404,risk_shift,0,1,1,0,127,0.0
32768,Static,404,risk_shift,0,1,2,127,127,1.0
32768,Static,404,risk_shift,0,1,3,0,127,0.0
32768,Static,404,risk_shift,0,1,4,0,127,0.0
32768,Static,404,risk_shift,1,0,0,0,355,0.0
32768,Static,404,risk_shift,1,0,1,0,355,0.0
32768,Static,404,risk_shift,1,0,2,355,355,1.0
32768,Static,404,risk_shift,1,0,3,0,355,0.0
32768,Static,404,risk_shift,1,0,4,0,355,0.0
32768,Static,404,risk_shift,1,1,0,0,431,0.0
32768,Static,404,risk_shift,1,1,1,0,431,0.0
32768,Static,404,risk_shift,1,1,2,431,431,1.0
32768,Static,404,risk_shift,1,1,3,0,431,0.0
32768,Static,404,risk_shift,1,1,4,0,431,0.0
32768,Static,404,risk_shift,2,0,0,0,118,0.0
32768,Static,404,risk_shift,2,0,1,0,118,0.0
32768,Static,404,risk_shift,2,0,2,118,118,1.0
32768,Static,404,risk_shift,2,0,3,0,118,0.0
32768,Static,404,risk_shift,2,0,4,0,118,0.0
32768,Static,404,risk_shift,2,1,0,0,567,0.0
32768,Static,404,risk_shift,2,1,1,0,567,0.0
32768,Static,404,risk_shift,2,1,2,567,567,1.0
32768,Static,404,risk_shift,2,1,3,0,567,0.0
32768,Static,404,risk_shift,2,1,4,0,567,0.0
32768,Static,505,risk_shift,0,0,0,0,437,0.0
32768,Static,505,risk_shift,0,0,1,0,437,0.0
32768,Static,505,risk_shift,0,0,2,437,437,1.0
32768,Static,505,risk_shift,0,0,3,0,437,0.0
32768,Static,505,risk_shift,0,0,4,0,437,0.0
32768,Static,505,risk_shift,0,1,0,0,127,0.0
32768,Static,505,risk_shift,0,1,1,0,127,0.0
32768,Static,505,risk_shift,0,1,2,127,127,1.0
32768,Static,505,risk_shift,0,1,3,0,127,0.0
32768,Static,505,risk_shift,0,1,4,0,127,0.0
32768,Static,505,risk_shift,1,0,0,0,355,0.0
32768,Static,505,risk_shift,1,0,1,0,355,0.0
32768,Static,505,risk_shift,1,0,2,355,355,1.0
32768,Static,505,risk_shift,1,0,3,0,355,0.0
32768,Static,505,risk_shift,1,0,4,0,355,0.0
32768,Static,505,risk_shift,1,1,0,0,431,0.0
32768,Static,505,risk_shift,1,1,1,0,431,0.0
32768,Static,505,risk_shift,1,1,2,431,431,1.0
32768,Static,505,risk_shift,1,1,3,0,431,0.0
32768,Static,505,risk_shift,1,1,4,0,431,0.0
32768,Static,505,risk_shift,2,0,0,0,118,0.0
32768,Static,505,risk_shift,2,0,1,0,118,0.0
32768,Static,505,risk_shift,2,0,2,118,118,1.0
32768,Static,505,risk_shift,2,0,3,0,118,0.0
32768,Static,505,risk_shift,2,0,4,0,118,0.0
32768,Static,505,risk_shift,2,1,0,0,567,0.0
32768,Static,505,risk_shift,2,1,1,0,567,0.0
32768,Static,505,risk_shift,2,1,2,567,567,1.0
32768,Static,505,risk_shift,2,1,3,0,567,0.0
32768,Static,505,risk_shift,2,1,4,0,567,0.0
32768,AlwaysDecrease20,101,severe_stress,0,0,0,15,15,1.0
32768,AlwaysDecrease20,101,severe_stress,0,0,1,0,15,0.0
32768,AlwaysDecrease20,101,severe_stress,0,0,2,0,15,0.0
32768,AlwaysDecrease20,101,severe_stress,0,0,3,0,15,0.0
32768,AlwaysDecrease20,101,severe_stress,0,0,4,0,15,0.0
32768,AlwaysDecrease20,101,severe_stress,0,1,0,17,34,0.5
32768,AlwaysDecrease20,101,severe_stress,0,1,1,0,34,0.0
32768,AlwaysDecrease20,101,severe_stress,0,1,2,17,34,0.5
32768,AlwaysDecrease20,101,severe_stress,0,1,3,0,34,0.0
32768,AlwaysDecrease20,101,severe_stress,0,1,4,0,34,0.0
32768,AlwaysDecrease20,101,severe_stress,1,0,0,127,127,1.0
32768,AlwaysDecrease20,101,severe_stress,1,0,1,0,127,0.0
32768,AlwaysDecrease20,101,severe_stress,1,0,2,0,127,0.0
32768,AlwaysDecrease20,101,severe_stress,1,0,3,0,127,0.0
32768,AlwaysDecrease20,101,severe_stress,1,0,4,0,127,0.0
32768,AlwaysDecrease20,101,severe_stress,1,1,0,190,213,0.892018779342723
32768,AlwaysDecrease20,101,severe_stress,1,1,1,0,213,0.0
32768,AlwaysDecrease20,101,severe_stress,1,1,2,23,213,0.107981220657277
32768,AlwaysDecrease20,101,severe_stress,1,1,3,0,213,0.0
32768,AlwaysDecrease20,101,severe_stress,1,1,4,0,213,0.0
32768,AlwaysDecrease20,101,severe_stress,1,2,0,32,33,0.9696969696969697
32768,AlwaysDecrease20,101,severe_stress,1,2,1,0,33,0.0
32768,AlwaysDecrease20,101,severe_stress,1,2,2,1,33,0.030303030303030304
32768,AlwaysDecrease20,101,severe_stress,1,2,3,0,33,0.0
32768,AlwaysDecrease20,101,severe_stress,1,2,4,0,33,0.0
32768,AlwaysDecrease20,101,severe_stress,2,0,0,58,58,1.0
32768,AlwaysDecrease20,101,severe_stress,2,0,1,0,58,0.0
32768,AlwaysDecrease20,101,severe_stress,2,0,2,0,58,0.0
32768,AlwaysDecrease20,101,severe_stress,2,0,3,0,58,0.0
32768,AlwaysDecrease20,101,severe_stress,2,0,4,0,58,0.0
32768,AlwaysDecrease20,101,severe_stress,2,1,0,233,259,0.8996138996138996
32768,AlwaysDecrease20,101,severe_stress,2,1,1,0,259,0.0
32768,AlwaysDecrease20,101,severe_stress,2,1,2,26,259,0.10038610038610038
32768,AlwaysDecrease20,101,severe_stress,2,1,3,0,259,0.0
32768,AlwaysDecrease20,101,severe_stress,2,1,4,0,259,0.0
32768,AlwaysDecrease20,101,severe_stress,2,2,0,283,292,0.9691780821917808
32768,AlwaysDecrease20,101,severe_stress,2,2,1,0,292,0.0
32768,AlwaysDecrease20,101,severe_stress,2,2,2,9,292,0.030821917808219176
32768,AlwaysDecrease20,101,severe_stress,2,2,3,0,292,0.0
32768,AlwaysDecrease20,101,severe_stress,2,2,4,0,292,0.0
32768,AlwaysDecrease20,202,severe_stress,0,0,0,15,15,1.0
32768,AlwaysDecrease20,202,severe_stress,0,0,1,0,15,0.0
32768,AlwaysDecrease20,202,severe_stress,0,0,2,0,15,0.0
32768,AlwaysDecrease20,202,severe_stress,0,0,3,0,15,0.0
32768,AlwaysDecrease20,202,severe_stress,0,0,4,0,15,0.0
32768,AlwaysDecrease20,202,severe_stress,0,1,0,17,34,0.5
32768,AlwaysDecrease20,202,severe_stress,0,1,1,0,34,0.0
32768,AlwaysDecrease20,202,severe_stress,0,1,2,17,34,0.5
32768,AlwaysDecrease20,202,severe_stress,0,1,3,0,34,0.0
32768,AlwaysDecrease20,202,severe_stress,0,1,4,0,34,0.0
32768,AlwaysDecrease20,202,severe_stress,1,0,0,127,127,1.0
32768,AlwaysDecrease20,202,severe_stress,1,0,1,0,127,0.0
32768,AlwaysDecrease20,202,severe_stress,1,0,2,0,127,0.0
32768,AlwaysDecrease20,202,severe_stress,1,0,3,0,127,0.0
32768,AlwaysDecrease20,202,severe_stress,1,0,4,0,127,0.0
32768,AlwaysDecrease20,202,severe_stress,1,1,0,190,213,0.892018779342723
32768,AlwaysDecrease20,202,severe_stress,1,1,1,0,213,0.0
32768,AlwaysDecrease20,202,severe_stress,1,1,2,23,213,0.107981220657277
32768,AlwaysDecrease20,202,severe_stress,1,1,3,0,213,0.0
32768,AlwaysDecrease20,202,severe_stress,1,1,4,0,213,0.0
32768,AlwaysDecrease20,202,severe_stress,1,2,0,32,33,0.9696969696969697
32768,AlwaysDecrease20,202,severe_stress,1,2,1,0,33,0.0
32768,AlwaysDecrease20,202,severe_stress,1,2,2,1,33,0.030303030303030304
32768,AlwaysDecrease20,202,severe_stress,1,2,3,0,33,0.0
32768,AlwaysDecrease20,202,severe_stress,1,2,4,0,33,0.0
32768,AlwaysDecrease20,202,severe_stress,2,0,0,58,58,1.0
32768,AlwaysDecrease20,202,severe_stress,2,0,1,0,58,0.0
32768,AlwaysDecrease20,202,severe_stress,2,0,2,0,58,0.0
32768,AlwaysDecrease20,202,severe_stress,2,0,3,0,58,0.0
32768,AlwaysDecrease20,202,severe_stress,2,0,4,0,58,0.0
32768,AlwaysDecrease20,202,severe_stress,2,1,0,233,259,0.8996138996138996
32768,AlwaysDecrease20,202,severe_stress,2,1,1,0,259,0.0
32768,AlwaysDecrease20,202,severe_stress,2,1,2,26,259,0.10038610038610038
32768,AlwaysDecrease20,202,severe_stress,2,1,3,0,259,0.0
32768,AlwaysDecrease20,202,severe_stress,2,1,4,0,259,0.0
32768,AlwaysDecrease20,202,severe_stress,2,2,0,283,292,0.9691780821917808
32768,AlwaysDecrease20,202,severe_stress,2,2,1,0,292,0.0
32768,AlwaysDecrease20,202,severe_stress,2,2,2,9,292,0.030821917808219176
32768,AlwaysDecrease20,202,severe_stress,2,2,3,0,292,0.0
32768,AlwaysDecrease20,202,severe_stress,2,2,4,0,292,0.0
32768,AlwaysDecrease20,303,severe_stress,0,0,0,15,15,1.0
32768,AlwaysDecrease20,303,severe_stress,0,0,1,0,15,0.0
32768,AlwaysDecrease20,303,severe_stress,0,0,2,0,15,0.0
32768,AlwaysDecrease20,303,severe_stress,0,0,3,0,15,0.0
32768,AlwaysDecrease20,303,severe_stress,0,0,4,0,15,0.0
32768,AlwaysDecrease20,303,severe_stress,0,1,0,17,34,0.5
32768,AlwaysDecrease20,303,severe_stress,0,1,1,0,34,0.0
32768,AlwaysDecrease20,303,severe_stress,0,1,2,17,34,0.5
32768,AlwaysDecrease20,303,severe_stress,0,1,3,0,34,0.0
32768,AlwaysDecrease20,303,severe_stress,0,1,4,0,34,0.0
32768,AlwaysDecrease20,303,severe_stress,1,0,0,127,127,1.0
32768,AlwaysDecrease20,303,severe_stress,1,0,1,0,127,0.0
32768,AlwaysDecrease20,303,severe_stress,1,0,2,0,127,0.0
32768,AlwaysDecrease20,303,severe_stress,1,0,3,0,127,0.0
32768,AlwaysDecrease20,303,severe_stress,1,0,4,0,127,0.0
32768,AlwaysDecrease20,303,severe_stress,1,1,0,190,213,0.892018779342723
32768,AlwaysDecrease20,303,severe_stress,1,1,1,0,213,0.0
32768,AlwaysDecrease20,303,severe_stress,1,1,2,23,213,0.107981220657277
32768,AlwaysDecrease20,303,severe_stress,1,1,3,0,213,0.0
32768,AlwaysDecrease20,303,severe_stress,1,1,4,0,213,0.0
32768,AlwaysDecrease20,303,severe_stress,1,2,0,32,33,0.9696969696969697
32768,AlwaysDecrease20,303,severe_stress,1,2,1,0,33,0.0
32768,AlwaysDecrease20,303,severe_stress,1,2,2,1,33,0.030303030303030304
32768,AlwaysDecrease20,303,severe_stress,1,2,3,0,33,0.0
32768,AlwaysDecrease20,303,severe_stress,1,2,4,0,33,0.0
32768,AlwaysDecrease20,303,severe_stress,2,0,0,58,58,1.0
32768,AlwaysDecrease20,303,severe_stress,2,0,1,0,58,0.0
32768,AlwaysDecrease20,303,severe_stress,2,0,2,0,58,0.0
32768,AlwaysDecrease20,303,severe_stress,2,0,3,0,58,0.0
32768,AlwaysDecrease20,303,severe_stress,2,0,4,0,58,0.0
32768,AlwaysDecrease20,303,severe_stress,2,1,0,233,259,0.8996138996138996
32768,AlwaysDecrease20,303,severe_stress,2,1,1,0,259,0.0
32768,AlwaysDecrease20,303,severe_stress,2,1,2,26,259,0.10038610038610038
32768,AlwaysDecrease20,303,severe_stress,2,1,3,0,259,0.0
32768,AlwaysDecrease20,303,severe_stress,2,1,4,0,259,0.0
32768,AlwaysDecrease20,303,severe_stress,2,2,0,283,292,0.9691780821917808
32768,AlwaysDecrease20,303,severe_stress,2,2,1,0,292,0.0
32768,AlwaysDecrease20,303,severe_stress,2,2,2,9,292,0.030821917808219176
32768,AlwaysDecrease20,303,severe_stress,2,2,3,0,292,0.0
32768,AlwaysDecrease20,303,severe_stress,2,2,4,0,292,0.0
32768,AlwaysDecrease20,404,severe_stress,0,0,0,15,15,1.0
32768,AlwaysDecrease20,404,severe_stress,0,0,1,0,15,0.0
32768,AlwaysDecrease20,404,severe_stress,0,0,2,0,15,0.0
32768,AlwaysDecrease20,404,severe_stress,0,0,3,0,15,0.0
32768,AlwaysDecrease20,404,severe_stress,0,0,4,0,15,0.0
32768,AlwaysDecrease20,404,severe_stress,0,1,0,17,34,0.5
32768,AlwaysDecrease20,404,severe_stress,0,1,1,0,34,0.0
32768,AlwaysDecrease20,404,severe_stress,0,1,2,17,34,0.5
32768,AlwaysDecrease20,404,severe_stress,0,1,3,0,34,0.0
32768,AlwaysDecrease20,404,severe_stress,0,1,4,0,34,0.0
32768,AlwaysDecrease20,404,severe_stress,1,0,0,127,127,1.0
32768,AlwaysDecrease20,404,severe_stress,1,0,1,0,127,0.0
32768,AlwaysDecrease20,404,severe_stress,1,0,2,0,127,0.0
32768,AlwaysDecrease20,404,severe_stress,1,0,3,0,127,0.0
32768,AlwaysDecrease20,404,severe_stress,1,0,4,0,127,0.0
32768,AlwaysDecrease20,404,severe_stress,1,1,0,190,213,0.892018779342723
32768,AlwaysDecrease20,404,severe_stress,1,1,1,0,213,0.0
32768,AlwaysDecrease20,404,severe_stress,1,1,2,23,213,0.107981220657277
32768,AlwaysDecrease20,404,severe_stress,1,1,3,0,213,0.0
32768,AlwaysDecrease20,404,severe_stress,1,1,4,0,213,0.0
32768,AlwaysDecrease20,404,severe_stress,1,2,0,32,33,0.9696969696969697
32768,AlwaysDecrease20,404,severe_stress,1,2,1,0,33,0.0
32768,AlwaysDecrease20,404,severe_stress,1,2,2,1,33,0.030303030303030304
32768,AlwaysDecrease20,404,severe_stress,1,2,3,0,33,0.0
32768,AlwaysDecrease20,404,severe_stress,1,2,4,0,33,0.0
32768,AlwaysDecrease20,404,severe_stress,2,0,0,58,58,1.0
32768,AlwaysDecrease20,404,severe_stress,2,0,1,0,58,0.0
32768,AlwaysDecrease20,404,severe_stress,2,0,2,0,58,0.0
32768,AlwaysDecrease20,404,severe_stress,2,0,3,0,58,0.0
32768,AlwaysDecrease20,404,severe_stress,2,0,4,0,58,0.0
32768,AlwaysDecrease20,404,severe_stress,2,1,0,233,259,0.8996138996138996
32768,AlwaysDecrease20,404,severe_stress,2,1,1,0,259,0.0
32768,AlwaysDecrease20,404,severe_stress,2,1,2,26,259,0.10038610038610038
32768,AlwaysDecrease20,404,severe_stress,2,1,3,0,259,0.0
32768,AlwaysDecrease20,404,severe_stress,2,1,4,0,259,0.0
32768,AlwaysDecrease20,404,severe_stress,2,2,0,283,292,0.9691780821917808
32768,AlwaysDecrease20,404,severe_stress,2,2,1,0,292,0.0
32768,AlwaysDecrease20,404,severe_stress,2,2,2,9,292,0.030821917808219176
32768,AlwaysDecrease20,404,severe_stress,2,2,3,0,292,0.0
32768,AlwaysDecrease20,404,severe_stress,2,2,4,0,292,0.0
32768,AlwaysDecrease20,505,severe_stress,0,0,0,15,15,1.0
32768,AlwaysDecrease20,505,severe_stress,0,0,1,0,15,0.0
32768,AlwaysDecrease20,505,severe_stress,0,0,2,0,15,0.0
32768,AlwaysDecrease20,505,severe_stress,0,0,3,0,15,0.0
32768,AlwaysDecrease20,505,severe_stress,0,0,4,0,15,0.0
32768,AlwaysDecrease20,505,severe_stress,0,1,0,17,34,0.5
32768,AlwaysDecrease20,505,severe_stress,0,1,1,0,34,0.0
32768,AlwaysDecrease20,505,severe_stress,0,1,2,17,34,0.5
32768,AlwaysDecrease20,505,severe_stress,0,1,3,0,34,0.0
32768,AlwaysDecrease20,505,severe_stress,0,1,4,0,34,0.0
32768,AlwaysDecrease20,505,severe_stress,1,0,0,127,127,1.0
32768,AlwaysDecrease20,505,severe_stress,1,0,1,0,127,0.0
32768,AlwaysDecrease20,505,severe_stress,1,0,2,0,127,0.0
32768,AlwaysDecrease20,505,severe_stress,1,0,3,0,127,0.0
32768,AlwaysDecrease20,505,severe_stress,1,0,4,0,127,0.0
32768,AlwaysDecrease20,505,severe_stress,1,1,0,190,213,0.892018779342723
32768,AlwaysDecrease20,505,severe_stress,1,1,1,0,213,0.0
32768,AlwaysDecrease20,505,severe_stress,1,1,2,23,213,0.107981220657277
32768,AlwaysDecrease20,505,severe_stress,1,1,3,0,213,0.0
32768,AlwaysDecrease20,505,severe_stress,1,1,4,0,213,0.0
32768,AlwaysDecrease20,505,severe_stress,1,2,0,32,33,0.9696969696969697
32768,AlwaysDecrease20,505,severe_stress,1,2,1,0,33,0.0
32768,AlwaysDecrease20,505,severe_stress,1,2,2,1,33,0.030303030303030304
32768,AlwaysDecrease20,505,severe_stress,1,2,3,0,33,0.0
32768,AlwaysDecrease20,505,severe_stress,1,2,4,0,33,0.0
32768,AlwaysDecrease20,505,severe_stress,2,0,0,58,58,1.0
32768,AlwaysDecrease20,505,severe_stress,2,0,1,0,58,0.0
32768,AlwaysDecrease20,505,severe_stress,2,0,2,0,58,0.0
32768,AlwaysDecrease20,505,severe_stress,2,0,3,0,58,0.0
32768,AlwaysDecrease20,505,severe_stress,2,0,4,0,58,0.0
32768,AlwaysDecrease20,505,severe_stress,2,1,0,233,259,0.8996138996138996
32768,AlwaysDecrease20,505,severe_stress,2,1,1,0,259,0.0
32768,AlwaysDecrease20,505,severe_stress,2,1,2,26,259,0.10038610038610038
32768,AlwaysDecrease20,505,severe_stress,2,1,3,0,259,0.0
32768,AlwaysDecrease20,505,severe_stress,2,1,4,0,259,0.0
32768,AlwaysDecrease20,505,severe_stress,2,2,0,283,292,0.9691780821917808
32768,AlwaysDecrease20,505,severe_stress,2,2,1,0,292,0.0
32768,AlwaysDecrease20,505,severe_stress,2,2,2,9,292,0.030821917808219176
32768,AlwaysDecrease20,505,severe_stress,2,2,3,0,292,0.0
32768,AlwaysDecrease20,505,severe_stress,2,2,4,0,292,0.0
32768,BCInitPPO,101,severe_stress,0,0,0,15,15,1.0
32768,BCInitPPO,101,severe_stress,0,0,1,0,15,0.0
32768,BCInitPPO,101,severe_stress,0,0,2,0,15,0.0
32768,BCInitPPO,101,severe_stress,0,0,3,0,15,0.0
32768,BCInitPPO,101,severe_stress,0,0,4,0,15,0.0
32768,BCInitPPO,101,severe_stress,0,1,0,18,40,0.45
32768,BCInitPPO,101,severe_stress,0,1,1,2,40,0.05
32768,BCInitPPO,101,severe_stress,0,1,2,3,40,0.075
32768,BCInitPPO,101,severe_stress,0,1,3,0,40,0.0
32768,BCInitPPO,101,severe_stress,0,1,4,17,40,0.425
32768,BCInitPPO,101,severe_stress,0,2,0,0,1,0.0
32768,BCInitPPO,101,severe_stress,0,2,1,1,1,1.0
32768,BCInitPPO,101,severe_stress,0,2,2,0,1,0.0
32768,BCInitPPO,101,severe_stress,0,2,3,0,1,0.0
32768,BCInitPPO,101,severe_stress,0,2,4,0,1,0.0
32768,BCInitPPO,101,severe_stress,1,0,0,127,127,1.0
32768,BCInitPPO,101,severe_stress,1,0,1,0,127,0.0
32768,BCInitPPO,101,severe_stress,1,0,2,0,127,0.0
32768,BCInitPPO,101,severe_stress,1,0,3,0,127,0.0
32768,BCInitPPO,101,severe_stress,1,0,4,0,127,0.0
32768,BCInitPPO,101,severe_stress,1,1,0,207,265,0.7811320754716982
32768,BCInitPPO,101,severe_stress,1,1,1,29,265,0.10943396226415095
32768,BCInitPPO,101,severe_stress,1,1,2,24,265,0.09056603773584905
32768,BCInitPPO,101,severe_stress,1,1,3,2,265,0.007547169811320755
32768,BCInitPPO,101,severe_stress,1,1,4,3,265,0.011320754716981131
32768,BCInitPPO,101,severe_stress,1,2,0,5,27,0.18518518518518517
32768,BCInitPPO,101,severe_stress,1,2,1,13,27,0.48148148148148145
32768,BCInitPPO,101,severe_stress,1,2,2,8,27,0.2962962962962963
32768,BCInitPPO,101,severe_stress,1,2,3,0,27,0.0
32768,BCInitPPO,101,severe_stress,1,2,4,1,27,0.037037037037037035
32768,BCInitPPO,101,severe_stress,2,0,0,58,58,1.0
32768,BCInitPPO,101,severe_stress,2,0,1,0,58,0.0
32768,BCInitPPO,101,severe_stress,2,0,2,0,58,0.0
32768,BCInitPPO,101,severe_stress,2,0,3,0,58,0.0
32768,BCInitPPO,101,severe_stress,2,0,4,0,58,0.0
32768,BCInitPPO,101,severe_stress,2,1,0,240,290,0.8275862068965517
32768,BCInitPPO,101,severe_stress,2,1,1,19,290,0.06551724137931035
32768,BCInitPPO,101,severe_stress,2,1,2,31,290,0.10689655172413794
32768,BCInitPPO,101,severe_stress,2,1,3,0,290,0.0
32768,BCInitPPO,101,severe_stress,2,1,4,0,290,0.0
32768,BCInitPPO,101,severe_stress,2,2,0,58,350,0.1657142857142857
32768,BCInitPPO,101,severe_stress,2,2,1,151,350,0.43142857142857144
32768,BCInitPPO,101,severe_stress,2,2,2,133,350,0.38
32768,BCInitPPO,101,severe_stress,2,2,3,7,350,0.02
32768,BCInitPPO,101,severe_stress,2,2,4,1,350,0.002857142857142857
32768,BCInitPPO,202,severe_stress,0,0,0,15,15,1.0
32768,BCInitPPO,202,severe_stress,0,0,1,0,15,0.0
32768,BCInitPPO,202,severe_stress,0,0,2,0,15,0.0
32768,BCInitPPO,202,severe_stress,0,0,3,0,15,0.0
32768,BCInitPPO,202,severe_stress,0,0,4,0,15,0.0
32768,BCInitPPO,202,severe_stress,0,1,0,21,42,0.5
32768,BCInitPPO,202,severe_stress,0,1,1,2,42,0.047619047619047616
32768,BCInitPPO,202,severe_stress,0,1,2,5,42,0.11904761904761904
32768,BCInitPPO,202,severe_stress,0,1,3,5,42,0.11904761904761904
32768,BCInitPPO,202,severe_stress,0,1,4,9,42,0.21428571428571427
32768,BCInitPPO,202,severe_stress,1,0,0,127,127,1.0
32768,BCInitPPO,202,severe_stress,1,0,1,0,127,0.0
32768,BCInitPPO,202,severe_stress,1,0,2,0,127,0.0
32768,BCInitPPO,202,severe_stress,1,0,3,0,127,0.0
32768,BCInitPPO,202,severe_stress,1,0,4,0,127,0.0
32768,BCInitPPO,202,severe_stress,1,1,0,211,256,0.82421875
32768,BCInitPPO,202,severe_stress,1,1,1,11,256,0.04296875
32768,BCInitPPO,202,severe_stress,1,1,2,29,256,0.11328125
32768,BCInitPPO,202,severe_stress,1,1,3,0,256,0.0
32768,BCInitPPO,202,severe_stress,1,1,4,5,256,0.01953125
32768,BCInitPPO,202,severe_stress,1,2,0,9,36,0.25
32768,BCInitPPO,202,severe_stress,1,2,1,16,36,0.4444444444444444
32768,BCInitPPO,202,severe_stress,1,2,2,9,36,0.25
32768,BCInitPPO,202,severe_stress,1,2,3,2,36,0.05555555555555555
32768,BCInitPPO,202,severe_stress,1,2,4,0,36,0.0
32768,BCInitPPO,202,severe_stress,2,0,0,58,58,1.0
32768,BCInitPPO,202,severe_stress,2,0,1,0,58,0.0
32768,BCInitPPO,202,severe_stress,2,0,2,0,58,0.0
32768,BCInitPPO,202,severe_stress,2,0,3,0,58,0.0
32768,BCInitPPO,202,severe_stress,2,0,4,0,58,0.0
32768,BCInitPPO,202,severe_stress,2,1,0,230,278,0.8273381294964028
32768,BCInitPPO,202,severe_stress,2,1,1,15,278,0.0539568345323741
32768,BCInitPPO,202,severe_stress,2,1,2,33,278,0.11870503597122302
32768,BCInitPPO,202,severe_stress,2,1,3,0,278,0.0
32768,BCInitPPO,202,severe_stress,2,1,4,0,278,0.0
32768,BCInitPPO,202,severe_stress,2,2,0,70,339,0.20648967551622419
32768,BCInitPPO,202,severe_stress,2,2,1,165,339,0.48672566371681414
32768,BCInitPPO,202,severe_stress,2,2,2,83,339,0.2448377581120944
32768,BCInitPPO,202,severe_stress,2,2,3,20,339,0.058997050147492625
32768,BCInitPPO,202,severe_stress,2,2,4,1,339,0.0029498525073746312
32768,BCInitPPO,303,severe_stress,0,0,0,15,15,1.0
32768,BCInitPPO,303,severe_stress,0,0,1,0,15,0.0
32768,BCInitPPO,303,severe_stress,0,0,2,0,15,0.0
32768,BCInitPPO,303,severe_stress,0,0,3,0,15,0.0
32768,BCInitPPO,303,severe_stress,0,0,4,0,15,0.0
32768,BCInitPPO,303,severe_stress,0,1,0,30,44,0.6818181818181818
32768,BCInitPPO,303,severe_stress,0,1,1,0,44,0.0
32768,BCInitPPO,303,severe_stress,0,1,2,13,44,0.29545454545454547
32768,BCInitPPO,303,severe_stress,0,1,3,0,44,0.0
32768,BCInitPPO,303,severe_stress,0,1,4,1,44,0.022727272727272728
32768,BCInitPPO,303,severe_stress,1,0,0,127,127,1.0
32768,BCInitPPO,303,severe_stress,1,0,1,0,127,0.0
32768,BCInitPPO,303,severe_stress,1,0,2,0,127,0.0
32768,BCInitPPO,303,severe_stress,1,0,3,0,127,0.0
32768,BCInitPPO,303,severe_stress,1,0,4,0,127,0.0
32768,BCInitPPO,303,severe_stress,1,1,0,209,249,0.8393574297188755
32768,BCInitPPO,303,severe_stress,1,1,1,2,249,0.008032128514056224
32768,BCInitPPO,303,severe_stress,1,1,2,36,249,0.14457831325301204
32768,BCInitPPO,303,severe_stress,1,1,3,0,249,0.0
32768,BCInitPPO,303,severe_stress,1,1,4,2,249,0.008032128514056224
32768,BCInitPPO,303,severe_stress,1,2,0,12,39,0.3076923076923077
32768,BCInitPPO,303,severe_stress,1,2,1,18,39,0.46153846153846156
32768,BCInitPPO,303,severe_stress,1,2,2,9,39,0.23076923076923078
32768,BCInitPPO,303,severe_stress,1,2,3,0,39,0.0
32768,BCInitPPO,303,severe_stress,1,2,4,0,39,0.0
32768,BCInitPPO,303,severe_stress,2,0,0,58,58,1.0
32768,BCInitPPO,303,severe_stress,2,0,1,0,58,0.0
32768,BCInitPPO,303,severe_stress,2,0,2,0,58,0.0
32768,BCInitPPO,303,severe_stress,2,0,3,0,58,0.0
32768,BCInitPPO,303,severe_stress,2,0,4,0,58,0.0
32768,BCInitPPO,303,severe_stress,2,1,0,226,304,0.743421052631579
32768,BCInitPPO,303,severe_stress,2,1,1,11,304,0.03618421052631579
32768,BCInitPPO,303,severe_stress,2,1,2,66,304,0.21710526315789475
32768,BCInitPPO,303,severe_stress,2,1,3,0,304,0.0
32768,BCInitPPO,303,severe_stress,2,1,4,1,304,0.003289473684210526
32768,BCInitPPO,303,severe_stress,2,2,0,47,330,0.14242424242424243
32768,BCInitPPO,303,severe_stress,2,2,1,109,330,0.3303030303030303
32768,BCInitPPO,303,severe_stress,2,2,2,173,330,0.5242424242424243
32768,BCInitPPO,303,severe_stress,2,2,3,0,330,0.0
32768,BCInitPPO,303,severe_stress,2,2,4,1,330,0.0030303030303030303
32768,BCInitPPO,404,severe_stress,0,0,0,15,15,1.0
32768,BCInitPPO,404,severe_stress,0,0,1,0,15,0.0
32768,BCInitPPO,404,severe_stress,0,0,2,0,15,0.0
32768,BCInitPPO,404,severe_stress,0,0,3,0,15,0.0
32768,BCInitPPO,404,severe_stress,0,0,4,0,15,0.0
32768,BCInitPPO,404,severe_stress,0,1,0,19,45,0.4222222222222222
32768,BCInitPPO,404,severe_stress,0,1,1,7,45,0.15555555555555556
32768,BCInitPPO,404,severe_stress,0,1,2,7,45,0.15555555555555556
32768,BCInitPPO,404,severe_stress,0,1,3,2,45,0.044444444444444446
32768,BCInitPPO,404,severe_stress,0,1,4,10,45,0.2222222222222222
32768,BCInitPPO,404,severe_stress,1,0,0,127,127,1.0
32768,BCInitPPO,404,severe_stress,1,0,1,0,127,0.0
32768,BCInitPPO,404,severe_stress,1,0,2,0,127,0.0
32768,BCInitPPO,404,severe_stress,1,0,3,0,127,0.0
32768,BCInitPPO,404,severe_stress,1,0,4,0,127,0.0
32768,BCInitPPO,404,severe_stress,1,1,0,207,246,0.8414634146341463
32768,BCInitPPO,404,severe_stress,1,1,1,7,246,0.028455284552845527
32768,BCInitPPO,404,severe_stress,1,1,2,31,246,0.12601626016260162
32768,BCInitPPO,404,severe_stress,1,1,3,0,246,0.0
32768,BCInitPPO,404,severe_stress,1,1,4,1,246,0.0040650406504065045
32768,BCInitPPO,404,severe_stress,1,2,0,17,41,0.4146341463414634
32768,BCInitPPO,404,severe_stress,1,2,1,12,41,0.2926829268292683
32768,BCInitPPO,404,severe_stress,1,2,2,9,41,0.21951219512195122
32768,BCInitPPO,404,severe_stress,1,2,3,0,41,0.0
32768,BCInitPPO,404,severe_stress,1,2,4,3,41,0.07317073170731707
32768,BCInitPPO,404,severe_stress,2,0,0,58,58,1.0
32768,BCInitPPO,404,severe_stress,2,0,1,0,58,0.0
32768,BCInitPPO,404,severe_stress,2,0,2,0,58,0.0
32768,BCInitPPO,404,severe_stress,2,0,3,0,58,0.0
32768,BCInitPPO,404,severe_stress,2,0,4,0,58,0.0
32768,BCInitPPO,404,severe_stress,2,1,0,235,273,0.8608058608058609
32768,BCInitPPO,404,severe_stress,2,1,1,3,273,0.01098901098901099
32768,BCInitPPO,404,severe_stress,2,1,2,35,273,0.1282051282051282
32768,BCInitPPO,404,severe_stress,2,1,3,0,273,0.0
32768,BCInitPPO,404,severe_stress,2,1,4,0,273,0.0
32768,BCInitPPO,404,severe_stress,2,2,0,130,333,0.39039039039039036
32768,BCInitPPO,404,severe_stress,2,2,1,64,333,0.1921921921921922
32768,BCInitPPO,404,severe_stress,2,2,2,139,333,0.4174174174174174
32768,BCInitPPO,404,severe_stress,2,2,3,0,333,0.0
32768,BCInitPPO,404,severe_stress,2,2,4,0,333,0.0
32768,BCInitPPO,505,severe_stress,0,0,0,15,15,1.0
32768,BCInitPPO,505,severe_stress,0,0,1,0,15,0.0
32768,BCInitPPO,505,severe_stress,0,0,2,0,15,0.0
32768,BCInitPPO,505,severe_stress,0,0,3,0,15,0.0
32768,BCInitPPO,505,severe_stress,0,0,4,0,15,0.0
32768,BCInitPPO,505,severe_stress,0,1,0,19,45,0.4222222222222222
32768,BCInitPPO,505,severe_stress,0,1,1,0,45,0.0
32768,BCInitPPO,505,severe_stress,0,1,2,7,45,0.15555555555555556
32768,BCInitPPO,505,severe_stress,0,1,3,0,45,0.0
32768,BCInitPPO,505,severe_stress,0,1,4,19,45,0.4222222222222222
32768,BCInitPPO,505,severe_stress,1,0,0,127,127,1.0
32768,BCInitPPO,505,severe_stress,1,0,1,0,127,0.0
32768,BCInitPPO,505,severe_stress,1,0,2,0,127,0.0
32768,BCInitPPO,505,severe_stress,1,0,3,0,127,0.0
32768,BCInitPPO,505,severe_stress,1,0,4,0,127,0.0
32768,BCInitPPO,505,severe_stress,1,1,0,209,244,0.8565573770491803
32768,BCInitPPO,505,severe_stress,1,1,1,3,244,0.012295081967213115
32768,BCInitPPO,505,severe_stress,1,1,2,29,244,0.11885245901639344
32768,BCInitPPO,505,severe_stress,1,1,3,0,244,0.0
32768,BCInitPPO,505,severe_stress,1,1,4,3,244,0.012295081967213115
32768,BCInitPPO,505,severe_stress,1,2,0,19,40,0.475
32768,BCInitPPO,505,severe_stress,1,2,1,13,40,0.325
32768,BCInitPPO,505,severe_stress,1,2,2,4,40,0.1
32768,BCInitPPO,505,severe_stress,1,2,3,0,40,0.0
32768,BCInitPPO,505,severe_stress,1,2,4,4,40,0.1
32768,BCInitPPO,505,severe_stress,2,0,0,58,58,1.0
32768,BCInitPPO,505,severe_stress,2,0,1,0,58,0.0
32768,BCInitPPO,505,severe_stress,2,0,2,0,58,0.0
32768,BCInitPPO,505,severe_stress,2,0,3,0,58,0.0
32768,BCInitPPO,505,severe_stress,2,0,4,0,58,0.0
32768,BCInitPPO,505,severe_stress,2,1,0,234,270,0.8666666666666667
32768,BCInitPPO,505,severe_stress,2,1,1,2,270,0.007407407407407408
32768,BCInitPPO,505,severe_stress,2,1,2,34,270,0.1259259259259259
32768,BCInitPPO,505,severe_stress,2,1,3,0,270,0.0
32768,BCInitPPO,505,severe_stress,2,1,4,0,270,0.0
32768,BCInitPPO,505,severe_stress,2,2,0,115,321,0.3582554517133956
32768,BCInitPPO,505,severe_stress,2,2,1,111,321,0.34579439252336447
32768,BCInitPPO,505,severe_stress,2,2,2,82,321,0.2554517133956386
32768,BCInitPPO,505,severe_stress,2,2,3,12,321,0.037383177570093455
32768,BCInitPPO,505,severe_stress,2,2,4,1,321,0.003115264797507788
32768,BCRegularizedPPO,101,severe_stress,0,0,0,15,15,1.0
32768,BCRegularizedPPO,101,severe_stress,0,0,1,0,15,0.0
32768,BCRegularizedPPO,101,severe_stress,0,0,2,0,15,0.0
32768,BCRegularizedPPO,101,severe_stress,0,0,3,0,15,0.0
32768,BCRegularizedPPO,101,severe_stress,0,0,4,0,15,0.0
32768,BCRegularizedPPO,101,severe_stress,0,1,0,21,44,0.4772727272727273
32768,BCRegularizedPPO,101,severe_stress,0,1,1,7,44,0.1590909090909091
32768,BCRegularizedPPO,101,severe_stress,0,1,2,7,44,0.1590909090909091
32768,BCRegularizedPPO,101,severe_stress,0,1,3,4,44,0.09090909090909091
32768,BCRegularizedPPO,101,severe_stress,0,1,4,5,44,0.11363636363636363
32768,BCRegularizedPPO,101,severe_stress,1,0,0,127,127,1.0
32768,BCRegularizedPPO,101,severe_stress,1,0,1,0,127,0.0
32768,BCRegularizedPPO,101,severe_stress,1,0,2,0,127,0.0
32768,BCRegularizedPPO,101,severe_stress,1,0,3,0,127,0.0
32768,BCRegularizedPPO,101,severe_stress,1,0,4,0,127,0.0
32768,BCRegularizedPPO,101,severe_stress,1,1,0,202,255,0.792156862745098
32768,BCRegularizedPPO,101,severe_stress,1,1,1,41,255,0.1607843137254902
32768,BCRegularizedPPO,101,severe_stress,1,1,2,9,255,0.03529411764705882
32768,BCRegularizedPPO,101,severe_stress,1,1,3,2,255,0.00784313725490196
32768,BCRegularizedPPO,101,severe_stress,1,1,4,1,255,0.00392156862745098
32768,BCRegularizedPPO,101,severe_stress,1,2,0,8,33,0.24242424242424243
32768,BCRegularizedPPO,101,severe_stress,1,2,1,20,33,0.6060606060606061
32768,BCRegularizedPPO,101,severe_stress,1,2,2,2,33,0.06060606060606061
32768,BCRegularizedPPO,101,severe_stress,1,2,3,1,33,0.030303030303030304
32768,BCRegularizedPPO,101,severe_stress,1,2,4,2,33,0.06060606060606061
32768,BCRegularizedPPO,101,severe_stress,2,0,0,58,58,1.0
32768,BCRegularizedPPO,101,severe_stress,2,0,1,0,58,0.0
32768,BCRegularizedPPO,101,severe_stress,2,0,2,0,58,0.0
32768,BCRegularizedPPO,101,severe_stress,2,0,3,0,58,0.0
32768,BCRegularizedPPO,101,severe_stress,2,0,4,0,58,0.0
32768,BCRegularizedPPO,101,severe_stress,2,1,0,233,275,0.8472727272727273
32768,BCRegularizedPPO,101,severe_stress,2,1,1,13,275,0.04727272727272727
32768,BCRegularizedPPO,101,severe_stress,2,1,2,28,275,0.10181818181818182
32768,BCRegularizedPPO,101,severe_stress,2,1,3,0,275,0.0
32768,BCRegularizedPPO,101,severe_stress,2,1,4,1,275,0.0036363636363636364
32768,BCRegularizedPPO,101,severe_stress,2,2,0,112,340,0.32941176470588235
32768,BCRegularizedPPO,101,severe_stress,2,2,1,123,340,0.36176470588235293
32768,BCRegularizedPPO,101,severe_stress,2,2,2,99,340,0.2911764705882353
32768,BCRegularizedPPO,101,severe_stress,2,2,3,4,340,0.011764705882352941
32768,BCRegularizedPPO,101,severe_stress,2,2,4,2,340,0.0058823529411764705
32768,BCRegularizedPPO,202,severe_stress,0,0,0,15,15,1.0
32768,BCRegularizedPPO,202,severe_stress,0,0,1,0,15,0.0
32768,BCRegularizedPPO,202,severe_stress,0,0,2,0,15,0.0
32768,BCRegularizedPPO,202,severe_stress,0,0,3,0,15,0.0
32768,BCRegularizedPPO,202,severe_stress,0,0,4,0,15,0.0
32768,BCRegularizedPPO,202,severe_stress,0,1,0,35,39,0.8974358974358975
32768,BCRegularizedPPO,202,severe_stress,0,1,1,0,39,0.0
32768,BCRegularizedPPO,202,severe_stress,0,1,2,2,39,0.05128205128205128
32768,BCRegularizedPPO,202,severe_stress,0,1,3,0,39,0.0
32768,BCRegularizedPPO,202,severe_stress,0,1,4,2,39,0.05128205128205128
32768,BCRegularizedPPO,202,severe_stress,1,0,0,127,127,1.0
32768,BCRegularizedPPO,202,severe_stress,1,0,1,0,127,0.0
32768,BCRegularizedPPO,202,severe_stress,1,0,2,0,127,0.0
32768,BCRegularizedPPO,202,severe_stress,1,0,3,0,127,0.0
32768,BCRegularizedPPO,202,severe_stress,1,0,4,0,127,0.0
32768,BCRegularizedPPO,202,severe_stress,1,1,0,209,254,0.8228346456692913
32768,BCRegularizedPPO,202,severe_stress,1,1,1,17,254,0.06692913385826772
32768,BCRegularizedPPO,202,severe_stress,1,1,2,24,254,0.09448818897637795
32768,BCRegularizedPPO,202,severe_stress,1,1,3,3,254,0.011811023622047244
32768,BCRegularizedPPO,202,severe_stress,1,1,4,1,254,0.003937007874015748
32768,BCRegularizedPPO,202,severe_stress,1,2,0,5,27,0.18518518518518517
32768,BCRegularizedPPO,202,severe_stress,1,2,1,15,27,0.5555555555555556
32768,BCRegularizedPPO,202,severe_stress,1,2,2,5,27,0.18518518518518517
32768,BCRegularizedPPO,202,severe_stress,1,2,3,1,27,0.037037037037037035
32768,BCRegularizedPPO,202,severe_stress,1,2,4,1,27,0.037037037037037035
32768,BCRegularizedPPO,202,severe_stress,2,0,0,58,58,1.0
32768,BCRegularizedPPO,202,severe_stress,2,0,1,0,58,0.0
32768,BCRegularizedPPO,202,severe_stress,2,0,2,0,58,0.0
32768,BCRegularizedPPO,202,severe_stress,2,0,3,0,58,0.0
32768,BCRegularizedPPO,202,severe_stress,2,0,4,0,58,0.0
32768,BCRegularizedPPO,202,severe_stress,2,1,0,235,278,0.8453237410071942
32768,BCRegularizedPPO,202,severe_stress,2,1,1,4,278,0.014388489208633094
32768,BCRegularizedPPO,202,severe_stress,2,1,2,39,278,0.14028776978417265
32768,BCRegularizedPPO,202,severe_stress,2,1,3,0,278,0.0
32768,BCRegularizedPPO,202,severe_stress,2,1,4,0,278,0.0
32768,BCRegularizedPPO,202,severe_stress,2,2,0,166,327,0.5076452599388379
32768,BCRegularizedPPO,202,severe_stress,2,2,1,48,327,0.14678899082568808
32768,BCRegularizedPPO,202,severe_stress,2,2,2,91,327,0.2782874617737003
32768,BCRegularizedPPO,202,severe_stress,2,2,3,21,327,0.06422018348623854
32768,BCRegularizedPPO,202,severe_stress,2,2,4,1,327,0.0030581039755351682
32768,BCRegularizedPPO,303,severe_stress,0,0,0,15,15,1.0
32768,BCRegularizedPPO,303,severe_stress,0,0,1,0,15,0.0
32768,BCRegularizedPPO,303,severe_stress,0,0,2,0,15,0.0
32768,BCRegularizedPPO,303,severe_stress,0,0,3,0,15,0.0
32768,BCRegularizedPPO,303,severe_stress,0,0,4,0,15,0.0
32768,BCRegularizedPPO,303,severe_stress,0,1,0,17,42,0.40476190476190477
32768,BCRegularizedPPO,303,severe_stress,0,1,1,6,42,0.14285714285714285
32768,BCRegularizedPPO,303,severe_stress,0,1,2,6,42,0.14285714285714285
32768,BCRegularizedPPO,303,severe_stress,0,1,3,0,42,0.0
32768,BCRegularizedPPO,303,severe_stress,0,1,4,13,42,0.30952380952380953
32768,BCRegularizedPPO,303,severe_stress,1,0,0,127,127,1.0
32768,BCRegularizedPPO,303,severe_stress,1,0,1,0,127,0.0
32768,BCRegularizedPPO,303,severe_stress,1,0,2,0,127,0.0
32768,BCRegularizedPPO,303,severe_stress,1,0,3,0,127,0.0
32768,BCRegularizedPPO,303,severe_stress,1,0,4,0,127,0.0
32768,BCRegularizedPPO,303,severe_stress,1,1,0,208,268,0.7761194029850746
32768,BCRegularizedPPO,303,severe_stress,1,1,1,36,268,0.13432835820895522
32768,BCRegularizedPPO,303,severe_stress,1,1,2,20,268,0.07462686567164178
32768,BCRegularizedPPO,303,severe_stress,1,1,3,1,268,0.0037313432835820895
32768,BCRegularizedPPO,303,severe_stress,1,1,4,3,268,0.011194029850746268
32768,BCRegularizedPPO,303,severe_stress,1,2,0,7,29,0.2413793103448276
32768,BCRegularizedPPO,303,severe_stress,1,2,1,12,29,0.41379310344827586
32768,BCRegularizedPPO,303,severe_stress,1,2,2,9,29,0.3103448275862069
32768,BCRegularizedPPO,303,severe_stress,1,2,3,0,29,0.0
32768,BCRegularizedPPO,303,severe_stress,1,2,4,1,29,0.034482758620689655
32768,BCRegularizedPPO,303,severe_stress,2,0,0,58,58,1.0
32768,BCRegularizedPPO,303,severe_stress,2,0,1,0,58,0.0
32768,BCRegularizedPPO,303,severe_stress,2,0,2,0,58,0.0
32768,BCRegularizedPPO,303,severe_stress,2,0,3,0,58,0.0
32768,BCRegularizedPPO,303,severe_stress,2,0,4,0,58,0.0
32768,BCRegularizedPPO,303,severe_stress,2,1,0,236,303,0.7788778877887789
32768,BCRegularizedPPO,303,severe_stress,2,1,1,30,303,0.09900990099009901
32768,BCRegularizedPPO,303,severe_stress,2,1,2,37,303,0.12211221122112212
32768,BCRegularizedPPO,303,severe_stress,2,1,3,0,303,0.0
32768,BCRegularizedPPO,303,severe_stress,2,1,4,0,303,0.0
32768,BCRegularizedPPO,303,severe_stress,2,2,0,51,333,0.15315315315315314
32768,BCRegularizedPPO,303,severe_stress,2,2,1,115,333,0.34534534534534533
32768,BCRegularizedPPO,303,severe_stress,2,2,2,164,333,0.4924924924924925
32768,BCRegularizedPPO,303,severe_stress,2,2,3,3,333,0.009009009009009009
32768,BCRegularizedPPO,303,severe_stress,2,2,4,0,333,0.0
32768,BCRegularizedPPO,404,severe_stress,0,0,0,14,15,0.9333333333333333
32768,BCRegularizedPPO,404,severe_stress,0,0,1,1,15,0.06666666666666667
32768,BCRegularizedPPO,404,severe_stress,0,0,2,0,15,0.0
32768,BCRegularizedPPO,404,severe_stress,0,0,3,0,15,0.0
32768,BCRegularizedPPO,404,severe_stress,0,0,4,0,15,0.0
32768,BCRegularizedPPO,404,severe_stress,0,1,0,25,42,0.5952380952380952
32768,BCRegularizedPPO,404,severe_stress,0,1,1,2,42,0.047619047619047616
32768,BCRegularizedPPO,404,severe_stress,0,1,2,5,42,0.11904761904761904
32768,BCRegularizedPPO,404,severe_stress,0,1,3,0,42,0.0
32768,BCRegularizedPPO,404,severe_stress,0,1,4,10,42,0.23809523809523808
32768,BCRegularizedPPO,404,severe_stress,1,0,0,127,127,1.0
32768,BCRegularizedPPO,404,severe_stress,1,0,1,0,127,0.0
32768,BCRegularizedPPO,404,severe_stress,1,0,2,0,127,0.0
32768,BCRegularizedPPO,404,severe_stress,1,0,3,0,127,0.0
32768,BCRegularizedPPO,404,severe_stress,1,0,4,0,127,0.0
32768,BCRegularizedPPO,404,severe_stress,1,1,0,206,254,0.8110236220472441
32768,BCRegularizedPPO,404,severe_stress,1,1,1,15,254,0.05905511811023622
32768,BCRegularizedPPO,404,severe_stress,1,1,2,32,254,0.12598425196850394
32768,BCRegularizedPPO,404,severe_stress,1,1,3,0,254,0.0
32768,BCRegularizedPPO,404,severe_stress,1,1,4,1,254,0.003937007874015748
32768,BCRegularizedPPO,404,severe_stress,1,2,0,9,34,0.2647058823529412
32768,BCRegularizedPPO,404,severe_stress,1,2,1,15,34,0.4411764705882353
32768,BCRegularizedPPO,404,severe_stress,1,2,2,9,34,0.2647058823529412
32768,BCRegularizedPPO,404,severe_stress,1,2,3,0,34,0.0
32768,BCRegularizedPPO,404,severe_stress,1,2,4,1,34,0.029411764705882353
32768,BCRegularizedPPO,404,severe_stress,2,0,0,58,58,1.0
32768,BCRegularizedPPO,404,severe_stress,2,0,1,0,58,0.0
32768,BCRegularizedPPO,404,severe_stress,2,0,2,0,58,0.0
32768,BCRegularizedPPO,404,severe_stress,2,0,3,0,58,0.0
32768,BCRegularizedPPO,404,severe_stress,2,0,4,0,58,0.0
32768,BCRegularizedPPO,404,severe_stress,2,1,0,233,273,0.8534798534798534
32768,BCRegularizedPPO,404,severe_stress,2,1,1,7,273,0.02564102564102564
32768,BCRegularizedPPO,404,severe_stress,2,1,2,33,273,0.12087912087912088
32768,BCRegularizedPPO,404,severe_stress,2,1,3,0,273,0.0
32768,BCRegularizedPPO,404,severe_stress,2,1,4,0,273,0.0
32768,BCRegularizedPPO,404,severe_stress,2,2,0,113,334,0.3383233532934132
32768,BCRegularizedPPO,404,severe_stress,2,2,1,96,334,0.2874251497005988
32768,BCRegularizedPPO,404,severe_stress,2,2,2,124,334,0.3712574850299401
32768,BCRegularizedPPO,404,severe_stress,2,2,3,1,334,0.0029940119760479044
32768,BCRegularizedPPO,404,severe_stress,2,2,4,0,334,0.0
32768,BCRegularizedPPO,505,severe_stress,0,0,0,13,15,0.8666666666666667
32768,BCRegularizedPPO,505,severe_stress,0,0,1,2,15,0.13333333333333333
32768,BCRegularizedPPO,505,severe_stress,0,0,2,0,15,0.0
32768,BCRegularizedPPO,505,severe_stress,0,0,3,0,15,0.0
32768,BCRegularizedPPO,505,severe_stress,0,0,4,0,15,0.0
32768,BCRegularizedPPO,505,severe_stress,0,1,0,38,46,0.8260869565217391
32768,BCRegularizedPPO,505,severe_stress,0,1,1,1,46,0.021739130434782608
32768,BCRegularizedPPO,505,severe_stress,0,1,2,6,46,0.13043478260869565
32768,BCRegularizedPPO,505,severe_stress,0,1,3,0,46,0.0
32768,BCRegularizedPPO,505,severe_stress,0,1,4,1,46,0.021739130434782608
32768,BCRegularizedPPO,505,severe_stress,1,0,0,127,127,1.0
32768,BCRegularizedPPO,505,severe_stress,1,0,1,0,127,0.0
32768,BCRegularizedPPO,505,severe_stress,1,0,2,0,127,0.0
32768,BCRegularizedPPO,505,severe_stress,1,0,3,0,127,0.0
32768,BCRegularizedPPO,505,severe_stress,1,0,4,0,127,0.0
32768,BCRegularizedPPO,505,severe_stress,1,1,0,220,249,0.8835341365461847
32768,BCRegularizedPPO,505,severe_stress,1,1,1,4,249,0.01606425702811245
32768,BCRegularizedPPO,505,severe_stress,1,1,2,23,249,0.09236947791164658
32768,BCRegularizedPPO,505,severe_stress,1,1,3,0,249,0.0
32768,BCRegularizedPPO,505,severe_stress,1,1,4,2,249,0.008032128514056224
32768,BCRegularizedPPO,505,severe_stress,1,2,0,11,40,0.275
32768,BCRegularizedPPO,505,severe_stress,1,2,1,17,40,0.425
32768,BCRegularizedPPO,505,severe_stress,1,2,2,11,40,0.275
32768,BCRegularizedPPO,505,severe_stress,1,2,3,1,40,0.025
32768,BCRegularizedPPO,505,severe_stress,1,2,4,0,40,0.0
32768,BCRegularizedPPO,505,severe_stress,2,0,0,58,58,1.0
32768,BCRegularizedPPO,505,severe_stress,2,0,1,0,58,0.0
32768,BCRegularizedPPO,505,severe_stress,2,0,2,0,58,0.0
32768,BCRegularizedPPO,505,severe_stress,2,0,3,0,58,0.0
32768,BCRegularizedPPO,505,severe_stress,2,0,4,0,58,0.0
32768,BCRegularizedPPO,505,severe_stress,2,1,0,239,287,0.8327526132404182
32768,BCRegularizedPPO,505,severe_stress,2,1,1,8,287,0.027874564459930314
32768,BCRegularizedPPO,505,severe_stress,2,1,2,40,287,0.13937282229965156
32768,BCRegularizedPPO,505,severe_stress,2,1,3,0,287,0.0
32768,BCRegularizedPPO,505,severe_stress,2,1,4,0,287,0.0
32768,BCRegularizedPPO,505,severe_stress,2,2,0,117,327,0.3577981651376147
32768,BCRegularizedPPO,505,severe_stress,2,2,1,92,327,0.28134556574923547
32768,BCRegularizedPPO,505,severe_stress,2,2,2,114,327,0.3486238532110092
32768,BCRegularizedPPO,505,severe_stress,2,2,3,4,327,0.012232415902140673
32768,BCRegularizedPPO,505,severe_stress,2,2,4,0,327,0.0
32768,CanonicalPPO,101,severe_stress,0,0,0,15,15,1.0
32768,CanonicalPPO,101,severe_stress,0,0,1,0,15,0.0
32768,CanonicalPPO,101,severe_stress,0,0,2,0,15,0.0
32768,CanonicalPPO,101,severe_stress,0,0,3,0,15,0.0
32768,CanonicalPPO,101,severe_stress,0,0,4,0,15,0.0
32768,CanonicalPPO,101,severe_stress,0,1,0,34,34,1.0
32768,CanonicalPPO,101,severe_stress,0,1,1,0,34,0.0
32768,CanonicalPPO,101,severe_stress,0,1,2,0,34,0.0
32768,CanonicalPPO,101,severe_stress,0,1,3,0,34,0.0
32768,CanonicalPPO,101,severe_stress,0,1,4,0,34,0.0
32768,CanonicalPPO,101,severe_stress,1,0,0,127,127,1.0
32768,CanonicalPPO,101,severe_stress,1,0,1,0,127,0.0
32768,CanonicalPPO,101,severe_stress,1,0,2,0,127,0.0
32768,CanonicalPPO,101,severe_stress,1,0,3,0,127,0.0
32768,CanonicalPPO,101,severe_stress,1,0,4,0,127,0.0
32768,CanonicalPPO,101,severe_stress,1,1,0,213,213,1.0
32768,CanonicalPPO,101,severe_stress,1,1,1,0,213,0.0
32768,CanonicalPPO,101,severe_stress,1,1,2,0,213,0.0
32768,CanonicalPPO,101,severe_stress,1,1,3,0,213,0.0
32768,CanonicalPPO,101,severe_stress,1,1,4,0,213,0.0
32768,CanonicalPPO,101,severe_stress,1,2,0,33,33,1.0
32768,CanonicalPPO,101,severe_stress,1,2,1,0,33,0.0
32768,CanonicalPPO,101,severe_stress,1,2,2,0,33,0.0
32768,CanonicalPPO,101,severe_stress,1,2,3,0,33,0.0
32768,CanonicalPPO,101,severe_stress,1,2,4,0,33,0.0
32768,CanonicalPPO,101,severe_stress,2,0,0,58,58,1.0
32768,CanonicalPPO,101,severe_stress,2,0,1,0,58,0.0
32768,CanonicalPPO,101,severe_stress,2,0,2,0,58,0.0
32768,CanonicalPPO,101,severe_stress,2,0,3,0,58,0.0
32768,CanonicalPPO,101,severe_stress,2,0,4,0,58,0.0
32768,CanonicalPPO,101,severe_stress,2,1,0,259,259,1.0
32768,CanonicalPPO,101,severe_stress,2,1,1,0,259,0.0
32768,CanonicalPPO,101,severe_stress,2,1,2,0,259,0.0
32768,CanonicalPPO,101,severe_stress,2,1,3,0,259,0.0
32768,CanonicalPPO,101,severe_stress,2,1,4,0,259,0.0
32768,CanonicalPPO,101,severe_stress,2,2,0,292,292,1.0
32768,CanonicalPPO,101,severe_stress,2,2,1,0,292,0.0
32768,CanonicalPPO,101,severe_stress,2,2,2,0,292,0.0
32768,CanonicalPPO,101,severe_stress,2,2,3,0,292,0.0
32768,CanonicalPPO,101,severe_stress,2,2,4,0,292,0.0
32768,CanonicalPPO,202,severe_stress,0,0,0,15,15,1.0
32768,CanonicalPPO,202,severe_stress,0,0,1,0,15,0.0
32768,CanonicalPPO,202,severe_stress,0,0,2,0,15,0.0
32768,CanonicalPPO,202,severe_stress,0,0,3,0,15,0.0
32768,CanonicalPPO,202,severe_stress,0,0,4,0,15,0.0
32768,CanonicalPPO,202,severe_stress,0,1,0,34,34,1.0
32768,CanonicalPPO,202,severe_stress,0,1,1,0,34,0.0
32768,CanonicalPPO,202,severe_stress,0,1,2,0,34,0.0
32768,CanonicalPPO,202,severe_stress,0,1,3,0,34,0.0
32768,CanonicalPPO,202,severe_stress,0,1,4,0,34,0.0
32768,CanonicalPPO,202,severe_stress,1,0,0,127,127,1.0
32768,CanonicalPPO,202,severe_stress,1,0,1,0,127,0.0
32768,CanonicalPPO,202,severe_stress,1,0,2,0,127,0.0
32768,CanonicalPPO,202,severe_stress,1,0,3,0,127,0.0
32768,CanonicalPPO,202,severe_stress,1,0,4,0,127,0.0
32768,CanonicalPPO,202,severe_stress,1,1,0,213,213,1.0
32768,CanonicalPPO,202,severe_stress,1,1,1,0,213,0.0
32768,CanonicalPPO,202,severe_stress,1,1,2,0,213,0.0
32768,CanonicalPPO,202,severe_stress,1,1,3,0,213,0.0
32768,CanonicalPPO,202,severe_stress,1,1,4,0,213,0.0
32768,CanonicalPPO,202,severe_stress,1,2,0,33,33,1.0
32768,CanonicalPPO,202,severe_stress,1,2,1,0,33,0.0
32768,CanonicalPPO,202,severe_stress,1,2,2,0,33,0.0
32768,CanonicalPPO,202,severe_stress,1,2,3,0,33,0.0
32768,CanonicalPPO,202,severe_stress,1,2,4,0,33,0.0
32768,CanonicalPPO,202,severe_stress,2,0,0,58,58,1.0
32768,CanonicalPPO,202,severe_stress,2,0,1,0,58,0.0
32768,CanonicalPPO,202,severe_stress,2,0,2,0,58,0.0
32768,CanonicalPPO,202,severe_stress,2,0,3,0,58,0.0
32768,CanonicalPPO,202,severe_stress,2,0,4,0,58,0.0
32768,CanonicalPPO,202,severe_stress,2,1,0,259,259,1.0
32768,CanonicalPPO,202,severe_stress,2,1,1,0,259,0.0
32768,CanonicalPPO,202,severe_stress,2,1,2,0,259,0.0
32768,CanonicalPPO,202,severe_stress,2,1,3,0,259,0.0
32768,CanonicalPPO,202,severe_stress,2,1,4,0,259,0.0
32768,CanonicalPPO,202,severe_stress,2,2,0,292,292,1.0
32768,CanonicalPPO,202,severe_stress,2,2,1,0,292,0.0
32768,CanonicalPPO,202,severe_stress,2,2,2,0,292,0.0
32768,CanonicalPPO,202,severe_stress,2,2,3,0,292,0.0
32768,CanonicalPPO,202,severe_stress,2,2,4,0,292,0.0
32768,CanonicalPPO,303,severe_stress,0,0,0,15,15,1.0
32768,CanonicalPPO,303,severe_stress,0,0,1,0,15,0.0
32768,CanonicalPPO,303,severe_stress,0,0,2,0,15,0.0
32768,CanonicalPPO,303,severe_stress,0,0,3,0,15,0.0
32768,CanonicalPPO,303,severe_stress,0,0,4,0,15,0.0
32768,CanonicalPPO,303,severe_stress,0,1,0,34,34,1.0
32768,CanonicalPPO,303,severe_stress,0,1,1,0,34,0.0
32768,CanonicalPPO,303,severe_stress,0,1,2,0,34,0.0
32768,CanonicalPPO,303,severe_stress,0,1,3,0,34,0.0
32768,CanonicalPPO,303,severe_stress,0,1,4,0,34,0.0
32768,CanonicalPPO,303,severe_stress,1,0,0,127,127,1.0
32768,CanonicalPPO,303,severe_stress,1,0,1,0,127,0.0
32768,CanonicalPPO,303,severe_stress,1,0,2,0,127,0.0
32768,CanonicalPPO,303,severe_stress,1,0,3,0,127,0.0
32768,CanonicalPPO,303,severe_stress,1,0,4,0,127,0.0
32768,CanonicalPPO,303,severe_stress,1,1,0,213,213,1.0
32768,CanonicalPPO,303,severe_stress,1,1,1,0,213,0.0
32768,CanonicalPPO,303,severe_stress,1,1,2,0,213,0.0
32768,CanonicalPPO,303,severe_stress,1,1,3,0,213,0.0
32768,CanonicalPPO,303,severe_stress,1,1,4,0,213,0.0
32768,CanonicalPPO,303,severe_stress,1,2,0,33,33,1.0
32768,CanonicalPPO,303,severe_stress,1,2,1,0,33,0.0
32768,CanonicalPPO,303,severe_stress,1,2,2,0,33,0.0
32768,CanonicalPPO,303,severe_stress,1,2,3,0,33,0.0
32768,CanonicalPPO,303,severe_stress,1,2,4,0,33,0.0
32768,CanonicalPPO,303,severe_stress,2,0,0,58,58,1.0
32768,CanonicalPPO,303,severe_stress,2,0,1,0,58,0.0
32768,CanonicalPPO,303,severe_stress,2,0,2,0,58,0.0
32768,CanonicalPPO,303,severe_stress,2,0,3,0,58,0.0
32768,CanonicalPPO,303,severe_stress,2,0,4,0,58,0.0
32768,CanonicalPPO,303,severe_stress,2,1,0,259,259,1.0
32768,CanonicalPPO,303,severe_stress,2,1,1,0,259,0.0
32768,CanonicalPPO,303,severe_stress,2,1,2,0,259,0.0
32768,CanonicalPPO,303,severe_stress,2,1,3,0,259,0.0
32768,CanonicalPPO,303,severe_stress,2,1,4,0,259,0.0
32768,CanonicalPPO,303,severe_stress,2,2,0,292,292,1.0
32768,CanonicalPPO,303,severe_stress,2,2,1,0,292,0.0
32768,CanonicalPPO,303,severe_stress,2,2,2,0,292,0.0
32768,CanonicalPPO,303,severe_stress,2,2,3,0,292,0.0
32768,CanonicalPPO,303,severe_stress,2,2,4,0,292,0.0
32768,CanonicalPPO,404,severe_stress,0,0,0,15,15,1.0
32768,CanonicalPPO,404,severe_stress,0,0,1,0,15,0.0
32768,CanonicalPPO,404,severe_stress,0,0,2,0,15,0.0
32768,CanonicalPPO,404,severe_stress,0,0,3,0,15,0.0
32768,CanonicalPPO,404,severe_stress,0,0,4,0,15,0.0
32768,CanonicalPPO,404,severe_stress,0,1,0,34,34,1.0
32768,CanonicalPPO,404,severe_stress,0,1,1,0,34,0.0
32768,CanonicalPPO,404,severe_stress,0,1,2,0,34,0.0
32768,CanonicalPPO,404,severe_stress,0,1,3,0,34,0.0
32768,CanonicalPPO,404,severe_stress,0,1,4,0,34,0.0
32768,CanonicalPPO,404,severe_stress,1,0,0,127,127,1.0
32768,CanonicalPPO,404,severe_stress,1,0,1,0,127,0.0
32768,CanonicalPPO,404,severe_stress,1,0,2,0,127,0.0
32768,CanonicalPPO,404,severe_stress,1,0,3,0,127,0.0
32768,CanonicalPPO,404,severe_stress,1,0,4,0,127,0.0
32768,CanonicalPPO,404,severe_stress,1,1,0,213,213,1.0
32768,CanonicalPPO,404,severe_stress,1,1,1,0,213,0.0
32768,CanonicalPPO,404,severe_stress,1,1,2,0,213,0.0
32768,CanonicalPPO,404,severe_stress,1,1,3,0,213,0.0
32768,CanonicalPPO,404,severe_stress,1,1,4,0,213,0.0
32768,CanonicalPPO,404,severe_stress,1,2,0,33,33,1.0
32768,CanonicalPPO,404,severe_stress,1,2,1,0,33,0.0
32768,CanonicalPPO,404,severe_stress,1,2,2,0,33,0.0
32768,CanonicalPPO,404,severe_stress,1,2,3,0,33,0.0
32768,CanonicalPPO,404,severe_stress,1,2,4,0,33,0.0
32768,CanonicalPPO,404,severe_stress,2,0,0,58,58,1.0
32768,CanonicalPPO,404,severe_stress,2,0,1,0,58,0.0
32768,CanonicalPPO,404,severe_stress,2,0,2,0,58,0.0
32768,CanonicalPPO,404,severe_stress,2,0,3,0,58,0.0
32768,CanonicalPPO,404,severe_stress,2,0,4,0,58,0.0
32768,CanonicalPPO,404,severe_stress,2,1,0,259,259,1.0
32768,CanonicalPPO,404,severe_stress,2,1,1,0,259,0.0
32768,CanonicalPPO,404,severe_stress,2,1,2,0,259,0.0
32768,CanonicalPPO,404,severe_stress,2,1,3,0,259,0.0
32768,CanonicalPPO,404,severe_stress,2,1,4,0,259,0.0
32768,CanonicalPPO,404,severe_stress,2,2,0,292,292,1.0
32768,CanonicalPPO,404,severe_stress,2,2,1,0,292,0.0
32768,CanonicalPPO,404,severe_stress,2,2,2,0,292,0.0
32768,CanonicalPPO,404,severe_stress,2,2,3,0,292,0.0
32768,CanonicalPPO,404,severe_stress,2,2,4,0,292,0.0
32768,CanonicalPPO,505,severe_stress,0,0,0,15,15,1.0
32768,CanonicalPPO,505,severe_stress,0,0,1,0,15,0.0
32768,CanonicalPPO,505,severe_stress,0,0,2,0,15,0.0
32768,CanonicalPPO,505,severe_stress,0,0,3,0,15,0.0
32768,CanonicalPPO,505,severe_stress,0,0,4,0,15,0.0
32768,CanonicalPPO,505,severe_stress,0,1,0,34,34,1.0
32768,CanonicalPPO,505,severe_stress,0,1,1,0,34,0.0
32768,CanonicalPPO,505,severe_stress,0,1,2,0,34,0.0
32768,CanonicalPPO,505,severe_stress,0,1,3,0,34,0.0
32768,CanonicalPPO,505,severe_stress,0,1,4,0,34,0.0
32768,CanonicalPPO,505,severe_stress,1,0,0,127,127,1.0
32768,CanonicalPPO,505,severe_stress,1,0,1,0,127,0.0
32768,CanonicalPPO,505,severe_stress,1,0,2,0,127,0.0
32768,CanonicalPPO,505,severe_stress,1,0,3,0,127,0.0
32768,CanonicalPPO,505,severe_stress,1,0,4,0,127,0.0
32768,CanonicalPPO,505,severe_stress,1,1,0,213,213,1.0
32768,CanonicalPPO,505,severe_stress,1,1,1,0,213,0.0
32768,CanonicalPPO,505,severe_stress,1,1,2,0,213,0.0
32768,CanonicalPPO,505,severe_stress,1,1,3,0,213,0.0
32768,CanonicalPPO,505,severe_stress,1,1,4,0,213,0.0
32768,CanonicalPPO,505,severe_stress,1,2,0,33,33,1.0
32768,CanonicalPPO,505,severe_stress,1,2,1,0,33,0.0
32768,CanonicalPPO,505,severe_stress,1,2,2,0,33,0.0
32768,CanonicalPPO,505,severe_stress,1,2,3,0,33,0.0
32768,CanonicalPPO,505,severe_stress,1,2,4,0,33,0.0
32768,CanonicalPPO,505,severe_stress,2,0,0,58,58,1.0
32768,CanonicalPPO,505,severe_stress,2,0,1,0,58,0.0
32768,CanonicalPPO,505,severe_stress,2,0,2,0,58,0.0
32768,CanonicalPPO,505,severe_stress,2,0,3,0,58,0.0
32768,CanonicalPPO,505,severe_stress,2,0,4,0,58,0.0
32768,CanonicalPPO,505,severe_stress,2,1,0,259,259,1.0
32768,CanonicalPPO,505,severe_stress,2,1,1,0,259,0.0
32768,CanonicalPPO,505,severe_stress,2,1,2,0,259,0.0
32768,CanonicalPPO,505,severe_stress,2,1,3,0,259,0.0
32768,CanonicalPPO,505,severe_stress,2,1,4,0,259,0.0
32768,CanonicalPPO,505,severe_stress,2,2,0,292,292,1.0
32768,CanonicalPPO,505,severe_stress,2,2,1,0,292,0.0
32768,CanonicalPPO,505,severe_stress,2,2,2,0,292,0.0
32768,CanonicalPPO,505,severe_stress,2,2,3,0,292,0.0
32768,CanonicalPPO,505,severe_stress,2,2,4,0,292,0.0
32768,MyopicEconomic,101,severe_stress,0,0,0,14,118,0.11864406779661017
32768,MyopicEconomic,101,severe_stress,0,0,1,10,118,0.0847457627118644
32768,MyopicEconomic,101,severe_stress,0,0,2,21,118,0.17796610169491525
32768,MyopicEconomic,101,severe_stress,0,0,3,5,118,0.0423728813559322
32768,MyopicEconomic,101,severe_stress,0,0,4,68,118,0.576271186440678
32768,MyopicEconomic,101,severe_stress,0,1,0,0,7,0.0
32768,MyopicEconomic,101,severe_stress,0,1,1,0,7,0.0
32768,MyopicEconomic,101,severe_stress,0,1,2,0,7,0.0
32768,MyopicEconomic,101,severe_stress,0,1,3,0,7,0.0
32768,MyopicEconomic,101,severe_stress,0,1,4,7,7,1.0
32768,MyopicEconomic,101,severe_stress,1,0,0,25,403,0.062034739454094295
32768,MyopicEconomic,101,severe_stress,1,0,1,22,403,0.05459057071960298
32768,MyopicEconomic,101,severe_stress,1,0,2,90,403,0.22332506203473945
32768,MyopicEconomic,101,severe_stress,1,0,3,29,403,0.07196029776674938
32768,MyopicEconomic,101,severe_stress,1,0,4,237,403,0.5880893300248139
32768,MyopicEconomic,101,severe_stress,1,1,0,27,70,0.38571428571428573
32768,MyopicEconomic,101,severe_stress,1,1,1,0,70,0.0
32768,MyopicEconomic,101,severe_stress,1,1,2,6,70,0.08571428571428572
32768,MyopicEconomic,101,severe_stress,1,1,3,0,70,0.0
32768,MyopicEconomic,101,severe_stress,1,1,4,37,70,0.5285714285714286
32768,MyopicEconomic,101,severe_stress,1,2,0,0,2,0.0
32768,MyopicEconomic,101,severe_stress,1,2,1,0,2,0.0
32768,MyopicEconomic,101,severe_stress,1,2,2,0,2,0.0
32768,MyopicEconomic,101,severe_stress,1,2,3,0,2,0.0
32768,MyopicEconomic,101,severe_stress,1,2,4,2,2,1.0
32768,MyopicEconomic,101,severe_stress,2,0,0,7,682,0.010263929618768328
32768,MyopicEconomic,101,severe_stress,2,0,1,3,682,0.004398826979472141
32768,MyopicEconomic,101,severe_stress,2,0,2,405,682,0.593841642228739
32768,MyopicEconomic,101,severe_stress,2,0,3,29,682,0.04252199413489736
32768,MyopicEconomic,101,severe_stress,2,0,4,238,682,0.3489736070381232
32768,MyopicEconomic,101,severe_stress,2,1,0,51,189,0.2698412698412698
32768,MyopicEconomic,101,severe_stress,2,1,1,16,189,0.08465608465608465
32768,MyopicEconomic,101,severe_stress,2,1,2,63,189,0.3333333333333333
32768,MyopicEconomic,101,severe_stress,2,1,3,3,189,0.015873015873015872
32768,MyopicEconomic,101,severe_stress,2,1,4,56,189,0.2962962962962963
32768,MyopicEconomic,101,severe_stress,2,2,0,0,24,0.0
32768,MyopicEconomic,101,severe_stress,2,2,1,0,24,0.0
32768,MyopicEconomic,101,severe_stress,2,2,2,7,24,0.2916666666666667
32768,MyopicEconomic,101,severe_stress,2,2,3,0,24,0.0
32768,MyopicEconomic,101,severe_stress,2,2,4,17,24,0.7083333333333334
32768,MyopicEconomic,202,severe_stress,0,0,0,14,118,0.11864406779661017
32768,MyopicEconomic,202,severe_stress,0,0,1,10,118,0.0847457627118644
32768,MyopicEconomic,202,severe_stress,0,0,2,21,118,0.17796610169491525
32768,MyopicEconomic,202,severe_stress,0,0,3,5,118,0.0423728813559322
32768,MyopicEconomic,202,severe_stress,0,0,4,68,118,0.576271186440678
32768,MyopicEconomic,202,severe_stress,0,1,0,0,7,0.0
32768,MyopicEconomic,202,severe_stress,0,1,1,0,7,0.0
32768,MyopicEconomic,202,severe_stress,0,1,2,0,7,0.0
32768,MyopicEconomic,202,severe_stress,0,1,3,0,7,0.0
32768,MyopicEconomic,202,severe_stress,0,1,4,7,7,1.0
32768,MyopicEconomic,202,severe_stress,1,0,0,25,403,0.062034739454094295
32768,MyopicEconomic,202,severe_stress,1,0,1,22,403,0.05459057071960298
32768,MyopicEconomic,202,severe_stress,1,0,2,90,403,0.22332506203473945
32768,MyopicEconomic,202,severe_stress,1,0,3,29,403,0.07196029776674938
32768,MyopicEconomic,202,severe_stress,1,0,4,237,403,0.5880893300248139
32768,MyopicEconomic,202,severe_stress,1,1,0,27,70,0.38571428571428573
32768,MyopicEconomic,202,severe_stress,1,1,1,0,70,0.0
32768,MyopicEconomic,202,severe_stress,1,1,2,6,70,0.08571428571428572
32768,MyopicEconomic,202,severe_stress,1,1,3,0,70,0.0
32768,MyopicEconomic,202,severe_stress,1,1,4,37,70,0.5285714285714286
32768,MyopicEconomic,202,severe_stress,1,2,0,0,2,0.0
32768,MyopicEconomic,202,severe_stress,1,2,1,0,2,0.0
32768,MyopicEconomic,202,severe_stress,1,2,2,0,2,0.0
32768,MyopicEconomic,202,severe_stress,1,2,3,0,2,0.0
32768,MyopicEconomic,202,severe_stress,1,2,4,2,2,1.0
32768,MyopicEconomic,202,severe_stress,2,0,0,7,682,0.010263929618768328
32768,MyopicEconomic,202,severe_stress,2,0,1,3,682,0.004398826979472141
32768,MyopicEconomic,202,severe_stress,2,0,2,405,682,0.593841642228739
32768,MyopicEconomic,202,severe_stress,2,0,3,29,682,0.04252199413489736
32768,MyopicEconomic,202,severe_stress,2,0,4,238,682,0.3489736070381232
32768,MyopicEconomic,202,severe_stress,2,1,0,51,189,0.2698412698412698
32768,MyopicEconomic,202,severe_stress,2,1,1,16,189,0.08465608465608465
32768,MyopicEconomic,202,severe_stress,2,1,2,63,189,0.3333333333333333
32768,MyopicEconomic,202,severe_stress,2,1,3,3,189,0.015873015873015872
32768,MyopicEconomic,202,severe_stress,2,1,4,56,189,0.2962962962962963
32768,MyopicEconomic,202,severe_stress,2,2,0,0,24,0.0
32768,MyopicEconomic,202,severe_stress,2,2,1,0,24,0.0
32768,MyopicEconomic,202,severe_stress,2,2,2,7,24,0.2916666666666667
32768,MyopicEconomic,202,severe_stress,2,2,3,0,24,0.0
32768,MyopicEconomic,202,severe_stress,2,2,4,17,24,0.7083333333333334
32768,MyopicEconomic,303,severe_stress,0,0,0,14,118,0.11864406779661017
32768,MyopicEconomic,303,severe_stress,0,0,1,10,118,0.0847457627118644
32768,MyopicEconomic,303,severe_stress,0,0,2,21,118,0.17796610169491525
32768,MyopicEconomic,303,severe_stress,0,0,3,5,118,0.0423728813559322
32768,MyopicEconomic,303,severe_stress,0,0,4,68,118,0.576271186440678
32768,MyopicEconomic,303,severe_stress,0,1,0,0,7,0.0
32768,MyopicEconomic,303,severe_stress,0,1,1,0,7,0.0
32768,MyopicEconomic,303,severe_stress,0,1,2,0,7,0.0
32768,MyopicEconomic,303,severe_stress,0,1,3,0,7,0.0
32768,MyopicEconomic,303,severe_stress,0,1,4,7,7,1.0
32768,MyopicEconomic,303,severe_stress,1,0,0,25,403,0.062034739454094295
32768,MyopicEconomic,303,severe_stress,1,0,1,22,403,0.05459057071960298
32768,MyopicEconomic,303,severe_stress,1,0,2,90,403,0.22332506203473945
32768,MyopicEconomic,303,severe_stress,1,0,3,29,403,0.07196029776674938
32768,MyopicEconomic,303,severe_stress,1,0,4,237,403,0.5880893300248139
32768,MyopicEconomic,303,severe_stress,1,1,0,27,70,0.38571428571428573
32768,MyopicEconomic,303,severe_stress,1,1,1,0,70,0.0
32768,MyopicEconomic,303,severe_stress,1,1,2,6,70,0.08571428571428572
32768,MyopicEconomic,303,severe_stress,1,1,3,0,70,0.0
32768,MyopicEconomic,303,severe_stress,1,1,4,37,70,0.5285714285714286
32768,MyopicEconomic,303,severe_stress,1,2,0,0,2,0.0
32768,MyopicEconomic,303,severe_stress,1,2,1,0,2,0.0
32768,MyopicEconomic,303,severe_stress,1,2,2,0,2,0.0
32768,MyopicEconomic,303,severe_stress,1,2,3,0,2,0.0
32768,MyopicEconomic,303,severe_stress,1,2,4,2,2,1.0
32768,MyopicEconomic,303,severe_stress,2,0,0,7,682,0.010263929618768328
32768,MyopicEconomic,303,severe_stress,2,0,1,3,682,0.004398826979472141
32768,MyopicEconomic,303,severe_stress,2,0,2,405,682,0.593841642228739
32768,MyopicEconomic,303,severe_stress,2,0,3,29,682,0.04252199413489736
32768,MyopicEconomic,303,severe_stress,2,0,4,238,682,0.3489736070381232
32768,MyopicEconomic,303,severe_stress,2,1,0,51,189,0.2698412698412698
32768,MyopicEconomic,303,severe_stress,2,1,1,16,189,0.08465608465608465
32768,MyopicEconomic,303,severe_stress,2,1,2,63,189,0.3333333333333333
32768,MyopicEconomic,303,severe_stress,2,1,3,3,189,0.015873015873015872
32768,MyopicEconomic,303,severe_stress,2,1,4,56,189,0.2962962962962963
32768,MyopicEconomic,303,severe_stress,2,2,0,0,24,0.0
32768,MyopicEconomic,303,severe_stress,2,2,1,0,24,0.0
32768,MyopicEconomic,303,severe_stress,2,2,2,7,24,0.2916666666666667
32768,MyopicEconomic,303,severe_stress,2,2,3,0,24,0.0
32768,MyopicEconomic,303,severe_stress,2,2,4,17,24,0.7083333333333334
32768,MyopicEconomic,404,severe_stress,0,0,0,14,118,0.11864406779661017
32768,MyopicEconomic,404,severe_stress,0,0,1,10,118,0.0847457627118644
32768,MyopicEconomic,404,severe_stress,0,0,2,21,118,0.17796610169491525
32768,MyopicEconomic,404,severe_stress,0,0,3,5,118,0.0423728813559322
32768,MyopicEconomic,404,severe_stress,0,0,4,68,118,0.576271186440678
32768,MyopicEconomic,404,severe_stress,0,1,0,0,7,0.0
32768,MyopicEconomic,404,severe_stress,0,1,1,0,7,0.0
32768,MyopicEconomic,404,severe_stress,0,1,2,0,7,0.0
32768,MyopicEconomic,404,severe_stress,0,1,3,0,7,0.0
32768,MyopicEconomic,404,severe_stress,0,1,4,7,7,1.0
32768,MyopicEconomic,404,severe_stress,1,0,0,25,403,0.062034739454094295
32768,MyopicEconomic,404,severe_stress,1,0,1,22,403,0.05459057071960298
32768,MyopicEconomic,404,severe_stress,1,0,2,90,403,0.22332506203473945
32768,MyopicEconomic,404,severe_stress,1,0,3,29,403,0.07196029776674938
32768,MyopicEconomic,404,severe_stress,1,0,4,237,403,0.5880893300248139
32768,MyopicEconomic,404,severe_stress,1,1,0,27,70,0.38571428571428573
32768,MyopicEconomic,404,severe_stress,1,1,1,0,70,0.0
32768,MyopicEconomic,404,severe_stress,1,1,2,6,70,0.08571428571428572
32768,MyopicEconomic,404,severe_stress,1,1,3,0,70,0.0
32768,MyopicEconomic,404,severe_stress,1,1,4,37,70,0.5285714285714286
32768,MyopicEconomic,404,severe_stress,1,2,0,0,2,0.0
32768,MyopicEconomic,404,severe_stress,1,2,1,0,2,0.0
32768,MyopicEconomic,404,severe_stress,1,2,2,0,2,0.0
32768,MyopicEconomic,404,severe_stress,1,2,3,0,2,0.0
32768,MyopicEconomic,404,severe_stress,1,2,4,2,2,1.0
32768,MyopicEconomic,404,severe_stress,2,0,0,7,682,0.010263929618768328
32768,MyopicEconomic,404,severe_stress,2,0,1,3,682,0.004398826979472141
32768,MyopicEconomic,404,severe_stress,2,0,2,405,682,0.593841642228739
32768,MyopicEconomic,404,severe_stress,2,0,3,29,682,0.04252199413489736
32768,MyopicEconomic,404,severe_stress,2,0,4,238,682,0.3489736070381232
32768,MyopicEconomic,404,severe_stress,2,1,0,51,189,0.2698412698412698
32768,MyopicEconomic,404,severe_stress,2,1,1,16,189,0.08465608465608465
32768,MyopicEconomic,404,severe_stress,2,1,2,63,189,0.3333333333333333
32768,MyopicEconomic,404,severe_stress,2,1,3,3,189,0.015873015873015872
32768,MyopicEconomic,404,severe_stress,2,1,4,56,189,0.2962962962962963
32768,MyopicEconomic,404,severe_stress,2,2,0,0,24,0.0
32768,MyopicEconomic,404,severe_stress,2,2,1,0,24,0.0
32768,MyopicEconomic,404,severe_stress,2,2,2,7,24,0.2916666666666667
32768,MyopicEconomic,404,severe_stress,2,2,3,0,24,0.0
32768,MyopicEconomic,404,severe_stress,2,2,4,17,24,0.7083333333333334
32768,MyopicEconomic,505,severe_stress,0,0,0,14,118,0.11864406779661017
32768,MyopicEconomic,505,severe_stress,0,0,1,10,118,0.0847457627118644
32768,MyopicEconomic,505,severe_stress,0,0,2,21,118,0.17796610169491525
32768,MyopicEconomic,505,severe_stress,0,0,3,5,118,0.0423728813559322
32768,MyopicEconomic,505,severe_stress,0,0,4,68,118,0.576271186440678
32768,MyopicEconomic,505,severe_stress,0,1,0,0,7,0.0
32768,MyopicEconomic,505,severe_stress,0,1,1,0,7,0.0
32768,MyopicEconomic,505,severe_stress,0,1,2,0,7,0.0
32768,MyopicEconomic,505,severe_stress,0,1,3,0,7,0.0
32768,MyopicEconomic,505,severe_stress,0,1,4,7,7,1.0
32768,MyopicEconomic,505,severe_stress,1,0,0,25,403,0.062034739454094295
32768,MyopicEconomic,505,severe_stress,1,0,1,22,403,0.05459057071960298
32768,MyopicEconomic,505,severe_stress,1,0,2,90,403,0.22332506203473945
32768,MyopicEconomic,505,severe_stress,1,0,3,29,403,0.07196029776674938
32768,MyopicEconomic,505,severe_stress,1,0,4,237,403,0.5880893300248139
32768,MyopicEconomic,505,severe_stress,1,1,0,27,70,0.38571428571428573
32768,MyopicEconomic,505,severe_stress,1,1,1,0,70,0.0
32768,MyopicEconomic,505,severe_stress,1,1,2,6,70,0.08571428571428572
32768,MyopicEconomic,505,severe_stress,1,1,3,0,70,0.0
32768,MyopicEconomic,505,severe_stress,1,1,4,37,70,0.5285714285714286
32768,MyopicEconomic,505,severe_stress,1,2,0,0,2,0.0
32768,MyopicEconomic,505,severe_stress,1,2,1,0,2,0.0
32768,MyopicEconomic,505,severe_stress,1,2,2,0,2,0.0
32768,MyopicEconomic,505,severe_stress,1,2,3,0,2,0.0
32768,MyopicEconomic,505,severe_stress,1,2,4,2,2,1.0
32768,MyopicEconomic,505,severe_stress,2,0,0,7,682,0.010263929618768328
32768,MyopicEconomic,505,severe_stress,2,0,1,3,682,0.004398826979472141
32768,MyopicEconomic,505,severe_stress,2,0,2,405,682,0.593841642228739
32768,MyopicEconomic,505,severe_stress,2,0,3,29,682,0.04252199413489736
32768,MyopicEconomic,505,severe_stress,2,0,4,238,682,0.3489736070381232
32768,MyopicEconomic,505,severe_stress,2,1,0,51,189,0.2698412698412698
32768,MyopicEconomic,505,severe_stress,2,1,1,16,189,0.08465608465608465
32768,MyopicEconomic,505,severe_stress,2,1,2,63,189,0.3333333333333333
32768,MyopicEconomic,505,severe_stress,2,1,3,3,189,0.015873015873015872
32768,MyopicEconomic,505,severe_stress,2,1,4,56,189,0.2962962962962963
32768,MyopicEconomic,505,severe_stress,2,2,0,0,24,0.0
32768,MyopicEconomic,505,severe_stress,2,2,1,0,24,0.0
32768,MyopicEconomic,505,severe_stress,2,2,2,7,24,0.2916666666666667
32768,MyopicEconomic,505,severe_stress,2,2,3,0,24,0.0
32768,MyopicEconomic,505,severe_stress,2,2,4,17,24,0.7083333333333334
32768,ObservationPlanner,101,severe_stress,0,0,0,14,16,0.875
32768,ObservationPlanner,101,severe_stress,0,0,1,1,16,0.0625
32768,ObservationPlanner,101,severe_stress,0,0,2,0,16,0.0
32768,ObservationPlanner,101,severe_stress,0,0,3,1,16,0.0625
32768,ObservationPlanner,101,severe_stress,0,0,4,0,16,0.0
32768,ObservationPlanner,101,severe_stress,0,1,0,24,42,0.5714285714285714
32768,ObservationPlanner,101,severe_stress,0,1,1,4,42,0.09523809523809523
32768,ObservationPlanner,101,severe_stress,0,1,2,0,42,0.0
32768,ObservationPlanner,101,severe_stress,0,1,3,4,42,0.09523809523809523
32768,ObservationPlanner,101,severe_stress,0,1,4,10,42,0.23809523809523808
32768,ObservationPlanner,101,severe_stress,0,2,0,0,1,0.0
32768,ObservationPlanner,101,severe_stress,0,2,1,0,1,0.0
32768,ObservationPlanner,101,severe_stress,0,2,2,1,1,1.0
32768,ObservationPlanner,101,severe_stress,0,2,3,0,1,0.0
32768,ObservationPlanner,101,severe_stress,0,2,4,0,1,0.0
32768,ObservationPlanner,101,severe_stress,1,0,0,127,127,1.0
32768,ObservationPlanner,101,severe_stress,1,0,1,0,127,0.0
32768,ObservationPlanner,101,severe_stress,1,0,2,0,127,0.0
32768,ObservationPlanner,101,severe_stress,1,0,3,0,127,0.0
32768,ObservationPlanner,101,severe_stress,1,0,4,0,127,0.0
32768,ObservationPlanner,101,severe_stress,1,1,0,208,253,0.8221343873517787
32768,ObservationPlanner,101,severe_stress,1,1,1,15,253,0.05928853754940711
32768,ObservationPlanner,101,severe_stress,1,1,2,19,253,0.07509881422924901
32768,ObservationPlanner,101,severe_stress,1,1,3,3,253,0.011857707509881422
32768,ObservationPlanner,101,severe_stress,1,1,4,8,253,0.03162055335968379
32768,ObservationPlanner,101,severe_stress,1,2,0,7,36,0.19444444444444445
32768,ObservationPlanner,101,severe_stress,1,2,1,21,36,0.5833333333333334
32768,ObservationPlanner,101,severe_stress,1,2,2,4,36,0.1111111111111111
32768,ObservationPlanner,101,severe_stress,1,2,3,1,36,0.027777777777777776
32768,ObservationPlanner,101,severe_stress,1,2,4,3,36,0.08333333333333333
32768,ObservationPlanner,101,severe_stress,2,0,0,55,58,0.9482758620689655
32768,ObservationPlanner,101,severe_stress,2,0,1,3,58,0.05172413793103448
32768,ObservationPlanner,101,severe_stress,2,0,2,0,58,0.0
32768,ObservationPlanner,101,severe_stress,2,0,3,0,58,0.0
32768,ObservationPlanner,101,severe_stress,2,0,4,0,58,0.0
32768,ObservationPlanner,101,severe_stress,2,1,0,242,271,0.8929889298892989
32768,ObservationPlanner,101,severe_stress,2,1,1,7,271,0.025830258302583026
32768,ObservationPlanner,101,severe_stress,2,1,2,21,271,0.07749077490774908
32768,ObservationPlanner,101,severe_stress,2,1,3,1,271,0.0036900369003690036
32768,ObservationPlanner,101,severe_stress,2,1,4,0,271,0.0
32768,ObservationPlanner,101,severe_stress,2,2,0,146,323,0.4520123839009288
32768,ObservationPlanner,101,severe_stress,2,2,1,91,323,0.28173374613003094
32768,ObservationPlanner,101,severe_stress,2,2,2,64,323,0.19814241486068113
32768,ObservationPlanner,101,severe_stress,2,2,3,16,323,0.04953560371517028
32768,ObservationPlanner,101,severe_stress,2,2,4,6,323,0.018575851393188854
32768,ObservationPlanner,202,severe_stress,0,0,0,14,16,0.875
32768,ObservationPlanner,202,severe_stress,0,0,1,1,16,0.0625
32768,ObservationPlanner,202,severe_stress,0,0,2,0,16,0.0
32768,ObservationPlanner,202,severe_stress,0,0,3,1,16,0.0625
32768,ObservationPlanner,202,severe_stress,0,0,4,0,16,0.0
32768,ObservationPlanner,202,severe_stress,0,1,0,24,42,0.5714285714285714
32768,ObservationPlanner,202,severe_stress,0,1,1,4,42,0.09523809523809523
32768,ObservationPlanner,202,severe_stress,0,1,2,0,42,0.0
32768,ObservationPlanner,202,severe_stress,0,1,3,4,42,0.09523809523809523
32768,ObservationPlanner,202,severe_stress,0,1,4,10,42,0.23809523809523808
32768,ObservationPlanner,202,severe_stress,0,2,0,0,1,0.0
32768,ObservationPlanner,202,severe_stress,0,2,1,0,1,0.0
32768,ObservationPlanner,202,severe_stress,0,2,2,1,1,1.0
32768,ObservationPlanner,202,severe_stress,0,2,3,0,1,0.0
32768,ObservationPlanner,202,severe_stress,0,2,4,0,1,0.0
32768,ObservationPlanner,202,severe_stress,1,0,0,127,127,1.0
32768,ObservationPlanner,202,severe_stress,1,0,1,0,127,0.0
32768,ObservationPlanner,202,severe_stress,1,0,2,0,127,0.0
32768,ObservationPlanner,202,severe_stress,1,0,3,0,127,0.0
32768,ObservationPlanner,202,severe_stress,1,0,4,0,127,0.0
32768,ObservationPlanner,202,severe_stress,1,1,0,208,253,0.8221343873517787
32768,ObservationPlanner,202,severe_stress,1,1,1,15,253,0.05928853754940711
32768,ObservationPlanner,202,severe_stress,1,1,2,19,253,0.07509881422924901
32768,ObservationPlanner,202,severe_stress,1,1,3,3,253,0.011857707509881422
32768,ObservationPlanner,202,severe_stress,1,1,4,8,253,0.03162055335968379
32768,ObservationPlanner,202,severe_stress,1,2,0,7,36,0.19444444444444445
32768,ObservationPlanner,202,severe_stress,1,2,1,21,36,0.5833333333333334
32768,ObservationPlanner,202,severe_stress,1,2,2,4,36,0.1111111111111111
32768,ObservationPlanner,202,severe_stress,1,2,3,1,36,0.027777777777777776
32768,ObservationPlanner,202,severe_stress,1,2,4,3,36,0.08333333333333333
32768,ObservationPlanner,202,severe_stress,2,0,0,55,58,0.9482758620689655
32768,ObservationPlanner,202,severe_stress,2,0,1,3,58,0.05172413793103448
32768,ObservationPlanner,202,severe_stress,2,0,2,0,58,0.0
32768,ObservationPlanner,202,severe_stress,2,0,3,0,58,0.0
32768,ObservationPlanner,202,severe_stress,2,0,4,0,58,0.0
32768,ObservationPlanner,202,severe_stress,2,1,0,242,271,0.8929889298892989
32768,ObservationPlanner,202,severe_stress,2,1,1,7,271,0.025830258302583026
32768,ObservationPlanner,202,severe_stress,2,1,2,21,271,0.07749077490774908
32768,ObservationPlanner,202,severe_stress,2,1,3,1,271,0.0036900369003690036
32768,ObservationPlanner,202,severe_stress,2,1,4,0,271,0.0
32768,ObservationPlanner,202,severe_stress,2,2,0,146,323,0.4520123839009288
32768,ObservationPlanner,202,severe_stress,2,2,1,91,323,0.28173374613003094
32768,ObservationPlanner,202,severe_stress,2,2,2,64,323,0.19814241486068113
32768,ObservationPlanner,202,severe_stress,2,2,3,16,323,0.04953560371517028
32768,ObservationPlanner,202,severe_stress,2,2,4,6,323,0.018575851393188854
32768,ObservationPlanner,303,severe_stress,0,0,0,14,16,0.875
32768,ObservationPlanner,303,severe_stress,0,0,1,1,16,0.0625
32768,ObservationPlanner,303,severe_stress,0,0,2,0,16,0.0
32768,ObservationPlanner,303,severe_stress,0,0,3,1,16,0.0625
32768,ObservationPlanner,303,severe_stress,0,0,4,0,16,0.0
32768,ObservationPlanner,303,severe_stress,0,1,0,24,42,0.5714285714285714
32768,ObservationPlanner,303,severe_stress,0,1,1,4,42,0.09523809523809523
32768,ObservationPlanner,303,severe_stress,0,1,2,0,42,0.0
32768,ObservationPlanner,303,severe_stress,0,1,3,4,42,0.09523809523809523
32768,ObservationPlanner,303,severe_stress,0,1,4,10,42,0.23809523809523808
32768,ObservationPlanner,303,severe_stress,0,2,0,0,1,0.0
32768,ObservationPlanner,303,severe_stress,0,2,1,0,1,0.0
32768,ObservationPlanner,303,severe_stress,0,2,2,1,1,1.0
32768,ObservationPlanner,303,severe_stress,0,2,3,0,1,0.0
32768,ObservationPlanner,303,severe_stress,0,2,4,0,1,0.0
32768,ObservationPlanner,303,severe_stress,1,0,0,127,127,1.0
32768,ObservationPlanner,303,severe_stress,1,0,1,0,127,0.0
32768,ObservationPlanner,303,severe_stress,1,0,2,0,127,0.0
32768,ObservationPlanner,303,severe_stress,1,0,3,0,127,0.0
32768,ObservationPlanner,303,severe_stress,1,0,4,0,127,0.0
32768,ObservationPlanner,303,severe_stress,1,1,0,208,253,0.8221343873517787
32768,ObservationPlanner,303,severe_stress,1,1,1,15,253,0.05928853754940711
32768,ObservationPlanner,303,severe_stress,1,1,2,19,253,0.07509881422924901
32768,ObservationPlanner,303,severe_stress,1,1,3,3,253,0.011857707509881422
32768,ObservationPlanner,303,severe_stress,1,1,4,8,253,0.03162055335968379
32768,ObservationPlanner,303,severe_stress,1,2,0,7,36,0.19444444444444445
32768,ObservationPlanner,303,severe_stress,1,2,1,21,36,0.5833333333333334
32768,ObservationPlanner,303,severe_stress,1,2,2,4,36,0.1111111111111111
32768,ObservationPlanner,303,severe_stress,1,2,3,1,36,0.027777777777777776
32768,ObservationPlanner,303,severe_stress,1,2,4,3,36,0.08333333333333333
32768,ObservationPlanner,303,severe_stress,2,0,0,55,58,0.9482758620689655
32768,ObservationPlanner,303,severe_stress,2,0,1,3,58,0.05172413793103448
32768,ObservationPlanner,303,severe_stress,2,0,2,0,58,0.0
32768,ObservationPlanner,303,severe_stress,2,0,3,0,58,0.0
32768,ObservationPlanner,303,severe_stress,2,0,4,0,58,0.0
32768,ObservationPlanner,303,severe_stress,2,1,0,242,271,0.8929889298892989
32768,ObservationPlanner,303,severe_stress,2,1,1,7,271,0.025830258302583026
32768,ObservationPlanner,303,severe_stress,2,1,2,21,271,0.07749077490774908
32768,ObservationPlanner,303,severe_stress,2,1,3,1,271,0.0036900369003690036
32768,ObservationPlanner,303,severe_stress,2,1,4,0,271,0.0
32768,ObservationPlanner,303,severe_stress,2,2,0,146,323,0.4520123839009288
32768,ObservationPlanner,303,severe_stress,2,2,1,91,323,0.28173374613003094
32768,ObservationPlanner,303,severe_stress,2,2,2,64,323,0.19814241486068113
32768,ObservationPlanner,303,severe_stress,2,2,3,16,323,0.04953560371517028
32768,ObservationPlanner,303,severe_stress,2,2,4,6,323,0.018575851393188854
32768,ObservationPlanner,404,severe_stress,0,0,0,14,16,0.875
32768,ObservationPlanner,404,severe_stress,0,0,1,1,16,0.0625
32768,ObservationPlanner,404,severe_stress,0,0,2,0,16,0.0
32768,ObservationPlanner,404,severe_stress,0,0,3,1,16,0.0625
32768,ObservationPlanner,404,severe_stress,0,0,4,0,16,0.0
32768,ObservationPlanner,404,severe_stress,0,1,0,24,42,0.5714285714285714
32768,ObservationPlanner,404,severe_stress,0,1,1,4,42,0.09523809523809523
32768,ObservationPlanner,404,severe_stress,0,1,2,0,42,0.0
32768,ObservationPlanner,404,severe_stress,0,1,3,4,42,0.09523809523809523
32768,ObservationPlanner,404,severe_stress,0,1,4,10,42,0.23809523809523808
32768,ObservationPlanner,404,severe_stress,0,2,0,0,1,0.0
32768,ObservationPlanner,404,severe_stress,0,2,1,0,1,0.0
32768,ObservationPlanner,404,severe_stress,0,2,2,1,1,1.0
32768,ObservationPlanner,404,severe_stress,0,2,3,0,1,0.0
32768,ObservationPlanner,404,severe_stress,0,2,4,0,1,0.0
32768,ObservationPlanner,404,severe_stress,1,0,0,127,127,1.0
32768,ObservationPlanner,404,severe_stress,1,0,1,0,127,0.0
32768,ObservationPlanner,404,severe_stress,1,0,2,0,127,0.0
32768,ObservationPlanner,404,severe_stress,1,0,3,0,127,0.0
32768,ObservationPlanner,404,severe_stress,1,0,4,0,127,0.0
32768,ObservationPlanner,404,severe_stress,1,1,0,208,253,0.8221343873517787
32768,ObservationPlanner,404,severe_stress,1,1,1,15,253,0.05928853754940711
32768,ObservationPlanner,404,severe_stress,1,1,2,19,253,0.07509881422924901
32768,ObservationPlanner,404,severe_stress,1,1,3,3,253,0.011857707509881422
32768,ObservationPlanner,404,severe_stress,1,1,4,8,253,0.03162055335968379
32768,ObservationPlanner,404,severe_stress,1,2,0,7,36,0.19444444444444445
32768,ObservationPlanner,404,severe_stress,1,2,1,21,36,0.5833333333333334
32768,ObservationPlanner,404,severe_stress,1,2,2,4,36,0.1111111111111111
32768,ObservationPlanner,404,severe_stress,1,2,3,1,36,0.027777777777777776
32768,ObservationPlanner,404,severe_stress,1,2,4,3,36,0.08333333333333333
32768,ObservationPlanner,404,severe_stress,2,0,0,55,58,0.9482758620689655
32768,ObservationPlanner,404,severe_stress,2,0,1,3,58,0.05172413793103448
32768,ObservationPlanner,404,severe_stress,2,0,2,0,58,0.0
32768,ObservationPlanner,404,severe_stress,2,0,3,0,58,0.0
32768,ObservationPlanner,404,severe_stress,2,0,4,0,58,0.0
32768,ObservationPlanner,404,severe_stress,2,1,0,242,271,0.8929889298892989
32768,ObservationPlanner,404,severe_stress,2,1,1,7,271,0.025830258302583026
32768,ObservationPlanner,404,severe_stress,2,1,2,21,271,0.07749077490774908
32768,ObservationPlanner,404,severe_stress,2,1,3,1,271,0.0036900369003690036
32768,ObservationPlanner,404,severe_stress,2,1,4,0,271,0.0
32768,ObservationPlanner,404,severe_stress,2,2,0,146,323,0.4520123839009288
32768,ObservationPlanner,404,severe_stress,2,2,1,91,323,0.28173374613003094
32768,ObservationPlanner,404,severe_stress,2,2,2,64,323,0.19814241486068113
32768,ObservationPlanner,404,severe_stress,2,2,3,16,323,0.04953560371517028
32768,ObservationPlanner,404,severe_stress,2,2,4,6,323,0.018575851393188854
32768,ObservationPlanner,505,severe_stress,0,0,0,14,16,0.875
32768,ObservationPlanner,505,severe_stress,0,0,1,1,16,0.0625
32768,ObservationPlanner,505,severe_stress,0,0,2,0,16,0.0
32768,ObservationPlanner,505,severe_stress,0,0,3,1,16,0.0625
32768,ObservationPlanner,505,severe_stress,0,0,4,0,16,0.0
32768,ObservationPlanner,505,severe_stress,0,1,0,24,42,0.5714285714285714
32768,ObservationPlanner,505,severe_stress,0,1,1,4,42,0.09523809523809523
32768,ObservationPlanner,505,severe_stress,0,1,2,0,42,0.0
32768,ObservationPlanner,505,severe_stress,0,1,3,4,42,0.09523809523809523
32768,ObservationPlanner,505,severe_stress,0,1,4,10,42,0.23809523809523808
32768,ObservationPlanner,505,severe_stress,0,2,0,0,1,0.0
32768,ObservationPlanner,505,severe_stress,0,2,1,0,1,0.0
32768,ObservationPlanner,505,severe_stress,0,2,2,1,1,1.0
32768,ObservationPlanner,505,severe_stress,0,2,3,0,1,0.0
32768,ObservationPlanner,505,severe_stress,0,2,4,0,1,0.0
32768,ObservationPlanner,505,severe_stress,1,0,0,127,127,1.0
32768,ObservationPlanner,505,severe_stress,1,0,1,0,127,0.0
32768,ObservationPlanner,505,severe_stress,1,0,2,0,127,0.0
32768,ObservationPlanner,505,severe_stress,1,0,3,0,127,0.0
32768,ObservationPlanner,505,severe_stress,1,0,4,0,127,0.0
32768,ObservationPlanner,505,severe_stress,1,1,0,208,253,0.8221343873517787
32768,ObservationPlanner,505,severe_stress,1,1,1,15,253,0.05928853754940711
32768,ObservationPlanner,505,severe_stress,1,1,2,19,253,0.07509881422924901
32768,ObservationPlanner,505,severe_stress,1,1,3,3,253,0.011857707509881422
32768,ObservationPlanner,505,severe_stress,1,1,4,8,253,0.03162055335968379
32768,ObservationPlanner,505,severe_stress,1,2,0,7,36,0.19444444444444445
32768,ObservationPlanner,505,severe_stress,1,2,1,21,36,0.5833333333333334
32768,ObservationPlanner,505,severe_stress,1,2,2,4,36,0.1111111111111111
32768,ObservationPlanner,505,severe_stress,1,2,3,1,36,0.027777777777777776
32768,ObservationPlanner,505,severe_stress,1,2,4,3,36,0.08333333333333333
32768,ObservationPlanner,505,severe_stress,2,0,0,55,58,0.9482758620689655
32768,ObservationPlanner,505,severe_stress,2,0,1,3,58,0.05172413793103448
32768,ObservationPlanner,505,severe_stress,2,0,2,0,58,0.0
32768,ObservationPlanner,505,severe_stress,2,0,3,0,58,0.0
32768,ObservationPlanner,505,severe_stress,2,0,4,0,58,0.0
32768,ObservationPlanner,505,severe_stress,2,1,0,242,271,0.8929889298892989
32768,ObservationPlanner,505,severe_stress,2,1,1,7,271,0.025830258302583026
32768,ObservationPlanner,505,severe_stress,2,1,2,21,271,0.07749077490774908
32768,ObservationPlanner,505,severe_stress,2,1,3,1,271,0.0036900369003690036
32768,ObservationPlanner,505,severe_stress,2,1,4,0,271,0.0
32768,ObservationPlanner,505,severe_stress,2,2,0,146,323,0.4520123839009288
32768,ObservationPlanner,505,severe_stress,2,2,1,91,323,0.28173374613003094
32768,ObservationPlanner,505,severe_stress,2,2,2,64,323,0.19814241486068113
32768,ObservationPlanner,505,severe_stress,2,2,3,16,323,0.04953560371517028
32768,ObservationPlanner,505,severe_stress,2,2,4,6,323,0.018575851393188854
32768,PDThreshold,101,severe_stress,0,0,0,0,75,0.0
32768,PDThreshold,101,severe_stress,0,0,1,0,75,0.0
32768,PDThreshold,101,severe_stress,0,0,2,8,75,0.10666666666666667
32768,PDThreshold,101,severe_stress,0,0,3,67,75,0.8933333333333333
32768,PDThreshold,101,severe_stress,0,0,4,0,75,0.0
32768,PDThreshold,101,severe_stress,0,1,0,0,11,0.0
32768,PDThreshold,101,severe_stress,0,1,1,0,11,0.0
32768,PDThreshold,101,severe_stress,0,1,2,0,11,0.0
32768,PDThreshold,101,severe_stress,0,1,3,11,11,1.0
32768,PDThreshold,101,severe_stress,0,1,4,0,11,0.0
32768,PDThreshold,101,severe_stress,1,0,0,0,268,0.0
32768,PDThreshold,101,severe_stress,1,0,1,0,268,0.0
32768,PDThreshold,101,severe_stress,1,0,2,268,268,1.0
32768,PDThreshold,101,severe_stress,1,0,3,0,268,0.0
32768,PDThreshold,101,severe_stress,1,0,4,0,268,0.0
32768,PDThreshold,101,severe_stress,1,1,0,0,136,0.0
32768,PDThreshold,101,severe_stress,1,1,1,0,136,0.0
32768,PDThreshold,101,severe_stress,1,1,2,136,136,1.0
32768,PDThreshold,101,severe_stress,1,1,3,0,136,0.0
32768,PDThreshold,101,severe_stress,1,1,4,0,136,0.0
32768,PDThreshold,101,severe_stress,1,2,0,0,2,0.0
32768,PDThreshold,101,severe_stress,1,2,1,0,2,0.0
32768,PDThreshold,101,severe_stress,1,2,2,2,2,1.0
32768,PDThreshold,101,severe_stress,1,2,3,0,2,0.0
32768,PDThreshold,101,severe_stress,1,2,4,0,2,0.0
32768,PDThreshold,101,severe_stress,2,0,0,0,172,0.0
32768,PDThreshold,101,severe_stress,2,0,1,172,172,1.0
32768,PDThreshold,101,severe_stress,2,0,2,0,172,0.0
32768,PDThreshold,101,severe_stress,2,0,3,0,172,0.0
32768,PDThreshold,101,severe_stress,2,0,4,0,172,0.0
32768,PDThreshold,101,severe_stress,2,1,0,0,443,0.0
32768,PDThreshold,101,severe_stress,2,1,1,443,443,1.0
32768,PDThreshold,101,severe_stress,2,1,2,0,443,0.0
32768,PDThreshold,101,severe_stress,2,1,3,0,443,0.0
32768,PDThreshold,101,severe_stress,2,1,4,0,443,0.0
32768,PDThreshold,101,severe_stress,2,2,0,0,131,0.0
32768,PDThreshold,101,severe_stress,2,2,1,131,131,1.0
32768,PDThreshold,101,severe_stress,2,2,2,0,131,0.0
32768,PDThreshold,101,severe_stress,2,2,3,0,131,0.0
32768,PDThreshold,101,severe_stress,2,2,4,0,131,0.0
32768,PDThreshold,202,severe_stress,0,0,0,0,75,0.0
32768,PDThreshold,202,severe_stress,0,0,1,0,75,0.0
32768,PDThreshold,202,severe_stress,0,0,2,8,75,0.10666666666666667
32768,PDThreshold,202,severe_stress,0,0,3,67,75,0.8933333333333333
32768,PDThreshold,202,severe_stress,0,0,4,0,75,0.0
32768,PDThreshold,202,severe_stress,0,1,0,0,11,0.0
32768,PDThreshold,202,severe_stress,0,1,1,0,11,0.0
32768,PDThreshold,202,severe_stress,0,1,2,0,11,0.0
32768,PDThreshold,202,severe_stress,0,1,3,11,11,1.0
32768,PDThreshold,202,severe_stress,0,1,4,0,11,0.0
32768,PDThreshold,202,severe_stress,1,0,0,0,268,0.0
32768,PDThreshold,202,severe_stress,1,0,1,0,268,0.0
32768,PDThreshold,202,severe_stress,1,0,2,268,268,1.0
32768,PDThreshold,202,severe_stress,1,0,3,0,268,0.0
32768,PDThreshold,202,severe_stress,1,0,4,0,268,0.0
32768,PDThreshold,202,severe_stress,1,1,0,0,136,0.0
32768,PDThreshold,202,severe_stress,1,1,1,0,136,0.0
32768,PDThreshold,202,severe_stress,1,1,2,136,136,1.0
32768,PDThreshold,202,severe_stress,1,1,3,0,136,0.0
32768,PDThreshold,202,severe_stress,1,1,4,0,136,0.0
32768,PDThreshold,202,severe_stress,1,2,0,0,2,0.0
32768,PDThreshold,202,severe_stress,1,2,1,0,2,0.0
32768,PDThreshold,202,severe_stress,1,2,2,2,2,1.0
32768,PDThreshold,202,severe_stress,1,2,3,0,2,0.0
32768,PDThreshold,202,severe_stress,1,2,4,0,2,0.0
32768,PDThreshold,202,severe_stress,2,0,0,0,172,0.0
32768,PDThreshold,202,severe_stress,2,0,1,172,172,1.0
32768,PDThreshold,202,severe_stress,2,0,2,0,172,0.0
32768,PDThreshold,202,severe_stress,2,0,3,0,172,0.0
32768,PDThreshold,202,severe_stress,2,0,4,0,172,0.0
32768,PDThreshold,202,severe_stress,2,1,0,0,443,0.0
32768,PDThreshold,202,severe_stress,2,1,1,443,443,1.0
32768,PDThreshold,202,severe_stress,2,1,2,0,443,0.0
32768,PDThreshold,202,severe_stress,2,1,3,0,443,0.0
32768,PDThreshold,202,severe_stress,2,1,4,0,443,0.0
32768,PDThreshold,202,severe_stress,2,2,0,0,131,0.0
32768,PDThreshold,202,severe_stress,2,2,1,131,131,1.0
32768,PDThreshold,202,severe_stress,2,2,2,0,131,0.0
32768,PDThreshold,202,severe_stress,2,2,3,0,131,0.0
32768,PDThreshold,202,severe_stress,2,2,4,0,131,0.0
32768,PDThreshold,303,severe_stress,0,0,0,0,75,0.0
32768,PDThreshold,303,severe_stress,0,0,1,0,75,0.0
32768,PDThreshold,303,severe_stress,0,0,2,8,75,0.10666666666666667
32768,PDThreshold,303,severe_stress,0,0,3,67,75,0.8933333333333333
32768,PDThreshold,303,severe_stress,0,0,4,0,75,0.0
32768,PDThreshold,303,severe_stress,0,1,0,0,11,0.0
32768,PDThreshold,303,severe_stress,0,1,1,0,11,0.0
32768,PDThreshold,303,severe_stress,0,1,2,0,11,0.0
32768,PDThreshold,303,severe_stress,0,1,3,11,11,1.0
32768,PDThreshold,303,severe_stress,0,1,4,0,11,0.0
32768,PDThreshold,303,severe_stress,1,0,0,0,268,0.0
32768,PDThreshold,303,severe_stress,1,0,1,0,268,0.0
32768,PDThreshold,303,severe_stress,1,0,2,268,268,1.0
32768,PDThreshold,303,severe_stress,1,0,3,0,268,0.0
32768,PDThreshold,303,severe_stress,1,0,4,0,268,0.0
32768,PDThreshold,303,severe_stress,1,1,0,0,136,0.0
32768,PDThreshold,303,severe_stress,1,1,1,0,136,0.0
32768,PDThreshold,303,severe_stress,1,1,2,136,136,1.0
32768,PDThreshold,303,severe_stress,1,1,3,0,136,0.0
32768,PDThreshold,303,severe_stress,1,1,4,0,136,0.0
32768,PDThreshold,303,severe_stress,1,2,0,0,2,0.0
32768,PDThreshold,303,severe_stress,1,2,1,0,2,0.0
32768,PDThreshold,303,severe_stress,1,2,2,2,2,1.0
32768,PDThreshold,303,severe_stress,1,2,3,0,2,0.0
32768,PDThreshold,303,severe_stress,1,2,4,0,2,0.0
32768,PDThreshold,303,severe_stress,2,0,0,0,172,0.0
32768,PDThreshold,303,severe_stress,2,0,1,172,172,1.0
32768,PDThreshold,303,severe_stress,2,0,2,0,172,0.0
32768,PDThreshold,303,severe_stress,2,0,3,0,172,0.0
32768,PDThreshold,303,severe_stress,2,0,4,0,172,0.0
32768,PDThreshold,303,severe_stress,2,1,0,0,443,0.0
32768,PDThreshold,303,severe_stress,2,1,1,443,443,1.0
32768,PDThreshold,303,severe_stress,2,1,2,0,443,0.0
32768,PDThreshold,303,severe_stress,2,1,3,0,443,0.0
32768,PDThreshold,303,severe_stress,2,1,4,0,443,0.0
32768,PDThreshold,303,severe_stress,2,2,0,0,131,0.0
32768,PDThreshold,303,severe_stress,2,2,1,131,131,1.0
32768,PDThreshold,303,severe_stress,2,2,2,0,131,0.0
32768,PDThreshold,303,severe_stress,2,2,3,0,131,0.0
32768,PDThreshold,303,severe_stress,2,2,4,0,131,0.0
32768,PDThreshold,404,severe_stress,0,0,0,0,75,0.0
32768,PDThreshold,404,severe_stress,0,0,1,0,75,0.0
32768,PDThreshold,404,severe_stress,0,0,2,8,75,0.10666666666666667
32768,PDThreshold,404,severe_stress,0,0,3,67,75,0.8933333333333333
32768,PDThreshold,404,severe_stress,0,0,4,0,75,0.0
32768,PDThreshold,404,severe_stress,0,1,0,0,11,0.0
32768,PDThreshold,404,severe_stress,0,1,1,0,11,0.0
32768,PDThreshold,404,severe_stress,0,1,2,0,11,0.0
32768,PDThreshold,404,severe_stress,0,1,3,11,11,1.0
32768,PDThreshold,404,severe_stress,0,1,4,0,11,0.0
32768,PDThreshold,404,severe_stress,1,0,0,0,268,0.0
32768,PDThreshold,404,severe_stress,1,0,1,0,268,0.0
32768,PDThreshold,404,severe_stress,1,0,2,268,268,1.0
32768,PDThreshold,404,severe_stress,1,0,3,0,268,0.0
32768,PDThreshold,404,severe_stress,1,0,4,0,268,0.0
32768,PDThreshold,404,severe_stress,1,1,0,0,136,0.0
32768,PDThreshold,404,severe_stress,1,1,1,0,136,0.0
32768,PDThreshold,404,severe_stress,1,1,2,136,136,1.0
32768,PDThreshold,404,severe_stress,1,1,3,0,136,0.0
32768,PDThreshold,404,severe_stress,1,1,4,0,136,0.0
32768,PDThreshold,404,severe_stress,1,2,0,0,2,0.0
32768,PDThreshold,404,severe_stress,1,2,1,0,2,0.0
32768,PDThreshold,404,severe_stress,1,2,2,2,2,1.0
32768,PDThreshold,404,severe_stress,1,2,3,0,2,0.0
32768,PDThreshold,404,severe_stress,1,2,4,0,2,0.0
32768,PDThreshold,404,severe_stress,2,0,0,0,172,0.0
32768,PDThreshold,404,severe_stress,2,0,1,172,172,1.0
32768,PDThreshold,404,severe_stress,2,0,2,0,172,0.0
32768,PDThreshold,404,severe_stress,2,0,3,0,172,0.0
32768,PDThreshold,404,severe_stress,2,0,4,0,172,0.0
32768,PDThreshold,404,severe_stress,2,1,0,0,443,0.0
32768,PDThreshold,404,severe_stress,2,1,1,443,443,1.0
32768,PDThreshold,404,severe_stress,2,1,2,0,443,0.0
32768,PDThreshold,404,severe_stress,2,1,3,0,443,0.0
32768,PDThreshold,404,severe_stress,2,1,4,0,443,0.0
32768,PDThreshold,404,severe_stress,2,2,0,0,131,0.0
32768,PDThreshold,404,severe_stress,2,2,1,131,131,1.0
32768,PDThreshold,404,severe_stress,2,2,2,0,131,0.0
32768,PDThreshold,404,severe_stress,2,2,3,0,131,0.0
32768,PDThreshold,404,severe_stress,2,2,4,0,131,0.0
32768,PDThreshold,505,severe_stress,0,0,0,0,75,0.0
32768,PDThreshold,505,severe_stress,0,0,1,0,75,0.0
32768,PDThreshold,505,severe_stress,0,0,2,8,75,0.10666666666666667
32768,PDThreshold,505,severe_stress,0,0,3,67,75,0.8933333333333333
32768,PDThreshold,505,severe_stress,0,0,4,0,75,0.0
32768,PDThreshold,505,severe_stress,0,1,0,0,11,0.0
32768,PDThreshold,505,severe_stress,0,1,1,0,11,0.0
32768,PDThreshold,505,severe_stress,0,1,2,0,11,0.0
32768,PDThreshold,505,severe_stress,0,1,3,11,11,1.0
32768,PDThreshold,505,severe_stress,0,1,4,0,11,0.0
32768,PDThreshold,505,severe_stress,1,0,0,0,268,0.0
32768,PDThreshold,505,severe_stress,1,0,1,0,268,0.0
32768,PDThreshold,505,severe_stress,1,0,2,268,268,1.0
32768,PDThreshold,505,severe_stress,1,0,3,0,268,0.0
32768,PDThreshold,505,severe_stress,1,0,4,0,268,0.0
32768,PDThreshold,505,severe_stress,1,1,0,0,136,0.0
32768,PDThreshold,505,severe_stress,1,1,1,0,136,0.0
32768,PDThreshold,505,severe_stress,1,1,2,136,136,1.0
32768,PDThreshold,505,severe_stress,1,1,3,0,136,0.0
32768,PDThreshold,505,severe_stress,1,1,4,0,136,0.0
32768,PDThreshold,505,severe_stress,1,2,0,0,2,0.0
32768,PDThreshold,505,severe_stress,1,2,1,0,2,0.0
32768,PDThreshold,505,severe_stress,1,2,2,2,2,1.0
32768,PDThreshold,505,severe_stress,1,2,3,0,2,0.0
32768,PDThreshold,505,severe_stress,1,2,4,0,2,0.0
32768,PDThreshold,505,severe_stress,2,0,0,0,172,0.0
32768,PDThreshold,505,severe_stress,2,0,1,172,172,1.0
32768,PDThreshold,505,severe_stress,2,0,2,0,172,0.0
32768,PDThreshold,505,severe_stress,2,0,3,0,172,0.0
32768,PDThreshold,505,severe_stress,2,0,4,0,172,0.0
32768,PDThreshold,505,severe_stress,2,1,0,0,443,0.0
32768,PDThreshold,505,severe_stress,2,1,1,443,443,1.0
32768,PDThreshold,505,severe_stress,2,1,2,0,443,0.0
32768,PDThreshold,505,severe_stress,2,1,3,0,443,0.0
32768,PDThreshold,505,severe_stress,2,1,4,0,443,0.0
32768,PDThreshold,505,severe_stress,2,2,0,0,131,0.0
32768,PDThreshold,505,severe_stress,2,2,1,131,131,1.0
32768,PDThreshold,505,severe_stress,2,2,2,0,131,0.0
32768,PDThreshold,505,severe_stress,2,2,3,0,131,0.0
32768,PDThreshold,505,severe_stress,2,2,4,0,131,0.0
32768,Static,101,severe_stress,0,0,0,0,73,0.0
32768,Static,101,severe_stress,0,0,1,0,73,0.0
32768,Static,101,severe_stress,0,0,2,73,73,1.0
32768,Static,101,severe_stress,0,0,3,0,73,0.0
32768,Static,101,severe_stress,0,0,4,0,73,0.0
32768,Static,101,severe_stress,0,1,0,0,9,0.0
32768,Static,101,severe_stress,0,1,1,0,9,0.0
32768,Static,101,severe_stress,0,1,2,9,9,1.0
32768,Static,101,severe_stress,0,1,3,0,9,0.0
32768,Static,101,severe_stress,0,1,4,0,9,0.0
32768,Static,101,severe_stress,1,0,0,0,275,0.0
32768,Static,101,severe_stress,1,0,1,0,275,0.0
32768,Static,101,severe_stress,1,0,2,275,275,1.0
32768,Static,101,severe_stress,1,0,3,0,275,0.0
32768,Static,101,severe_stress,1,0,4,0,275,0.0
32768,Static,101,severe_stress,1,1,0,0,141,0.0
32768,Static,101,severe_stress,1,1,1,0,141,0.0
32768,Static,101,severe_stress,1,1,2,141,141,1.0
32768,Static,101,severe_stress,1,1,3,0,141,0.0
32768,Static,101,severe_stress,1,1,4,0,141,0.0
32768,Static,101,severe_stress,2,0,0,0,251,0.0
32768,Static,101,severe_stress,2,0,1,0,251,0.0
32768,Static,101,severe_stress,2,0,2,251,251,1.0
32768,Static,101,severe_stress,2,0,3,0,251,0.0
32768,Static,101,severe_stress,2,0,4,0,251,0.0
32768,Static,101,severe_stress,2,1,0,0,547,0.0
32768,Static,101,severe_stress,2,1,1,0,547,0.0
32768,Static,101,severe_stress,2,1,2,547,547,1.0
32768,Static,101,severe_stress,2,1,3,0,547,0.0
32768,Static,101,severe_stress,2,1,4,0,547,0.0
32768,Static,202,severe_stress,0,0,0,0,73,0.0
32768,Static,202,severe_stress,0,0,1,0,73,0.0
32768,Static,202,severe_stress,0,0,2,73,73,1.0
32768,Static,202,severe_stress,0,0,3,0,73,0.0
32768,Static,202,severe_stress,0,0,4,0,73,0.0
32768,Static,202,severe_stress,0,1,0,0,9,0.0
32768,Static,202,severe_stress,0,1,1,0,9,0.0
32768,Static,202,severe_stress,0,1,2,9,9,1.0
32768,Static,202,severe_stress,0,1,3,0,9,0.0
32768,Static,202,severe_stress,0,1,4,0,9,0.0
32768,Static,202,severe_stress,1,0,0,0,275,0.0
32768,Static,202,severe_stress,1,0,1,0,275,0.0
32768,Static,202,severe_stress,1,0,2,275,275,1.0
32768,Static,202,severe_stress,1,0,3,0,275,0.0
32768,Static,202,severe_stress,1,0,4,0,275,0.0
32768,Static,202,severe_stress,1,1,0,0,141,0.0
32768,Static,202,severe_stress,1,1,1,0,141,0.0
32768,Static,202,severe_stress,1,1,2,141,141,1.0
32768,Static,202,severe_stress,1,1,3,0,141,0.0
32768,Static,202,severe_stress,1,1,4,0,141,0.0
32768,Static,202,severe_stress,2,0,0,0,251,0.0
32768,Static,202,severe_stress,2,0,1,0,251,0.0
32768,Static,202,severe_stress,2,0,2,251,251,1.0
32768,Static,202,severe_stress,2,0,3,0,251,0.0
32768,Static,202,severe_stress,2,0,4,0,251,0.0
32768,Static,202,severe_stress,2,1,0,0,547,0.0
32768,Static,202,severe_stress,2,1,1,0,547,0.0
32768,Static,202,severe_stress,2,1,2,547,547,1.0
32768,Static,202,severe_stress,2,1,3,0,547,0.0
32768,Static,202,severe_stress,2,1,4,0,547,0.0
32768,Static,303,severe_stress,0,0,0,0,73,0.0
32768,Static,303,severe_stress,0,0,1,0,73,0.0
32768,Static,303,severe_stress,0,0,2,73,73,1.0
32768,Static,303,severe_stress,0,0,3,0,73,0.0
32768,Static,303,severe_stress,0,0,4,0,73,0.0
32768,Static,303,severe_stress,0,1,0,0,9,0.0
32768,Static,303,severe_stress,0,1,1,0,9,0.0
32768,Static,303,severe_stress,0,1,2,9,9,1.0
32768,Static,303,severe_stress,0,1,3,0,9,0.0
32768,Static,303,severe_stress,0,1,4,0,9,0.0
32768,Static,303,severe_stress,1,0,0,0,275,0.0
32768,Static,303,severe_stress,1,0,1,0,275,0.0
32768,Static,303,severe_stress,1,0,2,275,275,1.0
32768,Static,303,severe_stress,1,0,3,0,275,0.0
32768,Static,303,severe_stress,1,0,4,0,275,0.0
32768,Static,303,severe_stress,1,1,0,0,141,0.0
32768,Static,303,severe_stress,1,1,1,0,141,0.0
32768,Static,303,severe_stress,1,1,2,141,141,1.0
32768,Static,303,severe_stress,1,1,3,0,141,0.0
32768,Static,303,severe_stress,1,1,4,0,141,0.0
32768,Static,303,severe_stress,2,0,0,0,251,0.0
32768,Static,303,severe_stress,2,0,1,0,251,0.0
32768,Static,303,severe_stress,2,0,2,251,251,1.0
32768,Static,303,severe_stress,2,0,3,0,251,0.0
32768,Static,303,severe_stress,2,0,4,0,251,0.0
32768,Static,303,severe_stress,2,1,0,0,547,0.0
32768,Static,303,severe_stress,2,1,1,0,547,0.0
32768,Static,303,severe_stress,2,1,2,547,547,1.0
32768,Static,303,severe_stress,2,1,3,0,547,0.0
32768,Static,303,severe_stress,2,1,4,0,547,0.0
32768,Static,404,severe_stress,0,0,0,0,73,0.0
32768,Static,404,severe_stress,0,0,1,0,73,0.0
32768,Static,404,severe_stress,0,0,2,73,73,1.0
32768,Static,404,severe_stress,0,0,3,0,73,0.0
32768,Static,404,severe_stress,0,0,4,0,73,0.0
32768,Static,404,severe_stress,0,1,0,0,9,0.0
32768,Static,404,severe_stress,0,1,1,0,9,0.0
32768,Static,404,severe_stress,0,1,2,9,9,1.0
32768,Static,404,severe_stress,0,1,3,0,9,0.0
32768,Static,404,severe_stress,0,1,4,0,9,0.0
32768,Static,404,severe_stress,1,0,0,0,275,0.0
32768,Static,404,severe_stress,1,0,1,0,275,0.0
32768,Static,404,severe_stress,1,0,2,275,275,1.0
32768,Static,404,severe_stress,1,0,3,0,275,0.0
32768,Static,404,severe_stress,1,0,4,0,275,0.0
32768,Static,404,severe_stress,1,1,0,0,141,0.0
32768,Static,404,severe_stress,1,1,1,0,141,0.0
32768,Static,404,severe_stress,1,1,2,141,141,1.0
32768,Static,404,severe_stress,1,1,3,0,141,0.0
32768,Static,404,severe_stress,1,1,4,0,141,0.0
32768,Static,404,severe_stress,2,0,0,0,251,0.0
32768,Static,404,severe_stress,2,0,1,0,251,0.0
32768,Static,404,severe_stress,2,0,2,251,251,1.0
32768,Static,404,severe_stress,2,0,3,0,251,0.0
32768,Static,404,severe_stress,2,0,4,0,251,0.0
32768,Static,404,severe_stress,2,1,0,0,547,0.0
32768,Static,404,severe_stress,2,1,1,0,547,0.0
32768,Static,404,severe_stress,2,1,2,547,547,1.0
32768,Static,404,severe_stress,2,1,3,0,547,0.0
32768,Static,404,severe_stress,2,1,4,0,547,0.0
32768,Static,505,severe_stress,0,0,0,0,73,0.0
32768,Static,505,severe_stress,0,0,1,0,73,0.0
32768,Static,505,severe_stress,0,0,2,73,73,1.0
32768,Static,505,severe_stress,0,0,3,0,73,0.0
32768,Static,505,severe_stress,0,0,4,0,73,0.0
32768,Static,505,severe_stress,0,1,0,0,9,0.0
32768,Static,505,severe_stress,0,1,1,0,9,0.0
32768,Static,505,severe_stress,0,1,2,9,9,1.0
32768,Static,505,severe_stress,0,1,3,0,9,0.0
32768,Static,505,severe_stress,0,1,4,0,9,0.0
32768,Static,505,severe_stress,1,0,0,0,275,0.0
32768,Static,505,severe_stress,1,0,1,0,275,0.0
32768,Static,505,severe_stress,1,0,2,275,275,1.0
32768,Static,505,severe_stress,1,0,3,0,275,0.0
32768,Static,505,severe_stress,1,0,4,0,275,0.0
32768,Static,505,severe_stress,1,1,0,0,141,0.0
32768,Static,505,severe_stress,1,1,1,0,141,0.0
32768,Static,505,severe_stress,1,1,2,141,141,1.0
32768,Static,505,severe_stress,1,1,3,0,141,0.0
32768,Static,505,severe_stress,1,1,4,0,141,0.0
32768,Static,505,severe_stress,2,0,0,0,251,0.0
32768,Static,505,severe_stress,2,0,1,0,251,0.0
32768,Static,505,severe_stress,2,0,2,251,251,1.0
32768,Static,505,severe_stress,2,0,3,0,251,0.0
32768,Static,505,severe_stress,2,0,4,0,251,0.0
32768,Static,505,severe_stress,2,1,0,0,547,0.0
32768,Static,505,severe_stress,2,1,1,0,547,0.0
32768,Static,505,severe_stress,2,1,2,547,547,1.0
32768,Static,505,severe_stress,2,1,3,0,547,0.0
32768,Static,505,severe_stress,2,1,4,0,547,0.0
