case,policy,reference,metric,difference,lower,upper
buffer_1.0,BufferedRiskBased,Static,value,663.6081707831592,531.53155201671,779.6175901318275
buffer_1.0,BufferedRiskBased,Greedy,value,152.41129085665548,1.673377286694904,315.6201220287196
buffer_1.0,BufferedRiskBased,Myopic,value,351.56792331505414,187.56513743862456,516.8908345874695
buffer_1.0,BufferedRiskBased,Decrease20,value,-748.0876622132475,-896.7904594191731,-594.1263553333248
buffer_1.0,BufferedRiskBased,Static,loss,-795.6701689637914,-904.059764353794,-676.9973266152597
buffer_1.0,BufferedRiskBased,Greedy,loss,-233.09047182373754,-371.28005368174695,-114.48974890833313
buffer_1.0,BufferedRiskBased,Myopic,loss,-401.7924048466359,-561.2085197331483,-243.4083874013779
buffer_1.0,BufferedRiskBased,Decrease20,loss,966.4965211142721,834.9910262951076,1123.265061440976
buffer_1.0,BufferedRiskBased,Static,default_rate,0.041666666666666644,-3.5041414214731484e-17,0.08333333333333333
buffer_1.0,BufferedRiskBased,Greedy,default_rate,0.05208333333333333,0.020833333333333315,0.09374999999999999
buffer_1.0,BufferedRiskBased,Myopic,default_rate,-0.010416666666666671,-0.031250000000000014,0.0
buffer_1.0,BufferedRiskBased,Decrease20,default_rate,-0.010416666666666685,-0.041666666666666685,0.026302083333333066
buffer_1.0,BufferedRiskBased,Static,el_violation_rate,-0.18117559523809523,-0.26041666666666663,-0.09743303571428573
buffer_1.0,BufferedRiskBased,Greedy,el_violation_rate,-0.09523809523809523,-0.16940104166666664,-0.02529761904761905
buffer_1.0,BufferedRiskBased,Myopic,el_violation_rate,-0.037946428571428555,-0.11458333333333331,0.027641369047618956
buffer_1.0,BufferedRiskBased,Decrease20,el_violation_rate,0.27201236263736267,0.20061870421245423,0.3441849816849817
buffer_1.0,BufferedRiskBased,Static,true_violation_rate,-0.04228670634920636,-0.12198350694444444,0.04241071428571428
buffer_1.0,BufferedRiskBased,Greedy,true_violation_rate,0.04885912698412699,-0.005208333333333336,0.10491071428571427
buffer_1.0,BufferedRiskBased,Myopic,true_violation_rate,0.008928571428571418,-0.0625,0.08407738095238096
buffer_1.0,BufferedRiskBased,Decrease20,true_violation_rate,0.17665216727716732,0.06959678342490846,0.27866128663003664
buffer_1.0,Decrease20,Static,value,1411.6958329964066,1260.799228239423,1553.3566771889602
buffer_1.0,Decrease20,Greedy,value,900.4989530699029,802.4217435082011,1008.9565589291792
buffer_1.0,Decrease20,Myopic,value,1099.6555855283016,914.623830251803,1269.1056570969197
buffer_1.0,Decrease20,Static,loss,-1762.1666900780635,-1878.8874776952032,-1632.0996779086686
buffer_1.0,Decrease20,Greedy,loss,-1199.5869929380096,-1307.771894708107,-1093.6380639650172
buffer_1.0,Decrease20,Myopic,loss,-1368.288925960908,-1530.2840246591181,-1174.0091005532313
buffer_1.0,Decrease20,Static,default_rate,0.05208333333333333,0.010416666666666644,0.09375000000000001
buffer_1.0,Decrease20,Greedy,default_rate,0.06250000000000001,0.03125,0.10416666666666667
buffer_1.0,Decrease20,Myopic,default_rate,1.3877787807814457e-17,-0.031249999999999972,0.020833333333333363
buffer_1.0,Decrease20,Static,el_violation_rate,-0.4531879578754579,-0.5502734375,-0.3456858115842491
buffer_1.0,Decrease20,Greedy,el_violation_rate,-0.36725045787545796,-0.491328125,-0.2463221153846154
buffer_1.0,Decrease20,Myopic,el_violation_rate,-0.3099587912087912,-0.4072916666666667,-0.20313358516483523
buffer_1.0,Decrease20,Static,true_violation_rate,-0.21893887362637365,-0.3117508012820513,-0.1295163690476191
buffer_1.0,Decrease20,Greedy,true_violation_rate,-0.1277930402930403,-0.20977163461538464,-0.048925423534798555
buffer_1.0,Decrease20,Myopic,true_violation_rate,-0.1677235958485959,-0.25815829136141644,-0.09401881105006107
buffer_1.0,Greedy,Static,value,511.19687992650364,319.6896202011075,681.0813667951305
buffer_1.0,Greedy,Myopic,value,199.15663245839863,58.25649656482947,315.1223747758876
buffer_1.0,Greedy,Decrease20,value,-900.4989530699029,-1008.9565589291792,-802.4217435082011
buffer_1.0,Greedy,Static,loss,-562.5796971400539,-730.1109202690664,-383.24642036908034
buffer_1.0,Greedy,Myopic,loss,-168.70193302289837,-276.0027589083349,-27.669016797899157
buffer_1.0,Greedy,Decrease20,loss,1199.5869929380096,1093.638063965017,1307.771894708107
buffer_1.0,Greedy,Static,default_rate,-0.010416666666666685,-0.041666666666666685,0.020833333333333315
buffer_1.0,Greedy,Myopic,default_rate,-0.0625,-0.10416666666666664,-0.031249999999999986
buffer_1.0,Greedy,Decrease20,default_rate,-0.06250000000000001,-0.10416666666666667,-0.03125
buffer_1.0,Greedy,Static,el_violation_rate,-0.08593749999999999,-0.12760416666666663,-0.03769531250000005
buffer_1.0,Greedy,Myopic,el_violation_rate,0.05729166666666668,0.010416666666666685,0.11458333333333333
buffer_1.0,Greedy,Decrease20,el_violation_rate,0.36725045787545796,0.2463221153846154,0.49132812499999984
buffer_1.0,Greedy,Static,true_violation_rate,-0.09114583333333334,-0.13020833333333334,-0.04687500000000001
buffer_1.0,Greedy,Myopic,true_violation_rate,-0.03993055555555557,-0.06944444444444448,-0.005208333333333336
buffer_1.0,Greedy,Decrease20,true_violation_rate,0.1277930402930403,0.04892542353479854,0.20977163461538462
buffer_1.0,Myopic,Static,value,312.040247468105,42.9513245538741,552.5590028973812
buffer_1.0,Myopic,Greedy,value,-199.15663245839863,-315.1223747758876,-58.25649656482951
buffer_1.0,Myopic,Decrease20,value,-1099.6555855283016,-1269.10565709692,-914.6238302518032
buffer_1.0,Myopic,Static,loss,-393.8777641171556,-636.0562558953569,-146.81787278034398
buffer_1.0,Myopic,Greedy,loss,168.70193302289837,27.66901679789914,276.0027589083349
buffer_1.0,Myopic,Decrease20,loss,1368.288925960908,1174.0091005532313,1530.2840246591181
buffer_1.0,Myopic,Static,default_rate,0.052083333333333315,0.010416666666666637,0.09375
buffer_1.0,Myopic,Greedy,default_rate,0.0625,0.031249999999999986,0.10416666666666664
buffer_1.0,Myopic,Decrease20,default_rate,-1.3877787807814457e-17,-0.020833333333333363,0.031249999999999972
buffer_1.0,Myopic,Static,el_violation_rate,-0.14322916666666666,-0.17708333333333334,-0.10800781250000006
buffer_1.0,Myopic,Greedy,el_violation_rate,-0.05729166666666668,-0.11458333333333333,-0.010416666666666685
buffer_1.0,Myopic,Decrease20,el_violation_rate,0.3099587912087912,0.20313358516483518,0.4072916666666667
buffer_1.0,Myopic,Static,true_violation_rate,-0.051215277777777776,-0.09594184027777777,-0.012152777777777783
buffer_1.0,Myopic,Greedy,true_violation_rate,0.03993055555555557,0.005208333333333336,0.06944444444444448
buffer_1.0,Myopic,Decrease20,true_violation_rate,0.1677235958485959,0.09401881105006107,0.2581582913614163
buffer_1.0,PPO_hard,Static,value,1200.3507634449827,983.1135908750623,1410.5757467526648
buffer_1.0,PPO_hard,Greedy,value,689.1538835184791,490.663603249987,884.3638395787139
buffer_1.0,PPO_hard,Myopic,value,888.3105159768778,626.0246761293942,1110.6358017940431
buffer_1.0,PPO_hard,Decrease20,value,-211.34506955142396,-384.44993450697893,-55.9224549019383
buffer_1.0,PPO_hard,Static,loss,-1456.8498822103104,-1706.6122475775417,-1202.133435723966
buffer_1.0,PPO_hard,Greedy,loss,-894.2701850702564,-1143.3986029707664,-649.9217081073293
buffer_1.0,PPO_hard,Myopic,loss,-1062.972118093155,-1346.8182956015946,-752.5964116587453
buffer_1.0,PPO_hard,Decrease20,loss,305.3168078677532,104.28327656923982,520.2568155062195
buffer_1.0,PPO_hard,Static,default_rate,0.045138888888888874,0.0,0.09027777777777776
buffer_1.0,PPO_hard,Greedy,default_rate,0.05555555555555556,0.02430555555555556,0.08680555555555557
buffer_1.0,PPO_hard,Myopic,default_rate,-0.006944444444444438,-0.03125,0.01736111111111111
buffer_1.0,PPO_hard,Decrease20,default_rate,-0.006944444444444452,-0.041666666666666664,0.020833333333333308
buffer_1.0,PPO_hard,Static,el_violation_rate,-0.3920348748473748,-0.5110546875,-0.25981748575498576
buffer_1.0,PPO_hard,Greedy,el_violation_rate,-0.3060973748473748,-0.4386470734126985,-0.17637419871794874
buffer_1.0,PPO_hard,Myopic,el_violation_rate,-0.24880570818070816,-0.3629707532051282,-0.139167556980057
buffer_1.0,PPO_hard,Decrease20,el_violation_rate,0.06115308302808303,0.00014136904761905412,0.1516838051994302
buffer_1.0,PPO_hard,Static,true_violation_rate,-0.17031758750508752,-0.26456473214285714,-0.06501691595441604
buffer_1.0,PPO_hard,Greedy,true_violation_rate,-0.07917175417175419,-0.15984813797313804,-0.0022800925925926304
buffer_1.0,PPO_hard,Myopic,true_violation_rate,-0.11910230972730974,-0.20709535256410264,-0.032262731481481524
buffer_1.0,PPO_hard,Decrease20,true_violation_rate,0.04862128612128613,-0.003495783730158736,0.1264870459401709
buffer_1.0,PPO_penalty,Static,value,1412.7335044523043,1273.0897340027484,1553.003621656234
buffer_1.0,PPO_penalty,Greedy,value,901.5366245258007,800.4002624661981,1026.021726773416
buffer_1.0,PPO_penalty,Myopic,value,1100.6932569841993,903.6092078725407,1272.4000731548163
buffer_1.0,PPO_penalty,Decrease20,value,1.0376714558977085,0.0,3.1130143676931255
buffer_1.0,PPO_penalty,Static,loss,-1763.2366156032394,-1885.8515475313018,-1636.1624071872436
buffer_1.0,PPO_penalty,Greedy,loss,-1200.6569184631855,-1305.358810022498,-1096.9810790708323
buffer_1.0,PPO_penalty,Myopic,loss,-1369.358851486084,-1532.0558150707168,-1156.4107029332797
buffer_1.0,PPO_penalty,Decrease20,loss,-1.0699255251759041,-3.2097765755277123,0.0
buffer_1.0,PPO_penalty,Static,default_rate,0.052083333333333336,0.010416666666666657,0.09375
buffer_1.0,PPO_penalty,Greedy,default_rate,0.06250000000000001,0.031250000000000014,0.09375000000000004
buffer_1.0,PPO_penalty,Myopic,default_rate,1.3877787807814457e-17,-0.031249999999999972,0.031250000000000014
buffer_1.0,PPO_penalty,Decrease20,default_rate,0.0,0.0,0.0
buffer_1.0,PPO_penalty,Static,el_violation_rate,-0.4531879578754579,-0.5629836309523809,-0.3504444253663005
buffer_1.0,PPO_penalty,Greedy,el_violation_rate,-0.3672504578754579,-0.4938020833333333,-0.2485202037545789
buffer_1.0,PPO_penalty,Myopic,el_violation_rate,-0.3099587912087912,-0.41250000000000003,-0.2040710851648352
buffer_1.0,PPO_penalty,Decrease20,el_violation_rate,0.0,0.0,0.0
buffer_1.0,PPO_penalty,Static,true_violation_rate,-0.21893887362637363,-0.3180028044871795,-0.13210708562271067
buffer_1.0,PPO_penalty,Greedy,true_violation_rate,-0.1277930402930403,-0.21452323717948724,-0.04641741071428578
buffer_1.0,PPO_penalty,Myopic,true_violation_rate,-0.1677235958485959,-0.25203725961538465,-0.09529246794871797
buffer_1.0,PPO_penalty,Decrease20,true_violation_rate,0.0,0.0,0.0
buffer_1.0,PPO_unconstrained,Static,value,1412.7335044523043,1273.0897340027484,1553.003621656234
buffer_1.0,PPO_unconstrained,Greedy,value,901.5366245258007,800.4002624661981,1026.021726773416
buffer_1.0,PPO_unconstrained,Myopic,value,1100.6932569841993,903.6092078725407,1272.4000731548163
buffer_1.0,PPO_unconstrained,Decrease20,value,1.0376714558977085,0.0,3.1130143676931255
buffer_1.0,PPO_unconstrained,Static,loss,-1763.2366156032394,-1885.8515475313018,-1636.1624071872436
buffer_1.0,PPO_unconstrained,Greedy,loss,-1200.6569184631855,-1305.358810022498,-1096.9810790708323
buffer_1.0,PPO_unconstrained,Myopic,loss,-1369.358851486084,-1532.0558150707168,-1156.4107029332797
buffer_1.0,PPO_unconstrained,Decrease20,loss,-1.0699255251759041,-3.2097765755277123,0.0
buffer_1.0,PPO_unconstrained,Static,default_rate,0.052083333333333336,0.010416666666666657,0.09375
buffer_1.0,PPO_unconstrained,Greedy,default_rate,0.06250000000000001,0.031250000000000014,0.09375000000000004
buffer_1.0,PPO_unconstrained,Myopic,default_rate,1.3877787807814457e-17,-0.031249999999999972,0.031250000000000014
buffer_1.0,PPO_unconstrained,Decrease20,default_rate,0.0,0.0,0.0
buffer_1.0,PPO_unconstrained,Static,el_violation_rate,-0.4531879578754579,-0.5629836309523809,-0.3504444253663005
buffer_1.0,PPO_unconstrained,Greedy,el_violation_rate,-0.3672504578754579,-0.4938020833333333,-0.2485202037545789
buffer_1.0,PPO_unconstrained,Myopic,el_violation_rate,-0.3099587912087912,-0.41250000000000003,-0.2040710851648352
buffer_1.0,PPO_unconstrained,Decrease20,el_violation_rate,0.0,0.0,0.0
buffer_1.0,PPO_unconstrained,Static,true_violation_rate,-0.21893887362637363,-0.3180028044871795,-0.13210708562271067
buffer_1.0,PPO_unconstrained,Greedy,true_violation_rate,-0.1277930402930403,-0.21452323717948724,-0.04641741071428578
buffer_1.0,PPO_unconstrained,Myopic,true_violation_rate,-0.1677235958485959,-0.25203725961538465,-0.09529246794871797
buffer_1.0,PPO_unconstrained,Decrease20,true_violation_rate,0.0,0.0,0.0
buffer_1.0,RiskBased,Static,value,663.6081707831592,531.53155201671,779.6175901318275
buffer_1.0,RiskBased,Greedy,value,152.41129085665548,1.673377286694904,315.6201220287196
buffer_1.0,RiskBased,Myopic,value,351.56792331505414,187.56513743862456,516.8908345874695
buffer_1.0,RiskBased,Decrease20,value,-748.0876622132475,-896.7904594191731,-594.1263553333248
buffer_1.0,RiskBased,Static,loss,-795.6701689637914,-904.059764353794,-676.9973266152597
buffer_1.0,RiskBased,Greedy,loss,-233.09047182373754,-371.28005368174695,-114.48974890833313
buffer_1.0,RiskBased,Myopic,loss,-401.7924048466359,-561.2085197331483,-243.4083874013779
buffer_1.0,RiskBased,Decrease20,loss,966.4965211142721,834.9910262951076,1123.265061440976
buffer_1.0,RiskBased,Static,default_rate,0.041666666666666644,-3.5041414214731484e-17,0.08333333333333333
buffer_1.0,RiskBased,Greedy,default_rate,0.05208333333333333,0.020833333333333315,0.09374999999999999
buffer_1.0,RiskBased,Myopic,default_rate,-0.010416666666666671,-0.031250000000000014,0.0
buffer_1.0,RiskBased,Decrease20,default_rate,-0.010416666666666685,-0.041666666666666685,0.026302083333333066
buffer_1.0,RiskBased,Static,el_violation_rate,-0.18117559523809523,-0.26041666666666663,-0.09743303571428573
buffer_1.0,RiskBased,Greedy,el_violation_rate,-0.09523809523809523,-0.16940104166666664,-0.02529761904761905
buffer_1.0,RiskBased,Myopic,el_violation_rate,-0.037946428571428555,-0.11458333333333331,0.027641369047618956
buffer_1.0,RiskBased,Decrease20,el_violation_rate,0.27201236263736267,0.20061870421245423,0.3441849816849817
buffer_1.0,RiskBased,Static,true_violation_rate,-0.04228670634920636,-0.12198350694444444,0.04241071428571428
buffer_1.0,RiskBased,Greedy,true_violation_rate,0.04885912698412699,-0.005208333333333336,0.10491071428571427
buffer_1.0,RiskBased,Myopic,true_violation_rate,0.008928571428571418,-0.0625,0.08407738095238096
buffer_1.0,RiskBased,Decrease20,true_violation_rate,0.17665216727716732,0.06959678342490846,0.27866128663003664
buffer_1.0,Static,Greedy,value,-511.19687992650364,-681.0813667951306,-319.6896202011076
buffer_1.0,Static,Myopic,value,-312.040247468105,-552.5590028973814,-42.951324553874414
buffer_1.0,Static,Decrease20,value,-1411.6958329964066,-1553.3566771889602,-1260.799228239423
buffer_1.0,Static,Greedy,loss,562.5796971400539,383.2464203690803,730.1109202690664
buffer_1.0,Static,Myopic,loss,393.8777641171556,146.81787278034398,636.0562558953567
buffer_1.0,Static,Decrease20,loss,1762.1666900780635,1632.0996779086684,1878.8874776952032
buffer_1.0,Static,Greedy,default_rate,0.010416666666666685,-0.020833333333333315,0.041666666666666685
buffer_1.0,Static,Myopic,default_rate,-0.052083333333333315,-0.09375,-0.010416666666666637
buffer_1.0,Static,Decrease20,default_rate,-0.05208333333333333,-0.09375000000000001,-0.010416666666666644
buffer_1.0,Static,Greedy,el_violation_rate,0.08593749999999999,0.037695312499999994,0.12760416666666663
buffer_1.0,Static,Myopic,el_violation_rate,0.14322916666666666,0.10800781250000001,0.17708333333333334
buffer_1.0,Static,Decrease20,el_violation_rate,0.4531879578754579,0.3456858115842491,0.5502734375
buffer_1.0,Static,Greedy,true_violation_rate,0.09114583333333334,0.04687500000000001,0.13020833333333334
buffer_1.0,Static,Myopic,true_violation_rate,0.051215277777777776,0.012152777777777783,0.09594184027777776
buffer_1.0,Static,Decrease20,true_violation_rate,0.21893887362637365,0.12951636904761907,0.3117508012820513
buffer_1.1,BufferedRiskBased,Static,value,663.6081707831592,531.53155201671,779.6175901318275
buffer_1.1,BufferedRiskBased,Greedy,value,62.541512866993756,-69.47195804920071,198.25618671853223
buffer_1.1,BufferedRiskBased,Myopic,value,24.21573019398909,-105.81895620629909,186.36782976790118
buffer_1.1,BufferedRiskBased,Decrease20,value,-748.0876622132475,-896.7904594191731,-594.1263553333248
buffer_1.1,BufferedRiskBased,Static,loss,-795.6701689637914,-904.059764353794,-676.9973266152597
buffer_1.1,BufferedRiskBased,Greedy,loss,-115.72776796489512,-234.09342356130782,21.3475331331823
buffer_1.1,BufferedRiskBased,Myopic,loss,-36.618994331346755,-196.54744307715126,94.78684988251072
buffer_1.1,BufferedRiskBased,Decrease20,loss,966.4965211142721,834.9910262951076,1123.265061440976
buffer_1.1,BufferedRiskBased,Static,default_rate,0.041666666666666644,-3.5041414214731484e-17,0.08333333333333333
buffer_1.1,BufferedRiskBased,Greedy,default_rate,0.04166666666666666,0.015364583333333341,0.07291666666666663
buffer_1.1,BufferedRiskBased,Myopic,default_rate,-0.010416666666666671,-0.031250000000000014,0.0
buffer_1.1,BufferedRiskBased,Decrease20,default_rate,-0.010416666666666685,-0.041666666666666685,0.026302083333333066
buffer_1.1,BufferedRiskBased,Static,el_violation_rate,-0.3165922619047619,-0.4010416666666667,-0.22693452380952384
buffer_1.1,BufferedRiskBased,Greedy,el_violation_rate,-0.2775297619047619,-0.375,-0.17888764880952387
buffer_1.1,BufferedRiskBased,Myopic,el_violation_rate,-0.2790178571428571,-0.3679501488095238,-0.18891369047619053
buffer_1.1,BufferedRiskBased,Decrease20,el_violation_rate,0.028170787545787553,-0.09311441163003663,0.13705729166666664
buffer_1.1,BufferedRiskBased,Static,true_violation_rate,-0.04228670634920636,-0.12198350694444444,0.04241071428571428
buffer_1.1,BufferedRiskBased,Greedy,true_violation_rate,0.06448412698412698,-0.006826636904761906,0.13616071428571425
buffer_1.1,BufferedRiskBased,Myopic,true_violation_rate,0.0069444444444444475,-0.03389756944444443,0.04431423611111107
buffer_1.1,BufferedRiskBased,Decrease20,true_violation_rate,0.17665216727716732,0.06959678342490846,0.27866128663003664
buffer_1.1,Decrease20,Static,value,1411.6958329964066,1260.799228239423,1553.3566771889602
buffer_1.1,Decrease20,Greedy,value,810.6291750802412,692.5566809483146,932.7897500400983
buffer_1.1,Decrease20,Myopic,value,772.3033924072365,667.412884912101,868.3287579992398
buffer_1.1,Decrease20,Static,loss,-1762.1666900780635,-1878.8874776952032,-1632.0996779086686
buffer_1.1,Decrease20,Greedy,loss,-1082.2242890791672,-1212.7940377263374,-969.4180740137961
buffer_1.1,Decrease20,Myopic,loss,-1003.1155154456189,-1096.16977648105,-901.0648809326126
buffer_1.1,Decrease20,Static,default_rate,0.05208333333333333,0.010416666666666644,0.09375000000000001
buffer_1.1,Decrease20,Greedy,default_rate,0.05208333333333334,0.020833333333333343,0.0729166666666667
buffer_1.1,Decrease20,Myopic,default_rate,1.3877787807814457e-17,-0.031249999999999972,0.020833333333333363
buffer_1.1,Decrease20,Static,el_violation_rate,-0.3447630494505495,-0.4828645833333334,-0.1958882783882784
buffer_1.1,Decrease20,Greedy,el_violation_rate,-0.3057005494505495,-0.4503305288461539,-0.14424908424908425
buffer_1.1,Decrease20,Myopic,el_violation_rate,-0.3071886446886447,-0.4381882440476191,-0.1490839629120879
buffer_1.1,Decrease20,Static,true_violation_rate,-0.21893887362637365,-0.3117508012820513,-0.1295163690476191
buffer_1.1,Decrease20,Greedy,true_violation_rate,-0.11216804029304032,-0.16722756410256417,-0.050232085622710664
buffer_1.1,Decrease20,Myopic,true_violation_rate,-0.16970772283272284,-0.2545026327838828,-0.08467261904761907
buffer_1.1,Greedy,Static,value,601.0666579161655,453.6560242212654,751.5457642815566
buffer_1.1,Greedy,Myopic,value,-38.32578267300467,-132.13086126580592,69.5126143716415
buffer_1.1,Greedy,Decrease20,value,-810.6291750802412,-932.7897500400983,-692.5566809483146
buffer_1.1,Greedy,Static,loss,-679.9424009988963,-828.4019657308867,-534.5219041822654
buffer_1.1,Greedy,Myopic,loss,79.10877363354837,-34.12011157956982,180.46722144924743
buffer_1.1,Greedy,Decrease20,loss,1082.2242890791672,969.4180740137961,1212.7940377263374
buffer_1.1,Greedy,Static,default_rate,-1.3877787807814457e-17,-0.020833333333333356,0.031249999999999965
buffer_1.1,Greedy,Myopic,default_rate,-0.05208333333333333,-0.07291666666666669,-0.031249999999999972
buffer_1.1,Greedy,Decrease20,default_rate,-0.05208333333333334,-0.0729166666666667,-0.020833333333333343
buffer_1.1,Greedy,Static,el_violation_rate,-0.0390625,-0.09895833333333336,0.031249999999999993
buffer_1.1,Greedy,Myopic,el_violation_rate,-0.0014880952380952259,-0.1287574404761905,0.10937500000000003
buffer_1.1,Greedy,Decrease20,el_violation_rate,0.3057005494505495,0.14424908424908423,0.45033052884615377
buffer_1.1,Greedy,Static,true_violation_rate,-0.10677083333333334,-0.14980468749999998,-0.0625
buffer_1.1,Greedy,Myopic,true_violation_rate,-0.05753968253968253,-0.12053571428571426,-0.0017361111111111084
buffer_1.1,Greedy,Decrease20,true_violation_rate,0.11216804029304032,0.05023208562271065,0.16722756410256417
buffer_1.1,Myopic,Static,value,639.3924405891701,472.72876935865514,808.8433992637454
buffer_1.1,Myopic,Greedy,value,38.32578267300467,-69.5126143716415,132.1308612658059
buffer_1.1,Myopic,Decrease20,value,-772.3033924072365,-868.3287579992399,-667.412884912101
buffer_1.1,Myopic,Static,loss,-759.0511746324448,-919.5145991958411,-601.049824243282
buffer_1.1,Myopic,Greedy,loss,-79.10877363354837,-180.46722144924743,34.12011157956974
buffer_1.1,Myopic,Decrease20,loss,1003.1155154456189,901.0648809326126,1096.16977648105
buffer_1.1,Myopic,Static,default_rate,0.052083333333333315,0.010416666666666637,0.09375
buffer_1.1,Myopic,Greedy,default_rate,0.05208333333333333,0.031249999999999972,0.07291666666666669
buffer_1.1,Myopic,Decrease20,default_rate,-1.3877787807814457e-17,-0.020833333333333363,0.031249999999999972
buffer_1.1,Myopic,Static,el_violation_rate,-0.037574404761904774,-0.1640625,0.08922061011904753
buffer_1.1,Myopic,Greedy,el_violation_rate,0.0014880952380952259,-0.10937500000000003,0.12875744047619048
buffer_1.1,Myopic,Decrease20,el_violation_rate,0.3071886446886447,0.1490839629120879,0.438188244047619
buffer_1.1,Myopic,Static,true_violation_rate,-0.049231150793650806,-0.13020833333333337,0.045765128968253944
buffer_1.1,Myopic,Greedy,true_violation_rate,0.05753968253968253,0.0017361111111111084,0.12053571428571426
buffer_1.1,Myopic,Decrease20,true_violation_rate,0.16970772283272284,0.08467261904761907,0.25450263278388274
buffer_1.1,PPO_hard,Static,value,1189.6021805924347,969.4703095632732,1397.7961363134243
buffer_1.1,PPO_hard,Greedy,value,588.5355226762694,411.3231282275683,799.0761794646071
buffer_1.1,PPO_hard,Myopic,value,550.2097400032646,379.5647395263947,749.4919485541432
buffer_1.1,PPO_hard,Decrease20,value,-222.0936524039719,-386.28068651012336,-67.38910854198942
buffer_1.1,PPO_hard,Static,loss,-1443.4931168934133,-1694.4753468010647,-1188.4512305483022
buffer_1.1,PPO_hard,Greedy,loss,-763.550715894517,-1045.8557430581945,-539.9186768008939
buffer_1.1,PPO_hard,Myopic,loss,-684.4419422609686,-935.3162783473011,-458.580109147228
buffer_1.1,PPO_hard,Decrease20,loss,318.6735731846502,118.48380021916873,526.9091602082414
buffer_1.1,PPO_hard,Static,default_rate,0.045138888888888874,0.0,0.09027777777777776
buffer_1.1,PPO_hard,Greedy,default_rate,0.045138888888888895,0.01736111111111112,0.0729166666666667
buffer_1.1,PPO_hard,Myopic,default_rate,-0.006944444444444438,-0.03125,0.01736111111111111
buffer_1.1,PPO_hard,Decrease20,default_rate,-0.006944444444444452,-0.041666666666666664,0.020833333333333308
buffer_1.1,PPO_hard,Static,el_violation_rate,-0.22209694240944242,-0.3698660714285715,-0.07751157407407412
buffer_1.1,PPO_hard,Greedy,el_violation_rate,-0.18303444240944242,-0.3397829861111111,-0.03921875000000004
buffer_1.1,PPO_hard,Myopic,el_violation_rate,-0.18452253764753768,-0.3168450473137973,-0.0788529265873016
buffer_1.1,PPO_hard,Decrease20,el_violation_rate,0.12266610704110704,0.0,0.27692508012820516
buffer_1.1,PPO_hard,Static,true_violation_rate,-0.17031758750508752,-0.263826884920635,-0.06606459223646727
buffer_1.1,PPO_hard,Greedy,true_violation_rate,-0.0635467541717542,-0.13316840277777783,0.009052992724867715
buffer_1.1,PPO_hard,Myopic,true_violation_rate,-0.12108643671143672,-0.19494257478632482,-0.05784143518518522
buffer_1.1,PPO_hard,Decrease20,true_violation_rate,0.048621286121286134,-0.001302083333333329,0.1213588408119658
buffer_1.1,PPO_penalty,Static,value,1412.7335044523043,1273.0897340027484,1553.003621656234
buffer_1.1,PPO_penalty,Greedy,value,811.666846536139,690.2819727243616,941.6264511717327
buffer_1.1,PPO_penalty,Myopic,value,773.3410638631343,668.8759441050444,865.0382301190392
buffer_1.1,PPO_penalty,Decrease20,value,1.0376714558977085,0.0,3.1130143676931255
buffer_1.1,PPO_penalty,Static,loss,-1763.2366156032394,-1885.8515475313018,-1636.1624071872436
buffer_1.1,PPO_penalty,Greedy,loss,-1083.294214604343,-1212.7940983633955,-969.1775263627603
buffer_1.1,PPO_penalty,Myopic,loss,-1004.1854409707948,-1094.430942177581,-902.5413432580982
buffer_1.1,PPO_penalty,Decrease20,loss,-1.0699255251759041,-3.2097765755277123,0.0
buffer_1.1,PPO_penalty,Static,default_rate,0.052083333333333336,0.010416666666666657,0.09375
buffer_1.1,PPO_penalty,Greedy,default_rate,0.05208333333333334,0.031249999999999986,0.0729166666666667
buffer_1.1,PPO_penalty,Myopic,default_rate,1.3877787807814457e-17,-0.031249999999999972,0.031250000000000014
buffer_1.1,PPO_penalty,Decrease20,default_rate,0.0,0.0,0.0
buffer_1.1,PPO_penalty,Static,el_violation_rate,-0.3447630494505494,-0.48856770833333335,-0.190658911401099
buffer_1.1,PPO_penalty,Greedy,el_violation_rate,-0.3057005494505494,-0.4446013621794872,-0.14738009386446893
buffer_1.1,PPO_penalty,Myopic,el_violation_rate,-0.3071886446886447,-0.44280219780219787,-0.15116071428571431
buffer_1.1,PPO_penalty,Decrease20,el_violation_rate,0.0,0.0,0.0
buffer_1.1,PPO_penalty,Static,true_violation_rate,-0.21893887362637363,-0.3180028044871795,-0.13210708562271067
buffer_1.1,PPO_penalty,Greedy,true_violation_rate,-0.11216804029304032,-0.17347756410256415,-0.049651442307692334
buffer_1.1,PPO_penalty,Myopic,true_violation_rate,-0.16970772283272284,-0.2517249503968254,-0.08652901785714293
buffer_1.1,PPO_penalty,Decrease20,true_violation_rate,0.0,0.0,0.0
buffer_1.1,PPO_unconstrained,Static,value,1412.7335044523043,1273.0897340027484,1553.003621656234
buffer_1.1,PPO_unconstrained,Greedy,value,811.666846536139,690.2819727243616,941.6264511717327
buffer_1.1,PPO_unconstrained,Myopic,value,773.3410638631343,668.8759441050444,865.0382301190392
buffer_1.1,PPO_unconstrained,Decrease20,value,1.0376714558977085,0.0,3.1130143676931255
buffer_1.1,PPO_unconstrained,Static,loss,-1763.2366156032394,-1885.8515475313018,-1636.1624071872436
buffer_1.1,PPO_unconstrained,Greedy,loss,-1083.294214604343,-1212.7940983633955,-969.1775263627603
buffer_1.1,PPO_unconstrained,Myopic,loss,-1004.1854409707948,-1094.430942177581,-902.5413432580982
buffer_1.1,PPO_unconstrained,Decrease20,loss,-1.0699255251759041,-3.2097765755277123,0.0
buffer_1.1,PPO_unconstrained,Static,default_rate,0.052083333333333336,0.010416666666666657,0.09375
buffer_1.1,PPO_unconstrained,Greedy,default_rate,0.05208333333333334,0.031249999999999986,0.0729166666666667
buffer_1.1,PPO_unconstrained,Myopic,default_rate,1.3877787807814457e-17,-0.031249999999999972,0.031250000000000014
buffer_1.1,PPO_unconstrained,Decrease20,default_rate,0.0,0.0,0.0
buffer_1.1,PPO_unconstrained,Static,el_violation_rate,-0.3447630494505494,-0.48856770833333335,-0.190658911401099
buffer_1.1,PPO_unconstrained,Greedy,el_violation_rate,-0.3057005494505494,-0.4446013621794872,-0.14738009386446893
buffer_1.1,PPO_unconstrained,Myopic,el_violation_rate,-0.3071886446886447,-0.44280219780219787,-0.15116071428571431
buffer_1.1,PPO_unconstrained,Decrease20,el_violation_rate,0.0,0.0,0.0
buffer_1.1,PPO_unconstrained,Static,true_violation_rate,-0.21893887362637363,-0.3180028044871795,-0.13210708562271067
buffer_1.1,PPO_unconstrained,Greedy,true_violation_rate,-0.11216804029304032,-0.17347756410256415,-0.049651442307692334
buffer_1.1,PPO_unconstrained,Myopic,true_violation_rate,-0.16970772283272284,-0.2517249503968254,-0.08652901785714293
buffer_1.1,PPO_unconstrained,Decrease20,true_violation_rate,0.0,0.0,0.0
buffer_1.1,RiskBased,Static,value,664.3791879983919,532.8681876093995,779.994098532951
buffer_1.1,RiskBased,Greedy,value,63.3125300822265,-68.03863872934528,199.7465039289968
buffer_1.1,RiskBased,Myopic,value,24.986747409221834,-105.53163203435138,187.61144834683597
buffer_1.1,RiskBased,Decrease20,value,-747.3166449980147,-896.4879819739979,-591.4699954580981
buffer_1.1,RiskBased,Static,loss,-796.9448147064209,-905.4136214081636,-677.5307248100138
buffer_1.1,RiskBased,Greedy,loss,-117.00241370752445,-237.63108066401034,19.712836314593517
buffer_1.1,RiskBased,Myopic,loss,-37.89364007397609,-198.56294521194988,94.33350600336833
buffer_1.1,RiskBased,Decrease20,loss,965.2218753716428,833.0133891827938,1122.5958724260956
buffer_1.1,RiskBased,Static,default_rate,0.041666666666666644,-3.5041414214731484e-17,0.08333333333333333
buffer_1.1,RiskBased,Greedy,default_rate,0.04166666666666666,0.015364583333333341,0.07291666666666663
buffer_1.1,RiskBased,Myopic,default_rate,-0.010416666666666671,-0.031250000000000014,0.0
buffer_1.1,RiskBased,Decrease20,default_rate,-0.010416666666666685,-0.041666666666666685,0.026302083333333066
buffer_1.1,RiskBased,Static,el_violation_rate,-0.10925099206349208,-0.21573350694444446,-0.004504588293650822
buffer_1.1,RiskBased,Greedy,el_violation_rate,-0.07018849206349206,-0.16236979166666668,0.027281746031746032
buffer_1.1,RiskBased,Myopic,el_violation_rate,-0.0716765873015873,-0.10804191468253968,-0.03645833333333333
buffer_1.1,RiskBased,Decrease20,el_violation_rate,0.23551205738705738,0.10635512057387056,0.3381067803724054
buffer_1.1,RiskBased,Static,true_violation_rate,-0.04228670634920636,-0.12198350694444444,0.04241071428571428
buffer_1.1,RiskBased,Greedy,true_violation_rate,0.06448412698412698,-0.006826636904761906,0.13616071428571425
buffer_1.1,RiskBased,Myopic,true_violation_rate,0.0069444444444444475,-0.03389756944444443,0.04431423611111107
buffer_1.1,RiskBased,Decrease20,true_violation_rate,0.17665216727716732,0.06959678342490846,0.27866128663003664
buffer_1.1,Static,Greedy,value,-601.0666579161655,-751.5457642815566,-453.6560242212655
buffer_1.1,Static,Myopic,value,-639.3924405891701,-808.8433992637454,-472.7287693586554
buffer_1.1,Static,Decrease20,value,-1411.6958329964066,-1553.3566771889602,-1260.799228239423
buffer_1.1,Static,Greedy,loss,679.9424009988963,534.5219041822654,828.4019657308867
buffer_1.1,Static,Myopic,loss,759.0511746324448,601.0498242432819,919.5145991958411
buffer_1.1,Static,Decrease20,loss,1762.1666900780635,1632.0996779086684,1878.8874776952032
buffer_1.1,Static,Greedy,default_rate,1.3877787807814457e-17,-0.031249999999999965,0.020833333333333356
buffer_1.1,Static,Myopic,default_rate,-0.052083333333333315,-0.09375,-0.010416666666666637
buffer_1.1,Static,Decrease20,default_rate,-0.05208333333333333,-0.09375000000000001,-0.010416666666666644
buffer_1.1,Static,Greedy,el_violation_rate,0.0390625,-0.031249999999999993,0.09895833333333336
buffer_1.1,Static,Myopic,el_violation_rate,0.037574404761904774,-0.08922061011904762,0.1640625
buffer_1.1,Static,Decrease20,el_violation_rate,0.3447630494505495,0.19588827838827838,0.4828645833333333
buffer_1.1,Static,Greedy,true_violation_rate,0.10677083333333334,0.0625,0.14980468749999992
buffer_1.1,Static,Myopic,true_violation_rate,0.049231150793650806,-0.04576512896825395,0.13020833333333337
buffer_1.1,Static,Decrease20,true_violation_rate,0.21893887362637365,0.12951636904761907,0.3117508012820513
buffer_1.25,BufferedRiskBased,Static,value,663.6081707831592,531.53155201671,779.6175901318275
buffer_1.25,BufferedRiskBased,Greedy,value,35.5339237600075,-85.81163171096654,167.7896608375167
buffer_1.25,BufferedRiskBased,Myopic,value,32.23232540924499,-46.67884389621475,101.90489741214115
buffer_1.25,BufferedRiskBased,Decrease20,value,-748.0876622132475,-896.7904594191731,-594.1263553333248
buffer_1.25,BufferedRiskBased,Static,loss,-795.6701689637914,-904.059764353794,-676.9973266152597
buffer_1.25,BufferedRiskBased,Greedy,loss,-90.9774015186309,-216.31237226021784,41.31981544054193
buffer_1.25,BufferedRiskBased,Myopic,loss,-40.263412575009056,-107.91989249071781,34.089350978843925
buffer_1.25,BufferedRiskBased,Decrease20,loss,966.4965211142721,834.9910262951076,1123.265061440976
buffer_1.25,BufferedRiskBased,Static,default_rate,0.041666666666666644,-3.5041414214731484e-17,0.08333333333333333
buffer_1.25,BufferedRiskBased,Greedy,default_rate,0.04166666666666666,0.015364583333333341,0.07291666666666663
buffer_1.25,BufferedRiskBased,Myopic,default_rate,-0.010416666666666671,-0.031250000000000014,0.0
buffer_1.25,BufferedRiskBased,Decrease20,default_rate,-0.010416666666666685,-0.041666666666666685,0.026302083333333066
buffer_1.25,BufferedRiskBased,Static,el_violation_rate,-0.40773809523809523,-0.484375,-0.3244047619047619
buffer_1.25,BufferedRiskBased,Greedy,el_violation_rate,-0.3660714285714286,-0.4282924107142857,-0.3001302083333335
buffer_1.25,BufferedRiskBased,Myopic,el_violation_rate,-0.31398809523809523,-0.3950892857142857,-0.2410714285714286
buffer_1.25,BufferedRiskBased,Decrease20,el_violation_rate,-0.09061355311355312,-0.1964239926739927,-0.006003605769230787
buffer_1.25,BufferedRiskBased,Static,true_violation_rate,-0.04228670634920636,-0.12198350694444444,0.04241071428571428
buffer_1.25,BufferedRiskBased,Greedy,true_violation_rate,0.05927579365079365,-0.006944444444444437,0.1262772817460317
buffer_1.25,BufferedRiskBased,Myopic,true_violation_rate,0.03149801587301587,3.2959746043559433e-18,0.06808655753968251
buffer_1.25,BufferedRiskBased,Decrease20,true_violation_rate,0.17665216727716732,0.06959678342490846,0.27866128663003664
buffer_1.25,Decrease20,Static,value,1411.6958329964066,1260.799228239423,1553.3566771889602
buffer_1.25,Decrease20,Greedy,value,783.6215859732549,645.0516781927438,921.6815806570659
buffer_1.25,Decrease20,Myopic,value,780.3199876224925,672.6095011294198,881.7468308213905
buffer_1.25,Decrease20,Static,loss,-1762.1666900780635,-1878.8874776952032,-1632.0996779086686
buffer_1.25,Decrease20,Greedy,loss,-1057.473922632903,-1202.6561584547894,-921.6566407545065
buffer_1.25,Decrease20,Myopic,loss,-1006.7599336892811,-1121.9111554390513,-908.8772456527263
buffer_1.25,Decrease20,Static,default_rate,0.05208333333333333,0.010416666666666644,0.09375000000000001
buffer_1.25,Decrease20,Greedy,default_rate,0.05208333333333334,0.020833333333333343,0.0729166666666667
buffer_1.25,Decrease20,Myopic,default_rate,1.3877787807814457e-17,-0.031249999999999972,0.020833333333333363
buffer_1.25,Decrease20,Static,el_violation_rate,-0.3171245421245421,-0.4397115384615385,-0.1813375686813187
buffer_1.25,Decrease20,Greedy,el_violation_rate,-0.2754578754578755,-0.37219551282051283,-0.14872939560439563
buffer_1.25,Decrease20,Myopic,el_violation_rate,-0.2233745421245421,-0.32583533653846153,-0.10610119047619049
buffer_1.25,Decrease20,Static,true_violation_rate,-0.21893887362637365,-0.3117508012820513,-0.1295163690476191
buffer_1.25,Decrease20,Greedy,true_violation_rate,-0.11737637362637364,-0.1740745192307693,-0.05294642857142861
buffer_1.25,Decrease20,Myopic,true_violation_rate,-0.14515415140415142,-0.2340024038461539,-0.05926148504273507
buffer_1.25,Greedy,Static,value,628.0742470231517,477.0162377227784,777.0289599762278
buffer_1.25,Greedy,Myopic,value,-3.3015983507625037,-88.24537607572549,64.99747361665902
buffer_1.25,Greedy,Decrease20,value,-783.6215859732549,-921.6815806570659,-645.0516781927438
buffer_1.25,Greedy,Static,loss,-704.6927674451606,-850.3498199605884,-555.8417290407931
buffer_1.25,Greedy,Myopic,loss,50.71398894362184,-25.171694804210475,130.323219741784
buffer_1.25,Greedy,Decrease20,loss,1057.473922632903,921.6566407545065,1202.6561584547894
buffer_1.25,Greedy,Static,default_rate,-1.3877787807814457e-17,-0.020833333333333356,0.031249999999999965
buffer_1.25,Greedy,Myopic,default_rate,-0.05208333333333333,-0.07291666666666669,-0.031249999999999972
buffer_1.25,Greedy,Decrease20,default_rate,-0.05208333333333334,-0.0729166666666667,-0.020833333333333343
buffer_1.25,Greedy,Static,el_violation_rate,-0.041666666666666644,-0.11979166666666664,0.015625000000000056
buffer_1.25,Greedy,Myopic,el_violation_rate,0.052083333333333356,0.01289062500000003,0.0964843749999999
buffer_1.25,Greedy,Decrease20,el_violation_rate,0.2754578754578755,0.14872939560439563,0.37219551282051283
buffer_1.25,Greedy,Static,true_violation_rate,-0.1015625,-0.14720052083333332,-0.05208333333333334
buffer_1.25,Greedy,Myopic,true_violation_rate,-0.027777777777777776,-0.08506944444444445,0.0304253472222222
buffer_1.25,Greedy,Decrease20,true_violation_rate,0.11737637362637364,0.05294642857142858,0.1740745192307693
buffer_1.25,Myopic,Static,value,631.3758453739142,497.69912755511115,751.8208776011311
buffer_1.25,Myopic,Greedy,value,3.3015983507625037,-64.99747361665904,88.24537607572549
buffer_1.25,Myopic,Decrease20,value,-780.3199876224925,-881.7468308213906,-672.6095011294198
buffer_1.25,Myopic,Static,loss,-755.4067563887825,-859.3211598861759,-641.2733938235493
buffer_1.25,Myopic,Greedy,loss,-50.71398894362184,-130.32321974178402,25.171694804210436
buffer_1.25,Myopic,Decrease20,loss,1006.7599336892811,908.8772456527263,1121.9111554390513
buffer_1.25,Myopic,Static,default_rate,0.052083333333333315,0.010416666666666637,0.09375
buffer_1.25,Myopic,Greedy,default_rate,0.05208333333333333,0.031249999999999972,0.07291666666666669
buffer_1.25,Myopic,Decrease20,default_rate,-1.3877787807814457e-17,-0.020833333333333363,0.031249999999999972
buffer_1.25,Myopic,Static,el_violation_rate,-0.09375,-0.19023437499999998,-0.012890625000000109
buffer_1.25,Myopic,Greedy,el_violation_rate,-0.052083333333333356,-0.09648437500000001,-0.012890625000000142
buffer_1.25,Myopic,Decrease20,el_violation_rate,0.2233745421245421,0.10610119047619049,0.3258353365384615
buffer_1.25,Myopic,Static,true_violation_rate,-0.07378472222222224,-0.15104166666666669,0.0030598958333333064
buffer_1.25,Myopic,Greedy,true_violation_rate,0.027777777777777776,-0.030425347222222236,0.08506944444444445
buffer_1.25,Myopic,Decrease20,true_violation_rate,0.14515415140415142,0.059261485042735054,0.2340024038461539
buffer_1.25,PPO_hard,Static,value,1170.8184790484445,945.7102193802456,1391.7693372366098
buffer_1.25,PPO_hard,Greedy,value,542.7442320252928,349.7746270716754,778.2123888929316
buffer_1.25,PPO_hard,Myopic,value,539.4426336745304,361.33828563155464,743.7940831038536
buffer_1.25,PPO_hard,Decrease20,value,-240.8773539479621,-403.8950066613964,-84.35745441202245
buffer_1.25,PPO_hard,Static,loss,-1423.7721502020502,-1685.062900110271,-1166.7145512533932
buffer_1.25,PPO_hard,Greedy,loss,-719.0793827568896,-1020.6699297179497,-480.636952254957
buffer_1.25,PPO_hard,Myopic,loss,-668.3653938132677,-935.2413049685665,-444.5424725183857
buffer_1.25,PPO_hard,Decrease20,loss,338.3945398760135,140.13845223108356,543.0470475123849
buffer_1.25,PPO_hard,Static,default_rate,0.045138888888888874,0.0,0.09027777777777776
buffer_1.25,PPO_hard,Greedy,default_rate,0.045138888888888895,0.01736111111111112,0.0729166666666667
buffer_1.25,PPO_hard,Myopic,default_rate,-0.006944444444444438,-0.03125,0.01736111111111111
buffer_1.25,PPO_hard,Decrease20,default_rate,-0.006944444444444452,-0.041666666666666664,0.020833333333333308
buffer_1.25,PPO_hard,Static,el_violation_rate,-0.20559243996743995,-0.34572449252136755,-0.09300347222222226
buffer_1.25,PPO_hard,Greedy,el_violation_rate,-0.16392577330077332,-0.29013230692918196,-0.06667534722222229
buffer_1.25,PPO_hard,Myopic,el_violation_rate,-0.11184243996743996,-0.23498397435897433,-0.012977430555555601
buffer_1.25,PPO_hard,Decrease20,el_violation_rate,0.11153210215710214,0.002852754884004889,0.2468923611111111
buffer_1.25,PPO_hard,Static,true_violation_rate,-0.17031758750508752,-0.263826884920635,-0.06606459223646727
buffer_1.25,PPO_hard,Greedy,true_violation_rate,-0.06875508750508753,-0.13404304029304032,0.001065259971509943
buffer_1.25,PPO_hard,Myopic,true_violation_rate,-0.09653286528286531,-0.17965745192307697,-0.03123263888888889
buffer_1.25,PPO_hard,Decrease20,true_violation_rate,0.048621286121286134,-0.001302083333333329,0.1213588408119658
buffer_1.25,PPO_penalty,Static,value,1412.7335044523043,1273.0897340027484,1553.003621656234
buffer_1.25,PPO_penalty,Greedy,value,784.6592574291527,641.9609286728753,932.7576451089187
buffer_1.25,PPO_penalty,Myopic,value,781.3576590783902,670.0130067415869,878.4314384045256
buffer_1.25,PPO_penalty,Decrease20,value,1.0376714558977085,0.0,3.1130143676931255
buffer_1.25,PPO_penalty,Static,loss,-1763.2366156032394,-1885.8515475313018,-1636.1624071872436
buffer_1.25,PPO_penalty,Greedy,loss,-1058.5438481580788,-1203.5447777254853,-926.4109303887549
buffer_1.25,PPO_penalty,Myopic,loss,-1007.829859214457,-1101.6342284965406,-907.5718301307588
buffer_1.25,PPO_penalty,Decrease20,loss,-1.0699255251759041,-3.2097765755277123,0.0
buffer_1.25,PPO_penalty,Static,default_rate,0.052083333333333336,0.010416666666666657,0.09375
buffer_1.25,PPO_penalty,Greedy,default_rate,0.05208333333333334,0.031249999999999986,0.0729166666666667
buffer_1.25,PPO_penalty,Myopic,default_rate,1.3877787807814457e-17,-0.031249999999999972,0.031250000000000014
buffer_1.25,PPO_penalty,Decrease20,default_rate,0.0,0.0,0.0
buffer_1.25,PPO_penalty,Static,el_violation_rate,-0.3171245421245421,-0.4350500801282051,-0.16003748855311356
buffer_1.25,PPO_penalty,Greedy,el_violation_rate,-0.2754578754578755,-0.37830528846153844,-0.14737723214285717
buffer_1.25,PPO_penalty,Myopic,el_violation_rate,-0.22337454212454214,-0.3197587568681318,-0.10250543727106232
buffer_1.25,PPO_penalty,Decrease20,el_violation_rate,0.0,0.0,0.0
buffer_1.25,PPO_penalty,Static,true_violation_rate,-0.21893887362637363,-0.3180028044871795,-0.13210708562271067
buffer_1.25,PPO_penalty,Greedy,true_violation_rate,-0.11737637362637364,-0.17708333333333337,-0.0505654761904762
buffer_1.25,PPO_penalty,Myopic,true_violation_rate,-0.14515415140415144,-0.23140024038461543,-0.05916723901098903
buffer_1.25,PPO_penalty,Decrease20,true_violation_rate,0.0,0.0,0.0
buffer_1.25,PPO_unconstrained,Static,value,1412.7335044523043,1273.0897340027484,1553.003621656234
buffer_1.25,PPO_unconstrained,Greedy,value,784.6592574291527,641.9609286728753,932.7576451089187
buffer_1.25,PPO_unconstrained,Myopic,value,781.3576590783902,670.0130067415869,878.4314384045256
buffer_1.25,PPO_unconstrained,Decrease20,value,1.0376714558977085,0.0,3.1130143676931255
buffer_1.25,PPO_unconstrained,Static,loss,-1763.2366156032394,-1885.8515475313018,-1636.1624071872436
buffer_1.25,PPO_unconstrained,Greedy,loss,-1058.5438481580788,-1203.5447777254853,-926.4109303887549
buffer_1.25,PPO_unconstrained,Myopic,loss,-1007.829859214457,-1101.6342284965406,-907.5718301307588
buffer_1.25,PPO_unconstrained,Decrease20,loss,-1.0699255251759041,-3.2097765755277123,0.0
buffer_1.25,PPO_unconstrained,Static,default_rate,0.052083333333333336,0.010416666666666657,0.09375
buffer_1.25,PPO_unconstrained,Greedy,default_rate,0.05208333333333334,0.031249999999999986,0.0729166666666667
buffer_1.25,PPO_unconstrained,Myopic,default_rate,1.3877787807814457e-17,-0.031249999999999972,0.031250000000000014
buffer_1.25,PPO_unconstrained,Decrease20,default_rate,0.0,0.0,0.0
buffer_1.25,PPO_unconstrained,Static,el_violation_rate,-0.3171245421245421,-0.4350500801282051,-0.16003748855311356
buffer_1.25,PPO_unconstrained,Greedy,el_violation_rate,-0.2754578754578755,-0.37830528846153844,-0.14737723214285717
buffer_1.25,PPO_unconstrained,Myopic,el_violation_rate,-0.22337454212454214,-0.3197587568681318,-0.10250543727106232
buffer_1.25,PPO_unconstrained,Decrease20,el_violation_rate,0.0,0.0,0.0
buffer_1.25,PPO_unconstrained,Static,true_violation_rate,-0.21893887362637363,-0.3180028044871795,-0.13210708562271067
buffer_1.25,PPO_unconstrained,Greedy,true_violation_rate,-0.11737637362637364,-0.17708333333333337,-0.0505654761904762
buffer_1.25,PPO_unconstrained,Myopic,true_violation_rate,-0.14515415140415144,-0.23140024038461543,-0.05916723901098903
buffer_1.25,PPO_unconstrained,Decrease20,true_violation_rate,0.0,0.0,0.0
buffer_1.25,RiskBased,Static,value,665.4408705879272,533.3750210326783,780.6103514717308
buffer_1.25,RiskBased,Greedy,value,37.36662356477552,-83.4979387021197,169.62930301828914
buffer_1.25,RiskBased,Myopic,value,34.06502521401302,-44.386328343095336,103.02246267415586
buffer_1.25,RiskBased,Decrease20,value,-746.2549624084795,-896.0359933779143,-590.9080264155688
buffer_1.25,RiskBased,Static,loss,-796.7783911315248,-905.334570210088,-677.293571215787
buffer_1.25,RiskBased,Greedy,loss,-92.08562368636424,-217.80917291345935,39.44732783299162
buffer_1.25,RiskBased,Myopic,loss,-41.3716347427424,-108.35537042885228,33.818580659865454
buffer_1.25,RiskBased,Decrease20,loss,965.3882989465388,833.1007615596143,1122.683244802916
buffer_1.25,RiskBased,Static,default_rate,0.041666666666666644,-3.5041414214731484e-17,0.08333333333333333
buffer_1.25,RiskBased,Greedy,default_rate,0.04166666666666666,0.015364583333333341,0.07291666666666663
buffer_1.25,RiskBased,Myopic,default_rate,-0.010416666666666671,-0.031250000000000014,0.0
buffer_1.25,RiskBased,Decrease20,default_rate,-0.010416666666666685,-0.041666666666666685,0.026302083333333066
buffer_1.25,RiskBased,Static,el_violation_rate,-0.12152777777777778,-0.214453125,-0.037282986111111145
buffer_1.25,RiskBased,Greedy,el_violation_rate,-0.07986111111111113,-0.13194444444444448,-0.03298611111111114
buffer_1.25,RiskBased,Myopic,el_violation_rate,-0.027777777777777776,-0.05555555555555554,0.00347222222222221
buffer_1.25,RiskBased,Decrease20,el_violation_rate,0.19559676434676435,0.0904501488095238,0.2953592414529914
buffer_1.25,RiskBased,Static,true_violation_rate,-0.03707837301587303,-0.11987847222222221,0.05106026785714276
buffer_1.25,RiskBased,Greedy,true_violation_rate,0.06448412698412698,-0.0017361111111111084,0.12987971230158726
buffer_1.25,RiskBased,Myopic,true_violation_rate,0.0367063492063492,0.010416666666666664,0.06845238095238095
buffer_1.25,RiskBased,Decrease20,true_violation_rate,0.18186050061050063,0.08000925289987793,0.2838551205738706
buffer_1.25,Static,Greedy,value,-628.0742470231517,-777.0289599762278,-477.0162377227786
buffer_1.25,Static,Myopic,value,-631.3758453739142,-751.8208776011311,-497.69912755511115
buffer_1.25,Static,Decrease20,value,-1411.6958329964066,-1553.3566771889602,-1260.799228239423
buffer_1.25,Static,Greedy,loss,704.6927674451606,555.8417290407929,850.3498199605884
buffer_1.25,Static,Myopic,loss,755.4067563887825,641.2733938235493,859.3211598861759
buffer_1.25,Static,Decrease20,loss,1762.1666900780635,1632.0996779086684,1878.8874776952032
buffer_1.25,Static,Greedy,default_rate,1.3877787807814457e-17,-0.031249999999999965,0.020833333333333356
buffer_1.25,Static,Myopic,default_rate,-0.052083333333333315,-0.09375,-0.010416666666666637
buffer_1.25,Static,Decrease20,default_rate,-0.05208333333333333,-0.09375000000000001,-0.010416666666666644
buffer_1.25,Static,Greedy,el_violation_rate,0.041666666666666644,-0.015625000000000056,0.11979166666666664
buffer_1.25,Static,Myopic,el_violation_rate,0.09375,0.012890624999999998,0.19023437499999987
buffer_1.25,Static,Decrease20,el_violation_rate,0.3171245421245421,0.1813375686813187,0.4397115384615385
buffer_1.25,Static,Greedy,true_violation_rate,0.1015625,0.05208333333333334,0.14720052083333326
buffer_1.25,Static,Myopic,true_violation_rate,0.07378472222222224,-0.003059895833333325,0.15104166666666669
buffer_1.25,Static,Decrease20,true_violation_rate,0.21893887362637365,0.12951636904761907,0.3117508012820513
constant_budget_stress,BufferedRiskBased,Static,value,642.5094819760642,536.8610446706898,753.8287481367764
constant_budget_stress,BufferedRiskBased,Greedy,value,238.72773866659858,136.59224454173744,341.4603354510555
constant_budget_stress,BufferedRiskBased,Myopic,value,311.0608366472896,203.63515463621744,408.0494930213151
constant_budget_stress,BufferedRiskBased,Decrease20,value,-611.8166567636522,-711.9188696653642,-509.0793931850958
constant_budget_stress,BufferedRiskBased,Static,loss,-745.7577539035738,-860.4029692900101,-637.8089979557267
constant_budget_stress,BufferedRiskBased,Greedy,loss,-312.9394892189377,-407.4366458013323,-219.03386652827672
constant_budget_stress,BufferedRiskBased,Myopic,loss,-384.02192737235146,-481.4313981259765,-282.6987679730182
constant_budget_stress,BufferedRiskBased,Decrease20,loss,830.8790962166117,738.8309610411342,929.0732599923787
constant_budget_stress,BufferedRiskBased,Static,default_rate,0.027777777777777766,0.006944444444444434,0.048611111111111105
constant_budget_stress,BufferedRiskBased,Greedy,default_rate,0.048611111111111105,0.024305555555555542,0.07638888888888888
constant_budget_stress,BufferedRiskBased,Myopic,default_rate,0.024305555555555556,0.003472222222222221,0.05208333333333332
constant_budget_stress,BufferedRiskBased,Decrease20,default_rate,-0.0034722222222222285,-0.03125000000000001,0.02430555555555555
constant_budget_stress,BufferedRiskBased,Static,el_violation_rate,-0.19033339345839342,-0.24140333769240022,-0.14594221605940355
constant_budget_stress,BufferedRiskBased,Greedy,el_violation_rate,-0.17564611314611314,-0.24242255140692645,-0.11679943320568326
constant_budget_stress,BufferedRiskBased,Myopic,el_violation_rate,-0.12282046657046657,-0.17892729377104374,-0.0715540824915825
constant_budget_stress,BufferedRiskBased,Decrease20,el_violation_rate,0.15542270838323471,0.10758308531746033,0.19837051030718791
constant_budget_stress,BufferedRiskBased,Static,true_violation_rate,-0.07431833213083214,-0.10273634785353536,-0.039127604166666705
constant_budget_stress,BufferedRiskBased,Greedy,true_violation_rate,0.009628392440892454,-0.022657760353072823,0.04507687046749547
constant_budget_stress,BufferedRiskBased,Myopic,true_violation_rate,-0.026327260702260713,-0.06610919462481964,0.009470824314574298
constant_budget_stress,BufferedRiskBased,Decrease20,true_violation_rate,0.11641028927213137,0.08288930976430976,0.15611967056457185
constant_budget_stress,Decrease20,Static,value,1254.3261387397165,1075.55996120728,1426.1148603395561
constant_budget_stress,Decrease20,Greedy,value,850.5443954302509,711.6586026439444,981.3591819480997
constant_budget_stress,Decrease20,Myopic,value,922.8774934109418,795.3771849901422,1050.3913724961888
constant_budget_stress,Decrease20,Static,loss,-1576.6368501201857,-1747.9231680418336,-1406.313478111395
constant_budget_stress,Decrease20,Greedy,loss,-1143.8185854355495,-1276.3665425415952,-1014.2041489237904
constant_budget_stress,Decrease20,Myopic,loss,-1214.901023588963,-1340.2817771927955,-1092.7346275727787
constant_budget_stress,Decrease20,Static,default_rate,0.031249999999999997,0.003472222222222212,0.05902777777777779
constant_budget_stress,Decrease20,Greedy,default_rate,0.052083333333333336,0.020833333333333322,0.08680555555555555
constant_budget_stress,Decrease20,Myopic,default_rate,0.027777777777777787,-0.006944444444444434,0.06597222222222222
constant_budget_stress,Decrease20,Static,el_violation_rate,-0.3457561018416282,-0.4001723435707811,-0.2925001271876272
constant_budget_stress,Decrease20,Greedy,el_violation_rate,-0.33106882152934786,-0.39765631937506946,-0.26836067578255085
constant_budget_stress,Decrease20,Myopic,el_violation_rate,-0.27824317495370127,-0.33761635385813016,-0.22551708160260797
constant_budget_stress,Decrease20,Static,true_violation_rate,-0.19072862140296354,-0.22750674489983702,-0.15228064903846156
constant_budget_stress,Decrease20,Greedy,true_violation_rate,-0.10678189683123894,-0.1459213579731672,-0.067935501998002
constant_budget_stress,Decrease20,Myopic,true_violation_rate,-0.1427375499743921,-0.18336285242535244,-0.10407946905068619
constant_budget_stress,Greedy,Static,value,403.78174330946564,277.11915988041403,518.5133741130227
constant_budget_stress,Greedy,Myopic,value,72.33309798069104,-32.642503392300554,166.78083870387405
constant_budget_stress,Greedy,Decrease20,value,-850.5443954302509,-981.3591819480997,-711.6586026439444
constant_budget_stress,Greedy,Static,loss,-432.8182646846362,-543.9001021474576,-303.11692837128254
constant_budget_stress,Greedy,Myopic,loss,-71.0824381534137,-171.16414788973637,35.70500775855861
constant_budget_stress,Greedy,Decrease20,loss,1143.8185854355495,1014.2041489237904,1276.3665425415952
constant_budget_stress,Greedy,Static,default_rate,-0.020833333333333332,-0.041666666666666664,-0.0034722222222222238
constant_budget_stress,Greedy,Myopic,default_rate,-0.024305555555555542,-0.048611111111111084,7.05454213563891e-18
constant_budget_stress,Greedy,Decrease20,default_rate,-0.052083333333333336,-0.08680555555555555,-0.020833333333333322
constant_budget_stress,Greedy,Static,el_violation_rate,-0.014687280312280305,-0.06473984638047138,0.03800166847041848
constant_budget_stress,Greedy,Myopic,el_violation_rate,0.05282564657564658,0.019862906191031204,0.08406584734709735
constant_budget_stress,Greedy,Decrease20,el_violation_rate,0.33106882152934786,0.2683606757825508,0.3976563193750694
constant_budget_stress,Greedy,Static,true_violation_rate,-0.08394672457172458,-0.10963019185675439,-0.05641968708374961
constant_budget_stress,Greedy,Myopic,true_violation_rate,-0.03595565314315317,-0.06161970263532766,-0.004654705826580849
constant_budget_stress,Greedy,Decrease20,true_violation_rate,0.10678189683123894,0.06793550199800198,0.14592135797316713
constant_budget_stress,Myopic,Static,value,331.4486453287746,174.3073284206121,487.56605048258945
constant_budget_stress,Myopic,Greedy,value,-72.33309798069104,-166.78083870387408,32.64250339230055
constant_budget_stress,Myopic,Decrease20,value,-922.8774934109418,-1050.3913724961888,-795.3771849901422
constant_budget_stress,Myopic,Static,loss,-361.7358265312225,-525.123309788639,-203.5649856409629
constant_budget_stress,Myopic,Greedy,loss,71.0824381534137,-35.70500775855862,171.16414788973634
constant_budget_stress,Myopic,Decrease20,loss,1214.901023588963,1092.7346275727787,1340.2817771927955
constant_budget_stress,Myopic,Static,default_rate,0.00347222222222221,-0.02430555555555557,0.031249999999999983
constant_budget_stress,Myopic,Greedy,default_rate,0.024305555555555542,-7.054542135639009e-18,0.048611111111111084
constant_budget_stress,Myopic,Decrease20,default_rate,-0.027777777777777787,-0.06597222222222222,0.006944444444444434
constant_budget_stress,Myopic,Static,el_violation_rate,-0.06751292688792689,-0.11013830642736892,-0.018849206349206334
constant_budget_stress,Myopic,Greedy,el_violation_rate,-0.05282564657564658,-0.08406584734709735,-0.019862906191031204
constant_budget_stress,Myopic,Decrease20,el_violation_rate,0.27824317495370127,0.22551708160260792,0.33761635385813016
constant_budget_stress,Myopic,Static,true_violation_rate,-0.04799107142857143,-0.07631551752645502,-0.016560226521164047
constant_budget_stress,Myopic,Greedy,true_violation_rate,0.03595565314315317,0.00465470582658084,0.06161970263532766
constant_budget_stress,Myopic,Decrease20,true_violation_rate,0.1427375499743921,0.10407946905068617,0.18336285242535244
constant_budget_stress,PPO_hard,Static,value,1038.837064003078,822.9333572175215,1261.7232069210827
constant_budget_stress,PPO_hard,Greedy,value,635.0553206936124,449.9383006648975,831.5015851151177
constant_budget_stress,PPO_hard,Myopic,value,707.3884186743035,519.5303668714984,915.622237761662
constant_budget_stress,PPO_hard,Decrease20,value,-215.48907473663837,-359.8007546881106,0.0
constant_budget_stress,PPO_hard,Static,loss,-1256.4138401644836,-1549.063616785295,-988.7460795005508
constant_budget_stress,PPO_hard,Greedy,loss,-823.5955754798474,-1102.3554400175371,-585.9240342038333
constant_budget_stress,PPO_hard,Myopic,loss,-894.6780136332611,-1171.3149928682728,-655.4920706441819
constant_budget_stress,PPO_hard,Decrease20,loss,320.2230099557021,0.0,518.918914815425
constant_budget_stress,PPO_hard,Static,default_rate,0.031249999999999986,0.005179398148148144,0.05671296296296296
constant_budget_stress,PPO_hard,Greedy,default_rate,0.05208333333333332,0.02430555555555555,0.0810185185185185
constant_budget_stress,PPO_hard,Myopic,default_rate,0.027777777777777776,0.0034722222222222238,0.059635416666666635
constant_budget_stress,PPO_hard,Decrease20,default_rate,-6.1679056923619804e-18,-0.02199074074074075,0.023755787037036995
constant_budget_stress,PPO_hard,Static,el_violation_rate,-0.31343975392608003,-0.37303323205969297,-0.25292395830535186
constant_budget_stress,PPO_hard,Greedy,el_violation_rate,-0.2987524736137998,-0.3718837800271624,-0.23020824357173048
constant_budget_stress,PPO_hard,Myopic,el_violation_rate,-0.2459268270381532,-0.3070118519895997,-0.1868827923512199
constant_budget_stress,PPO_hard,Decrease20,el_violation_rate,0.032316347915548126,0.0,0.07667075036020145
constant_budget_stress,PPO_hard,Static,true_violation_rate,-0.15692716887086083,-0.20322879376970257,-0.11395909807444735
constant_budget_stress,PPO_hard,Greedy,true_violation_rate,-0.07298044429913625,-0.11816064419082187,-0.03147799923841591
constant_budget_stress,PPO_hard,Myopic,true_violation_rate,-0.1089360974422894,-0.15573984725332768,-0.06772290412342982
constant_budget_stress,PPO_hard,Decrease20,true_violation_rate,0.033801452532102684,0.0,0.07063135553613817
constant_budget_stress,PPO_penalty,Static,value,1254.8358818774732,1084.1987606806779,1426.2728275945315
constant_budget_stress,PPO_penalty,Greedy,value,851.0541385680075,711.4908272298594,981.8095826495764
constant_budget_stress,PPO_penalty,Myopic,value,923.3872365486986,799.8067468108253,1052.2576266451929
constant_budget_stress,PPO_penalty,Decrease20,value,0.5097431377567005,-0.16184578997911103,1.5185845901092019
constant_budget_stress,PPO_penalty,Static,loss,-1577.3329346381315,-1752.6967595995131,-1411.9029609917459
constant_budget_stress,PPO_penalty,Greedy,loss,-1144.5146699534953,-1278.075530769255,-1011.2531458085056
constant_budget_stress,PPO_penalty,Myopic,loss,-1215.5971081069092,-1344.8556302241575,-1090.8949147466244
constant_budget_stress,PPO_penalty,Decrease20,loss,-0.6960845179459435,-1.7488108776171885,0.0
constant_budget_stress,PPO_penalty,Static,default_rate,0.031249999999999993,2.9297552038719493e-18,0.059027777777777776
constant_budget_stress,PPO_penalty,Greedy,default_rate,0.05208333333333333,0.01901041666666667,0.08680555555555555
constant_budget_stress,PPO_penalty,Myopic,default_rate,0.027777777777777783,-0.006944444444444434,0.06597222222222224
constant_budget_stress,PPO_penalty,Decrease20,default_rate,0.0,0.0,0.0
constant_budget_stress,PPO_penalty,Static,el_violation_rate,-0.3457561018416282,-0.40439226024341157,-0.290529476615003
constant_budget_stress,PPO_penalty,Greedy,el_violation_rate,-0.3310688215293479,-0.4019879426129426,-0.26541846174658684
constant_budget_stress,PPO_penalty,Myopic,el_violation_rate,-0.2782431749537013,-0.3327761104940381,-0.2264440571307348
constant_budget_stress,PPO_penalty,Decrease20,el_violation_rate,0.0,0.0,0.0
constant_budget_stress,PPO_penalty,Static,true_violation_rate,-0.1907286214029635,-0.23039819555444555,-0.14926065543253045
constant_budget_stress,PPO_penalty,Greedy,true_violation_rate,-0.10678189683123894,-0.14573351881123264,-0.06607179096488308
constant_budget_stress,PPO_penalty,Myopic,true_violation_rate,-0.1427375499743921,-0.18187758924189848,-0.10436035242778666
constant_budget_stress,PPO_penalty,Decrease20,true_violation_rate,0.0,0.0,0.0
constant_budget_stress,PPO_unconstrained,Static,value,1254.8358818774732,1084.1987606806779,1426.2728275945315
constant_budget_stress,PPO_unconstrained,Greedy,value,851.0541385680075,711.4908272298594,981.8095826495764
constant_budget_stress,PPO_unconstrained,Myopic,value,923.3872365486986,799.8067468108253,1052.2576266451929
constant_budget_stress,PPO_unconstrained,Decrease20,value,0.5097431377567005,-0.16184578997911103,1.5185845901092019
constant_budget_stress,PPO_unconstrained,Static,loss,-1577.3329346381315,-1752.6967595995131,-1411.9029609917459
constant_budget_stress,PPO_unconstrained,Greedy,loss,-1144.5146699534953,-1278.075530769255,-1011.2531458085056
constant_budget_stress,PPO_unconstrained,Myopic,loss,-1215.5971081069092,-1344.8556302241575,-1090.8949147466244
constant_budget_stress,PPO_unconstrained,Decrease20,loss,-0.6960845179459435,-1.7488108776171885,0.0
constant_budget_stress,PPO_unconstrained,Static,default_rate,0.031249999999999993,2.9297552038719493e-18,0.059027777777777776
constant_budget_stress,PPO_unconstrained,Greedy,default_rate,0.05208333333333333,0.01901041666666667,0.08680555555555555
constant_budget_stress,PPO_unconstrained,Myopic,default_rate,0.027777777777777783,-0.006944444444444434,0.06597222222222224
constant_budget_stress,PPO_unconstrained,Decrease20,default_rate,0.0,0.0,0.0
constant_budget_stress,PPO_unconstrained,Static,el_violation_rate,-0.3457561018416282,-0.40439226024341157,-0.290529476615003
constant_budget_stress,PPO_unconstrained,Greedy,el_violation_rate,-0.3310688215293479,-0.4019879426129426,-0.26541846174658684
constant_budget_stress,PPO_unconstrained,Myopic,el_violation_rate,-0.2782431749537013,-0.3327761104940381,-0.2264440571307348
constant_budget_stress,PPO_unconstrained,Decrease20,el_violation_rate,0.0,0.0,0.0
constant_budget_stress,PPO_unconstrained,Static,true_violation_rate,-0.1907286214029635,-0.23039819555444555,-0.14926065543253045
constant_budget_stress,PPO_unconstrained,Greedy,true_violation_rate,-0.10678189683123894,-0.14573351881123264,-0.06607179096488308
constant_budget_stress,PPO_unconstrained,Myopic,true_violation_rate,-0.1427375499743921,-0.18187758924189848,-0.10436035242778666
constant_budget_stress,PPO_unconstrained,Decrease20,true_violation_rate,0.0,0.0,0.0
constant_budget_stress,RiskBased,Static,value,642.5094819760642,536.8610446706898,753.8287481367764
constant_budget_stress,RiskBased,Greedy,value,238.72773866659858,136.59224454173744,341.4603354510555
constant_budget_stress,RiskBased,Myopic,value,311.0608366472896,203.63515463621744,408.0494930213151
constant_budget_stress,RiskBased,Decrease20,value,-611.8166567636522,-711.9188696653642,-509.0793931850958
constant_budget_stress,RiskBased,Static,loss,-745.7577539035738,-860.4029692900101,-637.8089979557267
constant_budget_stress,RiskBased,Greedy,loss,-312.9394892189377,-407.4366458013323,-219.03386652827672
constant_budget_stress,RiskBased,Myopic,loss,-384.02192737235146,-481.4313981259765,-282.6987679730182
constant_budget_stress,RiskBased,Decrease20,loss,830.8790962166117,738.8309610411342,929.0732599923787
constant_budget_stress,RiskBased,Static,default_rate,0.027777777777777766,0.006944444444444434,0.048611111111111105
constant_budget_stress,RiskBased,Greedy,default_rate,0.048611111111111105,0.024305555555555542,0.07638888888888888
constant_budget_stress,RiskBased,Myopic,default_rate,0.024305555555555556,0.003472222222222221,0.05208333333333332
constant_budget_stress,RiskBased,Decrease20,default_rate,-0.0034722222222222285,-0.03125000000000001,0.02430555555555555
constant_budget_stress,RiskBased,Static,el_violation_rate,-0.19033339345839342,-0.24140333769240022,-0.14594221605940355
constant_budget_stress,RiskBased,Greedy,el_violation_rate,-0.17564611314611314,-0.24242255140692645,-0.11679943320568326
constant_budget_stress,RiskBased,Myopic,el_violation_rate,-0.12282046657046657,-0.17892729377104374,-0.0715540824915825
constant_budget_stress,RiskBased,Decrease20,el_violation_rate,0.15542270838323471,0.10758308531746033,0.19837051030718791
constant_budget_stress,RiskBased,Static,true_violation_rate,-0.07431833213083214,-0.10273634785353536,-0.039127604166666705
constant_budget_stress,RiskBased,Greedy,true_violation_rate,0.009628392440892454,-0.022657760353072823,0.04507687046749547
constant_budget_stress,RiskBased,Myopic,true_violation_rate,-0.026327260702260713,-0.06610919462481964,0.009470824314574298
constant_budget_stress,RiskBased,Decrease20,true_violation_rate,0.11641028927213137,0.08288930976430976,0.15611967056457185
constant_budget_stress,Static,Greedy,value,-403.78174330946564,-518.5133741130228,-277.11915988041403
constant_budget_stress,Static,Myopic,value,-331.4486453287746,-487.56605048258945,-174.30732842061218
constant_budget_stress,Static,Decrease20,value,-1254.3261387397165,-1426.1148603395561,-1075.5599612072801
constant_budget_stress,Static,Greedy,loss,432.8182646846362,303.1169283712825,543.9001021474576
constant_budget_stress,Static,Myopic,loss,361.7358265312225,203.56498564096282,525.123309788639
constant_budget_stress,Static,Decrease20,loss,1576.6368501201857,1406.3134781113947,1747.9231680418336
constant_budget_stress,Static,Greedy,default_rate,0.020833333333333332,0.0034722222222222238,0.041666666666666664
constant_budget_stress,Static,Myopic,default_rate,-0.00347222222222221,-0.031249999999999983,0.02430555555555557
constant_budget_stress,Static,Decrease20,default_rate,-0.031249999999999997,-0.05902777777777779,-0.003472222222222212
constant_budget_stress,Static,Greedy,el_violation_rate,0.014687280312280305,-0.03800166847041848,0.06473984638047135
constant_budget_stress,Static,Myopic,el_violation_rate,0.06751292688792689,0.018849206349206334,0.11013830642736892
constant_budget_stress,Static,Decrease20,el_violation_rate,0.3457561018416282,0.2925001271876272,0.400172343570781
constant_budget_stress,Static,Greedy,true_violation_rate,0.08394672457172458,0.05641968708374959,0.10963019185675439
constant_budget_stress,Static,Myopic,true_violation_rate,0.04799107142857143,0.016560226521164016,0.07631551752645499
constant_budget_stress,Static,Decrease20,true_violation_rate,0.19072862140296354,0.15228064903846156,0.22750674489983702
normal_loose,BufferedRiskBased,Static,value,572.5155042590449,396.05113390644806,742.3468935572218
normal_loose,BufferedRiskBased,Greedy,value,229.62247263920995,91.28477510042917,378.9822965017449
normal_loose,BufferedRiskBased,Myopic,value,403.49874270294123,226.76327099429764,580.6743490603296
normal_loose,BufferedRiskBased,Decrease20,value,17.290487947852533,-65.82132249282263,113.57635397779313
normal_loose,BufferedRiskBased,Static,loss,-713.2142252216355,-872.6709855550068,-546.5802444986273
normal_loose,BufferedRiskBased,Greedy,loss,-380.46745001414797,-505.40971659419114,-262.170478835794
normal_loose,BufferedRiskBased,Myopic,loss,-597.8825375471657,-763.8195482770088,-435.78408040410756
normal_loose,BufferedRiskBased,Decrease20,loss,367.38869605858054,294.84518390869727,432.16643778434485
normal_loose,BufferedRiskBased,Static,default_rate,-9.25185853854297e-18,-0.03125000000000003,0.03124999999999999
normal_loose,BufferedRiskBased,Greedy,default_rate,0.08333333333333333,0.04861111111111112,0.11805555555555554
normal_loose,BufferedRiskBased,Myopic,default_rate,0.06597222222222221,0.027777777777777773,0.10416666666666666
normal_loose,BufferedRiskBased,Decrease20,default_rate,-0.06944444444444446,-0.10251736111111111,-0.03289930555555565
normal_loose,BufferedRiskBased,Static,el_violation_rate,-0.07118055555555554,-0.10069444444444443,-0.04340277777777776
normal_loose,BufferedRiskBased,Greedy,el_violation_rate,-0.11805555555555554,-0.16145833333333334,-0.0798611111111111
normal_loose,BufferedRiskBased,Myopic,el_violation_rate,-0.1579861111111111,-0.2127170138888889,-0.11111111111111109
normal_loose,BufferedRiskBased,Decrease20,el_violation_rate,0.03645833333333332,0.015624999999999993,0.05902777777777776
normal_loose,BufferedRiskBased,Static,true_violation_rate,-0.059027777777777755,-0.0755642361111111,-0.039930555555555546
normal_loose,BufferedRiskBased,Greedy,true_violation_rate,-0.04166666666666666,-0.06688368055555553,-0.0173611111111111
normal_loose,BufferedRiskBased,Myopic,true_violation_rate,-0.059027777777777755,-0.08854166666666666,-0.02604166666666665
normal_loose,BufferedRiskBased,Decrease20,true_violation_rate,0.013888888888888883,-0.008680555555555561,0.03993055555555555
normal_loose,Decrease20,Static,value,555.2250163111922,374.385488222078,722.0639375632322
normal_loose,Decrease20,Greedy,value,212.33198469135743,58.91885637792896,360.29015992991714
normal_loose,Decrease20,Myopic,value,386.2082547550887,194.97514419909234,576.7202615532057
normal_loose,Decrease20,Static,loss,-1080.6029212802162,-1248.0875185473571,-900.7205468474308
normal_loose,Decrease20,Greedy,loss,-747.8561460727284,-876.6371022163823,-612.8795577776061
normal_loose,Decrease20,Myopic,loss,-965.2712336057463,-1146.179684511267,-786.6217944249523
normal_loose,Decrease20,Static,default_rate,0.06944444444444443,0.03125,0.10946180555555547
normal_loose,Decrease20,Greedy,default_rate,0.15277777777777776,0.12152777777777778,0.1875
normal_loose,Decrease20,Myopic,default_rate,0.13541666666666666,0.09722222222222225,0.17361111111111108
normal_loose,Decrease20,Static,el_violation_rate,-0.10763888888888888,-0.14327256944444444,-0.07118055555555554
normal_loose,Decrease20,Greedy,el_violation_rate,-0.15451388888888887,-0.19535590277777776,-0.11714409722222223
normal_loose,Decrease20,Myopic,el_violation_rate,-0.19444444444444442,-0.24305555555555552,-0.15277777777777776
normal_loose,Decrease20,Static,true_violation_rate,-0.07291666666666664,-0.10078124999999998,-0.046874999999999965
normal_loose,Decrease20,Greedy,true_violation_rate,-0.055555555555555546,-0.08945312499999997,-0.02604166666666666
normal_loose,Decrease20,Myopic,true_violation_rate,-0.07291666666666664,-0.09722222222222221,-0.048611111111111084
normal_loose,Greedy,Static,value,342.89303161983486,218.45235844248316,468.79189044881804
normal_loose,Greedy,Myopic,value,173.87627006373123,66.25360007090455,268.18241413351683
normal_loose,Greedy,Decrease20,value,-212.33198469135743,-360.2901599299172,-58.918856377929025
normal_loose,Greedy,Static,loss,-332.74677520748753,-446.56463835211684,-217.34094546684327
normal_loose,Greedy,Myopic,loss,-217.41508753301775,-312.7666496445682,-111.90597297636108
normal_loose,Greedy,Decrease20,loss,747.8561460727284,612.8795577776061,876.6371022163822
normal_loose,Greedy,Static,default_rate,-0.08333333333333333,-0.10763888888888888,-0.05902777777777777
normal_loose,Greedy,Myopic,default_rate,-0.017361111111111115,-0.03472222222222224,0.003472222222222219
normal_loose,Greedy,Decrease20,default_rate,-0.15277777777777776,-0.1875,-0.12152777777777778
normal_loose,Greedy,Static,el_violation_rate,0.046875,0.012152777777777775,0.08945312499999997
normal_loose,Greedy,Myopic,el_violation_rate,-0.03993055555555556,-0.06688368055555556,-0.015624999999999998
normal_loose,Greedy,Decrease20,el_violation_rate,0.15451388888888887,0.1171440972222222,0.19535590277777773
normal_loose,Greedy,Static,true_violation_rate,-0.01736111111111111,-0.03993055555555555,0.0034722222222222316
normal_loose,Greedy,Myopic,true_violation_rate,-0.017361111111111105,-0.04084201388888888,0.010416666666666664
normal_loose,Greedy,Decrease20,true_violation_rate,0.055555555555555546,0.02604166666666666,0.08945312499999994
normal_loose,Myopic,Static,value,169.01676155610366,22.99618091926513,321.78227316910665
normal_loose,Myopic,Greedy,value,-173.87627006373123,-268.18241413351683,-66.25360007090458
normal_loose,Myopic,Decrease20,value,-386.2082547550887,-576.7202615532057,-194.97514419909237
normal_loose,Myopic,Static,loss,-115.33168767446978,-259.99731668119887,30.404383326472455
normal_loose,Myopic,Greedy,loss,217.41508753301775,111.90597297636097,312.76664964456813
normal_loose,Myopic,Decrease20,loss,965.2712336057463,786.6217944249523,1146.179684511267
normal_loose,Myopic,Static,default_rate,-0.06597222222222222,-0.09210069444444445,-0.04166666666666667
normal_loose,Myopic,Greedy,default_rate,0.017361111111111115,-0.003472222222222219,0.03472222222222224
normal_loose,Myopic,Decrease20,default_rate,-0.13541666666666666,-0.17361111111111108,-0.09722222222222225
normal_loose,Myopic,Static,el_violation_rate,0.08680555555555557,0.03901909722222222,0.14583333333333334
normal_loose,Myopic,Greedy,el_violation_rate,0.03993055555555556,0.015624999999999998,0.06688368055555553
normal_loose,Myopic,Decrease20,el_violation_rate,0.19444444444444442,0.15277777777777776,0.24305555555555552
normal_loose,Myopic,Static,true_violation_rate,0.0,-0.029513888888888895,0.02604166666666666
normal_loose,Myopic,Greedy,true_violation_rate,0.017361111111111105,-0.010416666666666664,0.04084201388888884
normal_loose,Myopic,Decrease20,true_violation_rate,0.07291666666666664,0.048611111111111084,0.09722222222222221
normal_loose,PPO_hard,Static,value,641.6969211697617,436.18500347488714,859.9276516867125
normal_loose,PPO_hard,Greedy,value,298.8038895499267,113.91842592595424,501.92572747506426
normal_loose,PPO_hard,Myopic,value,472.68015961365785,256.618880989449,700.5492291955178
normal_loose,PPO_hard,Decrease20,value,86.47190485856927,-20.043007523911562,237.94078933218057
normal_loose,PPO_hard,Static,loss,-1009.2998145514227,-1199.0787916401841,-831.5342739677609
normal_loose,PPO_hard,Greedy,loss,-676.5530393439352,-832.3174546945734,-519.7232146600098
normal_loose,PPO_hard,Myopic,loss,-893.968126876953,-1090.8797085646495,-704.0225202918218
normal_loose,PPO_hard,Decrease20,loss,71.30310672879338,-5.677814608390818,163.1226723749146
normal_loose,PPO_hard,Static,default_rate,0.009259259259259255,-0.05555555555555555,0.06956018518518506
normal_loose,PPO_hard,Greedy,default_rate,0.0925925925925926,0.03240740740740741,0.15625
normal_loose,PPO_hard,Myopic,default_rate,0.07523148148148147,0.015538194444444443,0.13602430555555553
normal_loose,PPO_hard,Decrease20,default_rate,-0.060185185185185196,-0.11921296296296297,0.0
normal_loose,PPO_hard,Static,el_violation_rate,-0.09259259259259259,-0.13260995370370368,-0.05497685185185185
normal_loose,PPO_hard,Greedy,el_violation_rate,-0.1394675925925926,-0.1875,-0.09777199074074078
normal_loose,PPO_hard,Myopic,el_violation_rate,-0.1793981481481481,-0.234375,-0.1310619212962963
normal_loose,PPO_hard,Decrease20,el_violation_rate,0.015046296296296289,0.0,0.03734085648148145
normal_loose,PPO_hard,Static,true_violation_rate,-0.06828703703703702,-0.09000289351851849,-0.04483506944444444
normal_loose,PPO_hard,Greedy,true_violation_rate,-0.0509259259259259,-0.07696759259259257,-0.027473958333333326
normal_loose,PPO_hard,Myopic,true_violation_rate,-0.06828703703703702,-0.0923177083333333,-0.04194155092592593
normal_loose,PPO_hard,Decrease20,true_violation_rate,0.004629629629629628,-0.010416666666666664,0.025766782407407384
normal_loose,PPO_penalty,Static,value,555.0191360389844,350.2831862960125,721.2920799941239
normal_loose,PPO_penalty,Greedy,value,212.12610441914947,63.453019504536,352.6885556216979
normal_loose,PPO_penalty,Myopic,value,386.00237448288067,190.50678623929116,560.1738487310126
normal_loose,PPO_penalty,Decrease20,value,-0.20588027220793492,-0.5261873273889108,0.0
normal_loose,PPO_penalty,Static,loss,-1080.602921280216,-1243.8515841566375,-902.2581990383827
normal_loose,PPO_penalty,Greedy,loss,-747.8561460727285,-888.0505260114377,-607.8209268923141
normal_loose,PPO_penalty,Myopic,loss,-965.2712336057461,-1141.2736658029892,-792.8443748454697
normal_loose,PPO_penalty,Decrease20,loss,0.0,0.0,0.0
normal_loose,PPO_penalty,Static,default_rate,0.06944444444444445,0.029427083333333336,0.1111111111111111
normal_loose,PPO_penalty,Greedy,default_rate,0.1527777777777778,0.12152777777777778,0.1875
normal_loose,PPO_penalty,Myopic,default_rate,0.13541666666666666,0.09722222222222222,0.1754340277777777
normal_loose,PPO_penalty,Decrease20,default_rate,0.0,0.0,0.0
normal_loose,PPO_penalty,Static,el_violation_rate,-0.10763888888888888,-0.1440972222222222,-0.07118055555555552
normal_loose,PPO_penalty,Greedy,el_violation_rate,-0.15451388888888887,-0.19709201388888886,-0.11631944444444442
normal_loose,PPO_penalty,Myopic,el_violation_rate,-0.19444444444444442,-0.2439670138888889,-0.15013020833333335
normal_loose,PPO_penalty,Decrease20,el_violation_rate,0.0,0.0,0.0
normal_loose,PPO_penalty,Static,true_violation_rate,-0.07291666666666664,-0.09986979166666664,-0.043402777777777755
normal_loose,PPO_penalty,Greedy,true_violation_rate,-0.05555555555555553,-0.08854166666666664,-0.02604166666666665
normal_loose,PPO_penalty,Myopic,true_violation_rate,-0.07291666666666664,-0.09639756944444441,-0.04861111111111109
normal_loose,PPO_penalty,Decrease20,true_violation_rate,0.0,0.0,0.0
normal_loose,PPO_unconstrained,Static,value,555.0191360389844,350.2831862960125,721.2920799941239
normal_loose,PPO_unconstrained,Greedy,value,212.12610441914947,63.453019504536,352.6885556216979
normal_loose,PPO_unconstrained,Myopic,value,386.00237448288067,190.50678623929116,560.1738487310126
normal_loose,PPO_unconstrained,Decrease20,value,-0.20588027220793492,-0.5261873273889108,0.0
normal_loose,PPO_unconstrained,Static,loss,-1080.602921280216,-1243.8515841566375,-902.2581990383827
normal_loose,PPO_unconstrained,Greedy,loss,-747.8561460727285,-888.0505260114377,-607.8209268923141
normal_loose,PPO_unconstrained,Myopic,loss,-965.2712336057461,-1141.2736658029892,-792.8443748454697
normal_loose,PPO_unconstrained,Decrease20,loss,0.0,0.0,0.0
normal_loose,PPO_unconstrained,Static,default_rate,0.06944444444444445,0.029427083333333336,0.1111111111111111
normal_loose,PPO_unconstrained,Greedy,default_rate,0.1527777777777778,0.12152777777777778,0.1875
normal_loose,PPO_unconstrained,Myopic,default_rate,0.13541666666666666,0.09722222222222222,0.1754340277777777
normal_loose,PPO_unconstrained,Decrease20,default_rate,0.0,0.0,0.0
normal_loose,PPO_unconstrained,Static,el_violation_rate,-0.10763888888888888,-0.1440972222222222,-0.07118055555555552
normal_loose,PPO_unconstrained,Greedy,el_violation_rate,-0.15451388888888887,-0.19709201388888886,-0.11631944444444442
normal_loose,PPO_unconstrained,Myopic,el_violation_rate,-0.19444444444444442,-0.2439670138888889,-0.15013020833333335
normal_loose,PPO_unconstrained,Decrease20,el_violation_rate,0.0,0.0,0.0
normal_loose,PPO_unconstrained,Static,true_violation_rate,-0.07291666666666664,-0.09986979166666664,-0.043402777777777755
normal_loose,PPO_unconstrained,Greedy,true_violation_rate,-0.05555555555555553,-0.08854166666666664,-0.02604166666666665
normal_loose,PPO_unconstrained,Myopic,true_violation_rate,-0.07291666666666664,-0.09639756944444441,-0.04861111111111109
normal_loose,PPO_unconstrained,Decrease20,true_violation_rate,0.0,0.0,0.0
normal_loose,RiskBased,Static,value,572.5155042590449,396.05113390644806,742.3468935572218
normal_loose,RiskBased,Greedy,value,229.62247263920995,91.28477510042917,378.9822965017449
normal_loose,RiskBased,Myopic,value,403.49874270294123,226.76327099429764,580.6743490603296
normal_loose,RiskBased,Decrease20,value,17.290487947852533,-65.82132249282263,113.57635397779313
normal_loose,RiskBased,Static,loss,-713.2142252216355,-872.6709855550068,-546.5802444986273
normal_loose,RiskBased,Greedy,loss,-380.46745001414797,-505.40971659419114,-262.170478835794
normal_loose,RiskBased,Myopic,loss,-597.8825375471657,-763.8195482770088,-435.78408040410756
normal_loose,RiskBased,Decrease20,loss,367.38869605858054,294.84518390869727,432.16643778434485
normal_loose,RiskBased,Static,default_rate,-9.25185853854297e-18,-0.03125000000000003,0.03124999999999999
normal_loose,RiskBased,Greedy,default_rate,0.08333333333333333,0.04861111111111112,0.11805555555555554
normal_loose,RiskBased,Myopic,default_rate,0.06597222222222221,0.027777777777777773,0.10416666666666666
normal_loose,RiskBased,Decrease20,default_rate,-0.06944444444444446,-0.10251736111111111,-0.03289930555555565
normal_loose,RiskBased,Static,el_violation_rate,-0.07118055555555554,-0.10069444444444443,-0.04340277777777776
normal_loose,RiskBased,Greedy,el_violation_rate,-0.11805555555555554,-0.16145833333333334,-0.0798611111111111
normal_loose,RiskBased,Myopic,el_violation_rate,-0.1579861111111111,-0.2127170138888889,-0.11111111111111109
normal_loose,RiskBased,Decrease20,el_violation_rate,0.03645833333333332,0.015624999999999993,0.05902777777777776
normal_loose,RiskBased,Static,true_violation_rate,-0.059027777777777755,-0.0755642361111111,-0.039930555555555546
normal_loose,RiskBased,Greedy,true_violation_rate,-0.04166666666666666,-0.06688368055555553,-0.0173611111111111
normal_loose,RiskBased,Myopic,true_violation_rate,-0.059027777777777755,-0.08854166666666666,-0.02604166666666665
normal_loose,RiskBased,Decrease20,true_violation_rate,0.013888888888888883,-0.008680555555555561,0.03993055555555555
normal_loose,Static,Greedy,value,-342.89303161983486,-468.7918904488182,-218.45235844248322
normal_loose,Static,Myopic,value,-169.01676155610366,-321.78227316910665,-22.996180919265136
normal_loose,Static,Decrease20,value,-555.2250163111922,-722.0639375632325,-374.38548822207815
normal_loose,Static,Greedy,loss,332.74677520748753,217.34094546684324,446.5646383521168
normal_loose,Static,Myopic,loss,115.33168767446978,-30.404383326472544,259.99731668119887
normal_loose,Static,Decrease20,loss,1080.6029212802162,900.7205468474308,1248.0875185473571
normal_loose,Static,Greedy,default_rate,0.08333333333333333,0.05902777777777777,0.10763888888888888
normal_loose,Static,Myopic,default_rate,0.06597222222222222,0.04166666666666667,0.09210069444444437
normal_loose,Static,Decrease20,default_rate,-0.06944444444444443,-0.10946180555555556,-0.03125
normal_loose,Static,Greedy,el_violation_rate,-0.046875,-0.089453125,-0.012152777777777775
normal_loose,Static,Myopic,el_violation_rate,-0.08680555555555557,-0.14583333333333334,-0.03901909722222226
normal_loose,Static,Decrease20,el_violation_rate,0.10763888888888888,0.07118055555555554,0.1432725694444444
normal_loose,Static,Greedy,true_violation_rate,0.01736111111111111,-0.0034722222222222316,0.03993055555555555
normal_loose,Static,Myopic,true_violation_rate,0.0,-0.02604166666666666,0.029513888888888895
normal_loose,Static,Decrease20,true_violation_rate,0.07291666666666664,0.046874999999999965,0.10078124999999989
normal_medium,BufferedRiskBased,Static,value,572.4076322542973,395.81467253518633,742.1840798385279
normal_medium,BufferedRiskBased,Greedy,value,178.3422424769411,67.58864230584555,292.60463822242224
normal_medium,BufferedRiskBased,Myopic,value,143.43347571119145,-4.109661879574945,285.4485980414376
normal_medium,BufferedRiskBased,Decrease20,value,17.182615943104853,-65.91370137218979,113.61323168666087
normal_medium,BufferedRiskBased,Static,loss,-713.0477300749017,-872.4788831523033,-546.426024802013
normal_medium,BufferedRiskBased,Greedy,loss,-277.77152788974075,-380.67906048589725,-180.39666902513076
normal_medium,BufferedRiskBased,Myopic,loss,-278.9039857123575,-395.94501724760204,-150.98875003938454
normal_medium,BufferedRiskBased,Decrease20,loss,367.5551912053143,295.06117571992377,432.37908683702045
normal_medium,BufferedRiskBased,Static,default_rate,-9.25185853854297e-18,-0.03125000000000003,0.03124999999999999
normal_medium,BufferedRiskBased,Greedy,default_rate,0.05902777777777777,0.03125,0.09027777777777778
normal_medium,BufferedRiskBased,Myopic,default_rate,0.05902777777777776,0.031249999999999983,0.08680555555555554
normal_medium,BufferedRiskBased,Decrease20,default_rate,-0.06944444444444446,-0.10251736111111111,-0.03289930555555565
normal_medium,BufferedRiskBased,Static,el_violation_rate,-0.18923611111111116,-0.26562500000000006,-0.12756076388888896
normal_medium,BufferedRiskBased,Greedy,el_violation_rate,-0.17187500000000003,-0.2561197916666667,-0.10937500000000003
normal_medium,BufferedRiskBased,Myopic,el_violation_rate,-0.140625,-0.20321180555555557,-0.08589409722222228
normal_medium,BufferedRiskBased,Decrease20,el_violation_rate,0.08506944444444443,0.05464409722222223,0.11805555555555555
normal_medium,BufferedRiskBased,Static,true_violation_rate,-0.09375,-0.12152777777777779,-0.0642361111111111
normal_medium,BufferedRiskBased,Greedy,true_violation_rate,-0.036458333333333336,-0.06423611111111112,-0.008680555555555546
normal_medium,BufferedRiskBased,Myopic,true_violation_rate,-0.045138888888888895,-0.07465277777777779,-0.00868055555555556
normal_medium,BufferedRiskBased,Decrease20,true_violation_rate,0.03472222222222221,0.0008246527777777794,0.0763888888888889
normal_medium,Decrease20,Static,value,555.2250163111922,374.385488222078,722.0639375632322
normal_medium,Decrease20,Greedy,value,161.15962653383622,31.28247719723429,276.25834322940113
normal_medium,Decrease20,Myopic,value,126.25085976808658,-20.21006252512511,271.88340981255175
normal_medium,Decrease20,Static,loss,-1080.6029212802162,-1248.0875185473571,-900.7205468474308
normal_medium,Decrease20,Greedy,loss,-645.3267190950551,-753.8290211149747,-524.3671862449531
normal_medium,Decrease20,Myopic,loss,-646.4591769176718,-763.8033023317453,-530.1852161991726
normal_medium,Decrease20,Static,default_rate,0.06944444444444443,0.03125,0.10946180555555547
normal_medium,Decrease20,Greedy,default_rate,0.12847222222222224,0.09027777777777779,0.16666666666666666
normal_medium,Decrease20,Myopic,default_rate,0.1284722222222222,0.09375,0.16319444444444445
normal_medium,Decrease20,Static,el_violation_rate,-0.2743055555555556,-0.3463975694444445,-0.20815972222222243
normal_medium,Decrease20,Greedy,el_violation_rate,-0.2569444444444445,-0.3430121527777778,-0.19097222222222224
normal_medium,Decrease20,Myopic,el_violation_rate,-0.22569444444444445,-0.28133680555555557,-0.17443576388888896
normal_medium,Decrease20,Static,true_violation_rate,-0.1284722222222222,-0.16410590277777778,-0.09457465277777781
normal_medium,Decrease20,Greedy,true_violation_rate,-0.07118055555555554,-0.10855034722222219,-0.04075520833333337
normal_medium,Decrease20,Myopic,true_violation_rate,-0.0798611111111111,-0.11111111111111112,-0.050347222222222224
normal_medium,Greedy,Static,value,394.06538977735613,251.02066946985897,534.2748544521157
normal_medium,Greedy,Myopic,value,-34.90876676574962,-135.50973654466685,63.83287517683873
normal_medium,Greedy,Decrease20,value,-161.15962653383622,-276.25834322940113,-31.282477197234346
normal_medium,Greedy,Static,loss,-435.276202185161,-576.748707837372,-285.6870019505369
normal_medium,Greedy,Myopic,loss,-1.1324578226167243,-94.34135430480619,93.08141702090218
normal_medium,Greedy,Decrease20,loss,645.3267190950551,524.3671862449531,753.8290211149747
normal_medium,Greedy,Static,default_rate,-0.05902777777777779,-0.08333333333333334,-0.03472222222222222
normal_medium,Greedy,Myopic,default_rate,-6.938893903907228e-18,-0.017361111111111122,0.020833333333333322
normal_medium,Greedy,Decrease20,default_rate,-0.12847222222222224,-0.16666666666666666,-0.09027777777777779
normal_medium,Greedy,Static,el_violation_rate,-0.017361111111111112,-0.0720920138888889,0.041666666666666664
normal_medium,Greedy,Myopic,el_violation_rate,0.03125000000000001,-0.010416666666666668,0.07118055555555558
normal_medium,Greedy,Decrease20,el_violation_rate,0.2569444444444445,0.19097222222222224,0.3430121527777777
normal_medium,Greedy,Static,true_violation_rate,-0.057291666666666664,-0.08333333333333334,-0.031249999999999997
normal_medium,Greedy,Myopic,true_violation_rate,-0.008680555555555563,-0.037369791666666666,0.015624999999999998
normal_medium,Greedy,Decrease20,true_violation_rate,0.07118055555555554,0.040755208333333334,0.10855034722222216
normal_medium,Myopic,Static,value,428.9741565431057,289.9727303949244,555.09348932954
normal_medium,Myopic,Greedy,value,34.90876676574962,-63.83287517683873,135.50973654466682
normal_medium,Myopic,Decrease20,value,-126.25085976808658,-271.88340981255175,20.21006252512493
normal_medium,Myopic,Static,loss,-434.1437443625443,-555.3082260916058,-305.3409127105289
normal_medium,Myopic,Greedy,loss,1.1324578226167243,-93.08141702090225,94.34135430480617
normal_medium,Myopic,Decrease20,loss,646.4591769176718,530.1852161991725,763.8033023317452
normal_medium,Myopic,Static,default_rate,-0.05902777777777777,-0.08333333333333333,-0.03472222222222223
normal_medium,Myopic,Greedy,default_rate,6.938893903907228e-18,-0.020833333333333322,0.017361111111111122
normal_medium,Myopic,Decrease20,default_rate,-0.1284722222222222,-0.16319444444444445,-0.09375
normal_medium,Myopic,Static,el_violation_rate,-0.048611111111111126,-0.1033420138888889,0.01909722222222221
normal_medium,Myopic,Greedy,el_violation_rate,-0.03125000000000001,-0.07118055555555558,0.010416666666666668
normal_medium,Myopic,Decrease20,el_violation_rate,0.22569444444444445,0.1744357638888889,0.28133680555555546
normal_medium,Myopic,Static,true_violation_rate,-0.048611111111111105,-0.07730034722222223,-0.01818576388888892
normal_medium,Myopic,Greedy,true_violation_rate,0.008680555555555563,-0.015624999999999998,0.03736979166666663
normal_medium,Myopic,Decrease20,true_violation_rate,0.0798611111111111,0.050347222222222224,0.11111111111111112
normal_medium,PPO_hard,Static,value,638.3871140818002,436.0642903652678,857.0442594058418
normal_medium,PPO_hard,Greedy,value,244.32172430444402,93.01293113595882,423.41721527158353
normal_medium,PPO_hard,Myopic,value,209.41295753869443,35.89249076599758,396.60443029372817
normal_medium,PPO_hard,Decrease20,value,83.16209777060783,-20.043007523911562,235.11711657363057
normal_medium,PPO_hard,Static,loss,-1009.6250291757881,-1202.82259838018,-832.3825597806571
normal_medium,PPO_hard,Greedy,loss,-574.348826990627,-722.420582304047,-413.5564040654098
normal_medium,PPO_hard,Myopic,loss,-575.4812848132437,-711.5388647407275,-427.28379795127836
normal_medium,PPO_hard,Decrease20,loss,70.97789210442801,-5.678090551811369,163.6126412247231
normal_medium,PPO_hard,Static,default_rate,0.01157407407407407,-0.051533564814814824,0.06956018518518506
normal_medium,PPO_hard,Greedy,default_rate,0.07060185185185185,0.013888888888888881,0.12907986111111108
normal_medium,PPO_hard,Myopic,default_rate,0.07060185185185185,0.00804398148148148,0.13194444444444445
normal_medium,PPO_hard,Decrease20,default_rate,-0.05787037037037038,-0.11574074074074076,0.0
normal_medium,PPO_hard,Static,el_violation_rate,-0.24363425925925933,-0.3220920138888889,-0.18016493055555566
normal_medium,PPO_hard,Greedy,el_violation_rate,-0.22627314814814817,-0.3128038194444444,-0.14930555555555555
normal_medium,PPO_hard,Myopic,el_violation_rate,-0.19502314814814817,-0.26014178240740743,-0.13453414351851853
normal_medium,PPO_hard,Decrease20,el_violation_rate,0.030671296296296297,0.0,0.06597222222222224
normal_medium,PPO_hard,Static,true_violation_rate,-0.11863425925925924,-0.1550925925925926,-0.0841869212962963
normal_medium,PPO_hard,Greedy,true_violation_rate,-0.06134259259259259,-0.09463252314814814,-0.03414351851851852
normal_medium,PPO_hard,Myopic,true_violation_rate,-0.07002314814814814,-0.10069444444444445,-0.04367766203703706
normal_medium,PPO_hard,Decrease20,true_violation_rate,0.009837962962962958,-0.011877893518518513,0.038802083333333307
normal_medium,PPO_penalty,Static,value,555.0191360389844,350.2831862960125,721.2920799941239
normal_medium,PPO_penalty,Greedy,value,160.95374626162828,38.13439068268009,271.6047555524753
normal_medium,PPO_penalty,Myopic,value,126.04497949587865,-32.35601284547518,262.247460710688
normal_medium,PPO_penalty,Decrease20,value,-0.20588027220793492,-0.5261873273889108,0.0
normal_medium,PPO_penalty,Static,loss,-1080.602921280216,-1243.8515841566375,-902.2581990383827
normal_medium,PPO_penalty,Greedy,loss,-645.3267190950551,-751.0196748005712,-520.1935866496881
normal_medium,PPO_penalty,Myopic,loss,-646.4591769176718,-766.2587087409784,-518.3625409790159
normal_medium,PPO_penalty,Decrease20,loss,0.0,0.0,0.0
normal_medium,PPO_penalty,Static,default_rate,0.06944444444444445,0.029427083333333336,0.1111111111111111
normal_medium,PPO_penalty,Greedy,default_rate,0.1284722222222222,0.09027777777777778,0.16666666666666666
normal_medium,PPO_penalty,Myopic,default_rate,0.1284722222222222,0.09374999999999999,0.16666666666666666
normal_medium,PPO_penalty,Decrease20,default_rate,0.0,0.0,0.0
normal_medium,PPO_penalty,Static,el_violation_rate,-0.2743055555555556,-0.3463975694444445,-0.20833333333333337
normal_medium,PPO_penalty,Greedy,el_violation_rate,-0.2569444444444444,-0.33598090277777776,-0.1909722222222222
normal_medium,PPO_penalty,Myopic,el_violation_rate,-0.22569444444444445,-0.28216145833333334,-0.17708333333333334
normal_medium,PPO_penalty,Decrease20,el_violation_rate,0.0,0.0,0.0
normal_medium,PPO_penalty,Static,true_violation_rate,-0.1284722222222222,-0.1684027777777778,-0.08936631944444448
normal_medium,PPO_penalty,Greedy,true_violation_rate,-0.07118055555555555,-0.10763888888888887,-0.04166666666666666
normal_medium,PPO_penalty,Myopic,true_violation_rate,-0.0798611111111111,-0.1111111111111111,-0.05034722222222221
normal_medium,PPO_penalty,Decrease20,true_violation_rate,0.0,0.0,0.0
normal_medium,PPO_unconstrained,Static,value,555.0191360389844,350.2831862960125,721.2920799941239
normal_medium,PPO_unconstrained,Greedy,value,160.95374626162828,38.13439068268009,271.6047555524753
normal_medium,PPO_unconstrained,Myopic,value,126.04497949587865,-32.35601284547518,262.247460710688
normal_medium,PPO_unconstrained,Decrease20,value,-0.20588027220793492,-0.5261873273889108,0.0
normal_medium,PPO_unconstrained,Static,loss,-1080.602921280216,-1243.8515841566375,-902.2581990383827
normal_medium,PPO_unconstrained,Greedy,loss,-645.3267190950551,-751.0196748005712,-520.1935866496881
normal_medium,PPO_unconstrained,Myopic,loss,-646.4591769176718,-766.2587087409784,-518.3625409790159
normal_medium,PPO_unconstrained,Decrease20,loss,0.0,0.0,0.0
normal_medium,PPO_unconstrained,Static,default_rate,0.06944444444444445,0.029427083333333336,0.1111111111111111
normal_medium,PPO_unconstrained,Greedy,default_rate,0.1284722222222222,0.09027777777777778,0.16666666666666666
normal_medium,PPO_unconstrained,Myopic,default_rate,0.1284722222222222,0.09374999999999999,0.16666666666666666
normal_medium,PPO_unconstrained,Decrease20,default_rate,0.0,0.0,0.0
normal_medium,PPO_unconstrained,Static,el_violation_rate,-0.2743055555555556,-0.3463975694444445,-0.20833333333333337
normal_medium,PPO_unconstrained,Greedy,el_violation_rate,-0.2569444444444444,-0.33598090277777776,-0.1909722222222222
normal_medium,PPO_unconstrained,Myopic,el_violation_rate,-0.22569444444444445,-0.28216145833333334,-0.17708333333333334
normal_medium,PPO_unconstrained,Decrease20,el_violation_rate,0.0,0.0,0.0
normal_medium,PPO_unconstrained,Static,true_violation_rate,-0.1284722222222222,-0.1684027777777778,-0.08936631944444448
normal_medium,PPO_unconstrained,Greedy,true_violation_rate,-0.07118055555555555,-0.10763888888888887,-0.04166666666666666
normal_medium,PPO_unconstrained,Myopic,true_violation_rate,-0.0798611111111111,-0.1111111111111111,-0.05034722222222221
normal_medium,PPO_unconstrained,Decrease20,true_violation_rate,0.0,0.0,0.0
normal_medium,RiskBased,Static,value,572.4076322542973,395.81467253518633,742.1840798385279
normal_medium,RiskBased,Greedy,value,178.3422424769411,67.58864230584555,292.60463822242224
normal_medium,RiskBased,Myopic,value,143.43347571119145,-4.109661879574945,285.4485980414376
normal_medium,RiskBased,Decrease20,value,17.182615943104853,-65.91370137218979,113.61323168666087
normal_medium,RiskBased,Static,loss,-713.0477300749017,-872.4788831523033,-546.426024802013
normal_medium,RiskBased,Greedy,loss,-277.77152788974075,-380.67906048589725,-180.39666902513076
normal_medium,RiskBased,Myopic,loss,-278.9039857123575,-395.94501724760204,-150.98875003938454
normal_medium,RiskBased,Decrease20,loss,367.5551912053143,295.06117571992377,432.37908683702045
normal_medium,RiskBased,Static,default_rate,-9.25185853854297e-18,-0.03125000000000003,0.03124999999999999
normal_medium,RiskBased,Greedy,default_rate,0.05902777777777777,0.03125,0.09027777777777778
normal_medium,RiskBased,Myopic,default_rate,0.05902777777777776,0.031249999999999983,0.08680555555555554
normal_medium,RiskBased,Decrease20,default_rate,-0.06944444444444446,-0.10251736111111111,-0.03289930555555565
normal_medium,RiskBased,Static,el_violation_rate,-0.18923611111111116,-0.26562500000000006,-0.12756076388888896
normal_medium,RiskBased,Greedy,el_violation_rate,-0.17187500000000003,-0.2561197916666667,-0.10937500000000003
normal_medium,RiskBased,Myopic,el_violation_rate,-0.140625,-0.20321180555555557,-0.08589409722222228
normal_medium,RiskBased,Decrease20,el_violation_rate,0.08506944444444443,0.05464409722222223,0.11805555555555555
normal_medium,RiskBased,Static,true_violation_rate,-0.09375,-0.12152777777777779,-0.0642361111111111
normal_medium,RiskBased,Greedy,true_violation_rate,-0.036458333333333336,-0.06423611111111112,-0.008680555555555546
normal_medium,RiskBased,Myopic,true_violation_rate,-0.045138888888888895,-0.07465277777777779,-0.00868055555555556
normal_medium,RiskBased,Decrease20,true_violation_rate,0.03472222222222221,0.0008246527777777794,0.0763888888888889
normal_medium,Static,Greedy,value,-394.06538977735613,-534.2748544521158,-251.020669469859
normal_medium,Static,Myopic,value,-428.9741565431057,-555.0934893295401,-289.9727303949244
normal_medium,Static,Decrease20,value,-555.2250163111922,-722.0639375632325,-374.38548822207815
normal_medium,Static,Greedy,loss,435.276202185161,285.68700195053685,576.748707837372
normal_medium,Static,Myopic,loss,434.1437443625443,305.34091271052887,555.3082260916058
normal_medium,Static,Decrease20,loss,1080.6029212802162,900.7205468474308,1248.0875185473571
normal_medium,Static,Greedy,default_rate,0.05902777777777779,0.03472222222222222,0.08333333333333334
normal_medium,Static,Myopic,default_rate,0.05902777777777777,0.03472222222222223,0.08333333333333333
normal_medium,Static,Decrease20,default_rate,-0.06944444444444443,-0.10946180555555556,-0.03125
normal_medium,Static,Greedy,el_violation_rate,0.017361111111111112,-0.041666666666666664,0.07209201388888886
normal_medium,Static,Myopic,el_violation_rate,0.048611111111111126,-0.01909722222222221,0.10334201388888886
normal_medium,Static,Decrease20,el_violation_rate,0.2743055555555556,0.20815972222222226,0.34639756944444444
normal_medium,Static,Greedy,true_violation_rate,0.057291666666666664,0.031249999999999997,0.08333333333333334
normal_medium,Static,Myopic,true_violation_rate,0.048611111111111105,0.018185763888888887,0.07730034722222219
normal_medium,Static,Decrease20,true_violation_rate,0.1284722222222222,0.09457465277777777,0.16410590277777773
normal_tight,BufferedRiskBased,Static,value,571.3760305061764,395.2181445825836,740.1889791524084
normal_tight,BufferedRiskBased,Greedy,value,35.04374735229533,-49.97415627172479,125.143074553153
normal_tight,BufferedRiskBased,Myopic,value,38.948010503582935,-93.793644074738,175.9153184915201
normal_tight,BufferedRiskBased,Decrease20,value,16.151014194984082,-67.33838863333648,113.25218453918129
normal_tight,BufferedRiskBased,Static,loss,-712.680040549838,-872.0574677727503,-546.09705850676
normal_tight,BufferedRiskBased,Greedy,loss,-108.00425957542025,-184.61345096983976,-36.49664243354608
normal_tight,BufferedRiskBased,Myopic,loss,-110.81189645536621,-240.48991584936957,1.7967738042919152
normal_tight,BufferedRiskBased,Decrease20,loss,367.922880730378,295.47204847922495,432.87872339739226
normal_tight,BufferedRiskBased,Static,default_rate,-9.25185853854297e-18,-0.03125000000000003,0.03124999999999999
normal_tight,BufferedRiskBased,Greedy,default_rate,0.06597222222222222,0.04513888888888889,0.09027777777777778
normal_tight,BufferedRiskBased,Myopic,default_rate,0.038194444444444434,0.008593749999999994,0.06944444444444443
normal_tight,BufferedRiskBased,Decrease20,default_rate,-0.06944444444444446,-0.10251736111111111,-0.03289930555555565
normal_tight,BufferedRiskBased,Static,el_violation_rate,-0.2569444444444444,-0.32903645833333334,-0.1831163194444445
normal_tight,BufferedRiskBased,Greedy,el_violation_rate,-0.19097222222222224,-0.25264756944444444,-0.12847222222222224
normal_tight,BufferedRiskBased,Myopic,el_violation_rate,-0.13541666666666669,-0.20056423611111113,-0.08068576388888894
normal_tight,BufferedRiskBased,Decrease20,el_violation_rate,0.1527777777777778,0.11193576388888889,0.18923611111111116
normal_tight,BufferedRiskBased,Static,true_violation_rate,-0.09201388888888888,-0.1241753472222222,-0.0615885416666667
normal_tight,BufferedRiskBased,Greedy,true_violation_rate,-0.020833333333333325,-0.05381944444444444,0.010416666666666683
normal_tight,BufferedRiskBased,Myopic,true_violation_rate,-0.02430555555555555,-0.06249999999999998,0.012152777777777797
normal_tight,BufferedRiskBased,Decrease20,true_violation_rate,0.04687500000000002,0.008680555555555563,0.09201388888888891
normal_tight,Decrease20,Static,value,555.2250163111922,374.385488222078,722.0639375632322
normal_tight,Decrease20,Greedy,value,18.892733157311245,-92.21460009718852,121.81249219578142
normal_tight,Decrease20,Myopic,value,22.796996308598853,-120.10897635289655,171.6890492551235
normal_tight,Decrease20,Static,loss,-1080.6029212802162,-1248.0875185473571,-900.7205468474308
normal_tight,Decrease20,Greedy,loss,-475.92714030579833,-562.8662803537783,-382.30273589903464
normal_tight,Decrease20,Myopic,loss,-478.73477718574424,-596.4930855158512,-354.1397614569446
normal_tight,Decrease20,Static,default_rate,0.06944444444444443,0.03125,0.10946180555555547
normal_tight,Decrease20,Greedy,default_rate,0.13541666666666666,0.10234375000000001,0.16848958333333322
normal_tight,Decrease20,Myopic,default_rate,0.10763888888888888,0.06597222222222222,0.15277777777777776
normal_tight,Decrease20,Static,el_violation_rate,-0.40972222222222227,-0.4887586805555556,-0.3385416666666667
normal_tight,Decrease20,Greedy,el_violation_rate,-0.34375,-0.41063368055555555,-0.28472222222222227
normal_tight,Decrease20,Myopic,el_violation_rate,-0.2881944444444445,-0.34375000000000006,-0.23263888888888892
normal_tight,Decrease20,Static,true_violation_rate,-0.1388888888888889,-0.17973090277777778,-0.10243055555555557
normal_tight,Decrease20,Greedy,true_violation_rate,-0.06770833333333333,-0.10937500000000001,-0.02777777777777776
normal_tight,Decrease20,Myopic,true_violation_rate,-0.07118055555555557,-0.11202256944444444,-0.03298611111111112
normal_tight,Greedy,Static,value,536.3322831538811,408.3112711945135,667.0854455559105
normal_tight,Greedy,Myopic,value,3.9042631512876085,-92.6982889611198,115.70282248952199
normal_tight,Greedy,Decrease20,value,-18.892733157311245,-121.81249219578143,92.21460009718845
normal_tight,Greedy,Static,loss,-604.6757809744178,-726.6159601149113,-479.73319020390295
normal_tight,Greedy,Myopic,loss,-2.807636879945941,-102.17825655534185,84.36055569937295
normal_tight,Greedy,Decrease20,loss,475.92714030579833,382.30273589903464,562.8662803537783
normal_tight,Greedy,Static,default_rate,-0.06597222222222222,-0.08862847222222223,-0.04513888888888889
normal_tight,Greedy,Myopic,default_rate,-0.02777777777777778,-0.05208333333333335,-0.0034722222222222316
normal_tight,Greedy,Decrease20,default_rate,-0.13541666666666666,-0.1684895833333333,-0.1023437500000001
normal_tight,Greedy,Static,el_violation_rate,-0.06597222222222222,-0.11284722222222224,-0.027777777777777776
normal_tight,Greedy,Myopic,el_violation_rate,0.055555555555555546,0.011241319444444443,0.109375
normal_tight,Greedy,Decrease20,el_violation_rate,0.34375,0.28472222222222227,0.41063368055555555
normal_tight,Greedy,Static,true_violation_rate,-0.07118055555555557,-0.10590277777777779,-0.03207465277777784
normal_tight,Greedy,Myopic,true_violation_rate,-0.0034722222222222203,-0.03472222222222222,0.026041666666666668
normal_tight,Greedy,Decrease20,true_violation_rate,0.06770833333333333,0.02777777777777776,0.10937500000000001
normal_tight,Myopic,Static,value,532.4280200025935,368.25829753578313,673.555872949012
normal_tight,Myopic,Greedy,value,-3.9042631512876085,-115.70282248952199,92.69828896111976
normal_tight,Myopic,Decrease20,value,-22.796996308598853,-171.68904925512354,120.10897635289648
normal_tight,Myopic,Static,loss,-601.8681440944719,-735.0135814557387,-446.54011340954804
normal_tight,Myopic,Greedy,loss,2.807636879945941,-84.36055569937298,102.17825655534185
normal_tight,Myopic,Decrease20,loss,478.73477718574424,354.1397614569446,596.4930855158511
normal_tight,Myopic,Static,default_rate,-0.03819444444444444,-0.07291666666666667,-0.006944444444444441
normal_tight,Myopic,Greedy,default_rate,0.02777777777777778,0.0034722222222222316,0.05208333333333335
normal_tight,Myopic,Decrease20,default_rate,-0.10763888888888888,-0.15277777777777776,-0.06597222222222222
normal_tight,Myopic,Static,el_violation_rate,-0.12152777777777775,-0.17890625,-0.06597222222222221
normal_tight,Myopic,Greedy,el_violation_rate,-0.055555555555555546,-0.109375,-0.011241319444444479
normal_tight,Myopic,Decrease20,el_violation_rate,0.2881944444444445,0.23263888888888892,0.34375000000000006
normal_tight,Myopic,Static,true_violation_rate,-0.06770833333333333,-0.10590277777777779,-0.024305555555555556
normal_tight,Myopic,Greedy,true_violation_rate,0.0034722222222222203,-0.026041666666666668,0.03472222222222222
normal_tight,Myopic,Decrease20,true_violation_rate,0.07118055555555557,0.03298611111111112,0.11202256944444441
normal_tight,PPO_hard,Static,value,638.1628631687156,432.4399850561301,860.3632116845481
normal_tight,PPO_hard,Greedy,value,101.83058001483452,-45.01464456662516,282.85914030588634
normal_tight,PPO_hard,Myopic,value,105.73484316612215,-76.27659993276605,301.58725989044547
normal_tight,PPO_hard,Decrease20,value,82.9378468575233,-20.043007523911562,230.844023286845
normal_tight,PPO_hard,Static,loss,-1007.9305906473083,-1199.308572744381,-823.8168911424827
normal_tight,PPO_hard,Greedy,loss,-403.2548096728906,-546.9971742527389,-273.06982032595255
normal_tight,PPO_hard,Myopic,loss,-406.06244655283655,-557.0776445003884,-236.69559766893622
normal_tight,PPO_hard,Decrease20,loss,72.67233063290769,-2.5955596620404187,166.09463386415385
normal_tight,PPO_hard,Static,default_rate,0.01157407407407407,-0.050983796296296305,0.06956018518518506
normal_tight,PPO_hard,Greedy,default_rate,0.07754629629629628,0.021383101851851848,0.13315972222222217
normal_tight,PPO_hard,Myopic,default_rate,0.04976851851851852,-0.009317129629629639,0.1134259259259259
normal_tight,PPO_hard,Decrease20,default_rate,-0.05787037037037038,-0.11458333333333333,0.0
normal_tight,PPO_hard,Static,el_violation_rate,-0.3755787037037037,-0.4759982638888889,-0.29587673611111126
normal_tight,PPO_hard,Greedy,el_violation_rate,-0.3096064814814815,-0.394675925925926,-0.22825520833333338
normal_tight,PPO_hard,Myopic,el_violation_rate,-0.25405092592592593,-0.32528935185185187,-0.18945312500000006
normal_tight,PPO_hard,Decrease20,el_violation_rate,0.034143518518518524,0.0,0.07757523148148147
normal_tight,PPO_hard,Static,true_violation_rate,-0.13310185185185186,-0.1762297453703704,-0.09228877314814818
normal_tight,PPO_hard,Greedy,true_violation_rate,-0.061921296296296294,-0.09953703703703705,-0.024580439814814822
normal_tight,PPO_hard,Myopic,true_violation_rate,-0.06539351851851852,-0.10620659722222223,-0.02863136574074075
normal_tight,PPO_hard,Decrease20,true_violation_rate,0.005787037037037037,-0.027228009259259257,0.045746527777777754
normal_tight,PPO_penalty,Static,value,555.0191360389844,350.2831862960125,721.2920799941239
normal_tight,PPO_penalty,Greedy,value,18.686852885103317,-95.20338775856851,120.11914914543331
normal_tight,PPO_penalty,Myopic,value,22.59111603639092,-136.5963330512047,166.88590049923113
normal_tight,PPO_penalty,Decrease20,value,-0.20588027220793492,-0.5261873273889108,0.0
normal_tight,PPO_penalty,Static,loss,-1080.602921280216,-1243.8515841566375,-902.2581990383827
normal_tight,PPO_penalty,Greedy,loss,-475.9271403057983,-564.8143493491506,-380.0881190086518
normal_tight,PPO_penalty,Myopic,loss,-478.7347771857442,-595.3395874527536,-348.72744709563625
normal_tight,PPO_penalty,Decrease20,loss,0.0,0.0,0.0
normal_tight,PPO_penalty,Static,default_rate,0.06944444444444445,0.029427083333333336,0.1111111111111111
normal_tight,PPO_penalty,Greedy,default_rate,0.13541666666666666,0.10416666666666667,0.1701388888888889
normal_tight,PPO_penalty,Myopic,default_rate,0.1076388888888889,0.06597222222222221,0.1527777777777778
normal_tight,PPO_penalty,Decrease20,default_rate,0.0,0.0,0.0
normal_tight,PPO_penalty,Static,el_violation_rate,-0.4097222222222222,-0.5,-0.3376302083333334
normal_tight,PPO_penalty,Greedy,el_violation_rate,-0.34375,-0.417578125,-0.2803385416666667
normal_tight,PPO_penalty,Myopic,el_violation_rate,-0.2881944444444444,-0.3411892361111111,-0.2361111111111111
normal_tight,PPO_penalty,Decrease20,el_violation_rate,0.0,0.0,0.0
normal_tight,PPO_penalty,Static,true_violation_rate,-0.1388888888888889,-0.17799479166666668,-0.10069444444444443
normal_tight,PPO_penalty,Greedy,true_violation_rate,-0.06770833333333333,-0.109375,-0.029513888888888867
normal_tight,PPO_penalty,Myopic,true_violation_rate,-0.07118055555555555,-0.11458333333333333,-0.03381076388888893
normal_tight,PPO_penalty,Decrease20,true_violation_rate,0.0,0.0,0.0
normal_tight,PPO_unconstrained,Static,value,555.0191360389844,350.2831862960125,721.2920799941239
normal_tight,PPO_unconstrained,Greedy,value,18.686852885103317,-95.20338775856851,120.11914914543331
normal_tight,PPO_unconstrained,Myopic,value,22.59111603639092,-136.5963330512047,166.88590049923113
normal_tight,PPO_unconstrained,Decrease20,value,-0.20588027220793492,-0.5261873273889108,0.0
normal_tight,PPO_unconstrained,Static,loss,-1080.602921280216,-1243.8515841566375,-902.2581990383827
normal_tight,PPO_unconstrained,Greedy,loss,-475.9271403057983,-564.8143493491506,-380.0881190086518
normal_tight,PPO_unconstrained,Myopic,loss,-478.7347771857442,-595.3395874527536,-348.72744709563625
normal_tight,PPO_unconstrained,Decrease20,loss,0.0,0.0,0.0
normal_tight,PPO_unconstrained,Static,default_rate,0.06944444444444445,0.029427083333333336,0.1111111111111111
normal_tight,PPO_unconstrained,Greedy,default_rate,0.13541666666666666,0.10416666666666667,0.1701388888888889
normal_tight,PPO_unconstrained,Myopic,default_rate,0.1076388888888889,0.06597222222222221,0.1527777777777778
normal_tight,PPO_unconstrained,Decrease20,default_rate,0.0,0.0,0.0
normal_tight,PPO_unconstrained,Static,el_violation_rate,-0.4097222222222222,-0.5,-0.3376302083333334
normal_tight,PPO_unconstrained,Greedy,el_violation_rate,-0.34375,-0.417578125,-0.2803385416666667
normal_tight,PPO_unconstrained,Myopic,el_violation_rate,-0.2881944444444444,-0.3411892361111111,-0.2361111111111111
normal_tight,PPO_unconstrained,Decrease20,el_violation_rate,0.0,0.0,0.0
normal_tight,PPO_unconstrained,Static,true_violation_rate,-0.1388888888888889,-0.17799479166666668,-0.10069444444444443
normal_tight,PPO_unconstrained,Greedy,true_violation_rate,-0.06770833333333333,-0.109375,-0.029513888888888867
normal_tight,PPO_unconstrained,Myopic,true_violation_rate,-0.07118055555555555,-0.11458333333333333,-0.03381076388888893
normal_tight,PPO_unconstrained,Decrease20,true_violation_rate,0.0,0.0,0.0
normal_tight,RiskBased,Static,value,571.3760305061764,395.2181445825836,740.1889791524084
normal_tight,RiskBased,Greedy,value,35.04374735229533,-49.97415627172479,125.143074553153
normal_tight,RiskBased,Myopic,value,38.948010503582935,-93.793644074738,175.9153184915201
normal_tight,RiskBased,Decrease20,value,16.151014194984082,-67.33838863333648,113.25218453918129
normal_tight,RiskBased,Static,loss,-712.680040549838,-872.0574677727503,-546.09705850676
normal_tight,RiskBased,Greedy,loss,-108.00425957542025,-184.61345096983976,-36.49664243354608
normal_tight,RiskBased,Myopic,loss,-110.81189645536621,-240.48991584936957,1.7967738042919152
normal_tight,RiskBased,Decrease20,loss,367.922880730378,295.47204847922495,432.87872339739226
normal_tight,RiskBased,Static,default_rate,-9.25185853854297e-18,-0.03125000000000003,0.03124999999999999
normal_tight,RiskBased,Greedy,default_rate,0.06597222222222222,0.04513888888888889,0.09027777777777778
normal_tight,RiskBased,Myopic,default_rate,0.038194444444444434,0.008593749999999994,0.06944444444444443
normal_tight,RiskBased,Decrease20,default_rate,-0.06944444444444446,-0.10251736111111111,-0.03289930555555565
normal_tight,RiskBased,Static,el_violation_rate,-0.2569444444444444,-0.32903645833333334,-0.1831163194444445
normal_tight,RiskBased,Greedy,el_violation_rate,-0.19097222222222224,-0.25264756944444444,-0.12847222222222224
normal_tight,RiskBased,Myopic,el_violation_rate,-0.13541666666666669,-0.20056423611111113,-0.08068576388888894
normal_tight,RiskBased,Decrease20,el_violation_rate,0.1527777777777778,0.11193576388888889,0.18923611111111116
normal_tight,RiskBased,Static,true_violation_rate,-0.09201388888888888,-0.1241753472222222,-0.0615885416666667
normal_tight,RiskBased,Greedy,true_violation_rate,-0.020833333333333325,-0.05381944444444444,0.010416666666666683
normal_tight,RiskBased,Myopic,true_violation_rate,-0.02430555555555555,-0.06249999999999998,0.012152777777777797
normal_tight,RiskBased,Decrease20,true_violation_rate,0.04687500000000002,0.008680555555555563,0.09201388888888891
normal_tight,Static,Greedy,value,-536.3322831538811,-667.0854455559105,-408.3112711945135
normal_tight,Static,Myopic,value,-532.4280200025935,-673.555872949012,-368.2582975357832
normal_tight,Static,Decrease20,value,-555.2250163111922,-722.0639375632325,-374.38548822207815
normal_tight,Static,Greedy,loss,604.6757809744178,479.73319020390295,726.6159601149113
normal_tight,Static,Myopic,loss,601.8681440944719,446.540113409548,735.0135814557387
normal_tight,Static,Decrease20,loss,1080.6029212802162,900.7205468474308,1248.0875185473571
normal_tight,Static,Greedy,default_rate,0.06597222222222222,0.04513888888888889,0.08862847222222216
normal_tight,Static,Myopic,default_rate,0.03819444444444444,0.006944444444444441,0.07291666666666667
normal_tight,Static,Decrease20,default_rate,-0.06944444444444443,-0.10946180555555556,-0.03125
normal_tight,Static,Greedy,el_violation_rate,0.06597222222222222,0.027777777777777776,0.11284722222222224
normal_tight,Static,Myopic,el_violation_rate,0.12152777777777775,0.06597222222222221,0.17890624999999993
normal_tight,Static,Decrease20,el_violation_rate,0.40972222222222227,0.3385416666666667,0.48875868055555555
normal_tight,Static,Greedy,true_violation_rate,0.07118055555555557,0.0320746527777778,0.10590277777777779
normal_tight,Static,Myopic,true_violation_rate,0.06770833333333333,0.024305555555555556,0.10590277777777779
normal_tight,Static,Decrease20,true_violation_rate,0.1388888888888889,0.10243055555555557,0.17973090277777776
order_fixed,BufferedRiskBased,Static,value,874.5030674678576,655.1346801515236,1117.7107573212995
order_fixed,BufferedRiskBased,Greedy,value,294.60857929898384,97.26917897655596,466.2811182200318
order_fixed,BufferedRiskBased,Myopic,value,281.83414326011496,47.66720100072515,516.6670581024678
order_fixed,BufferedRiskBased,Decrease20,value,182.86196485070732,26.26877758731549,369.44865360749094
order_fixed,BufferedRiskBased,Static,loss,-1027.3943805272504,-1264.4298809328948,-825.000420577637
order_fixed,BufferedRiskBased,Greedy,loss,-388.5007499772137,-531.6813684320329,-230.2496440536372
order_fixed,BufferedRiskBased,Myopic,loss,-433.9741127110085,-635.0194198635759,-232.4186273847333
order_fixed,BufferedRiskBased,Decrease20,loss,276.3335580557281,138.2235481329818,400.3378898693706
order_fixed,BufferedRiskBased,Static,default_rate,-0.05208333333333335,-0.09375000000000003,-0.02083333333333333
order_fixed,BufferedRiskBased,Greedy,default_rate,0.03125,-0.010416666666666657,0.0625
order_fixed,BufferedRiskBased,Myopic,default_rate,0.020833333333333322,-0.010416666666666692,0.052083333333333336
order_fixed,BufferedRiskBased,Decrease20,default_rate,-0.10416666666666666,-0.16666666666666666,-0.05208333333333332
order_fixed,BufferedRiskBased,Static,el_violation_rate,-0.21875000000000006,-0.3100260416666667,-0.13020833333333334
order_fixed,BufferedRiskBased,Greedy,el_violation_rate,-0.16666666666666669,-0.23958333333333334,-0.09375000000000004
order_fixed,BufferedRiskBased,Myopic,el_violation_rate,-0.18229166666666669,-0.23958333333333331,-0.13020833333333337
order_fixed,BufferedRiskBased,Decrease20,el_violation_rate,0.09895833333333334,0.04687500000000001,0.14583333333333337
order_fixed,BufferedRiskBased,Static,true_violation_rate,-0.10416666666666667,-0.14583333333333331,-0.06770833333333334
order_fixed,BufferedRiskBased,Greedy,true_violation_rate,-0.046875,-0.08333333333333334,-0.01041666666666666
order_fixed,BufferedRiskBased,Myopic,true_violation_rate,-0.06770833333333334,-0.109375,-0.026041666666666654
order_fixed,BufferedRiskBased,Decrease20,true_violation_rate,0.010416666666666675,-0.03645833333333333,0.05729166666666668
order_fixed,Decrease20,Static,value,691.6411026171504,432.2190300203484,940.3975565798543
order_fixed,Decrease20,Greedy,value,111.74661444827649,-73.91917421183936,285.0293734552207
order_fixed,Decrease20,Myopic,value,98.97217840940763,-97.83640233333111,316.68890518840306
order_fixed,Decrease20,Static,loss,-1303.7279385829784,-1508.0182806186838,-1101.672092455043
order_fixed,Decrease20,Greedy,loss,-664.8343080329417,-829.3870658835125,-490.09685194688365
order_fixed,Decrease20,Myopic,loss,-710.3076707667366,-869.6852570023736,-560.9456332863942
order_fixed,Decrease20,Static,default_rate,0.052083333333333315,-2.7755575615628914e-17,0.10416666666666664
order_fixed,Decrease20,Greedy,default_rate,0.13541666666666666,0.07786458333333338,0.19791666666666663
order_fixed,Decrease20,Myopic,default_rate,0.12499999999999997,0.0625,0.17708333333333331
order_fixed,Decrease20,Static,el_violation_rate,-0.31770833333333337,-0.4062500000000001,-0.23437500000000006
order_fixed,Decrease20,Greedy,el_violation_rate,-0.265625,-0.3697916666666667,-0.1666666666666667
order_fixed,Decrease20,Myopic,el_violation_rate,-0.28125,-0.3541666666666667,-0.20833333333333337
order_fixed,Decrease20,Static,true_violation_rate,-0.11458333333333334,-0.15104166666666669,-0.07291666666666667
order_fixed,Decrease20,Greedy,true_violation_rate,-0.05729166666666667,-0.08854166666666667,-0.026041666666666678
order_fixed,Decrease20,Myopic,true_violation_rate,-0.07812500000000001,-0.14062500000000003,-0.031249999999999986
order_fixed,Greedy,Static,value,579.894488168874,354.70409117410486,814.0241467164199
order_fixed,Greedy,Myopic,value,-12.774436038868842,-247.2432706098238,205.20058591334242
order_fixed,Greedy,Decrease20,value,-111.74661444827649,-285.0293734552207,73.91917421183919
order_fixed,Greedy,Static,loss,-638.8936305500367,-866.608059206259,-405.4324423686984
order_fixed,Greedy,Myopic,loss,-45.47336273379477,-256.95220392585196,158.78418907680904
order_fixed,Greedy,Decrease20,loss,664.8343080329417,490.0968519468836,829.3870658835125
order_fixed,Greedy,Static,default_rate,-0.08333333333333334,-0.12500000000000003,-0.04166666666666668
order_fixed,Greedy,Myopic,default_rate,-0.010416666666666678,-0.041666666666666685,0.020833333333333322
order_fixed,Greedy,Decrease20,default_rate,-0.13541666666666666,-0.19791666666666663,-0.0778645833333336
order_fixed,Greedy,Static,el_violation_rate,-0.05208333333333334,-0.17708333333333334,0.07291666666666667
order_fixed,Greedy,Myopic,el_violation_rate,-0.015625000000000007,-0.078125,0.04166666666666666
order_fixed,Greedy,Decrease20,el_violation_rate,0.265625,0.1666666666666667,0.3697916666666667
order_fixed,Greedy,Static,true_violation_rate,-0.05729166666666667,-0.09895833333333333,-0.00247395833333346
order_fixed,Greedy,Myopic,true_violation_rate,-0.020833333333333336,-0.06250000000000004,0.020833333333333343
order_fixed,Greedy,Decrease20,true_violation_rate,0.05729166666666667,0.026041666666666678,0.08854166666666667
order_fixed,Myopic,Static,value,592.6689242077427,367.98361742368655,832.6286495304687
order_fixed,Myopic,Greedy,value,12.774436038868842,-205.2005859133425,247.24327060982358
order_fixed,Myopic,Decrease20,value,-98.97217840940763,-316.68890518840306,97.8364023333311
order_fixed,Myopic,Static,loss,-593.4202678162419,-840.7105998227435,-383.75665830119885
order_fixed,Myopic,Greedy,loss,45.47336273379477,-158.78418907680913,256.9522039258518
order_fixed,Myopic,Decrease20,loss,710.3076707667366,560.9456332863941,869.6852570023736
order_fixed,Myopic,Static,default_rate,-0.07291666666666667,-0.11458333333333337,-0.031249999999999993
order_fixed,Myopic,Greedy,default_rate,0.010416666666666678,-0.020833333333333322,0.041666666666666685
order_fixed,Myopic,Decrease20,default_rate,-0.12499999999999997,-0.17708333333333331,-0.0625
order_fixed,Myopic,Static,el_violation_rate,-0.03645833333333334,-0.15625,0.07812499999999999
order_fixed,Myopic,Greedy,el_violation_rate,0.015625000000000007,-0.04166666666666666,0.078125
order_fixed,Myopic,Decrease20,el_violation_rate,0.28125,0.20833333333333337,0.3541666666666667
order_fixed,Myopic,Static,true_violation_rate,-0.03645833333333333,-0.09375000000000001,0.02083333333333337
order_fixed,Myopic,Greedy,true_violation_rate,0.020833333333333336,-0.020833333333333343,0.06250000000000004
order_fixed,Myopic,Decrease20,true_violation_rate,0.07812500000000001,0.031249999999999986,0.14062500000000003
order_fixed,PPO_hard,Static,value,810.8830573961512,543.3568987087488,1119.3515725705324
order_fixed,PPO_hard,Greedy,value,230.98856922727728,16.15382141927594,470.5420736742697
order_fixed,PPO_hard,Myopic,value,218.21413318840845,-15.599543543017699,491.5000429995176
order_fixed,PPO_hard,Decrease20,value,119.24195477900082,-23.68440697501115,311.5390849484621
order_fixed,PPO_hard,Static,loss,-1251.0548173407149,-1485.4009286364903,-1059.54208986615
order_fixed,PPO_hard,Greedy,loss,-612.161186790678,-809.9386538057101,-400.0225217953602
order_fixed,PPO_hard,Myopic,loss,-657.6345495244727,-862.4856018509822,-477.24228681362865
order_fixed,PPO_hard,Decrease20,loss,52.67312124226377,-35.99743878386358,168.81519687665605
order_fixed,PPO_hard,Static,default_rate,-0.017361111111111122,-0.10086805555555557,0.0504340277777777
order_fixed,PPO_hard,Greedy,default_rate,0.06597222222222222,-0.01388888888888888,0.1354166666666667
order_fixed,PPO_hard,Myopic,default_rate,0.05555555555555555,-0.027951388888888876,0.125
order_fixed,PPO_hard,Decrease20,default_rate,-0.06944444444444443,-0.14236111111111108,-0.01041666666666666
order_fixed,PPO_hard,Static,el_violation_rate,-0.2864583333333334,-0.39153645833333345,-0.20047743055555564
order_fixed,PPO_hard,Greedy,el_violation_rate,-0.23437500000000003,-0.3333333333333333,-0.11805555555555558
order_fixed,PPO_hard,Myopic,el_violation_rate,-0.25,-0.32035590277777776,-0.16575520833333338
order_fixed,PPO_hard,Decrease20,el_violation_rate,0.03125000000000001,0.0034722222222222246,0.08159722222222222
order_fixed,PPO_hard,Static,true_violation_rate,-0.11111111111111112,-0.15104166666666666,-0.07118055555555557
order_fixed,PPO_hard,Greedy,true_violation_rate,-0.053819444444444454,-0.08854166666666664,-0.016449652777777827
order_fixed,PPO_hard,Myopic,true_violation_rate,-0.07465277777777779,-0.11805555555555558,-0.03207465277777783
order_fixed,PPO_hard,Decrease20,true_violation_rate,0.0034722222222222225,-0.024305555555555563,0.03736979166666662
order_fixed,PPO_penalty,Static,value,691.6411026171504,457.3849803383788,954.6630514128254
order_fixed,PPO_penalty,Greedy,value,111.74661444827649,-69.9797318190716,273.6557148856898
order_fixed,PPO_penalty,Myopic,value,98.97217840940766,-79.06155184120065,317.1715637368477
order_fixed,PPO_penalty,Decrease20,value,0.0,0.0,0.0
order_fixed,PPO_penalty,Static,loss,-1303.7279385829786,-1512.3029171462174,-1104.3077259960671
order_fixed,PPO_penalty,Greedy,loss,-664.8343080329417,-829.6476240417057,-478.8194301233302
order_fixed,PPO_penalty,Myopic,loss,-710.3076707667365,-874.9969943720216,-571.1409861275342
order_fixed,PPO_penalty,Decrease20,loss,0.0,0.0,0.0
order_fixed,PPO_penalty,Static,default_rate,0.052083333333333315,-2.7755575615628914e-17,0.09375
order_fixed,PPO_penalty,Greedy,default_rate,0.13541666666666666,0.07291666666666667,0.1875
order_fixed,PPO_penalty,Myopic,default_rate,0.12499999999999999,0.0625,0.1770833333333333
order_fixed,PPO_penalty,Decrease20,default_rate,0.0,0.0,0.0
order_fixed,PPO_penalty,Static,el_violation_rate,-0.3177083333333334,-0.4194010416666667,-0.23958333333333337
order_fixed,PPO_penalty,Greedy,el_violation_rate,-0.265625,-0.359375,-0.1639322916666668
order_fixed,PPO_penalty,Myopic,el_violation_rate,-0.28125,-0.34921875,-0.20833333333333337
order_fixed,PPO_penalty,Decrease20,el_violation_rate,0.0,0.0,0.0
order_fixed,PPO_penalty,Static,true_violation_rate,-0.11458333333333333,-0.15104166666666666,-0.07539062500000011
order_fixed,PPO_penalty,Greedy,true_violation_rate,-0.057291666666666664,-0.08854166666666667,-0.026041666666666675
order_fixed,PPO_penalty,Myopic,true_violation_rate,-0.07812500000000001,-0.1354166666666667,-0.020833333333333325
order_fixed,PPO_penalty,Decrease20,true_violation_rate,0.0,0.0,0.0
order_fixed,PPO_unconstrained,Static,value,691.6411026171504,457.3849803383788,954.6630514128254
order_fixed,PPO_unconstrained,Greedy,value,111.74661444827649,-69.9797318190716,273.6557148856898
order_fixed,PPO_unconstrained,Myopic,value,98.97217840940766,-79.06155184120065,317.1715637368477
order_fixed,PPO_unconstrained,Decrease20,value,0.0,0.0,0.0
order_fixed,PPO_unconstrained,Static,loss,-1303.7279385829786,-1512.3029171462174,-1104.3077259960671
order_fixed,PPO_unconstrained,Greedy,loss,-664.8343080329417,-829.6476240417057,-478.8194301233302
order_fixed,PPO_unconstrained,Myopic,loss,-710.3076707667365,-874.9969943720216,-571.1409861275342
order_fixed,PPO_unconstrained,Decrease20,loss,0.0,0.0,0.0
order_fixed,PPO_unconstrained,Static,default_rate,0.052083333333333315,-2.7755575615628914e-17,0.09375
order_fixed,PPO_unconstrained,Greedy,default_rate,0.13541666666666666,0.07291666666666667,0.1875
order_fixed,PPO_unconstrained,Myopic,default_rate,0.12499999999999999,0.0625,0.1770833333333333
order_fixed,PPO_unconstrained,Decrease20,default_rate,0.0,0.0,0.0
order_fixed,PPO_unconstrained,Static,el_violation_rate,-0.3177083333333334,-0.4194010416666667,-0.23958333333333337
order_fixed,PPO_unconstrained,Greedy,el_violation_rate,-0.265625,-0.359375,-0.1639322916666668
order_fixed,PPO_unconstrained,Myopic,el_violation_rate,-0.28125,-0.34921875,-0.20833333333333337
order_fixed,PPO_unconstrained,Decrease20,el_violation_rate,0.0,0.0,0.0
order_fixed,PPO_unconstrained,Static,true_violation_rate,-0.11458333333333333,-0.15104166666666666,-0.07539062500000011
order_fixed,PPO_unconstrained,Greedy,true_violation_rate,-0.057291666666666664,-0.08854166666666667,-0.026041666666666675
order_fixed,PPO_unconstrained,Myopic,true_violation_rate,-0.07812500000000001,-0.1354166666666667,-0.020833333333333325
order_fixed,PPO_unconstrained,Decrease20,true_violation_rate,0.0,0.0,0.0
order_fixed,RiskBased,Static,value,874.5030674678576,655.1346801515236,1117.7107573212995
order_fixed,RiskBased,Greedy,value,294.60857929898384,97.26917897655596,466.2811182200318
order_fixed,RiskBased,Myopic,value,281.83414326011496,47.66720100072515,516.6670581024678
order_fixed,RiskBased,Decrease20,value,182.86196485070732,26.26877758731549,369.44865360749094
order_fixed,RiskBased,Static,loss,-1027.3943805272504,-1264.4298809328948,-825.000420577637
order_fixed,RiskBased,Greedy,loss,-388.5007499772137,-531.6813684320329,-230.2496440536372
order_fixed,RiskBased,Myopic,loss,-433.9741127110085,-635.0194198635759,-232.4186273847333
order_fixed,RiskBased,Decrease20,loss,276.3335580557281,138.2235481329818,400.3378898693706
order_fixed,RiskBased,Static,default_rate,-0.05208333333333335,-0.09375000000000003,-0.02083333333333333
order_fixed,RiskBased,Greedy,default_rate,0.03125,-0.010416666666666657,0.0625
order_fixed,RiskBased,Myopic,default_rate,0.020833333333333322,-0.010416666666666692,0.052083333333333336
order_fixed,RiskBased,Decrease20,default_rate,-0.10416666666666666,-0.16666666666666666,-0.05208333333333332
order_fixed,RiskBased,Static,el_violation_rate,-0.21875000000000006,-0.3100260416666667,-0.13020833333333334
order_fixed,RiskBased,Greedy,el_violation_rate,-0.16666666666666669,-0.23958333333333334,-0.09375000000000004
order_fixed,RiskBased,Myopic,el_violation_rate,-0.18229166666666669,-0.23958333333333331,-0.13020833333333337
order_fixed,RiskBased,Decrease20,el_violation_rate,0.09895833333333334,0.04687500000000001,0.14583333333333337
order_fixed,RiskBased,Static,true_violation_rate,-0.10416666666666667,-0.14583333333333331,-0.06770833333333334
order_fixed,RiskBased,Greedy,true_violation_rate,-0.046875,-0.08333333333333334,-0.01041666666666666
order_fixed,RiskBased,Myopic,true_violation_rate,-0.06770833333333334,-0.109375,-0.026041666666666654
order_fixed,RiskBased,Decrease20,true_violation_rate,0.010416666666666675,-0.03645833333333333,0.05729166666666668
order_fixed,Static,Greedy,value,-579.894488168874,-814.0241467164199,-354.7040911741049
order_fixed,Static,Myopic,value,-592.6689242077427,-832.6286495304687,-367.9836174236866
order_fixed,Static,Decrease20,value,-691.6411026171504,-940.3975565798543,-432.21903002034844
order_fixed,Static,Greedy,loss,638.8936305500367,405.4324423686983,866.608059206259
order_fixed,Static,Myopic,loss,593.4202678162419,383.7566583011987,840.7105998227433
order_fixed,Static,Decrease20,loss,1303.7279385829784,1101.672092455043,1508.0182806186838
order_fixed,Static,Greedy,default_rate,0.08333333333333334,0.04166666666666668,0.12500000000000003
order_fixed,Static,Myopic,default_rate,0.07291666666666667,0.031249999999999993,0.11458333333333337
order_fixed,Static,Decrease20,default_rate,-0.052083333333333315,-0.10416666666666664,2.7755575615628914e-17
order_fixed,Static,Greedy,el_violation_rate,0.05208333333333334,-0.07291666666666667,0.17708333333333334
order_fixed,Static,Myopic,el_violation_rate,0.03645833333333334,-0.07812499999999999,0.15625
order_fixed,Static,Decrease20,el_violation_rate,0.31770833333333337,0.23437500000000006,0.4062500000000001
order_fixed,Static,Greedy,true_violation_rate,0.05729166666666667,0.002473958333333349,0.09895833333333333
order_fixed,Static,Myopic,true_violation_rate,0.03645833333333333,-0.02083333333333337,0.09375000000000001
order_fixed,Static,Decrease20,true_violation_rate,0.11458333333333334,0.07291666666666667,0.15104166666666669
order_reverse,BufferedRiskBased,Static,value,874.5030674678576,655.1346801515236,1117.7107573212995
order_reverse,BufferedRiskBased,Greedy,value,294.60857929898384,97.26917897655596,466.2811182200318
order_reverse,BufferedRiskBased,Myopic,value,277.7686660243248,47.364300756104555,511.84037081036274
order_reverse,BufferedRiskBased,Decrease20,value,182.86196485070732,26.26877758731549,369.44865360749094
order_reverse,BufferedRiskBased,Static,loss,-1027.3943805272504,-1264.4298809328948,-825.000420577637
order_reverse,BufferedRiskBased,Greedy,loss,-388.5007499772137,-531.6813684320329,-230.2496440536372
order_reverse,BufferedRiskBased,Myopic,loss,-430.930454751653,-633.4891211518761,-231.8754164740596
order_reverse,BufferedRiskBased,Decrease20,loss,276.3335580557281,138.2235481329818,400.3378898693706
order_reverse,BufferedRiskBased,Static,default_rate,-0.05208333333333335,-0.09375000000000003,-0.02083333333333333
order_reverse,BufferedRiskBased,Greedy,default_rate,0.03125,-0.010416666666666657,0.0625
order_reverse,BufferedRiskBased,Myopic,default_rate,0.020833333333333322,-0.010416666666666692,0.052083333333333336
order_reverse,BufferedRiskBased,Decrease20,default_rate,-0.10416666666666666,-0.16666666666666666,-0.05208333333333332
order_reverse,BufferedRiskBased,Static,el_violation_rate,-0.21875000000000006,-0.3100260416666667,-0.13020833333333334
order_reverse,BufferedRiskBased,Greedy,el_violation_rate,-0.16666666666666669,-0.23958333333333334,-0.09375000000000004
order_reverse,BufferedRiskBased,Myopic,el_violation_rate,-0.19791666666666669,-0.2579427083333333,-0.13789062500000013
order_reverse,BufferedRiskBased,Decrease20,el_violation_rate,0.09895833333333334,0.04687500000000001,0.14583333333333337
order_reverse,BufferedRiskBased,Static,true_violation_rate,-0.10416666666666667,-0.14583333333333331,-0.06770833333333334
order_reverse,BufferedRiskBased,Greedy,true_violation_rate,-0.046875,-0.08333333333333334,-0.01041666666666666
order_reverse,BufferedRiskBased,Myopic,true_violation_rate,-0.078125,-0.12500000000000003,-0.02604166666666666
order_reverse,BufferedRiskBased,Decrease20,true_violation_rate,0.010416666666666675,-0.03645833333333333,0.05729166666666668
order_reverse,Decrease20,Static,value,691.6411026171504,432.2190300203484,940.3975565798543
order_reverse,Decrease20,Greedy,value,111.74661444827649,-73.91917421183936,285.0293734552207
order_reverse,Decrease20,Myopic,value,94.90670117361748,-94.29551077448163,296.35172654173806
order_reverse,Decrease20,Static,loss,-1303.7279385829784,-1508.0182806186838,-1101.672092455043
order_reverse,Decrease20,Greedy,loss,-664.8343080329417,-829.3870658835125,-490.09685194688365
order_reverse,Decrease20,Myopic,loss,-707.264012807381,-856.1612748669012,-560.1675481034094
order_reverse,Decrease20,Static,default_rate,0.052083333333333315,-2.7755575615628914e-17,0.10416666666666664
order_reverse,Decrease20,Greedy,default_rate,0.13541666666666666,0.07786458333333338,0.19791666666666663
order_reverse,Decrease20,Myopic,default_rate,0.12499999999999997,0.0625,0.17708333333333331
order_reverse,Decrease20,Static,el_violation_rate,-0.31770833333333337,-0.4062500000000001,-0.23437500000000006
order_reverse,Decrease20,Greedy,el_violation_rate,-0.265625,-0.3697916666666667,-0.1666666666666667
order_reverse,Decrease20,Myopic,el_violation_rate,-0.29687500000000006,-0.3673177083333333,-0.22916666666666669
order_reverse,Decrease20,Static,true_violation_rate,-0.11458333333333334,-0.15104166666666669,-0.07291666666666667
order_reverse,Decrease20,Greedy,true_violation_rate,-0.05729166666666667,-0.08854166666666667,-0.026041666666666678
order_reverse,Decrease20,Myopic,true_violation_rate,-0.08854166666666669,-0.1510416666666667,-0.03125
order_reverse,Greedy,Static,value,579.894488168874,354.70409117410486,814.0241467164199
order_reverse,Greedy,Myopic,value,-16.839913274658997,-239.099878072739,199.37892889516934
order_reverse,Greedy,Decrease20,value,-111.74661444827649,-285.0293734552207,73.91917421183919
order_reverse,Greedy,Static,loss,-638.8936305500367,-866.608059206259,-405.4324423686984
order_reverse,Greedy,Myopic,loss,-42.4297047744393,-251.45054539828735,150.66852979714474
order_reverse,Greedy,Decrease20,loss,664.8343080329417,490.0968519468836,829.3870658835125
order_reverse,Greedy,Static,default_rate,-0.08333333333333334,-0.12500000000000003,-0.04166666666666668
order_reverse,Greedy,Myopic,default_rate,-0.010416666666666678,-0.041666666666666685,0.020833333333333322
order_reverse,Greedy,Decrease20,default_rate,-0.13541666666666666,-0.19791666666666663,-0.0778645833333336
order_reverse,Greedy,Static,el_violation_rate,-0.05208333333333334,-0.17708333333333334,0.07291666666666667
order_reverse,Greedy,Myopic,el_violation_rate,-0.03125000000000001,-0.09895833333333331,0.03124999999999999
order_reverse,Greedy,Decrease20,el_violation_rate,0.265625,0.1666666666666667,0.3697916666666667
order_reverse,Greedy,Static,true_violation_rate,-0.05729166666666667,-0.09895833333333333,-0.00247395833333346
order_reverse,Greedy,Myopic,true_violation_rate,-0.031250000000000014,-0.06770833333333337,0.005208333333333347
order_reverse,Greedy,Decrease20,true_violation_rate,0.05729166666666667,0.026041666666666678,0.08854166666666667
order_reverse,Myopic,Static,value,596.734401443533,374.87897923590583,835.7042619560924
order_reverse,Myopic,Greedy,value,16.839913274658997,-199.3789288951695,239.09987807273896
order_reverse,Myopic,Decrease20,value,-94.90670117361748,-296.3517265417382,94.29551077448157
order_reverse,Myopic,Static,loss,-596.4639257755974,-844.0765431902265,-380.7215371277184
order_reverse,Myopic,Greedy,loss,42.4297047744393,-150.6685297971449,251.45054539828718
order_reverse,Myopic,Decrease20,loss,707.264012807381,560.1675481034094,856.1612748669011
order_reverse,Myopic,Static,default_rate,-0.07291666666666667,-0.11458333333333337,-0.031249999999999993
order_reverse,Myopic,Greedy,default_rate,0.010416666666666678,-0.020833333333333322,0.041666666666666685
order_reverse,Myopic,Decrease20,default_rate,-0.12499999999999997,-0.17708333333333331,-0.0625
order_reverse,Myopic,Static,el_violation_rate,-0.020833333333333336,-0.15104166666666669,0.09648437499999989
order_reverse,Myopic,Greedy,el_violation_rate,0.03125000000000001,-0.03124999999999999,0.09895833333333331
order_reverse,Myopic,Decrease20,el_violation_rate,0.29687500000000006,0.22916666666666669,0.3673177083333332
order_reverse,Myopic,Static,true_violation_rate,-0.026041666666666654,-0.09375,0.04166666666666669
order_reverse,Myopic,Greedy,true_violation_rate,0.031250000000000014,-0.005208333333333347,0.06770833333333337
order_reverse,Myopic,Decrease20,true_violation_rate,0.08854166666666669,0.03125,0.1510416666666667
order_reverse,PPO_hard,Static,value,776.8733804098364,527.6473999614497,1078.4949693788542
order_reverse,PPO_hard,Greedy,value,196.97889224096244,-2.97579637055085,392.4973400006769
order_reverse,PPO_hard,Myopic,value,180.13897896630343,-21.210923590049614,398.9967222207166
order_reverse,PPO_hard,Decrease20,value,85.23227779268593,-23.68440697501115,226.62224490862562
order_reverse,PPO_hard,Static,loss,-1225.5476035699605,-1452.9799616968405,-1032.0331779738242
order_reverse,PPO_hard,Greedy,loss,-586.6539730199238,-770.0995883131277,-384.1944424662363
order_reverse,PPO_hard,Myopic,loss,-629.0836777943631,-797.2911411714815,-470.8963341003669
order_reverse,PPO_hard,Decrease20,loss,78.180335013018,0.0,185.58752325300543
order_reverse,PPO_hard,Static,default_rate,-9.25185853854297e-18,-0.06250000000000003,0.05555555555555555
order_reverse,PPO_hard,Greedy,default_rate,0.08333333333333333,0.034722222222222224,0.14583333333333334
order_reverse,PPO_hard,Myopic,default_rate,0.07291666666666666,0.0173611111111111,0.13541666666666663
order_reverse,PPO_hard,Decrease20,default_rate,-0.05208333333333332,-0.10416666666666666,-0.01041666666666666
order_reverse,PPO_hard,Static,el_violation_rate,-0.2864583333333334,-0.39153645833333345,-0.20047743055555564
order_reverse,PPO_hard,Greedy,el_violation_rate,-0.23437500000000003,-0.3333333333333333,-0.11805555555555558
order_reverse,PPO_hard,Myopic,el_violation_rate,-0.26562500000000006,-0.34027777777777785,-0.17178819444444457
order_reverse,PPO_hard,Decrease20,el_violation_rate,0.03125000000000001,0.0034722222222222246,0.08159722222222222
order_reverse,PPO_hard,Static,true_violation_rate,-0.11458333333333336,-0.1545138888888889,-0.07547743055555559
order_reverse,PPO_hard,Greedy,true_violation_rate,-0.057291666666666664,-0.08506944444444446,-0.026041666666666678
order_reverse,PPO_hard,Myopic,true_violation_rate,-0.08854166666666667,-0.13111979166666674,-0.03645833333333333
order_reverse,PPO_hard,Decrease20,true_violation_rate,-1.1564823173178713e-18,-0.029513888888888864,0.031249999999999997
order_reverse,PPO_penalty,Static,value,691.6411026171504,457.3849803383788,954.6630514128254
order_reverse,PPO_penalty,Greedy,value,111.74661444827649,-69.9797318190716,273.6557148856898
order_reverse,PPO_penalty,Myopic,value,94.90670117361749,-72.75511010373145,296.540997101373
order_reverse,PPO_penalty,Decrease20,value,0.0,0.0,0.0
order_reverse,PPO_penalty,Static,loss,-1303.7279385829786,-1512.3029171462174,-1104.3077259960671
order_reverse,PPO_penalty,Greedy,loss,-664.8343080329417,-829.6476240417057,-478.8194301233302
order_reverse,PPO_penalty,Myopic,loss,-707.2640128073812,-865.2154938372055,-576.363459065657
order_reverse,PPO_penalty,Decrease20,loss,0.0,0.0,0.0
order_reverse,PPO_penalty,Static,default_rate,0.052083333333333315,-2.7755575615628914e-17,0.09375
order_reverse,PPO_penalty,Greedy,default_rate,0.13541666666666666,0.07291666666666667,0.1875
order_reverse,PPO_penalty,Myopic,default_rate,0.12499999999999999,0.0625,0.1770833333333333
order_reverse,PPO_penalty,Decrease20,default_rate,0.0,0.0,0.0
order_reverse,PPO_penalty,Static,el_violation_rate,-0.3177083333333334,-0.4194010416666667,-0.23958333333333337
order_reverse,PPO_penalty,Greedy,el_violation_rate,-0.265625,-0.359375,-0.1639322916666668
order_reverse,PPO_penalty,Myopic,el_violation_rate,-0.296875,-0.3645833333333333,-0.22122395833333347
order_reverse,PPO_penalty,Decrease20,el_violation_rate,0.0,0.0,0.0
order_reverse,PPO_penalty,Static,true_violation_rate,-0.11458333333333333,-0.15104166666666666,-0.07539062500000011
order_reverse,PPO_penalty,Greedy,true_violation_rate,-0.057291666666666664,-0.08854166666666667,-0.026041666666666675
order_reverse,PPO_penalty,Myopic,true_violation_rate,-0.08854166666666669,-0.14583333333333337,-0.026041666666666668
order_reverse,PPO_penalty,Decrease20,true_violation_rate,0.0,0.0,0.0
order_reverse,PPO_unconstrained,Static,value,691.6411026171504,457.3849803383788,954.6630514128254
order_reverse,PPO_unconstrained,Greedy,value,111.74661444827649,-69.9797318190716,273.6557148856898
order_reverse,PPO_unconstrained,Myopic,value,94.90670117361749,-72.75511010373145,296.540997101373
order_reverse,PPO_unconstrained,Decrease20,value,0.0,0.0,0.0
order_reverse,PPO_unconstrained,Static,loss,-1303.7279385829786,-1512.3029171462174,-1104.3077259960671
order_reverse,PPO_unconstrained,Greedy,loss,-664.8343080329417,-829.6476240417057,-478.8194301233302
order_reverse,PPO_unconstrained,Myopic,loss,-707.2640128073812,-865.2154938372055,-576.363459065657
order_reverse,PPO_unconstrained,Decrease20,loss,0.0,0.0,0.0
order_reverse,PPO_unconstrained,Static,default_rate,0.052083333333333315,-2.7755575615628914e-17,0.09375
order_reverse,PPO_unconstrained,Greedy,default_rate,0.13541666666666666,0.07291666666666667,0.1875
order_reverse,PPO_unconstrained,Myopic,default_rate,0.12499999999999999,0.0625,0.1770833333333333
order_reverse,PPO_unconstrained,Decrease20,default_rate,0.0,0.0,0.0
order_reverse,PPO_unconstrained,Static,el_violation_rate,-0.3177083333333334,-0.4194010416666667,-0.23958333333333337
order_reverse,PPO_unconstrained,Greedy,el_violation_rate,-0.265625,-0.359375,-0.1639322916666668
order_reverse,PPO_unconstrained,Myopic,el_violation_rate,-0.296875,-0.3645833333333333,-0.22122395833333347
order_reverse,PPO_unconstrained,Decrease20,el_violation_rate,0.0,0.0,0.0
order_reverse,PPO_unconstrained,Static,true_violation_rate,-0.11458333333333333,-0.15104166666666666,-0.07539062500000011
order_reverse,PPO_unconstrained,Greedy,true_violation_rate,-0.057291666666666664,-0.08854166666666667,-0.026041666666666675
order_reverse,PPO_unconstrained,Myopic,true_violation_rate,-0.08854166666666669,-0.14583333333333337,-0.026041666666666668
order_reverse,PPO_unconstrained,Decrease20,true_violation_rate,0.0,0.0,0.0
order_reverse,RiskBased,Static,value,874.5030674678576,655.1346801515236,1117.7107573212995
order_reverse,RiskBased,Greedy,value,294.60857929898384,97.26917897655596,466.2811182200318
order_reverse,RiskBased,Myopic,value,277.7686660243248,47.364300756104555,511.84037081036274
order_reverse,RiskBased,Decrease20,value,182.86196485070732,26.26877758731549,369.44865360749094
order_reverse,RiskBased,Static,loss,-1027.3943805272504,-1264.4298809328948,-825.000420577637
order_reverse,RiskBased,Greedy,loss,-388.5007499772137,-531.6813684320329,-230.2496440536372
order_reverse,RiskBased,Myopic,loss,-430.930454751653,-633.4891211518761,-231.8754164740596
order_reverse,RiskBased,Decrease20,loss,276.3335580557281,138.2235481329818,400.3378898693706
order_reverse,RiskBased,Static,default_rate,-0.05208333333333335,-0.09375000000000003,-0.02083333333333333
order_reverse,RiskBased,Greedy,default_rate,0.03125,-0.010416666666666657,0.0625
order_reverse,RiskBased,Myopic,default_rate,0.020833333333333322,-0.010416666666666692,0.052083333333333336
order_reverse,RiskBased,Decrease20,default_rate,-0.10416666666666666,-0.16666666666666666,-0.05208333333333332
order_reverse,RiskBased,Static,el_violation_rate,-0.21875000000000006,-0.3100260416666667,-0.13020833333333334
order_reverse,RiskBased,Greedy,el_violation_rate,-0.16666666666666669,-0.23958333333333334,-0.09375000000000004
order_reverse,RiskBased,Myopic,el_violation_rate,-0.19791666666666669,-0.2579427083333333,-0.13789062500000013
order_reverse,RiskBased,Decrease20,el_violation_rate,0.09895833333333334,0.04687500000000001,0.14583333333333337
order_reverse,RiskBased,Static,true_violation_rate,-0.10416666666666667,-0.14583333333333331,-0.06770833333333334
order_reverse,RiskBased,Greedy,true_violation_rate,-0.046875,-0.08333333333333334,-0.01041666666666666
order_reverse,RiskBased,Myopic,true_violation_rate,-0.078125,-0.12500000000000003,-0.02604166666666666
order_reverse,RiskBased,Decrease20,true_violation_rate,0.010416666666666675,-0.03645833333333333,0.05729166666666668
order_reverse,Static,Greedy,value,-579.894488168874,-814.0241467164199,-354.7040911741049
order_reverse,Static,Myopic,value,-596.734401443533,-835.7042619560924,-374.87897923590583
order_reverse,Static,Decrease20,value,-691.6411026171504,-940.3975565798543,-432.21903002034844
order_reverse,Static,Greedy,loss,638.8936305500367,405.4324423686983,866.608059206259
order_reverse,Static,Myopic,loss,596.4639257755974,380.72153712771836,844.0765431902264
order_reverse,Static,Decrease20,loss,1303.7279385829784,1101.672092455043,1508.0182806186838
order_reverse,Static,Greedy,default_rate,0.08333333333333334,0.04166666666666668,0.12500000000000003
order_reverse,Static,Myopic,default_rate,0.07291666666666667,0.031249999999999993,0.11458333333333337
order_reverse,Static,Decrease20,default_rate,-0.052083333333333315,-0.10416666666666664,2.7755575615628914e-17
order_reverse,Static,Greedy,el_violation_rate,0.05208333333333334,-0.07291666666666667,0.17708333333333334
order_reverse,Static,Myopic,el_violation_rate,0.020833333333333336,-0.096484375,0.15104166666666669
order_reverse,Static,Decrease20,el_violation_rate,0.31770833333333337,0.23437500000000006,0.4062500000000001
order_reverse,Static,Greedy,true_violation_rate,0.05729166666666667,0.002473958333333349,0.09895833333333333
order_reverse,Static,Myopic,true_violation_rate,0.026041666666666654,-0.04166666666666669,0.09375
order_reverse,Static,Decrease20,true_violation_rate,0.11458333333333334,0.07291666666666667,0.15104166666666669
pd_noise,BufferedRiskBased,Static,value,753.097564541011,580.6059203331192,912.1791641024452
pd_noise,BufferedRiskBased,Greedy,value,120.82899311593775,-94.67102934852267,345.7663686339762
pd_noise,BufferedRiskBased,Myopic,value,224.9456131208388,-12.87690512289209,482.3177454432816
pd_noise,BufferedRiskBased,Decrease20,value,61.45646192386065,-110.43173961303164,222.177203210747
pd_noise,BufferedRiskBased,Static,loss,-913.3727501946987,-1058.751380169162,-771.4305781508331
pd_noise,BufferedRiskBased,Greedy,loss,-236.07487704939783,-410.099155287592,-54.322925453579685
pd_noise,BufferedRiskBased,Myopic,loss,-387.0967041002245,-633.0223308027615,-159.16124257001863
pd_noise,BufferedRiskBased,Decrease20,loss,390.35518838827966,283.94732165833466,513.4540760880129
pd_noise,BufferedRiskBased,Static,default_rate,-0.041666666666666664,-0.06250000000000003,-0.010416666666666671
pd_noise,BufferedRiskBased,Greedy,default_rate,0.04166666666666667,1.0234868508263172e-17,0.07291666666666669
pd_noise,BufferedRiskBased,Myopic,default_rate,0.020833333333333336,-0.015885416666666666,0.052083333333333356
pd_noise,BufferedRiskBased,Decrease20,default_rate,-0.09374999999999997,-0.14583333333333331,-0.04166666666666666
pd_noise,BufferedRiskBased,Static,el_violation_rate,-0.21354166666666669,-0.27083333333333337,-0.15625
pd_noise,BufferedRiskBased,Greedy,el_violation_rate,-0.16666666666666669,-0.252734375,-0.07812499999999999
pd_noise,BufferedRiskBased,Myopic,el_violation_rate,-0.18229166666666666,-0.25520833333333337,-0.10937499999999999
pd_noise,BufferedRiskBased,Decrease20,el_violation_rate,0.12500000000000003,0.08333333333333337,0.16145833333333337
pd_noise,BufferedRiskBased,Static,true_violation_rate,-0.09895833333333333,-0.14335937499999998,-0.057291666666666664
pd_noise,BufferedRiskBased,Greedy,true_violation_rate,-0.052083333333333336,-0.09375,-0.010416666666666661
pd_noise,BufferedRiskBased,Myopic,true_violation_rate,-0.07812500000000003,-0.1041666666666667,-0.04687500000000001
pd_noise,BufferedRiskBased,Decrease20,true_violation_rate,0.015624999999999998,-0.026041666666666657,0.0625
pd_noise,Decrease20,Static,value,691.6411026171504,432.2190300203484,940.3975565798543
pd_noise,Decrease20,Greedy,value,59.37253119207711,-106.25188436696503,224.74889014066954
pd_noise,Decrease20,Myopic,value,163.48915119697816,-73.54997817994607,427.88699594226864
pd_noise,Decrease20,Static,loss,-1303.7279385829784,-1508.0182806186838,-1101.672092455043
pd_noise,Decrease20,Greedy,loss,-626.4300654376775,-754.4838434838896,-478.4498294695596
pd_noise,Decrease20,Myopic,loss,-777.4518924885042,-1009.9141303845579,-570.7031649347347
pd_noise,Decrease20,Static,default_rate,0.052083333333333315,-2.7755575615628914e-17,0.10416666666666664
pd_noise,Decrease20,Greedy,default_rate,0.13541666666666666,0.07786458333333335,0.19791666666666663
pd_noise,Decrease20,Myopic,default_rate,0.11458333333333331,0.041666666666666664,0.17708333333333331
pd_noise,Decrease20,Static,el_violation_rate,-0.3385416666666667,-0.393359375,-0.28125
pd_noise,Decrease20,Greedy,el_violation_rate,-0.2916666666666667,-0.393359375,-0.18750000000000006
pd_noise,Decrease20,Myopic,el_violation_rate,-0.3072916666666667,-0.3854166666666667,-0.21875
pd_noise,Decrease20,Static,true_violation_rate,-0.11458333333333334,-0.15104166666666669,-0.07291666666666667
pd_noise,Decrease20,Greedy,true_violation_rate,-0.06770833333333334,-0.09375,-0.03893229166666679
pd_noise,Decrease20,Myopic,true_violation_rate,-0.09375000000000003,-0.1510416666666667,-0.052083333333333356
pd_noise,Greedy,Static,value,632.2685714250733,443.27218957747823,852.5372400731488
pd_noise,Greedy,Myopic,value,104.11662000490104,-86.95794594644713,309.6622874118225
pd_noise,Greedy,Decrease20,value,-59.37253119207711,-224.74889014066957,106.25188436696499
pd_noise,Greedy,Static,loss,-677.2978731453011,-879.6637752097511,-490.01642782957566
pd_noise,Greedy,Myopic,loss,-151.0218270508267,-341.82921701653,13.729084809325396
pd_noise,Greedy,Decrease20,loss,626.4300654376775,478.4498294695596,754.4838434838896
pd_noise,Greedy,Static,default_rate,-0.08333333333333334,-0.12500000000000003,-0.04166666666666666
pd_noise,Greedy,Myopic,default_rate,-0.020833333333333336,-0.05208333333333335,0.010416666666666671
pd_noise,Greedy,Decrease20,default_rate,-0.13541666666666666,-0.19791666666666663,-0.07786458333333357
pd_noise,Greedy,Static,el_violation_rate,-0.04687499999999999,-0.13815104166666667,0.03645833333333335
pd_noise,Greedy,Myopic,el_violation_rate,-0.015625,-0.078125,0.04166666666666668
pd_noise,Greedy,Decrease20,el_violation_rate,0.2916666666666667,0.18750000000000006,0.3933593749999999
pd_noise,Greedy,Static,true_violation_rate,-0.04687500000000001,-0.09375,0.007942708333333208
pd_noise,Greedy,Myopic,true_violation_rate,-0.026041666666666685,-0.06523437500000004,0.01041666666666666
pd_noise,Greedy,Decrease20,true_violation_rate,0.06770833333333334,0.03893229166666668,0.09375
pd_noise,Myopic,Static,value,528.1519514201723,273.19408310065234,789.8414472367973
pd_noise,Myopic,Greedy,value,-104.11662000490104,-309.66228741182255,86.95794594644704
pd_noise,Myopic,Decrease20,value,-163.48915119697816,-427.88699594226875,73.549978179946
pd_noise,Myopic,Static,loss,-526.2760460944743,-784.264789692974,-280.62422552115925
pd_noise,Myopic,Greedy,loss,151.0218270508267,-13.729084809325402,341.82921701653
pd_noise,Myopic,Decrease20,loss,777.4518924885042,570.7031649347347,1009.9141303845578
pd_noise,Myopic,Static,default_rate,-0.0625,-0.11458333333333336,-0.010416666666666644
pd_noise,Myopic,Greedy,default_rate,0.020833333333333336,-0.010416666666666671,0.05208333333333335
pd_noise,Myopic,Decrease20,default_rate,-0.11458333333333331,-0.17708333333333331,-0.041666666666666664
pd_noise,Myopic,Static,el_violation_rate,-0.031249999999999993,-0.11979166666666667,0.05208333333333334
pd_noise,Myopic,Greedy,el_violation_rate,0.015625,-0.04166666666666668,0.078125
pd_noise,Myopic,Decrease20,el_violation_rate,0.3072916666666667,0.21875,0.3854166666666667
pd_noise,Myopic,Static,true_violation_rate,-0.02083333333333332,-0.08333333333333333,0.03645833333333334
pd_noise,Myopic,Greedy,true_violation_rate,0.026041666666666685,-0.01041666666666666,0.06523437499999993
pd_noise,Myopic,Decrease20,true_violation_rate,0.09375000000000003,0.052083333333333356,0.1510416666666667
pd_noise,PPO_hard,Static,value,776.0398758339543,538.7485796150435,1050.478628642443
pd_noise,PPO_hard,Greedy,value,143.77130440888106,-51.75108874573824,337.4549921112232
pd_noise,PPO_hard,Myopic,value,247.88792441378212,4.005596094943849,524.865045221931
pd_noise,PPO_hard,Decrease20,value,84.39877321680397,-25.327556729845725,223.30434554585386
pd_noise,PPO_hard,Static,loss,-1220.7197180342562,-1441.989143042411,-1038.7504902918706
pd_noise,PPO_hard,Greedy,loss,-543.421844888955,-701.1781080223542,-379.393006681797
pd_noise,PPO_hard,Myopic,loss,-694.4436719397818,-939.2534914813673,-476.37001500852153
pd_noise,PPO_hard,Decrease20,loss,83.00822054872249,2.199253855033257,196.72236498974786
pd_noise,PPO_hard,Static,default_rate,-0.006944444444444457,-0.06597222222222227,0.05208333333333332
pd_noise,PPO_hard,Greedy,default_rate,0.07638888888888888,0.024305555555555542,0.13888888888888887
pd_noise,PPO_hard,Myopic,default_rate,0.055555555555555546,-0.013888888888888905,0.1268229166666666
pd_noise,PPO_hard,Decrease20,default_rate,-0.05902777777777777,-0.12152777777777775,-0.01041666666666666
pd_noise,PPO_hard,Static,el_violation_rate,-0.30034722222222227,-0.37673611111111116,-0.23437500000000003
pd_noise,PPO_hard,Greedy,el_violation_rate,-0.25347222222222227,-0.34375,-0.14756944444444448
pd_noise,PPO_hard,Myopic,el_violation_rate,-0.26909722222222227,-0.34027777777777785,-0.1795572916666668
pd_noise,PPO_hard,Decrease20,el_violation_rate,0.03819444444444444,0.006944444444444441,0.08424479166666662
pd_noise,PPO_hard,Static,true_violation_rate,-0.11284722222222221,-0.14756944444444445,-0.07547743055555559
pd_noise,PPO_hard,Greedy,true_violation_rate,-0.06597222222222222,-0.10243055555555554,-0.03554687500000004
pd_noise,PPO_hard,Myopic,true_violation_rate,-0.09201388888888891,-0.12500000000000003,-0.05555555555555555
pd_noise,PPO_hard,Decrease20,true_violation_rate,0.0017361111111111119,-0.027777777777777773,0.03472222222222221
pd_noise,PPO_penalty,Static,value,691.6411026171504,457.3849803383788,954.6630514128254
pd_noise,PPO_penalty,Greedy,value,59.37253119207711,-110.3483596411916,197.98087081740792
pd_noise,PPO_penalty,Myopic,value,163.48915119697816,-62.57158454408895,420.70432700968007
pd_noise,PPO_penalty,Decrease20,value,0.0,0.0,0.0
pd_noise,PPO_penalty,Static,loss,-1303.7279385829786,-1512.3029171462174,-1104.3077259960671
pd_noise,PPO_penalty,Greedy,loss,-626.4300654376775,-753.8096548485828,-457.05054552962565
pd_noise,PPO_penalty,Myopic,loss,-777.4518924885042,-1008.9021879361641,-580.812719170844
pd_noise,PPO_penalty,Decrease20,loss,0.0,0.0,0.0
pd_noise,PPO_penalty,Static,default_rate,0.052083333333333315,-2.7755575615628914e-17,0.09375
pd_noise,PPO_penalty,Greedy,default_rate,0.13541666666666666,0.08333333333333331,0.1875
pd_noise,PPO_penalty,Myopic,default_rate,0.11458333333333331,0.04166666666666665,0.1770833333333333
pd_noise,PPO_penalty,Decrease20,default_rate,0.0,0.0,0.0
pd_noise,PPO_penalty,Static,el_violation_rate,-0.3385416666666667,-0.3985677083333333,-0.2864583333333333
pd_noise,PPO_penalty,Greedy,el_violation_rate,-0.2916666666666667,-0.390625,-0.19791666666666669
pd_noise,PPO_penalty,Myopic,el_violation_rate,-0.3072916666666667,-0.3802083333333333,-0.22395833333333334
pd_noise,PPO_penalty,Decrease20,el_violation_rate,0.0,0.0,0.0
pd_noise,PPO_penalty,Static,true_violation_rate,-0.11458333333333333,-0.15104166666666666,-0.07539062500000011
pd_noise,PPO_penalty,Greedy,true_violation_rate,-0.06770833333333333,-0.09375,-0.04166666666666667
pd_noise,PPO_penalty,Myopic,true_violation_rate,-0.09375000000000004,-0.14583333333333337,-0.052083333333333336
pd_noise,PPO_penalty,Decrease20,true_violation_rate,0.0,0.0,0.0
pd_noise,PPO_unconstrained,Static,value,691.6411026171504,457.3849803383788,954.6630514128254
pd_noise,PPO_unconstrained,Greedy,value,59.37253119207711,-110.3483596411916,197.98087081740792
pd_noise,PPO_unconstrained,Myopic,value,163.48915119697816,-62.57158454408895,420.70432700968007
pd_noise,PPO_unconstrained,Decrease20,value,0.0,0.0,0.0
pd_noise,PPO_unconstrained,Static,loss,-1303.7279385829786,-1512.3029171462174,-1104.3077259960671
pd_noise,PPO_unconstrained,Greedy,loss,-626.4300654376775,-753.8096548485828,-457.05054552962565
pd_noise,PPO_unconstrained,Myopic,loss,-777.4518924885042,-1008.9021879361641,-580.812719170844
pd_noise,PPO_unconstrained,Decrease20,loss,0.0,0.0,0.0
pd_noise,PPO_unconstrained,Static,default_rate,0.052083333333333315,-2.7755575615628914e-17,0.09375
pd_noise,PPO_unconstrained,Greedy,default_rate,0.13541666666666666,0.08333333333333331,0.1875
pd_noise,PPO_unconstrained,Myopic,default_rate,0.11458333333333331,0.04166666666666665,0.1770833333333333
pd_noise,PPO_unconstrained,Decrease20,default_rate,0.0,0.0,0.0
pd_noise,PPO_unconstrained,Static,el_violation_rate,-0.3385416666666667,-0.3985677083333333,-0.2864583333333333
pd_noise,PPO_unconstrained,Greedy,el_violation_rate,-0.2916666666666667,-0.390625,-0.19791666666666669
pd_noise,PPO_unconstrained,Myopic,el_violation_rate,-0.3072916666666667,-0.3802083333333333,-0.22395833333333334
pd_noise,PPO_unconstrained,Decrease20,el_violation_rate,0.0,0.0,0.0
pd_noise,PPO_unconstrained,Static,true_violation_rate,-0.11458333333333333,-0.15104166666666666,-0.07539062500000011
pd_noise,PPO_unconstrained,Greedy,true_violation_rate,-0.06770833333333333,-0.09375,-0.04166666666666667
pd_noise,PPO_unconstrained,Myopic,true_violation_rate,-0.09375000000000004,-0.14583333333333337,-0.052083333333333336
pd_noise,PPO_unconstrained,Decrease20,true_violation_rate,0.0,0.0,0.0
pd_noise,RiskBased,Static,value,753.097564541011,580.6059203331192,912.1791641024452
pd_noise,RiskBased,Greedy,value,120.82899311593775,-94.67102934852267,345.7663686339762
pd_noise,RiskBased,Myopic,value,224.9456131208388,-12.87690512289209,482.3177454432816
pd_noise,RiskBased,Decrease20,value,61.45646192386065,-110.43173961303164,222.177203210747
pd_noise,RiskBased,Static,loss,-913.3727501946987,-1058.751380169162,-771.4305781508331
pd_noise,RiskBased,Greedy,loss,-236.07487704939783,-410.099155287592,-54.322925453579685
pd_noise,RiskBased,Myopic,loss,-387.0967041002245,-633.0223308027615,-159.16124257001863
pd_noise,RiskBased,Decrease20,loss,390.35518838827966,283.94732165833466,513.4540760880129
pd_noise,RiskBased,Static,default_rate,-0.041666666666666664,-0.06250000000000003,-0.010416666666666671
pd_noise,RiskBased,Greedy,default_rate,0.04166666666666667,1.0234868508263172e-17,0.07291666666666669
pd_noise,RiskBased,Myopic,default_rate,0.020833333333333336,-0.015885416666666666,0.052083333333333356
pd_noise,RiskBased,Decrease20,default_rate,-0.09374999999999997,-0.14583333333333331,-0.04166666666666666
pd_noise,RiskBased,Static,el_violation_rate,-0.21354166666666669,-0.27083333333333337,-0.15625
pd_noise,RiskBased,Greedy,el_violation_rate,-0.16666666666666669,-0.252734375,-0.07812499999999999
pd_noise,RiskBased,Myopic,el_violation_rate,-0.18229166666666666,-0.25520833333333337,-0.10937499999999999
pd_noise,RiskBased,Decrease20,el_violation_rate,0.12500000000000003,0.08333333333333337,0.16145833333333337
pd_noise,RiskBased,Static,true_violation_rate,-0.09895833333333333,-0.14335937499999998,-0.057291666666666664
pd_noise,RiskBased,Greedy,true_violation_rate,-0.052083333333333336,-0.09375,-0.010416666666666661
pd_noise,RiskBased,Myopic,true_violation_rate,-0.07812500000000003,-0.1041666666666667,-0.04687500000000001
pd_noise,RiskBased,Decrease20,true_violation_rate,0.015624999999999998,-0.026041666666666657,0.0625
pd_noise,Static,Greedy,value,-632.2685714250733,-852.5372400731488,-443.27218957747823
pd_noise,Static,Myopic,value,-528.1519514201723,-789.8414472367973,-273.19408310065245
pd_noise,Static,Decrease20,value,-691.6411026171504,-940.3975565798543,-432.21903002034844
pd_noise,Static,Greedy,loss,677.2978731453011,490.01642782957566,879.663775209751
pd_noise,Static,Myopic,loss,526.2760460944743,280.62422552115925,784.2647896929737
pd_noise,Static,Decrease20,loss,1303.7279385829784,1101.672092455043,1508.0182806186838
pd_noise,Static,Greedy,default_rate,0.08333333333333334,0.04166666666666666,0.12500000000000003
pd_noise,Static,Myopic,default_rate,0.0625,0.010416666666666644,0.11458333333333336
pd_noise,Static,Decrease20,default_rate,-0.052083333333333315,-0.10416666666666664,2.7755575615628914e-17
pd_noise,Static,Greedy,el_violation_rate,0.04687499999999999,-0.03645833333333335,0.13815104166666656
pd_noise,Static,Myopic,el_violation_rate,0.031249999999999993,-0.05208333333333334,0.11979166666666667
pd_noise,Static,Decrease20,el_violation_rate,0.3385416666666667,0.28125,0.3933593749999999
pd_noise,Static,Greedy,true_violation_rate,0.04687500000000001,-0.007942708333333319,0.09375
pd_noise,Static,Myopic,true_violation_rate,0.02083333333333332,-0.03645833333333334,0.08333333333333333
pd_noise,Static,Decrease20,true_violation_rate,0.11458333333333334,0.07291666666666667,0.15104166666666669
pd_over,BufferedRiskBased,Static,value,871.991717363196,658.1323884161914,1111.0692357042763
pd_over,BufferedRiskBased,Greedy,value,160.337589791713,-29.016815013509042,348.5143425092696
pd_over,BufferedRiskBased,Myopic,value,202.17383881348562,34.606629456237314,374.2413858764102
pd_over,BufferedRiskBased,Decrease20,value,224.78438564422703,80.51414444238577,357.6291039780224
pd_over,BufferedRiskBased,Static,loss,-1132.3978328394915,-1339.6020490798135,-956.3952785838582
pd_over,BufferedRiskBased,Greedy,loss,-313.8414260013908,-463.0245191068306,-165.88131416422343
pd_over,BufferedRiskBased,Myopic,loss,-365.7470894362131,-510.14059036844435,-224.51152109573488
pd_over,BufferedRiskBased,Decrease20,loss,119.68899592348666,30.796134948994286,200.1262442168401
pd_over,BufferedRiskBased,Static,default_rate,-0.0625,-0.09375000000000004,-0.020833333333333336
pd_over,BufferedRiskBased,Greedy,default_rate,0.041666666666666664,0.015364583333333341,0.07291666666666664
pd_over,BufferedRiskBased,Myopic,default_rate,-0.010416666666666671,-0.031250000000000014,0.0
pd_over,BufferedRiskBased,Decrease20,default_rate,-0.125,-0.17708333333333331,-0.07291666666666667
pd_over,BufferedRiskBased,Static,el_violation_rate,-0.3697916666666667,-0.43750000000000006,-0.3020833333333333
pd_over,BufferedRiskBased,Greedy,el_violation_rate,-0.2552083333333333,-0.2864583333333333,-0.22395833333333331
pd_over,BufferedRiskBased,Myopic,el_violation_rate,-0.20833333333333331,-0.2552083333333333,-0.16666666666666666
pd_over,BufferedRiskBased,Decrease20,el_violation_rate,0.06770833333333336,0.02604166666666669,0.10937500000000003
pd_over,BufferedRiskBased,Static,true_violation_rate,-0.09895833333333334,-0.140625,-0.05729166666666668
pd_over,BufferedRiskBased,Greedy,true_violation_rate,-0.036458333333333336,-0.07291666666666667,-0.005208333333333337
pd_over,BufferedRiskBased,Myopic,true_violation_rate,-0.03645833333333335,-0.06770833333333334,-0.010416666666666675
pd_over,BufferedRiskBased,Decrease20,true_violation_rate,-0.015625,-0.06249999999999997,0.0391927083333332
pd_over,Decrease20,Static,value,647.207331718969,403.0614439520967,890.9846357191753
pd_over,Decrease20,Greedy,value,-64.44679585251406,-221.36092738162876,64.58967746913532
pd_over,Decrease20,Myopic,value,-22.61054683074142,-169.5693568939166,142.34147974128268
pd_over,Decrease20,Static,loss,-1252.0868287629783,-1474.668748210741,-1053.470936265353
pd_over,Decrease20,Greedy,loss,-433.5304219248775,-574.3397581761923,-289.60246976754087
pd_over,Decrease20,Myopic,loss,-485.4360853596998,-602.8822758051001,-380.7730878622601
pd_over,Decrease20,Static,default_rate,0.062499999999999986,0.010416666666666644,0.10416666666666666
pd_over,Decrease20,Greedy,default_rate,0.16666666666666666,0.12499999999999999,0.20833333333333331
pd_over,Decrease20,Myopic,default_rate,0.11458333333333331,0.07291666666666664,0.15130208333333306
pd_over,Decrease20,Static,el_violation_rate,-0.4375,-0.49479166666666674,-0.3802083333333333
pd_over,Decrease20,Greedy,el_violation_rate,-0.32291666666666663,-0.3802083333333333,-0.26041666666666663
pd_over,Decrease20,Myopic,el_violation_rate,-0.2760416666666667,-0.3385416666666667,-0.20833333333333331
pd_over,Decrease20,Static,true_violation_rate,-0.08333333333333334,-0.125,-0.049348958333333456
pd_over,Decrease20,Greedy,true_violation_rate,-0.020833333333333336,-0.07044270833333331,0.028776041666666533
pd_over,Decrease20,Myopic,true_violation_rate,-0.02083333333333335,-0.08854166666666671,0.031249999999999986
pd_over,Greedy,Static,value,711.6541275714831,501.45519434575374,924.096975235768
pd_over,Greedy,Myopic,value,41.836249021772645,-183.79428625664033,251.5660891616849
pd_over,Greedy,Decrease20,value,64.44679585251406,-64.58967746913535,221.3609273816286
pd_over,Greedy,Static,loss,-818.5564068381007,-1004.2936831306017,-630.2266238917745
pd_over,Greedy,Myopic,loss,-51.905663434822316,-248.1027714575078,136.95249062442596
pd_over,Greedy,Decrease20,loss,433.5304219248775,289.60246976754075,574.3397581761923
pd_over,Greedy,Static,default_rate,-0.10416666666666667,-0.13046875000000002,-0.08333333333333331
pd_over,Greedy,Myopic,default_rate,-0.052083333333333336,-0.07291666666666669,-0.031249999999999986
pd_over,Greedy,Decrease20,default_rate,-0.16666666666666666,-0.20833333333333331,-0.12499999999999999
pd_over,Greedy,Static,el_violation_rate,-0.11458333333333336,-0.20312500000000006,-0.04687500000000001
pd_over,Greedy,Myopic,el_violation_rate,0.046874999999999986,0.015624999999999986,0.08333333333333333
pd_over,Greedy,Decrease20,el_violation_rate,0.32291666666666663,0.26041666666666663,0.3802083333333333
pd_over,Greedy,Static,true_violation_rate,-0.0625,-0.109375,-0.00520833333333334
pd_over,Greedy,Myopic,true_violation_rate,-1.5612511283791264e-17,-0.03125000000000004,0.031249999999999983
pd_over,Greedy,Decrease20,true_violation_rate,0.020833333333333336,-0.028776041666666644,0.0704427083333332
pd_over,Myopic,Static,value,669.8178785497105,487.9634470221671,865.4810117518807
pd_over,Myopic,Greedy,value,-41.836249021772645,-251.56608916168503,183.79428625664022
pd_over,Myopic,Decrease20,value,22.61054683074142,-142.3414797412827,169.56935689391656
pd_over,Myopic,Static,loss,-766.6507434032784,-958.5750427449115,-592.643250010547
pd_over,Myopic,Greedy,loss,51.905663434822316,-136.95249062442608,248.10277145750774
pd_over,Myopic,Decrease20,loss,485.4360853596998,380.7730878622601,602.8822758051
pd_over,Myopic,Static,default_rate,-0.052083333333333336,-0.09375000000000001,-0.02083333333333332
pd_over,Myopic,Greedy,default_rate,0.052083333333333336,0.031249999999999986,0.07291666666666669
pd_over,Myopic,Decrease20,default_rate,-0.11458333333333331,-0.15130208333333328,-0.07291666666666664
pd_over,Myopic,Static,el_violation_rate,-0.16145833333333337,-0.24479166666666669,-0.08580729166666679
pd_over,Myopic,Greedy,el_violation_rate,-0.046874999999999986,-0.08333333333333333,-0.015624999999999986
pd_over,Myopic,Decrease20,el_violation_rate,0.2760416666666667,0.20833333333333331,0.3385416666666667
pd_over,Myopic,Static,true_violation_rate,-0.062499999999999986,-0.10416666666666669,-0.018098958333333432
pd_over,Myopic,Greedy,true_violation_rate,1.5612511283791264e-17,-0.031249999999999983,0.03125000000000004
pd_over,Myopic,Decrease20,true_violation_rate,0.02083333333333335,-0.031249999999999986,0.08854166666666671
pd_over,PPO_hard,Static,value,766.0238105731254,522.9101414451894,1065.630053122706
pd_over,PPO_hard,Greedy,value,54.36968300164216,-129.18973367801462,248.33607792721227
pd_over,PPO_hard,Myopic,value,96.20593202341479,-90.79992014485691,309.91523937411813
pd_over,PPO_hard,Decrease20,value,118.81647885415623,0.0,269.5291302186906
pd_over,PPO_hard,Static,loss,-1210.9249045548702,-1452.7278391718007,-1021.763261699511
pd_over,PPO_hard,Greedy,loss,-392.3684977167695,-543.9516099123134,-230.75895259343815
pd_over,PPO_hard,Myopic,loss,-444.27416115159184,-589.3590997096952,-300.228973730379
pd_over,PPO_hard,Decrease20,loss,41.16192420810791,-33.33071538284786,150.41789943998327
pd_over,PPO_hard,Static,default_rate,-0.006944444444444452,-0.0729166666666667,0.059027777777777776
pd_over,PPO_hard,Greedy,default_rate,0.09722222222222222,0.03637152777777777,0.16319444444444445
pd_over,PPO_hard,Myopic,default_rate,0.04513888888888889,-0.020833333333333332,0.10763888888888888
pd_over,PPO_hard,Decrease20,default_rate,-0.06944444444444443,-0.13194444444444445,-0.017361111111111105
pd_over,PPO_hard,Static,el_violation_rate,-0.41493055555555564,-0.4756944444444445,-0.34375
pd_over,PPO_hard,Greedy,el_violation_rate,-0.30034722222222215,-0.36896701388888886,-0.24305555555555552
pd_over,PPO_hard,Myopic,el_violation_rate,-0.25347222222222227,-0.32565104166666664,-0.19270833333333334
pd_over,PPO_hard,Decrease20,el_violation_rate,0.022569444444444458,-0.006944444444444452,0.06250000000000004
pd_over,PPO_hard,Static,true_violation_rate,-0.10069444444444446,-0.1388888888888889,-0.06506076388888893
pd_over,PPO_hard,Greedy,true_violation_rate,-0.03819444444444445,-0.07812500000000001,0.0009114583333332861
pd_over,PPO_hard,Myopic,true_violation_rate,-0.038194444444444454,-0.07556423611111114,0.0035590277777776966
pd_over,PPO_hard,Decrease20,true_violation_rate,-0.01736111111111111,-0.0599392361111111,0.01736111111111111
pd_over,PPO_penalty,Static,value,691.6411026171504,457.3849803383788,954.6630514128254
pd_over,PPO_penalty,Greedy,value,-20.013024954332636,-166.04200503305353,92.8235982324513
pd_over,PPO_penalty,Myopic,value,21.823224067439995,-127.73840294579082,195.320751601941
pd_over,PPO_penalty,Decrease20,value,44.43377089818142,-0.6622145424778978,92.27491787241578
pd_over,PPO_penalty,Static,loss,-1303.7279385829786,-1512.3029171462174,-1104.3077259960671
pd_over,PPO_penalty,Greedy,loss,-485.17153174487777,-604.9404037859936,-361.1363496440398
pd_over,PPO_penalty,Myopic,loss,-537.0771951797001,-672.9035474307697,-425.41878610743447
pd_over,PPO_penalty,Decrease20,loss,-51.64110982000031,-102.64043998154766,-2.4201591244062115
pd_over,PPO_penalty,Static,default_rate,0.052083333333333315,-2.7755575615628914e-17,0.09375
pd_over,PPO_penalty,Greedy,default_rate,0.15624999999999997,0.1145833333333333,0.19791666666666666
pd_over,PPO_penalty,Myopic,default_rate,0.10416666666666664,0.052083333333333336,0.14583333333333331
pd_over,PPO_penalty,Decrease20,default_rate,-0.010416666666666671,-0.031250000000000014,0.0
pd_over,PPO_penalty,Static,el_violation_rate,-0.4479166666666667,-0.5052083333333334,-0.3854166666666667
pd_over,PPO_penalty,Greedy,el_violation_rate,-0.3333333333333333,-0.3958333333333333,-0.26809895833333347
pd_over,PPO_penalty,Myopic,el_violation_rate,-0.2864583333333333,-0.3541666666666667,-0.20833333333333334
pd_over,PPO_penalty,Decrease20,el_violation_rate,-0.010416666666666678,-0.020833333333333356,0.0
pd_over,PPO_penalty,Static,true_violation_rate,-0.11458333333333333,-0.15104166666666666,-0.07539062500000011
pd_over,PPO_penalty,Greedy,true_violation_rate,-0.052083333333333336,-0.08333333333333333,-0.02604166666666665
pd_over,PPO_penalty,Myopic,true_violation_rate,-0.05208333333333335,-0.10169270833333335,-0.010416666666666649
pd_over,PPO_penalty,Decrease20,true_violation_rate,-0.03125,-0.0625,0.0
pd_over,PPO_unconstrained,Static,value,691.6411026171504,457.3849803383788,954.6630514128254
pd_over,PPO_unconstrained,Greedy,value,-20.013024954332636,-166.04200503305353,92.8235982324513
pd_over,PPO_unconstrained,Myopic,value,21.823224067439995,-127.73840294579082,195.320751601941
pd_over,PPO_unconstrained,Decrease20,value,44.43377089818142,-0.6622145424778978,92.27491787241578
pd_over,PPO_unconstrained,Static,loss,-1303.7279385829786,-1512.3029171462174,-1104.3077259960671
pd_over,PPO_unconstrained,Greedy,loss,-485.17153174487777,-604.9404037859936,-361.1363496440398
pd_over,PPO_unconstrained,Myopic,loss,-537.0771951797001,-672.9035474307697,-425.41878610743447
pd_over,PPO_unconstrained,Decrease20,loss,-51.64110982000031,-102.64043998154766,-2.4201591244062115
pd_over,PPO_unconstrained,Static,default_rate,0.052083333333333315,-2.7755575615628914e-17,0.09375
pd_over,PPO_unconstrained,Greedy,default_rate,0.15624999999999997,0.1145833333333333,0.19791666666666666
pd_over,PPO_unconstrained,Myopic,default_rate,0.10416666666666664,0.052083333333333336,0.14583333333333331
pd_over,PPO_unconstrained,Decrease20,default_rate,-0.010416666666666671,-0.031250000000000014,0.0
pd_over,PPO_unconstrained,Static,el_violation_rate,-0.4479166666666667,-0.5052083333333334,-0.3854166666666667
pd_over,PPO_unconstrained,Greedy,el_violation_rate,-0.3333333333333333,-0.3958333333333333,-0.26809895833333347
pd_over,PPO_unconstrained,Myopic,el_violation_rate,-0.2864583333333333,-0.3541666666666667,-0.20833333333333334
pd_over,PPO_unconstrained,Decrease20,el_violation_rate,-0.010416666666666678,-0.020833333333333356,0.0
pd_over,PPO_unconstrained,Static,true_violation_rate,-0.11458333333333333,-0.15104166666666666,-0.07539062500000011
pd_over,PPO_unconstrained,Greedy,true_violation_rate,-0.052083333333333336,-0.08333333333333333,-0.02604166666666665
pd_over,PPO_unconstrained,Myopic,true_violation_rate,-0.05208333333333335,-0.10169270833333335,-0.010416666666666649
pd_over,PPO_unconstrained,Decrease20,true_violation_rate,-0.03125,-0.0625,0.0
pd_over,RiskBased,Static,value,871.991717363196,658.1323884161914,1111.0692357042763
pd_over,RiskBased,Greedy,value,160.337589791713,-29.016815013509042,348.5143425092696
pd_over,RiskBased,Myopic,value,202.17383881348562,34.606629456237314,374.2413858764102
pd_over,RiskBased,Decrease20,value,224.78438564422703,80.51414444238577,357.6291039780224
pd_over,RiskBased,Static,loss,-1132.3978328394915,-1339.6020490798135,-956.3952785838582
pd_over,RiskBased,Greedy,loss,-313.8414260013908,-463.0245191068306,-165.88131416422343
pd_over,RiskBased,Myopic,loss,-365.7470894362131,-510.14059036844435,-224.51152109573488
pd_over,RiskBased,Decrease20,loss,119.68899592348666,30.796134948994286,200.1262442168401
pd_over,RiskBased,Static,default_rate,-0.0625,-0.09375000000000004,-0.020833333333333336
pd_over,RiskBased,Greedy,default_rate,0.041666666666666664,0.015364583333333341,0.07291666666666664
pd_over,RiskBased,Myopic,default_rate,-0.010416666666666671,-0.031250000000000014,0.0
pd_over,RiskBased,Decrease20,default_rate,-0.125,-0.17708333333333331,-0.07291666666666667
pd_over,RiskBased,Static,el_violation_rate,-0.3697916666666667,-0.43750000000000006,-0.3020833333333333
pd_over,RiskBased,Greedy,el_violation_rate,-0.2552083333333333,-0.2864583333333333,-0.22395833333333331
pd_over,RiskBased,Myopic,el_violation_rate,-0.20833333333333331,-0.2552083333333333,-0.16666666666666666
pd_over,RiskBased,Decrease20,el_violation_rate,0.06770833333333336,0.02604166666666669,0.10937500000000003
pd_over,RiskBased,Static,true_violation_rate,-0.09895833333333334,-0.140625,-0.05729166666666668
pd_over,RiskBased,Greedy,true_violation_rate,-0.036458333333333336,-0.07291666666666667,-0.005208333333333337
pd_over,RiskBased,Myopic,true_violation_rate,-0.03645833333333335,-0.06770833333333334,-0.010416666666666675
pd_over,RiskBased,Decrease20,true_violation_rate,-0.015625,-0.06249999999999997,0.0391927083333332
pd_over,Static,Greedy,value,-711.6541275714831,-924.0969752357681,-501.4551943457538
pd_over,Static,Myopic,value,-669.8178785497105,-865.4810117518807,-487.96344702216714
pd_over,Static,Decrease20,value,-647.207331718969,-890.9846357191755,-403.0614439520967
pd_over,Static,Greedy,loss,818.5564068381007,630.2266238917742,1004.2936831306017
pd_over,Static,Myopic,loss,766.6507434032784,592.643250010547,958.5750427449115
pd_over,Static,Decrease20,loss,1252.0868287629783,1053.470936265353,1474.668748210741
pd_over,Static,Greedy,default_rate,0.10416666666666667,0.08333333333333331,0.1304687499999998
pd_over,Static,Myopic,default_rate,0.052083333333333336,0.02083333333333332,0.09375000000000001
pd_over,Static,Decrease20,default_rate,-0.062499999999999986,-0.10416666666666666,-0.010416666666666644
pd_over,Static,Greedy,el_violation_rate,0.11458333333333336,0.04687500000000001,0.20312500000000006
pd_over,Static,Myopic,el_violation_rate,0.16145833333333337,0.08580729166666667,0.24479166666666669
pd_over,Static,Decrease20,el_violation_rate,0.4375,0.3802083333333333,0.49479166666666674
pd_over,Static,Greedy,true_violation_rate,0.0625,0.00520833333333334,0.109375
pd_over,Static,Myopic,true_violation_rate,0.062499999999999986,0.01809895833333332,0.10416666666666669
pd_over,Static,Decrease20,true_violation_rate,0.08333333333333334,0.049348958333333345,0.125
pd_slope,BufferedRiskBased,Static,value,875.474441181714,653.9926270242931,1116.6934129274814
pd_slope,BufferedRiskBased,Greedy,value,258.03705535070003,56.14112970222835,439.54721555014635
pd_slope,BufferedRiskBased,Myopic,value,156.3584892700328,-52.52073800649219,377.8031632971515
pd_slope,BufferedRiskBased,Decrease20,value,183.8333385645637,24.537314088370103,375.0107957348533
pd_slope,BufferedRiskBased,Static,loss,-1031.160173383994,-1267.1751488006546,-827.5886940684683
pd_slope,BufferedRiskBased,Greedy,loss,-369.5313136273502,-509.0215068432487,-213.5017519722465
pd_slope,BufferedRiskBased,Myopic,loss,-349.98142192391384,-520.8732690071871,-198.3912446854165
pd_slope,BufferedRiskBased,Decrease20,loss,272.5677651989843,127.63251477434582,396.6106472437121
pd_slope,BufferedRiskBased,Static,default_rate,-0.05208333333333335,-0.09375000000000003,-0.02083333333333333
pd_slope,BufferedRiskBased,Greedy,default_rate,0.04166666666666666,-6.938893903907228e-18,0.07291666666666666
pd_slope,BufferedRiskBased,Myopic,default_rate,0.04166666666666665,0.010416666666666668,0.06250000000000001
pd_slope,BufferedRiskBased,Decrease20,default_rate,-0.10416666666666666,-0.16666666666666666,-0.05208333333333332
pd_slope,BufferedRiskBased,Static,el_violation_rate,-0.19270833333333337,-0.268359375,-0.11458333333333337
pd_slope,BufferedRiskBased,Greedy,el_violation_rate,-0.15625000000000006,-0.25520833333333337,-0.05208333333333334
pd_slope,BufferedRiskBased,Myopic,el_violation_rate,-0.17187500000000006,-0.23437500000000006,-0.10416666666666669
pd_slope,BufferedRiskBased,Decrease20,el_violation_rate,0.09374999999999997,0.06249999999999997,0.12773437499999987
pd_slope,BufferedRiskBased,Static,true_violation_rate,-0.10416666666666667,-0.14583333333333331,-0.06770833333333334
pd_slope,BufferedRiskBased,Greedy,true_violation_rate,-0.046875,-0.08333333333333334,-0.01041666666666666
pd_slope,BufferedRiskBased,Myopic,true_violation_rate,-0.07291666666666667,-0.125,-0.02083333333333334
pd_slope,BufferedRiskBased,Decrease20,true_violation_rate,0.010416666666666675,-0.03645833333333333,0.05729166666666668
pd_slope,Decrease20,Static,value,691.6411026171504,432.2190300203484,940.3975565798543
pd_slope,Decrease20,Greedy,value,74.20371678613631,-92.32610367258803,220.47048982103425
pd_slope,Decrease20,Myopic,value,-27.47484929453092,-234.3640590478958,178.62701236101512
pd_slope,Decrease20,Static,loss,-1303.7279385829784,-1508.0182806186838,-1101.672092455043
pd_slope,Decrease20,Greedy,loss,-642.0990788263346,-798.3776014288543,-471.67332893464834
pd_slope,Decrease20,Myopic,loss,-622.5491871228983,-775.1177114958545,-468.25508013706803
pd_slope,Decrease20,Static,default_rate,0.052083333333333315,-2.7755575615628914e-17,0.10416666666666664
pd_slope,Decrease20,Greedy,default_rate,0.14583333333333331,0.10416666666666663,0.19791666666666663
pd_slope,Decrease20,Myopic,default_rate,0.14583333333333331,0.08828125,0.2033854166666664
pd_slope,Decrease20,Static,el_violation_rate,-0.28645833333333337,-0.38020833333333337,-0.203125
pd_slope,Decrease20,Greedy,el_violation_rate,-0.25,-0.36458333333333337,-0.14062500000000003
pd_slope,Decrease20,Myopic,el_violation_rate,-0.265625,-0.33333333333333337,-0.18997395833333344
pd_slope,Decrease20,Static,true_violation_rate,-0.11458333333333334,-0.15104166666666669,-0.07291666666666667
pd_slope,Decrease20,Greedy,true_violation_rate,-0.05729166666666667,-0.08854166666666667,-0.026041666666666678
pd_slope,Decrease20,Myopic,true_violation_rate,-0.08333333333333334,-0.15625000000000003,-0.02851562500000011
pd_slope,Greedy,Static,value,617.4373858310141,389.618558907155,850.2746798275737
pd_slope,Greedy,Myopic,value,-101.67856608066724,-285.9487955508563,51.57316068217324
pd_slope,Greedy,Decrease20,value,-74.20371678613631,-220.47048982103433,92.32610367258802
pd_slope,Greedy,Static,loss,-661.628859756644,-881.8076960262578,-423.6229783462078
pd_slope,Greedy,Myopic,loss,19.549891703436373,-142.3705045887566,184.93400791090502
pd_slope,Greedy,Decrease20,loss,642.0990788263346,471.6733289346483,798.3776014288542
pd_slope,Greedy,Static,default_rate,-0.09375,-0.12500000000000006,-0.062499999999999986
pd_slope,Greedy,Myopic,default_rate,-6.938893903907228e-18,-0.02083333333333335,0.02083333333333333
pd_slope,Greedy,Decrease20,default_rate,-0.14583333333333331,-0.19791666666666663,-0.10416666666666663
pd_slope,Greedy,Static,el_violation_rate,-0.03645833333333333,-0.15104166666666666,0.07812500000000003
pd_slope,Greedy,Myopic,el_violation_rate,-0.015625,-0.080859375,0.052083333333333356
pd_slope,Greedy,Decrease20,el_violation_rate,0.25,0.14062500000000003,0.36458333333333337
pd_slope,Greedy,Static,true_violation_rate,-0.05729166666666667,-0.09895833333333333,-0.00247395833333346
pd_slope,Greedy,Myopic,true_violation_rate,-0.026041666666666678,-0.07812500000000001,0.015625000000000007
pd_slope,Greedy,Decrease20,true_violation_rate,0.05729166666666667,0.026041666666666678,0.08854166666666667
pd_slope,Myopic,Static,value,719.1159519116813,543.7154766405519,896.7015597562838
pd_slope,Myopic,Greedy,value,101.67856608066724,-51.57316068217325,285.9487955508563
pd_slope,Myopic,Decrease20,value,27.47484929453092,-178.62701236101518,234.36405904789575
pd_slope,Myopic,Static,loss,-681.1787514600803,-874.4891793677856,-498.3883805100763
pd_slope,Myopic,Greedy,loss,-19.549891703436373,-184.93400791090502,142.37050458875657
pd_slope,Myopic,Decrease20,loss,622.5491871228983,468.25508013706803,775.1177114958545
pd_slope,Myopic,Static,default_rate,-0.09375,-0.12500000000000003,-0.06249999999999997
pd_slope,Myopic,Greedy,default_rate,6.938893903907228e-18,-0.02083333333333333,0.02083333333333335
pd_slope,Myopic,Decrease20,default_rate,-0.14583333333333331,-0.20338541666666662,-0.08828125000000023
pd_slope,Myopic,Static,el_violation_rate,-0.02083333333333332,-0.13294270833333333,0.07812500000000006
pd_slope,Myopic,Greedy,el_violation_rate,0.015625,-0.052083333333333356,0.08085937499999989
pd_slope,Myopic,Decrease20,el_violation_rate,0.265625,0.18997395833333333,0.33333333333333337
pd_slope,Myopic,Static,true_violation_rate,-0.03124999999999999,-0.09895833333333334,0.03919270833333323
pd_slope,Myopic,Greedy,true_violation_rate,0.026041666666666678,-0.015625000000000007,0.07812500000000001
pd_slope,Myopic,Decrease20,true_violation_rate,0.08333333333333334,0.028515625,0.15625000000000003
pd_slope,PPO_hard,Static,value,777.1318532736132,535.3731931950852,1064.2088144322477
pd_slope,PPO_hard,Greedy,value,159.6944674425991,-37.01208315882753,357.29427158679266
pd_slope,PPO_hard,Myopic,value,58.015901361931846,-162.58904915890372,280.87354574456606
pd_slope,PPO_hard,Decrease20,value,85.49075065646277,-23.844980847461144,220.81645015186743
pd_slope,PPO_hard,Static,loss,-1226.0332660473457,-1448.784625599011,-1040.6777482500852
pd_slope,PPO_hard,Greedy,loss,-564.4044062907019,-748.7555142713146,-372.46493722189103
pd_slope,PPO_hard,Myopic,loss,-544.8545145872655,-701.7414684825338,-375.4341031591804
pd_slope,PPO_hard,Decrease20,loss,77.69467253563266,0.0,191.111911270795
pd_slope,PPO_hard,Static,default_rate,-0.003472222222222233,-0.06597222222222227,0.05208333333333333
pd_slope,PPO_hard,Greedy,default_rate,0.09027777777777778,0.041666666666666664,0.14765624999999993
pd_slope,PPO_hard,Myopic,default_rate,0.09027777777777778,0.04166666666666665,0.15277777777777776
pd_slope,PPO_hard,Decrease20,default_rate,-0.055555555555555546,-0.1111111111111111,-0.01041666666666666
pd_slope,PPO_hard,Static,el_violation_rate,-0.25520833333333337,-0.3645833333333333,-0.17361111111111113
pd_slope,PPO_hard,Greedy,el_violation_rate,-0.21875,-0.33250868055555555,-0.08763020833333342
pd_slope,PPO_hard,Myopic,el_violation_rate,-0.234375,-0.30993923611111107,-0.1388888888888889
pd_slope,PPO_hard,Decrease20,el_violation_rate,0.031249999999999997,0.0,0.08333333333333333
pd_slope,PPO_hard,Static,true_violation_rate,-0.11111111111111112,-0.15104166666666666,-0.07118055555555557
pd_slope,PPO_hard,Greedy,true_violation_rate,-0.053819444444444454,-0.08854166666666664,-0.016449652777777827
pd_slope,PPO_hard,Myopic,true_violation_rate,-0.07986111111111112,-0.13020833333333337,-0.031250000000000014
pd_slope,PPO_hard,Decrease20,true_violation_rate,0.0034722222222222225,-0.024305555555555563,0.03736979166666662
pd_slope,PPO_penalty,Static,value,691.6411026171504,457.3849803383788,954.6630514128254
pd_slope,PPO_penalty,Greedy,value,74.2037167861363,-107.2861380506421,213.76892793778617
pd_slope,PPO_penalty,Myopic,value,-27.474849294530923,-217.4110523674203,178.9966813122068
pd_slope,PPO_penalty,Decrease20,value,0.0,0.0,0.0
pd_slope,PPO_penalty,Static,loss,-1303.7279385829786,-1512.3029171462174,-1104.3077259960671
pd_slope,PPO_penalty,Greedy,loss,-642.0990788263346,-804.5138795652005,-461.59195299316457
pd_slope,PPO_penalty,Myopic,loss,-622.5491871228982,-764.6616396157776,-468.7291367450994
pd_slope,PPO_penalty,Decrease20,loss,0.0,0.0,0.0
pd_slope,PPO_penalty,Static,default_rate,0.052083333333333315,-2.7755575615628914e-17,0.09375
pd_slope,PPO_penalty,Greedy,default_rate,0.14583333333333331,0.10416666666666663,0.1875
pd_slope,PPO_penalty,Myopic,default_rate,0.14583333333333331,0.09374999999999999,0.19791666666666666
pd_slope,PPO_penalty,Decrease20,default_rate,0.0,0.0,0.0
pd_slope,PPO_penalty,Static,el_violation_rate,-0.2864583333333333,-0.3802083333333333,-0.20833333333333334
pd_slope,PPO_penalty,Greedy,el_violation_rate,-0.25,-0.359375,-0.13541666666666669
pd_slope,PPO_penalty,Myopic,el_violation_rate,-0.265625,-0.3333333333333333,-0.18229166666666666
pd_slope,PPO_penalty,Decrease20,el_violation_rate,0.0,0.0,0.0
pd_slope,PPO_penalty,Static,true_violation_rate,-0.11458333333333333,-0.15104166666666666,-0.07539062500000011
pd_slope,PPO_penalty,Greedy,true_violation_rate,-0.057291666666666664,-0.08854166666666667,-0.026041666666666675
pd_slope,PPO_penalty,Myopic,true_violation_rate,-0.08333333333333336,-0.1510416666666667,-0.026041666666666647
pd_slope,PPO_penalty,Decrease20,true_violation_rate,0.0,0.0,0.0
pd_slope,PPO_unconstrained,Static,value,691.6411026171504,457.3849803383788,954.6630514128254
pd_slope,PPO_unconstrained,Greedy,value,74.2037167861363,-107.2861380506421,213.76892793778617
pd_slope,PPO_unconstrained,Myopic,value,-27.474849294530923,-217.4110523674203,178.9966813122068
pd_slope,PPO_unconstrained,Decrease20,value,0.0,0.0,0.0
pd_slope,PPO_unconstrained,Static,loss,-1303.7279385829786,-1512.3029171462174,-1104.3077259960671
pd_slope,PPO_unconstrained,Greedy,loss,-642.0990788263346,-804.5138795652005,-461.59195299316457
pd_slope,PPO_unconstrained,Myopic,loss,-622.5491871228982,-764.6616396157776,-468.7291367450994
pd_slope,PPO_unconstrained,Decrease20,loss,0.0,0.0,0.0
pd_slope,PPO_unconstrained,Static,default_rate,0.052083333333333315,-2.7755575615628914e-17,0.09375
pd_slope,PPO_unconstrained,Greedy,default_rate,0.14583333333333331,0.10416666666666663,0.1875
pd_slope,PPO_unconstrained,Myopic,default_rate,0.14583333333333331,0.09374999999999999,0.19791666666666666
pd_slope,PPO_unconstrained,Decrease20,default_rate,0.0,0.0,0.0
pd_slope,PPO_unconstrained,Static,el_violation_rate,-0.2864583333333333,-0.3802083333333333,-0.20833333333333334
pd_slope,PPO_unconstrained,Greedy,el_violation_rate,-0.25,-0.359375,-0.13541666666666669
pd_slope,PPO_unconstrained,Myopic,el_violation_rate,-0.265625,-0.3333333333333333,-0.18229166666666666
pd_slope,PPO_unconstrained,Decrease20,el_violation_rate,0.0,0.0,0.0
pd_slope,PPO_unconstrained,Static,true_violation_rate,-0.11458333333333333,-0.15104166666666666,-0.07539062500000011
pd_slope,PPO_unconstrained,Greedy,true_violation_rate,-0.057291666666666664,-0.08854166666666667,-0.026041666666666675
pd_slope,PPO_unconstrained,Myopic,true_violation_rate,-0.08333333333333336,-0.1510416666666667,-0.026041666666666647
pd_slope,PPO_unconstrained,Decrease20,true_violation_rate,0.0,0.0,0.0
pd_slope,RiskBased,Static,value,875.474441181714,653.9926270242931,1116.6934129274814
pd_slope,RiskBased,Greedy,value,258.03705535070003,56.14112970222835,439.54721555014635
pd_slope,RiskBased,Myopic,value,156.3584892700328,-52.52073800649219,377.8031632971515
pd_slope,RiskBased,Decrease20,value,183.8333385645637,24.537314088370103,375.0107957348533
pd_slope,RiskBased,Static,loss,-1031.160173383994,-1267.1751488006546,-827.5886940684683
pd_slope,RiskBased,Greedy,loss,-369.5313136273502,-509.0215068432487,-213.5017519722465
pd_slope,RiskBased,Myopic,loss,-349.98142192391384,-520.8732690071871,-198.3912446854165
pd_slope,RiskBased,Decrease20,loss,272.5677651989843,127.63251477434582,396.6106472437121
pd_slope,RiskBased,Static,default_rate,-0.05208333333333335,-0.09375000000000003,-0.02083333333333333
pd_slope,RiskBased,Greedy,default_rate,0.04166666666666666,-6.938893903907228e-18,0.07291666666666666
pd_slope,RiskBased,Myopic,default_rate,0.04166666666666665,0.010416666666666668,0.06250000000000001
pd_slope,RiskBased,Decrease20,default_rate,-0.10416666666666666,-0.16666666666666666,-0.05208333333333332
pd_slope,RiskBased,Static,el_violation_rate,-0.19270833333333337,-0.268359375,-0.11458333333333337
pd_slope,RiskBased,Greedy,el_violation_rate,-0.15625000000000006,-0.25520833333333337,-0.05208333333333334
pd_slope,RiskBased,Myopic,el_violation_rate,-0.17187500000000006,-0.23437500000000006,-0.10416666666666669
pd_slope,RiskBased,Decrease20,el_violation_rate,0.09374999999999997,0.06249999999999997,0.12773437499999987
pd_slope,RiskBased,Static,true_violation_rate,-0.10416666666666667,-0.14583333333333331,-0.06770833333333334
pd_slope,RiskBased,Greedy,true_violation_rate,-0.046875,-0.08333333333333334,-0.01041666666666666
pd_slope,RiskBased,Myopic,true_violation_rate,-0.07291666666666667,-0.125,-0.02083333333333334
pd_slope,RiskBased,Decrease20,true_violation_rate,0.010416666666666675,-0.03645833333333333,0.05729166666666668
pd_slope,Static,Greedy,value,-617.4373858310141,-850.2746798275738,-389.61855890715503
pd_slope,Static,Myopic,value,-719.1159519116813,-896.7015597562839,-543.7154766405519
pd_slope,Static,Decrease20,value,-691.6411026171504,-940.3975565798543,-432.21903002034844
pd_slope,Static,Greedy,loss,661.628859756644,423.6229783462077,881.8076960262578
pd_slope,Static,Myopic,loss,681.1787514600803,498.3883805100762,874.4891793677855
pd_slope,Static,Decrease20,loss,1303.7279385829784,1101.672092455043,1508.0182806186838
pd_slope,Static,Greedy,default_rate,0.09375,0.062499999999999986,0.12500000000000006
pd_slope,Static,Myopic,default_rate,0.09375,0.06249999999999997,0.12500000000000003
pd_slope,Static,Decrease20,default_rate,-0.052083333333333315,-0.10416666666666664,2.7755575615628914e-17
pd_slope,Static,Greedy,el_violation_rate,0.03645833333333333,-0.07812500000000003,0.15104166666666666
pd_slope,Static,Myopic,el_violation_rate,0.02083333333333332,-0.07812500000000006,0.13294270833333321
pd_slope,Static,Decrease20,el_violation_rate,0.28645833333333337,0.203125,0.38020833333333337
pd_slope,Static,Greedy,true_violation_rate,0.05729166666666667,0.002473958333333349,0.09895833333333333
pd_slope,Static,Myopic,true_violation_rate,0.03124999999999999,-0.03919270833333334,0.09895833333333334
pd_slope,Static,Decrease20,true_violation_rate,0.11458333333333334,0.07291666666666667,0.15104166666666669
pd_under,BufferedRiskBased,Static,value,629.8523266680692,485.44057489366503,782.7666532127902
pd_under,BufferedRiskBased,Greedy,value,54.747271991590125,-100.57877167424098,217.39622656440704
pd_under,BufferedRiskBased,Myopic,value,257.3693003576511,100.02995182981206,413.08228496200877
pd_under,BufferedRiskBased,Decrease20,value,-61.788775949081206,-222.3148663802241,91.94966674808389
pd_under,BufferedRiskBased,Static,loss,-697.219423696548,-884.8285386004645,-530.1237347771736
pd_under,BufferedRiskBased,Greedy,loss,-144.17356264740576,-315.3424356988426,20.668148188814843
pd_under,BufferedRiskBased,Myopic,loss,-399.0905485395066,-560.2725213228638,-221.3475306702635
pd_under,BufferedRiskBased,Decrease20,loss,606.5085148864305,509.38021402841207,706.594682443211
pd_under,BufferedRiskBased,Static,default_rate,-0.031249999999999993,-0.0625,0.010416666666666678
pd_under,BufferedRiskBased,Greedy,default_rate,0.05208333333333335,0.010416666666666671,0.09375000000000004
pd_under,BufferedRiskBased,Myopic,default_rate,0.031250000000000014,0.004947916666666684,0.06250000000000003
pd_under,BufferedRiskBased,Decrease20,default_rate,-0.08333333333333331,-0.14583333333333331,-0.020833333333333315
pd_under,BufferedRiskBased,Static,el_violation_rate,-0.10937500000000001,-0.18229166666666669,-0.057291666666666685
pd_under,BufferedRiskBased,Greedy,el_violation_rate,-0.14583333333333334,-0.2604166666666667,-0.052083333333333336
pd_under,BufferedRiskBased,Myopic,el_violation_rate,-0.24479166666666669,-0.33333333333333337,-0.15351562500000016
pd_under,BufferedRiskBased,Decrease20,el_violation_rate,0.062499999999999986,0.02604166666666665,0.10416666666666666
pd_under,BufferedRiskBased,Static,true_violation_rate,-0.05208333333333334,-0.08333333333333333,-0.02604166666666668
pd_under,BufferedRiskBased,Greedy,true_violation_rate,-1.214306433183765e-17,-0.05208333333333335,0.04687499999999997
pd_under,BufferedRiskBased,Myopic,true_violation_rate,-0.06770833333333336,-0.11458333333333336,-0.015625000000000014
pd_under,BufferedRiskBased,Decrease20,true_violation_rate,0.0625,0.03125,0.09375
pd_under,Decrease20,Static,value,691.6411026171504,432.2190300203484,940.3975565798543
pd_under,Decrease20,Greedy,value,116.53604794067134,-87.6090624031887,278.5325319089873
pd_under,Decrease20,Myopic,value,319.15807630673237,119.170775079401,523.1059697118694
pd_under,Decrease20,Static,loss,-1303.7279385829784,-1508.0182806186838,-1101.672092455043
pd_under,Decrease20,Greedy,loss,-750.6820775338363,-915.8479217787288,-545.6653037268654
pd_under,Decrease20,Myopic,loss,-1005.5990634259371,-1188.9558158212403,-788.8965785073985
pd_under,Decrease20,Static,default_rate,0.052083333333333315,-2.7755575615628914e-17,0.10416666666666664
pd_under,Decrease20,Greedy,default_rate,0.13541666666666666,0.09375000000000003,0.17708333333333331
pd_under,Decrease20,Myopic,default_rate,0.11458333333333331,0.06249999999999999,0.16171874999999974
pd_under,Decrease20,Static,el_violation_rate,-0.171875,-0.2760416666666667,-0.10143229166666679
pd_under,Decrease20,Greedy,el_violation_rate,-0.20833333333333331,-0.31002604166666664,-0.11705729166666679
pd_under,Decrease20,Myopic,el_violation_rate,-0.30729166666666663,-0.39583333333333337,-0.21354166666666669
pd_under,Decrease20,Static,true_violation_rate,-0.11458333333333334,-0.15104166666666669,-0.07291666666666667
pd_under,Decrease20,Greedy,true_violation_rate,-0.0625,-0.10416666666666669,-0.026041666666666657
pd_under,Decrease20,Myopic,true_violation_rate,-0.13020833333333337,-0.1979166666666667,-0.06770833333333333
pd_under,Greedy,Static,value,575.1050546764791,365.7189468073164,786.210534480542
pd_under,Greedy,Myopic,value,202.62202836606104,46.34278743099219,372.37547889697225
pd_under,Greedy,Decrease20,value,-116.53604794067134,-278.5325319089874,87.60906240318859
pd_under,Greedy,Static,loss,-553.0458610491422,-772.3840840151059,-327.1466242351908
pd_under,Greedy,Myopic,loss,-254.9169858921008,-418.58968176865477,-99.53371892287169
pd_under,Greedy,Decrease20,loss,750.6820775338363,545.6653037268653,915.8479217787288
pd_under,Greedy,Static,default_rate,-0.08333333333333334,-0.11458333333333334,-0.06249999999999997
pd_under,Greedy,Myopic,default_rate,-0.020833333333333336,-0.05208333333333335,0.010416666666666671
pd_under,Greedy,Decrease20,default_rate,-0.13541666666666666,-0.17708333333333331,-0.09375000000000003
pd_under,Greedy,Static,el_violation_rate,0.03645833333333333,-0.05481770833333333,0.171875
pd_under,Greedy,Myopic,el_violation_rate,-0.09895833333333334,-0.16145833333333337,-0.041666666666666664
pd_under,Greedy,Decrease20,el_violation_rate,0.20833333333333331,0.11705729166666667,0.31002604166666653
pd_under,Greedy,Static,true_violation_rate,-0.05208333333333333,-0.10690104166666667,0.015625000000000024
pd_under,Greedy,Myopic,true_violation_rate,-0.06770833333333334,-0.125,-0.015624999999999988
pd_under,Greedy,Decrease20,true_violation_rate,0.0625,0.026041666666666657,0.10416666666666669
pd_under,Myopic,Static,value,372.48302631041804,171.50787824916478,614.3190322934282
pd_under,Myopic,Greedy,value,-202.62202836606104,-372.3754788969723,-46.342787430992196
pd_under,Myopic,Decrease20,value,-319.15807630673237,-523.1059697118694,-119.17077507940112
pd_under,Myopic,Static,loss,-298.1288751570414,-568.9341887724053,-75.59283086782871
pd_under,Myopic,Greedy,loss,254.9169858921008,99.53371892287161,418.58968176865477
pd_under,Myopic,Decrease20,loss,1005.5990634259371,788.8965785073983,1188.9558158212403
pd_under,Myopic,Static,default_rate,-0.0625,-0.09375000000000003,-0.031249999999999986
pd_under,Myopic,Greedy,default_rate,0.020833333333333336,-0.010416666666666671,0.05208333333333335
pd_under,Myopic,Decrease20,default_rate,-0.11458333333333331,-0.16171874999999997,-0.06249999999999999
pd_under,Myopic,Static,el_violation_rate,0.13541666666666669,0.026041666666666664,0.25
pd_under,Myopic,Greedy,el_violation_rate,0.09895833333333334,0.041666666666666664,0.16145833333333337
pd_under,Myopic,Decrease20,el_violation_rate,0.30729166666666663,0.21354166666666669,0.39583333333333337
pd_under,Myopic,Static,true_violation_rate,0.015625000000000014,-0.052083333333333356,0.0808593749999999
pd_under,Myopic,Greedy,true_violation_rate,0.06770833333333334,0.015624999999999988,0.125
pd_under,Myopic,Decrease20,true_violation_rate,0.13020833333333337,0.06770833333333333,0.1979166666666667
pd_under,PPO_hard,Static,value,771.4839662864433,530.2560404594469,1063.0535019435063
pd_under,PPO_hard,Greedy,value,196.37891160996432,-21.490188054471325,421.8573129851359
pd_under,PPO_hard,Myopic,value,399.00093997602534,199.44673628592076,625.0732347826804
pd_under,PPO_hard,Decrease20,value,79.84286366929301,-24.269994613288045,208.51590508831694
pd_under,PPO_hard,Static,loss,-1207.0492965744854,-1434.7705010237437,-1015.0721536668003
pd_under,PPO_hard,Greedy,loss,-654.0034355253433,-845.8425822014434,-428.4876454274247
pd_under,PPO_hard,Myopic,loss,-908.9204214174441,-1093.0065198070301,-669.08479368885
pd_under,PPO_hard,Decrease20,loss,96.67864200849301,18.378495339766246,204.34911575557916
pd_under,PPO_hard,Static,default_rate,-0.003472222222222233,-0.06597222222222227,0.05208333333333333
pd_under,PPO_hard,Greedy,default_rate,0.0798611111111111,0.03125,0.13541666666666663
pd_under,PPO_hard,Myopic,default_rate,0.05902777777777777,0.01041666666666665,0.1111111111111111
pd_under,PPO_hard,Decrease20,default_rate,-0.055555555555555546,-0.1111111111111111,-0.01041666666666666
pd_under,PPO_hard,Static,el_violation_rate,-0.1527777777777778,-0.26315104166666664,-0.08242187500000003
pd_under,PPO_hard,Greedy,el_violation_rate,-0.18923611111111108,-0.2952256944444444,-0.078125
pd_under,PPO_hard,Myopic,el_violation_rate,-0.2881944444444444,-0.375,-0.18138020833333338
pd_under,PPO_hard,Decrease20,el_violation_rate,0.01909722222222222,0.0,0.05390624999999991
pd_under,PPO_hard,Static,true_violation_rate,-0.11458333333333336,-0.1545138888888889,-0.07547743055555559
pd_under,PPO_hard,Greedy,true_violation_rate,-0.06250000000000001,-0.09895833333333333,-0.02686631944444449
pd_under,PPO_hard,Myopic,true_violation_rate,-0.13020833333333334,-0.17881944444444448,-0.07109375000000008
pd_under,PPO_hard,Decrease20,true_violation_rate,-1.1564823173178713e-18,-0.029513888888888864,0.031249999999999997
pd_under,PPO_penalty,Static,value,691.6411026171504,457.3849803383788,954.6630514128254
pd_under,PPO_penalty,Greedy,value,116.53604794067132,-92.74137657097783,293.61433368808133
pd_under,PPO_penalty,Myopic,value,319.1580763067323,122.88147747083856,524.8408508383143
pd_under,PPO_penalty,Decrease20,value,0.0,0.0,0.0
pd_under,PPO_penalty,Static,loss,-1303.7279385829786,-1512.3029171462174,-1104.3077259960671
pd_under,PPO_penalty,Greedy,loss,-750.6820775338364,-924.0726523782208,-547.0757001845345
pd_under,PPO_penalty,Myopic,loss,-1005.5990634259373,-1195.9473679107437,-790.2921903018738
pd_under,PPO_penalty,Decrease20,loss,0.0,0.0,0.0
pd_under,PPO_penalty,Static,default_rate,0.052083333333333315,-2.7755575615628914e-17,0.09375
pd_under,PPO_penalty,Greedy,default_rate,0.13541666666666666,0.10416666666666662,0.17708333333333334
pd_under,PPO_penalty,Myopic,default_rate,0.11458333333333333,0.06249999999999999,0.15624999999999997
pd_under,PPO_penalty,Decrease20,default_rate,0.0,0.0,0.0
pd_under,PPO_penalty,Static,el_violation_rate,-0.171875,-0.28125,-0.10416666666666667
pd_under,PPO_penalty,Greedy,el_violation_rate,-0.20833333333333334,-0.3072916666666667,-0.11458333333333333
pd_under,PPO_penalty,Myopic,el_violation_rate,-0.3072916666666667,-0.3985677083333333,-0.203125
pd_under,PPO_penalty,Decrease20,el_violation_rate,0.0,0.0,0.0
pd_under,PPO_penalty,Static,true_violation_rate,-0.11458333333333333,-0.15104166666666666,-0.07539062500000011
pd_under,PPO_penalty,Greedy,true_violation_rate,-0.0625,-0.10416666666666667,-0.02604166666666666
pd_under,PPO_penalty,Myopic,true_violation_rate,-0.13020833333333334,-0.19791666666666669,-0.062499999999999986
pd_under,PPO_penalty,Decrease20,true_violation_rate,0.0,0.0,0.0
pd_under,PPO_unconstrained,Static,value,691.6411026171504,457.3849803383788,954.6630514128254
pd_under,PPO_unconstrained,Greedy,value,116.53604794067132,-92.74137657097783,293.61433368808133
pd_under,PPO_unconstrained,Myopic,value,319.1580763067323,122.88147747083856,524.8408508383143
pd_under,PPO_unconstrained,Decrease20,value,0.0,0.0,0.0
pd_under,PPO_unconstrained,Static,loss,-1303.7279385829786,-1512.3029171462174,-1104.3077259960671
pd_under,PPO_unconstrained,Greedy,loss,-750.6820775338364,-924.0726523782208,-547.0757001845345
pd_under,PPO_unconstrained,Myopic,loss,-1005.5990634259373,-1195.9473679107437,-790.2921903018738
pd_under,PPO_unconstrained,Decrease20,loss,0.0,0.0,0.0
pd_under,PPO_unconstrained,Static,default_rate,0.052083333333333315,-2.7755575615628914e-17,0.09375
pd_under,PPO_unconstrained,Greedy,default_rate,0.13541666666666666,0.10416666666666662,0.17708333333333334
pd_under,PPO_unconstrained,Myopic,default_rate,0.11458333333333333,0.06249999999999999,0.15624999999999997
pd_under,PPO_unconstrained,Decrease20,default_rate,0.0,0.0,0.0
pd_under,PPO_unconstrained,Static,el_violation_rate,-0.171875,-0.28125,-0.10416666666666667
pd_under,PPO_unconstrained,Greedy,el_violation_rate,-0.20833333333333334,-0.3072916666666667,-0.11458333333333333
pd_under,PPO_unconstrained,Myopic,el_violation_rate,-0.3072916666666667,-0.3985677083333333,-0.203125
pd_under,PPO_unconstrained,Decrease20,el_violation_rate,0.0,0.0,0.0
pd_under,PPO_unconstrained,Static,true_violation_rate,-0.11458333333333333,-0.15104166666666666,-0.07539062500000011
pd_under,PPO_unconstrained,Greedy,true_violation_rate,-0.0625,-0.10416666666666667,-0.02604166666666666
pd_under,PPO_unconstrained,Myopic,true_violation_rate,-0.13020833333333334,-0.19791666666666669,-0.062499999999999986
pd_under,PPO_unconstrained,Decrease20,true_violation_rate,0.0,0.0,0.0
pd_under,RiskBased,Static,value,629.8523266680692,485.44057489366503,782.7666532127902
pd_under,RiskBased,Greedy,value,54.747271991590125,-100.57877167424098,217.39622656440704
pd_under,RiskBased,Myopic,value,257.3693003576511,100.02995182981206,413.08228496200877
pd_under,RiskBased,Decrease20,value,-61.788775949081206,-222.3148663802241,91.94966674808389
pd_under,RiskBased,Static,loss,-697.219423696548,-884.8285386004645,-530.1237347771736
pd_under,RiskBased,Greedy,loss,-144.17356264740576,-315.3424356988426,20.668148188814843
pd_under,RiskBased,Myopic,loss,-399.0905485395066,-560.2725213228638,-221.3475306702635
pd_under,RiskBased,Decrease20,loss,606.5085148864305,509.38021402841207,706.594682443211
pd_under,RiskBased,Static,default_rate,-0.031249999999999993,-0.0625,0.010416666666666678
pd_under,RiskBased,Greedy,default_rate,0.05208333333333335,0.010416666666666671,0.09375000000000004
pd_under,RiskBased,Myopic,default_rate,0.031250000000000014,0.004947916666666684,0.06250000000000003
pd_under,RiskBased,Decrease20,default_rate,-0.08333333333333331,-0.14583333333333331,-0.020833333333333315
pd_under,RiskBased,Static,el_violation_rate,-0.10937500000000001,-0.18229166666666669,-0.057291666666666685
pd_under,RiskBased,Greedy,el_violation_rate,-0.14583333333333334,-0.2604166666666667,-0.052083333333333336
pd_under,RiskBased,Myopic,el_violation_rate,-0.24479166666666669,-0.33333333333333337,-0.15351562500000016
pd_under,RiskBased,Decrease20,el_violation_rate,0.062499999999999986,0.02604166666666665,0.10416666666666666
pd_under,RiskBased,Static,true_violation_rate,-0.05208333333333334,-0.08333333333333333,-0.02604166666666668
pd_under,RiskBased,Greedy,true_violation_rate,-1.214306433183765e-17,-0.05208333333333335,0.04687499999999997
pd_under,RiskBased,Myopic,true_violation_rate,-0.06770833333333336,-0.11458333333333336,-0.015625000000000014
pd_under,RiskBased,Decrease20,true_violation_rate,0.0625,0.03125,0.09375
pd_under,Static,Greedy,value,-575.1050546764791,-786.210534480542,-365.71894680731646
pd_under,Static,Myopic,value,-372.48302631041804,-614.3190322934282,-171.5078782491648
pd_under,Static,Decrease20,value,-691.6411026171504,-940.3975565798543,-432.21903002034844
pd_under,Static,Greedy,loss,553.0458610491422,327.1466242351907,772.3840840151059
pd_under,Static,Myopic,loss,298.1288751570414,75.59283086782861,568.934188772405
pd_under,Static,Decrease20,loss,1303.7279385829784,1101.672092455043,1508.0182806186838
pd_under,Static,Greedy,default_rate,0.08333333333333334,0.06249999999999997,0.11458333333333334
pd_under,Static,Myopic,default_rate,0.0625,0.031249999999999986,0.09375000000000003
pd_under,Static,Decrease20,default_rate,-0.052083333333333315,-0.10416666666666664,2.7755575615628914e-17
pd_under,Static,Greedy,el_violation_rate,-0.03645833333333333,-0.171875,0.05481770833333322
pd_under,Static,Myopic,el_violation_rate,-0.13541666666666669,-0.25,-0.026041666666666664
pd_under,Static,Decrease20,el_violation_rate,0.171875,0.10143229166666667,0.2760416666666667
pd_under,Static,Greedy,true_violation_rate,0.05208333333333333,-0.015625000000000024,0.10690104166666656
pd_under,Static,Myopic,true_violation_rate,-0.015625000000000014,-0.08085937500000001,0.052083333333333356
pd_under,Static,Decrease20,true_violation_rate,0.11458333333333334,0.07291666666666667,0.15104166666666669
portfolio_world_0,BufferedRiskBased,Static,value,919.1093201734418,790.1701881911267,1029.4461975709467
portfolio_world_0,BufferedRiskBased,Greedy,value,123.47773093972874,-11.23968039855179,267.29195648037137
portfolio_world_0,BufferedRiskBased,Myopic,value,176.37786396517654,-17.27503127067847,368.6594106283224
portfolio_world_0,BufferedRiskBased,Decrease20,value,-550.3948216153824,-652.9466821144797,-429.1757557485916
portfolio_world_0,BufferedRiskBased,Static,loss,-1077.0722369794862,-1194.2449333209279,-958.2740256821115
portfolio_world_0,BufferedRiskBased,Greedy,loss,-224.66639430757033,-353.3481314955143,-109.45830556172473
portfolio_world_0,BufferedRiskBased,Myopic,loss,-213.87502016036058,-396.66907436404915,-25.19092914399368
portfolio_world_0,BufferedRiskBased,Decrease20,loss,811.2115251591423,691.1738167237053,917.0362095156598
portfolio_world_0,BufferedRiskBased,Static,default_rate,-1.3877787807814457e-17,-0.041666666666666685,0.04166666666666665
portfolio_world_0,BufferedRiskBased,Greedy,default_rate,0.052083333333333315,0.02083333333333333,0.07291666666666666
portfolio_world_0,BufferedRiskBased,Myopic,default_rate,0.010416666666666657,-0.031250000000000014,0.062499999999999986
portfolio_world_0,BufferedRiskBased,Decrease20,default_rate,-0.03125000000000003,-0.06250000000000004,0.01041666666666663
portfolio_world_0,BufferedRiskBased,Static,el_violation_rate,-0.15052083333333335,-0.23834635416666666,-0.06502604166666676
portfolio_world_0,BufferedRiskBased,Greedy,el_violation_rate,-0.07500000000000001,-0.16145833333333337,0.01145833333333333
portfolio_world_0,BufferedRiskBased,Myopic,el_violation_rate,0.005208333333333336,-0.04166666666666666,0.057291666666666664
portfolio_world_0,BufferedRiskBased,Decrease20,el_violation_rate,0.2666552197802198,0.18175738324175825,0.3312044986263736
portfolio_world_0,BufferedRiskBased,Static,true_violation_rate,-0.0796875,-0.14583333333333331,-0.006471354166666691
portfolio_world_0,BufferedRiskBased,Greedy,true_violation_rate,0.016666666666666673,-0.015624999999999986,0.050546874999999984
portfolio_world_0,BufferedRiskBased,Myopic,true_violation_rate,-0.0031249999999999924,-0.04791666666666666,0.04166666666666669
portfolio_world_0,BufferedRiskBased,Decrease20,true_violation_rate,0.11668956043956047,0.05669642857142858,0.17708333333333337
portfolio_world_0,Decrease20,Static,value,1469.5041417888242,1337.5335428718251,1602.7508062397394
portfolio_world_0,Decrease20,Greedy,value,673.872552555111,563.9150057769732,791.2653493789434
portfolio_world_0,Decrease20,Myopic,value,726.7726855805589,467.014362865591,926.0441787598362
portfolio_world_0,Decrease20,Static,loss,-1888.2837621386284,-2005.315537567495,-1768.167219706045
portfolio_world_0,Decrease20,Greedy,loss,-1035.8779194667127,-1148.4841880442366,-931.9315286544687
portfolio_world_0,Decrease20,Myopic,loss,-1025.0865453195029,-1222.4804114534684,-769.8940742690121
portfolio_world_0,Decrease20,Static,default_rate,0.031250000000000014,-0.02083333333333333,0.08333333333333336
portfolio_world_0,Decrease20,Greedy,default_rate,0.08333333333333334,0.052083333333333356,0.11458333333333333
portfolio_world_0,Decrease20,Myopic,default_rate,0.041666666666666685,0.0,0.0729166666666667
portfolio_world_0,Decrease20,Static,el_violation_rate,-0.4171760531135531,-0.5158743990384616,-0.3168040293040293
portfolio_world_0,Decrease20,Greedy,el_violation_rate,-0.34165521978021984,-0.41776041666666675,-0.25663776327838833
portfolio_world_0,Decrease20,Myopic,el_violation_rate,-0.26144688644688646,-0.33926482371794875,-0.16266941391941395
portfolio_world_0,Decrease20,Static,true_violation_rate,-0.19637706043956044,-0.26984375,-0.12135273580586087
portfolio_world_0,Decrease20,Greedy,true_violation_rate,-0.10002289377289379,-0.17011217948717952,-0.020297332875457916
portfolio_world_0,Decrease20,Myopic,true_violation_rate,-0.11981456043956046,-0.18886217948717954,-0.04211309523809525
portfolio_world_0,Greedy,Static,value,795.6315892337129,648.5467650995542,968.8344836308312
portfolio_world_0,Greedy,Myopic,value,52.9001330254478,-179.30576578511426,270.0242315835381
portfolio_world_0,Greedy,Decrease20,value,-673.872552555111,-791.2653493789434,-563.9150057769732
portfolio_world_0,Greedy,Static,loss,-852.4058426719159,-1007.9023126023174,-716.6943416538031
portfolio_world_0,Greedy,Myopic,loss,10.791374147209751,-216.0168898257254,247.37315157287222
portfolio_world_0,Greedy,Decrease20,loss,1035.8779194667127,931.9315286544685,1148.4841880442366
portfolio_world_0,Greedy,Static,default_rate,-0.05208333333333333,-0.09374999999999999,-0.010416666666666671
portfolio_world_0,Greedy,Myopic,default_rate,-0.04166666666666666,-0.09375,2.7755575615628914e-17
portfolio_world_0,Greedy,Decrease20,default_rate,-0.08333333333333334,-0.11458333333333333,-0.052083333333333356
portfolio_world_0,Greedy,Static,el_violation_rate,-0.07552083333333333,-0.12376302083333332,-0.020833333333333336
portfolio_world_0,Greedy,Myopic,el_violation_rate,0.08020833333333335,-0.00937499999999998,0.16145833333333337
portfolio_world_0,Greedy,Decrease20,el_violation_rate,0.34165521978021984,0.25663776327838833,0.4177604166666667
portfolio_world_0,Greedy,Static,true_violation_rate,-0.09635416666666666,-0.15501302083333335,-0.04166666666666666
portfolio_world_0,Greedy,Myopic,true_violation_rate,-0.019791666666666666,-0.07083333333333333,0.03229166666666667
portfolio_world_0,Greedy,Decrease20,true_violation_rate,0.10002289377289379,0.020297332875457895,0.17011217948717938
portfolio_world_0,Myopic,Static,value,742.7314562082652,524.2815782062706,971.5204106903022
portfolio_world_0,Myopic,Greedy,value,-52.9001330254478,-270.0242315835383,179.30576578511426
portfolio_world_0,Myopic,Decrease20,value,-726.7726855805589,-926.0441787598363,-467.01436286559107
portfolio_world_0,Myopic,Static,loss,-863.1972168191256,-1102.3666236058205,-641.5252763461065
portfolio_world_0,Myopic,Greedy,loss,-10.791374147209751,-247.37315157287233,216.0168898257254
portfolio_world_0,Myopic,Decrease20,loss,1025.0865453195029,769.8940742690121,1222.4804114534684
portfolio_world_0,Myopic,Static,default_rate,-0.010416666666666671,-0.06250000000000001,0.041666666666666685
portfolio_world_0,Myopic,Greedy,default_rate,0.04166666666666666,-2.7755575615628914e-17,0.09375
portfolio_world_0,Myopic,Decrease20,default_rate,-0.041666666666666685,-0.0729166666666667,0.0
portfolio_world_0,Myopic,Static,el_violation_rate,-0.15572916666666667,-0.2135416666666667,-0.0765625
portfolio_world_0,Myopic,Greedy,el_violation_rate,-0.08020833333333335,-0.16145833333333337,0.00937499999999998
portfolio_world_0,Myopic,Decrease20,el_violation_rate,0.26144688644688646,0.16266941391941392,0.33926482371794875
portfolio_world_0,Myopic,Static,true_violation_rate,-0.0765625,-0.16406250000000003,0.024505208333333323
portfolio_world_0,Myopic,Greedy,true_violation_rate,0.019791666666666666,-0.03229166666666667,0.07083333333333333
portfolio_world_0,Myopic,Decrease20,true_violation_rate,0.11981456043956046,0.04211309523809525,0.18886217948717954
portfolio_world_0,PPO_hard,Static,value,1311.855354839609,1094.5864652837874,1488.0622467517308
portfolio_world_0,PPO_hard,Greedy,value,516.2237656058959,353.9991694836897,681.6821964537424
portfolio_world_0,PPO_hard,Myopic,value,569.1238986313436,331.15025582931406,814.5483517988155
portfolio_world_0,PPO_hard,Decrease20,value,-157.6487869492152,-306.6579610148759,-18.443687984066386
portfolio_world_0,PPO_hard,Static,loss,-1622.7914925361447,-1855.3168534084173,-1368.0362988630939
portfolio_world_0,PPO_hard,Greedy,loss,-770.3856498642286,-995.3781843860277,-576.5659887001033
portfolio_world_0,PPO_hard,Myopic,loss,-759.5942757170191,-1050.8575034029316,-478.1965824393571
portfolio_world_0,PPO_hard,Decrease20,loss,265.49226960248393,80.86530271238533,471.64069036145645
portfolio_world_0,PPO_hard,Static,default_rate,0.02083333333333334,-0.031249999999999993,0.07291666666666667
portfolio_world_0,PPO_hard,Greedy,default_rate,0.07291666666666667,0.0347222222222222,0.10763888888888891
portfolio_world_0,PPO_hard,Myopic,default_rate,0.03125000000000001,-0.013888888888888895,0.07291666666666669
portfolio_world_0,PPO_hard,Decrease20,default_rate,-0.010416666666666676,-0.04861111111111113,0.020833333333333325
portfolio_world_0,PPO_hard,Static,el_violation_rate,-0.37401238807488807,-0.482079326923077,-0.26660156250000006
portfolio_world_0,PPO_hard,Greedy,el_violation_rate,-0.29849155474155475,-0.3986124465811966,-0.18621038105413107
portfolio_world_0,PPO_hard,Myopic,el_violation_rate,-0.21828322140822143,-0.3261904761904762,-0.10165798611111111
portfolio_world_0,PPO_hard,Decrease20,el_violation_rate,0.043163665038665054,-0.02232200091575092,0.13991408475783473
portfolio_world_0,PPO_hard,Static,true_violation_rate,-0.16950994607244607,-0.2526678240740741,-0.08735532407407412
portfolio_world_0,PPO_hard,Greedy,true_violation_rate,-0.07315577940577943,-0.15318032661782666,-0.00446037469474971
portfolio_world_0,PPO_hard,Myopic,true_violation_rate,-0.0929474460724461,-0.16452352335164835,-0.012533068783068821
portfolio_world_0,PPO_hard,Decrease20,true_violation_rate,0.026867114367114375,-0.015887038308913314,0.07781005163817661
portfolio_world_0,PPO_penalty,Static,value,1470.5315696857979,1345.1904689149515,1589.2866326047465
portfolio_world_0,PPO_penalty,Greedy,value,674.8999804520851,576.99488447882,790.9189750942447
portfolio_world_0,PPO_penalty,Myopic,value,727.8001134775328,438.6449011405615,918.7672857219769
portfolio_world_0,PPO_penalty,Decrease20,value,1.027427896974018,0.0,3.082283690922054
portfolio_world_0,PPO_penalty,Static,loss,-1889.3536876638045,-2004.07500841468,-1772.8063763168675
portfolio_world_0,PPO_penalty,Greedy,loss,-1036.9478449918886,-1143.2584814106265,-938.2941283030774
portfolio_world_0,PPO_penalty,Myopic,loss,-1026.1564708446788,-1229.744563609957,-749.8762023823675
portfolio_world_0,PPO_penalty,Decrease20,loss,-1.0699255251759041,-3.2097765755277123,0.0
portfolio_world_0,PPO_penalty,Static,default_rate,0.031250000000000014,-0.0208333333333333,0.08333333333333336
portfolio_world_0,PPO_penalty,Greedy,default_rate,0.08333333333333336,0.05208333333333335,0.11458333333333331
portfolio_world_0,PPO_penalty,Myopic,default_rate,0.041666666666666685,0.0,0.0729166666666667
portfolio_world_0,PPO_penalty,Decrease20,default_rate,0.0,0.0,0.0
portfolio_world_0,PPO_penalty,Static,el_violation_rate,-0.4171760531135531,-0.5117838541666667,-0.3208194539835165
portfolio_world_0,PPO_penalty,Greedy,el_violation_rate,-0.34165521978021984,-0.4291666666666667,-0.2578571428571429
portfolio_world_0,PPO_penalty,Myopic,el_violation_rate,-0.26144688644688646,-0.3399645146520147,-0.1601639766483517
portfolio_world_0,PPO_penalty,Decrease20,el_violation_rate,0.0,0.0,0.0
portfolio_world_0,PPO_penalty,Static,true_violation_rate,-0.19637706043956046,-0.27310081845238093,-0.12555860805860813
portfolio_world_0,PPO_penalty,Greedy,true_violation_rate,-0.10002289377289379,-0.17482171474358976,-0.0196251144688645
portfolio_world_0,PPO_penalty,Myopic,true_violation_rate,-0.11981456043956046,-0.18543755723443225,-0.040680803571428586
portfolio_world_0,PPO_penalty,Decrease20,true_violation_rate,0.0,0.0,0.0
portfolio_world_0,PPO_unconstrained,Static,value,1470.5315696857979,1345.1904689149515,1589.2866326047465
portfolio_world_0,PPO_unconstrained,Greedy,value,674.8999804520851,576.99488447882,790.9189750942447
portfolio_world_0,PPO_unconstrained,Myopic,value,727.8001134775328,438.6449011405615,918.7672857219769
portfolio_world_0,PPO_unconstrained,Decrease20,value,1.027427896974018,0.0,3.082283690922054
portfolio_world_0,PPO_unconstrained,Static,loss,-1889.3536876638045,-2004.07500841468,-1772.8063763168675
portfolio_world_0,PPO_unconstrained,Greedy,loss,-1036.9478449918886,-1143.2584814106265,-938.2941283030774
portfolio_world_0,PPO_unconstrained,Myopic,loss,-1026.1564708446788,-1229.744563609957,-749.8762023823675
portfolio_world_0,PPO_unconstrained,Decrease20,loss,-1.0699255251759041,-3.2097765755277123,0.0
portfolio_world_0,PPO_unconstrained,Static,default_rate,0.031250000000000014,-0.0208333333333333,0.08333333333333336
portfolio_world_0,PPO_unconstrained,Greedy,default_rate,0.08333333333333336,0.05208333333333335,0.11458333333333331
portfolio_world_0,PPO_unconstrained,Myopic,default_rate,0.041666666666666685,0.0,0.0729166666666667
portfolio_world_0,PPO_unconstrained,Decrease20,default_rate,0.0,0.0,0.0
portfolio_world_0,PPO_unconstrained,Static,el_violation_rate,-0.4171760531135531,-0.5117838541666667,-0.3208194539835165
portfolio_world_0,PPO_unconstrained,Greedy,el_violation_rate,-0.34165521978021984,-0.4291666666666667,-0.2578571428571429
portfolio_world_0,PPO_unconstrained,Myopic,el_violation_rate,-0.26144688644688646,-0.3399645146520147,-0.1601639766483517
portfolio_world_0,PPO_unconstrained,Decrease20,el_violation_rate,0.0,0.0,0.0
portfolio_world_0,PPO_unconstrained,Static,true_violation_rate,-0.19637706043956046,-0.27310081845238093,-0.12555860805860813
portfolio_world_0,PPO_unconstrained,Greedy,true_violation_rate,-0.10002289377289379,-0.17482171474358976,-0.0196251144688645
portfolio_world_0,PPO_unconstrained,Myopic,true_violation_rate,-0.11981456043956046,-0.18543755723443225,-0.040680803571428586
portfolio_world_0,PPO_unconstrained,Decrease20,true_violation_rate,0.0,0.0,0.0
portfolio_world_0,RiskBased,Static,value,919.1093201734418,790.1701881911267,1029.4461975709467
portfolio_world_0,RiskBased,Greedy,value,123.47773093972874,-11.23968039855179,267.29195648037137
portfolio_world_0,RiskBased,Myopic,value,176.37786396517654,-17.27503127067847,368.6594106283224
portfolio_world_0,RiskBased,Decrease20,value,-550.3948216153824,-652.9466821144797,-429.1757557485916
portfolio_world_0,RiskBased,Static,loss,-1077.0722369794862,-1194.2449333209279,-958.2740256821115
portfolio_world_0,RiskBased,Greedy,loss,-224.66639430757033,-353.3481314955143,-109.45830556172473
portfolio_world_0,RiskBased,Myopic,loss,-213.87502016036058,-396.66907436404915,-25.19092914399368
portfolio_world_0,RiskBased,Decrease20,loss,811.2115251591423,691.1738167237053,917.0362095156598
portfolio_world_0,RiskBased,Static,default_rate,-1.3877787807814457e-17,-0.041666666666666685,0.04166666666666665
portfolio_world_0,RiskBased,Greedy,default_rate,0.052083333333333315,0.02083333333333333,0.07291666666666666
portfolio_world_0,RiskBased,Myopic,default_rate,0.010416666666666657,-0.031250000000000014,0.062499999999999986
portfolio_world_0,RiskBased,Decrease20,default_rate,-0.03125000000000003,-0.06250000000000004,0.01041666666666663
portfolio_world_0,RiskBased,Static,el_violation_rate,-0.15052083333333335,-0.23834635416666666,-0.06502604166666676
portfolio_world_0,RiskBased,Greedy,el_violation_rate,-0.07500000000000001,-0.16145833333333337,0.01145833333333333
portfolio_world_0,RiskBased,Myopic,el_violation_rate,0.005208333333333336,-0.04166666666666666,0.057291666666666664
portfolio_world_0,RiskBased,Decrease20,el_violation_rate,0.2666552197802198,0.18175738324175825,0.3312044986263736
portfolio_world_0,RiskBased,Static,true_violation_rate,-0.0796875,-0.14583333333333331,-0.006471354166666691
portfolio_world_0,RiskBased,Greedy,true_violation_rate,0.016666666666666673,-0.015624999999999986,0.050546874999999984
portfolio_world_0,RiskBased,Myopic,true_violation_rate,-0.0031249999999999924,-0.04791666666666666,0.04166666666666669
portfolio_world_0,RiskBased,Decrease20,true_violation_rate,0.11668956043956047,0.05669642857142858,0.17708333333333337
portfolio_world_0,Static,Greedy,value,-795.6315892337129,-968.8344836308312,-648.5467650995542
portfolio_world_0,Static,Myopic,value,-742.7314562082652,-971.5204106903025,-524.2815782062706
portfolio_world_0,Static,Decrease20,value,-1469.5041417888242,-1602.7508062397396,-1337.5335428718251
portfolio_world_0,Static,Greedy,loss,852.4058426719159,716.6943416538031,1007.9023126023174
portfolio_world_0,Static,Myopic,loss,863.1972168191256,641.5252763461065,1102.3666236058205
portfolio_world_0,Static,Decrease20,loss,1888.2837621386284,1768.167219706045,2005.315537567495
portfolio_world_0,Static,Greedy,default_rate,0.05208333333333333,0.010416666666666671,0.09374999999999999
portfolio_world_0,Static,Myopic,default_rate,0.010416666666666671,-0.041666666666666685,0.06250000000000001
portfolio_world_0,Static,Decrease20,default_rate,-0.031250000000000014,-0.08333333333333336,0.02083333333333333
portfolio_world_0,Static,Greedy,el_violation_rate,0.07552083333333333,0.020833333333333336,0.12376302083333326
portfolio_world_0,Static,Myopic,el_violation_rate,0.15572916666666667,0.0765625,0.2135416666666667
portfolio_world_0,Static,Decrease20,el_violation_rate,0.4171760531135531,0.3168040293040293,0.5158743990384616
portfolio_world_0,Static,Greedy,true_violation_rate,0.09635416666666666,0.04166666666666666,0.1550130208333333
portfolio_world_0,Static,Myopic,true_violation_rate,0.0765625,-0.024505208333333344,0.16406250000000003
portfolio_world_0,Static,Decrease20,true_violation_rate,0.19637706043956044,0.12135273580586083,0.26984374999999994
portfolio_world_1,BufferedRiskBased,Static,value,571.6350449213169,358.31263068433674,790.8136192274235
portfolio_world_1,BufferedRiskBased,Greedy,value,39.52942636908884,-192.7445068465537,269.7569417656613
portfolio_world_1,BufferedRiskBased,Myopic,value,149.54916778322587,27.283149760945353,274.0332280950179
portfolio_world_1,BufferedRiskBased,Decrease20,value,-583.1022157956634,-778.6277025510941,-411.255054798333
portfolio_world_1,BufferedRiskBased,Static,loss,-708.323817416263,-906.108019843705,-527.1102318175609
portfolio_world_1,BufferedRiskBased,Greedy,loss,-133.18823092651667,-330.65386628933624,68.59536696466199
portfolio_world_1,BufferedRiskBased,Myopic,loss,-233.50670144269273,-353.817160727649,-114.22740481764194
portfolio_world_1,BufferedRiskBased,Decrease20,loss,786.6226243729752,636.5585052261773,981.2760648481799
portfolio_world_1,BufferedRiskBased,Static,default_rate,0.052083333333333356,4.163336342344337e-17,0.09375000000000001
portfolio_world_1,BufferedRiskBased,Greedy,default_rate,0.07291666666666667,0.03125,0.11458333333333333
portfolio_world_1,BufferedRiskBased,Myopic,default_rate,0.020833333333333343,-0.0208333333333333,0.052083333333333356
portfolio_world_1,BufferedRiskBased,Decrease20,default_rate,-0.03125,-0.08333333333333333,0.010416666666666671
portfolio_world_1,BufferedRiskBased,Static,el_violation_rate,-0.18086080586080588,-0.27684294871794873,-0.09069940476190483
portfolio_world_1,BufferedRiskBased,Greedy,el_violation_rate,-0.1391941391941392,-0.2593563988095239,-0.025613839285714323
portfolio_world_1,BufferedRiskBased,Myopic,el_violation_rate,-0.12208104395604394,-0.2535084706959707,0.016052827380952345
portfolio_world_1,BufferedRiskBased,Decrease20,el_violation_rate,0.19237637362637366,0.09012419871794876,0.29455986721611715
portfolio_world_1,BufferedRiskBased,Static,true_violation_rate,-0.07841117216117219,-0.1786758814102564,0.006042525183150144
portfolio_world_1,BufferedRiskBased,Greedy,true_violation_rate,0.05179716117216116,-0.04687500000000001,0.15179143772893766
portfolio_world_1,BufferedRiskBased,Myopic,true_violation_rate,-0.030048076923076938,-0.1066849816849817,0.0788690476190476
portfolio_world_1,BufferedRiskBased,Decrease20,true_violation_rate,0.08392857142857142,-0.04870793269230769,0.19974416208791207
portfolio_world_1,Decrease20,Static,value,1154.73726071698,966.5813572931266,1369.3613322617432
portfolio_world_1,Decrease20,Greedy,value,622.6316421647521,412.49568476022245,866.723885644054
portfolio_world_1,Decrease20,Myopic,value,732.6513835788892,539.4272911065191,923.0217314585568
portfolio_world_1,Decrease20,Static,loss,-1494.9464417892382,-1679.183211743902,-1327.8887933996518
portfolio_world_1,Decrease20,Greedy,loss,-919.810855299492,-1132.671991041301,-741.2124222697022
portfolio_world_1,Decrease20,Myopic,loss,-1020.1293258156679,-1210.6210845934172,-837.8853762047445
portfolio_world_1,Decrease20,Static,default_rate,0.08333333333333336,0.010416666666666699,0.15130208333333311
portfolio_world_1,Decrease20,Greedy,default_rate,0.10416666666666667,0.04166666666666667,0.15625
portfolio_world_1,Decrease20,Myopic,default_rate,0.05208333333333334,-0.020833333333333308,0.125
portfolio_world_1,Decrease20,Static,el_violation_rate,-0.3732371794871795,-0.44304487179487184,-0.2977063301282052
portfolio_world_1,Decrease20,Greedy,el_violation_rate,-0.33157051282051286,-0.4004507211538462,-0.25460937500000014
portfolio_world_1,Decrease20,Myopic,el_violation_rate,-0.31445741758241763,-0.40304773351648354,-0.22500000000000003
portfolio_world_1,Decrease20,Static,true_violation_rate,-0.1623397435897436,-0.27083333333333337,-0.052526041666666745
portfolio_world_1,Decrease20,Greedy,true_violation_rate,-0.03213141025641026,-0.11668669871794872,0.05432692307692308
portfolio_world_1,Decrease20,Myopic,true_violation_rate,-0.11397664835164834,-0.27126688415750916,0.025622996794871778
portfolio_world_1,Greedy,Static,value,532.105618552228,452.693983949964,604.9004542980655
portfolio_world_1,Greedy,Myopic,value,110.01974141413703,-132.5644875631528,309.98440789662476
portfolio_world_1,Greedy,Decrease20,value,-622.6316421647521,-866.723885644054,-412.49568476022256
portfolio_world_1,Greedy,Static,loss,-575.1355864897463,-643.3738417309451,-503.0994392439978
portfolio_world_1,Greedy,Myopic,loss,-100.31847051617606,-290.0700291969564,146.00998415207414
portfolio_world_1,Greedy,Decrease20,loss,919.810855299492,741.2124222697021,1132.671991041301
portfolio_world_1,Greedy,Static,default_rate,-0.020833333333333315,-0.04166666666666663,0.0
portfolio_world_1,Greedy,Myopic,default_rate,-0.05208333333333333,-0.09374999999999997,-0.010416666666666671
portfolio_world_1,Greedy,Decrease20,default_rate,-0.10416666666666667,-0.15625,-0.04166666666666667
portfolio_world_1,Greedy,Static,el_violation_rate,-0.041666666666666664,-0.08854166666666666,0.010416666666666675
portfolio_world_1,Greedy,Myopic,el_violation_rate,0.017113095238095247,-0.0632440476190476,0.078125
portfolio_world_1,Greedy,Decrease20,el_violation_rate,0.33157051282051286,0.254609375,0.40045072115384617
portfolio_world_1,Greedy,Static,true_violation_rate,-0.13020833333333334,-0.19270833333333334,-0.06250000000000001
portfolio_world_1,Greedy,Myopic,true_violation_rate,-0.0818452380952381,-0.1986607142857143,-0.010416666666666668
portfolio_world_1,Greedy,Decrease20,true_violation_rate,0.03213141025641026,-0.05432692307692308,0.11668669871794862
portfolio_world_1,Myopic,Static,value,422.08587713809095,225.75462937573636,651.8036041376224
portfolio_world_1,Myopic,Greedy,value,-110.01974141413703,-309.9844078966249,132.56448756315268
portfolio_world_1,Myopic,Decrease20,value,-732.6513835788892,-923.0217314585568,-539.4272911065191
portfolio_world_1,Myopic,Static,loss,-474.81711597357025,-705.2811825801563,-284.9883963661254
portfolio_world_1,Myopic,Greedy,loss,100.31847051617606,-146.0099841520742,290.0700291969564
portfolio_world_1,Myopic,Decrease20,loss,1020.1293258156679,837.8853762047445,1210.6210845934172
portfolio_world_1,Myopic,Static,default_rate,0.031250000000000014,-0.010416666666666644,0.06250000000000001
portfolio_world_1,Myopic,Greedy,default_rate,0.05208333333333333,0.010416666666666671,0.09374999999999997
portfolio_world_1,Myopic,Decrease20,default_rate,-0.05208333333333334,-0.125,0.020833333333333308
portfolio_world_1,Myopic,Static,el_violation_rate,-0.05877976190476191,-0.14335937499999998,0.03720238095238094
portfolio_world_1,Myopic,Greedy,el_violation_rate,-0.017113095238095247,-0.078125,0.0632440476190476
portfolio_world_1,Myopic,Decrease20,el_violation_rate,0.31445741758241763,0.22500000000000003,0.4030477335164835
portfolio_world_1,Myopic,Static,true_violation_rate,-0.04836309523809525,-0.14661458333333333,0.05106026785714275
portfolio_world_1,Myopic,Greedy,true_violation_rate,0.0818452380952381,0.010416666666666668,0.1986607142857143
portfolio_world_1,Myopic,Decrease20,true_violation_rate,0.11397664835164834,-0.0256229967948718,0.2712668841575089
portfolio_world_1,PPO_hard,Static,value,962.0974535757247,741.3982252040101,1240.0707563280027
portfolio_world_1,PPO_hard,Greedy,value,429.99183502349666,170.16933525653977,728.8256617201399
portfolio_world_1,PPO_hard,Myopic,value,540.0115764376337,323.87442398621477,771.7623844377891
portfolio_world_1,PPO_hard,Decrease20,value,-192.63980714125546,-338.61684968075764,-62.198778245365446
portfolio_world_1,PPO_hard,Static,loss,-1221.9156114681527,-1519.6517931992064,-982.0261253153121
portfolio_world_1,PPO_hard,Greedy,loss,-646.7800249784065,-963.2837188691326,-379.2272943767375
portfolio_world_1,PPO_hard,Myopic,loss,-747.0984954945825,-1017.9568284243361,-501.2271614696784
portfolio_world_1,PPO_hard,Decrease20,loss,273.03083032108543,100.8578322972017,466.31248725939344
portfolio_world_1,PPO_hard,Static,default_rate,0.07638888888888891,0.010416666666666699,0.13541666666666669
portfolio_world_1,PPO_hard,Greedy,default_rate,0.09722222222222222,0.041666666666666664,0.14583333333333334
portfolio_world_1,PPO_hard,Myopic,default_rate,0.045138888888888895,-0.010416666666666644,0.1076388888888889
portfolio_world_1,PPO_hard,Decrease20,default_rate,-0.0069444444444444475,-0.03472222222222223,0.013888888888888881
portfolio_world_1,PPO_hard,Static,el_violation_rate,-0.3316646316646317,-0.41951522435897437,-0.24365689865689868
portfolio_world_1,PPO_hard,Greedy,el_violation_rate,-0.289997964997965,-0.36739449786324785,-0.18791832010582016
portfolio_world_1,PPO_hard,Myopic,el_violation_rate,-0.2728848697598698,-0.36840001144688644,-0.1527232142857144
portfolio_world_1,PPO_hard,Decrease20,el_violation_rate,0.04157254782254783,-0.015315170940170934,0.13036391559829058
portfolio_world_1,PPO_hard,Static,true_violation_rate,-0.14020019332519332,-0.22587673611111111,-0.059605368589743614
portfolio_world_1,PPO_hard,Greedy,true_violation_rate,-0.009991859991859994,-0.07816639957264959,0.05287803342490841
portfolio_world_1,PPO_hard,Myopic,true_violation_rate,-0.0918370980870981,-0.21912711131461132,0.026107772435897382
portfolio_world_1,PPO_hard,Decrease20,true_violation_rate,0.022139550264550265,-0.03364383012820511,0.07888688568376062
portfolio_world_1,PPO_penalty,Static,value,1157.079763587901,979.2058665590657,1375.4978383523041
portfolio_world_1,PPO_penalty,Greedy,value,624.9741450356729,426.72474723235473,858.2892792742267
portfolio_world_1,PPO_penalty,Myopic,value,734.9938864498099,544.5540983817205,917.0714091566732
portfolio_world_1,PPO_penalty,Decrease20,value,2.3425028709208107,0.0,7.027508612762432
portfolio_world_1,PPO_penalty,Static,loss,-1497.353774220884,-1687.970810979892,-1341.9161720911827
portfolio_world_1,PPO_penalty,Greedy,loss,-922.2181877311376,-1129.6712962655765,-755.0241163372144
portfolio_world_1,PPO_penalty,Myopic,loss,-1022.5366582473138,-1180.458422706762,-840.3186454327581
portfolio_world_1,PPO_penalty,Decrease20,loss,-2.4073324316457274,-7.221997294937182,0.0
portfolio_world_1,PPO_penalty,Static,default_rate,0.08333333333333336,0.010416666666666699,0.15130208333333311
portfolio_world_1,PPO_penalty,Greedy,default_rate,0.10416666666666667,0.041666666666666685,0.15625
portfolio_world_1,PPO_penalty,Myopic,default_rate,0.05208333333333335,-0.020833333333333294,0.13541666666666666
portfolio_world_1,PPO_penalty,Decrease20,default_rate,0.0,0.0,0.0
portfolio_world_1,PPO_penalty,Static,el_violation_rate,-0.37323717948717955,-0.4465845352564103,-0.29791666666666666
portfolio_world_1,PPO_penalty,Greedy,el_violation_rate,-0.33157051282051286,-0.4006410256410257,-0.25203125000000004
portfolio_world_1,PPO_penalty,Myopic,el_violation_rate,-0.31445741758241763,-0.3941892742673993,-0.21777243589743603
portfolio_world_1,PPO_penalty,Decrease20,el_violation_rate,0.0,0.0,0.0
portfolio_world_1,PPO_penalty,Static,true_violation_rate,-0.1623397435897436,-0.2765645032051282,-0.053619791666666694
portfolio_world_1,PPO_penalty,Greedy,true_violation_rate,-0.03213141025641026,-0.12138421474358975,0.05246394230769223
portfolio_world_1,PPO_penalty,Myopic,true_violation_rate,-0.11397664835164834,-0.2561627174908425,0.016750801282051277
portfolio_world_1,PPO_penalty,Decrease20,true_violation_rate,0.0,0.0,0.0
portfolio_world_1,PPO_unconstrained,Static,value,1157.079763587901,979.2058665590657,1375.4978383523041
portfolio_world_1,PPO_unconstrained,Greedy,value,624.9741450356729,426.72474723235473,858.2892792742267
portfolio_world_1,PPO_unconstrained,Myopic,value,734.9938864498099,544.5540983817205,917.0714091566732
portfolio_world_1,PPO_unconstrained,Decrease20,value,2.3425028709208107,0.0,7.027508612762432
portfolio_world_1,PPO_unconstrained,Static,loss,-1497.353774220884,-1687.970810979892,-1341.9161720911827
portfolio_world_1,PPO_unconstrained,Greedy,loss,-922.2181877311376,-1129.6712962655765,-755.0241163372144
portfolio_world_1,PPO_unconstrained,Myopic,loss,-1022.5366582473138,-1180.458422706762,-840.3186454327581
portfolio_world_1,PPO_unconstrained,Decrease20,loss,-2.4073324316457274,-7.221997294937182,0.0
portfolio_world_1,PPO_unconstrained,Static,default_rate,0.08333333333333336,0.010416666666666699,0.15130208333333311
portfolio_world_1,PPO_unconstrained,Greedy,default_rate,0.10416666666666667,0.041666666666666685,0.15625
portfolio_world_1,PPO_unconstrained,Myopic,default_rate,0.05208333333333335,-0.020833333333333294,0.13541666666666666
portfolio_world_1,PPO_unconstrained,Decrease20,default_rate,0.0,0.0,0.0
portfolio_world_1,PPO_unconstrained,Static,el_violation_rate,-0.37323717948717955,-0.4465845352564103,-0.29791666666666666
portfolio_world_1,PPO_unconstrained,Greedy,el_violation_rate,-0.33157051282051286,-0.4006410256410257,-0.25203125000000004
portfolio_world_1,PPO_unconstrained,Myopic,el_violation_rate,-0.31445741758241763,-0.3941892742673993,-0.21777243589743603
portfolio_world_1,PPO_unconstrained,Decrease20,el_violation_rate,0.0,0.0,0.0
portfolio_world_1,PPO_unconstrained,Static,true_violation_rate,-0.1623397435897436,-0.2765645032051282,-0.053619791666666694
portfolio_world_1,PPO_unconstrained,Greedy,true_violation_rate,-0.03213141025641026,-0.12138421474358975,0.05246394230769223
portfolio_world_1,PPO_unconstrained,Myopic,true_violation_rate,-0.11397664835164834,-0.2561627174908425,0.016750801282051277
portfolio_world_1,PPO_unconstrained,Decrease20,true_violation_rate,0.0,0.0,0.0
portfolio_world_1,RiskBased,Static,value,571.6350449213169,358.31263068433674,790.8136192274235
portfolio_world_1,RiskBased,Greedy,value,39.52942636908884,-192.7445068465537,269.7569417656613
portfolio_world_1,RiskBased,Myopic,value,149.54916778322587,27.283149760945353,274.0332280950179
portfolio_world_1,RiskBased,Decrease20,value,-583.1022157956634,-778.6277025510941,-411.255054798333
portfolio_world_1,RiskBased,Static,loss,-708.323817416263,-906.108019843705,-527.1102318175609
portfolio_world_1,RiskBased,Greedy,loss,-133.18823092651667,-330.65386628933624,68.59536696466199
portfolio_world_1,RiskBased,Myopic,loss,-233.50670144269273,-353.817160727649,-114.22740481764194
portfolio_world_1,RiskBased,Decrease20,loss,786.6226243729752,636.5585052261773,981.2760648481799
portfolio_world_1,RiskBased,Static,default_rate,0.052083333333333356,4.163336342344337e-17,0.09375000000000001
portfolio_world_1,RiskBased,Greedy,default_rate,0.07291666666666667,0.03125,0.11458333333333333
portfolio_world_1,RiskBased,Myopic,default_rate,0.020833333333333343,-0.0208333333333333,0.052083333333333356
portfolio_world_1,RiskBased,Decrease20,default_rate,-0.03125,-0.08333333333333333,0.010416666666666671
portfolio_world_1,RiskBased,Static,el_violation_rate,-0.18086080586080588,-0.27684294871794873,-0.09069940476190483
portfolio_world_1,RiskBased,Greedy,el_violation_rate,-0.1391941391941392,-0.2593563988095239,-0.025613839285714323
portfolio_world_1,RiskBased,Myopic,el_violation_rate,-0.12208104395604394,-0.2535084706959707,0.016052827380952345
portfolio_world_1,RiskBased,Decrease20,el_violation_rate,0.19237637362637366,0.09012419871794876,0.29455986721611715
portfolio_world_1,RiskBased,Static,true_violation_rate,-0.07841117216117219,-0.1786758814102564,0.006042525183150144
portfolio_world_1,RiskBased,Greedy,true_violation_rate,0.05179716117216116,-0.04687500000000001,0.15179143772893766
portfolio_world_1,RiskBased,Myopic,true_violation_rate,-0.030048076923076938,-0.1066849816849817,0.0788690476190476
portfolio_world_1,RiskBased,Decrease20,true_violation_rate,0.08392857142857142,-0.04870793269230769,0.19974416208791207
portfolio_world_1,Static,Greedy,value,-532.105618552228,-604.9004542980655,-452.6939839499641
portfolio_world_1,Static,Myopic,value,-422.08587713809095,-651.8036041376225,-225.75462937573639
portfolio_world_1,Static,Decrease20,value,-1154.73726071698,-1369.3613322617432,-966.5813572931268
portfolio_world_1,Static,Greedy,loss,575.1355864897463,503.0994392439978,643.3738417309451
portfolio_world_1,Static,Myopic,loss,474.81711597357025,284.9883963661254,705.2811825801562
portfolio_world_1,Static,Decrease20,loss,1494.9464417892382,1327.8887933996518,1679.183211743902
portfolio_world_1,Static,Greedy,default_rate,0.020833333333333315,0.0,0.04166666666666663
portfolio_world_1,Static,Myopic,default_rate,-0.031250000000000014,-0.06250000000000001,0.010416666666666644
portfolio_world_1,Static,Decrease20,default_rate,-0.08333333333333336,-0.15130208333333334,-0.010416666666666699
portfolio_world_1,Static,Greedy,el_violation_rate,0.041666666666666664,-0.010416666666666675,0.08854166666666666
portfolio_world_1,Static,Myopic,el_violation_rate,0.05877976190476191,-0.03720238095238094,0.14335937499999987
portfolio_world_1,Static,Decrease20,el_violation_rate,0.3732371794871795,0.2977063301282052,0.44304487179487184
portfolio_world_1,Static,Greedy,true_violation_rate,0.13020833333333334,0.06250000000000001,0.19270833333333334
portfolio_world_1,Static,Myopic,true_violation_rate,0.04836309523809525,-0.051060267857142835,0.1466145833333333
portfolio_world_1,Static,Decrease20,true_violation_rate,0.1623397435897436,0.052526041666666676,0.27083333333333337
portfolio_world_2,BufferedRiskBased,Static,value,754.156766687585,639.2482502662982,882.0814332173782
portfolio_world_2,BufferedRiskBased,Greedy,value,173.44822061608366,-14.033276803339115,357.45792089355166
portfolio_world_2,BufferedRiskBased,Myopic,value,263.7194146966741,67.94190524398421,429.90398958866564
portfolio_world_2,BufferedRiskBased,Decrease20,value,-514.0948819633386,-658.7079018407924,-376.5623267604463
portfolio_world_2,BufferedRiskBased,Static,loss,-863.1387031881161,-991.8501307956091,-757.2562202446011
portfolio_world_2,BufferedRiskBased,Greedy,loss,-259.54302293712453,-419.55922425564455,-97.71564866075958
portfolio_world_2,BufferedRiskBased,Myopic,loss,-315.46611515757957,-473.5405698924189,-126.3480113436397
portfolio_world_2,BufferedRiskBased,Decrease20,loss,781.2298934269247,647.2554108081536,918.5589822881245
portfolio_world_2,BufferedRiskBased,Static,default_rate,0.010416666666666671,0.0,0.031250000000000014
portfolio_world_2,BufferedRiskBased,Greedy,default_rate,0.06250000000000001,0.02578125000000002,0.10416666666666666
portfolio_world_2,BufferedRiskBased,Myopic,default_rate,-0.010416666666666657,-0.05208333333333334,0.03125000000000003
portfolio_world_2,BufferedRiskBased,Decrease20,default_rate,-0.07291666666666664,-0.15624999999999997,2.7755575615628914e-17
portfolio_world_2,BufferedRiskBased,Static,el_violation_rate,-0.19571314102564102,-0.27600661057692316,-0.12760416666666663
portfolio_world_2,BufferedRiskBased,Greedy,el_violation_rate,-0.0829326923076923,-0.125,-0.030048076923076927
portfolio_world_2,BufferedRiskBased,Myopic,el_violation_rate,-0.09134615384615385,-0.15009014423076922,-0.02604166666666667
portfolio_world_2,BufferedRiskBased,Decrease20,el_violation_rate,0.18535943223443227,0.13012477106227108,0.23563501602564096
portfolio_world_2,BufferedRiskBased,Static,true_violation_rate,-0.020032051282051287,-0.04967948717948718,0.005208333333333329
portfolio_world_2,BufferedRiskBased,Greedy,true_violation_rate,0.049879807692307696,-0.010416666666666671,0.11433794070512815
portfolio_world_2,BufferedRiskBased,Myopic,true_violation_rate,0.03645833333333332,-1.7520707107365742e-17,0.078125
portfolio_world_2,BufferedRiskBased,Decrease20,true_violation_rate,0.1126430860805861,0.03873883928571432,0.18681175595238086
portfolio_world_2,Decrease20,Static,value,1268.2516486509237,1047.8364560916768,1427.2334095927479
portfolio_world_2,Decrease20,Greedy,value,687.5431025794223,466.3218467635117,850.5617229975869
portfolio_world_2,Decrease20,Myopic,value,777.8142966600128,509.2944870687573,1036.2841711230676
portfolio_world_2,Decrease20,Static,loss,-1644.3685966150408,-1781.4728505756098,-1471.5910620068457
portfolio_world_2,Decrease20,Greedy,loss,-1040.7729163640493,-1164.6437030327118,-874.5035661949065
portfolio_world_2,Decrease20,Myopic,loss,-1096.6960085845042,-1332.9295837475902,-829.613700017965
portfolio_world_2,Decrease20,Static,default_rate,0.08333333333333331,-2.7755575615628914e-17,0.17708333333333331
portfolio_world_2,Decrease20,Greedy,default_rate,0.13541666666666666,0.057031250000000006,0.21875
portfolio_world_2,Decrease20,Myopic,default_rate,0.062499999999999986,-0.010416666666666657,0.14583333333333331
portfolio_world_2,Decrease20,Static,el_violation_rate,-0.38107257326007327,-0.45671159569597075,-0.30426138965201466
portfolio_world_2,Decrease20,Greedy,el_violation_rate,-0.2682921245421246,-0.34375,-0.18064245650183158
portfolio_world_2,Decrease20,Myopic,el_violation_rate,-0.2767055860805861,-0.35711223672161174,-0.19339915293040302
portfolio_world_2,Decrease20,Static,true_violation_rate,-0.1326751373626374,-0.21929587339743592,-0.0563058035714286
portfolio_world_2,Decrease20,Greedy,true_violation_rate,-0.06276327838827842,-0.13667639652014654,0.0023958333333333006
portfolio_world_2,Decrease20,Myopic,true_violation_rate,-0.07618475274725278,-0.1582117101648352,0.005714285714285628
portfolio_world_2,Greedy,Static,value,580.7085460715014,384.698228529599,765.6108372002197
portfolio_world_2,Greedy,Myopic,value,90.27119408059046,-133.37159021034884,268.7457915215004
portfolio_world_2,Greedy,Decrease20,value,-687.5431025794223,-850.5617229975869,-466.3218467635117
portfolio_world_2,Greedy,Static,loss,-603.5956802509916,-764.6845947220922,-421.5353483220231
portfolio_world_2,Greedy,Myopic,loss,-55.923092220454976,-248.7471936496063,178.82574942709152
portfolio_world_2,Greedy,Decrease20,loss,1040.7729163640493,874.5035661949065,1164.6437030327118
portfolio_world_2,Greedy,Static,default_rate,-0.05208333333333334,-0.09375000000000003,0.0
portfolio_world_2,Greedy,Myopic,default_rate,-0.07291666666666667,-0.13541666666666666,-0.031249999999999986
portfolio_world_2,Greedy,Decrease20,default_rate,-0.13541666666666666,-0.21875,-0.05703125000000023
portfolio_world_2,Greedy,Static,el_violation_rate,-0.11278044871794873,-0.24198717948717957,-0.018229166666666657
portfolio_world_2,Greedy,Myopic,el_violation_rate,-0.008413461538461543,-0.09294871794871795,0.08085937499999987
portfolio_world_2,Greedy,Decrease20,el_violation_rate,0.2682921245421246,0.18064245650183153,0.34375
portfolio_world_2,Greedy,Static,true_violation_rate,-0.06991185897435898,-0.1487930689102564,-0.0026041666666666813
portfolio_world_2,Greedy,Myopic,true_violation_rate,-0.013421474358974369,-0.0791366185897436,0.05729166666666665
portfolio_world_2,Greedy,Decrease20,true_violation_rate,0.06276327838827842,-0.002395833333333313,0.13667639652014651
portfolio_world_2,Myopic,Static,value,490.4373519909109,287.07655052940754,760.3126649311456
portfolio_world_2,Myopic,Greedy,value,-90.27119408059046,-268.7457915215005,133.37159021034864
portfolio_world_2,Myopic,Decrease20,value,-777.8142966600128,-1036.2841711230676,-509.2944870687573
portfolio_world_2,Myopic,Static,loss,-547.6725880305365,-826.5823016288801,-330.6127431414439
portfolio_world_2,Myopic,Greedy,loss,55.923092220454976,-178.82574942709158,248.7471936496062
portfolio_world_2,Myopic,Decrease20,loss,1096.6960085845042,829.613700017965,1332.9295837475902
portfolio_world_2,Myopic,Static,default_rate,0.02083333333333333,-0.031250000000000014,0.08333333333333333
portfolio_world_2,Myopic,Greedy,default_rate,0.07291666666666667,0.031249999999999986,0.13541666666666666
portfolio_world_2,Myopic,Decrease20,default_rate,-0.062499999999999986,-0.14583333333333331,0.010416666666666657
portfolio_world_2,Myopic,Static,el_violation_rate,-0.1043669871794872,-0.16706730769230776,-0.041536458333333436
portfolio_world_2,Myopic,Greedy,el_violation_rate,0.008413461538461543,-0.08085937499999998,0.09294871794871795
portfolio_world_2,Myopic,Decrease20,el_violation_rate,0.2767055860805861,0.19339915293040297,0.35711223672161174
portfolio_world_2,Myopic,Static,true_violation_rate,-0.05649038461538461,-0.09294871794871795,-0.020412660256410267
portfolio_world_2,Myopic,Greedy,true_violation_rate,0.013421474358974369,-0.05729166666666665,0.07913661858974358
portfolio_world_2,Myopic,Decrease20,true_violation_rate,0.07618475274725278,-0.00571428571428568,0.15821171016483515
portfolio_world_2,PPO_hard,Static,value,1078.7097362424308,851.9267245343873,1296.4875381865177
portfolio_world_2,PPO_hard,Greedy,value,498.0011901709295,224.99940829154144,732.7833827038262
portfolio_world_2,PPO_hard,Myopic,value,588.2723842515201,281.58443053054964,861.4920148638574
portfolio_world_2,PPO_hard,Decrease20,value,-189.54191240849275,-328.55734252179434,-47.424912365147236
portfolio_world_2,PPO_hard,Static,loss,-1359.724128303331,-1623.688700999062,-1117.1941955823422
portfolio_world_2,PPO_hard,Greedy,loss,-756.1284480523396,-1010.0569399270425,-480.35738391038024
portfolio_world_2,PPO_hard,Myopic,loss,-812.0515402727946,-1108.898787355312,-478.4503233341487
portfolio_world_2,PPO_hard,Decrease20,loss,284.64446831170955,99.18073916022216,465.70855822224974
portfolio_world_2,PPO_hard,Static,default_rate,0.0625,-4.8572257327350465e-18,0.13194444444444442
portfolio_world_2,PPO_hard,Greedy,default_rate,0.11458333333333333,0.05555555555555556,0.17708333333333334
portfolio_world_2,PPO_hard,Myopic,default_rate,0.041666666666666664,-0.029600694444444423,0.11805555555555557
portfolio_world_2,PPO_hard,Decrease20,default_rate,-0.020833333333333325,-0.07291666666666664,0.017361111111111115
portfolio_world_2,PPO_hard,Static,el_violation_rate,-0.3564770299145299,-0.43509982638888894,-0.28439846611721614
portfolio_world_2,PPO_hard,Greedy,el_violation_rate,-0.24369658119658122,-0.31375868055555556,-0.1566592261904763
portfolio_world_2,PPO_hard,Myopic,el_violation_rate,-0.2521100427350427,-0.33232171474358974,-0.16477344703907207
portfolio_world_2,PPO_hard,Decrease20,el_violation_rate,0.024595543345543345,-2.80448717948698e-05,0.06976591117216112
portfolio_world_2,PPO_hard,Static,true_violation_rate,-0.10363057081807082,-0.16795744619963374,-0.04096044146825405
portfolio_world_2,PPO_hard,Greedy,true_violation_rate,-0.033718711843711856,-0.10841889880952382,0.04272836538461535
portfolio_world_2,PPO_hard,Myopic,true_violation_rate,-0.04714018620268623,-0.10592400221306474,0.013476562499999966
portfolio_world_2,PPO_hard,Decrease20,true_violation_rate,0.029044566544566556,-0.010008680555555542,0.09277110042735043
portfolio_world_2,PPO_penalty,Static,value,1268.2516486509237,1064.349791794463,1451.4086009436035
portfolio_world_2,PPO_penalty,Greedy,value,687.5431025794223,458.9077384764585,860.8748017654528
portfolio_world_2,PPO_penalty,Myopic,value,777.8142966600127,498.0798131210827,1032.2430068586193
portfolio_world_2,PPO_penalty,Decrease20,value,0.0,0.0,0.0
portfolio_world_2,PPO_penalty,Static,loss,-1644.3685966150406,-1795.1034912708483,-1475.7885340777216
portfolio_world_2,PPO_penalty,Greedy,loss,-1040.772916364049,-1163.1095865230964,-875.5569826208271
portfolio_world_2,PPO_penalty,Myopic,loss,-1096.6960085845042,-1329.5271634647884,-824.7860882559127
portfolio_world_2,PPO_penalty,Decrease20,loss,0.0,0.0,0.0
portfolio_world_2,PPO_penalty,Static,default_rate,0.08333333333333331,-2.7755575615628914e-17,0.17708333333333334
portfolio_world_2,PPO_penalty,Greedy,default_rate,0.13541666666666666,0.05703125000000001,0.21875
portfolio_world_2,PPO_penalty,Myopic,default_rate,0.06249999999999998,-0.010416666666666671,0.14583333333333331
portfolio_world_2,PPO_penalty,Decrease20,default_rate,0.0,0.0,0.0
portfolio_world_2,PPO_penalty,Static,el_violation_rate,-0.38107257326007327,-0.4507582131410257,-0.3059933035714286
portfolio_world_2,PPO_penalty,Greedy,el_violation_rate,-0.26829212454212453,-0.346875,-0.18318166208791228
portfolio_world_2,PPO_penalty,Myopic,el_violation_rate,-0.2767055860805861,-0.3525460737179487,-0.1828210851648352
portfolio_world_2,PPO_penalty,Decrease20,el_violation_rate,0.0,0.0,0.0
portfolio_world_2,PPO_penalty,Static,true_violation_rate,-0.1326751373626374,-0.21400540865384618,-0.051488095238095256
portfolio_world_2,PPO_penalty,Greedy,true_violation_rate,-0.0627632783882784,-0.13294557005494506,-0.0018028846153846764
portfolio_world_2,PPO_penalty,Myopic,true_violation_rate,-0.07618475274725278,-0.15863581730769233,0.004776785714285679
portfolio_world_2,PPO_penalty,Decrease20,true_violation_rate,0.0,0.0,0.0
portfolio_world_2,PPO_unconstrained,Static,value,1268.2516486509237,1064.349791794463,1451.4086009436035
portfolio_world_2,PPO_unconstrained,Greedy,value,687.5431025794223,458.9077384764585,860.8748017654528
portfolio_world_2,PPO_unconstrained,Myopic,value,777.8142966600127,498.0798131210827,1032.2430068586193
portfolio_world_2,PPO_unconstrained,Decrease20,value,0.0,0.0,0.0
portfolio_world_2,PPO_unconstrained,Static,loss,-1644.3685966150406,-1795.1034912708483,-1475.7885340777216
portfolio_world_2,PPO_unconstrained,Greedy,loss,-1040.772916364049,-1163.1095865230964,-875.5569826208271
portfolio_world_2,PPO_unconstrained,Myopic,loss,-1096.6960085845042,-1329.5271634647884,-824.7860882559127
portfolio_world_2,PPO_unconstrained,Decrease20,loss,0.0,0.0,0.0
portfolio_world_2,PPO_unconstrained,Static,default_rate,0.08333333333333331,-2.7755575615628914e-17,0.17708333333333334
portfolio_world_2,PPO_unconstrained,Greedy,default_rate,0.13541666666666666,0.05703125000000001,0.21875
portfolio_world_2,PPO_unconstrained,Myopic,default_rate,0.06249999999999998,-0.010416666666666671,0.14583333333333331
portfolio_world_2,PPO_unconstrained,Decrease20,default_rate,0.0,0.0,0.0
portfolio_world_2,PPO_unconstrained,Static,el_violation_rate,-0.38107257326007327,-0.4507582131410257,-0.3059933035714286
portfolio_world_2,PPO_unconstrained,Greedy,el_violation_rate,-0.26829212454212453,-0.346875,-0.18318166208791228
portfolio_world_2,PPO_unconstrained,Myopic,el_violation_rate,-0.2767055860805861,-0.3525460737179487,-0.1828210851648352
portfolio_world_2,PPO_unconstrained,Decrease20,el_violation_rate,0.0,0.0,0.0
portfolio_world_2,PPO_unconstrained,Static,true_violation_rate,-0.1326751373626374,-0.21400540865384618,-0.051488095238095256
portfolio_world_2,PPO_unconstrained,Greedy,true_violation_rate,-0.0627632783882784,-0.13294557005494506,-0.0018028846153846764
portfolio_world_2,PPO_unconstrained,Myopic,true_violation_rate,-0.07618475274725278,-0.15863581730769233,0.004776785714285679
portfolio_world_2,PPO_unconstrained,Decrease20,true_violation_rate,0.0,0.0,0.0
portfolio_world_2,RiskBased,Static,value,754.156766687585,639.2482502662982,882.0814332173782
portfolio_world_2,RiskBased,Greedy,value,173.44822061608366,-14.033276803339115,357.45792089355166
portfolio_world_2,RiskBased,Myopic,value,263.7194146966741,67.94190524398421,429.90398958866564
portfolio_world_2,RiskBased,Decrease20,value,-514.0948819633386,-658.7079018407924,-376.5623267604463
portfolio_world_2,RiskBased,Static,loss,-863.1387031881161,-991.8501307956091,-757.2562202446011
portfolio_world_2,RiskBased,Greedy,loss,-259.54302293712453,-419.55922425564455,-97.71564866075958
portfolio_world_2,RiskBased,Myopic,loss,-315.46611515757957,-473.5405698924189,-126.3480113436397
portfolio_world_2,RiskBased,Decrease20,loss,781.2298934269247,647.2554108081536,918.5589822881245
portfolio_world_2,RiskBased,Static,default_rate,0.010416666666666671,0.0,0.031250000000000014
portfolio_world_2,RiskBased,Greedy,default_rate,0.06250000000000001,0.02578125000000002,0.10416666666666666
portfolio_world_2,RiskBased,Myopic,default_rate,-0.010416666666666657,-0.05208333333333334,0.03125000000000003
portfolio_world_2,RiskBased,Decrease20,default_rate,-0.07291666666666664,-0.15624999999999997,2.7755575615628914e-17
portfolio_world_2,RiskBased,Static,el_violation_rate,-0.19571314102564102,-0.27600661057692316,-0.12760416666666663
portfolio_world_2,RiskBased,Greedy,el_violation_rate,-0.0829326923076923,-0.125,-0.030048076923076927
portfolio_world_2,RiskBased,Myopic,el_violation_rate,-0.09134615384615385,-0.15009014423076922,-0.02604166666666667
portfolio_world_2,RiskBased,Decrease20,el_violation_rate,0.18535943223443227,0.13012477106227108,0.23563501602564096
portfolio_world_2,RiskBased,Static,true_violation_rate,-0.020032051282051287,-0.04967948717948718,0.005208333333333329
portfolio_world_2,RiskBased,Greedy,true_violation_rate,0.049879807692307696,-0.010416666666666671,0.11433794070512815
portfolio_world_2,RiskBased,Myopic,true_violation_rate,0.03645833333333332,-1.7520707107365742e-17,0.078125
portfolio_world_2,RiskBased,Decrease20,true_violation_rate,0.1126430860805861,0.03873883928571432,0.18681175595238086
portfolio_world_2,Static,Greedy,value,-580.7085460715014,-765.6108372002199,-384.6982285295991
portfolio_world_2,Static,Myopic,value,-490.4373519909109,-760.3126649311457,-287.07655052940754
portfolio_world_2,Static,Decrease20,value,-1268.2516486509237,-1427.233409592748,-1047.8364560916768
portfolio_world_2,Static,Greedy,loss,603.5956802509916,421.5353483220228,764.6845947220922
portfolio_world_2,Static,Myopic,loss,547.6725880305365,330.61274314144384,826.5823016288796
portfolio_world_2,Static,Decrease20,loss,1644.3685966150408,1471.5910620068457,1781.4728505756095
portfolio_world_2,Static,Greedy,default_rate,0.05208333333333334,0.0,0.09375000000000003
portfolio_world_2,Static,Myopic,default_rate,-0.02083333333333333,-0.08333333333333333,0.031250000000000014
portfolio_world_2,Static,Decrease20,default_rate,-0.08333333333333331,-0.17708333333333331,2.7755575615628914e-17
portfolio_world_2,Static,Greedy,el_violation_rate,0.11278044871794873,0.018229166666666657,0.24198717948717957
portfolio_world_2,Static,Myopic,el_violation_rate,0.1043669871794872,0.041536458333333325,0.16706730769230776
portfolio_world_2,Static,Decrease20,el_violation_rate,0.38107257326007327,0.30426138965201466,0.4567115956959707
portfolio_world_2,Static,Greedy,true_violation_rate,0.06991185897435898,0.0026041666666666813,0.14879306891025637
portfolio_world_2,Static,Myopic,true_violation_rate,0.05649038461538461,0.02041266025641025,0.09294871794871795
portfolio_world_2,Static,Decrease20,true_violation_rate,0.1326751373626374,0.056305803571428586,0.21929587339743584
size_24,BufferedRiskBased,Static,value,543.6222647342842,467.9354938594298,618.5366516375793
size_24,BufferedRiskBased,Greedy,value,118.86265488690121,32.31509282688652,209.1227809786329
size_24,BufferedRiskBased,Myopic,value,63.41292155478607,-28.159347947694634,146.18893472268434
size_24,BufferedRiskBased,Decrease20,value,-11.058137818182951,-70.24621029844708,50.67908808782564
size_24,BufferedRiskBased,Static,loss,-689.5308871671635,-762.2551034708647,-617.4503030783451
size_24,BufferedRiskBased,Greedy,loss,-201.26766691147122,-281.19782882982673,-121.807918408321
size_24,BufferedRiskBased,Myopic,loss,-183.81788796641013,-265.23716973293824,-94.72461912079663
size_24,BufferedRiskBased,Decrease20,loss,340.52833210596106,292.42580849970295,390.9632757360262
size_24,BufferedRiskBased,Static,default_rate,-0.00868055555555556,-0.023480902777777774,0.006944444444444438
size_24,BufferedRiskBased,Greedy,default_rate,0.041666666666666664,0.022569444444444444,0.06076388888888888
size_24,BufferedRiskBased,Myopic,default_rate,0.04340277777777778,0.026041666666666668,0.061675347222222184
size_24,BufferedRiskBased,Decrease20,default_rate,-0.057291666666666664,-0.07291666666666667,-0.03993055555555556
size_24,BufferedRiskBased,Static,el_violation_rate,-0.14409722222222224,-0.1840277777777778,-0.10325520833333339
size_24,BufferedRiskBased,Greedy,el_violation_rate,-0.06250000000000001,-0.09548611111111112,-0.029513888888888895
size_24,BufferedRiskBased,Myopic,el_violation_rate,-0.026041666666666668,-0.05034722222222223,-0.004296875000000033
size_24,BufferedRiskBased,Decrease20,el_violation_rate,0.09375000000000001,0.07374131944444448,0.11549479166666665
size_24,BufferedRiskBased,Static,true_violation_rate,-0.08333333333333333,-0.11631944444444446,-0.052083333333333336
size_24,BufferedRiskBased,Greedy,true_violation_rate,9.25185853854297e-18,-0.01736111111111111,0.018272569444444418
size_24,BufferedRiskBased,Myopic,true_violation_rate,0.003472222222222226,-0.012152777777777781,0.020833333333333343
size_24,BufferedRiskBased,Decrease20,true_violation_rate,0.027777777777777773,0.0017361111111111186,0.054730902777777736
size_24,Decrease20,Static,value,554.6804025524672,456.68756720107405,650.6788823582222
size_24,Decrease20,Greedy,value,129.92079270508415,23.612546480019773,230.86799575019185
size_24,Decrease20,Myopic,value,74.47105937296902,-32.53895017347664,175.9160957218314
size_24,Decrease20,Static,loss,-1030.0592192731247,-1123.0298157173668,-941.8128168020708
size_24,Decrease20,Greedy,loss,-541.7959990174323,-633.6262971140363,-453.21211211903017
size_24,Decrease20,Myopic,loss,-524.3462200723712,-627.6370030994348,-428.55411320135767
size_24,Decrease20,Static,default_rate,0.04861111111111111,0.029513888888888885,0.07118055555555555
size_24,Decrease20,Greedy,default_rate,0.09895833333333333,0.07118055555555554,0.12500000000000003
size_24,Decrease20,Myopic,default_rate,0.10069444444444446,0.07465277777777778,0.1259114583333333
size_24,Decrease20,Static,el_violation_rate,-0.23784722222222224,-0.28563368055555555,-0.18832465277777782
size_24,Decrease20,Greedy,el_violation_rate,-0.15625000000000003,-0.1979166666666667,-0.11367187500000007
size_24,Decrease20,Myopic,el_violation_rate,-0.1197916666666667,-0.14756944444444448,-0.09027777777777782
size_24,Decrease20,Static,true_violation_rate,-0.1111111111111111,-0.15451388888888887,-0.07200520833333335
size_24,Decrease20,Greedy,true_violation_rate,-0.027777777777777766,-0.05381944444444444,7.806255641893794e-19
size_24,Decrease20,Myopic,true_violation_rate,-0.02430555555555555,-0.046875,0.0017361111111111188
size_24,Greedy,Static,value,424.75960984738305,323.5683859109453,529.9866026391771
size_24,Greedy,Myopic,value,-55.44973333211514,-111.13965776273024,7.806739545144748
size_24,Greedy,Decrease20,value,-129.92079270508415,-230.86799575019185,-23.612546480019873
size_24,Greedy,Static,loss,-488.26322025569226,-583.2808340697416,-393.79486315124433
size_24,Greedy,Myopic,loss,17.449778945061095,-41.45532689678225,72.21971695359832
size_24,Greedy,Decrease20,loss,541.7959990174323,453.21211211903017,633.6262971140362
size_24,Greedy,Static,default_rate,-0.05034722222222223,-0.06688368055555556,-0.034722222222222224
size_24,Greedy,Myopic,default_rate,0.0017361111111111143,-0.010416666666666663,0.01562500000000001
size_24,Greedy,Decrease20,default_rate,-0.09895833333333333,-0.12500000000000003,-0.07118055555555554
size_24,Greedy,Static,el_violation_rate,-0.08159722222222222,-0.1189670138888889,-0.05290798611111115
size_24,Greedy,Myopic,el_violation_rate,0.03645833333333334,0.006944444444444448,0.06597222222222222
size_24,Greedy,Decrease20,el_violation_rate,0.15625000000000003,0.11367187500000003,0.1979166666666667
size_24,Greedy,Static,true_violation_rate,-0.08333333333333333,-0.11805555555555558,-0.05208333333333335
size_24,Greedy,Myopic,true_violation_rate,0.003472222222222217,-0.010416666666666671,0.015624999999999986
size_24,Greedy,Decrease20,true_violation_rate,0.027777777777777766,-7.806255641895519e-19,0.05381944444444444
size_24,Myopic,Static,value,480.20934317949815,378.62905809623373,587.6237316061323
size_24,Myopic,Greedy,value,55.44973333211514,-7.806739545144774,111.13965776273022
size_24,Myopic,Decrease20,value,-74.47105937296902,-175.91609572183143,32.538950173476564
size_24,Myopic,Static,loss,-505.71299920075336,-604.7939664512915,-401.65190440733267
size_24,Myopic,Greedy,loss,-17.449778945061095,-72.21971695359834,41.45532689678223
size_24,Myopic,Decrease20,loss,524.3462200723712,428.55411320135767,627.6370030994348
size_24,Myopic,Static,default_rate,-0.052083333333333336,-0.07118055555555557,-0.03472222222222222
size_24,Myopic,Greedy,default_rate,-0.0017361111111111143,-0.01562500000000001,0.010416666666666663
size_24,Myopic,Decrease20,default_rate,-0.10069444444444446,-0.12591145833333334,-0.07465277777777778
size_24,Myopic,Static,el_violation_rate,-0.11805555555555554,-0.16063368055555557,-0.0798611111111111
size_24,Myopic,Greedy,el_violation_rate,-0.03645833333333334,-0.06597222222222222,-0.006944444444444448
size_24,Myopic,Decrease20,el_violation_rate,0.1197916666666667,0.09027777777777782,0.14756944444444448
size_24,Myopic,Static,true_violation_rate,-0.08680555555555557,-0.11979166666666669,-0.05985243055555559
size_24,Myopic,Greedy,true_violation_rate,-0.003472222222222217,-0.015624999999999986,0.010416666666666671
size_24,Myopic,Decrease20,true_violation_rate,0.02430555555555555,-0.0017361111111111188,0.046875
size_24,PPO_hard,Static,value,624.7363969080429,510.2203065224985,768.0039404229052
size_24,PPO_hard,Greedy,value,199.97678706065997,74.85659052950673,360.15773167980313
size_24,PPO_hard,Myopic,value,144.52705372854481,25.216763706144384,291.4219180519949
size_24,PPO_hard,Decrease20,value,70.05599435557579,-11.505469604831458,196.67591947427786
size_24,PPO_hard,Static,loss,-960.608263679133,-1079.7595880311633,-852.601360138394
size_24,PPO_hard,Greedy,loss,-472.3450434234406,-594.6090730218255,-358.62154721849936
size_24,PPO_hard,Myopic,loss,-454.89526447837943,-573.7608452562355,-341.4540666597962
size_24,PPO_hard,Decrease20,loss,69.45095559399176,0.0,153.3756143844014
size_24,PPO_hard,Static,default_rate,0.010995370370370369,-0.019979745370370377,0.04340277777777779
size_24,PPO_hard,Greedy,default_rate,0.06134259259259259,0.026041666666666654,0.09722222222222225
size_24,PPO_hard,Myopic,default_rate,0.0630787037037037,0.028631365740740742,0.09895833333333333
size_24,PPO_hard,Decrease20,default_rate,-0.03761574074074075,-0.07437789351851853,0.0
size_24,PPO_hard,Static,el_violation_rate,-0.20601851851851855,-0.2676649305555556,-0.1536024305555556
size_24,PPO_hard,Greedy,el_violation_rate,-0.12442129629629634,-0.18491030092592597,-0.07170138888888897
size_24,PPO_hard,Myopic,el_violation_rate,-0.08796296296296298,-0.13224826388888894,-0.04687500000000002
size_24,PPO_hard,Decrease20,el_violation_rate,0.031828703703703706,0.0,0.06944444444444448
size_24,PPO_hard,Static,true_violation_rate,-0.11053240740740741,-0.1545138888888889,-0.07401620370370375
size_24,PPO_hard,Greedy,true_violation_rate,-0.027199074074074063,-0.05034722222222221,-0.004629629629629625
size_24,PPO_hard,Myopic,true_violation_rate,-0.023726851851851846,-0.0486111111111111,-0.002589699074074079
size_24,PPO_hard,Decrease20,true_violation_rate,0.0005787037037037001,-0.017361111111111115,0.02083333333333333
size_24,PPO_penalty,Static,value,554.6804025524671,467.62142651698446,648.2490300010314
size_24,PPO_penalty,Greedy,value,129.92079270508418,30.641985164714132,223.9234898912708
size_24,PPO_penalty,Myopic,value,74.47105937296902,-21.357111901245236,171.82622941499628
size_24,PPO_penalty,Decrease20,value,0.0,0.0,0.0
size_24,PPO_penalty,Static,loss,-1030.0592192731247,-1118.542029817581,-944.4477161237361
size_24,PPO_penalty,Greedy,loss,-541.7959990174323,-626.7577164155558,-459.66188744345055
size_24,PPO_penalty,Myopic,loss,-524.3462200723711,-615.1178107828775,-439.9309077537114
size_24,PPO_penalty,Decrease20,loss,0.0,0.0,0.0
size_24,PPO_penalty,Static,default_rate,0.04861111111111111,0.029513888888888888,0.06944444444444446
size_24,PPO_penalty,Greedy,default_rate,0.09895833333333334,0.07291666666666667,0.12500000000000003
size_24,PPO_penalty,Myopic,default_rate,0.10069444444444445,0.078125,0.125
size_24,PPO_penalty,Decrease20,default_rate,0.0,0.0,0.0
size_24,PPO_penalty,Static,el_violation_rate,-0.2378472222222222,-0.2864583333333333,-0.18658854166666675
size_24,PPO_penalty,Greedy,el_violation_rate,-0.15625000000000006,-0.2032118055555556,-0.11458333333333338
size_24,PPO_penalty,Myopic,el_violation_rate,-0.11979166666666669,-0.15195312500000002,-0.08936631944444451
size_24,PPO_penalty,Decrease20,el_violation_rate,0.0,0.0,0.0
size_24,PPO_penalty,Static,true_violation_rate,-0.1111111111111111,-0.15716145833333334,-0.07118055555555554
size_24,PPO_penalty,Greedy,true_violation_rate,-0.02777777777777777,-0.05646701388888887,-0.0017361111111111017
size_24,PPO_penalty,Myopic,true_violation_rate,-0.024305555555555546,-0.0503472222222222,0.003472222222222225
size_24,PPO_penalty,Decrease20,true_violation_rate,0.0,0.0,0.0
size_24,PPO_unconstrained,Static,value,554.6804025524671,467.62142651698446,648.2490300010314
size_24,PPO_unconstrained,Greedy,value,129.92079270508418,30.641985164714132,223.9234898912708
size_24,PPO_unconstrained,Myopic,value,74.47105937296902,-21.357111901245236,171.82622941499628
size_24,PPO_unconstrained,Decrease20,value,0.0,0.0,0.0
size_24,PPO_unconstrained,Static,loss,-1030.0592192731247,-1118.542029817581,-944.4477161237361
size_24,PPO_unconstrained,Greedy,loss,-541.7959990174323,-626.7577164155558,-459.66188744345055
size_24,PPO_unconstrained,Myopic,loss,-524.3462200723711,-615.1178107828775,-439.9309077537114
size_24,PPO_unconstrained,Decrease20,loss,0.0,0.0,0.0
size_24,PPO_unconstrained,Static,default_rate,0.04861111111111111,0.029513888888888888,0.06944444444444446
size_24,PPO_unconstrained,Greedy,default_rate,0.09895833333333334,0.07291666666666667,0.12500000000000003
size_24,PPO_unconstrained,Myopic,default_rate,0.10069444444444445,0.078125,0.125
size_24,PPO_unconstrained,Decrease20,default_rate,0.0,0.0,0.0
size_24,PPO_unconstrained,Static,el_violation_rate,-0.2378472222222222,-0.2864583333333333,-0.18658854166666675
size_24,PPO_unconstrained,Greedy,el_violation_rate,-0.15625000000000006,-0.2032118055555556,-0.11458333333333338
size_24,PPO_unconstrained,Myopic,el_violation_rate,-0.11979166666666669,-0.15195312500000002,-0.08936631944444451
size_24,PPO_unconstrained,Decrease20,el_violation_rate,0.0,0.0,0.0
size_24,PPO_unconstrained,Static,true_violation_rate,-0.1111111111111111,-0.15716145833333334,-0.07118055555555554
size_24,PPO_unconstrained,Greedy,true_violation_rate,-0.02777777777777777,-0.05646701388888887,-0.0017361111111111017
size_24,PPO_unconstrained,Myopic,true_violation_rate,-0.024305555555555546,-0.0503472222222222,0.003472222222222225
size_24,PPO_unconstrained,Decrease20,true_violation_rate,0.0,0.0,0.0
size_24,RiskBased,Static,value,543.6222647342842,467.9354938594298,618.5366516375793
size_24,RiskBased,Greedy,value,118.86265488690121,32.31509282688652,209.1227809786329
size_24,RiskBased,Myopic,value,63.41292155478607,-28.159347947694634,146.18893472268434
size_24,RiskBased,Decrease20,value,-11.058137818182951,-70.24621029844708,50.67908808782564
size_24,RiskBased,Static,loss,-689.5308871671635,-762.2551034708647,-617.4503030783451
size_24,RiskBased,Greedy,loss,-201.26766691147122,-281.19782882982673,-121.807918408321
size_24,RiskBased,Myopic,loss,-183.81788796641013,-265.23716973293824,-94.72461912079663
size_24,RiskBased,Decrease20,loss,340.52833210596106,292.42580849970295,390.9632757360262
size_24,RiskBased,Static,default_rate,-0.00868055555555556,-0.023480902777777774,0.006944444444444438
size_24,RiskBased,Greedy,default_rate,0.041666666666666664,0.022569444444444444,0.06076388888888888
size_24,RiskBased,Myopic,default_rate,0.04340277777777778,0.026041666666666668,0.061675347222222184
size_24,RiskBased,Decrease20,default_rate,-0.057291666666666664,-0.07291666666666667,-0.03993055555555556
size_24,RiskBased,Static,el_violation_rate,-0.14409722222222224,-0.1840277777777778,-0.10325520833333339
size_24,RiskBased,Greedy,el_violation_rate,-0.06250000000000001,-0.09548611111111112,-0.029513888888888895
size_24,RiskBased,Myopic,el_violation_rate,-0.026041666666666668,-0.05034722222222223,-0.004296875000000033
size_24,RiskBased,Decrease20,el_violation_rate,0.09375000000000001,0.07374131944444448,0.11549479166666665
size_24,RiskBased,Static,true_violation_rate,-0.08333333333333333,-0.11631944444444446,-0.052083333333333336
size_24,RiskBased,Greedy,true_violation_rate,9.25185853854297e-18,-0.01736111111111111,0.018272569444444418
size_24,RiskBased,Myopic,true_violation_rate,0.003472222222222226,-0.012152777777777781,0.020833333333333343
size_24,RiskBased,Decrease20,true_violation_rate,0.027777777777777773,0.0017361111111111186,0.054730902777777736
size_24,Static,Greedy,value,-424.75960984738305,-529.9866026391772,-323.5683859109453
size_24,Static,Myopic,value,-480.20934317949815,-587.6237316061324,-378.62905809623373
size_24,Static,Decrease20,value,-554.6804025524672,-650.6788823582222,-456.6875672010741
size_24,Static,Greedy,loss,488.26322025569226,393.7948631512443,583.2808340697416
size_24,Static,Myopic,loss,505.71299920075336,401.6519044073326,604.7939664512915
size_24,Static,Decrease20,loss,1030.0592192731247,941.8128168020706,1123.0298157173668
size_24,Static,Greedy,default_rate,0.05034722222222223,0.034722222222222224,0.06688368055555553
size_24,Static,Myopic,default_rate,0.052083333333333336,0.03472222222222222,0.07118055555555557
size_24,Static,Decrease20,default_rate,-0.04861111111111111,-0.07118055555555555,-0.029513888888888885
size_24,Static,Greedy,el_violation_rate,0.08159722222222222,0.05290798611111112,0.11896701388888886
size_24,Static,Myopic,el_violation_rate,0.11805555555555554,0.0798611111111111,0.16063368055555552
size_24,Static,Decrease20,el_violation_rate,0.23784722222222224,0.1883246527777778,0.28563368055555555
size_24,Static,Greedy,true_violation_rate,0.08333333333333333,0.05208333333333335,0.11805555555555558
size_24,Static,Myopic,true_violation_rate,0.08680555555555557,0.05985243055555555,0.11979166666666669
size_24,Static,Decrease20,true_violation_rate,0.1111111111111111,0.07200520833333332,0.15451388888888887
size_8,BufferedRiskBased,Static,value,468.8919430446819,319.8198176741397,590.2226319530401
size_8,BufferedRiskBased,Greedy,value,181.36228095050637,27.223418466375605,313.4391869994599
size_8,BufferedRiskBased,Myopic,value,218.9825126215961,85.32013430495954,375.4160171891596
size_8,BufferedRiskBased,Decrease20,value,48.495460547522974,-79.54902312297148,180.54708686067852
size_8,BufferedRiskBased,Static,loss,-627.2769558832282,-738.9875694790031,-503.6253406543058
size_8,BufferedRiskBased,Greedy,loss,-296.58116000153024,-409.3355081669798,-162.17919603569902
size_8,BufferedRiskBased,Myopic,loss,-327.0188820957614,-458.3772417891504,-211.62194004502277
size_8,BufferedRiskBased,Decrease20,loss,348.60989063515916,236.38345057016426,456.7582262423207
size_8,BufferedRiskBased,Static,default_rate,0.0,-0.036458333333333336,0.036458333333333336
size_8,BufferedRiskBased,Greedy,default_rate,0.036458333333333336,0.0,0.07565104166666656
size_8,BufferedRiskBased,Myopic,default_rate,0.026041666666666668,-0.005208333333333333,0.0625
size_8,BufferedRiskBased,Decrease20,default_rate,-0.052083333333333336,-0.10169270833333333,-0.010416666666666666
size_8,BufferedRiskBased,Static,el_violation_rate,-0.19270833333333334,-0.2752170138888889,-0.13020833333333334
size_8,BufferedRiskBased,Greedy,el_violation_rate,-0.20486111111111108,-0.26653645833333334,-0.1397135416666667
size_8,BufferedRiskBased,Myopic,el_violation_rate,-0.16319444444444448,-0.21966145833333334,-0.10590277777777779
size_8,BufferedRiskBased,Decrease20,el_violation_rate,0.13020833333333334,0.08333333333333336,0.17890624999999993
size_8,BufferedRiskBased,Static,true_violation_rate,-0.06944444444444446,-0.10590277777777779,-0.03472222222222222
size_8,BufferedRiskBased,Greedy,true_violation_rate,-0.03472222222222223,-0.07465277777777779,0.005208333333333338
size_8,BufferedRiskBased,Myopic,true_violation_rate,-0.03125000000000001,-0.05555555555555558,-0.007769097222222263
size_8,BufferedRiskBased,Decrease20,true_violation_rate,0.02083333333333332,-0.017361111111111122,0.05729166666666665
size_8,Decrease20,Static,value,420.396482497159,198.77306209319454,588.4091406883964
size_8,Decrease20,Greedy,value,132.8668204029834,-60.50429079394507,302.7808990159065
size_8,Decrease20,Myopic,value,170.48705207407315,-26.674343200514002,345.2781510494677
size_8,Decrease20,Static,loss,-975.8868465183872,-1121.9504098149011,-809.2675613537962
size_8,Decrease20,Greedy,loss,-645.1910506366894,-810.0711612565067,-476.7554138505246
size_8,Decrease20,Myopic,loss,-675.6287727309206,-833.7200897338668,-501.9112241058995
size_8,Decrease20,Static,default_rate,0.052083333333333336,0.0,0.11731770833333321
size_8,Decrease20,Greedy,default_rate,0.08854166666666667,0.038932291666666674,0.14583333333333334
size_8,Decrease20,Myopic,default_rate,0.078125,0.02851562500000001,0.14583333333333334
size_8,Decrease20,Static,el_violation_rate,-0.3229166666666667,-0.42031250000000003,-0.23867187500000006
size_8,Decrease20,Greedy,el_violation_rate,-0.3350694444444444,-0.4097222222222222,-0.25338541666666675
size_8,Decrease20,Myopic,el_violation_rate,-0.2934027777777778,-0.34548611111111116,-0.23958333333333334
size_8,Decrease20,Static,true_violation_rate,-0.09027777777777779,-0.1415364583333333,-0.0486111111111111
size_8,Decrease20,Greedy,true_violation_rate,-0.055555555555555546,-0.10937499999999997,-0.010416666666666654
size_8,Decrease20,Myopic,true_violation_rate,-0.052083333333333336,-0.09466145833333332,-0.012152777777777775
size_8,Greedy,Static,value,287.52966209417554,163.13325751619936,391.4841632401856
size_8,Greedy,Myopic,value,37.62023167108973,-98.74996299054338,186.07624376193874
size_8,Greedy,Decrease20,value,-132.8668204029834,-302.7808990159065,60.50429079394491
size_8,Greedy,Static,loss,-330.69579588169785,-421.75712908706373,-226.05471031858028
size_8,Greedy,Myopic,loss,-30.437722094231162,-159.70930527048353,98.98766353570178
size_8,Greedy,Decrease20,loss,645.1910506366894,476.75541385052446,810.0711612565067
size_8,Greedy,Static,default_rate,-0.036458333333333336,-0.07291666666666667,0.0
size_8,Greedy,Myopic,default_rate,-0.010416666666666666,-0.046875,0.020833333333333332
size_8,Greedy,Decrease20,default_rate,-0.08854166666666667,-0.14583333333333334,-0.038932291666666785
size_8,Greedy,Static,el_violation_rate,0.012152777777777768,-0.06341145833333334,0.0816840277777777
size_8,Greedy,Myopic,el_violation_rate,0.04166666666666665,-0.0138888888888889,0.10243055555555555
size_8,Greedy,Decrease20,el_violation_rate,0.3350694444444444,0.25338541666666664,0.4097222222222222
size_8,Greedy,Static,true_violation_rate,-0.03472222222222223,-0.07291666666666669,-0.0017361111111111104
size_8,Greedy,Myopic,true_violation_rate,0.0034722222222222164,-0.022569444444444448,0.027777777777777773
size_8,Greedy,Decrease20,true_violation_rate,0.055555555555555546,0.010416666666666654,0.10937499999999997
size_8,Myopic,Static,value,249.9094304230858,73.26916469579106,387.4447080779377
size_8,Myopic,Greedy,value,-37.62023167108973,-186.07624376193883,98.74996299054335
size_8,Myopic,Decrease20,value,-170.48705207407315,-345.27815104946774,26.67434320051393
size_8,Myopic,Static,loss,-300.2580737874667,-411.9075228089214,-168.92748505356795
size_8,Myopic,Greedy,loss,30.437722094231162,-98.98766353570181,159.70930527048353
size_8,Myopic,Decrease20,loss,675.6287727309206,501.9112241058994,833.7200897338666
size_8,Myopic,Static,default_rate,-0.026041666666666668,-0.078125,0.020833333333333332
size_8,Myopic,Greedy,default_rate,0.010416666666666666,-0.020833333333333332,0.046875
size_8,Myopic,Decrease20,default_rate,-0.078125,-0.14583333333333334,-0.02851562500000012
size_8,Myopic,Static,el_violation_rate,-0.029513888888888878,-0.12938368055555557,0.060763888888888895
size_8,Myopic,Greedy,el_violation_rate,-0.04166666666666665,-0.10243055555555555,0.0138888888888889
size_8,Myopic,Decrease20,el_violation_rate,0.2934027777777778,0.23958333333333334,0.34548611111111116
size_8,Myopic,Static,true_violation_rate,-0.03819444444444445,-0.07118055555555557,-0.010416666666666666
size_8,Myopic,Greedy,true_violation_rate,-0.0034722222222222164,-0.027777777777777773,0.022569444444444448
size_8,Myopic,Decrease20,true_violation_rate,0.052083333333333336,0.012152777777777775,0.09466145833333328
size_8,PPO_hard,Static,value,524.7601641024364,307.920742030998,724.0771838417122
size_8,PPO_hard,Greedy,value,237.23050200826088,19.218072937527474,429.30548003596243
size_8,PPO_hard,Myopic,value,274.85073367935064,75.87703825368162,463.1534108884156
size_8,PPO_hard,Decrease20,value,104.36368160527746,-3.2865527710362707,258.47025930963895
size_8,PPO_hard,Static,loss,-931.9668316030859,-1084.319886298448,-757.03478447165
size_8,PPO_hard,Greedy,loss,-601.2710357213881,-758.3793269796709,-421.2775715010354
size_8,PPO_hard,Myopic,loss,-631.7087578156193,-791.9875752675092,-468.48340839903943
size_8,PPO_hard,Decrease20,loss,43.9200149153013,-47.80376499424677,139.78174133338402
size_8,PPO_hard,Static,default_rate,0.006944444444444444,-0.04778645833333333,0.06770833333333333
size_8,PPO_hard,Greedy,default_rate,0.043402777777777776,-0.015625,0.109375
size_8,PPO_hard,Myopic,default_rate,0.03298611111111111,-0.027864583333333328,0.10160590277777774
size_8,PPO_hard,Decrease20,default_rate,-0.04513888888888889,-0.09986979166666667,0.0
size_8,PPO_hard,Static,el_violation_rate,-0.2934027777777778,-0.3923611111111111,-0.21348379629629638
size_8,PPO_hard,Greedy,el_violation_rate,-0.3055555555555556,-0.3956163194444444,-0.2297164351851852
size_8,PPO_hard,Myopic,el_violation_rate,-0.26388888888888895,-0.3267505787037037,-0.20193865740740746
size_8,PPO_hard,Decrease20,el_violation_rate,0.029513888888888888,0.0,0.07669270833333333
size_8,PPO_hard,Static,true_violation_rate,-0.0931712962962963,-0.13718171296296297,-0.05902777777777779
size_8,PPO_hard,Greedy,true_violation_rate,-0.058449074074074056,-0.09837962962962961,-0.022511574074074114
size_8,PPO_hard,Myopic,true_violation_rate,-0.054976851851851846,-0.08333333333333333,-0.025737847222222224
size_8,PPO_hard,Decrease20,true_violation_rate,-0.0028935185185185214,-0.029817708333333335,0.02083333333333332
size_8,PPO_penalty,Static,value,419.9731487133412,208.081173682993,596.7216436839923
size_8,PPO_penalty,Greedy,value,132.44348661916567,-77.72589630278031,315.85705678863
size_8,PPO_penalty,Myopic,value,170.06371829025537,-16.684260328079553,332.75158036058195
size_8,PPO_penalty,Decrease20,value,-0.4233337838177628,-0.9553595213711608,-0.03291154613269024
size_8,PPO_penalty,Static,loss,-975.8868465183873,-1125.4246503044621,-806.7134648574747
size_8,PPO_penalty,Greedy,loss,-645.1910506366894,-808.9107913868017,-480.6673815984656
size_8,PPO_penalty,Myopic,loss,-675.6287727309204,-830.160879436961,-512.5387826089676
size_8,PPO_penalty,Decrease20,loss,0.0,0.0,0.0
size_8,PPO_penalty,Static,default_rate,0.052083333333333336,0.0,0.10416666666666667
size_8,PPO_penalty,Greedy,default_rate,0.08854166666666667,0.033723958333333345,0.14583333333333334
size_8,PPO_penalty,Myopic,default_rate,0.078125,0.02851562500000001,0.13541666666666666
size_8,PPO_penalty,Decrease20,default_rate,0.0,0.0,0.0
size_8,PPO_penalty,Static,el_violation_rate,-0.3229166666666667,-0.41766493055555554,-0.2482638888888889
size_8,PPO_penalty,Greedy,el_violation_rate,-0.3350694444444444,-0.4150173611111111,-0.2569444444444444
size_8,PPO_penalty,Myopic,el_violation_rate,-0.2934027777777778,-0.3447482638888889,-0.24214409722222227
size_8,PPO_penalty,Decrease20,el_violation_rate,0.0,0.0,0.0
size_8,PPO_penalty,Static,true_violation_rate,-0.09027777777777778,-0.13897569444444444,-0.04861111111111111
size_8,PPO_penalty,Greedy,true_violation_rate,-0.055555555555555546,-0.1085503472222222,-0.012977430555555586
size_8,PPO_penalty,Myopic,true_violation_rate,-0.05208333333333332,-0.09292534722222222,-0.013888888888888885
size_8,PPO_penalty,Decrease20,true_violation_rate,0.0,0.0,0.0
size_8,PPO_unconstrained,Static,value,419.9731487133412,208.081173682993,596.7216436839923
size_8,PPO_unconstrained,Greedy,value,132.44348661916567,-77.72589630278031,315.85705678863
size_8,PPO_unconstrained,Myopic,value,170.06371829025537,-16.684260328079553,332.75158036058195
size_8,PPO_unconstrained,Decrease20,value,-0.4233337838177628,-0.9553595213711608,-0.03291154613269024
size_8,PPO_unconstrained,Static,loss,-975.8868465183873,-1125.4246503044621,-806.7134648574747
size_8,PPO_unconstrained,Greedy,loss,-645.1910506366894,-808.9107913868017,-480.6673815984656
size_8,PPO_unconstrained,Myopic,loss,-675.6287727309204,-830.160879436961,-512.5387826089676
size_8,PPO_unconstrained,Decrease20,loss,0.0,0.0,0.0
size_8,PPO_unconstrained,Static,default_rate,0.052083333333333336,0.0,0.10416666666666667
size_8,PPO_unconstrained,Greedy,default_rate,0.08854166666666667,0.033723958333333345,0.14583333333333334
size_8,PPO_unconstrained,Myopic,default_rate,0.078125,0.02851562500000001,0.13541666666666666
size_8,PPO_unconstrained,Decrease20,default_rate,0.0,0.0,0.0
size_8,PPO_unconstrained,Static,el_violation_rate,-0.3229166666666667,-0.41766493055555554,-0.2482638888888889
size_8,PPO_unconstrained,Greedy,el_violation_rate,-0.3350694444444444,-0.4150173611111111,-0.2569444444444444
size_8,PPO_unconstrained,Myopic,el_violation_rate,-0.2934027777777778,-0.3447482638888889,-0.24214409722222227
size_8,PPO_unconstrained,Decrease20,el_violation_rate,0.0,0.0,0.0
size_8,PPO_unconstrained,Static,true_violation_rate,-0.09027777777777778,-0.13897569444444444,-0.04861111111111111
size_8,PPO_unconstrained,Greedy,true_violation_rate,-0.055555555555555546,-0.1085503472222222,-0.012977430555555586
size_8,PPO_unconstrained,Myopic,true_violation_rate,-0.05208333333333332,-0.09292534722222222,-0.013888888888888885
size_8,PPO_unconstrained,Decrease20,true_violation_rate,0.0,0.0,0.0
size_8,RiskBased,Static,value,468.8919430446819,319.8198176741397,590.2226319530401
size_8,RiskBased,Greedy,value,181.36228095050637,27.223418466375605,313.4391869994599
size_8,RiskBased,Myopic,value,218.9825126215961,85.32013430495954,375.4160171891596
size_8,RiskBased,Decrease20,value,48.495460547522974,-79.54902312297148,180.54708686067852
size_8,RiskBased,Static,loss,-627.2769558832282,-738.9875694790031,-503.6253406543058
size_8,RiskBased,Greedy,loss,-296.58116000153024,-409.3355081669798,-162.17919603569902
size_8,RiskBased,Myopic,loss,-327.0188820957614,-458.3772417891504,-211.62194004502277
size_8,RiskBased,Decrease20,loss,348.60989063515916,236.38345057016426,456.7582262423207
size_8,RiskBased,Static,default_rate,0.0,-0.036458333333333336,0.036458333333333336
size_8,RiskBased,Greedy,default_rate,0.036458333333333336,0.0,0.07565104166666656
size_8,RiskBased,Myopic,default_rate,0.026041666666666668,-0.005208333333333333,0.0625
size_8,RiskBased,Decrease20,default_rate,-0.052083333333333336,-0.10169270833333333,-0.010416666666666666
size_8,RiskBased,Static,el_violation_rate,-0.19270833333333334,-0.2752170138888889,-0.13020833333333334
size_8,RiskBased,Greedy,el_violation_rate,-0.20486111111111108,-0.26653645833333334,-0.1397135416666667
size_8,RiskBased,Myopic,el_violation_rate,-0.16319444444444448,-0.21966145833333334,-0.10590277777777779
size_8,RiskBased,Decrease20,el_violation_rate,0.13020833333333334,0.08333333333333336,0.17890624999999993
size_8,RiskBased,Static,true_violation_rate,-0.06944444444444446,-0.10590277777777779,-0.03472222222222222
size_8,RiskBased,Greedy,true_violation_rate,-0.03472222222222223,-0.07465277777777779,0.005208333333333338
size_8,RiskBased,Myopic,true_violation_rate,-0.03125000000000001,-0.05555555555555558,-0.007769097222222263
size_8,RiskBased,Decrease20,true_violation_rate,0.02083333333333332,-0.017361111111111122,0.05729166666666665
size_8,Static,Greedy,value,-287.52966209417554,-391.48416324018564,-163.13325751619942
size_8,Static,Myopic,value,-249.9094304230858,-387.4447080779378,-73.26916469579113
size_8,Static,Decrease20,value,-420.396482497159,-588.4091406883965,-198.77306209319482
size_8,Static,Greedy,loss,330.69579588169785,226.05471031858025,421.75712908706373
size_8,Static,Myopic,loss,300.2580737874667,168.9274850535678,411.9075228089214
size_8,Static,Decrease20,loss,975.8868465183872,809.267561353796,1121.950409814901
size_8,Static,Greedy,default_rate,0.036458333333333336,0.0,0.07291666666666667
size_8,Static,Myopic,default_rate,0.026041666666666668,-0.020833333333333332,0.078125
size_8,Static,Decrease20,default_rate,-0.052083333333333336,-0.11731770833333333,0.0
size_8,Static,Greedy,el_violation_rate,-0.012152777777777768,-0.08168402777777777,0.06341145833333331
size_8,Static,Myopic,el_violation_rate,0.029513888888888878,-0.060763888888888895,0.12938368055555552
size_8,Static,Decrease20,el_violation_rate,0.3229166666666667,0.238671875,0.42031249999999987
size_8,Static,Greedy,true_violation_rate,0.03472222222222223,0.0017361111111111104,0.07291666666666669
size_8,Static,Myopic,true_violation_rate,0.03819444444444445,0.010416666666666666,0.07118055555555557
size_8,Static,Decrease20,true_violation_rate,0.09027777777777779,0.0486111111111111,0.14153645833333328
stress_loose,BufferedRiskBased,Static,value,646.6945417509361,539.2882772311947,753.889507501101
stress_loose,BufferedRiskBased,Greedy,value,375.62716135737946,257.1127005767142,491.8694139243269
stress_loose,BufferedRiskBased,Myopic,value,500.8083924057956,389.4255017035859,609.4064608678854
stress_loose,BufferedRiskBased,Decrease20,value,-607.6315969887804,-712.0160337742927,-506.13380039662087
stress_loose,BufferedRiskBased,Static,loss,-748.4320467855309,-859.8354677242593,-640.1524786524708
stress_loose,BufferedRiskBased,Greedy,loss,-490.09100562160046,-601.7749138739003,-376.98518017080187
stress_loose,BufferedRiskBased,Myopic,loss,-629.8912184092463,-731.3802187164179,-530.3655680148994
stress_loose,BufferedRiskBased,Decrease20,loss,828.2048033346546,735.1991224050909,932.352301401199
stress_loose,BufferedRiskBased,Static,default_rate,0.024305555555555542,0.003472222222222219,0.04513888888888887
stress_loose,BufferedRiskBased,Greedy,default_rate,0.05902777777777777,0.03472222222222222,0.0851562499999999
stress_loose,BufferedRiskBased,Myopic,default_rate,0.048611111111111105,0.02777777777777778,0.07291666666666667
stress_loose,BufferedRiskBased,Decrease20,default_rate,-0.006944444444444452,-0.03472222222222224,0.022656249999999906
stress_loose,BufferedRiskBased,Static,el_violation_rate,-0.16543786075036074,-0.2043030753968254,-0.12651402417027421
stress_loose,BufferedRiskBased,Greedy,el_violation_rate,-0.27668650793650795,-0.3201012731481482,-0.23416873346560854
stress_loose,BufferedRiskBased,Myopic,el_violation_rate,-0.2557539682539683,-0.2993055555555556,-0.2117137896825397
stress_loose,BufferedRiskBased,Decrease20,el_violation_rate,0.08060515873015871,0.04864211309523807,0.1142133763227513
stress_loose,BufferedRiskBased,Static,true_violation_rate,-0.06362734487734488,-0.0896966314935065,-0.039240996272246274
stress_loose,BufferedRiskBased,Greedy,true_violation_rate,-0.02630621693121693,-0.053725198412698426,0.0001173941798941745
stress_loose,BufferedRiskBased,Myopic,true_violation_rate,-0.03488756613756614,-0.06881117724867726,-0.0001372354497354637
stress_loose,BufferedRiskBased,Decrease20,true_violation_rate,0.08818654542338751,0.06041332799145297,0.12016035180097677
stress_loose,Decrease20,Static,value,1254.3261387397165,1075.55996120728,1426.1148603395561
stress_loose,Decrease20,Greedy,value,983.25875834616,815.9679434463858,1136.8612053474046
stress_loose,Decrease20,Myopic,value,1108.439989394576,931.0033621409929,1271.946495415299
stress_loose,Decrease20,Static,loss,-1576.6368501201857,-1747.9231680418336,-1406.313478111395
stress_loose,Decrease20,Greedy,loss,-1318.295808956255,-1466.6895375852112,-1165.2737842225254
stress_loose,Decrease20,Myopic,loss,-1458.0960217439008,-1612.3736081864474,-1305.9838742673905
stress_loose,Decrease20,Static,default_rate,0.031249999999999997,0.003472222222222212,0.05902777777777779
stress_loose,Decrease20,Greedy,default_rate,0.06597222222222222,0.03637152777777778,0.10069444444444443
stress_loose,Decrease20,Myopic,default_rate,0.05555555555555556,0.017361111111111122,0.09557291666666659
stress_loose,Decrease20,Static,el_violation_rate,-0.24604301948051951,-0.2844801249098124,-0.20263432314213564
stress_loose,Decrease20,Greedy,el_violation_rate,-0.35729166666666673,-0.39566840277777776,-0.31420138888888893
stress_loose,Decrease20,Myopic,el_violation_rate,-0.336359126984127,-0.3751302083333333,-0.30491443452380956
stress_loose,Decrease20,Static,true_violation_rate,-0.1518138903007324,-0.18218053647741148,-0.12288044709919707
stress_loose,Decrease20,Greedy,true_violation_rate,-0.11449276235460444,-0.14159788995726494,-0.08848581791016
stress_loose,Decrease20,Myopic,true_violation_rate,-0.12307411156095364,-0.14997296426161555,-0.09579188857560567
stress_loose,Greedy,Static,value,271.0673803935566,173.01758036881523,384.83446718292174
stress_loose,Greedy,Myopic,value,125.18123104841614,57.533109777757055,193.6354441387635
stress_loose,Greedy,Decrease20,value,-983.25875834616,-1136.8612053474046,-815.9679434463859
stress_loose,Greedy,Static,loss,-258.3410411639305,-371.58237339077186,-156.49747422585529
stress_loose,Greedy,Myopic,loss,-139.8002127876458,-217.21113682027863,-64.07782803732951
stress_loose,Greedy,Decrease20,loss,1318.295808956255,1165.2737842225251,1466.6895375852112
stress_loose,Greedy,Static,default_rate,-0.034722222222222224,-0.057378472222222206,-0.01736111111111111
stress_loose,Greedy,Myopic,default_rate,-0.010416666666666657,-0.02777777777777777,0.0069444444444444545
stress_loose,Greedy,Decrease20,default_rate,-0.06597222222222222,-0.10069444444444443,-0.03637152777777785
stress_loose,Greedy,Static,el_violation_rate,0.1112486471861472,0.06956935425685427,0.14850970643939396
stress_loose,Greedy,Myopic,el_violation_rate,0.02093253968253969,-0.02465277777777777,0.06956597222222217
stress_loose,Greedy,Decrease20,el_violation_rate,0.35729166666666673,0.3142013888888889,0.39566840277777776
stress_loose,Greedy,Static,true_violation_rate,-0.03732112794612795,-0.06075889099326599,-0.012272990319865344
stress_loose,Greedy,Myopic,true_violation_rate,-0.008581349206349209,-0.031933283730158725,0.019678819444444426
stress_loose,Greedy,Decrease20,true_violation_rate,0.11449276235460444,0.08848581791015998,0.14159788995726494
stress_loose,Myopic,Static,value,145.88614934514047,39.8785063987145,267.97139692389453
stress_loose,Myopic,Greedy,value,-125.18123104841614,-193.63544413876355,-57.533109777757105
stress_loose,Myopic,Decrease20,value,-1108.439989394576,-1271.946495415299,-931.0033621409929
stress_loose,Myopic,Static,loss,-118.54082837628475,-240.83548100420663,-12.27974269465392
stress_loose,Myopic,Greedy,loss,139.8002127876458,64.07782803732945,217.2111368202786
stress_loose,Myopic,Decrease20,loss,1458.0960217439008,1305.9838742673905,1612.3736081864472
stress_loose,Myopic,Static,default_rate,-0.024305555555555566,-0.05208333333333334,-4.625929269271485e-18
stress_loose,Myopic,Greedy,default_rate,0.010416666666666657,-0.0069444444444444545,0.02777777777777777
stress_loose,Myopic,Decrease20,default_rate,-0.05555555555555556,-0.09557291666666666,-0.017361111111111122
stress_loose,Myopic,Static,el_violation_rate,0.09031610750360751,0.049434016504329006,0.1363940746753247
stress_loose,Myopic,Greedy,el_violation_rate,-0.02093253968253969,-0.06956597222222224,0.02465277777777773
stress_loose,Myopic,Decrease20,el_violation_rate,0.336359126984127,0.3049144345238095,0.37513020833333327
stress_loose,Myopic,Static,true_violation_rate,-0.028739778739778742,-0.053409090909090906,-0.0006058351370851473
stress_loose,Myopic,Greedy,true_violation_rate,0.008581349206349209,-0.019678819444444436,0.03193328373015872
stress_loose,Myopic,Decrease20,true_violation_rate,0.12307411156095364,0.09579188857560567,0.14997296426161555
stress_loose,PPO_hard,Static,value,1074.8447058764027,885.579019186867,1291.1548982214542
stress_loose,PPO_hard,Greedy,value,803.7773254828461,615.08168874351,1006.0289306572822
stress_loose,PPO_hard,Myopic,value,928.9585565312622,734.0065232082356,1144.10854626972
stress_loose,PPO_hard,Decrease20,value,-179.48143286331378,-313.4471191810637,0.0
stress_loose,PPO_hard,Static,loss,-1302.594987552911,-1575.382393401395,-1066.2981056186904
stress_loose,PPO_hard,Greedy,loss,-1044.2539463889807,-1299.6200881912669,-814.2309852670214
stress_loose,PPO_hard,Myopic,loss,-1184.0541591766264,-1447.4217448202264,-946.4208742197228
stress_loose,PPO_hard,Decrease20,loss,274.04186256727445,0.0,447.11595370630613
stress_loose,PPO_hard,Static,default_rate,0.0324074074074074,0.0069444444444444345,0.05616319444444442
stress_loose,PPO_hard,Greedy,default_rate,0.06712962962962961,0.04166666666666665,0.09606481481481481
stress_loose,PPO_hard,Myopic,default_rate,0.05671296296296296,0.02717013888888889,0.09088541666666664
stress_loose,PPO_hard,Decrease20,default_rate,0.0011574074074074002,-0.02028356481481481,0.026070601851851803
stress_loose,PPO_hard,Static,el_violation_rate,-0.22707372123490543,-0.2728128045808967,-0.1841001849636718
stress_loose,PPO_hard,Greedy,el_violation_rate,-0.3383223684210527,-0.38459033869395715,-0.297927022417154
stress_loose,PPO_hard,Myopic,el_violation_rate,-0.31738982873851296,-0.3576099537037037,-0.27507662385129494
stress_loose,PPO_hard,Decrease20,el_violation_rate,0.018969298245614028,0.0,0.0450820845516569
stress_loose,PPO_hard,Static,true_violation_rate,-0.13296296580287809,-0.171604971995597,-0.09854023002460503
stress_loose,PPO_hard,Greedy,true_violation_rate,-0.09564183785675014,-0.12718254470310392,-0.06454512126113005
stress_loose,PPO_hard,Myopic,true_violation_rate,-0.10422318706309934,-0.13736890135327634,-0.06444157993363038
stress_loose,PPO_hard,Decrease20,true_violation_rate,0.01885092449785431,-0.004588452635327642,0.05164200900220634
stress_loose,PPO_penalty,Static,value,1254.8358818774732,1084.1987606806779,1426.2728275945315
stress_loose,PPO_penalty,Greedy,value,983.7685014839166,831.5179224732024,1116.8059047745103
stress_loose,PPO_penalty,Myopic,value,1108.9497325323327,948.4419141024828,1255.6895829592986
stress_loose,PPO_penalty,Decrease20,value,0.5097431377567005,-0.16184578997911103,1.5185845901092019
stress_loose,PPO_penalty,Static,loss,-1577.3329346381315,-1752.6967595995131,-1411.9029609917459
stress_loose,PPO_penalty,Greedy,loss,-1318.9918934742009,-1453.236994218802,-1183.7989831018192
stress_loose,PPO_penalty,Myopic,loss,-1458.792106261847,-1600.243789391094,-1305.2693335733547
stress_loose,PPO_penalty,Decrease20,loss,-0.6960845179459435,-1.7488108776171885,0.0
stress_loose,PPO_penalty,Static,default_rate,0.031249999999999993,2.9297552038719493e-18,0.059027777777777776
stress_loose,PPO_penalty,Greedy,default_rate,0.06597222222222222,0.03472222222222222,0.10069444444444445
stress_loose,PPO_penalty,Myopic,default_rate,0.05555555555555555,0.019010416666666686,0.09722222222222222
stress_loose,PPO_penalty,Decrease20,default_rate,0.0,0.0,0.0
stress_loose,PPO_penalty,Static,el_violation_rate,-0.24604301948051946,-0.28954697646103894,-0.20139396194083692
stress_loose,PPO_penalty,Greedy,el_violation_rate,-0.3572916666666667,-0.3981336805555556,-0.3157899305555556
stress_loose,PPO_penalty,Myopic,el_violation_rate,-0.33635912698412695,-0.37078621031746034,-0.3048611111111111
stress_loose,PPO_penalty,Decrease20,el_violation_rate,0.0,0.0,0.0
stress_loose,PPO_penalty,Static,true_violation_rate,-0.1518138903007324,-0.1860632560056902,-0.1209640186202686
stress_loose,PPO_penalty,Greedy,true_violation_rate,-0.11449276235460444,-0.14206831180515392,-0.08730020664642373
stress_loose,PPO_penalty,Myopic,true_violation_rate,-0.12307411156095364,-0.14844083867521365,-0.09945689544373756
stress_loose,PPO_penalty,Decrease20,true_violation_rate,0.0,0.0,0.0
stress_loose,PPO_unconstrained,Static,value,1254.8358818774732,1084.1987606806779,1426.2728275945315
stress_loose,PPO_unconstrained,Greedy,value,983.7685014839166,831.5179224732024,1116.8059047745103
stress_loose,PPO_unconstrained,Myopic,value,1108.9497325323327,948.4419141024828,1255.6895829592986
stress_loose,PPO_unconstrained,Decrease20,value,0.5097431377567005,-0.16184578997911103,1.5185845901092019
stress_loose,PPO_unconstrained,Static,loss,-1577.3329346381315,-1752.6967595995131,-1411.9029609917459
stress_loose,PPO_unconstrained,Greedy,loss,-1318.9918934742009,-1453.236994218802,-1183.7989831018192
stress_loose,PPO_unconstrained,Myopic,loss,-1458.792106261847,-1600.243789391094,-1305.2693335733547
stress_loose,PPO_unconstrained,Decrease20,loss,-0.6960845179459435,-1.7488108776171885,0.0
stress_loose,PPO_unconstrained,Static,default_rate,0.031249999999999993,2.9297552038719493e-18,0.059027777777777776
stress_loose,PPO_unconstrained,Greedy,default_rate,0.06597222222222222,0.03472222222222222,0.10069444444444445
stress_loose,PPO_unconstrained,Myopic,default_rate,0.05555555555555555,0.019010416666666686,0.09722222222222222
stress_loose,PPO_unconstrained,Decrease20,default_rate,0.0,0.0,0.0
stress_loose,PPO_unconstrained,Static,el_violation_rate,-0.24604301948051946,-0.28954697646103894,-0.20139396194083692
stress_loose,PPO_unconstrained,Greedy,el_violation_rate,-0.3572916666666667,-0.3981336805555556,-0.3157899305555556
stress_loose,PPO_unconstrained,Myopic,el_violation_rate,-0.33635912698412695,-0.37078621031746034,-0.3048611111111111
stress_loose,PPO_unconstrained,Decrease20,el_violation_rate,0.0,0.0,0.0
stress_loose,PPO_unconstrained,Static,true_violation_rate,-0.1518138903007324,-0.1860632560056902,-0.1209640186202686
stress_loose,PPO_unconstrained,Greedy,true_violation_rate,-0.11449276235460444,-0.14206831180515392,-0.08730020664642373
stress_loose,PPO_unconstrained,Myopic,true_violation_rate,-0.12307411156095364,-0.14844083867521365,-0.09945689544373756
stress_loose,PPO_unconstrained,Decrease20,true_violation_rate,0.0,0.0,0.0
stress_loose,RiskBased,Static,value,646.6945417509361,539.2882772311947,753.889507501101
stress_loose,RiskBased,Greedy,value,375.62716135737946,257.1127005767142,491.8694139243269
stress_loose,RiskBased,Myopic,value,500.8083924057956,389.4255017035859,609.4064608678854
stress_loose,RiskBased,Decrease20,value,-607.6315969887804,-712.0160337742927,-506.13380039662087
stress_loose,RiskBased,Static,loss,-748.4320467855309,-859.8354677242593,-640.1524786524708
stress_loose,RiskBased,Greedy,loss,-490.09100562160046,-601.7749138739003,-376.98518017080187
stress_loose,RiskBased,Myopic,loss,-629.8912184092463,-731.3802187164179,-530.3655680148994
stress_loose,RiskBased,Decrease20,loss,828.2048033346546,735.1991224050909,932.352301401199
stress_loose,RiskBased,Static,default_rate,0.024305555555555542,0.003472222222222219,0.04513888888888887
stress_loose,RiskBased,Greedy,default_rate,0.05902777777777777,0.03472222222222222,0.0851562499999999
stress_loose,RiskBased,Myopic,default_rate,0.048611111111111105,0.02777777777777778,0.07291666666666667
stress_loose,RiskBased,Decrease20,default_rate,-0.006944444444444452,-0.03472222222222224,0.022656249999999906
stress_loose,RiskBased,Static,el_violation_rate,-0.16543786075036074,-0.2043030753968254,-0.12651402417027421
stress_loose,RiskBased,Greedy,el_violation_rate,-0.27668650793650795,-0.3201012731481482,-0.23416873346560854
stress_loose,RiskBased,Myopic,el_violation_rate,-0.2557539682539683,-0.2993055555555556,-0.2117137896825397
stress_loose,RiskBased,Decrease20,el_violation_rate,0.08060515873015871,0.04864211309523807,0.1142133763227513
stress_loose,RiskBased,Static,true_violation_rate,-0.06362734487734488,-0.0896966314935065,-0.039240996272246274
stress_loose,RiskBased,Greedy,true_violation_rate,-0.02630621693121693,-0.053725198412698426,0.0001173941798941745
stress_loose,RiskBased,Myopic,true_violation_rate,-0.03488756613756614,-0.06881117724867726,-0.0001372354497354637
stress_loose,RiskBased,Decrease20,true_violation_rate,0.08818654542338751,0.06041332799145297,0.12016035180097677
stress_loose,Static,Greedy,value,-271.0673803935566,-384.83446718292186,-173.01758036881523
stress_loose,Static,Myopic,value,-145.88614934514047,-267.9713969238946,-39.87850639871451
stress_loose,Static,Decrease20,value,-1254.3261387397165,-1426.1148603395561,-1075.5599612072801
stress_loose,Static,Greedy,loss,258.3410411639305,156.49747422585529,371.58237339077186
stress_loose,Static,Myopic,loss,118.54082837628475,12.279742694653896,240.83548100420654
stress_loose,Static,Decrease20,loss,1576.6368501201857,1406.3134781113947,1747.9231680418336
stress_loose,Static,Greedy,default_rate,0.034722222222222224,0.01736111111111111,0.057378472222222136
stress_loose,Static,Myopic,default_rate,0.024305555555555566,4.625929269271485e-18,0.05208333333333334
stress_loose,Static,Decrease20,default_rate,-0.031249999999999997,-0.05902777777777779,-0.003472222222222212
stress_loose,Static,Greedy,el_violation_rate,-0.1112486471861472,-0.14850970643939396,-0.06956935425685427
stress_loose,Static,Myopic,el_violation_rate,-0.09031610750360751,-0.1363940746753247,-0.049434016504329006
stress_loose,Static,Decrease20,el_violation_rate,0.24604301948051951,0.20263432314213561,0.2844801249098124
stress_loose,Static,Greedy,true_violation_rate,0.03732112794612795,0.012272990319865324,0.06075889099326599
stress_loose,Static,Myopic,true_violation_rate,0.028739778739778742,0.0006058351370851397,0.053409090909090906
stress_loose,Static,Decrease20,true_violation_rate,0.1518138903007324,0.12288044709919706,0.18218053647741148
stress_medium,BufferedRiskBased,Static,value,643.3519654646342,538.0807857051267,755.0499209470497
stress_medium,BufferedRiskBased,Greedy,value,236.00757644680516,132.2849005366421,338.54712927458013
stress_medium,BufferedRiskBased,Myopic,value,355.91049953418224,268.7757241230489,446.8279507894193
stress_medium,BufferedRiskBased,Decrease20,value,-610.9741732750823,-710.7166436588544,-508.6399010128942
stress_medium,BufferedRiskBased,Static,loss,-746.6158498908095,-860.4312459605015,-639.4601287781213
stress_medium,BufferedRiskBased,Greedy,loss,-310.34885092731975,-405.2443380223226,-215.2229164744002
stress_medium,BufferedRiskBased,Myopic,loss,-411.5533096129164,-502.6636353965503,-321.87367709618906
stress_medium,BufferedRiskBased,Decrease20,loss,830.0210002293761,738.8104907922756,927.8063202227469
stress_medium,BufferedRiskBased,Static,default_rate,0.027777777777777766,0.006944444444444434,0.048611111111111105
stress_medium,BufferedRiskBased,Greedy,default_rate,0.048611111111111105,0.024305555555555542,0.07638888888888888
stress_medium,BufferedRiskBased,Myopic,default_rate,0.003472222222222219,-0.017361111111111112,0.024305555555555552
stress_medium,BufferedRiskBased,Decrease20,default_rate,-0.0034722222222222285,-0.03125000000000001,0.02430555555555555
stress_medium,BufferedRiskBased,Static,el_violation_rate,-0.19056637806637808,-0.24138454861111114,-0.14497711489898993
stress_medium,BufferedRiskBased,Greedy,el_violation_rate,-0.1594233312983313,-0.21897844632219635,-0.10060827482702488
stress_medium,BufferedRiskBased,Myopic,el_violation_rate,-0.09841265885673782,-0.14988416531385282,-0.05024020851529076
stress_medium,BufferedRiskBased,Decrease20,el_violation_rate,0.2286700628805892,0.1856137438949939,0.2711925086061599
stress_medium,BufferedRiskBased,Static,true_violation_rate,-0.09876292688792689,-0.13270145652958154,-0.05542675640331895
stress_medium,BufferedRiskBased,Greedy,true_violation_rate,-0.025390697265697263,-0.061834346209346205,0.012194634069634065
stress_medium,BufferedRiskBased,Myopic,true_violation_rate,-0.05032586200349359,-0.0923110629319511,-0.007258706662489561
stress_medium,BufferedRiskBased,Decrease20,true_violation_rate,0.12295640519324731,0.07876269883260018,0.17900489845802342
stress_medium,Decrease20,Static,value,1254.3261387397165,1075.55996120728,1426.1148603395561
stress_medium,Decrease20,Greedy,value,846.9817497218875,706.8520369379588,976.973966634584
stress_medium,Decrease20,Myopic,value,966.8846728092645,858.2767510930761,1080.3683759224036
stress_medium,Decrease20,Static,loss,-1576.6368501201857,-1747.9231680418336,-1406.313478111395
stress_medium,Decrease20,Greedy,loss,-1140.3698511566956,-1275.330593878048,-1012.9448078433065
stress_medium,Decrease20,Myopic,loss,-1241.5743098422927,-1355.200658632736,-1122.4238844835284
stress_medium,Decrease20,Static,default_rate,0.031249999999999997,0.003472222222222212,0.05902777777777779
stress_medium,Decrease20,Greedy,default_rate,0.052083333333333336,0.020833333333333322,0.08680555555555555
stress_medium,Decrease20,Myopic,default_rate,0.0069444444444444475,-0.027777777777777766,0.04001736111111103
stress_medium,Decrease20,Static,el_violation_rate,-0.41923644094696727,-0.47790216872248126,-0.36234539187664194
stress_medium,Decrease20,Greedy,el_violation_rate,-0.38809339417892047,-0.4591360462454213,-0.3127788562862577
stress_medium,Decrease20,Myopic,el_violation_rate,-0.32708272173732705,-0.38239373907342655,-0.2682868301289354
stress_medium,Decrease20,Static,true_violation_rate,-0.2217193320811742,-0.2634380340054682,-0.17870483827515085
stress_medium,Decrease20,Greedy,true_violation_rate,-0.14834710245894459,-0.189762327858545,-0.10383014554889562
stress_medium,Decrease20,Myopic,true_violation_rate,-0.17328226719674092,-0.21115724553224557,-0.13111577369389874
stress_medium,Greedy,Static,value,407.344389017829,280.2820816727779,522.2179105604697
stress_medium,Greedy,Myopic,value,119.90292308737703,20.429881954284305,213.4742958610016
stress_medium,Greedy,Decrease20,value,-846.9817497218875,-976.973966634584,-706.8520369379589
stress_medium,Greedy,Static,loss,-436.2669989634898,-548.7420040209847,-307.9996310311951
stress_medium,Greedy,Myopic,loss,-101.20445868559666,-196.91594763578038,3.1462036327248866
stress_medium,Greedy,Decrease20,loss,1140.3698511566956,1012.9448078433065,1275.330593878048
stress_medium,Greedy,Static,default_rate,-0.020833333333333332,-0.041666666666666664,-0.0034722222222222238
stress_medium,Greedy,Myopic,default_rate,-0.045138888888888874,-0.06597222222222222,-0.02430555555555555
stress_medium,Greedy,Decrease20,default_rate,-0.052083333333333336,-0.08680555555555555,-0.020833333333333322
stress_medium,Greedy,Static,el_violation_rate,-0.031143046768046755,-0.08268704674954673,0.018474458122895627
stress_medium,Greedy,Myopic,el_violation_rate,0.0610106724415935,0.020916218284639337,0.09402200732381655
stress_medium,Greedy,Decrease20,el_violation_rate,0.38809339417892047,0.3127788562862576,0.4591360462454212
stress_medium,Greedy,Static,true_violation_rate,-0.07337222962222963,-0.09732687017843268,-0.04385257393069897
stress_medium,Greedy,Myopic,true_violation_rate,-0.02493516473779633,-0.04768528635716138,0.004386380249867074
stress_medium,Greedy,Decrease20,true_violation_rate,0.14834710245894459,0.10383014554889557,0.189762327858545
stress_medium,Myopic,Static,value,287.4414659304519,132.30264049622016,430.08894173275235
stress_medium,Myopic,Greedy,value,-119.90292308737703,-213.4742958610016,-20.429881954284355
stress_medium,Myopic,Decrease20,value,-966.8846728092645,-1080.3683759224036,-858.2767510930762
stress_medium,Myopic,Static,loss,-335.0625402778931,-490.9055675825703,-175.421086231311
stress_medium,Myopic,Greedy,loss,101.20445868559666,-3.146203632724957,196.91594763578038
stress_medium,Myopic,Decrease20,loss,1241.5743098422927,1122.4238844835284,1355.200658632736
stress_medium,Myopic,Static,default_rate,0.02430555555555555,0.0016493055555555569,0.0486111111111111
stress_medium,Myopic,Greedy,default_rate,0.045138888888888874,0.02430555555555555,0.06597222222222222
stress_medium,Myopic,Decrease20,default_rate,-0.0069444444444444475,-0.0400173611111111,0.027777777777777766
stress_medium,Myopic,Static,el_violation_rate,-0.09215371920964026,-0.13270440839314193,-0.041995406366294515
stress_medium,Myopic,Greedy,el_violation_rate,-0.0610106724415935,-0.09402200732381655,-0.020916218284639344
stress_medium,Myopic,Decrease20,el_violation_rate,0.32708272173732705,0.2682868301289354,0.38239373907342655
stress_medium,Myopic,Static,true_violation_rate,-0.04843706488443331,-0.0785566890316068,-0.01698451858813701
stress_medium,Myopic,Greedy,true_violation_rate,0.02493516473779633,-0.004386380249867083,0.04768528635716138
stress_medium,Myopic,Decrease20,true_violation_rate,0.17328226719674092,0.13111577369389874,0.21115724553224555
stress_medium,PPO_hard,Static,value,1081.3233569052475,893.7018984224719,1297.6430222006175
stress_medium,PPO_hard,Greedy,value,673.9789678874185,489.93296361605405,850.7725211747712
stress_medium,PPO_hard,Myopic,value,793.8818909747956,619.2263359459497,966.1205635717137
stress_medium,PPO_hard,Decrease20,value,-173.00278183446892,-308.83320462760486,0.0
stress_medium,PPO_hard,Static,loss,-1310.7350655981745,-1582.5251877327405,-1073.433167245404
stress_medium,PPO_hard,Greedy,loss,-874.468066634685,-1125.5770404798452,-649.8603242655072
stress_medium,PPO_hard,Myopic,loss,-975.6725253202817,-1216.981414133028,-747.7163471612001
stress_medium,PPO_hard,Decrease20,loss,265.90178452201087,0.0,440.15500347887104
stress_medium,PPO_hard,Static,default_rate,0.0324074074074074,0.0069444444444444345,0.05616319444444442
stress_medium,PPO_hard,Greedy,default_rate,0.05324074074074073,0.02717013888888888,0.08217592592592592
stress_medium,PPO_hard,Myopic,default_rate,0.008101851851851848,-0.01449652777777778,0.03185763888888886
stress_medium,PPO_hard,Decrease20,default_rate,0.0011574074074074002,-0.02028356481481481,0.026070601851851803
stress_medium,PPO_hard,Static,el_violation_rate,-0.36677188755039636,-0.438777420065112,-0.2927384522306398
stress_medium,PPO_hard,Greedy,el_violation_rate,-0.3356288407823496,-0.4197290350771711,-0.25192674609341287
stress_medium,PPO_hard,Myopic,el_violation_rate,-0.27461816834075603,-0.3455508712930588,-0.20118628455182733
stress_medium,PPO_hard,Decrease20,el_violation_rate,0.05246455339657094,0.0,0.11619316447441448
stress_medium,PPO_hard,Static,true_violation_rate,-0.17991511615415126,-0.2348893495789055,-0.12188426101392116
stress_medium,PPO_hard,Greedy,true_violation_rate,-0.10654288653192164,-0.16429248991748996,-0.04804501343563846
stress_medium,PPO_hard,Myopic,true_violation_rate,-0.13147805126971795,-0.19276260213349034,-0.07261233603750059
stress_medium,PPO_hard,Decrease20,true_violation_rate,0.04180421592702295,0.0,0.08960973506066706
stress_medium,PPO_penalty,Static,value,1254.8358818774732,1084.1987606806779,1426.2728275945315
stress_medium,PPO_penalty,Greedy,value,847.4914928596442,708.3594328428512,978.362125680729
stress_medium,PPO_penalty,Myopic,value,967.3944159470213,849.11449298552,1084.1166576513347
stress_medium,PPO_penalty,Decrease20,value,0.5097431377567005,-0.16184578997911103,1.5185845901092019
stress_medium,PPO_penalty,Static,loss,-1577.3329346381315,-1752.6967595995131,-1411.9029609917459
stress_medium,PPO_penalty,Greedy,loss,-1141.0659356746417,-1275.745809067761,-1006.7205819532882
stress_medium,PPO_penalty,Myopic,loss,-1242.2703943602385,-1361.6267203094594,-1126.2817704838292
stress_medium,PPO_penalty,Decrease20,loss,-0.6960845179459435,-1.7488108776171885,0.0
stress_medium,PPO_penalty,Static,default_rate,0.031249999999999993,2.9297552038719493e-18,0.059027777777777776
stress_medium,PPO_penalty,Greedy,default_rate,0.05208333333333333,0.01901041666666667,0.08680555555555555
stress_medium,PPO_penalty,Myopic,default_rate,0.006944444444444446,-0.026128472222222216,0.03819444444444445
stress_medium,PPO_penalty,Decrease20,default_rate,0.0,0.0,0.0
stress_medium,PPO_penalty,Static,el_violation_rate,-0.41923644094696727,-0.4785785805933832,-0.36194070397195405
stress_medium,PPO_penalty,Greedy,el_violation_rate,-0.3880933941789205,-0.45996196831311975,-0.3160548392579643
stress_medium,PPO_penalty,Myopic,el_violation_rate,-0.32708272173732705,-0.38513453103913636,-0.2723354726870353
stress_medium,PPO_penalty,Decrease20,el_violation_rate,0.0,0.0,0.0
stress_medium,PPO_penalty,Static,true_violation_rate,-0.22171933208117423,-0.2650110414378507,-0.1771787688584564
stress_medium,PPO_penalty,Greedy,true_violation_rate,-0.14834710245894456,-0.18961838143581566,-0.10182295820042533
stress_medium,PPO_penalty,Myopic,true_violation_rate,-0.17328226719674092,-0.21473142887205388,-0.13058173597236103
stress_medium,PPO_penalty,Decrease20,true_violation_rate,0.0,0.0,0.0
stress_medium,PPO_unconstrained,Static,value,1254.8358818774732,1084.1987606806779,1426.2728275945315
stress_medium,PPO_unconstrained,Greedy,value,847.4914928596442,708.3594328428512,978.362125680729
stress_medium,PPO_unconstrained,Myopic,value,967.3944159470213,849.11449298552,1084.1166576513347
stress_medium,PPO_unconstrained,Decrease20,value,0.5097431377567005,-0.16184578997911103,1.5185845901092019
stress_medium,PPO_unconstrained,Static,loss,-1577.3329346381315,-1752.6967595995131,-1411.9029609917459
stress_medium,PPO_unconstrained,Greedy,loss,-1141.0659356746417,-1275.745809067761,-1006.7205819532882
stress_medium,PPO_unconstrained,Myopic,loss,-1242.2703943602385,-1361.6267203094594,-1126.2817704838292
stress_medium,PPO_unconstrained,Decrease20,loss,-0.6960845179459435,-1.7488108776171885,0.0
stress_medium,PPO_unconstrained,Static,default_rate,0.031249999999999993,2.9297552038719493e-18,0.059027777777777776
stress_medium,PPO_unconstrained,Greedy,default_rate,0.05208333333333333,0.01901041666666667,0.08680555555555555
stress_medium,PPO_unconstrained,Myopic,default_rate,0.006944444444444446,-0.026128472222222216,0.03819444444444445
stress_medium,PPO_unconstrained,Decrease20,default_rate,0.0,0.0,0.0
stress_medium,PPO_unconstrained,Static,el_violation_rate,-0.41923644094696727,-0.4785785805933832,-0.36194070397195405
stress_medium,PPO_unconstrained,Greedy,el_violation_rate,-0.3880933941789205,-0.45996196831311975,-0.3160548392579643
stress_medium,PPO_unconstrained,Myopic,el_violation_rate,-0.32708272173732705,-0.38513453103913636,-0.2723354726870353
stress_medium,PPO_unconstrained,Decrease20,el_violation_rate,0.0,0.0,0.0
stress_medium,PPO_unconstrained,Static,true_violation_rate,-0.22171933208117423,-0.2650110414378507,-0.1771787688584564
stress_medium,PPO_unconstrained,Greedy,true_violation_rate,-0.14834710245894456,-0.18961838143581566,-0.10182295820042533
stress_medium,PPO_unconstrained,Myopic,true_violation_rate,-0.17328226719674092,-0.21473142887205388,-0.13058173597236103
stress_medium,PPO_unconstrained,Decrease20,true_violation_rate,0.0,0.0,0.0
stress_medium,RiskBased,Static,value,643.3519654646342,538.0807857051267,755.0499209470497
stress_medium,RiskBased,Greedy,value,236.00757644680516,132.2849005366421,338.54712927458013
stress_medium,RiskBased,Myopic,value,355.91049953418224,268.7757241230489,446.8279507894193
stress_medium,RiskBased,Decrease20,value,-610.9741732750823,-710.7166436588544,-508.6399010128942
stress_medium,RiskBased,Static,loss,-746.6158498908095,-860.4312459605015,-639.4601287781213
stress_medium,RiskBased,Greedy,loss,-310.34885092731975,-405.2443380223226,-215.2229164744002
stress_medium,RiskBased,Myopic,loss,-411.5533096129164,-502.6636353965503,-321.87367709618906
stress_medium,RiskBased,Decrease20,loss,830.0210002293761,738.8104907922756,927.8063202227469
stress_medium,RiskBased,Static,default_rate,0.027777777777777766,0.006944444444444434,0.048611111111111105
stress_medium,RiskBased,Greedy,default_rate,0.048611111111111105,0.024305555555555542,0.07638888888888888
stress_medium,RiskBased,Myopic,default_rate,0.003472222222222219,-0.017361111111111112,0.024305555555555552
stress_medium,RiskBased,Decrease20,default_rate,-0.0034722222222222285,-0.03125000000000001,0.02430555555555555
stress_medium,RiskBased,Static,el_violation_rate,-0.19056637806637808,-0.24138454861111114,-0.14497711489898993
stress_medium,RiskBased,Greedy,el_violation_rate,-0.1594233312983313,-0.21897844632219635,-0.10060827482702488
stress_medium,RiskBased,Myopic,el_violation_rate,-0.09841265885673782,-0.14988416531385282,-0.05024020851529076
stress_medium,RiskBased,Decrease20,el_violation_rate,0.2286700628805892,0.1856137438949939,0.2711925086061599
stress_medium,RiskBased,Static,true_violation_rate,-0.09876292688792689,-0.13270145652958154,-0.05542675640331895
stress_medium,RiskBased,Greedy,true_violation_rate,-0.025390697265697263,-0.061834346209346205,0.012194634069634065
stress_medium,RiskBased,Myopic,true_violation_rate,-0.05032586200349359,-0.0923110629319511,-0.007258706662489561
stress_medium,RiskBased,Decrease20,true_violation_rate,0.12295640519324731,0.07876269883260018,0.17900489845802342
stress_medium,Static,Greedy,value,-407.344389017829,-522.2179105604697,-280.28208167277796
stress_medium,Static,Myopic,value,-287.4414659304519,-430.08894173275235,-132.30264049622028
stress_medium,Static,Decrease20,value,-1254.3261387397165,-1426.1148603395561,-1075.5599612072801
stress_medium,Static,Greedy,loss,436.2669989634898,307.99963103119507,548.7420040209847
stress_medium,Static,Myopic,loss,335.0625402778931,175.42108623131088,490.9055675825703
stress_medium,Static,Decrease20,loss,1576.6368501201857,1406.3134781113947,1747.9231680418336
stress_medium,Static,Greedy,default_rate,0.020833333333333332,0.0034722222222222238,0.041666666666666664
stress_medium,Static,Myopic,default_rate,-0.02430555555555555,-0.0486111111111111,-0.001649305555555631
stress_medium,Static,Decrease20,default_rate,-0.031249999999999997,-0.05902777777777779,-0.003472222222222212
stress_medium,Static,Greedy,el_violation_rate,0.031143046768046755,-0.018474458122895634,0.08268704674954667
stress_medium,Static,Myopic,el_violation_rate,0.09215371920964026,0.04199540636629451,0.13270440839314193
stress_medium,Static,Decrease20,el_violation_rate,0.41923644094696727,0.36234539187664194,0.47790216872248126
stress_medium,Static,Greedy,true_violation_rate,0.07337222962222963,0.04385257393069895,0.09732687017843268
stress_medium,Static,Myopic,true_violation_rate,0.04843706488443331,0.01698451858813701,0.07855668903160679
stress_medium,Static,Decrease20,true_violation_rate,0.2217193320811742,0.17870483827515082,0.2634380340054682
stress_tight,BufferedRiskBased,Static,value,648.0828481189036,540.141396571205,760.552718601493
stress_tight,BufferedRiskBased,Greedy,value,160.69844292297623,63.351598728437665,258.34544275651865
stress_tight,BufferedRiskBased,Myopic,value,-23.373046074657683,-90.72570759980243,51.71491521144622
stress_tight,BufferedRiskBased,Decrease20,value,-606.2432906208129,-705.1984984309048,-504.18003759879883
stress_tight,BufferedRiskBased,Static,loss,-750.8017597528433,-862.6131535637323,-640.6604523767744
stress_tight,BufferedRiskBased,Greedy,loss,-210.67313849027946,-309.0533190537157,-111.23980937531735
stress_tight,BufferedRiskBased,Myopic,loss,27.436446166121225,-57.04154478778866,103.60071753713576
stress_tight,BufferedRiskBased,Decrease20,loss,825.8350903673423,735.5800392510383,922.582401953314
stress_tight,BufferedRiskBased,Static,default_rate,0.027777777777777766,0.006944444444444434,0.048611111111111105
stress_tight,BufferedRiskBased,Greedy,default_rate,0.03472222222222222,0.013888888888888892,0.055555555555555546
stress_tight,BufferedRiskBased,Myopic,default_rate,-0.003472222222222219,-0.01736111111111112,0.010416666666666676
stress_tight,BufferedRiskBased,Decrease20,default_rate,-0.0034722222222222285,-0.03125000000000001,0.02430555555555555
stress_tight,BufferedRiskBased,Static,el_violation_rate,-0.14318783068783067,-0.20685763888888886,-0.0754505621693122
stress_tight,BufferedRiskBased,Greedy,el_violation_rate,-0.07538930976430976,-0.13716593013468012,-0.006432817760942755
stress_tight,BufferedRiskBased,Myopic,el_violation_rate,0.0042571225572386575,-0.04680254301118271,0.05209338130801945
stress_tight,BufferedRiskBased,Decrease20,el_violation_rate,0.332272080380633,0.2678279753567583,0.4028041070619196
stress_tight,BufferedRiskBased,Static,true_violation_rate,-0.038002795815295816,-0.08989025297619048,0.017212771314333807
stress_tight,BufferedRiskBased,Greedy,true_violation_rate,0.021109908609908606,-0.03308118386243387,0.08146806607744095
stress_tight,BufferedRiskBased,Myopic,true_violation_rate,0.016247596501079476,-0.037609210159036004,0.062045005281024974
stress_tight,BufferedRiskBased,Decrease20,true_violation_rate,0.15894373961808173,0.09296652421652424,0.2164372764783949
stress_tight,Decrease20,Static,value,1254.3261387397165,1075.55996120728,1426.1148603395561
stress_tight,Decrease20,Greedy,value,766.9417335437892,632.2512765372805,908.0774991564072
stress_tight,Decrease20,Myopic,value,582.8702445461553,480.63438232280726,677.4528089154585
stress_tight,Decrease20,Static,loss,-1576.6368501201857,-1747.9231680418336,-1406.313478111395
stress_tight,Decrease20,Greedy,loss,-1036.5082288576216,-1188.6306047828298,-905.4213505784384
stress_tight,Decrease20,Myopic,loss,-798.398644201221,-893.7975326852932,-707.4374070641751
stress_tight,Decrease20,Static,default_rate,0.031249999999999997,0.003472222222222212,0.05902777777777779
stress_tight,Decrease20,Greedy,default_rate,0.03819444444444445,0.010416666666666664,0.06597222222222224
stress_tight,Decrease20,Myopic,default_rate,9.25185853854297e-18,-0.026128472222222202,0.027777777777777787
stress_tight,Decrease20,Static,el_violation_rate,-0.4754599110684638,-0.5535459110973092,-0.4022917317057943
stress_tight,Decrease20,Greedy,el_violation_rate,-0.40766139014494285,-0.4844537144598822,-0.32743460966117227
stress_tight,Decrease20,Myopic,el_violation_rate,-0.32801495782339435,-0.39208599855489373,-0.25929356149920196
stress_tight,Decrease20,Static,true_violation_rate,-0.19694653543337756,-0.25937117965489676,-0.12380335627457346
stress_tight,Decrease20,Greedy,true_violation_rate,-0.13783383100817315,-0.2024309916600213,-0.06697296010823973
stress_tight,Decrease20,Myopic,true_violation_rate,-0.14269614311700227,-0.2068471677459681,-0.07735451179421285
stress_tight,Greedy,Static,value,487.3844051959274,374.9998277022427,596.3276659807972
stress_tight,Greedy,Myopic,value,-184.07148899763388,-274.0015300598557,-111.07531389803144
stress_tight,Greedy,Decrease20,value,-766.9417335437892,-908.0774991564074,-632.2512765372805
stress_tight,Greedy,Static,loss,-540.1286212625639,-656.5928925861057,-416.98009658941334
stress_tight,Greedy,Myopic,loss,238.1095846564007,155.7036453330818,336.02308411009864
stress_tight,Greedy,Decrease20,loss,1036.5082288576216,905.4213505784384,1188.6306047828298
stress_tight,Greedy,Static,default_rate,-0.006944444444444452,-0.020833333333333343,0.006944444444444438
stress_tight,Greedy,Myopic,default_rate,-0.03819444444444444,-0.05902777777777777,-0.0173611111111111
stress_tight,Greedy,Decrease20,default_rate,-0.03819444444444445,-0.06597222222222224,-0.010416666666666664
stress_tight,Greedy,Static,el_violation_rate,-0.06779852092352094,-0.11380884740259742,-0.02278194895382397
stress_tight,Greedy,Myopic,el_violation_rate,0.0796464323215484,0.031012956252410566,0.12406098561526192
stress_tight,Greedy,Decrease20,el_violation_rate,0.40766139014494285,0.32743460966117216,0.48445371445988217
stress_tight,Greedy,Static,true_violation_rate,-0.05911270442520442,-0.09067892466329966,-0.02571614583333334
stress_tight,Greedy,Myopic,true_violation_rate,-0.0048623121088291294,-0.043514760872297636,0.03579916041990345
stress_tight,Greedy,Decrease20,true_violation_rate,0.13783383100817315,0.06697296010823972,0.2024309916600213
stress_tight,Myopic,Static,value,671.4558941935612,527.6478003846937,814.3331283427282
stress_tight,Myopic,Greedy,value,184.07148899763388,111.07531389803144,274.0015300598557
stress_tight,Myopic,Decrease20,value,-582.8702445461553,-677.4528089154585,-480.63438232280726
stress_tight,Myopic,Static,loss,-778.2382059189646,-927.6323128196152,-624.8353746592148
stress_tight,Myopic,Greedy,loss,-238.1095846564007,-336.0230841100987,-155.7036453330818
stress_tight,Myopic,Decrease20,loss,798.398644201221,707.437407064175,893.797532685293
stress_tight,Myopic,Static,default_rate,0.031249999999999986,0.006944444444444438,0.055555555555555525
stress_tight,Myopic,Greedy,default_rate,0.03819444444444444,0.0173611111111111,0.05902777777777777
stress_tight,Myopic,Decrease20,default_rate,-9.25185853854297e-18,-0.027777777777777787,0.02612847222222213
stress_tight,Myopic,Static,el_violation_rate,-0.14744495324506934,-0.20506254451566952,-0.08346158588394469
stress_tight,Myopic,Greedy,el_violation_rate,-0.0796464323215484,-0.12406098561526192,-0.0310129562524106
stress_tight,Myopic,Decrease20,el_violation_rate,0.32801495782339435,0.25929356149920196,0.39208599855489373
stress_tight,Myopic,Static,true_violation_rate,-0.05425039231637529,-0.11057215396599587,-0.0016436461894085849
stress_tight,Myopic,Greedy,true_violation_rate,0.0048623121088291294,-0.03579916041990346,0.04351476087229761
stress_tight,Myopic,Decrease20,true_violation_rate,0.14269614311700227,0.07735451179421285,0.206847167745968
stress_tight,PPO_hard,Static,value,1081.0235540566132,892.5740080015778,1297.3331564059508
stress_tight,PPO_hard,Greedy,value,593.6391488606857,428.62062190588034,789.1727221351214
stress_tight,PPO_hard,Myopic,value,409.5676598630519,253.79248127409485,573.2473669551487
stress_tight,PPO_hard,Decrease20,value,-173.3025846831033,-310.85848062437094,0.0
stress_tight,PPO_hard,Static,loss,-1309.0795539213436,-1577.4634106861508,-1071.0739402551817
stress_tight,PPO_hard,Greedy,loss,-768.9509326587796,-1021.0717781854463,-555.4566597304655
stress_tight,PPO_hard,Myopic,loss,-530.8413480023788,-785.9612191904533,-327.2679787036655
stress_tight,PPO_hard,Decrease20,loss,267.55729619884215,0.0,442.95503178429004
stress_tight,PPO_hard,Static,default_rate,0.031249999999999986,0.0063368055555555435,0.05555555555555555
stress_tight,PPO_hard,Greedy,default_rate,0.03819444444444445,0.01388888888888889,0.06481481481481483
stress_tight,PPO_hard,Myopic,default_rate,3.0839528461809902e-18,-0.018518518518518507,0.017361111111111105
stress_tight,PPO_hard,Decrease20,default_rate,-6.1679056923619804e-18,-0.021990740740740755,0.02430555555555554
stress_tight,PPO_hard,Static,el_violation_rate,-0.3547802110576234,-0.47385773466502634,-0.25269866370126787
stress_tight,PPO_hard,Greedy,el_violation_rate,-0.2869816901341024,-0.41872346586162373,-0.17858138678451177
stress_tight,PPO_hard,Myopic,el_violation_rate,-0.20733525781255402,-0.3227358683777189,-0.1112779850456418
stress_tight,PPO_hard,Decrease20,el_violation_rate,0.12067970001084036,0.0,0.22090605574980576
stress_tight,PPO_hard,Static,true_violation_rate,-0.13306910357348956,-0.21059055804190124,-0.06630635038187126
stress_tight,PPO_hard,Greedy,true_violation_rate,-0.07395639914828514,-0.1474646201599327,-0.009422112416904145
stress_tight,PPO_hard,Myopic,true_violation_rate,-0.07881871125711426,-0.1582743921106199,-0.019159418086106383
stress_tight,PPO_hard,Decrease20,true_violation_rate,0.06387743185988799,0.0,0.13534465514180424
stress_tight,PPO_penalty,Static,value,1254.8358818774732,1084.1987606806779,1426.2728275945315
stress_tight,PPO_penalty,Greedy,value,767.4514766815458,639.328122010606,901.2930433888718
stress_tight,PPO_penalty,Myopic,value,583.379987683912,483.5394497664382,675.7167642560653
stress_tight,PPO_penalty,Decrease20,value,0.5097431377567005,-0.16184578997911103,1.5185845901092019
stress_tight,PPO_penalty,Static,loss,-1577.3329346381315,-1752.6967595995131,-1411.9029609917459
stress_tight,PPO_penalty,Greedy,loss,-1037.2043133755676,-1186.000651025873,-898.841862321712
stress_tight,PPO_penalty,Myopic,loss,-799.094728719167,-897.738781213579,-709.7531919877184
stress_tight,PPO_penalty,Decrease20,loss,-0.6960845179459435,-1.7488108776171885,0.0
stress_tight,PPO_penalty,Static,default_rate,0.031249999999999993,2.9297552038719493e-18,0.059027777777777776
stress_tight,PPO_penalty,Greedy,default_rate,0.03819444444444445,0.006944444444444452,0.06944444444444445
stress_tight,PPO_penalty,Myopic,default_rate,9.25185853854297e-18,-0.026128472222222213,0.02612847222222216
stress_tight,PPO_penalty,Decrease20,default_rate,0.0,0.0,0.0
stress_tight,PPO_penalty,Static,el_violation_rate,-0.4754599110684638,-0.5422079998765854,-0.3995129653332779
stress_tight,PPO_penalty,Greedy,el_violation_rate,-0.4076613901449428,-0.48435221873338646,-0.3298830486947264
stress_tight,PPO_penalty,Myopic,el_violation_rate,-0.3280149578233944,-0.3897062855194628,-0.2586074775918527
stress_tight,PPO_penalty,Decrease20,el_violation_rate,0.0,0.0,0.0
stress_tight,PPO_penalty,Static,true_violation_rate,-0.19694653543337756,-0.2631114201344465,-0.12519180145208111
stress_tight,PPO_penalty,Greedy,true_violation_rate,-0.13783383100817315,-0.20173073522785695,-0.07011440199968165
stress_tight,PPO_penalty,Myopic,true_violation_rate,-0.1426961431170023,-0.2092475637788138,-0.0781575552715259
stress_tight,PPO_penalty,Decrease20,true_violation_rate,0.0,0.0,0.0
stress_tight,PPO_unconstrained,Static,value,1254.8358818774732,1084.1987606806779,1426.2728275945315
stress_tight,PPO_unconstrained,Greedy,value,767.4514766815458,639.328122010606,901.2930433888718
stress_tight,PPO_unconstrained,Myopic,value,583.379987683912,483.5394497664382,675.7167642560653
stress_tight,PPO_unconstrained,Decrease20,value,0.5097431377567005,-0.16184578997911103,1.5185845901092019
stress_tight,PPO_unconstrained,Static,loss,-1577.3329346381315,-1752.6967595995131,-1411.9029609917459
stress_tight,PPO_unconstrained,Greedy,loss,-1037.2043133755676,-1186.000651025873,-898.841862321712
stress_tight,PPO_unconstrained,Myopic,loss,-799.094728719167,-897.738781213579,-709.7531919877184
stress_tight,PPO_unconstrained,Decrease20,loss,-0.6960845179459435,-1.7488108776171885,0.0
stress_tight,PPO_unconstrained,Static,default_rate,0.031249999999999993,2.9297552038719493e-18,0.059027777777777776
stress_tight,PPO_unconstrained,Greedy,default_rate,0.03819444444444445,0.006944444444444452,0.06944444444444445
stress_tight,PPO_unconstrained,Myopic,default_rate,9.25185853854297e-18,-0.026128472222222213,0.02612847222222216
stress_tight,PPO_unconstrained,Decrease20,default_rate,0.0,0.0,0.0
stress_tight,PPO_unconstrained,Static,el_violation_rate,-0.4754599110684638,-0.5422079998765854,-0.3995129653332779
stress_tight,PPO_unconstrained,Greedy,el_violation_rate,-0.4076613901449428,-0.48435221873338646,-0.3298830486947264
stress_tight,PPO_unconstrained,Myopic,el_violation_rate,-0.3280149578233944,-0.3897062855194628,-0.2586074775918527
stress_tight,PPO_unconstrained,Decrease20,el_violation_rate,0.0,0.0,0.0
stress_tight,PPO_unconstrained,Static,true_violation_rate,-0.19694653543337756,-0.2631114201344465,-0.12519180145208111
stress_tight,PPO_unconstrained,Greedy,true_violation_rate,-0.13783383100817315,-0.20173073522785695,-0.07011440199968165
stress_tight,PPO_unconstrained,Myopic,true_violation_rate,-0.1426961431170023,-0.2092475637788138,-0.0781575552715259
stress_tight,PPO_unconstrained,Decrease20,true_violation_rate,0.0,0.0,0.0
stress_tight,RiskBased,Static,value,648.0828481189036,540.141396571205,760.552718601493
stress_tight,RiskBased,Greedy,value,160.69844292297623,63.351598728437665,258.34544275651865
stress_tight,RiskBased,Myopic,value,-23.373046074657683,-90.72570759980243,51.71491521144622
stress_tight,RiskBased,Decrease20,value,-606.2432906208129,-705.1984984309048,-504.18003759879883
stress_tight,RiskBased,Static,loss,-750.8017597528433,-862.6131535637323,-640.6604523767744
stress_tight,RiskBased,Greedy,loss,-210.67313849027946,-309.0533190537157,-111.23980937531735
stress_tight,RiskBased,Myopic,loss,27.436446166121225,-57.04154478778866,103.60071753713576
stress_tight,RiskBased,Decrease20,loss,825.8350903673423,735.5800392510383,922.582401953314
stress_tight,RiskBased,Static,default_rate,0.027777777777777766,0.006944444444444434,0.048611111111111105
stress_tight,RiskBased,Greedy,default_rate,0.03472222222222222,0.013888888888888892,0.055555555555555546
stress_tight,RiskBased,Myopic,default_rate,-0.003472222222222219,-0.01736111111111112,0.010416666666666676
stress_tight,RiskBased,Decrease20,default_rate,-0.0034722222222222285,-0.03125000000000001,0.02430555555555555
stress_tight,RiskBased,Static,el_violation_rate,-0.14318783068783067,-0.20685763888888886,-0.0754505621693122
stress_tight,RiskBased,Greedy,el_violation_rate,-0.07538930976430976,-0.13716593013468012,-0.006432817760942755
stress_tight,RiskBased,Myopic,el_violation_rate,0.0042571225572386575,-0.04680254301118271,0.05209338130801945
stress_tight,RiskBased,Decrease20,el_violation_rate,0.332272080380633,0.2678279753567583,0.4028041070619196
stress_tight,RiskBased,Static,true_violation_rate,-0.038002795815295816,-0.08989025297619048,0.017212771314333807
stress_tight,RiskBased,Greedy,true_violation_rate,0.021109908609908606,-0.03308118386243387,0.08146806607744095
stress_tight,RiskBased,Myopic,true_violation_rate,0.016247596501079476,-0.037609210159036004,0.062045005281024974
stress_tight,RiskBased,Decrease20,true_violation_rate,0.15894373961808173,0.09296652421652424,0.2164372764783949
stress_tight,Static,Greedy,value,-487.3844051959274,-596.3276659807973,-374.9998277022427
stress_tight,Static,Myopic,value,-671.4558941935612,-814.3331283427282,-527.6478003846937
stress_tight,Static,Decrease20,value,-1254.3261387397165,-1426.1148603395561,-1075.5599612072801
stress_tight,Static,Greedy,loss,540.1286212625639,416.98009658941334,656.5928925861057
stress_tight,Static,Myopic,loss,778.2382059189646,624.8353746592148,927.6323128196152
stress_tight,Static,Decrease20,loss,1576.6368501201857,1406.3134781113947,1747.9231680418336
stress_tight,Static,Greedy,default_rate,0.006944444444444452,-0.006944444444444438,0.020833333333333343
stress_tight,Static,Myopic,default_rate,-0.031249999999999986,-0.055555555555555525,-0.006944444444444438
stress_tight,Static,Decrease20,default_rate,-0.031249999999999997,-0.05902777777777779,-0.003472222222222212
stress_tight,Static,Greedy,el_violation_rate,0.06779852092352094,0.02278194895382397,0.11380884740259739
stress_tight,Static,Myopic,el_violation_rate,0.14744495324506934,0.08346158588394464,0.20506254451566952
stress_tight,Static,Decrease20,el_violation_rate,0.4754599110684638,0.40229173170579424,0.5535459110973091
stress_tight,Static,Greedy,true_violation_rate,0.05911270442520442,0.025716145833333325,0.09067892466329963
stress_tight,Static,Myopic,true_violation_rate,0.05425039231637529,0.0016436461894085818,0.11057215396599587
stress_tight,Static,Decrease20,true_violation_rate,0.19694653543337756,0.12380335627457341,0.25937117965489676
