feature,importance
utilization,0.6667669755406365
internal_score,0.1166803225193119
debt_to_income,0.06532013069540177
delinquency_30d,0.036027725780497774
late_payments_6m,0.02685544134469299
macro_unemployment,0.02014529105740609
tenure_months,0.01816929341098765
monthly_spend,0.015619104963352233
macro_inflation,0.014248530503415508
macro_policy_rate,0.012961476131557764
income,0.007205708052739824
